effect_scale,trait_family,trait_value,variable,variable_label,atlas,atlas_numeric,period,n_species,mean_weighted_beta_value,median_weighted_beta_value,mean_abs_weighted_beta_value,median_abs_weighted_beta_value,supported_positive_share,supported_negative_share,unsupported_share
Unscaled beta,All species,All species,hh,"Habitat
heterogeneity",1,1,1970s,157,0.4248293676697471,0.23160549724103296,0.48798044841698063,0.29918191103442043,0.34394904458598724,0.01910828025477707,0.6369426751592356
Unscaled beta,All species,All species,hh,"Habitat
heterogeneity",2,2,1990s,157,0.7696408858995643,0.7053751209648492,0.7801649448847946,0.7053751209648492,0.6114649681528662,0,0.3885350318471338
Unscaled beta,All species,All species,hh,"Habitat
heterogeneity",3,3,2010s,157,0.6477815909779712,0.5995726088394187,0.6722286724040383,0.5995726088394187,0.5286624203821656,0.006369426751592357,0.46496815286624205
Unscaled beta,All species,All species,perc_cropland,Cropland,1,1,1970s,157,0.08826552696041233,0.21881103523382747,0.6442125115337012,0.5331911982477711,0.37579617834394907,0.19745222929936307,0.4267515923566879
Unscaled beta,All species,All species,perc_cropland,Cropland,2,2,1990s,157,0.12378235230986914,0.18197426278423268,0.7254608351607208,0.571691405223301,0.3821656050955414,0.17834394904458598,0.4394904458598726
Unscaled beta,All species,All species,perc_cropland,Cropland,3,3,2010s,157,0.10335659228319426,0.12895651956569262,0.7686336364571393,0.677802333708445,0.4012738853503185,0.22929936305732485,0.36942675159235666
Unscaled beta,All species,All species,perc_forest,Forest,1,1,1970s,157,0.7229278504888437,0.8413123612789486,1.4192032325274067,1.2863774422447667,0.5605095541401274,0.15286624203821655,0.28662420382165604
Unscaled beta,All species,All species,perc_forest,Forest,2,2,1990s,157,0.7802456532543172,0.8684306421198087,1.540654840170447,1.245205623947594,0.554140127388535,0.15286624203821655,0.2929936305732484
Unscaled beta,All species,All species,perc_forest,Forest,3,3,2010s,157,0.7194241426507203,0.8058482924334618,1.5283938306461677,1.300442882314561,0.5286624203821656,0.19745222929936307,0.27388535031847133
Unscaled beta,All species,All species,perc_grass_shrub,"Grass/
shrubland",1,1,1970s,157,0.46046035447843475,0.3637457668034034,0.8415740635834404,0.5738253442301338,0.21019108280254778,0.03821656050955414,0.7515923566878981
Unscaled beta,All species,All species,perc_grass_shrub,"Grass/
shrubland",2,2,1990s,157,0.3943124773500893,0.19973863750676923,0.9355142261365132,0.6061771765667542,0.2611464968152866,0.07643312101910828,0.6624203821656051
Unscaled beta,All species,All species,perc_grass_shrub,"Grass/
shrubland",3,3,2010s,157,0.06763570539724428,0.09901909448221768,1.1977419475796145,0.7871888478830275,0.21656050955414013,0.17834394904458598,0.6050955414012739
Unscaled beta,All species,All species,perc_pasture,Pasture,1,1,1970s,157,0.32611161333682487,0.1380106402130306,0.600208662821284,0.4054977836741555,0.21019108280254778,0.050955414012738856,0.7388535031847133
Unscaled beta,All species,All species,perc_pasture,Pasture,2,2,1990s,157,0.3066916905408575,0.12121091070791958,0.9976991555802254,0.8664456280656877,0.33121019108280253,0.1337579617834395,0.535031847133758
Unscaled beta,All species,All species,perc_pasture,Pasture,3,3,2010s,157,0.9762305012065039,0.788805001180197,1.2330352642145983,0.9406734377797195,0.46496815286624205,0.044585987261146494,0.49044585987261147
Unscaled beta,All species,All species,perc_urban,Urban,1,1,1970s,157,0.17174116535407194,0.10275383601144966,1.1409876245491104,0.9336555946012652,0.37579617834394907,0.21019108280254778,0.4140127388535032
Unscaled beta,All species,All species,perc_urban,Urban,2,2,1990s,157,0.27175341372358597,0.1976620544693393,1.1069055006140773,0.9390277894210471,0.39490445859872614,0.1910828025477707,0.4140127388535032
Unscaled beta,All species,All species,perc_urban,Urban,3,3,2010s,157,0.4273355636883132,0.13432402981602148,1.2417902061722272,1.107012833013218,0.45222929936305734,0.1910828025477707,0.35668789808917195
Unscaled beta,All species,All species,prec_breeding,Precipitation,1,1,1970s,157,-0.0060996796723616605,-0.005605337684520172,0.013377309779262084,0.011704857477967436,0.1337579617834395,0.42038216560509556,0.445859872611465
Unscaled beta,All species,All species,prec_breeding,Precipitation,2,2,1990s,157,-0.007080315514741802,-0.006449267458135115,0.008888729444744534,0.007824885325288283,0.05732484076433121,0.45222929936305734,0.49044585987261147
Unscaled beta,All species,All species,prec_breeding,Precipitation,3,3,2010s,157,-0.0051202349401912985,-0.004644316483538166,0.008237606521895272,0.006784022620913073,0.12101910828025478,0.43312101910828027,0.445859872611465
Unscaled beta,All species,All species,tmean_breeding,Temperature,1,1,1970s,157,0.5202591987967364,0.25048075679617127,0.8940946136646309,0.5841644208316099,0.42038216560509556,0.1464968152866242,0.43312101910828027
Unscaled beta,All species,All species,tmean_breeding,Temperature,2,2,1990s,157,0.4194835690267959,0.25878574656783476,0.8641473056171396,0.5854129254830454,0.3885350318471338,0.17834394904458598,0.43312101910828027
Unscaled beta,All species,All species,tmean_breeding,Temperature,3,3,2010s,157,0.5576255363819768,0.26057829758958484,0.7541825619103839,0.48569569538201746,0.36942675159235666,0.05732484076433121,0.5732484076433121
Unscaled beta,Foraging guild,Aerial insectivores,hh,"Habitat
heterogeneity",1,1,1970s,4,-0.20173074850916375,-0.3597427351469302,0.4532442145385385,0.4508128808484372,0.25,0.5,0.25
Unscaled beta,Foraging guild,Aerial insectivores,hh,"Habitat
heterogeneity",2,2,1990s,4,0.7088746712875257,0.7361586140136948,0.7088746712875257,0.7361586140136948,0.75,0,0.25
Unscaled beta,Foraging guild,Aerial insectivores,hh,"Habitat
heterogeneity",3,3,2010s,4,0.14749372821947893,0.13071790668891442,0.38332405225141597,0.36654823072085146,0.25,0.25,0.5
Unscaled beta,Foraging guild,Aerial insectivores,perc_cropland,Cropland,1,1,1970s,4,0.7130885323995427,0.6832118785892545,0.7130885323995427,0.6832118785892545,1,0,0
Unscaled beta,Foraging guild,Aerial insectivores,perc_cropland,Cropland,2,2,1990s,4,0.7935967408648876,0.7770542251516307,0.7935967408648876,0.7770542251516307,0.75,0,0.25
Unscaled beta,Foraging guild,Aerial insectivores,perc_cropland,Cropland,3,3,2010s,4,0.16777224134168664,0.3022324583413528,0.5062149728176324,0.5189342976004111,0.25,0.25,0.5
Unscaled beta,Foraging guild,Aerial insectivores,perc_forest,Forest,1,1,1970s,4,1.0438746626287658,1.0223168801853597,1.0438746626287658,1.0223168801853597,0.75,0,0.25
Unscaled beta,Foraging guild,Aerial insectivores,perc_forest,Forest,2,2,1990s,4,0.44450112712001755,0.5546818393994247,0.6197821561443546,0.5844448757746967,0.5,0,0.5
Unscaled beta,Foraging guild,Aerial insectivores,perc_forest,Forest,3,3,2010s,4,0.018798550395812547,0.020552204511899205,0.32076158133252136,0.32251523544860805,0.25,0.25,0.5
Unscaled beta,Foraging guild,Aerial insectivores,perc_grass_shrub,"Grass/
shrubland",1,1,1970s,4,1.2298514936736984,1.267780165478833,1.2298514936736984,1.267780165478833,0.75,0,0.25
Unscaled beta,Foraging guild,Aerial insectivores,perc_grass_shrub,"Grass/
shrubland",2,2,1990s,4,0.18387513512390602,0.18394522909709135,0.18387513512390602,0.18394522909709135,0,0,1
Unscaled beta,Foraging guild,Aerial insectivores,perc_grass_shrub,"Grass/
shrubland",3,3,2010s,4,0.8319024643714591,0.6109663088949225,0.8319024643714591,0.6109663088949225,0.25,0,0.75
Unscaled beta,Foraging guild,Aerial insectivores,perc_pasture,Pasture,1,1,1970s,4,-0.11685204399078625,0.10554859701407027,0.44899568052148087,0.3321436365306946,0,0.25,0.75
Unscaled beta,Foraging guild,Aerial insectivores,perc_pasture,Pasture,2,2,1990s,4,0.2827656203155173,0.48594872736119965,0.7189572675350557,0.9221403745807382,0.5,0.25,0.25
Unscaled beta,Foraging guild,Aerial insectivores,perc_pasture,Pasture,3,3,2010s,4,-0.4104678062282291,-0.04237487545770944,0.46882109311875286,0.0897007169578936,0,0.25,0.75
Unscaled beta,Foraging guild,Aerial insectivores,perc_urban,Urban,1,1,1970s,4,1.760425105133748,1.892746701986816,1.760425105133748,1.892746701986816,0.75,0,0.25
Unscaled beta,Foraging guild,Aerial insectivores,perc_urban,Urban,2,2,1990s,4,1.2966622674002448,0.8657891067106601,1.2966622674002448,0.8657891067106601,0.5,0,0.5
Unscaled beta,Foraging guild,Aerial insectivores,perc_urban,Urban,3,3,2010s,4,1.0472606738463164,0.8049324228429857,1.2906391411085192,1.032866898165071,0.5,0.25,0.25
Unscaled beta,Foraging guild,Aerial insectivores,prec_breeding,Precipitation,1,1,1970s,4,-0.006274395570196046,-0.005188649314021562,0.006629971278890286,0.005188649314021562,0,0.25,0.75
Unscaled beta,Foraging guild,Aerial insectivores,prec_breeding,Precipitation,2,2,1990s,4,-0.0023344562179838544,-0.00104953943931208,0.0053291143867980045,0.003659504026192381,0,0.25,0.75
Unscaled beta,Foraging guild,Aerial insectivores,prec_breeding,Precipitation,3,3,2010s,4,-0.003593679061925488,-0.003482588179408898,0.004241763388584049,0.003482588179408898,0,0.25,0.75
Unscaled beta,Foraging guild,Aerial insectivores,tmean_breeding,Temperature,1,1,1970s,4,0.24096694547497832,0.2403471163990179,0.24145748717647922,0.2403471163990179,0.25,0,0.75
Unscaled beta,Foraging guild,Aerial insectivores,tmean_breeding,Temperature,2,2,1990s,4,-0.11669218839488942,-0.20791465984191998,0.3449083018493745,0.43613077329640504,0.25,0.5,0.25
Unscaled beta,Foraging guild,Aerial insectivores,tmean_breeding,Temperature,3,3,2010s,4,0.12146561031157337,0.14268228546346934,0.12151939466980533,0.14268228546346934,0,0,1
Unscaled beta,Foraging guild,Aquatic pursuers,hh,"Habitat
heterogeneity",1,1,1970s,6,0.9700121801238191,0.5006079203504167,0.9872655719629354,0.5006079203504167,0.5,0,0.5
Unscaled beta,Foraging guild,Aquatic pursuers,hh,"Habitat
heterogeneity",2,2,1990s,6,1.258396037057953,0.6008170863523903,1.258396037057953,0.6008170863523903,0.6666666666666666,0,0.3333333333333333
Unscaled beta,Foraging guild,Aquatic pursuers,hh,"Habitat
heterogeneity",3,3,2010s,6,1.2068334094651858,0.7747561040097288,1.2068334094651858,0.7747561040097288,0.6666666666666666,0,0.3333333333333333
Unscaled beta,Foraging guild,Aquatic pursuers,perc_cropland,Cropland,1,1,1970s,6,-0.11898934747409876,0.2231013884826371,0.6995068095162644,0.6476748045806113,0.16666666666666666,0.3333333333333333,0.5
Unscaled beta,Foraging guild,Aquatic pursuers,perc_cropland,Cropland,2,2,1990s,6,-0.20209358622420912,0.0720134843179547,0.5812122380468144,0.38458056742466473,0.16666666666666666,0.16666666666666666,0.6666666666666666
Unscaled beta,Foraging guild,Aquatic pursuers,perc_cropland,Cropland,3,3,2010s,6,-0.24093240619834785,-0.004434837541237478,0.5697959962190118,0.48839844347723954,0.16666666666666666,0.3333333333333333,0.5
Unscaled beta,Foraging guild,Aquatic pursuers,perc_forest,Forest,1,1,1970s,6,0.062187128658275435,1.033953894643912,1.6135485983563598,1.479649695878041,0.6666666666666666,0.3333333333333333,0
Unscaled beta,Foraging guild,Aquatic pursuers,perc_forest,Forest,2,2,1990s,6,-0.01312983797239727,0.9316978425161866,1.4235872365943127,1.0186440831395265,0.6666666666666666,0.16666666666666666,0.16666666666666666
Unscaled beta,Foraging guild,Aquatic pursuers,perc_forest,Forest,3,3,2010s,6,-0.3818691226266936,0.4774102372810053,1.5642903956519447,1.2962216722568716,0.5,0.3333333333333333,0.16666666666666666
Unscaled beta,Foraging guild,Aquatic pursuers,perc_grass_shrub,"Grass/
shrubland",1,1,1970s,6,0.8802543340887653,1.8115349996663062,1.9129080346195002,1.9940014449090913,0.6666666666666666,0.16666666666666666,0.16666666666666666
Unscaled beta,Foraging guild,Aquatic pursuers,perc_grass_shrub,"Grass/
shrubland",2,2,1990s,6,-0.20479295218858842,0.6806135828246153,1.9375494544299283,1.918521170537395,0.3333333333333333,0.3333333333333333,0.3333333333333333
Unscaled beta,Foraging guild,Aquatic pursuers,perc_grass_shrub,"Grass/
shrubland",3,3,2010s,6,-0.7281600834485359,0.008041098913499809,1.2131126987820948,0.709728625112947,0,0.3333333333333333,0.6666666666666666
Unscaled beta,Foraging guild,Aquatic pursuers,perc_pasture,Pasture,1,1,1970s,6,0.22601630001969938,0.7707992958747887,1.134036086941222,1.0099083593390916,0.5,0.16666666666666666,0.3333333333333333
Unscaled beta,Foraging guild,Aquatic pursuers,perc_pasture,Pasture,2,2,1990s,6,-0.22899555745223443,0.9315549428930081,2.0981012852389136,1.8721036487870104,0.5,0.3333333333333333,0.16666666666666666
Unscaled beta,Foraging guild,Aquatic pursuers,perc_pasture,Pasture,3,3,2010s,6,0.5060869068866419,1.4277758230697284,2.0973446625988377,2.096358019448312,0.6666666666666666,0.3333333333333333,0
Unscaled beta,Foraging guild,Aquatic pursuers,perc_urban,Urban,1,1,1970s,6,-0.25532353530570434,0.8200400134741744,1.6599938900255828,1.2869655186056437,0.6666666666666666,0.3333333333333333,0
Unscaled beta,Foraging guild,Aquatic pursuers,perc_urban,Urban,2,2,1990s,6,-0.01582468015123547,1.2207883196167637,1.9194831720177394,1.6346994181829926,0.6666666666666666,0.3333333333333333,0
Unscaled beta,Foraging guild,Aquatic pursuers,perc_urban,Urban,3,3,2010s,6,-0.1664519362067921,1.1332626261401826,2.0848059631721214,1.7442684143078113,0.6666666666666666,0.3333333333333333,0
Unscaled beta,Foraging guild,Aquatic pursuers,prec_breeding,Precipitation,1,1,1970s,6,-0.009013551612228813,-0.004172102449241676,0.010913929131748611,0.006781876052669076,0,0.3333333333333333,0.6666666666666666
Unscaled beta,Foraging guild,Aquatic pursuers,prec_breeding,Precipitation,2,2,1990s,6,-0.001792371277532517,7.042608205040551e-5,0.005536999540398858,0.005292786686640814,0,0.3333333333333333,0.6666666666666666
Unscaled beta,Foraging guild,Aquatic pursuers,prec_breeding,Precipitation,3,3,2010s,6,-0.002439435977085707,-0.0038360745979583747,0.007070374692481068,0.007783117993612662,0.16666666666666666,0.5,0.3333333333333333
Unscaled beta,Foraging guild,Aquatic pursuers,tmean_breeding,Temperature,1,1,1970s,6,-0.006556857009889547,-0.10330222437491532,0.23975861240372204,0.21462895098543294,0.16666666666666666,0,0.8333333333333334
Unscaled beta,Foraging guild,Aquatic pursuers,tmean_breeding,Temperature,2,2,1990s,6,0.30672685832475616,0.19886656767029565,0.40215439486736926,0.3403048780319632,0.3333333333333333,0,0.6666666666666666
Unscaled beta,Foraging guild,Aquatic pursuers,tmean_breeding,Temperature,3,3,2010s,6,0.517504077843691,0.47109382300404784,0.517504077843691,0.47109382300404784,0.3333333333333333,0,0.6666666666666666
Unscaled beta,Foraging guild,Buntings,hh,"Habitat
heterogeneity",1,1,1970s,3,0.5101668600807919,0.39450337965656684,0.5101668600807919,0.39450337965656684,0.3333333333333333,0,0.6666666666666666
Unscaled beta,Foraging guild,Buntings,hh,"Habitat
heterogeneity",2,2,1990s,3,1.2272318064184944,1.1714124559334615,1.2272318064184944,1.1714124559334615,1,0,0
Unscaled beta,Foraging guild,Buntings,hh,"Habitat
heterogeneity",3,3,2010s,3,1.1971334622264826,1.432404201429532,1.1971334622264826,1.432404201429532,1,0,0
Unscaled beta,Foraging guild,Buntings,perc_cropland,Cropland,1,1,1970s,3,1.0124832398220758,1.509677512668576,1.0124832398220758,1.509677512668576,0.6666666666666666,0,0.3333333333333333
Unscaled beta,Foraging guild,Buntings,perc_cropland,Cropland,2,2,1990s,3,0.9935984236963084,1.110048480585283,0.9935984236963084,1.110048480585283,0.6666666666666666,0,0.3333333333333333
Unscaled beta,Foraging guild,Buntings,perc_cropland,Cropland,3,3,2010s,3,1.250635009895389,1.848337048076338,1.250635009895389,1.848337048076338,0.6666666666666666,0,0.3333333333333333
Unscaled beta,Foraging guild,Buntings,perc_forest,Forest,1,1,1970s,3,1.0695324001985347,1.1709473100186818,1.0695324001985347,1.1709473100186818,0.6666666666666666,0,0.3333333333333333
Unscaled beta,Foraging guild,Buntings,perc_forest,Forest,2,2,1990s,3,-0.02940045318426456,-0.04600281760692852,0.3283400429673144,0.4484093846745747,0,0.3333333333333333,0.6666666666666666
Unscaled beta,Foraging guild,Buntings,perc_forest,Forest,3,3,2010s,3,0.5147019274487394,-0.10498411013496953,0.9893025944950665,0.6069168904345211,0.3333333333333333,0.3333333333333333,0.3333333333333333
Unscaled beta,Foraging guild,Buntings,perc_grass_shrub,"Grass/
shrubland",1,1,1970s,3,1.060820049025692,1.0918161374242639,1.060820049025692,1.0918161374242639,0.6666666666666666,0,0.3333333333333333
Unscaled beta,Foraging guild,Buntings,perc_grass_shrub,"Grass/
shrubland",2,2,1990s,3,0.5699657237428657,0.05599075187574738,0.5699657237428657,0.05599075187574738,0.3333333333333333,0,0.6666666666666666
Unscaled beta,Foraging guild,Buntings,perc_grass_shrub,"Grass/
shrubland",3,3,2010s,3,0.5578673903626611,0.5185020983979592,0.5578673903626611,0.5185020983979592,0,0,1
Unscaled beta,Foraging guild,Buntings,perc_pasture,Pasture,1,1,1970s,3,-0.24547655648862152,-0.036121647657681576,0.24603279511484155,0.036121647657681576,0,0,1
Unscaled beta,Foraging guild,Buntings,perc_pasture,Pasture,2,2,1990s,3,0.23591041525814865,0.07719590070104365,0.4471598945143537,0.31687421888430745,0,0,1
Unscaled beta,Foraging guild,Buntings,perc_pasture,Pasture,3,3,2010s,3,0.2921768971250439,0.16346614348492047,1.1438645838618877,1.2775315301052657,0.3333333333333333,0.3333333333333333,0.3333333333333333
Unscaled beta,Foraging guild,Buntings,perc_urban,Urban,1,1,1970s,3,0.6497438987316257,0.719380100349223,0.6497438987316257,0.719380100349223,0.3333333333333333,0,0.6666666666666666
Unscaled beta,Foraging guild,Buntings,perc_urban,Urban,2,2,1990s,3,-0.12613638334857968,-0.04856107837270153,0.34040272767691804,0.3213995164925076,0,0,1
Unscaled beta,Foraging guild,Buntings,perc_urban,Urban,3,3,2010s,3,-0.21607374720087508,3.111897755087595e-4,0.23618781328711044,0.0298599093538443,0,0,1
Unscaled beta,Foraging guild,Buntings,prec_breeding,Precipitation,1,1,1970s,3,-0.019097323821633427,-0.01956391535813778,0.019097323821633427,0.01956391535813778,0,1,0
Unscaled beta,Foraging guild,Buntings,prec_breeding,Precipitation,2,2,1990s,3,-0.01274283875875934,-0.013497733260130016,0.01274283875875934,0.013497733260130016,0,1,0
Unscaled beta,Foraging guild,Buntings,prec_breeding,Precipitation,3,3,2010s,3,-0.011043741449093872,-0.01335983450672776,0.011043741449093872,0.01335983450672776,0,1,0
Unscaled beta,Foraging guild,Buntings,tmean_breeding,Temperature,1,1,1970s,3,1.037080118416722,1.2289677682930984,1.037080118416722,1.2289677682930984,0.6666666666666666,0,0.3333333333333333
Unscaled beta,Foraging guild,Buntings,tmean_breeding,Temperature,2,2,1990s,3,0.44447242162355455,0.4767244102322314,0.9233749415853384,0.7183537799426758,0.6666666666666666,0.3333333333333333,0
Unscaled beta,Foraging guild,Buntings,tmean_breeding,Temperature,3,3,2010s,3,0.9819517482443902,0.2992982337118165,0.9819517482443902,0.2992982337118165,0.3333333333333333,0,0.6666666666666666
Unscaled beta,Foraging guild,Columbids,hh,"Habitat
heterogeneity",1,1,1970s,4,0.02638196946540581,-0.0024386447947726732,0.03635989783283294,0.009590303458821652,0,0,1
Unscaled beta,Foraging guild,Columbids,hh,"Habitat
heterogeneity",2,2,1990s,4,0.7089828679686805,0.6816581693868533,0.7089828679686805,0.6816581693868533,0.5,0,0.5
Unscaled beta,Foraging guild,Columbids,hh,"Habitat
heterogeneity",3,3,2010s,4,0.5893851197476658,0.6023947844764865,0.5893851197476658,0.6023947844764865,0.25,0,0.75
Unscaled beta,Foraging guild,Columbids,perc_cropland,Cropland,1,1,1970s,4,0.0878079633016621,-0.07063983056679754,0.5334924599533761,0.44568449665171406,0.25,0,0.75
Unscaled beta,Foraging guild,Columbids,perc_cropland,Cropland,2,2,1990s,4,1.0545944659709172,1.283526396920289,1.0545944659709172,1.283526396920289,0.75,0,0.25
Unscaled beta,Foraging guild,Columbids,perc_cropland,Cropland,3,3,2010s,4,0.5601345872057334,0.5390105849220266,0.5601345872057334,0.5390105849220266,0.75,0,0.25
Unscaled beta,Foraging guild,Columbids,perc_forest,Forest,1,1,1970s,4,1.1510236903592526,0.9814918109094746,1.3625792083276704,0.9814918109094746,0.75,0,0.25
Unscaled beta,Foraging guild,Columbids,perc_forest,Forest,2,2,1990s,4,1.7333945210093824,2.0804100924096676,1.7333945210093824,2.0804100924096676,0.75,0,0.25
Unscaled beta,Foraging guild,Columbids,perc_forest,Forest,3,3,2010s,4,1.3737500694123361,1.6097297357634965,1.3737500694123361,1.6097297357634965,0.75,0,0.25
Unscaled beta,Foraging guild,Columbids,perc_grass_shrub,"Grass/
shrubland",1,1,1970s,4,0.09205477485730362,-0.0051842839816776225,0.23387023751417907,0.14181546265687545,0,0,1
Unscaled beta,Foraging guild,Columbids,perc_grass_shrub,"Grass/
shrubland",2,2,1990s,4,0.8688282337738409,0.7524530866741159,1.0769267020408584,0.9599332634613351,0.5,0,0.5
Unscaled beta,Foraging guild,Columbids,perc_grass_shrub,"Grass/
shrubland",3,3,2010s,4,-2.8544951925355173e-4,-0.025949617741724593,0.13078797533851957,0.13107342485777312,0,0,1
Unscaled beta,Foraging guild,Columbids,perc_pasture,Pasture,1,1,1970s,4,-0.15363833878061706,-0.17265214139523263,0.2749360428204003,0.29394984543501584,0,0,1
Unscaled beta,Foraging guild,Columbids,perc_pasture,Pasture,2,2,1990s,4,0.07945451228409275,0.05599390584484064,0.19276378905095826,0.15235735764511288,0,0,1
Unscaled beta,Foraging guild,Columbids,perc_pasture,Pasture,3,3,2010s,4,-0.2300159806456521,-0.010885797386241625,0.4372478247953841,0.21811764153597368,0,0.25,0.75
Unscaled beta,Foraging guild,Columbids,perc_urban,Urban,1,1,1970s,4,0.8723328501703429,0.49042889147603524,1.2139511706188988,0.832047211924591,0.5,0,0.5
Unscaled beta,Foraging guild,Columbids,perc_urban,Urban,2,2,1990s,4,2.083038374459604,2.330435609886907,2.083038374459604,2.330435609886907,0.75,0,0.25
Unscaled beta,Foraging guild,Columbids,perc_urban,Urban,3,3,2010s,4,1.3902560362954621,1.306327866916576,1.3902560362954621,1.306327866916576,0.75,0,0.25
Unscaled beta,Foraging guild,Columbids,prec_breeding,Precipitation,1,1,1970s,4,-0.007860006554755584,-0.006162989439133156,0.008040898834400158,0.006343881718777729,0,0.5,0.5
Unscaled beta,Foraging guild,Columbids,prec_breeding,Precipitation,2,2,1990s,4,-0.005070450197234634,-0.009416130965817148,0.012890161923828372,0.014128044778600017,0.25,0.75,0
Unscaled beta,Foraging guild,Columbids,prec_breeding,Precipitation,3,3,2010s,4,0.001525040676402082,-0.005196219196079127,0.010311488278945093,0.006324293147261878,0.25,0.5,0.25
Unscaled beta,Foraging guild,Columbids,tmean_breeding,Temperature,1,1,1970s,4,0.9247136669145362,0.7399669667656594,0.9314993260238378,0.7399669667656594,0.75,0,0.25
Unscaled beta,Foraging guild,Columbids,tmean_breeding,Temperature,2,2,1990s,4,1.1236629080505511,0.2922989334223005,1.1316360751695318,0.2922989334223005,0.5,0,0.5
Unscaled beta,Foraging guild,Columbids,tmean_breeding,Temperature,3,3,2010s,4,0.6968828422123726,0.0850984452154994,0.7875283346226543,0.13830643706858042,0.25,0,0.75
Unscaled beta,Foraging guild,Cuckoos,hh,"Habitat
heterogeneity",1,1,1970s,1,0.0024796117554876304,0.0024796117554876304,0.0024796117554876304,0.0024796117554876304,0,0,1
Unscaled beta,Foraging guild,Cuckoos,hh,"Habitat
heterogeneity",2,2,1990s,1,0.64596799875087,0.64596799875087,0.64596799875087,0.64596799875087,1,0,0
Unscaled beta,Foraging guild,Cuckoos,hh,"Habitat
heterogeneity",3,3,2010s,1,0.4674135510078068,0.4674135510078068,0.4674135510078068,0.4674135510078068,0,0,1
Unscaled beta,Foraging guild,Cuckoos,perc_cropland,Cropland,1,1,1970s,1,0.30526643974917217,0.30526643974917217,0.30526643974917217,0.30526643974917217,0,0,1
Unscaled beta,Foraging guild,Cuckoos,perc_cropland,Cropland,2,2,1990s,1,0.6008292517105839,0.6008292517105839,0.6008292517105839,0.6008292517105839,1,0,0
Unscaled beta,Foraging guild,Cuckoos,perc_cropland,Cropland,3,3,2010s,1,1.076932127005106,1.076932127005106,1.076932127005106,1.076932127005106,1,0,0
Unscaled beta,Foraging guild,Cuckoos,perc_forest,Forest,1,1,1970s,1,0.3989608106395705,0.3989608106395705,0.3989608106395705,0.3989608106395705,0,0,1
Unscaled beta,Foraging guild,Cuckoos,perc_forest,Forest,2,2,1990s,1,1.07994168692971,1.07994168692971,1.07994168692971,1.07994168692971,1,0,0
Unscaled beta,Foraging guild,Cuckoos,perc_forest,Forest,3,3,2010s,1,1.502653315151293,1.502653315151293,1.502653315151293,1.502653315151293,1,0,0
Unscaled beta,Foraging guild,Cuckoos,perc_grass_shrub,"Grass/
shrubland",1,1,1970s,1,0.30685528874034873,0.30685528874034873,0.30685528874034873,0.30685528874034873,0,0,1
Unscaled beta,Foraging guild,Cuckoos,perc_grass_shrub,"Grass/
shrubland",2,2,1990s,1,2.17684192937857,2.17684192937857,2.17684192937857,2.17684192937857,1,0,0
Unscaled beta,Foraging guild,Cuckoos,perc_grass_shrub,"Grass/
shrubland",3,3,2010s,1,1.217773836350031,1.217773836350031,1.217773836350031,1.217773836350031,1,0,0
Unscaled beta,Foraging guild,Cuckoos,perc_pasture,Pasture,1,1,1970s,1,1.3741798089284765,1.3741798089284765,1.3741798089284765,1.3741798089284765,1,0,0
Unscaled beta,Foraging guild,Cuckoos,perc_pasture,Pasture,2,2,1990s,1,1.7444619416551082,1.7444619416551082,1.7444619416551082,1.7444619416551082,1,0,0
Unscaled beta,Foraging guild,Cuckoos,perc_pasture,Pasture,3,3,2010s,1,5.586461195081574,5.586461195081574,5.586461195081574,5.586461195081574,1,0,0
Unscaled beta,Foraging guild,Cuckoos,perc_urban,Urban,1,1,1970s,1,0.06065090645198536,0.06065090645198536,0.06065090645198536,0.06065090645198536,0,0,1
Unscaled beta,Foraging guild,Cuckoos,perc_urban,Urban,2,2,1990s,1,-0.15557105017951525,-0.15557105017951525,0.15557105017951525,0.15557105017951525,0,0,1
Unscaled beta,Foraging guild,Cuckoos,perc_urban,Urban,3,3,2010s,1,1.0031212443987283,1.0031212443987283,1.0031212443987283,1.0031212443987283,1,0,0
Unscaled beta,Foraging guild,Cuckoos,prec_breeding,Precipitation,1,1,1970s,1,-0.004012601629091298,-0.004012601629091298,0.004012601629091298,0.004012601629091298,0,0,1
Unscaled beta,Foraging guild,Cuckoos,prec_breeding,Precipitation,2,2,1990s,1,-0.0015164025803566241,-0.0015164025803566241,0.0015164025803566241,0.0015164025803566241,0,0,1
Unscaled beta,Foraging guild,Cuckoos,prec_breeding,Precipitation,3,3,2010s,1,-0.009594379298359969,-0.009594379298359969,0.009594379298359969,0.009594379298359969,0,1,0
Unscaled beta,Foraging guild,Cuckoos,tmean_breeding,Temperature,1,1,1970s,1,0.7389078737818189,0.7389078737818189,0.7389078737818189,0.7389078737818189,1,0,0
Unscaled beta,Foraging guild,Cuckoos,tmean_breeding,Temperature,2,2,1990s,1,0.8324006301948824,0.8324006301948824,0.8324006301948824,0.8324006301948824,1,0,0
Unscaled beta,Foraging guild,Cuckoos,tmean_breeding,Temperature,3,3,2010s,1,1.762966881443907,1.762966881443907,1.762966881443907,1.762966881443907,1,0,0
Unscaled beta,Foraging guild,Dabbling ducks,hh,"Habitat
heterogeneity",1,1,1970s,7,0.4742040969919072,0.6033021875158521,0.4742040969919072,0.6033021875158521,0.5714285714285714,0,0.42857142857142855
Unscaled beta,Foraging guild,Dabbling ducks,hh,"Habitat
heterogeneity",2,2,1990s,7,0.8046928026956786,0.7052836754701814,0.8046928026956786,0.7052836754701814,0.7142857142857143,0,0.2857142857142857
Unscaled beta,Foraging guild,Dabbling ducks,hh,"Habitat
heterogeneity",3,3,2010s,7,0.8250128100616512,1.195402186456142,0.8280999750647771,1.195402186456142,0.5714285714285714,0,0.42857142857142855
Unscaled beta,Foraging guild,Dabbling ducks,perc_cropland,Cropland,1,1,1970s,7,-0.4135091829480129,-0.13001472157281735,0.4492558115917019,0.13001472157281735,0,0.42857142857142855,0.5714285714285714
Unscaled beta,Foraging guild,Dabbling ducks,perc_cropland,Cropland,2,2,1990s,7,-0.34314366652089945,-0.3155350180747693,0.4847098954481068,0.39749144272418424,0.14285714285714285,0.2857142857142857,0.5714285714285714
Unscaled beta,Foraging guild,Dabbling ducks,perc_cropland,Cropland,3,3,2010s,7,-0.3975195878464946,-0.33743114448258005,0.43460061233633057,0.33743114448258005,0,0.42857142857142855,0.5714285714285714
Unscaled beta,Foraging guild,Dabbling ducks,perc_forest,Forest,1,1,1970s,7,-0.41566125940459114,-0.6183903660456167,0.8452844387796015,0.8413123612789486,0.2857142857142857,0.2857142857142857,0.42857142857142855
Unscaled beta,Foraging guild,Dabbling ducks,perc_forest,Forest,2,2,1990s,7,0.026395597066211474,-0.04681929536492075,0.6068004991470755,0.44788989517437783,0.2857142857142857,0.2857142857142857,0.42857142857142855
Unscaled beta,Foraging guild,Dabbling ducks,perc_forest,Forest,3,3,2010s,7,-0.00773304704522193,-0.016077992518871227,0.6349480898114769,0.5096212064001303,0.2857142857142857,0.2857142857142857,0.42857142857142855
Unscaled beta,Foraging guild,Dabbling ducks,perc_grass_shrub,"Grass/
shrubland",1,1,1970s,7,0.98173680526025,1.0838084642657726,0.98173680526025,1.0838084642657726,0.42857142857142855,0,0.5714285714285714
Unscaled beta,Foraging guild,Dabbling ducks,perc_grass_shrub,"Grass/
shrubland",2,2,1990s,7,0.6011778559618234,0.2353438229612389,0.7749075519539372,0.3519517014256992,0.2857142857142857,0,0.7142857142857143
Unscaled beta,Foraging guild,Dabbling ducks,perc_grass_shrub,"Grass/
shrubland",3,3,2010s,7,-1.6818945180689013,-1.509297765952851,1.683801612084358,1.509297765952851,0,0.5714285714285714,0.42857142857142855
Unscaled beta,Foraging guild,Dabbling ducks,perc_pasture,Pasture,1,1,1970s,7,0.341149754821741,0.6033908672963938,0.7477126930027083,0.980891826757064,0.42857142857142855,0.14285714285714285,0.42857142857142855
Unscaled beta,Foraging guild,Dabbling ducks,perc_pasture,Pasture,2,2,1990s,7,1.4081388345656527,1.784212451581854,1.6278107406924034,1.784212451581854,0.7142857142857143,0.14285714285714285,0.14285714285714285
Unscaled beta,Foraging guild,Dabbling ducks,perc_pasture,Pasture,3,3,2010s,7,2.898064670401999,3.014889669167644,2.898064670401999,3.014889669167644,0.8571428571428571,0,0.14285714285714285
Unscaled beta,Foraging guild,Dabbling ducks,perc_urban,Urban,1,1,1970s,7,-0.9181272990373541,-0.46647326706342396,1.321338111090155,1.4112378421848029,0.14285714285714285,0.42857142857142855,0.42857142857142855
Unscaled beta,Foraging guild,Dabbling ducks,perc_urban,Urban,2,2,1990s,7,-0.8361597873959705,-1.0079210955845892,1.3817166946650015,1.6112895702123837,0.14285714285714285,0.5714285714285714,0.2857142857142857
Unscaled beta,Foraging guild,Dabbling ducks,perc_urban,Urban,3,3,2010s,7,-0.4644176432913619,-0.40365284571523236,0.91496229861229,0.4138747249456007,0.14285714285714285,0.2857142857142857,0.5714285714285714
Unscaled beta,Foraging guild,Dabbling ducks,prec_breeding,Precipitation,1,1,1970s,7,-0.012925232407702958,-0.012789618940244723,0.012926550988098435,0.012789618940244723,0,0.5714285714285714,0.42857142857142855
Unscaled beta,Foraging guild,Dabbling ducks,prec_breeding,Precipitation,2,2,1990s,7,-0.013505382603363777,-0.014510376901300847,0.013911791225582525,0.014510376901300847,0,0.8571428571428571,0.14285714285714285
Unscaled beta,Foraging guild,Dabbling ducks,prec_breeding,Precipitation,3,3,2010s,7,-0.007406024468809527,-0.007100460259969182,0.008039487266715635,0.007100460259969182,0,0.42857142857142855,0.5714285714285714
Unscaled beta,Foraging guild,Dabbling ducks,tmean_breeding,Temperature,1,1,1970s,7,1.2466297829037314,1.1077529541926785,1.2466297829037314,1.1077529541926785,0.7142857142857143,0,0.2857142857142857
Unscaled beta,Foraging guild,Dabbling ducks,tmean_breeding,Temperature,2,2,1990s,7,1.5343894580542206,1.0825400329471244,1.5343894580542206,1.0825400329471244,0.8571428571428571,0,0.14285714285714285
Unscaled beta,Foraging guild,Dabbling ducks,tmean_breeding,Temperature,3,3,2010s,7,1.2006398518130088,1.0538759631331684,1.2498286116052342,1.0538759631331684,0.8571428571428571,0,0.14285714285714285
Unscaled beta,Foraging guild,Dippers,hh,"Habitat
heterogeneity",1,1,1970s,1,0.09986530869727663,0.09986530869727663,0.09986530869727663,0.09986530869727663,0,0,1
Unscaled beta,Foraging guild,Dippers,hh,"Habitat
heterogeneity",2,2,1990s,1,1.182213811742496,1.182213811742496,1.182213811742496,1.182213811742496,0,0,1
Unscaled beta,Foraging guild,Dippers,hh,"Habitat
heterogeneity",3,3,2010s,1,2.3897419714218855,2.3897419714218855,2.3897419714218855,2.3897419714218855,1,0,0
Unscaled beta,Foraging guild,Dippers,perc_cropland,Cropland,1,1,1970s,1,0.43385194545655414,0.43385194545655414,0.43385194545655414,0.43385194545655414,0,0,1
Unscaled beta,Foraging guild,Dippers,perc_cropland,Cropland,2,2,1990s,1,0.04855974347762696,0.04855974347762696,0.04855974347762696,0.04855974347762696,0,0,1
Unscaled beta,Foraging guild,Dippers,perc_cropland,Cropland,3,3,2010s,1,1.4004764297539494,1.4004764297539494,1.4004764297539494,1.4004764297539494,0,0,1
Unscaled beta,Foraging guild,Dippers,perc_forest,Forest,1,1,1970s,1,0.5489881782173796,0.5489881782173796,0.5489881782173796,0.5489881782173796,0,0,1
Unscaled beta,Foraging guild,Dippers,perc_forest,Forest,2,2,1990s,1,0.7236068496292727,0.7236068496292727,0.7236068496292727,0.7236068496292727,0,0,1
Unscaled beta,Foraging guild,Dippers,perc_forest,Forest,3,3,2010s,1,1.0147999694586547,1.0147999694586547,1.0147999694586547,1.0147999694586547,0,0,1
Unscaled beta,Foraging guild,Dippers,perc_grass_shrub,"Grass/
shrubland",1,1,1970s,1,-1.3248282015081432,-1.3248282015081432,1.3248282015081432,1.3248282015081432,0,0,1
Unscaled beta,Foraging guild,Dippers,perc_grass_shrub,"Grass/
shrubland",2,2,1990s,1,0.392503153442248,0.392503153442248,0.392503153442248,0.392503153442248,0,0,1
Unscaled beta,Foraging guild,Dippers,perc_grass_shrub,"Grass/
shrubland",3,3,2010s,1,-0.7186800030412991,-0.7186800030412991,0.7186800030412991,0.7186800030412991,0,0,1
Unscaled beta,Foraging guild,Dippers,perc_pasture,Pasture,1,1,1970s,1,0.5370882532590674,0.5370882532590674,0.5370882532590674,0.5370882532590674,0,0,1
Unscaled beta,Foraging guild,Dippers,perc_pasture,Pasture,2,2,1990s,1,-0.6702204878934928,-0.6702204878934928,0.6702204878934928,0.6702204878934928,0,0,1
Unscaled beta,Foraging guild,Dippers,perc_pasture,Pasture,3,3,2010s,1,0.3574235131575851,0.3574235131575851,0.3574235131575851,0.3574235131575851,0,0,1
Unscaled beta,Foraging guild,Dippers,perc_urban,Urban,1,1,1970s,1,-0.2496689147564941,-0.2496689147564941,0.2496689147564941,0.2496689147564941,0,0,1
Unscaled beta,Foraging guild,Dippers,perc_urban,Urban,2,2,1990s,1,1.3912486914840614,1.3912486914840614,1.3912486914840614,1.3912486914840614,0,0,1
Unscaled beta,Foraging guild,Dippers,perc_urban,Urban,3,3,2010s,1,2.4692860842348145,2.4692860842348145,2.4692860842348145,2.4692860842348145,1,0,0
Unscaled beta,Foraging guild,Dippers,prec_breeding,Precipitation,1,1,1970s,1,0.002030759859428038,0.002030759859428038,0.002030759859428038,0.002030759859428038,0,0,1
Unscaled beta,Foraging guild,Dippers,prec_breeding,Precipitation,2,2,1990s,1,0,-0,0,0,0,0,1
Unscaled beta,Foraging guild,Dippers,prec_breeding,Precipitation,3,3,2010s,1,-0.0016908162199618475,-0.0016908162199618475,0.0016908162199618475,0.0016908162199618475,0,0,1
Unscaled beta,Foraging guild,Dippers,tmean_breeding,Temperature,1,1,1970s,1,-1.3410535091689075,-1.3410535091689075,1.3410535091689075,1.3410535091689075,0,1,0
Unscaled beta,Foraging guild,Dippers,tmean_breeding,Temperature,2,2,1990s,1,-3.026975757784395,-3.026975757784395,3.026975757784395,3.026975757784395,0,1,0
Unscaled beta,Foraging guild,Dippers,tmean_breeding,Temperature,3,3,2010s,1,-1.17185636201227,-1.17185636201227,1.17185636201227,1.17185636201227,0,1,0
Unscaled beta,Foraging guild,Diurnal raptors,hh,"Habitat
heterogeneity",1,1,1970s,7,0.4060462515624634,0.4069750239405283,0.40707011815680877,0.4069750239405283,0.2857142857142857,0,0.7142857142857143
Unscaled beta,Foraging guild,Diurnal raptors,hh,"Habitat
heterogeneity",2,2,1990s,7,0.6198463858681768,0.4801662015550217,0.6198463858681768,0.4801662015550217,0.5714285714285714,0,0.42857142857142855
Unscaled beta,Foraging guild,Diurnal raptors,hh,"Habitat
heterogeneity",3,3,2010s,7,0.7093185551423101,0.7536769940094079,0.7093185551423101,0.7536769940094079,0.7142857142857143,0,0.2857142857142857
Unscaled beta,Foraging guild,Diurnal raptors,perc_cropland,Cropland,1,1,1970s,7,0.41518409947304197,0.4173912825168151,0.41518409947304197,0.4173912825168151,0.5714285714285714,0,0.42857142857142855
Unscaled beta,Foraging guild,Diurnal raptors,perc_cropland,Cropland,2,2,1990s,7,1.018047956958217,1.069420132972093,1.018047956958217,1.069420132972093,0.8571428571428571,0,0.14285714285714285
Unscaled beta,Foraging guild,Diurnal raptors,perc_cropland,Cropland,3,3,2010s,7,0.7941697463534867,0.7677021825082812,0.7941697463534867,0.7677021825082812,0.7142857142857143,0,0.2857142857142857
Unscaled beta,Foraging guild,Diurnal raptors,perc_forest,Forest,1,1,1970s,7,2.1906571054435817,2.585640008739882,2.1906571054435817,2.585640008739882,0.8571428571428571,0,0.14285714285714285
Unscaled beta,Foraging guild,Diurnal raptors,perc_forest,Forest,2,2,1990s,7,2.480973775165629,2.306604086247584,2.480973775165629,2.306604086247584,1,0,0
Unscaled beta,Foraging guild,Diurnal raptors,perc_forest,Forest,3,3,2010s,7,1.3245933256748579,0.8455137956346517,1.4620031000294478,0.8455137956346517,0.5714285714285714,0,0.42857142857142855
Unscaled beta,Foraging guild,Diurnal raptors,perc_grass_shrub,"Grass/
shrubland",1,1,1970s,7,0.8275831260924599,0.7220881995915902,0.8275831260924599,0.7220881995915902,0.2857142857142857,0,0.7142857142857143
Unscaled beta,Foraging guild,Diurnal raptors,perc_grass_shrub,"Grass/
shrubland",2,2,1990s,7,1.341833089519201,1.2301944048366344,1.341833089519201,1.2301944048366344,0.7142857142857143,0,0.2857142857142857
Unscaled beta,Foraging guild,Diurnal raptors,perc_grass_shrub,"Grass/
shrubland",3,3,2010s,7,0.8398416727679748,0.3542456590297695,1.0793229237570101,0.8376465887093508,0.42857142857142855,0,0.5714285714285714
Unscaled beta,Foraging guild,Diurnal raptors,perc_pasture,Pasture,1,1,1970s,7,0.568006635203128,0.411814634695165,0.568006635203128,0.411814634695165,0.2857142857142857,0,0.7142857142857143
Unscaled beta,Foraging guild,Diurnal raptors,perc_pasture,Pasture,2,2,1990s,7,1.0297543236399385,0.6104234129802011,1.0297543236399385,0.6104234129802011,0.42857142857142855,0,0.5714285714285714
Unscaled beta,Foraging guild,Diurnal raptors,perc_pasture,Pasture,3,3,2010s,7,0.894901085294904,0.8393022600867467,0.894901085294904,0.8393022600867467,0.5714285714285714,0,0.42857142857142855
Unscaled beta,Foraging guild,Diurnal raptors,perc_urban,Urban,1,1,1970s,7,-0.4840146608300622,-0.20220722408596772,0.7644841676424933,0.22626064396992926,0.14285714285714285,0.2857142857142857,0.5714285714285714
Unscaled beta,Foraging guild,Diurnal raptors,perc_urban,Urban,2,2,1990s,7,0.17039548964657114,-0.22946458661731653,0.6565807219864466,0.5081686362820558,0.2857142857142857,0,0.7142857142857143
Unscaled beta,Foraging guild,Diurnal raptors,perc_urban,Urban,3,3,2010s,7,0.3989798779157021,0.04489275204506752,0.7411782958127312,0.7534969533956528,0.42857142857142855,0,0.5714285714285714
Unscaled beta,Foraging guild,Diurnal raptors,prec_breeding,Precipitation,1,1,1970s,7,0.010412135859382759,0.0027685195100078225,0.011965177533939456,0.0037738445774584497,0.42857142857142855,0,0.5714285714285714
Unscaled beta,Foraging guild,Diurnal raptors,prec_breeding,Precipitation,2,2,1990s,7,-0.0071427387404622445,-6.192301506731839e-4,0.007837217542163537,0.002430675805954522,0,0.2857142857142857,0.7142857142857143
Unscaled beta,Foraging guild,Diurnal raptors,prec_breeding,Precipitation,3,3,2010s,7,-5.9664163821556794e-5,-1.1332865228277251e-4,0.005752680853268866,3.729772621085358e-4,0.2857142857142857,0.14285714285714285,0.5714285714285714
Unscaled beta,Foraging guild,Diurnal raptors,tmean_breeding,Temperature,1,1,1970s,7,1.09943665420864,0.47096679707032546,1.4254207220213322,0.5748317919893724,0.5714285714285714,0.2857142857142857,0.14285714285714285
Unscaled beta,Foraging guild,Diurnal raptors,tmean_breeding,Temperature,2,2,1990s,7,0.542029774524076,0.06144237137114031,0.9675258829422804,0.7032546202065261,0.2857142857142857,0.2857142857142857,0.42857142857142855
Unscaled beta,Foraging guild,Diurnal raptors,tmean_breeding,Temperature,3,3,2010s,7,0.5340650882152838,-0.07172518735333606,0.8345269288801975,0.39592732107637707,0.2857142857142857,0,0.7142857142857143
Unscaled beta,Foraging guild,Diving ducks,hh,"Habitat
heterogeneity",1,1,1970s,3,0.8797353207273046,0.7350579516496323,0.8797353207273046,0.7350579516496323,0.6666666666666666,0,0.3333333333333333
Unscaled beta,Foraging guild,Diving ducks,hh,"Habitat
heterogeneity",2,2,1990s,3,0.7965562214465076,0.5524911876760427,0.7965562214465076,0.5524911876760427,0.3333333333333333,0,0.6666666666666666
Unscaled beta,Foraging guild,Diving ducks,hh,"Habitat
heterogeneity",3,3,2010s,3,1.115819804199529,0.2534293183617249,1.115819804199529,0.2534293183617249,0.3333333333333333,0,0.6666666666666666
Unscaled beta,Foraging guild,Diving ducks,perc_cropland,Cropland,1,1,1970s,3,0.040985896387536844,0.3329360977342213,0.9437815934394134,1.144215137006204,0.3333333333333333,0.3333333333333333,0.3333333333333333
Unscaled beta,Foraging guild,Diving ducks,perc_cropland,Cropland,2,2,1990s,3,-0.8123938733839987,0.03080691667089055,0.8797349023516219,0.07020462678054426,0,0.3333333333333333,0.6666666666666666
Unscaled beta,Foraging guild,Diving ducks,perc_cropland,Cropland,3,3,2010s,3,-0.61788250370771,0.09321856258968224,0.7964486113537941,0.17463059887944393,0,0.3333333333333333,0.6666666666666666
Unscaled beta,Foraging guild,Diving ducks,perc_forest,Forest,1,1,1970s,3,-0.2525348738624487,0.9230511642234017,1.5886089598753945,1.0810599647960168,0.6666666666666666,0.3333333333333333,0
Unscaled beta,Foraging guild,Diving ducks,perc_forest,Forest,2,2,1990s,3,-0.04425307135946399,0.9381981969673477,1.317410454362465,0.9715378775371536,0.6666666666666666,0.3333333333333333,0
Unscaled beta,Foraging guild,Diving ducks,perc_forest,Forest,3,3,2010s,3,-0.8036214684221861,0.2851400476189107,1.86527194091119,1.307335661114595,0.3333333333333333,0.3333333333333333,0.3333333333333333
Unscaled beta,Foraging guild,Diving ducks,perc_grass_shrub,"Grass/
shrubland",1,1,1970s,3,2.261082619669426,3.263038948168701,2.261082619669426,3.263038948168701,0.6666666666666666,0,0.3333333333333333
Unscaled beta,Foraging guild,Diving ducks,perc_grass_shrub,"Grass/
shrubland",2,2,1990s,3,-1.0360174739811876,0.1629232150677387,1.4713600062397425,0.49009058332009375,0,0.3333333333333333,0.6666666666666666
Unscaled beta,Foraging guild,Diving ducks,perc_grass_shrub,"Grass/
shrubland",3,3,2010s,3,-1.6933521390388644,-0.05743319436282476,1.866572366435603,0.25983034109510844,0,0.3333333333333333,0.6666666666666666
Unscaled beta,Foraging guild,Diving ducks,perc_pasture,Pasture,1,1,1970s,3,1.0159536595110792,0.7224195088658538,1.0159536595110792,0.7224195088658538,0.3333333333333333,0,0.6666666666666666
Unscaled beta,Foraging guild,Diving ducks,perc_pasture,Pasture,2,2,1990s,3,0.7844028448033395,1.6793659867627695,1.692213954062822,1.6793659867627695,0.6666666666666666,0.3333333333333333,0
Unscaled beta,Foraging guild,Diving ducks,perc_pasture,Pasture,3,3,2010s,3,0.3776382118729559,1.77079083138778,2.0817781508913926,1.9183337127587428,0.6666666666666666,0.3333333333333333,0
Unscaled beta,Foraging guild,Diving ducks,perc_urban,Urban,1,1,1970s,3,-0.10338149334805917,0.7267243622475926,1.454927435038581,1.3005945502881902,0.3333333333333333,0.3333333333333333,0.3333333333333333
Unscaled beta,Foraging guild,Diving ducks,perc_urban,Urban,2,2,1990s,3,-0.2062035539633323,0.8924229430143945,1.78494967600324,1.475696240045467,0.6666666666666666,0.3333333333333333,0
Unscaled beta,Foraging guild,Diving ducks,perc_urban,Urban,3,3,2010s,3,0.44198510181419465,1.3857527435331372,1.6757285357944909,1.790817712879891,0.6666666666666666,0.3333333333333333,0
Unscaled beta,Foraging guild,Diving ducks,prec_breeding,Precipitation,1,1,1970s,3,-0.03506536076523062,-0.03070299199500413,0.03506536076523062,0.03070299199500413,0,1,0
Unscaled beta,Foraging guild,Diving ducks,prec_breeding,Precipitation,2,2,1990s,3,-0.018389275925888418,-0.01573369050697892,0.018389275925888418,0.01573369050697892,0,0.6666666666666666,0.3333333333333333
Unscaled beta,Foraging guild,Diving ducks,prec_breeding,Precipitation,3,3,2010s,3,-0.020252289955871885,-0.01819145178312436,0.020252289955871885,0.01819145178312436,0,0.6666666666666666,0.3333333333333333
Unscaled beta,Foraging guild,Diving ducks,tmean_breeding,Temperature,1,1,1970s,3,0.18917193480291036,0.0416804215058993,0.22948541674001627,0.06047022290565884,0,0,1
Unscaled beta,Foraging guild,Diving ducks,tmean_breeding,Temperature,2,2,1990s,3,0.32415544553691944,0.03354023910632639,0.32415544553691944,0.03354023910632639,0.3333333333333333,0,0.6666666666666666
Unscaled beta,Foraging guild,Diving ducks,tmean_breeding,Temperature,3,3,2010s,3,0.740454673751516,0.6229965656864324,0.740454673751516,0.6229965656864324,0.6666666666666666,0,0.3333333333333333
Unscaled beta,Foraging guild,Flycatchers,hh,"Habitat
heterogeneity",1,1,1970s,3,0.05881181978095128,2.1395030098062134e-4,0.07923334880150851,0.030632293530835835,0,0,1
Unscaled beta,Foraging guild,Flycatchers,hh,"Habitat
heterogeneity",2,2,1990s,3,0.7240385764782343,0.8480499727851526,0.7240385764782343,0.8480499727851526,1,0,0
Unscaled beta,Foraging guild,Flycatchers,hh,"Habitat
heterogeneity",3,3,2010s,3,0.25355623528499277,0.1024392535909223,0.25355623528499277,0.1024392535909223,0.3333333333333333,0,0.6666666666666666
Unscaled beta,Foraging guild,Flycatchers,perc_cropland,Cropland,1,1,1970s,3,-0.14363307042503512,-0.1676397342183248,0.4166221012916922,0.40948354629998557,0.3333333333333333,0,0.6666666666666666
Unscaled beta,Foraging guild,Flycatchers,perc_cropland,Cropland,2,2,1990s,3,0.2727970332170307,0.04709282849508738,0.3088269547151436,0.054044882247169405,0.3333333333333333,0,0.6666666666666666
Unscaled beta,Foraging guild,Flycatchers,perc_cropland,Cropland,3,3,2010s,3,-0.2482243453612997,-0.1934508502704861,0.24915656560990232,0.1934508502704861,0,0,1
Unscaled beta,Foraging guild,Flycatchers,perc_forest,Forest,1,1,1970s,3,1.124600229570458,1.273275142141022,1.124600229570458,1.273275142141022,0.6666666666666666,0,0.3333333333333333
Unscaled beta,Foraging guild,Flycatchers,perc_forest,Forest,2,2,1990s,3,1.3052313053792037,1.373963464865133,1.3052313053792037,1.373963464865133,0.6666666666666666,0,0.3333333333333333
Unscaled beta,Foraging guild,Flycatchers,perc_forest,Forest,3,3,2010s,3,1.3024704745237337,0.9287207420280247,1.3024704745237337,0.9287207420280247,1,0,0
Unscaled beta,Foraging guild,Flycatchers,perc_grass_shrub,"Grass/
shrubland",1,1,1970s,3,-0.06616271889088499,-0.04364580903359658,0.4170084989753949,0.5262686701267648,0,0,1
Unscaled beta,Foraging guild,Flycatchers,perc_grass_shrub,"Grass/
shrubland",2,2,1990s,3,-0.18135797914366952,-0.020545001254086818,0.1927301780953084,0.020545001254086818,0,0,1
Unscaled beta,Foraging guild,Flycatchers,perc_grass_shrub,"Grass/
shrubland",3,3,2010s,3,-0.8874849528647046,-1.1637253716706775,1.1863715904790422,1.1637253716706775,0,0.3333333333333333,0.6666666666666666
Unscaled beta,Foraging guild,Flycatchers,perc_pasture,Pasture,1,1,1970s,3,0.014738373404762398,-0.1737671941977648,0.2686587518984746,0.20711337354280349,0,0,1
Unscaled beta,Foraging guild,Flycatchers,perc_pasture,Pasture,2,2,1990s,3,-0.5832920062025926,-0.2629312877500466,0.5832920062025926,0.2629312877500466,0,0,1
Unscaled beta,Foraging guild,Flycatchers,perc_pasture,Pasture,3,3,2010s,3,0.08665769444510679,0.09792986930511308,0.08665769444510679,0.09792986930511308,0,0,1
Unscaled beta,Foraging guild,Flycatchers,perc_urban,Urban,1,1,1970s,3,0.6590640742041243,1.087864484352799,0.8521489649219337,1.087864484352799,0.6666666666666666,0,0.3333333333333333
Unscaled beta,Foraging guild,Flycatchers,perc_urban,Urban,2,2,1990s,3,0.6751698229311626,0.6410609981099235,0.6751698229311626,0.6410609981099235,0.6666666666666666,0,0.3333333333333333
Unscaled beta,Foraging guild,Flycatchers,perc_urban,Urban,3,3,2010s,3,-0.16315030471548683,-0.4445179320942087,0.5437342343678849,0.5708758944785972,0.3333333333333333,0.3333333333333333,0.3333333333333333
Unscaled beta,Foraging guild,Flycatchers,prec_breeding,Precipitation,1,1,1970s,3,-0.013351687808513897,-0.015821491808762914,0.013793096847451732,0.015821491808762914,0,0.3333333333333333,0.6666666666666666
Unscaled beta,Foraging guild,Flycatchers,prec_breeding,Precipitation,2,2,1990s,3,-0.0015823498632313985,-1.2851172234853032e-4,0.0015897616953444945,1.2851172234853032e-4,0,0,1
Unscaled beta,Foraging guild,Flycatchers,prec_breeding,Precipitation,3,3,2010s,3,-0.0034901218475633694,-0.0029012802929886472,0.0034901218475633694,0.0029012802929886472,0,0.3333333333333333,0.6666666666666666
Unscaled beta,Foraging guild,Flycatchers,tmean_breeding,Temperature,1,1,1970s,3,-0.2940737849660686,-0.33565037532888287,0.621949934157946,0.491814223787816,0.3333333333333333,0.3333333333333333,0.3333333333333333
Unscaled beta,Foraging guild,Flycatchers,tmean_breeding,Temperature,2,2,1990s,3,-0.2291542417344901,-0.16526399039694806,0.5612785401684113,0.49818644765088166,0.3333333333333333,0.3333333333333333,0.3333333333333333
Unscaled beta,Foraging guild,Flycatchers,tmean_breeding,Temperature,3,3,2010s,3,-0.12396612691754931,-0.2087326106873967,0.40294414231540965,0.4184670230967905,0.3333333333333333,0,0.6666666666666666
Unscaled beta,Foraging guild,Foliage gleaners,hh,"Habitat
heterogeneity",1,1,1970s,9,0.21054410452805378,0.20130002852297282,0.2911943418515595,0.25233886350066537,0.3333333333333333,0,0.6666666666666666
Unscaled beta,Foraging guild,Foliage gleaners,hh,"Habitat
heterogeneity",2,2,1990s,9,0.8596313608846639,0.7849015187451963,0.8596313608846639,0.7849015187451963,0.7777777777777778,0,0.2222222222222222
Unscaled beta,Foraging guild,Foliage gleaners,hh,"Habitat
heterogeneity",3,3,2010s,9,0.3040664383381642,0.005563627209130055,0.34542122463666486,0.09219826970748947,0.3333333333333333,0,0.6666666666666666
Unscaled beta,Foraging guild,Foliage gleaners,perc_cropland,Cropland,1,1,1970s,9,0.5706493372783157,0.49425172202975526,0.5706493372783157,0.49425172202975526,0.5555555555555556,0,0.4444444444444444
Unscaled beta,Foraging guild,Foliage gleaners,perc_cropland,Cropland,2,2,1990s,9,0.3382889650998509,0.24273449086438004,0.33855679729206495,0.24273449086438004,0.3333333333333333,0,0.6666666666666666
Unscaled beta,Foraging guild,Foliage gleaners,perc_cropland,Cropland,3,3,2010s,9,0.5921363498933712,0.7210543526682144,0.649031812603482,0.7210543526682144,0.5555555555555556,0,0.4444444444444444
Unscaled beta,Foraging guild,Foliage gleaners,perc_forest,Forest,1,1,1970s,9,1.2994058033312659,1.21700003281957,1.2994058033312659,1.21700003281957,0.7777777777777778,0,0.2222222222222222
Unscaled beta,Foraging guild,Foliage gleaners,perc_forest,Forest,2,2,1990s,9,1.1757757491874015,1.5463966530257085,1.1757757491874015,1.5463966530257085,0.5555555555555556,0,0.4444444444444444
Unscaled beta,Foraging guild,Foliage gleaners,perc_forest,Forest,3,3,2010s,9,1.3029615713673697,1.238835548299337,1.5629458931017932,1.238835548299337,0.6666666666666666,0.1111111111111111,0.2222222222222222
Unscaled beta,Foraging guild,Foliage gleaners,perc_grass_shrub,"Grass/
shrubland",1,1,1970s,9,0.4714433915427301,0.32422998210112225,0.48742710509789344,0.32422998210112225,0.1111111111111111,0,0.8888888888888888
Unscaled beta,Foraging guild,Foliage gleaners,perc_grass_shrub,"Grass/
shrubland",2,2,1990s,9,0.03241957824718697,-0.03902207185848137,0.5769977921557882,0.2887388095842562,0.1111111111111111,0.1111111111111111,0.7777777777777778
Unscaled beta,Foraging guild,Foliage gleaners,perc_grass_shrub,"Grass/
shrubland",3,3,2010s,9,0.8111710655462262,0.6350828153461223,1.2543316648828353,0.7871888478830275,0.2222222222222222,0.1111111111111111,0.6666666666666666
Unscaled beta,Foraging guild,Foliage gleaners,perc_pasture,Pasture,1,1,1970s,9,-0.12194729148561985,4.1239345282729875e-7,0.41135990576388837,0.2705738914222947,0,0.2222222222222222,0.7777777777777778
Unscaled beta,Foraging guild,Foliage gleaners,perc_pasture,Pasture,2,2,1990s,9,-0.8039035119221407,-0.656009907115079,0.8039035119221407,0.656009907115079,0,0.3333333333333333,0.6666666666666666
Unscaled beta,Foraging guild,Foliage gleaners,perc_pasture,Pasture,3,3,2010s,9,1.040233578530803,0.8041132608062607,1.1840009077774574,0.8041132608062607,0.4444444444444444,0,0.5555555555555556
Unscaled beta,Foraging guild,Foliage gleaners,perc_urban,Urban,1,1,1970s,9,1.1786379574647998,0.8872661619639569,1.1786379574647998,0.8872661619639569,0.7777777777777778,0,0.2222222222222222
Unscaled beta,Foraging guild,Foliage gleaners,perc_urban,Urban,2,2,1990s,9,0.8122265938471586,0.5779727310658838,0.8122265938471586,0.5779727310658838,0.5555555555555556,0,0.4444444444444444
Unscaled beta,Foraging guild,Foliage gleaners,perc_urban,Urban,3,3,2010s,9,0.6388375940127388,0.931084541776389,0.7933818239080559,0.931084541776389,0.4444444444444444,0.1111111111111111,0.4444444444444444
Unscaled beta,Foraging guild,Foliage gleaners,prec_breeding,Precipitation,1,1,1970s,9,-0.005537504210730588,-0.003991853087665274,0.007528349936028277,0.004949620929432812,0.1111111111111111,0.3333333333333333,0.5555555555555556
Unscaled beta,Foraging guild,Foliage gleaners,prec_breeding,Precipitation,2,2,1990s,9,-0.004949183571981793,-0.0050324666436687635,0.0051730710439467096,0.0050324666436687635,0,0.4444444444444444,0.5555555555555556
Unscaled beta,Foraging guild,Foliage gleaners,prec_breeding,Precipitation,3,3,2010s,9,-0.00783772058795131,-0.009122062159183103,0.00783772058795131,0.009122062159183103,0,0.5555555555555556,0.4444444444444444
Unscaled beta,Foraging guild,Foliage gleaners,tmean_breeding,Temperature,1,1,1970s,9,-0.012061591152257327,0.01564292343077165,0.316784600937967,0.2180079214761951,0.2222222222222222,0.1111111111111111,0.6666666666666666
Unscaled beta,Foraging guild,Foliage gleaners,tmean_breeding,Temperature,2,2,1990s,9,-0.09104515237270623,-0.09378679504417883,0.38833515516419537,0.43983791048312104,0.1111111111111111,0.2222222222222222,0.6666666666666666
Unscaled beta,Foraging guild,Foliage gleaners,tmean_breeding,Temperature,3,3,2010s,9,0.17641060554536037,0.024274884010294262,0.3536210508013292,0.13660354230217206,0.2222222222222222,0.1111111111111111,0.6666666666666666
Unscaled beta,Foraging guild,Gallinaceous birds,hh,"Habitat
heterogeneity",1,1,1970s,2,0.05890175997877356,0.05890175997877356,0.05890175997877356,0.05890175997877356,0,0,1
Unscaled beta,Foraging guild,Gallinaceous birds,hh,"Habitat
heterogeneity",2,2,1990s,2,0.6181688084903344,0.6181688084903344,0.6181688084903344,0.6181688084903344,0.5,0,0.5
Unscaled beta,Foraging guild,Gallinaceous birds,hh,"Habitat
heterogeneity",3,3,2010s,2,0.5600752480638882,0.5600752480638882,0.5600752480638882,0.5600752480638882,1,0,0
Unscaled beta,Foraging guild,Gallinaceous birds,perc_cropland,Cropland,1,1,1970s,2,0.6111490721807099,0.6111490721807099,0.6111490721807099,0.6111490721807099,0.5,0,0.5
Unscaled beta,Foraging guild,Gallinaceous birds,perc_cropland,Cropland,2,2,1990s,2,1.199480836032246,1.199480836032246,1.199480836032246,1.199480836032246,1,0,0
Unscaled beta,Foraging guild,Gallinaceous birds,perc_cropland,Cropland,3,3,2010s,2,1.2778711594729024,1.2778711594729024,1.2778711594729024,1.2778711594729024,1,0,0
Unscaled beta,Foraging guild,Gallinaceous birds,perc_forest,Forest,1,1,1970s,2,0.12392270266333896,0.12392270266333896,0.38252205215728596,0.38252205215728596,0.5,0,0.5
Unscaled beta,Foraging guild,Gallinaceous birds,perc_forest,Forest,2,2,1990s,2,0.23252172305683358,0.23252172305683358,0.23252172305683358,0.23252172305683358,0,0,1
Unscaled beta,Foraging guild,Gallinaceous birds,perc_forest,Forest,3,3,2010s,2,-0.0191136894964965,-0.0191136894964965,0.037051029163663186,0.037051029163663186,0,0,1
Unscaled beta,Foraging guild,Gallinaceous birds,perc_grass_shrub,"Grass/
shrubland",1,1,1970s,2,1.0400414132222342,1.0400414132222342,1.0400414132222342,1.0400414132222342,0.5,0,0.5
Unscaled beta,Foraging guild,Gallinaceous birds,perc_grass_shrub,"Grass/
shrubland",2,2,1990s,2,0.07263216539497816,0.07263216539497816,0.07292332579803676,0.07292332579803676,0,0,1
Unscaled beta,Foraging guild,Gallinaceous birds,perc_grass_shrub,"Grass/
shrubland",3,3,2010s,2,0.19031161932840307,0.19031161932840307,0.22322618197395777,0.22322618197395777,0,0,1
Unscaled beta,Foraging guild,Gallinaceous birds,perc_pasture,Pasture,1,1,1970s,2,0.5433736450792056,0.5433736450792056,0.5433736450792056,0.5433736450792056,0,0,1
Unscaled beta,Foraging guild,Gallinaceous birds,perc_pasture,Pasture,2,2,1990s,2,1.1750462531576482,1.1750462531576482,1.1750462531576482,1.1750462531576482,0.5,0,0.5
Unscaled beta,Foraging guild,Gallinaceous birds,perc_pasture,Pasture,3,3,2010s,2,1.2200169443392381,1.2200169443392381,1.2200169443392381,1.2200169443392381,1,0,0
Unscaled beta,Foraging guild,Gallinaceous birds,perc_urban,Urban,1,1,1970s,2,-0.042815146951270755,-0.042815146951270755,0.057457165056656226,0.057457165056656226,0,0,1
Unscaled beta,Foraging guild,Gallinaceous birds,perc_urban,Urban,2,2,1990s,2,0.20881194107913553,0.20881194107913553,0.20881194107913553,0.20881194107913553,0,0,1
Unscaled beta,Foraging guild,Gallinaceous birds,perc_urban,Urban,3,3,2010s,2,0.27011135319909557,0.27011135319909557,0.27959904158285204,0.27959904158285204,0.5,0,0.5
Unscaled beta,Foraging guild,Gallinaceous birds,prec_breeding,Precipitation,1,1,1970s,2,-0.00479566316606482,-0.00479566316606482,0.00479566316606482,0.00479566316606482,0,0.5,0.5
Unscaled beta,Foraging guild,Gallinaceous birds,prec_breeding,Precipitation,2,2,1990s,2,-0.004738890964425459,-0.004738890964425459,0.00476182790253467,0.00476182790253467,0,0.5,0.5
Unscaled beta,Foraging guild,Gallinaceous birds,prec_breeding,Precipitation,3,3,2010s,2,-9.493917366059897e-5,-9.493917366059897e-5,0.006307202339996919,0.006307202339996919,0.5,0.5,0
Unscaled beta,Foraging guild,Gallinaceous birds,tmean_breeding,Temperature,1,1,1970s,2,0.07395689473266619,0.07395689473266619,0.07395689473266619,0.07395689473266619,0,0,1
Unscaled beta,Foraging guild,Gallinaceous birds,tmean_breeding,Temperature,2,2,1990s,2,0.03348016182197161,0.03348016182197161,0.6526607327782226,0.6526607327782226,0.5,0.5,0
Unscaled beta,Foraging guild,Gallinaceous birds,tmean_breeding,Temperature,3,3,2010s,2,0.4196444743854327,0.4196444743854327,0.5494792745386641,0.5494792745386641,0.5,0,0.5
Unscaled beta,Foraging guild,Grazing waterfowl,hh,"Habitat
heterogeneity",1,1,1970s,2,1.0017647100639373,1.0017647100639373,1.0017647100639373,1.0017647100639373,1,0,0
Unscaled beta,Foraging guild,Grazing waterfowl,hh,"Habitat
heterogeneity",2,2,1990s,2,0.7663837325202468,0.7663837325202468,0.7663837325202468,0.7663837325202468,0.5,0,0.5
Unscaled beta,Foraging guild,Grazing waterfowl,hh,"Habitat
heterogeneity",3,3,2010s,2,0.6765455672886648,0.6765455672886648,0.6765455672886648,0.6765455672886648,1,0,0
Unscaled beta,Foraging guild,Grazing waterfowl,perc_cropland,Cropland,1,1,1970s,2,0.24295918044837247,0.24295918044837247,0.24295918044837247,0.24295918044837247,0,0,1
Unscaled beta,Foraging guild,Grazing waterfowl,perc_cropland,Cropland,2,2,1990s,2,0.012747538187452043,0.012747538187452043,0.25841099542690127,0.25841099542690127,0,0,1
Unscaled beta,Foraging guild,Grazing waterfowl,perc_cropland,Cropland,3,3,2010s,2,-0.1634039724627014,-0.1634039724627014,0.1634039724627014,0.1634039724627014,0,0,1
Unscaled beta,Foraging guild,Grazing waterfowl,perc_forest,Forest,1,1,1970s,2,0.17972676461303747,0.17972676461303747,0.17972676461303747,0.17972676461303747,0,0,1
Unscaled beta,Foraging guild,Grazing waterfowl,perc_forest,Forest,2,2,1990s,2,0.5336474161524356,0.5336474161524356,0.5698684440391923,0.5698684440391923,0.5,0,0.5
Unscaled beta,Foraging guild,Grazing waterfowl,perc_forest,Forest,3,3,2010s,2,0.5953010432905483,0.5953010432905483,0.5960816983080528,0.5960816983080528,0.5,0,0.5
Unscaled beta,Foraging guild,Grazing waterfowl,perc_grass_shrub,"Grass/
shrubland",1,1,1970s,2,0.6336181260422467,0.6336181260422467,0.6336181260422467,0.6336181260422467,0,0,1
Unscaled beta,Foraging guild,Grazing waterfowl,perc_grass_shrub,"Grass/
shrubland",2,2,1990s,2,1.2664673747073105,1.2664673747073105,1.2664673747073105,1.2664673747073105,0.5,0,0.5
Unscaled beta,Foraging guild,Grazing waterfowl,perc_grass_shrub,"Grass/
shrubland",3,3,2010s,2,0.7546812530588496,0.7546812530588496,0.7546812530588496,0.7546812530588496,0.5,0,0.5
Unscaled beta,Foraging guild,Grazing waterfowl,perc_pasture,Pasture,1,1,1970s,2,0.7859703278977133,0.7859703278977133,0.7859703278977133,0.7859703278977133,0,0,1
Unscaled beta,Foraging guild,Grazing waterfowl,perc_pasture,Pasture,2,2,1990s,2,1.2030301072866076,1.2030301072866076,1.2030301072866076,1.2030301072866076,0.5,0,0.5
Unscaled beta,Foraging guild,Grazing waterfowl,perc_pasture,Pasture,3,3,2010s,2,2.2788770759563315,2.2788770759563315,2.2788770759563315,2.2788770759563315,1,0,0
Unscaled beta,Foraging guild,Grazing waterfowl,perc_urban,Urban,1,1,1970s,2,0.13706527616931763,0.13706527616931763,0.13706527616931763,0.13706527616931763,0,0,1
Unscaled beta,Foraging guild,Grazing waterfowl,perc_urban,Urban,2,2,1990s,2,0.3027520532002016,0.3027520532002016,0.3027520532002016,0.3027520532002016,0,0,1
Unscaled beta,Foraging guild,Grazing waterfowl,perc_urban,Urban,3,3,2010s,2,0.48767954339325015,0.48767954339325015,0.5194592837281744,0.5194592837281744,0.5,0,0.5
Unscaled beta,Foraging guild,Grazing waterfowl,prec_breeding,Precipitation,1,1,1970s,2,-0.022316002860096416,-0.022316002860096416,0.022316002860096416,0.022316002860096416,0,1,0
Unscaled beta,Foraging guild,Grazing waterfowl,prec_breeding,Precipitation,2,2,1990s,2,-0.011783505054575646,-0.011783505054575646,0.011783505054575646,0.011783505054575646,0,1,0
Unscaled beta,Foraging guild,Grazing waterfowl,prec_breeding,Precipitation,3,3,2010s,2,-0.0012294194978797828,-0.0012294194978797828,0.0025574829853340225,0.0025574829853340225,0,0,1
Unscaled beta,Foraging guild,Grazing waterfowl,tmean_breeding,Temperature,1,1,1970s,2,0.7551693171259972,0.7551693171259972,0.7551693171259972,0.7551693171259972,0.5,0,0.5
Unscaled beta,Foraging guild,Grazing waterfowl,tmean_breeding,Temperature,2,2,1990s,2,0.9901902813783714,0.9901902813783714,0.9901902813783714,0.9901902813783714,1,0,0
Unscaled beta,Foraging guild,Grazing waterfowl,tmean_breeding,Temperature,3,3,2010s,2,-0.07000263009329685,-0.07000263009329685,0.07000263009329685,0.07000263009329685,0,0,1
Unscaled beta,Foraging guild,Gulls,hh,"Habitat
heterogeneity",1,1,1970s,5,1.0514727280048308,1.2558213748687033,1.0514727280048308,1.2558213748687033,0.8,0,0.2
Unscaled beta,Foraging guild,Gulls,hh,"Habitat
heterogeneity",2,2,1990s,5,1.0690180992189047,1.1814624679126393,1.0690180992189047,1.1814624679126393,0.8,0,0.2
Unscaled beta,Foraging guild,Gulls,hh,"Habitat
heterogeneity",3,3,2010s,5,1.4153851736875964,1.439128081789494,1.4153851736875964,1.439128081789494,1,0,0
Unscaled beta,Foraging guild,Gulls,perc_cropland,Cropland,1,1,1970s,5,-1.739523942335556,-1.600201706037909,1.739523942335556,1.600201706037909,0,1,0
Unscaled beta,Foraging guild,Gulls,perc_cropland,Cropland,2,2,1990s,5,-2.30501641779283,-2.422812267446915,2.30501641779283,2.422812267446915,0,1,0
Unscaled beta,Foraging guild,Gulls,perc_cropland,Cropland,3,3,2010s,5,-1.686576863657396,-1.868901406324986,1.686576863657396,1.868901406324986,0,1,0
Unscaled beta,Foraging guild,Gulls,perc_forest,Forest,1,1,1970s,5,-1.8575186796946783,-1.73991257210498,1.8575186796946783,1.73991257210498,0,0.8,0.2
Unscaled beta,Foraging guild,Gulls,perc_forest,Forest,2,2,1990s,5,-2.546420175772603,-2.519743016458273,2.546420175772603,2.519743016458273,0,0.8,0.2
Unscaled beta,Foraging guild,Gulls,perc_forest,Forest,3,3,2010s,5,-1.782657722941396,-1.87645998941794,1.8015299572787782,1.87645998941794,0,0.8,0.2
Unscaled beta,Foraging guild,Gulls,perc_grass_shrub,"Grass/
shrubland",1,1,1970s,5,-0.11258507437582685,-0.3471022025246426,0.7971553342980627,0.7545280246767758,0.2,0,0.8
Unscaled beta,Foraging guild,Gulls,perc_grass_shrub,"Grass/
shrubland",2,2,1990s,5,-0.8382906323124104,-1.4998780886903211,1.4931184438389498,1.4998780886903211,0.2,0.4,0.4
Unscaled beta,Foraging guild,Gulls,perc_grass_shrub,"Grass/
shrubland",3,3,2010s,5,-1.9362561471654298,-2.064288368303529,1.9371984470132824,2.064288368303529,0,0.8,0.2
Unscaled beta,Foraging guild,Gulls,perc_pasture,Pasture,1,1,1970s,5,-0.19545579015744502,-0.040639280192832195,0.19703749274849622,0.040639280192832195,0,0,1
Unscaled beta,Foraging guild,Gulls,perc_pasture,Pasture,2,2,1990s,5,-0.9396724060203175,-1.250006681769232,1.0363086223001263,1.250006681769232,0,0.6,0.4
Unscaled beta,Foraging guild,Gulls,perc_pasture,Pasture,3,3,2010s,5,0.2198783470111631,0.020332030314425188,0.6167790349889269,0.04489403659175489,0.2,0,0.8
Unscaled beta,Foraging guild,Gulls,perc_urban,Urban,1,1,1970s,5,-2.3083420347122328,-2.200246682274461,2.3083420347122328,2.200246682274461,0,1,0
Unscaled beta,Foraging guild,Gulls,perc_urban,Urban,2,2,1990s,5,-1.1321530592119295,-1.2820113264727382,1.1321530592119295,1.2820113264727382,0,0.6,0.4
Unscaled beta,Foraging guild,Gulls,perc_urban,Urban,3,3,2010s,5,0.8654554116942297,1.1346730987156657,1.3037690857938855,1.1346730987156657,0.6,0.2,0.2
Unscaled beta,Foraging guild,Gulls,prec_breeding,Precipitation,1,1,1970s,5,-0.009170956986023437,-0.005957718873941442,0.009170956986023437,0.005957718873941442,0,0.2,0.8
Unscaled beta,Foraging guild,Gulls,prec_breeding,Precipitation,2,2,1990s,5,-0.014182463394535248,-0.02309125954142693,0.01759302937789368,0.02309125954142693,0.2,0.6,0.2
Unscaled beta,Foraging guild,Gulls,prec_breeding,Precipitation,3,3,2010s,5,-0.003934523412961266,-0.0016932478090353005,0.005019719509599374,0.00261691555193465,0,0.2,0.8
Unscaled beta,Foraging guild,Gulls,tmean_breeding,Temperature,1,1,1970s,5,-0.040853115526693844,0.19095414513564385,0.3858611808278912,0.24957655065255388,0,0.2,0.8
Unscaled beta,Foraging guild,Gulls,tmean_breeding,Temperature,2,2,1990s,5,0.3720527898865149,0.2674212896162108,0.6361198929916911,0.6601677577629406,0.4,0,0.6
Unscaled beta,Foraging guild,Gulls,tmean_breeding,Temperature,3,3,2010s,5,0.47258474854549604,0.46639400537435305,0.47258474854549604,0.46639400537435305,0.2,0,0.8
Unscaled beta,Foraging guild,Kingfishers,hh,"Habitat
heterogeneity",1,1,1970s,1,0.05175826332357589,0.05175826332357589,0.05175826332357589,0.05175826332357589,0,0,1
Unscaled beta,Foraging guild,Kingfishers,hh,"Habitat
heterogeneity",2,2,1990s,1,0.5869031639090132,0.5869031639090132,0.5869031639090132,0.5869031639090132,0,0,1
Unscaled beta,Foraging guild,Kingfishers,hh,"Habitat
heterogeneity",3,3,2010s,1,0.6472963694489801,0.6472963694489801,0.6472963694489801,0.6472963694489801,1,0,0
Unscaled beta,Foraging guild,Kingfishers,perc_cropland,Cropland,1,1,1970s,1,0.7185245394697365,0.7185245394697365,0.7185245394697365,0.7185245394697365,0,0,1
Unscaled beta,Foraging guild,Kingfishers,perc_cropland,Cropland,2,2,1990s,1,1.886360657881303,1.886360657881303,1.886360657881303,1.886360657881303,1,0,0
Unscaled beta,Foraging guild,Kingfishers,perc_cropland,Cropland,3,3,2010s,1,1.074618101590498,1.074618101590498,1.074618101590498,1.074618101590498,1,0,0
Unscaled beta,Foraging guild,Kingfishers,perc_forest,Forest,1,1,1970s,1,2.832507937921709,2.832507937921709,2.832507937921709,2.832507937921709,1,0,0
Unscaled beta,Foraging guild,Kingfishers,perc_forest,Forest,2,2,1990s,1,3.418743014633616,3.418743014633616,3.418743014633616,3.418743014633616,1,0,0
Unscaled beta,Foraging guild,Kingfishers,perc_forest,Forest,3,3,2010s,1,2.529344755223558,2.529344755223558,2.529344755223558,2.529344755223558,1,0,0
Unscaled beta,Foraging guild,Kingfishers,perc_grass_shrub,"Grass/
shrubland",1,1,1970s,1,3.683955304535225,3.683955304535225,3.683955304535225,3.683955304535225,1,0,0
Unscaled beta,Foraging guild,Kingfishers,perc_grass_shrub,"Grass/
shrubland",2,2,1990s,1,4.008877560417128,4.008877560417128,4.008877560417128,4.008877560417128,1,0,0
Unscaled beta,Foraging guild,Kingfishers,perc_grass_shrub,"Grass/
shrubland",3,3,2010s,1,2.2607678910641607,2.2607678910641607,2.2607678910641607,2.2607678910641607,1,0,0
Unscaled beta,Foraging guild,Kingfishers,perc_pasture,Pasture,1,1,1970s,1,-1.6787975785826912,-1.6787975785826912,1.6787975785826912,1.6787975785826912,0,1,0
Unscaled beta,Foraging guild,Kingfishers,perc_pasture,Pasture,2,2,1990s,1,1.4770701207426549,1.4770701207426549,1.4770701207426549,1.4770701207426549,1,0,0
Unscaled beta,Foraging guild,Kingfishers,perc_pasture,Pasture,3,3,2010s,1,1.1731453341712321,1.1731453341712321,1.1731453341712321,1.1731453341712321,1,0,0
Unscaled beta,Foraging guild,Kingfishers,perc_urban,Urban,1,1,1970s,1,1.7874590561341974,1.7874590561341974,1.7874590561341974,1.7874590561341974,1,0,0
Unscaled beta,Foraging guild,Kingfishers,perc_urban,Urban,2,2,1990s,1,2.981600554022974,2.981600554022974,2.981600554022974,2.981600554022974,1,0,0
Unscaled beta,Foraging guild,Kingfishers,perc_urban,Urban,3,3,2010s,1,2.413417750174065,2.413417750174065,2.413417750174065,2.413417750174065,1,0,0
Unscaled beta,Foraging guild,Kingfishers,prec_breeding,Precipitation,1,1,1970s,1,0.02949126839030729,0.02949126839030729,0.02949126839030729,0.02949126839030729,1,0,0
Unscaled beta,Foraging guild,Kingfishers,prec_breeding,Precipitation,2,2,1990s,1,0.008960222612957211,0.008960222612957211,0.008960222612957211,0.008960222612957211,1,0,0
Unscaled beta,Foraging guild,Kingfishers,prec_breeding,Precipitation,3,3,2010s,1,-0.0037497375445998877,-0.0037497375445998877,0.0037497375445998877,0.0037497375445998877,0,0,1
Unscaled beta,Foraging guild,Kingfishers,tmean_breeding,Temperature,1,1,1970s,1,0.5287435943012313,0.5287435943012313,0.5287435943012313,0.5287435943012313,0,0,1
Unscaled beta,Foraging guild,Kingfishers,tmean_breeding,Temperature,2,2,1990s,1,0.8184538949740741,0.8184538949740741,0.8184538949740741,0.8184538949740741,1,0,0
Unscaled beta,Foraging guild,Kingfishers,tmean_breeding,Temperature,3,3,2010s,1,0.72259322217314,0.72259322217314,0.72259322217314,0.72259322217314,1,0,0
Unscaled beta,Foraging guild,Low flycatching feeders,hh,"Habitat
heterogeneity",1,1,1970s,9,0.011897034680774514,0.004465103199154574,0.10312288856705266,0.033003723859616405,0,0,1
Unscaled beta,Foraging guild,Low flycatching feeders,hh,"Habitat
heterogeneity",2,2,1990s,9,0.18846554302191953,0.15533790326728217,0.19181302057121452,0.15533790326728217,0.1111111111111111,0,0.8888888888888888
Unscaled beta,Foraging guild,Low flycatching feeders,hh,"Habitat
heterogeneity",3,3,2010s,9,0.24329941094678695,0.10261394209814331,0.24329941094678695,0.10261394209814331,0.2222222222222222,0,0.7777777777777778
Unscaled beta,Foraging guild,Low flycatching feeders,perc_cropland,Cropland,1,1,1970s,9,0.29027476731875135,0.543493283152276,0.5673296675067153,0.5816992511778585,0.6666666666666666,0.1111111111111111,0.2222222222222222
Unscaled beta,Foraging guild,Low flycatching feeders,perc_cropland,Cropland,2,2,1990s,9,0.4073252189827972,0.2509069339835161,0.48282811120754093,0.27095645728463086,0.3333333333333333,0.1111111111111111,0.5555555555555556
Unscaled beta,Foraging guild,Low flycatching feeders,perc_cropland,Cropland,3,3,2010s,9,0.6756221806374171,0.749027105790811,0.7793421545087916,0.749027105790811,0.6666666666666666,0.1111111111111111,0.2222222222222222
Unscaled beta,Foraging guild,Low flycatching feeders,perc_forest,Forest,1,1,1970s,9,1.3474747517835624,1.401323056426437,1.4883435890339467,1.401323056426437,0.6666666666666666,0.1111111111111111,0.2222222222222222
Unscaled beta,Foraging guild,Low flycatching feeders,perc_forest,Forest,2,2,1990s,9,1.5251712933253463,1.8631389080533995,1.5472300625250641,1.8631389080533995,0.6666666666666666,0,0.3333333333333333
Unscaled beta,Foraging guild,Low flycatching feeders,perc_forest,Forest,3,3,2010s,9,1.8687558290252189,1.518404153615777,1.8945301054943113,1.518404153615777,0.6666666666666666,0,0.3333333333333333
Unscaled beta,Foraging guild,Low flycatching feeders,perc_grass_shrub,"Grass/
shrubland",1,1,1970s,9,0.4723059478359875,0.02091115009443548,0.48011034512935064,0.03511978782013407,0.3333333333333333,0,0.6666666666666666
Unscaled beta,Foraging guild,Low flycatching feeders,perc_grass_shrub,"Grass/
shrubland",2,2,1990s,9,1.108450523614446,0.7669401607973635,1.1112820988355143,0.7669401607973635,0.3333333333333333,0,0.6666666666666666
Unscaled beta,Foraging guild,Low flycatching feeders,perc_grass_shrub,"Grass/
shrubland",3,3,2010s,9,1.5192221782258806,2.341429758365206,2.2944055364878397,2.341429758365206,0.5555555555555556,0.2222222222222222,0.2222222222222222
Unscaled beta,Foraging guild,Low flycatching feeders,perc_pasture,Pasture,1,1,1970s,9,0.4689668610666625,0.09292186302233688,0.5454546909027248,0.1380106402130306,0.3333333333333333,0,0.6666666666666666
Unscaled beta,Foraging guild,Low flycatching feeders,perc_pasture,Pasture,2,2,1990s,9,0.5711651596048177,0.5180208596258545,0.9048513221671487,0.7460953998583821,0.4444444444444444,0,0.5555555555555556
Unscaled beta,Foraging guild,Low flycatching feeders,perc_pasture,Pasture,3,3,2010s,9,1.3833706535554517,1.1906849170584863,1.3833706535554517,1.1906849170584863,0.7777777777777778,0,0.2222222222222222
Unscaled beta,Foraging guild,Low flycatching feeders,perc_urban,Urban,1,1,1970s,9,1.1719262424534806,1.234398267387748,1.1989671077149215,1.234398267387748,0.7777777777777778,0,0.2222222222222222
Unscaled beta,Foraging guild,Low flycatching feeders,perc_urban,Urban,2,2,1990s,9,1.1253638469084888,1.34963143230831,1.2547726011131406,1.34963143230831,0.7777777777777778,0.1111111111111111,0.1111111111111111
Unscaled beta,Foraging guild,Low flycatching feeders,perc_urban,Urban,3,3,2010s,9,1.468779437999752,1.1659134856906042,1.5429588605328857,1.1659134856906042,0.7777777777777778,0,0.2222222222222222
Unscaled beta,Foraging guild,Low flycatching feeders,prec_breeding,Precipitation,1,1,1970s,9,-0.009386881774290406,-0.0071883561207523004,0.010569988889548384,0.0071883561207523004,0,0.4444444444444444,0.5555555555555556
Unscaled beta,Foraging guild,Low flycatching feeders,prec_breeding,Precipitation,2,2,1990s,9,-0.003511902943574902,-0.002406819683871536,0.007612985911385937,0.007345602319920413,0.1111111111111111,0.4444444444444444,0.4444444444444444
Unscaled beta,Foraging guild,Low flycatching feeders,prec_breeding,Precipitation,3,3,2010s,9,-0.0031147216377654776,-5.485348330908251e-4,0.006838612648833511,0.008184816199215654,0.2222222222222222,0.3333333333333333,0.4444444444444444
Unscaled beta,Foraging guild,Low flycatching feeders,tmean_breeding,Temperature,1,1,1970s,9,-0.1254930733339896,-0.002258061431928279,0.44452798836119484,0.4011151290878607,0.1111111111111111,0.2222222222222222,0.6666666666666666
Unscaled beta,Foraging guild,Low flycatching feeders,tmean_breeding,Temperature,2,2,1990s,9,0.29681223390720995,0.39783829481683236,0.6994620451150542,0.6366294481567255,0.4444444444444444,0.2222222222222222,0.3333333333333333
Unscaled beta,Foraging guild,Low flycatching feeders,tmean_breeding,Temperature,3,3,2010s,9,0.14845909735529325,0.0464531743962398,0.30616869391972823,0.16211903683717177,0.2222222222222222,0,0.7777777777777778
Unscaled beta,Foraging guild,Marsh warblers,hh,"Habitat
heterogeneity",1,1,1970s,6,0.2384559917185583,0.0936272319243165,0.24747973264525952,0.09866486663161814,0.3333333333333333,0,0.6666666666666666
Unscaled beta,Foraging guild,Marsh warblers,hh,"Habitat
heterogeneity",2,2,1990s,6,0.8839704184667008,0.8789982672839383,0.8839704184667008,0.8789982672839383,0.8333333333333334,0,0.16666666666666666
Unscaled beta,Foraging guild,Marsh warblers,hh,"Habitat
heterogeneity",3,3,2010s,6,1.0423306750505927,1.0486968223003694,1.0423306750505927,1.0486968223003694,0.8333333333333334,0,0.16666666666666666
Unscaled beta,Foraging guild,Marsh warblers,perc_cropland,Cropland,1,1,1970s,6,0.11701755565695851,0.06155092234324551,0.15153427540336575,0.08212645013120398,0.16666666666666666,0,0.8333333333333334
Unscaled beta,Foraging guild,Marsh warblers,perc_cropland,Cropland,2,2,1990s,6,0.4760815286738477,0.3557226225618989,0.4760815286738477,0.3557226225618989,0.5,0,0.5
Unscaled beta,Foraging guild,Marsh warblers,perc_cropland,Cropland,3,3,2010s,6,0.5238279873627482,0.5428080982581036,0.6603403828671293,0.6708071520564829,0.5,0.16666666666666666,0.3333333333333333
Unscaled beta,Foraging guild,Marsh warblers,perc_forest,Forest,1,1,1970s,6,0.12775929001947708,0.03984508944246172,0.14789945107516178,0.06693143612991449,0,0,1
Unscaled beta,Foraging guild,Marsh warblers,perc_forest,Forest,2,2,1990s,6,0.45438889228007806,0.19533224462527782,0.48219025162448,0.19533224462527782,0.3333333333333333,0,0.6666666666666666
Unscaled beta,Foraging guild,Marsh warblers,perc_forest,Forest,3,3,2010s,6,0.15251911872271384,0.05949454243355588,0.5987318728629005,0.5804673927918618,0.16666666666666666,0.3333333333333333,0.5
Unscaled beta,Foraging guild,Marsh warblers,perc_grass_shrub,"Grass/
shrubland",1,1,1970s,6,0.6982172640088544,0.8088353084610234,0.6982172640088544,0.8088353084610234,0,0,1
Unscaled beta,Foraging guild,Marsh warblers,perc_grass_shrub,"Grass/
shrubland",2,2,1990s,6,1.3030643190827327,1.1288705711947724,1.3030643190827327,1.1288705711947724,0.5,0,0.5
Unscaled beta,Foraging guild,Marsh warblers,perc_grass_shrub,"Grass/
shrubland",3,3,2010s,6,-0.026379888706234682,-0.09335415044443246,1.0116748236267383,0.7881957304313839,0.3333333333333333,0.16666666666666666,0.5
Unscaled beta,Foraging guild,Marsh warblers,perc_pasture,Pasture,1,1,1970s,6,0.37081832097758793,0.3745343744385125,0.3729117839107116,0.3745343744385125,0,0,1
Unscaled beta,Foraging guild,Marsh warblers,perc_pasture,Pasture,2,2,1990s,6,1.7019799780301816,1.7657357884132074,1.7019799780301816,1.7657357884132074,0.6666666666666666,0,0.3333333333333333
Unscaled beta,Foraging guild,Marsh warblers,perc_pasture,Pasture,3,3,2010s,6,1.953856936537814,1.8215462061194203,1.953856936537814,1.8215462061194203,0.8333333333333334,0,0.16666666666666666
Unscaled beta,Foraging guild,Marsh warblers,perc_urban,Urban,1,1,1970s,6,0.44149626970954714,0.310293324217056,0.44149626970954714,0.310293324217056,0.3333333333333333,0,0.6666666666666666
Unscaled beta,Foraging guild,Marsh warblers,perc_urban,Urban,2,2,1990s,6,1.318885043112814,1.477720605979494,1.32275781818104,1.477720605979494,0.8333333333333334,0,0.16666666666666666
Unscaled beta,Foraging guild,Marsh warblers,perc_urban,Urban,3,3,2010s,6,0.6090496477410035,0.23770374194002658,0.6385125593539815,0.24679324251996299,0.3333333333333333,0,0.6666666666666666
Unscaled beta,Foraging guild,Marsh warblers,prec_breeding,Precipitation,1,1,1970s,6,-0.014765961752181778,-0.01776121128248469,0.019337901124275067,0.01776121128248469,0.16666666666666666,0.6666666666666666,0.16666666666666666
Unscaled beta,Foraging guild,Marsh warblers,prec_breeding,Precipitation,2,2,1990s,6,-0.016580431105380353,-0.013946721631147605,0.016580431105380353,0.013946721631147605,0,0.8333333333333334,0.16666666666666666
Unscaled beta,Foraging guild,Marsh warblers,prec_breeding,Precipitation,3,3,2010s,6,-0.014890289573577145,-0.017329903036847352,0.014890289573577145,0.017329903036847352,0,0.8333333333333334,0.16666666666666666
Unscaled beta,Foraging guild,Marsh warblers,tmean_breeding,Temperature,1,1,1970s,6,0.8469991177158492,0.8760284578781736,0.8469991177158492,0.8760284578781736,0.8333333333333334,0,0.16666666666666666
Unscaled beta,Foraging guild,Marsh warblers,tmean_breeding,Temperature,2,2,1990s,6,1.2001413316203473,1.054824760279052,1.2001413316203473,1.054824760279052,1,0,0
Unscaled beta,Foraging guild,Marsh warblers,tmean_breeding,Temperature,3,3,2010s,6,1.6725028588179056,1.7923294881757785,1.6725028588179056,1.7923294881757785,0.8333333333333334,0,0.16666666666666666
Unscaled beta,Foraging guild,Nigthjars,hh,"Habitat
heterogeneity",1,1,1970s,1,6.316845339845617e-4,6.316845339845617e-4,6.316845339845617e-4,6.316845339845617e-4,0,0,1
Unscaled beta,Foraging guild,Nigthjars,hh,"Habitat
heterogeneity",2,2,1990s,1,0.6437606066464037,0.6437606066464037,0.6437606066464037,0.6437606066464037,0,0,1
Unscaled beta,Foraging guild,Nigthjars,hh,"Habitat
heterogeneity",3,3,2010s,1,1.5054979792981853,1.5054979792981853,1.5054979792981853,1.5054979792981853,1,0,0
Unscaled beta,Foraging guild,Nigthjars,perc_cropland,Cropland,1,1,1970s,1,-0.0720265021750265,-0.0720265021750265,0.0720265021750265,0.0720265021750265,0,0,1
Unscaled beta,Foraging guild,Nigthjars,perc_cropland,Cropland,2,2,1990s,1,-0.8462882623432602,-0.8462882623432602,0.8462882623432602,0.8462882623432602,0,1,0
Unscaled beta,Foraging guild,Nigthjars,perc_cropland,Cropland,3,3,2010s,1,-1.5138956871034155,-1.5138956871034155,1.5138956871034155,1.5138956871034155,0,1,0
Unscaled beta,Foraging guild,Nigthjars,perc_forest,Forest,1,1,1970s,1,2.906466999047404,2.906466999047404,2.906466999047404,2.906466999047404,1,0,0
Unscaled beta,Foraging guild,Nigthjars,perc_forest,Forest,2,2,1990s,1,3.30390804137964,3.30390804137964,3.30390804137964,3.30390804137964,1,0,0
Unscaled beta,Foraging guild,Nigthjars,perc_forest,Forest,3,3,2010s,1,3.319539489117036,3.319539489117036,3.319539489117036,3.319539489117036,1,0,0
Unscaled beta,Foraging guild,Nigthjars,perc_grass_shrub,"Grass/
shrubland",1,1,1970s,1,0.3289021711480742,0.3289021711480742,0.3289021711480742,0.3289021711480742,0,0,1
Unscaled beta,Foraging guild,Nigthjars,perc_grass_shrub,"Grass/
shrubland",2,2,1990s,1,0.004183041749150221,0.004183041749150221,0.004183041749150221,0.004183041749150221,0,0,1
Unscaled beta,Foraging guild,Nigthjars,perc_grass_shrub,"Grass/
shrubland",3,3,2010s,1,-0.19068838075411998,-0.19068838075411998,0.19068838075411998,0.19068838075411998,0,0,1
Unscaled beta,Foraging guild,Nigthjars,perc_pasture,Pasture,1,1,1970s,1,1.2176858367189975,1.2176858367189975,1.2176858367189975,1.2176858367189975,1,0,0
Unscaled beta,Foraging guild,Nigthjars,perc_pasture,Pasture,2,2,1990s,1,1.9212947740550448,1.9212947740550448,1.9212947740550448,1.9212947740550448,1,0,0
Unscaled beta,Foraging guild,Nigthjars,perc_pasture,Pasture,3,3,2010s,1,0.5279257088839465,0.5279257088839465,0.5279257088839465,0.5279257088839465,0,0,1
Unscaled beta,Foraging guild,Nigthjars,perc_urban,Urban,1,1,1970s,1,-0.3034553040491132,-0.3034553040491132,0.3034553040491132,0.3034553040491132,0,0,1
Unscaled beta,Foraging guild,Nigthjars,perc_urban,Urban,2,2,1990s,1,-0.012437120901647768,-0.012437120901647768,0.012437120901647768,0.012437120901647768,0,0,1
Unscaled beta,Foraging guild,Nigthjars,perc_urban,Urban,3,3,2010s,1,-3.127921954448089,-3.127921954448089,3.127921954448089,3.127921954448089,0,1,0
Unscaled beta,Foraging guild,Nigthjars,prec_breeding,Precipitation,1,1,1970s,1,0.01565505885280557,0.01565505885280557,0.01565505885280557,0.01565505885280557,1,0,0
Unscaled beta,Foraging guild,Nigthjars,prec_breeding,Precipitation,2,2,1990s,1,9.203234542923023e-4,9.203234542923023e-4,9.203234542923023e-4,9.203234542923023e-4,0,0,1
Unscaled beta,Foraging guild,Nigthjars,prec_breeding,Precipitation,3,3,2010s,1,0.0023215865221503347,0.0023215865221503347,0.0023215865221503347,0.0023215865221503347,0,0,1
Unscaled beta,Foraging guild,Nigthjars,tmean_breeding,Temperature,1,1,1970s,1,-0.02409243939926628,-0.02409243939926628,0.02409243939926628,0.02409243939926628,0,0,1
Unscaled beta,Foraging guild,Nigthjars,tmean_breeding,Temperature,2,2,1990s,1,-0.11600400845614212,-0.11600400845614212,0.11600400845614212,0.11600400845614212,0,0,1
Unscaled beta,Foraging guild,Nigthjars,tmean_breeding,Temperature,3,3,2010s,1,3.7253282063111104e-4,3.7253282063111104e-4,3.7253282063111104e-4,3.7253282063111104e-4,0,0,1
Unscaled beta,Foraging guild,Omnivorous corvids,hh,"Habitat
heterogeneity",1,1,1970s,7,0.16183340232527005,0.12539941550767905,0.34226489649564934,0.15388133229573384,0.14285714285714285,0.14285714285714285,0.7142857142857143
Unscaled beta,Foraging guild,Omnivorous corvids,hh,"Habitat
heterogeneity",2,2,1990s,7,0.4383718975118037,0.5212018901538542,0.5498502893363787,0.5212018901538542,0.7142857142857143,0,0.2857142857142857
Unscaled beta,Foraging guild,Omnivorous corvids,hh,"Habitat
heterogeneity",3,3,2010s,7,0.16441246806587342,0.03446275940195856,0.2502043002522915,0.2183640266186992,0.14285714285714285,0,0.8571428571428571
Unscaled beta,Foraging guild,Omnivorous corvids,perc_cropland,Cropland,1,1,1970s,7,0.6705660138937486,0.6742957087082138,0.6705660138937486,0.6742957087082138,0.8571428571428571,0,0.14285714285714285
Unscaled beta,Foraging guild,Omnivorous corvids,perc_cropland,Cropland,2,2,1990s,7,0.6607611034711277,0.6484720759611038,0.7083025198824865,0.6484720759611038,0.8571428571428571,0,0.14285714285714285
Unscaled beta,Foraging guild,Omnivorous corvids,perc_cropland,Cropland,3,3,2010s,7,0.5951656398094781,0.677802333708445,0.6778699461841163,0.677802333708445,0.7142857142857143,0,0.2857142857142857
Unscaled beta,Foraging guild,Omnivorous corvids,perc_forest,Forest,1,1,1970s,7,1.002767188201171,1.339503111094146,1.2394688670176077,1.339503111094146,0.7142857142857143,0.14285714285714285,0.14285714285714285
Unscaled beta,Foraging guild,Omnivorous corvids,perc_forest,Forest,2,2,1990s,7,1.335129274202215,1.40014308859246,1.5101782597417621,1.40014308859246,0.8571428571428571,0.14285714285714285,0
Unscaled beta,Foraging guild,Omnivorous corvids,perc_forest,Forest,3,3,2010s,7,0.5985182262750143,0.8065834306168621,0.9963536476543514,0.8127762025243134,0.5714285714285714,0.14285714285714285,0.2857142857142857
Unscaled beta,Foraging guild,Omnivorous corvids,perc_grass_shrub,"Grass/
shrubland",1,1,1970s,7,0.400313992436434,0.3552587066724222,0.492223799739209,0.3552587066724222,0.14285714285714285,0,0.8571428571428571
Unscaled beta,Foraging guild,Omnivorous corvids,perc_grass_shrub,"Grass/
shrubland",2,2,1990s,7,0.12738029534260578,0.01234537420832559,0.24878389999154987,0.2092785854126356,0,0,1
Unscaled beta,Foraging guild,Omnivorous corvids,perc_grass_shrub,"Grass/
shrubland",3,3,2010s,7,0.3488526746790118,0.2576851200525034,0.5040659391334507,0.372370809477742,0.2857142857142857,0,0.7142857142857143
Unscaled beta,Foraging guild,Omnivorous corvids,perc_pasture,Pasture,1,1,1970s,7,0.6217216247363732,0.7201905805277217,0.6794563947407136,0.7201905805277217,0.42857142857142855,0,0.5714285714285714
Unscaled beta,Foraging guild,Omnivorous corvids,perc_pasture,Pasture,2,2,1990s,7,0.1639655801569072,0.2168998006271267,0.29111847703340593,0.28167959308430146,0.14285714285714285,0,0.8571428571428571
Unscaled beta,Foraging guild,Omnivorous corvids,perc_pasture,Pasture,3,3,2010s,7,0.4051905897153647,0.3311426770529465,0.430543480966291,0.3311426770529465,0.2857142857142857,0,0.7142857142857143
Unscaled beta,Foraging guild,Omnivorous corvids,perc_urban,Urban,1,1,1970s,7,1.0808728323584451,1.267663856118585,1.4300526163060818,1.267663856118585,0.5714285714285714,0.14285714285714285,0.2857142857142857
Unscaled beta,Foraging guild,Omnivorous corvids,perc_urban,Urban,2,2,1990s,7,1.51914586003522,0.7102798580024445,1.5219504032752451,0.7102798580024445,0.7142857142857143,0,0.2857142857142857
Unscaled beta,Foraging guild,Omnivorous corvids,perc_urban,Urban,3,3,2010s,7,2.3758384498255354,1.486905262763526,2.4103255928411467,1.486905262763526,0.7142857142857143,0,0.2857142857142857
Unscaled beta,Foraging guild,Omnivorous corvids,prec_breeding,Precipitation,1,1,1970s,7,0.006412711714411842,-6.830523756884183e-4,0.015505946417964675,0.010282989954803349,0.2857142857142857,0.2857142857142857,0.42857142857142855
Unscaled beta,Foraging guild,Omnivorous corvids,prec_breeding,Precipitation,2,2,1990s,7,-0.003697366880917592,-3.85366747718103e-5,0.008806923163376794,0.008501384483013633,0.2857142857142857,0.42857142857142855,0.2857142857142857
Unscaled beta,Foraging guild,Omnivorous corvids,prec_breeding,Precipitation,3,3,2010s,7,0.0010038459727999016,-3.843756563214335e-4,0.010044475890662102,0.010554011082712691,0.42857142857142855,0.42857142857142855,0.14285714285714285
Unscaled beta,Foraging guild,Omnivorous corvids,tmean_breeding,Temperature,1,1,1970s,7,0.18827757037713952,-0.2763668777674248,1.1546028554735885,0.9309563235470423,0.2857142857142857,0.42857142857142855,0.2857142857142857
Unscaled beta,Foraging guild,Omnivorous corvids,tmean_breeding,Temperature,2,2,1990s,7,-0.35650114393148413,-1.01377668250518,1.5837039816178087,1.0927333798852,0.14285714285714285,0.7142857142857143,0.14285714285714285
Unscaled beta,Foraging guild,Omnivorous corvids,tmean_breeding,Temperature,3,3,2010s,7,-0.20816728501257725,-0.6904858093439654,1.058197867705985,0.8342313154463822,0.14285714285714285,0.7142857142857143,0.14285714285714285
Unscaled beta,Foraging guild,Open-land insectivores,hh,"Habitat
heterogeneity",1,1,1970s,6,0.38744588354583437,0.36824709858120025,0.5019062257207862,0.4185898677671562,0.3333333333333333,0,0.6666666666666666
Unscaled beta,Foraging guild,Open-land insectivores,hh,"Habitat
heterogeneity",2,2,1990s,6,0.4907457301506158,0.4754536556840409,0.5018531089257645,0.4754536556840409,0.16666666666666666,0,0.8333333333333334
Unscaled beta,Foraging guild,Open-land insectivores,hh,"Habitat
heterogeneity",3,3,2010s,6,0.3035915575915499,0.2673095296054416,0.3038561307454811,0.2673095296054416,0.3333333333333333,0,0.6666666666666666
Unscaled beta,Foraging guild,Open-land insectivores,perc_cropland,Cropland,1,1,1970s,6,0.005730445252684245,-0.08618744539257371,0.29438437456267086,0.18136266296152884,0,0.16666666666666666,0.8333333333333334
Unscaled beta,Foraging guild,Open-land insectivores,perc_cropland,Cropland,2,2,1990s,6,0.07664138668161004,0.02401765246679461,0.4737788999054371,0.5433753846159175,0.3333333333333333,0.16666666666666666,0.5
Unscaled beta,Foraging guild,Open-land insectivores,perc_cropland,Cropland,3,3,2010s,6,0.3320156226077564,0.30898770497588673,0.6452416680438735,0.6949505482935534,0.5,0.16666666666666666,0.3333333333333333
Unscaled beta,Foraging guild,Open-land insectivores,perc_forest,Forest,1,1,1970s,6,0.40707154527155187,0.4823480210692085,1.0940816775970121,1.170024101964181,0.5,0.3333333333333333,0.16666666666666666
Unscaled beta,Foraging guild,Open-land insectivores,perc_forest,Forest,2,2,1990s,6,0.5515267374071828,0.5159397546160437,1.2713264785902985,1.085724278776789,0.5,0.3333333333333333,0.16666666666666666
Unscaled beta,Foraging guild,Open-land insectivores,perc_forest,Forest,3,3,2010s,6,0.8265840251841936,0.9003960071556683,1.592198880858592,1.4820549946098196,0.5,0.3333333333333333,0.16666666666666666
Unscaled beta,Foraging guild,Open-land insectivores,perc_grass_shrub,"Grass/
shrubland",1,1,1970s,6,0.2739018314282303,0.2934722066558786,0.3071944371724761,0.2934722066558786,0,0,1
Unscaled beta,Foraging guild,Open-land insectivores,perc_grass_shrub,"Grass/
shrubland",2,2,1990s,6,0.029516277867634666,0.055976735870846055,0.7233087089199759,0.6137126329278216,0.16666666666666666,0.16666666666666666,0.6666666666666666
Unscaled beta,Foraging guild,Open-land insectivores,perc_grass_shrub,"Grass/
shrubland",3,3,2010s,6,1.0967681838886847,0.8251317043319529,1.2138658918542227,0.8251317043319529,0.3333333333333333,0,0.6666666666666666
Unscaled beta,Foraging guild,Open-land insectivores,perc_pasture,Pasture,1,1,1970s,6,0.07414244891713523,0.06869066981257105,0.1317245589769123,0.10065089537872973,0,0,1
Unscaled beta,Foraging guild,Open-land insectivores,perc_pasture,Pasture,2,2,1990s,6,0.2698891980973032,0.05967435892995468,0.5881451571059353,0.5066062771422515,0.3333333333333333,0,0.6666666666666666
Unscaled beta,Foraging guild,Open-land insectivores,perc_pasture,Pasture,3,3,2010s,6,1.1673788295602587,0.8539511677173186,1.1838440055852555,0.8539511677173186,0.5,0,0.5
Unscaled beta,Foraging guild,Open-land insectivores,perc_urban,Urban,1,1,1970s,6,-0.07005669368162976,-0.02190042326117457,0.4762207058387015,0.5584662295231104,0.16666666666666666,0.16666666666666666,0.6666666666666666
Unscaled beta,Foraging guild,Open-land insectivores,perc_urban,Urban,2,2,1990s,6,-0.3271791037406496,-0.3001781649725238,0.8144961461495969,0.948912247546448,0.16666666666666666,0.5,0.3333333333333333
Unscaled beta,Foraging guild,Open-land insectivores,perc_urban,Urban,3,3,2010s,6,-0.2072663097480209,-0.2595808884692454,0.7630470656594841,0.6620890262500965,0.16666666666666666,0.3333333333333333,0.5
Unscaled beta,Foraging guild,Open-land insectivores,prec_breeding,Precipitation,1,1,1970s,6,-0.0020024137257621025,-0.011212672889701483,0.01617428006135682,0.016052367790976903,0.3333333333333333,0.5,0.16666666666666666
Unscaled beta,Foraging guild,Open-land insectivores,prec_breeding,Precipitation,2,2,1990s,6,-0.004323982041504382,-0.005651833373885048,0.007141807618013479,0.009471385860573018,0.16666666666666666,0.3333333333333333,0.5
Unscaled beta,Foraging guild,Open-land insectivores,prec_breeding,Precipitation,3,3,2010s,6,-0.005894078252263403,-0.0019686419873329772,0.0075698979981075505,0.004375199455480331,0.16666666666666666,0.3333333333333333,0.5
Unscaled beta,Foraging guild,Open-land insectivores,tmean_breeding,Temperature,1,1,1970s,6,0.9040922959093265,0.6967249710512178,0.9040922959093265,0.6967249710512178,0.5,0,0.5
Unscaled beta,Foraging guild,Open-land insectivores,tmean_breeding,Temperature,2,2,1990s,6,0.6344432840378583,0.23058786757304073,0.7427480531765172,0.2845447247651251,0.3333333333333333,0,0.6666666666666666
Unscaled beta,Foraging guild,Open-land insectivores,tmean_breeding,Temperature,3,3,2010s,6,0.638433303330401,0.2450599719497714,0.8658479598047731,0.42296298174543917,0.3333333333333333,0,0.6666666666666666
Unscaled beta,Foraging guild,Orioles,hh,"Habitat
heterogeneity",1,1,1970s,1,0.15241887730477477,0.15241887730477477,0.15241887730477477,0.15241887730477477,0,0,1
Unscaled beta,Foraging guild,Orioles,hh,"Habitat
heterogeneity",2,2,1990s,1,0.3916580958714262,0.3916580958714262,0.3916580958714262,0.3916580958714262,0,0,1
Unscaled beta,Foraging guild,Orioles,hh,"Habitat
heterogeneity",3,3,2010s,1,1.2931344220382877,1.2931344220382877,1.2931344220382877,1.2931344220382877,0,0,1
Unscaled beta,Foraging guild,Orioles,perc_cropland,Cropland,1,1,1970s,1,-0.13607714503900553,-0.13607714503900553,0.13607714503900553,0.13607714503900553,0,0,1
Unscaled beta,Foraging guild,Orioles,perc_cropland,Cropland,2,2,1990s,1,-0.8734987379333033,-0.8734987379333033,0.8734987379333033,0.8734987379333033,0,1,0
Unscaled beta,Foraging guild,Orioles,perc_cropland,Cropland,3,3,2010s,1,-0.45367382907517373,-0.45367382907517373,0.45367382907517373,0.45367382907517373,0,0,1
Unscaled beta,Foraging guild,Orioles,perc_forest,Forest,1,1,1970s,1,0.14944190391727544,0.14944190391727544,0.14944190391727544,0.14944190391727544,0,0,1
Unscaled beta,Foraging guild,Orioles,perc_forest,Forest,2,2,1990s,1,-3.101774454498701e-5,-3.101774454498701e-5,3.101774454498701e-5,3.101774454498701e-5,0,0,1
Unscaled beta,Foraging guild,Orioles,perc_forest,Forest,3,3,2010s,1,0.14642483339392645,0.14642483339392645,0.14642483339392645,0.14642483339392645,0,0,1
Unscaled beta,Foraging guild,Orioles,perc_grass_shrub,"Grass/
shrubland",1,1,1970s,1,0.03435665851156749,0.03435665851156749,0.03435665851156749,0.03435665851156749,0,0,1
Unscaled beta,Foraging guild,Orioles,perc_grass_shrub,"Grass/
shrubland",2,2,1990s,1,0.6246213315400879,0.6246213315400879,0.6246213315400879,0.6246213315400879,0,0,1
Unscaled beta,Foraging guild,Orioles,perc_grass_shrub,"Grass/
shrubland",3,3,2010s,1,0.02671681115813578,0.02671681115813578,0.02671681115813578,0.02671681115813578,0,0,1
Unscaled beta,Foraging guild,Orioles,perc_pasture,Pasture,1,1,1970s,1,-0.6417045261644025,-0.6417045261644025,0.6417045261644025,0.6417045261644025,0,0,1
Unscaled beta,Foraging guild,Orioles,perc_pasture,Pasture,2,2,1990s,1,-3.5933922459936998,-3.5933922459936998,3.5933922459936998,3.5933922459936998,0,1,0
Unscaled beta,Foraging guild,Orioles,perc_pasture,Pasture,3,3,2010s,1,-0.14312130971094608,-0.14312130971094608,0.14312130971094608,0.14312130971094608,0,0,1
Unscaled beta,Foraging guild,Orioles,perc_urban,Urban,1,1,1970s,1,-2.095951907281167,-2.095951907281167,2.095951907281167,2.095951907281167,0,1,0
Unscaled beta,Foraging guild,Orioles,perc_urban,Urban,2,2,1990s,1,-2.414672508871602,-2.414672508871602,2.414672508871602,2.414672508871602,0,1,0
Unscaled beta,Foraging guild,Orioles,perc_urban,Urban,3,3,2010s,1,-2.2993794640568193,-2.2993794640568193,2.2993794640568193,2.2993794640568193,0,1,0
Unscaled beta,Foraging guild,Orioles,prec_breeding,Precipitation,1,1,1970s,1,-0.010506437236669589,-0.010506437236669589,0.010506437236669589,0.010506437236669589,0,1,0
Unscaled beta,Foraging guild,Orioles,prec_breeding,Precipitation,2,2,1990s,1,-0.01723266754447513,-0.01723266754447513,0.01723266754447513,0.01723266754447513,0,1,0
Unscaled beta,Foraging guild,Orioles,prec_breeding,Precipitation,3,3,2010s,1,-0.01558099999268955,-0.01558099999268955,0.01558099999268955,0.01558099999268955,0,1,0
Unscaled beta,Foraging guild,Orioles,tmean_breeding,Temperature,1,1,1970s,1,1.434628984706403,1.434628984706403,1.434628984706403,1.434628984706403,1,0,0
Unscaled beta,Foraging guild,Orioles,tmean_breeding,Temperature,2,2,1990s,1,1.506397041455783,1.506397041455783,1.506397041455783,1.506397041455783,1,0,0
Unscaled beta,Foraging guild,Orioles,tmean_breeding,Temperature,3,3,2010s,1,3.294601074335513,3.294601074335513,3.294601074335513,3.294601074335513,1,0,0
Unscaled beta,Foraging guild,Owls,hh,"Habitat
heterogeneity",1,1,1970s,5,0.08674196664576382,0.005637969967791477,0.10204650149211787,0.03808159018582969,0,0,1
Unscaled beta,Foraging guild,Owls,hh,"Habitat
heterogeneity",2,2,1990s,5,0.22956103306704098,0.12365568966235603,0.2324215677595654,0.12365568966235603,0.2,0,0.8
Unscaled beta,Foraging guild,Owls,hh,"Habitat
heterogeneity",3,3,2010s,5,0.7019776854237129,0.8677048029792407,0.7019776854237129,0.8677048029792407,0.6,0,0.4
Unscaled beta,Foraging guild,Owls,perc_cropland,Cropland,1,1,1970s,5,0.645804451315863,0.7114629979434439,0.645804451315863,0.7114629979434439,0.8,0,0.2
Unscaled beta,Foraging guild,Owls,perc_cropland,Cropland,2,2,1990s,5,0.44407305867824975,0.33831488725761627,0.5399048042631858,0.33831488725761627,0.4,0,0.6
Unscaled beta,Foraging guild,Owls,perc_cropland,Cropland,3,3,2010s,5,0.16033913827979468,0.7568325592688895,0.9223381269525379,0.8595690742133567,0.6,0.2,0.2
Unscaled beta,Foraging guild,Owls,perc_forest,Forest,1,1,1970s,5,1.0940587518786193,1.46521673651968,1.0982739964352521,1.46521673651968,0.6,0,0.4
Unscaled beta,Foraging guild,Owls,perc_forest,Forest,2,2,1990s,5,0.47918885096067027,-0.3773311896315738,1.1057622848862627,0.6946889930870597,0.4,0,0.6
Unscaled beta,Foraging guild,Owls,perc_forest,Forest,3,3,2010s,5,-0.04079637431979703,-0.06576261331348895,1.2486558493757376,1.5085889572603117,0.4,0.4,0.2
Unscaled beta,Foraging guild,Owls,perc_grass_shrub,"Grass/
shrubland",1,1,1970s,5,1.0019773260797573,0.5435442896199278,1.0019773260797573,0.5435442896199278,0.2,0,0.8
Unscaled beta,Foraging guild,Owls,perc_grass_shrub,"Grass/
shrubland",2,2,1990s,5,0.3076764030365117,0.05012309675268146,0.5226884975394009,0.19362753166765226,0.2,0,0.8
Unscaled beta,Foraging guild,Owls,perc_grass_shrub,"Grass/
shrubland",3,3,2010s,5,-1.5318413818816545,-1.6689254096445891,1.622053746621254,1.6689254096445891,0,0.6,0.4
Unscaled beta,Foraging guild,Owls,perc_pasture,Pasture,1,1,1970s,5,0.2808194717006004,0.1382156902347328,0.31292406142816886,0.1382156902347328,0.2,0,0.8
Unscaled beta,Foraging guild,Owls,perc_pasture,Pasture,2,2,1990s,5,0.8015669511641306,0.894455150713279,0.8029793533833617,0.894455150713279,0.4,0,0.6
Unscaled beta,Foraging guild,Owls,perc_pasture,Pasture,3,3,2010s,5,-0.017340915242663638,0.0048089007135545285,0.5263581767138042,0.6156877425203743,0.2,0,0.8
Unscaled beta,Foraging guild,Owls,perc_urban,Urban,1,1,1970s,5,0.5673959156591624,0.16595858412731654,0.7585448437630218,0.47787232025964843,0.4,0,0.6
Unscaled beta,Foraging guild,Owls,perc_urban,Urban,2,2,1990s,5,0.47254387457329206,0.5175860141538859,0.5268913480817559,0.5175860141538859,0.4,0,0.6
Unscaled beta,Foraging guild,Owls,perc_urban,Urban,3,3,2010s,5,-0.24582479752271671,-0.20051987047306982,1.050668281217295,0.9050958762232275,0.4,0.2,0.4
Unscaled beta,Foraging guild,Owls,prec_breeding,Precipitation,1,1,1970s,5,-0.004431092228982209,4.179944127420198e-5,0.011955776574475635,0.00663497673218006,0.2,0.4,0.4
Unscaled beta,Foraging guild,Owls,prec_breeding,Precipitation,2,2,1990s,5,-0.007077703740910038,-0.005329653193091679,0.007077703740910038,0.005329653193091679,0,0.4,0.6
Unscaled beta,Foraging guild,Owls,prec_breeding,Precipitation,3,3,2010s,5,-1.5096153872452416e-4,-0.0036412430004869917,0.007833324827991152,0.00545765951033418,0.2,0.4,0.4
Unscaled beta,Foraging guild,Owls,tmean_breeding,Temperature,1,1,1970s,5,0.9937397209679005,0.9651271428202092,0.9937397209679005,0.9651271428202092,0.8,0,0.2
Unscaled beta,Foraging guild,Owls,tmean_breeding,Temperature,2,2,1990s,5,0.2804793901337028,0.09791975280581885,0.6848231661425033,0.7920981042613984,0.4,0.2,0.4
Unscaled beta,Foraging guild,Owls,tmean_breeding,Temperature,3,3,2010s,5,0.30843213399987846,0.3101010214341919,0.30843213399987846,0.3101010214341919,0,0,1
Unscaled beta,Foraging guild,Passerine seedeaters,hh,"Habitat
heterogeneity",1,1,1970s,12,0.1703542149594079,0.06593523265607207,0.2278294067904011,0.17133170752023522,0.16666666666666666,0,0.8333333333333334
Unscaled beta,Foraging guild,Passerine seedeaters,hh,"Habitat
heterogeneity",2,2,1990s,12,0.6938904495243325,0.7383807106034934,0.6938904495243325,0.7383807106034934,0.6666666666666666,0,0.3333333333333333
Unscaled beta,Foraging guild,Passerine seedeaters,hh,"Habitat
heterogeneity",3,3,2010s,12,0.5917340162661143,0.7222225044103328,0.5928490435831508,0.7222225044103328,0.6666666666666666,0,0.3333333333333333
Unscaled beta,Foraging guild,Passerine seedeaters,perc_cropland,Cropland,1,1,1970s,12,0.04132638214482451,0.26117638984322133,0.7761797638226821,0.6972517301824583,0.5,0.3333333333333333,0.16666666666666666
Unscaled beta,Foraging guild,Passerine seedeaters,perc_cropland,Cropland,2,2,1990s,12,0.150225251426004,0.09518799676156284,0.7423487667993298,0.8051043899954833,0.4166666666666667,0.25,0.3333333333333333
Unscaled beta,Foraging guild,Passerine seedeaters,perc_cropland,Cropland,3,3,2010s,12,0.10084269211643647,0.1320148505830468,0.6643462999206008,0.5915402685976153,0.5,0.25,0.25
Unscaled beta,Foraging guild,Passerine seedeaters,perc_forest,Forest,1,1,1970s,12,0.8905341471276498,1.2385759630916269,1.3016908957180795,1.2821207721316061,0.6666666666666666,0,0.3333333333333333
Unscaled beta,Foraging guild,Passerine seedeaters,perc_forest,Forest,2,2,1990s,12,1.1601071624264216,0.886280806569137,1.3762093125140986,1.0700078379721396,0.5833333333333334,0.08333333333333333,0.3333333333333333
Unscaled beta,Foraging guild,Passerine seedeaters,perc_forest,Forest,3,3,2010s,12,0.8316712935103385,0.6149201894896789,1.378614725467233,0.9705023691455907,0.5833333333333334,0.16666666666666666,0.25
Unscaled beta,Foraging guild,Passerine seedeaters,perc_grass_shrub,"Grass/
shrubland",1,1,1970s,12,0.12000353337818594,0.03784041801751479,0.3970694497420384,0.3431656710892179,0.08333333333333333,0,0.9166666666666666
Unscaled beta,Foraging guild,Passerine seedeaters,perc_grass_shrub,"Grass/
shrubland",2,2,1990s,12,-0.5242495171148606,-0.2573820647222729,0.7122986311356863,0.5012468341282946,0.08333333333333333,0.25,0.6666666666666666
Unscaled beta,Foraging guild,Passerine seedeaters,perc_grass_shrub,"Grass/
shrubland",3,3,2010s,12,-0.5938898324932284,-0.14886037203476205,1.1618664081606385,0.45492121359629833,0.16666666666666666,0.25,0.5833333333333334
Unscaled beta,Foraging guild,Passerine seedeaters,perc_pasture,Pasture,1,1,1970s,12,0.26323633401786983,-0.005958230987546873,0.32302973416550795,0.11265155496086043,0.08333333333333333,0,0.9166666666666666
Unscaled beta,Foraging guild,Passerine seedeaters,perc_pasture,Pasture,2,2,1990s,12,-0.5256859642528245,-0.3884807806447667,0.5788020556186391,0.3884807806447667,0,0.3333333333333333,0.6666666666666666
Unscaled beta,Foraging guild,Passerine seedeaters,perc_pasture,Pasture,3,3,2010s,12,0.058824277587883424,-0.04371601910116592,0.32128104164728327,0.2104589097419468,0.08333333333333333,0,0.9166666666666666
Unscaled beta,Foraging guild,Passerine seedeaters,perc_urban,Urban,1,1,1970s,12,0.8380756683858094,1.1594742572878647,1.3881102430533012,1.3077453494176425,0.5833333333333334,0.08333333333333333,0.3333333333333333
Unscaled beta,Foraging guild,Passerine seedeaters,perc_urban,Urban,2,2,1990s,12,0.644222352822863,0.5128139836025637,0.9619633119312234,0.7808638135372139,0.5,0.08333333333333333,0.4166666666666667
Unscaled beta,Foraging guild,Passerine seedeaters,perc_urban,Urban,3,3,2010s,12,0.6928423615162912,0.36604818302366926,1.3114233966909457,1.2332269801806994,0.5,0.16666666666666666,0.3333333333333333
Unscaled beta,Foraging guild,Passerine seedeaters,prec_breeding,Precipitation,1,1,1970s,12,-0.006239280972399324,-0.0053657409941632785,0.009359590654810786,0.0076493311819066274,0.08333333333333333,0.4166666666666667,0.5
Unscaled beta,Foraging guild,Passerine seedeaters,prec_breeding,Precipitation,2,2,1990s,12,-0.0028080879061676456,-4.5922753475801075e-4,0.0037970838389435897,0.0018948420936461068,0,0.16666666666666666,0.8333333333333334
Unscaled beta,Foraging guild,Passerine seedeaters,prec_breeding,Precipitation,3,3,2010s,12,-0.005169974075900629,-0.003794494854736326,0.005782514704715442,0.003862607961181674,0,0.5,0.5
Unscaled beta,Foraging guild,Passerine seedeaters,tmean_breeding,Temperature,1,1,1970s,12,-0.07606092636636991,-0.03853372750513762,0.4841259992757747,0.5119178169336894,0.25,0.16666666666666666,0.5833333333333334
Unscaled beta,Foraging guild,Passerine seedeaters,tmean_breeding,Temperature,2,2,1990s,12,0.06626154302475588,-0.02103123492350082,0.362438505538265,0.29052323117153134,0.08333333333333333,0.08333333333333333,0.8333333333333334
Unscaled beta,Foraging guild,Passerine seedeaters,tmean_breeding,Temperature,3,3,2010s,12,0.04672596078094639,0.040188617072458827,0.3266877057348709,0.21608540080829655,0.16666666666666666,0.08333333333333333,0.75
Unscaled beta,Foraging guild,Plovers,hh,"Habitat
heterogeneity",1,1,1970s,6,1.7311970528495537,2.032124475731622,1.7311970528495537,2.032124475731622,0.8333333333333334,0,0.16666666666666666
Unscaled beta,Foraging guild,Plovers,hh,"Habitat
heterogeneity",2,2,1990s,6,1.5408292521602085,1.6088846338861966,1.5408292521602085,1.6088846338861966,1,0,0
Unscaled beta,Foraging guild,Plovers,hh,"Habitat
heterogeneity",3,3,2010s,6,1.009122232285429,1.021307608719401,1.009122232285429,1.021307608719401,0.6666666666666666,0,0.3333333333333333
Unscaled beta,Foraging guild,Plovers,perc_cropland,Cropland,1,1,1970s,6,-0.8815900695501284,-1.501158984713519,1.502273405206392,1.501158984713519,0.3333333333333333,0.6666666666666666,0
Unscaled beta,Foraging guild,Plovers,perc_cropland,Cropland,2,2,1990s,6,-0.562788949283923,-1.1275740571808874,1.485130545147358,1.434614138195756,0.3333333333333333,0.5,0.16666666666666666
Unscaled beta,Foraging guild,Plovers,perc_cropland,Cropland,3,3,2010s,6,-0.7411374974376237,-1.182285432450116,1.35099262777305,1.182285432450116,0.3333333333333333,0.6666666666666666,0
Unscaled beta,Foraging guild,Plovers,perc_forest,Forest,1,1,1970s,6,-1.6941838737102233,-2.6599549561769096,2.1692314315703216,2.6599549561769096,0.16666666666666666,0.6666666666666666,0.16666666666666666
Unscaled beta,Foraging guild,Plovers,perc_forest,Forest,2,2,1990s,6,-1.6621826902950139,-2.591684598268981,2.170915332959546,2.591684598268981,0.16666666666666666,0.6666666666666666,0.16666666666666666
Unscaled beta,Foraging guild,Plovers,perc_forest,Forest,3,3,2010s,6,-1.4033097743116534,-2.2237974294741933,2.0143400634969573,2.2237974294741933,0.3333333333333333,0.6666666666666666,0
Unscaled beta,Foraging guild,Plovers,perc_grass_shrub,"Grass/
shrubland",1,1,1970s,6,-2.0116654492402137,-1.9181789204740203,2.08907873653486,1.9181789204740203,0,0.5,0.5
Unscaled beta,Foraging guild,Plovers,perc_grass_shrub,"Grass/
shrubland",2,2,1990s,6,-0.9218047095422347,-0.36151051746244844,1.3892708364663473,0.7452876705639566,0.16666666666666666,0.3333333333333333,0.5
Unscaled beta,Foraging guild,Plovers,perc_grass_shrub,"Grass/
shrubland",3,3,2010s,6,-2.0502986442362108,-2.2234841026822036,2.2919338482052125,2.2234841026822036,0,0.5,0.5
Unscaled beta,Foraging guild,Plovers,perc_pasture,Pasture,1,1,1970s,6,0.09635321516048893,0.1165261614774038,0.7971603472613737,0.7259320504821147,0.3333333333333333,0.16666666666666666,0.5
Unscaled beta,Foraging guild,Plovers,perc_pasture,Pasture,2,2,1990s,6,-0.21055523349071506,-0.14414646315199092,0.8299923185051019,0.9291556275215802,0.16666666666666666,0.3333333333333333,0.5
Unscaled beta,Foraging guild,Plovers,perc_pasture,Pasture,3,3,2010s,6,1.166820395432883,1.304179526121953,1.3898523661737516,1.304179526121953,0.6666666666666666,0,0.3333333333333333
Unscaled beta,Foraging guild,Plovers,perc_urban,Urban,1,1,1970s,6,-0.986533056603216,-1.0667994253760034,1.8834814764517323,1.9498577275530802,0.16666666666666666,0.5,0.3333333333333333
Unscaled beta,Foraging guild,Plovers,perc_urban,Urban,2,2,1990s,6,-0.6429323685125898,-1.06793441487001,1.3569803571079753,1.7724853185949514,0.16666666666666666,0.5,0.3333333333333333
Unscaled beta,Foraging guild,Plovers,perc_urban,Urban,3,3,2010s,6,0.021589708735890157,0.1960438189484786,1.1235763956740494,1.0844455944625389,0.3333333333333333,0.3333333333333333,0.3333333333333333
Unscaled beta,Foraging guild,Plovers,prec_breeding,Precipitation,1,1,1970s,6,-0.024640186917460095,-0.028546936284800643,0.024640186917460095,0.028546936284800643,0,0.8333333333333334,0.16666666666666666
Unscaled beta,Foraging guild,Plovers,prec_breeding,Precipitation,2,2,1990s,6,-0.012871986032929082,-0.015820998604510316,0.013654707258002288,0.015820998604510316,0,0.6666666666666666,0.3333333333333333
Unscaled beta,Foraging guild,Plovers,prec_breeding,Precipitation,3,3,2010s,6,-0.009103098649154711,-0.01227097312958162,0.011439820592527081,0.01227097312958162,0.16666666666666666,0.6666666666666666,0.16666666666666666
Unscaled beta,Foraging guild,Plovers,tmean_breeding,Temperature,1,1,1970s,6,2.0204724066628383,1.959085534078235,2.1596762558245217,1.959085534078235,0.8333333333333334,0.16666666666666666,0
Unscaled beta,Foraging guild,Plovers,tmean_breeding,Temperature,2,2,1990s,6,1.6743301540835704,1.9337965446157366,1.6743301540835704,1.9337965446157366,0.8333333333333334,0,0.16666666666666666
Unscaled beta,Foraging guild,Plovers,tmean_breeding,Temperature,3,3,2010s,6,1.4148761811432673,1.3934539237084345,1.4190150942021138,1.3934539237084345,0.6666666666666666,0,0.3333333333333333
Unscaled beta,Foraging guild,Rails,hh,"Habitat
heterogeneity",1,1,1970s,5,0.511899174630662,0.5925309459203547,0.511899174630662,0.5925309459203547,0.6,0,0.4
Unscaled beta,Foraging guild,Rails,hh,"Habitat
heterogeneity",2,2,1990s,5,0.379789989956621,0.40468108413323123,0.379789989956621,0.40468108413323123,0.2,0,0.8
Unscaled beta,Foraging guild,Rails,hh,"Habitat
heterogeneity",3,3,2010s,5,0.41479676308959706,0.4389844347890023,0.4340552522657334,0.4389844347890023,0.4,0,0.6
Unscaled beta,Foraging guild,Rails,perc_cropland,Cropland,1,1,1970s,5,0.49013651683017845,0.614612311304007,0.5175352518233695,0.614612311304007,0.6,0,0.4
Unscaled beta,Foraging guild,Rails,perc_cropland,Cropland,2,2,1990s,5,0.38465178127349614,0.5553111475682434,0.4557143943960594,0.5553111475682434,0.4,0,0.6
Unscaled beta,Foraging guild,Rails,perc_cropland,Cropland,3,3,2010s,5,0.5872535298039178,0.6719826995086325,0.5919514423974513,0.6719826995086325,0.6,0,0.4
Unscaled beta,Foraging guild,Rails,perc_forest,Forest,1,1,1970s,5,0.37573077159516727,0.6977167393990795,0.6651096587588937,0.6977167393990795,0.6,0,0.4
Unscaled beta,Foraging guild,Rails,perc_forest,Forest,2,2,1990s,5,0.6307347937229457,0.9531873053634154,0.6314512811138508,0.9531873053634154,0.6,0,0.4
Unscaled beta,Foraging guild,Rails,perc_forest,Forest,3,3,2010s,5,0.5494340170077997,0.56615118472716075,0.5494340170077997,0.56615118472716075,0.6,0,0.4
Unscaled beta,Foraging guild,Rails,perc_grass_shrub,"Grass/
shrubland",1,1,1970s,5,1.1493434409763206,1.3276460290581455,1.1493434409763206,1.3276460290581455,0.6,0,0.4
Unscaled beta,Foraging guild,Rails,perc_grass_shrub,"Grass/
shrubland",2,2,1990s,5,0.853811038182088,0.6061771765667542,0.8539533125815465,0.6061771765667542,0.4,0,0.6
Unscaled beta,Foraging guild,Rails,perc_grass_shrub,"Grass/
shrubland",3,3,2010s,5,0.6051996518186659,0.5513843668513239,0.6478612870774758,0.5513843668513239,0.2,0,0.8
Unscaled beta,Foraging guild,Rails,perc_pasture,Pasture,1,1,1970s,5,0.746318834472484,0.7803968494560185,0.746318834472484,0.7803968494560185,0.2,0,0.8
Unscaled beta,Foraging guild,Rails,perc_pasture,Pasture,2,2,1990s,5,1.4382251850062002,1.157200408540841,1.4382251850062002,1.157200408540841,0.8,0,0.2
Unscaled beta,Foraging guild,Rails,perc_pasture,Pasture,3,3,2010s,5,1.6615236231822386,2.1199127583910644,1.7893292883115888,2.1199127583910644,0.8,0,0.2
Unscaled beta,Foraging guild,Rails,perc_urban,Urban,1,1,1970s,5,0.6964183017237885,0.91514071628071,0.6964183017237885,0.91514071628071,0.6,0,0.4
Unscaled beta,Foraging guild,Rails,perc_urban,Urban,2,2,1990s,5,0.8959709044075357,0.7852892657878385,1.0241967259761404,0.7852892657878385,0.6,0,0.4
Unscaled beta,Foraging guild,Rails,perc_urban,Urban,3,3,2010s,5,1.3104170920107403,0.9196737549297647,1.3104170920107403,0.9196737549297647,1,0,0
Unscaled beta,Foraging guild,Rails,prec_breeding,Precipitation,1,1,1970s,5,-0.015188489495710026,-0.012316145737658536,0.015189042608144774,0.012316145737658536,0,0.8,0.2
Unscaled beta,Foraging guild,Rails,prec_breeding,Precipitation,2,2,1990s,5,-0.01284400003266787,-0.011875310123464974,0.01284400003266787,0.011875310123464974,0,0.8,0.2
Unscaled beta,Foraging guild,Rails,prec_breeding,Precipitation,3,3,2010s,5,-0.009568582651734726,-0.009312391099532686,0.009568582651734726,0.009312391099532686,0,0.8,0.2
Unscaled beta,Foraging guild,Rails,tmean_breeding,Temperature,1,1,1970s,5,0.1701537017180333,-0.0032096496386788695,0.2145378941612886,0.06679262847931733,0.2,0,0.8
Unscaled beta,Foraging guild,Rails,tmean_breeding,Temperature,2,2,1990s,5,0.12480744968060613,0.04002699367183598,0.2061919163539498,0.12812909175374138,0.2,0,0.8
Unscaled beta,Foraging guild,Rails,tmean_breeding,Temperature,3,3,2010s,5,0.7856360200306572,0.8711800661537907,0.7856360200306572,0.8711800661537907,0.8,0,0.2
Unscaled beta,Foraging guild,Reedlings,hh,"Habitat
heterogeneity",1,1,1970s,1,0.552106630456583,0.552106630456583,0.552106630456583,0.552106630456583,0,0,1
Unscaled beta,Foraging guild,Reedlings,hh,"Habitat
heterogeneity",2,2,1990s,1,1.6858633378861971,1.6858633378861971,1.6858633378861971,1.6858633378861971,1,0,0
Unscaled beta,Foraging guild,Reedlings,hh,"Habitat
heterogeneity",3,3,2010s,1,1.582266256459714,1.582266256459714,1.582266256459714,1.582266256459714,1,0,0
Unscaled beta,Foraging guild,Reedlings,perc_cropland,Cropland,1,1,1970s,1,1.3961130545290452e-4,1.3961130545290452e-4,1.3961130545290452e-4,1.3961130545290452e-4,0,0,1
Unscaled beta,Foraging guild,Reedlings,perc_cropland,Cropland,2,2,1990s,1,-1.0109653923274824,-1.0109653923274824,1.0109653923274824,1.0109653923274824,0,1,0
Unscaled beta,Foraging guild,Reedlings,perc_cropland,Cropland,3,3,2010s,1,-0.514339659015648,-0.514339659015648,0.514339659015648,0.514339659015648,0,1,0
Unscaled beta,Foraging guild,Reedlings,perc_forest,Forest,1,1,1970s,1,0.04628552491785565,0.04628552491785565,0.04628552491785565,0.04628552491785565,0,0,1
Unscaled beta,Foraging guild,Reedlings,perc_forest,Forest,2,2,1990s,1,-1.0640115774360517,-1.0640115774360517,1.0640115774360517,1.0640115774360517,0,1,0
Unscaled beta,Foraging guild,Reedlings,perc_forest,Forest,3,3,2010s,1,-1.564230083296922,-1.564230083296922,1.564230083296922,1.564230083296922,0,1,0
Unscaled beta,Foraging guild,Reedlings,perc_grass_shrub,"Grass/
shrubland",1,1,1970s,1,1.11460906803753,1.11460906803753,1.11460906803753,1.11460906803753,0,0,1
Unscaled beta,Foraging guild,Reedlings,perc_grass_shrub,"Grass/
shrubland",2,2,1990s,1,-0.35864414981484816,-0.35864414981484816,0.35864414981484816,0.35864414981484816,0,0,1
Unscaled beta,Foraging guild,Reedlings,perc_grass_shrub,"Grass/
shrubland",3,3,2010s,1,-0.4059159225537677,-0.4059159225537677,0.4059159225537677,0.4059159225537677,0,0,1
Unscaled beta,Foraging guild,Reedlings,perc_pasture,Pasture,1,1,1970s,1,1.8002374997628183,1.8002374997628183,1.8002374997628183,1.8002374997628183,1,0,0
Unscaled beta,Foraging guild,Reedlings,perc_pasture,Pasture,2,2,1990s,1,1.816388639175544,1.816388639175544,1.816388639175544,1.816388639175544,1,0,0
Unscaled beta,Foraging guild,Reedlings,perc_pasture,Pasture,3,3,2010s,1,2.647077664297088,2.647077664297088,2.647077664297088,2.647077664297088,1,0,0
Unscaled beta,Foraging guild,Reedlings,perc_urban,Urban,1,1,1970s,1,0.7332494113454011,0.7332494113454011,0.7332494113454011,0.7332494113454011,0,0,1
Unscaled beta,Foraging guild,Reedlings,perc_urban,Urban,2,2,1990s,1,0.06941930819781138,0.06941930819781138,0.06941930819781138,0.06941930819781138,0,0,1
Unscaled beta,Foraging guild,Reedlings,perc_urban,Urban,3,3,2010s,1,0.014280067073142591,0.014280067073142591,0.014280067073142591,0.014280067073142591,0,0,1
Unscaled beta,Foraging guild,Reedlings,prec_breeding,Precipitation,1,1,1970s,1,-8.105450481356831e-4,-8.105450481356831e-4,8.105450481356831e-4,8.105450481356831e-4,0,0,1
Unscaled beta,Foraging guild,Reedlings,prec_breeding,Precipitation,2,2,1990s,1,-0.015506367095145022,-0.015506367095145022,0.015506367095145022,0.015506367095145022,0,1,0
Unscaled beta,Foraging guild,Reedlings,prec_breeding,Precipitation,3,3,2010s,1,-0.0231141260051486,-0.0231141260051486,0.0231141260051486,0.0231141260051486,0,1,0
Unscaled beta,Foraging guild,Reedlings,tmean_breeding,Temperature,1,1,1970s,1,2.695430680455966,2.695430680455966,2.695430680455966,2.695430680455966,1,0,0
Unscaled beta,Foraging guild,Reedlings,tmean_breeding,Temperature,2,2,1990s,1,1.2302945055142513,1.2302945055142513,1.2302945055142513,1.2302945055142513,1,0,0
Unscaled beta,Foraging guild,Reedlings,tmean_breeding,Temperature,3,3,2010s,1,3.260532481796917,3.260532481796917,3.260532481796917,3.260532481796917,1,0,0
Unscaled beta,Foraging guild,Scolopacids,hh,"Habitat
heterogeneity",1,1,1970s,9,0.5018258851504235,0.5377864263994173,0.645837036138571,0.5377864263994173,0.4444444444444444,0,0.5555555555555556
Unscaled beta,Foraging guild,Scolopacids,hh,"Habitat
heterogeneity",2,2,1990s,9,0.4707256936028902,0.21657964942676003,0.5103829121527356,0.21657964942676003,0.3333333333333333,0,0.6666666666666666
Unscaled beta,Foraging guild,Scolopacids,hh,"Habitat
heterogeneity",3,3,2010s,9,0.1684620180504725,0.16365292797262862,0.2808783471103871,0.22531750516159968,0.1111111111111111,0,0.8888888888888888
Unscaled beta,Foraging guild,Scolopacids,perc_cropland,Cropland,1,1,1970s,9,-0.040662043502072365,1.6025231603967818e-4,0.4667971804149626,0.4737970081480861,0.1111111111111111,0.3333333333333333,0.5555555555555556
Unscaled beta,Foraging guild,Scolopacids,perc_cropland,Cropland,2,2,1990s,9,-0.4979545060423121,-0.30485672636107136,0.5851286985070044,0.30485672636107136,0,0.4444444444444444,0.5555555555555556
Unscaled beta,Foraging guild,Scolopacids,perc_cropland,Cropland,3,3,2010s,9,-1.149366355836336,-1.184654979466729,1.1610270689062334,1.184654979466729,0,0.7777777777777778,0.2222222222222222
Unscaled beta,Foraging guild,Scolopacids,perc_forest,Forest,1,1,1970s,9,0.4102570116314939,0.34219840770534693,1.6533171836751945,1.641975638194397,0.4444444444444444,0.3333333333333333,0.2222222222222222
Unscaled beta,Foraging guild,Scolopacids,perc_forest,Forest,2,2,1990s,9,-0.08482232814004409,0.0025591563349074598,1.603393271909473,1.6173607435070005,0.3333333333333333,0.3333333333333333,0.3333333333333333
Unscaled beta,Foraging guild,Scolopacids,perc_forest,Forest,3,3,2010s,9,0.4385073524362664,0.14472653184211495,1.597896572025909,1.6262371196950831,0.4444444444444444,0.2222222222222222,0.3333333333333333
Unscaled beta,Foraging guild,Scolopacids,perc_grass_shrub,"Grass/
shrubland",1,1,1970s,9,1.2038234799724596,1.6287334283195163,1.5496829369536917,1.6287334283195163,0.4444444444444444,0.1111111111111111,0.4444444444444444
Unscaled beta,Foraging guild,Scolopacids,perc_grass_shrub,"Grass/
shrubland",2,2,1990s,9,1.107029879963504,0.6885772522064254,1.2899398760200456,0.8202004196917755,0.4444444444444444,0,0.5555555555555556
Unscaled beta,Foraging guild,Scolopacids,perc_grass_shrub,"Grass/
shrubland",3,3,2010s,9,0.561574244542387,0.22033668181570268,0.9754542742782915,0.2905626561940572,0.2222222222222222,0.1111111111111111,0.6666666666666666
Unscaled beta,Foraging guild,Scolopacids,perc_pasture,Pasture,1,1,1970s,9,1.741085102767289,1.8082761137786665,1.741085102767289,1.8082761137786665,0.7777777777777778,0,0.2222222222222222
Unscaled beta,Foraging guild,Scolopacids,perc_pasture,Pasture,2,2,1990s,9,1.6295758111967988,1.806778458725581,1.6295758111967988,1.806778458725581,0.6666666666666666,0,0.3333333333333333
Unscaled beta,Foraging guild,Scolopacids,perc_pasture,Pasture,3,3,2010s,9,2.5321836593929583,2.839925200632119,2.5321836593929583,2.839925200632119,0.7777777777777778,0,0.2222222222222222
Unscaled beta,Foraging guild,Scolopacids,perc_urban,Urban,1,1,1970s,9,-1.2375780698004195,-1.2643203628764268,1.2375780698004195,1.2643203628764268,0,0.6666666666666666,0.3333333333333333
Unscaled beta,Foraging guild,Scolopacids,perc_urban,Urban,2,2,1990s,9,-1.5528957594377593,-1.605028882090366,1.5528957594377593,1.605028882090366,0,0.7777777777777778,0.2222222222222222
Unscaled beta,Foraging guild,Scolopacids,perc_urban,Urban,3,3,2010s,9,-1.6087448136976885,-2.015083079231255,1.6288593549551829,2.015083079231255,0,0.6666666666666666,0.3333333333333333
Unscaled beta,Foraging guild,Scolopacids,prec_breeding,Precipitation,1,1,1970s,9,-0.0044511829860288555,-0.008162228030871615,0.020039773750912402,0.017398456180671793,0.2222222222222222,0.5555555555555556,0.2222222222222222
Unscaled beta,Foraging guild,Scolopacids,prec_breeding,Precipitation,2,2,1990s,9,-0.003523430135779563,-4.564393699774308e-4,0.008005505897317067,0.006385920959610683,0.1111111111111111,0.2222222222222222,0.6666666666666666
Unscaled beta,Foraging guild,Scolopacids,prec_breeding,Precipitation,3,3,2010s,9,-0.007223926701934207,-0.005005630409243384,0.008440013436373135,0.00547239030497517,0,0.2222222222222222,0.7777777777777778
Unscaled beta,Foraging guild,Scolopacids,tmean_breeding,Temperature,1,1,1970s,9,1.5296788909625996,1.5210281904774674,2.0141173756642976,1.5210281904774674,0.7777777777777778,0.2222222222222222,0
Unscaled beta,Foraging guild,Scolopacids,tmean_breeding,Temperature,2,2,1990s,9,0.9572504786048243,0.646237374065082,1.3558005343021557,0.9526886971057733,0.5555555555555556,0.2222222222222222,0.2222222222222222
Unscaled beta,Foraging guild,Scolopacids,tmean_breeding,Temperature,3,3,2010s,9,0.907934554642853,0.7808368846993903,1.0384144387514047,0.7808368846993903,0.3333333333333333,0,0.6666666666666666
Unscaled beta,Foraging guild,Shrikes,hh,"Habitat
heterogeneity",1,1,1970s,2,0.4131556660726763,0.4131556660726763,0.4131556660726763,0.4131556660726763,0.5,0,0.5
Unscaled beta,Foraging guild,Shrikes,hh,"Habitat
heterogeneity",2,2,1990s,2,0.1344672979124252,0.1344672979124252,0.3364369513641086,0.3364369513641086,0.5,0,0.5
Unscaled beta,Foraging guild,Shrikes,hh,"Habitat
heterogeneity",3,3,2010s,2,1.410687553093893,1.410687553093893,1.410687553093893,1.410687553093893,1,0,0
Unscaled beta,Foraging guild,Shrikes,perc_cropland,Cropland,1,1,1970s,2,0.30950819162796145,0.30950819162796145,0.30950819162796145,0.30950819162796145,0,0,1
Unscaled beta,Foraging guild,Shrikes,perc_cropland,Cropland,2,2,1990s,2,-0.2119785477775638,-0.2119785477775638,0.2119785477775638,0.2119785477775638,0,0,1
Unscaled beta,Foraging guild,Shrikes,perc_cropland,Cropland,3,3,2010s,2,-0.12813481321119063,-0.12813481321119063,0.12813481321119063,0.12813481321119063,0,0,1
Unscaled beta,Foraging guild,Shrikes,perc_forest,Forest,1,1,1970s,2,1.9338261645087051,1.9338261645087051,1.9338261645087051,1.9338261645087051,1,0,0
Unscaled beta,Foraging guild,Shrikes,perc_forest,Forest,2,2,1990s,2,1.788556765566479,1.788556765566479,1.788556765566479,1.788556765566479,1,0,0
Unscaled beta,Foraging guild,Shrikes,perc_forest,Forest,3,3,2010s,2,2.2893119980032313,2.2893119980032313,2.2893119980032313,2.2893119980032313,1,0,0
Unscaled beta,Foraging guild,Shrikes,perc_grass_shrub,"Grass/
shrubland",1,1,1970s,2,0.4919915275787844,0.4919915275787844,0.4919915275787844,0.4919915275787844,0,0,1
Unscaled beta,Foraging guild,Shrikes,perc_grass_shrub,"Grass/
shrubland",2,2,1990s,2,2.810014907532112,2.810014907532112,2.810014907532112,2.810014907532112,1,0,0
Unscaled beta,Foraging guild,Shrikes,perc_grass_shrub,"Grass/
shrubland",3,3,2010s,2,-0.053035787342347665,-0.053035787342347665,0.22209936621679255,0.22209936621679255,0,0,1
Unscaled beta,Foraging guild,Shrikes,perc_pasture,Pasture,1,1,1970s,2,1.0137631159215108,1.0137631159215108,1.0137631159215108,1.0137631159215108,1,0,0
Unscaled beta,Foraging guild,Shrikes,perc_pasture,Pasture,2,2,1990s,2,0.8123817993170248,0.8123817993170248,0.8123817993170248,0.8123817993170248,0.5,0,0.5
Unscaled beta,Foraging guild,Shrikes,perc_pasture,Pasture,3,3,2010s,2,1.1486428761651366,1.1486428761651366,1.1486428761651366,1.1486428761651366,0.5,0,0.5
Unscaled beta,Foraging guild,Shrikes,perc_urban,Urban,1,1,1970s,2,-0.7709389247830101,-0.7709389247830101,0.7709389247830101,0.7709389247830101,0,0.5,0.5
Unscaled beta,Foraging guild,Shrikes,perc_urban,Urban,2,2,1990s,2,-1.298728337289149,-1.298728337289149,1.298728337289149,1.298728337289149,0,0.5,0.5
Unscaled beta,Foraging guild,Shrikes,perc_urban,Urban,3,3,2010s,2,-1.107561354638402,-1.107561354638402,1.107561354638402,1.107561354638402,0,0.5,0.5
Unscaled beta,Foraging guild,Shrikes,prec_breeding,Precipitation,1,1,1970s,2,0.00909571399178854,0.00909571399178854,0.028250377289593252,0.028250377289593252,0.5,0.5,0
Unscaled beta,Foraging guild,Shrikes,prec_breeding,Precipitation,2,2,1990s,2,1.1640176331248041e-4,1.1640176331248041e-4,0.0032638956711965915,0.0032638956711965915,0,0,1
Unscaled beta,Foraging guild,Shrikes,prec_breeding,Precipitation,3,3,2010s,2,-0.002381691568042149,-0.002381691568042149,0.002381691568042149,0.002381691568042149,0,0,1
Unscaled beta,Foraging guild,Shrikes,tmean_breeding,Temperature,1,1,1970s,2,0.4636883098780232,0.4636883098780232,1.0828183457174227,1.0828183457174227,0.5,0.5,0
Unscaled beta,Foraging guild,Shrikes,tmean_breeding,Temperature,2,2,1990s,2,0.27267036695364255,0.27267036695364255,0.27267036695364255,0.27267036695364255,0,0,1
Unscaled beta,Foraging guild,Shrikes,tmean_breeding,Temperature,3,3,2010s,2,0.3273731098109449,0.3273731098109449,0.3940764457854471,0.3940764457854471,0.5,0,0.5
Unscaled beta,Foraging guild,Starlings,hh,"Habitat
heterogeneity",1,1,1970s,1,-0.4482644197379577,-0.4482644197379577,0.4482644197379577,0.4482644197379577,0,0,1
Unscaled beta,Foraging guild,Starlings,hh,"Habitat
heterogeneity",2,2,1990s,1,0.0764145614795485,0.0764145614795485,0.0764145614795485,0.0764145614795485,0,0,1
Unscaled beta,Foraging guild,Starlings,hh,"Habitat
heterogeneity",3,3,2010s,1,-0.05375935966590442,-0.05375935966590442,0.05375935966590442,0.05375935966590442,0,0,1
Unscaled beta,Foraging guild,Starlings,perc_cropland,Cropland,1,1,1970s,1,0.8005291352579812,0.8005291352579812,0.8005291352579812,0.8005291352579812,1,0,0
Unscaled beta,Foraging guild,Starlings,perc_cropland,Cropland,2,2,1990s,1,0.5689117522507665,0.5689117522507665,0.5689117522507665,0.5689117522507665,0,0,1
Unscaled beta,Foraging guild,Starlings,perc_cropland,Cropland,3,3,2010s,1,0.07079918945661039,0.07079918945661039,0.07079918945661039,0.07079918945661039,0,0,1
Unscaled beta,Foraging guild,Starlings,perc_forest,Forest,1,1,1970s,1,0.5928305142880173,0.5928305142880173,0.5928305142880173,0.5928305142880173,0,0,1
Unscaled beta,Foraging guild,Starlings,perc_forest,Forest,2,2,1990s,1,2.348529236972915,2.348529236972915,2.348529236972915,2.348529236972915,1,0,0
Unscaled beta,Foraging guild,Starlings,perc_forest,Forest,3,3,2010s,1,-0.10947813553808623,-0.10947813553808623,0.10947813553808623,0.10947813553808623,0,0,1
Unscaled beta,Foraging guild,Starlings,perc_grass_shrub,"Grass/
shrubland",1,1,1970s,1,0.7975599181902429,0.7975599181902429,0.7975599181902429,0.7975599181902429,0,0,1
Unscaled beta,Foraging guild,Starlings,perc_grass_shrub,"Grass/
shrubland",2,2,1990s,1,-0.7019985895193112,-0.7019985895193112,0.7019985895193112,0.7019985895193112,0,0,1
Unscaled beta,Foraging guild,Starlings,perc_grass_shrub,"Grass/
shrubland",3,3,2010s,1,2.326911486431236,2.326911486431236,2.326911486431236,2.326911486431236,1,0,0
Unscaled beta,Foraging guild,Starlings,perc_pasture,Pasture,1,1,1970s,1,0.9237690096242609,0.9237690096242609,0.9237690096242609,0.9237690096242609,0,0,1
Unscaled beta,Foraging guild,Starlings,perc_pasture,Pasture,2,2,1990s,1,-0.47340992099282087,-0.47340992099282087,0.47340992099282087,0.47340992099282087,0,0,1
Unscaled beta,Foraging guild,Starlings,perc_pasture,Pasture,3,3,2010s,1,0.09702603953221131,0.09702603953221131,0.09702603953221131,0.09702603953221131,0,0,1
Unscaled beta,Foraging guild,Starlings,perc_urban,Urban,1,1,1970s,1,3.504062518141677,3.504062518141677,3.504062518141677,3.504062518141677,1,0,0
Unscaled beta,Foraging guild,Starlings,perc_urban,Urban,2,2,1990s,1,0.9390277894210471,0.9390277894210471,0.9390277894210471,0.9390277894210471,0,0,1
Unscaled beta,Foraging guild,Starlings,perc_urban,Urban,3,3,2010s,1,1.930218077137986,1.930218077137986,1.930218077137986,1.930218077137986,1,0,0
Unscaled beta,Foraging guild,Starlings,prec_breeding,Precipitation,1,1,1970s,1,-9.410158025053951e-5,-9.410158025053951e-5,9.410158025053951e-5,9.410158025053951e-5,0,0,1
Unscaled beta,Foraging guild,Starlings,prec_breeding,Precipitation,2,2,1990s,1,-7.061013180306437e-4,-7.061013180306437e-4,7.061013180306437e-4,7.061013180306437e-4,0,0,1
Unscaled beta,Foraging guild,Starlings,prec_breeding,Precipitation,3,3,2010s,1,0.01459434152859881,0.01459434152859881,0.01459434152859881,0.01459434152859881,1,0,0
Unscaled beta,Foraging guild,Starlings,tmean_breeding,Temperature,1,1,1970s,1,0.017225592194088774,0.017225592194088774,0.017225592194088774,0.017225592194088774,0,0,1
Unscaled beta,Foraging guild,Starlings,tmean_breeding,Temperature,2,2,1990s,1,-0.4521077396246005,-0.4521077396246005,0.4521077396246005,0.4521077396246005,0,0,1
Unscaled beta,Foraging guild,Starlings,tmean_breeding,Temperature,3,3,2010s,1,-0.06502856896013479,-0.06502856896013479,0.06502856896013479,0.06502856896013479,0,0,1
Unscaled beta,Foraging guild,Terns,hh,"Habitat
heterogeneity",1,1,1970s,5,1.2930744386470328,1.4605015179500171,1.2930744386470328,1.4605015179500171,0.8,0,0.2
Unscaled beta,Foraging guild,Terns,hh,"Habitat
heterogeneity",2,2,1990s,5,1.0467620262977344,1.2978579296403803,1.0467620262977344,1.2978579296403803,0.6,0,0.4
Unscaled beta,Foraging guild,Terns,hh,"Habitat
heterogeneity",3,3,2010s,5,1.0535015987774852,0.8281260018875206,1.0535015987774852,0.8281260018875206,0.6,0,0.4
Unscaled beta,Foraging guild,Terns,perc_cropland,Cropland,1,1,1970s,5,-1.473102494639988,-1.667525563467327,1.557510950013747,1.667525563467327,0,0.8,0.2
Unscaled beta,Foraging guild,Terns,perc_cropland,Cropland,2,2,1990s,5,-1.378608834139063,-1.1060427310186536,1.6214760935814616,1.1060427310186536,0,0.8,0.2
Unscaled beta,Foraging guild,Terns,perc_cropland,Cropland,3,3,2010s,5,-1.310292553590474,-1.265169657847919,1.310292553590474,1.265169657847919,0,0.6,0.4
Unscaled beta,Foraging guild,Terns,perc_forest,Forest,1,1,1970s,5,-1.7591143299875671,-1.2849462964104006,1.7591143299875671,1.2849462964104006,0,0.8,0.2
Unscaled beta,Foraging guild,Terns,perc_forest,Forest,2,2,1990s,5,-2.3345358025940466,-2.6290995319174812,2.3345358025940466,2.6290995319174812,0,0.6,0.4
Unscaled beta,Foraging guild,Terns,perc_forest,Forest,3,3,2010s,5,-2.1173316672455185,-2.0176659819524594,2.1173316672455185,2.0176659819524594,0,0.6,0.4
Unscaled beta,Foraging guild,Terns,perc_grass_shrub,"Grass/
shrubland",1,1,1970s,5,-0.6227385499157247,-0.22660291676474378,1.0031167243172834,0.9509454360038965,0,0.2,0.8
Unscaled beta,Foraging guild,Terns,perc_grass_shrub,"Grass/
shrubland",2,2,1990s,5,-0.17656812606906788,-0.4933788131646843,0.7974763593348018,0.6474146647816641,0,0,1
Unscaled beta,Foraging guild,Terns,perc_grass_shrub,"Grass/
shrubland",3,3,2010s,5,-1.147260522453161,-0.9908001995582053,1.147260522453161,0.9908001995582053,0,0.2,0.8
Unscaled beta,Foraging guild,Terns,perc_pasture,Pasture,1,1,1970s,5,-0.3786393698036257,-0.31239422823208884,0.49343991766274464,0.31239422823208884,0,0.2,0.8
Unscaled beta,Foraging guild,Terns,perc_pasture,Pasture,2,2,1990s,5,0.06934729030570232,-0.012954214818100213,1.0074303746090814,1.2231783640934482,0.4,0,0.6
Unscaled beta,Foraging guild,Terns,perc_pasture,Pasture,3,3,2010s,5,1.4387103166440807,1.1901667775642113,1.4387103166440807,1.1901667775642113,0.6,0,0.4
Unscaled beta,Foraging guild,Terns,perc_urban,Urban,1,1,1970s,5,-1.739022090967596,-1.920584837185732,1.7739586079752863,1.920584837185732,0,0.8,0.2
Unscaled beta,Foraging guild,Terns,perc_urban,Urban,2,2,1990s,5,-1.3404343686232145,-1.4743436169020796,1.3730827462469153,1.4743436169020796,0,0.6,0.4
Unscaled beta,Foraging guild,Terns,perc_urban,Urban,3,3,2010s,5,-1.345862511985591,-1.6910550662537847,1.3601589638108769,1.6910550662537847,0,0.6,0.4
Unscaled beta,Foraging guild,Terns,prec_breeding,Precipitation,1,1,1970s,5,-0.006853778117715851,-0.007066839451631613,0.012094082111304461,0.013100759983971524,0.2,0.4,0.4
Unscaled beta,Foraging guild,Terns,prec_breeding,Precipitation,2,2,1990s,5,-0.01588560839214918,-0.01438775895027367,0.01588560839214918,0.01438775895027367,0,0.6,0.4
Unscaled beta,Foraging guild,Terns,prec_breeding,Precipitation,3,3,2010s,5,-0.014990889289518467,-0.0153929891843368,0.014990889289518467,0.0153929891843368,0,0.6,0.4
Unscaled beta,Foraging guild,Terns,tmean_breeding,Temperature,1,1,1970s,5,1.8152645585248732,1.800562333221267,1.8152645585248732,1.800562333221267,1,0,0
Unscaled beta,Foraging guild,Terns,tmean_breeding,Temperature,2,2,1990s,5,1.080988508218896,0.6844232657897044,1.080988508218896,0.6844232657897044,0.4,0,0.6
Unscaled beta,Foraging guild,Terns,tmean_breeding,Temperature,3,3,2010s,5,1.5604833657386465,1.726690681831225,1.5604833657386465,1.726690681831225,0.8,0,0.2
Unscaled beta,Foraging guild,Thrushes,hh,"Habitat
heterogeneity",1,1,1970s,4,0.07381455354283713,0.06916654532651681,0.07381455354283713,0.06916654532651681,0,0,1
Unscaled beta,Foraging guild,Thrushes,hh,"Habitat
heterogeneity",2,2,1990s,4,0.7245533048795777,0.7380773028418278,0.7245533048795777,0.7380773028418278,0.5,0,0.5
Unscaled beta,Foraging guild,Thrushes,hh,"Habitat
heterogeneity",3,3,2010s,4,0.19899109202825566,0.21168649518743488,0.36649072634618984,0.3791861295053691,0.25,0,0.75
Unscaled beta,Foraging guild,Thrushes,perc_cropland,Cropland,1,1,1970s,4,0.5749508204203169,0.4913527499210748,0.6651702944061944,0.5348566532542374,0.5,0,0.5
Unscaled beta,Foraging guild,Thrushes,perc_cropland,Cropland,2,2,1990s,4,0.725525678569544,0.6935437832538686,0.725525678569544,0.6935437832538686,1,0,0
Unscaled beta,Foraging guild,Thrushes,perc_cropland,Cropland,3,3,2010s,4,1.0817556782381894,0.9195551329577096,1.0817556782381894,0.9195551329577096,0.75,0,0.25
Unscaled beta,Foraging guild,Thrushes,perc_forest,Forest,1,1,1970s,4,2.065023681460273,2.629079952265422,2.065901583536723,2.629079952265422,0.75,0,0.25
Unscaled beta,Foraging guild,Thrushes,perc_forest,Forest,2,2,1990s,4,2.462225425683574,2.8781097878999335,2.462225425683574,2.8781097878999335,1,0,0
Unscaled beta,Foraging guild,Thrushes,perc_forest,Forest,3,3,2010s,4,2.851739019908614,3.2929726570320974,2.851739019908614,3.2929726570320974,1,0,0
Unscaled beta,Foraging guild,Thrushes,perc_grass_shrub,"Grass/
shrubland",1,1,1970s,4,0.3918160396912356,0.33353855737405397,0.3918160396912356,0.33353855737405397,0,0,1
Unscaled beta,Foraging guild,Thrushes,perc_grass_shrub,"Grass/
shrubland",2,2,1990s,4,0.5975042686612106,0.5195162341764189,0.5975042686612106,0.5195162341764189,0,0,1
Unscaled beta,Foraging guild,Thrushes,perc_grass_shrub,"Grass/
shrubland",3,3,2010s,4,1.7306361739887817,1.9749606771656072,1.7306361739887817,1.9749606771656072,0.5,0,0.5
Unscaled beta,Foraging guild,Thrushes,perc_pasture,Pasture,1,1,1970s,4,0.07871852419679079,-0.011192252467982423,0.25596440150087685,0.17724587730408603,0,0,1
Unscaled beta,Foraging guild,Thrushes,perc_pasture,Pasture,2,2,1990s,4,0.37375731224634356,0.3568746801175611,0.561387712058194,0.5445050799294117,0.5,0,0.5
Unscaled beta,Foraging guild,Thrushes,perc_pasture,Pasture,3,3,2010s,4,1.308546427992062,1.3210060698482247,1.308546427992062,1.3210060698482247,0.5,0,0.5
Unscaled beta,Foraging guild,Thrushes,perc_urban,Urban,1,1,1970s,4,1.0273310984938884,0.9033517674250242,1.1496457670556877,1.0256664359868237,0.5,0,0.5
Unscaled beta,Foraging guild,Thrushes,perc_urban,Urban,2,2,1990s,4,0.5752284211775333,0.5058620680734899,0.5752284211775333,0.5058620680734899,0.25,0,0.75
Unscaled beta,Foraging guild,Thrushes,perc_urban,Urban,3,3,2010s,4,1.547166482284019,1.3161789008188363,1.549976452636862,1.3161789008188363,0.5,0,0.5
Unscaled beta,Foraging guild,Thrushes,prec_breeding,Precipitation,1,1,1970s,4,-0.0014608970730204205,-0.005991756082286048,0.010874223897486626,0.011411784021619329,0.25,0,0.75
Unscaled beta,Foraging guild,Thrushes,prec_breeding,Precipitation,2,2,1990s,4,-0.004510753951176967,-0.007767792058768708,0.008423196613821108,0.008031813543027079,0.25,0.25,0.5
Unscaled beta,Foraging guild,Thrushes,prec_breeding,Precipitation,3,3,2010s,4,-0.0011842929256869264,-0.004672470408614239,0.008795022412896886,0.008686881055405216,0.25,0.25,0.5
Unscaled beta,Foraging guild,Thrushes,tmean_breeding,Temperature,1,1,1970s,4,0.10426161222381657,0.12173115197153911,0.37848228721981075,0.3959518269675333,0.25,0,0.75
Unscaled beta,Foraging guild,Thrushes,tmean_breeding,Temperature,2,2,1990s,4,-0.7647139165297843,-0.8606899023533807,1.0642155777177094,1.1601915635413058,0.25,0.5,0.25
Unscaled beta,Foraging guild,Thrushes,tmean_breeding,Temperature,3,3,2010s,4,-0.38524610507937906,-0.2814624069808553,0.5866084203405377,0.4828247222420139,0,0.25,0.75
Unscaled beta,Foraging guild,Tit-like birds,hh,"Habitat
heterogeneity",1,1,1970s,12,0.36071790285130084,0.3647178671495699,0.40849224902920006,0.3647178671495699,0.4166666666666667,0,0.5833333333333334
Unscaled beta,Foraging guild,Tit-like birds,hh,"Habitat
heterogeneity",2,2,1990s,12,1.1921613235694388,1.1335909982977845,1.1921613235694388,1.1335909982977845,1,0,0
Unscaled beta,Foraging guild,Tit-like birds,hh,"Habitat
heterogeneity",3,3,2010s,12,0.5950065633544457,0.6078880083692266,0.5950065633544457,0.6078880083692266,0.6666666666666666,0,0.3333333333333333
Unscaled beta,Foraging guild,Tit-like birds,perc_cropland,Cropland,1,1,1970s,12,0.45610299276161953,0.3659009668427382,0.4575787734412383,0.3659009668427382,0.5,0,0.5
Unscaled beta,Foraging guild,Tit-like birds,perc_cropland,Cropland,2,2,1990s,12,0.6119399996046601,0.6014886226928025,0.6119399996046601,0.6014886226928025,0.5833333333333334,0,0.4166666666666667
Unscaled beta,Foraging guild,Tit-like birds,perc_cropland,Cropland,3,3,2010s,12,0.6193378691316848,0.5102700637039768,0.6238797665070885,0.5102700637039768,0.5833333333333334,0,0.4166666666666667
Unscaled beta,Foraging guild,Tit-like birds,perc_forest,Forest,1,1,1970s,12,1.941374411881871,2.139401131245494,1.9568939309113944,2.139401131245494,0.8333333333333334,0,0.16666666666666666
Unscaled beta,Foraging guild,Tit-like birds,perc_forest,Forest,2,2,1990s,12,2.3422784859001795,2.548580223606894,2.3422784859001795,2.548580223606894,0.9166666666666666,0,0.08333333333333333
Unscaled beta,Foraging guild,Tit-like birds,perc_forest,Forest,3,3,2010s,12,2.63990897409868,2.7729762918548806,2.63990897409868,2.7729762918548806,1,0,0
Unscaled beta,Foraging guild,Tit-like birds,perc_grass_shrub,"Grass/
shrubland",1,1,1970s,12,0.18420344267909353,0.22446159117679768,0.4290928559681832,0.46425862703852894,0,0,1
Unscaled beta,Foraging guild,Tit-like birds,perc_grass_shrub,"Grass/
shrubland",2,2,1990s,12,0.56371525686431,0.1860293624637071,0.6809090126986379,0.3673866704370498,0.25,0,0.75
Unscaled beta,Foraging guild,Tit-like birds,perc_grass_shrub,"Grass/
shrubland",3,3,2010s,12,0.8530317858494864,1.093064863590331,1.1211488036559163,1.144967071680136,0.4166666666666667,0.08333333333333333,0.5
Unscaled beta,Foraging guild,Tit-like birds,perc_pasture,Pasture,1,1,1970s,12,0.1838166717800398,0.0437973179963496,0.2858255211831701,0.126975121456559,0.08333333333333333,0,0.9166666666666666
Unscaled beta,Foraging guild,Tit-like birds,perc_pasture,Pasture,2,2,1990s,12,-0.4360202752222688,-0.38885553474042656,0.7883763291303753,0.4885865015151119,0.08333333333333333,0.25,0.6666666666666666
Unscaled beta,Foraging guild,Tit-like birds,perc_pasture,Pasture,3,3,2010s,12,0.2638702563994952,0.08874147775010055,0.46769545873705326,0.3611974222938401,0.16666666666666666,0,0.8333333333333334
Unscaled beta,Foraging guild,Tit-like birds,perc_urban,Urban,1,1,1970s,12,0.7724541483072992,0.4508260783735885,0.8173803674848072,0.4508260783735885,0.4166666666666667,0,0.5833333333333334
Unscaled beta,Foraging guild,Tit-like birds,perc_urban,Urban,2,2,1990s,12,0.9162137715801668,1.0232772314232312,1.054897169578741,1.0232772314232312,0.6666666666666666,0,0.3333333333333333
Unscaled beta,Foraging guild,Tit-like birds,perc_urban,Urban,3,3,2010s,12,1.2007291822974047,1.4862355205666746,1.3681447700920852,1.4862355205666746,0.6666666666666666,0.08333333333333333,0.25
Unscaled beta,Foraging guild,Tit-like birds,prec_breeding,Precipitation,1,1,1970s,12,-0.0018300397210751526,-0.0032756149326151514,0.012742919162513773,0.010255106821858165,0.16666666666666666,0.3333333333333333,0.5
Unscaled beta,Foraging guild,Tit-like birds,prec_breeding,Precipitation,2,2,1990s,12,-0.0058988315839265315,-0.005595315041040057,0.005966641579136758,0.005595315041040057,0,0.3333333333333333,0.6666666666666666
Unscaled beta,Foraging guild,Tit-like birds,prec_breeding,Precipitation,3,3,2010s,12,-0.0034421716226709317,-0.002963904235180649,0.006120487903302341,0.004901055744070161,0.08333333333333333,0.4166666666666667,0.5
Unscaled beta,Foraging guild,Tit-like birds,tmean_breeding,Temperature,1,1,1970s,12,0.011958263623750473,-0.09112414778960476,0.7551948287802891,0.6180233508942263,0.25,0.3333333333333333,0.4166666666666667
Unscaled beta,Foraging guild,Tit-like birds,tmean_breeding,Temperature,2,2,1990s,12,0.39261575155877604,0.026094910678114994,0.8680269778798725,0.3073357198771903,0.16666666666666666,0.25,0.5833333333333334
Unscaled beta,Foraging guild,Tit-like birds,tmean_breeding,Temperature,3,3,2010s,12,0.43630700036525416,0.13687901286889734,0.5477719179037656,0.24804643834045742,0.3333333333333333,0,0.6666666666666666
Unscaled beta,Foraging guild,Wading birds,hh,"Habitat
heterogeneity",1,1,1970s,2,0.6797020301145267,0.6797020301145267,0.6797020301145267,0.6797020301145267,0.5,0,0.5
Unscaled beta,Foraging guild,Wading birds,hh,"Habitat
heterogeneity",2,2,1990s,2,1.0238892227435752,1.0238892227435752,1.0238892227435752,1.0238892227435752,1,0,0
Unscaled beta,Foraging guild,Wading birds,hh,"Habitat
heterogeneity",3,3,2010s,2,0.9486208752723273,0.9486208752723273,0.9486208752723273,0.9486208752723273,1,0,0
Unscaled beta,Foraging guild,Wading birds,perc_cropland,Cropland,1,1,1970s,2,0.006507353093857978,0.006507353093857978,0.006507353093857978,0.006507353093857978,0,0,1
Unscaled beta,Foraging guild,Wading birds,perc_cropland,Cropland,2,2,1990s,2,0.04327454248544351,0.04327454248544351,0.04327454248544351,0.04327454248544351,0,0,1
Unscaled beta,Foraging guild,Wading birds,perc_cropland,Cropland,3,3,2010s,2,-0.0892939005959779,-0.0892939005959779,0.08967303955513091,0.08967303955513091,0,0,1
Unscaled beta,Foraging guild,Wading birds,perc_forest,Forest,1,1,1970s,2,0.49774116112974587,0.49774116112974587,0.49774116112974587,0.49774116112974587,0.5,0,0.5
Unscaled beta,Foraging guild,Wading birds,perc_forest,Forest,2,2,1990s,2,0.31890413386481364,0.31890413386481364,0.31890413386481364,0.31890413386481364,0,0,1
Unscaled beta,Foraging guild,Wading birds,perc_forest,Forest,3,3,2010s,2,0.22889638944539012,0.22889638944539012,0.2779591985322219,0.2779591985322219,0,0,1
Unscaled beta,Foraging guild,Wading birds,perc_grass_shrub,"Grass/
shrubland",1,1,1970s,2,0.6448545016628402,0.6448545016628402,0.6448545016628402,0.6448545016628402,0,0,1
Unscaled beta,Foraging guild,Wading birds,perc_grass_shrub,"Grass/
shrubland",2,2,1990s,2,1.0153935755087091,1.0153935755087091,1.0153935755087091,1.0153935755087091,0.5,0,0.5
Unscaled beta,Foraging guild,Wading birds,perc_grass_shrub,"Grass/
shrubland",3,3,2010s,2,0.0403358271277294,0.0403358271277294,0.04060454756299625,0.04060454756299625,0,0,1
Unscaled beta,Foraging guild,Wading birds,perc_pasture,Pasture,1,1,1970s,2,0.2169977149647777,0.2169977149647777,0.9573403617060119,0.9573403617060119,0,0,1
Unscaled beta,Foraging guild,Wading birds,perc_pasture,Pasture,2,2,1990s,2,1.1706107271990627,1.1706107271990627,1.1706107271990627,1.1706107271990627,0.5,0,0.5
Unscaled beta,Foraging guild,Wading birds,perc_pasture,Pasture,3,3,2010s,2,2.440306799631415,2.440306799631415,2.440306799631415,2.440306799631415,0.5,0,0.5
Unscaled beta,Foraging guild,Wading birds,perc_urban,Urban,1,1,1970s,2,-1.3004108658520703,-1.3004108658520703,1.3004108658520703,1.3004108658520703,0,1,0
Unscaled beta,Foraging guild,Wading birds,perc_urban,Urban,2,2,1990s,2,-0.5543382836468128,-0.5543382836468128,0.5543382836468128,0.5543382836468128,0,0,1
Unscaled beta,Foraging guild,Wading birds,perc_urban,Urban,3,3,2010s,2,0.008111487499290894,0.008111487499290894,0.008111487499290894,0.008111487499290894,0,0,1
Unscaled beta,Foraging guild,Wading birds,prec_breeding,Precipitation,1,1,1970s,2,0.0010752028922466688,0.0010752028922466688,0.01354474610262035,0.01354474610262035,0,0.5,0.5
Unscaled beta,Foraging guild,Wading birds,prec_breeding,Precipitation,2,2,1990s,2,-0.010043975298844932,-0.010043975298844932,0.010043975298844932,0.010043975298844932,0,1,0
Unscaled beta,Foraging guild,Wading birds,prec_breeding,Precipitation,3,3,2010s,2,-0.007226259802895454,-0.007226259802895454,0.007226259802895454,0.007226259802895454,0,0.5,0.5
Unscaled beta,Foraging guild,Wading birds,tmean_breeding,Temperature,1,1,1970s,2,2.3585675511786923,2.3585675511786923,2.3585675511786923,2.3585675511786923,1,0,0
Unscaled beta,Foraging guild,Wading birds,tmean_breeding,Temperature,2,2,1990s,2,1.3603879390843003,1.3603879390843003,1.3603879390843003,1.3603879390843003,1,0,0
Unscaled beta,Foraging guild,Wading birds,tmean_breeding,Temperature,3,3,2010s,2,1.2349463542230357,1.2349463542230357,1.2349463542230357,1.2349463542230357,1,0,0
Unscaled beta,Foraging guild,Woodpeckers,hh,"Habitat
heterogeneity",1,1,1970s,5,0.6351396514811976,0.47332814997357353,0.6351396514811976,0.47332814997357353,0.4,0,0.6
Unscaled beta,Foraging guild,Woodpeckers,hh,"Habitat
heterogeneity",2,2,1990s,5,1.142037914017022,1.0794109424855862,1.142037914017022,1.0794109424855862,1,0,0
Unscaled beta,Foraging guild,Woodpeckers,hh,"Habitat
heterogeneity",3,3,2010s,5,0.6722267790754931,0.5440566080447761,0.6722267790754931,0.5440566080447761,0.6,0,0.4
Unscaled beta,Foraging guild,Woodpeckers,perc_cropland,Cropland,1,1,1970s,5,-0.23448941372209273,-0.5142846088884412,0.6775679385378165,0.646374783745656,0.2,0.6,0.2
Unscaled beta,Foraging guild,Woodpeckers,perc_cropland,Cropland,2,2,1990s,5,0.027776235719066615,0.005656023343988466,0.13980220164328583,0.11182802652079964,0,0,1
Unscaled beta,Foraging guild,Woodpeckers,perc_cropland,Cropland,3,3,2010s,5,0.050618294438543016,0.0281854127903625,0.34952303598381973,0.12386545322837585,0.2,0.2,0.6
Unscaled beta,Foraging guild,Woodpeckers,perc_forest,Forest,1,1,1970s,5,2.8130013015104613,3.075416297852187,2.8130013015104613,3.075416297852187,1,0,0
Unscaled beta,Foraging guild,Woodpeckers,perc_forest,Forest,2,2,1990s,5,3.017141187421582,3.04213896250572,3.017141187421582,3.04213896250572,1,0,0
Unscaled beta,Foraging guild,Woodpeckers,perc_forest,Forest,3,3,2010s,5,2.827703829046624,2.645498656318912,2.827703829046624,2.645498656318912,1,0,0
Unscaled beta,Foraging guild,Woodpeckers,perc_grass_shrub,"Grass/
shrubland",1,1,1970s,5,0.10748701544743022,-0.011781580708216478,0.35881468304460873,0.40697216653572604,0,0,1
Unscaled beta,Foraging guild,Woodpeckers,perc_grass_shrub,"Grass/
shrubland",2,2,1990s,5,0.7213177667414035,0.19973863750676923,0.7213177667414035,0.19973863750676923,0.4,0,0.6
Unscaled beta,Foraging guild,Woodpeckers,perc_grass_shrub,"Grass/
shrubland",3,3,2010s,5,0.9342871012592029,0.4777692584607263,0.9342871012592029,0.4777692584607263,0.2,0,0.8
Unscaled beta,Foraging guild,Woodpeckers,perc_pasture,Pasture,1,1,1970s,5,-0.15692505558455622,0.006326986332237283,0.40593878318637655,0.5517020625089198,0,0,1
Unscaled beta,Foraging guild,Woodpeckers,perc_pasture,Pasture,2,2,1990s,5,-0.46680551177046875,-0.15944134318181252,0.46680551177046875,0.15944134318181252,0,0,1
Unscaled beta,Foraging guild,Woodpeckers,perc_pasture,Pasture,3,3,2010s,5,0.15293181189902455,0.0038163796557058125,0.7099508193999989,0.9497891633281643,0.2,0.2,0.6
Unscaled beta,Foraging guild,Woodpeckers,perc_urban,Urban,1,1,1970s,5,0.2540966842874143,-0.06739680046122755,0.48702654108874166,0.3643101644533875,0.2,0,0.8
Unscaled beta,Foraging guild,Woodpeckers,perc_urban,Urban,2,2,1990s,5,0.21259659501185868,0.02259242449192303,0.4805205890813284,0.5315712789065887,0.2,0,0.8
Unscaled beta,Foraging guild,Woodpeckers,perc_urban,Urban,3,3,2010s,5,0.2793995600771383,0.10447177503466475,0.8983872875920557,1.382581944973466,0.4,0.2,0.4
Unscaled beta,Foraging guild,Woodpeckers,prec_breeding,Precipitation,1,1,1970s,5,0.006814326635910919,0.002274937004917776,0.006814326635910919,0.002274937004917776,0.2,0,0.8
Unscaled beta,Foraging guild,Woodpeckers,prec_breeding,Precipitation,2,2,1990s,5,-0.008339793452733462,-0.010415178674701568,0.008716166894003901,0.010415178674701568,0,0.4,0.6
Unscaled beta,Foraging guild,Woodpeckers,prec_breeding,Precipitation,3,3,2010s,5,0.004304843403015647,0.007862381192050362,0.007467373878136653,0.007906326187802515,0.6,0.2,0.2
Unscaled beta,Foraging guild,Woodpeckers,tmean_breeding,Temperature,1,1,1970s,5,-0.8660049321440227,-0.5315524345813654,0.9185954073081005,0.5315524345813654,0,0.4,0.6
Unscaled beta,Foraging guild,Woodpeckers,tmean_breeding,Temperature,2,2,1990s,5,-0.6066092942213506,-0.1801421596090703,0.6066092942213506,0.1801421596090703,0,0.4,0.6
Unscaled beta,Foraging guild,Woodpeckers,tmean_breeding,Temperature,3,3,2010s,5,0.1436795507132218,-6.996759175811392e-4,0.20257942356019035,0.06191504571130276,0.2,0,0.8
Unscaled beta,Migratory strategy,long-distance,hh,"Habitat
heterogeneity",1,1,1970s,44,0.31276226939353946,0.18003648939635575,0.4178483192300684,0.3419063543057558,0.3409090909090909,0.045454545454545456,0.6136363636363636
Unscaled beta,Migratory strategy,long-distance,hh,"Habitat
heterogeneity",2,2,1990s,44,0.6927389615116721,0.6501532700258075,0.6934236728285734,0.6501532700258075,0.5909090909090909,0,0.4090909090909091
Unscaled beta,Migratory strategy,long-distance,hh,"Habitat
heterogeneity",3,3,2010s,44,0.5747990408773405,0.6089656554125571,0.6295433737538483,0.6089656554125571,0.45454545454545453,0.022727272727272728,0.5227272727272727
Unscaled beta,Migratory strategy,long-distance,perc_cropland,Cropland,1,1,1970s,44,-8.305475683079661e-4,0.08387603646959428,0.5220051271862108,0.4351111960051165,0.3181818181818182,0.1590909090909091,0.5227272727272727
Unscaled beta,Migratory strategy,long-distance,perc_cropland,Cropland,2,2,1990s,44,0.16563877107471944,0.13828621293796123,0.6886898431925547,0.5780701996394136,0.36363636363636365,0.20454545454545456,0.4318181818181818
Unscaled beta,Migratory strategy,long-distance,perc_cropland,Cropland,3,3,2010s,44,0.02168385923723978,0.11790228505451225,0.7589624658211708,0.7115324723372987,0.3181818181818182,0.25,0.4318181818181818
Unscaled beta,Migratory strategy,long-distance,perc_forest,Forest,1,1,1970s,44,0.3413382202212366,0.30817262700155434,1.0877117860553454,0.9572898794106182,0.38636363636363635,0.1590909090909091,0.45454545454545453
Unscaled beta,Migratory strategy,long-distance,perc_forest,Forest,2,2,1990s,44,0.4494948975397881,0.25253309597586604,1.2113302419662806,0.963503443781212,0.4090909090909091,0.13636363636363635,0.45454545454545453
Unscaled beta,Migratory strategy,long-distance,perc_forest,Forest,3,3,2010s,44,0.45784235061610845,0.22789007297258368,1.2650228800159167,1.066017580786693,0.4318181818181818,0.20454545454545456,0.36363636363636365
Unscaled beta,Migratory strategy,long-distance,perc_grass_shrub,"Grass/
shrubland",1,1,1970s,44,0.505068510914103,0.32656607662459824,0.7417130003040118,0.5822178604756387,0.20454545454545456,0.022727272727272728,0.7727272727272727
Unscaled beta,Migratory strategy,long-distance,perc_grass_shrub,"Grass/
shrubland",2,2,1990s,44,0.4685967034039992,0.22240434887759936,0.8766312662590888,0.6156275195183042,0.22727272727272727,0.06818181818181818,0.7045454545454546
Unscaled beta,Migratory strategy,long-distance,perc_grass_shrub,"Grass/
shrubland",3,3,2010s,44,0.24928892600608688,8.823174635055214e-4,1.0945685648570649,0.8124177182961891,0.25,0.13636363636363635,0.6136363636363636
Unscaled beta,Migratory strategy,long-distance,perc_pasture,Pasture,1,1,1970s,44,0.3939335317760228,0.278787630535046,0.6391827510678695,0.427922074032715,0.20454545454545456,0.06818181818181818,0.7272727272727273
Unscaled beta,Migratory strategy,long-distance,perc_pasture,Pasture,2,2,1990s,44,0.6940547253309177,0.8257643151184719,1.2613371008878196,1.1065329240131603,0.5,0.09090909090909091,0.4090909090909091
Unscaled beta,Migratory strategy,long-distance,perc_pasture,Pasture,3,3,2010s,44,1.3916392510126054,1.1373737500336674,1.5299516250552214,1.190425847311349,0.5681818181818182,0.022727272727272728,0.4090909090909091
Unscaled beta,Migratory strategy,long-distance,perc_urban,Urban,1,1,1970s,44,0.031559738868797003,0.09324392581538074,0.9718066575942808,0.7878210019134703,0.3181818181818182,0.22727272727272727,0.45454545454545453
Unscaled beta,Migratory strategy,long-distance,perc_urban,Urban,2,2,1990s,44,0.07217483204930304,0.06670727700792715,1.044844372258899,0.8261717348952949,0.3409090909090909,0.25,0.4090909090909091
Unscaled beta,Migratory strategy,long-distance,perc_urban,Urban,3,3,2010s,44,-0.13676755714989727,0.00348468065684409,1.1269834994875358,0.9664697147562453,0.3181818181818182,0.29545454545454547,0.38636363636363635
Unscaled beta,Migratory strategy,long-distance,prec_breeding,Precipitation,1,1,1970s,44,-0.007521523175428035,-0.0064170010714097725,0.013296777276329956,0.012219121701305333,0.11363636363636363,0.4772727272727273,0.4090909090909091
Unscaled beta,Migratory strategy,long-distance,prec_breeding,Precipitation,2,2,1990s,44,-0.007075885909005833,-0.00644708236589567,0.008808481559178644,0.007991021324768383,0.045454545454545456,0.45454545454545453,0.5
Unscaled beta,Migratory strategy,long-distance,prec_breeding,Precipitation,3,3,2010s,44,-0.007929210121882531,-0.0086778131963187,0.010121942289174193,0.009140688043658739,0.06818181818181818,0.5,0.4318181818181818
Unscaled beta,Migratory strategy,long-distance,tmean_breeding,Temperature,1,1,1970s,44,0.7609726258607833,0.5031252473044674,1.0923668246859803,0.6802287558149427,0.5681818181818182,0.1590909090909091,0.2727272727272727
Unscaled beta,Migratory strategy,long-distance,tmean_breeding,Temperature,2,2,1990s,44,0.6779171272692751,0.47197405133611414,0.9078582455668662,0.6196089157321968,0.5,0.13636363636363635,0.36363636363636365
Unscaled beta,Migratory strategy,long-distance,tmean_breeding,Temperature,3,3,2010s,44,1.033524321194661,0.8406484379023185,1.1081069039589386,0.8406484379023185,0.5227272727272727,0.022727272727272728,0.45454545454545453
Unscaled beta,Migratory strategy,sedentary,hh,"Habitat
heterogeneity",1,1,1970s,35,0.2780537879335719,0.1569251235183149,0.3307453699445847,0.24840882563823283,0.2571428571428571,0.02857142857142857,0.7142857142857143
Unscaled beta,Migratory strategy,sedentary,hh,"Habitat
heterogeneity",2,2,1990s,35,0.7805823143951354,0.8406262584629635,0.81482776362765,0.8406262584629635,0.7428571428571429,0,0.2571428571428571
Unscaled beta,Migratory strategy,sedentary,hh,"Habitat
heterogeneity",3,3,2010s,35,0.5918060378042509,0.5858023041609333,0.5955197287193913,0.5858023041609333,0.5714285714285714,0,0.42857142857142855
Unscaled beta,Migratory strategy,sedentary,perc_cropland,Cropland,1,1,1970s,35,0.6472602383907937,0.6155129281075731,0.6841959403191169,0.646374783745656,0.6857142857142857,0.02857142857142857,0.2857142857142857
Unscaled beta,Migratory strategy,sedentary,perc_cropland,Cropland,2,2,1990s,35,0.6224188647078123,0.5989435343975218,0.7232424814982227,0.6484720759611038,0.6,0.02857142857142857,0.37142857142857144
Unscaled beta,Migratory strategy,sedentary,perc_cropland,Cropland,3,3,2010s,35,0.7687228671280236,0.8530653945783941,0.8232909113773711,0.8530653945783941,0.7142857142857143,0.02857142857142857,0.2571428571428571
Unscaled beta,Migratory strategy,sedentary,perc_forest,Forest,1,1,1970s,35,1.766353648758248,1.929170322930999,1.81429616231534,1.929170322930999,0.8285714285714286,0.02857142857142857,0.14285714285714285
Unscaled beta,Migratory strategy,sedentary,perc_forest,Forest,2,2,1990s,35,1.8040498663279438,1.885848498556036,1.9777090403377628,1.885848498556036,0.7428571428571429,0.08571428571428572,0.17142857142857143
Unscaled beta,Migratory strategy,sedentary,perc_forest,Forest,3,3,2010s,35,1.6168709355910502,1.946801174273582,1.921715350973782,1.946801174273582,0.6857142857142857,0.11428571428571428,0.2
Unscaled beta,Migratory strategy,sedentary,perc_grass_shrub,"Grass/
shrubland",1,1,1970s,35,0.43148730118464507,0.3470177693817231,0.5362308655191651,0.3992817395715318,0.11428571428571428,0,0.8857142857142857
Unscaled beta,Migratory strategy,sedentary,perc_grass_shrub,"Grass/
shrubland",2,2,1990s,35,0.5040706750793953,0.05649667137092757,0.7270446884330736,0.31681680784759547,0.2,0.02857142857142857,0.7714285714285715
Unscaled beta,Migratory strategy,sedentary,perc_grass_shrub,"Grass/
shrubland",3,3,2010s,35,0.5759815701998414,0.372370809477742,0.9576145851881498,0.4493867209646662,0.2571428571428571,0.05714285714285714,0.6857142857142857
Unscaled beta,Migratory strategy,sedentary,perc_pasture,Pasture,1,1,1970s,35,0.3072034939216985,0.09314081729749292,0.5321398236731687,0.2327091661054613,0.22857142857142856,0.02857142857142857,0.7428571428571429
Unscaled beta,Migratory strategy,sedentary,perc_pasture,Pasture,2,2,1990s,35,0.04987836421184194,-0.0035310055480775697,0.560857531070898,0.32792179681890904,0.14285714285714285,0.11428571428571428,0.7428571428571429
Unscaled beta,Migratory strategy,sedentary,perc_pasture,Pasture,3,3,2010s,35,0.2153126216302624,0.03988109881128636,0.5714797974144591,0.3974785071669963,0.22857142857142856,0.05714285714285714,0.7142857142857143
Unscaled beta,Migratory strategy,sedentary,perc_urban,Urban,1,1,1970s,35,1.0121169490771722,1.082554300921507,1.1565517639729124,1.082554300921507,0.5428571428571428,0.02857142857142857,0.42857142857142855
Unscaled beta,Migratory strategy,sedentary,perc_urban,Urban,2,2,1990s,35,0.9182244165742011,0.8391971332408745,1.0294145515849502,0.9052685396348348,0.5714285714285714,0,0.42857142857142855
Unscaled beta,Migratory strategy,sedentary,perc_urban,Urban,3,3,2010s,35,1.3903420409534948,1.382581944973466,1.4863487203000554,1.382581944973466,0.6571428571428571,0,0.34285714285714286
Unscaled beta,Migratory strategy,sedentary,prec_breeding,Precipitation,1,1,1970s,35,0.0015175190961461422,-8.105450481356831e-4,0.012964546358929293,0.010129067929731119,0.22857142857142856,0.2857142857142857,0.4857142857142857
Unscaled beta,Migratory strategy,sedentary,prec_breeding,Precipitation,2,2,1990s,35,-0.005555130033057609,-0.006215595827621738,0.007332316241432948,0.007527992916039129,0.08571428571428572,0.42857142857142855,0.4857142857142857
Unscaled beta,Migratory strategy,sedentary,prec_breeding,Precipitation,3,3,2010s,35,-0.0017411886369555379,-0.0036412430004869917,0.007595228167154035,0.006326093150749009,0.22857142857142856,0.42857142857142855,0.34285714285714286
Unscaled beta,Migratory strategy,sedentary,tmean_breeding,Temperature,1,1,1970s,35,0.30943449881133595,0.03319969327427725,0.8910093127289129,0.6371660283203776,0.37142857142857144,0.17142857142857143,0.45714285714285713
Unscaled beta,Migratory strategy,sedentary,tmean_breeding,Temperature,2,2,1990s,35,-0.0681404777314058,-0.0530611395922833,0.8083686225421746,0.4767244102322314,0.17142857142857143,0.34285714285714286,0.4857142857142857
Unscaled beta,Migratory strategy,sedentary,tmean_breeding,Temperature,3,3,2010s,35,0.16914634554172242,0.006511957116983548,0.6159926146619492,0.3423503370084404,0.2,0.14285714285714285,0.6571428571428571
Unscaled beta,Migratory strategy,sedentary and short-distance,hh,"Habitat
heterogeneity",1,1,1970s,31,0.40524549669992477,0.25233886350066537,0.4294589624197455,0.2532802935474972,0.2903225806451613,0,0.7096774193548387
Unscaled beta,Migratory strategy,sedentary and short-distance,hh,"Habitat
heterogeneity",2,2,1990s,31,0.6996523565393008,0.6590784975028766,0.6996523565393008,0.6590784975028766,0.5806451612903226,0,0.41935483870967744
Unscaled beta,Migratory strategy,sedentary and short-distance,hh,"Habitat
heterogeneity",3,3,2010s,31,0.5141409685080871,0.4282782318065127,0.5312854513346689,0.4282782318065127,0.4838709677419355,0,0.5161290322580645
Unscaled beta,Migratory strategy,sedentary and short-distance,perc_cropland,Cropland,1,1,1970s,31,0.12140994221815395,0.17315655690190024,0.624038364425341,0.4742125732345625,0.3548387096774194,0.16129032258064516,0.4838709677419355
Unscaled beta,Migratory strategy,sedentary and short-distance,perc_cropland,Cropland,2,2,1990s,31,0.12733270219689227,0.2414387898873394,0.6766020907637653,0.2968012376056484,0.3548387096774194,0.12903225806451613,0.5161290322580645
Unscaled beta,Migratory strategy,sedentary and short-distance,perc_cropland,Cropland,3,3,2010s,31,0.08742645022180338,0.0281854127903625,0.6313301087606749,0.45439728167096494,0.3870967741935484,0.12903225806451613,0.4838709677419355
Unscaled beta,Migratory strategy,sedentary and short-distance,perc_forest,Forest,1,1,1970s,31,1.0381800687884426,1.164817843714164,1.4394179255279687,1.339503111094146,0.7096774193548387,0.0967741935483871,0.1935483870967742
Unscaled beta,Migratory strategy,sedentary and short-distance,perc_forest,Forest,2,2,1990s,31,0.9519723492317892,1.0326490589281532,1.5369055009281185,1.339895778969794,0.6451612903225806,0.0967741935483871,0.25806451612903225
Unscaled beta,Migratory strategy,sedentary and short-distance,perc_forest,Forest,3,3,2010s,31,0.8811951314498249,0.8455137956346517,1.3746103923285915,1.300442882314561,0.6129032258064516,0.12903225806451613,0.25806451612903225
Unscaled beta,Migratory strategy,sedentary and short-distance,perc_grass_shrub,"Grass/
shrubland",1,1,1970s,31,0.6084713609897311,0.6121658022081873,0.7779412431871292,0.6916674321529969,0.25806451612903225,0,0.7419354838709677
Unscaled beta,Migratory strategy,sedentary and short-distance,perc_grass_shrub,"Grass/
shrubland",2,2,1990s,31,0.5907304711487116,0.6669632469267354,0.9691776348615636,0.8495147604182386,0.41935483870967744,0.06451612903225806,0.5161290322580645
Unscaled beta,Migratory strategy,sedentary and short-distance,perc_grass_shrub,"Grass/
shrubland",3,3,2010s,31,0.2904661936232925,0.3283796092681947,1.1761929291271658,0.6591951352772651,0.22580645161290322,0.16129032258064516,0.6129032258064516
Unscaled beta,Migratory strategy,sedentary and short-distance,perc_pasture,Pasture,1,1,1970s,31,0.2279333271405328,-0.004343390165848243,0.46235974491775356,0.16194939318902365,0.16129032258064516,0,0.8387096774193549
Unscaled beta,Migratory strategy,sedentary and short-distance,perc_pasture,Pasture,2,2,1990s,31,0.04729372527087723,0.03904066495111783,0.8372460754781647,0.6581083676968619,0.1935483870967742,0.16129032258064516,0.6451612903225806
Unscaled beta,Migratory strategy,sedentary and short-distance,perc_pasture,Pasture,3,3,2010s,31,0.8847545099388743,0.608435969617116,1.0591682960265711,0.8653170986038958,0.45161290322580644,0.03225806451612903,0.5161290322580645
Unscaled beta,Migratory strategy,sedentary and short-distance,perc_urban,Urban,1,1,1970s,31,0.3912216598622145,0.264207023114682,1.1591330275671325,0.9696275394389834,0.4838709677419355,0.16129032258064516,0.3548387096774194
Unscaled beta,Migratory strategy,sedentary and short-distance,perc_urban,Urban,2,2,1990s,31,0.7223156284748068,0.6348946539053839,1.2164590163304763,1.270453044220774,0.4838709677419355,0.12903225806451613,0.3870967741935484
Unscaled beta,Migratory strategy,sedentary and short-distance,perc_urban,Urban,3,3,2010s,31,0.9007834571778379,0.7534969533956528,1.180555372764519,1.0957841852491397,0.6129032258064516,0.06451612903225806,0.3225806451612903
Unscaled beta,Migratory strategy,sedentary and short-distance,prec_breeding,Precipitation,1,1,1970s,31,-0.006673913127304168,-0.008805356165748892,0.012106904585995826,0.01233416362324395,0.0967741935483871,0.41935483870967744,0.4838709677419355
Unscaled beta,Migratory strategy,sedentary and short-distance,prec_breeding,Precipitation,2,2,1990s,31,-0.009112053040455991,-0.010415178674701568,0.010214976961066208,0.010415178674701568,0.03225806451612903,0.5806451612903226,0.3870967741935484
Unscaled beta,Migratory strategy,sedentary and short-distance,prec_breeding,Precipitation,3,3,2010s,31,-0.005352929352537377,-0.0037869024832138053,0.00617734850621327,0.00545765951033418,0.03225806451612903,0.41935483870967744,0.5483870967741935
Unscaled beta,Migratory strategy,sedentary and short-distance,tmean_breeding,Temperature,1,1,1970s,31,0.2521773215678164,0.1288411229511399,0.5796458050902494,0.2952772723302949,0.25806451612903225,0.12903225806451613,0.6129032258064516
Unscaled beta,Migratory strategy,sedentary and short-distance,tmean_breeding,Temperature,2,2,1990s,31,0.3158406398181947,0.20238998857824667,0.714513812102129,0.6639781886378331,0.41935483870967744,0.1935483870967742,0.3870967741935484
Unscaled beta,Migratory strategy,sedentary and short-distance,tmean_breeding,Temperature,3,3,2010s,31,0.2822582586992023,0.07887942639155414,0.4344231054949659,0.18565700479902447,0.25806451612903225,0.03225806451612903,0.7096774193548387
Unscaled beta,Migratory strategy,short-and long-distance,hh,"Habitat
heterogeneity",1,1,1970s,8,1.2257330956917114,1.249169266075068,1.2257330956917114,1.249169266075068,0.75,0,0.25
Unscaled beta,Migratory strategy,short-and long-distance,hh,"Habitat
heterogeneity",2,2,1990s,8,0.9327701981872143,1.0430595644572356,0.9327701981872143,1.0430595644572356,0.625,0,0.375
Unscaled beta,Migratory strategy,short-and long-distance,hh,"Habitat
heterogeneity",3,3,2010s,8,1.0383327592230822,0.9768377158441315,1.0383327592230822,0.9768377158441315,0.75,0,0.25
Unscaled beta,Migratory strategy,short-and long-distance,perc_cropland,Cropland,1,1,1970s,8,-0.6593325339907711,-0.5618866970738281,1.0828760619992222,1.1512419210245586,0.125,0.5,0.375
Unscaled beta,Migratory strategy,short-and long-distance,perc_cropland,Cropland,2,2,1990s,8,-0.6104606896587954,-0.35681084160673726,1.3766851752504605,1.1642128176788835,0.375,0.375,0.25
Unscaled beta,Migratory strategy,short-and long-distance,perc_cropland,Cropland,3,3,2010s,8,-0.7341973720443822,-1.0634591396781796,1.436972311321197,1.256246285649439,0.375,0.625,0
Unscaled beta,Migratory strategy,short-and long-distance,perc_forest,Forest,1,1,1970s,8,-0.7625075924538811,-0.7717728229521739,1.7575404943759694,1.8419735322632413,0.25,0.5,0.25
Unscaled beta,Migratory strategy,short-and long-distance,perc_forest,Forest,2,2,1990s,8,-0.9707100539562113,-1.0936207044063746,2.170696340724825,2.4315862561773276,0.375,0.5,0.125
Unscaled beta,Migratory strategy,short-and long-distance,perc_forest,Forest,3,3,2010s,8,-0.973735737620914,-1.194880141203332,1.830073749292328,2.219672813540139,0.25,0.5,0.25
Unscaled beta,Migratory strategy,short-and long-distance,perc_grass_shrub,"Grass/
shrubland",1,1,1970s,8,-0.10153733269128057,-0.10228282424396895,1.1028348629061095,0.6884899984584869,0.125,0.125,0.75
Unscaled beta,Migratory strategy,short-and long-distance,perc_grass_shrub,"Grass/
shrubland",2,2,1990s,8,0.23392603717842153,-0.15850144975663602,0.9130683114741618,0.7888224292389571,0.375,0,0.625
Unscaled beta,Migratory strategy,short-and long-distance,perc_grass_shrub,"Grass/
shrubland",3,3,2010s,8,-1.1679066982618358,-0.6002814940691635,1.502869127432254,1.24920877438678,0,0.25,0.75
Unscaled beta,Migratory strategy,short-and long-distance,perc_pasture,Pasture,1,1,1970s,8,0.4619313137232211,0.32512647216454904,0.5935549106648043,0.47934645804177944,0.25,0,0.75
Unscaled beta,Migratory strategy,short-and long-distance,perc_pasture,Pasture,2,2,1990s,8,0.5418513169206891,0.42500696263979043,0.985060624687594,1.1059562021470102,0.5,0,0.5
Unscaled beta,Migratory strategy,short-and long-distance,perc_pasture,Pasture,3,3,2010s,8,1.2352797845158885,1.3027404400254112,1.2352797845158885,1.3027404400254112,0.625,0,0.375
Unscaled beta,Migratory strategy,short-and long-distance,perc_urban,Urban,1,1,1970s,8,-1.10135284238995,-1.1824665446442961,1.6769385982712977,2.0655248468213734,0.125,0.5,0.375
Unscaled beta,Migratory strategy,short-and long-distance,perc_urban,Urban,2,2,1990s,8,-0.587092126039216,-0.4794488715778835,1.1162950372192801,1.0892949791526538,0.125,0.375,0.5
Unscaled beta,Migratory strategy,short-and long-distance,perc_urban,Urban,3,3,2010s,8,0.026918706139803884,-0.005038345841516262,0.830790253951141,0.5937753341772729,0.25,0.25,0.5
Unscaled beta,Migratory strategy,short-and long-distance,prec_breeding,Precipitation,1,1,1970s,8,-0.013483799527515532,-0.00487536222613648,0.014019012309763466,0.00487536222613648,0,0.375,0.625
Unscaled beta,Migratory strategy,short-and long-distance,prec_breeding,Precipitation,2,2,1990s,8,-0.012840274085805294,-0.015026187955460325,0.013433049239137502,0.015026187955460325,0,0.5,0.5
Unscaled beta,Migratory strategy,short-and long-distance,prec_breeding,Precipitation,3,3,2010s,8,-0.004042062787843418,0.0016390860440281421,0.00936999650118423,0.006280586230165896,0.25,0.25,0.5
Unscaled beta,Migratory strategy,short-and long-distance,tmean_breeding,Temperature,1,1,1970s,8,0.9025905325529938,0.8986457795253295,1.5317484379323965,1.3654237704838292,0.5,0.375,0.125
Unscaled beta,Migratory strategy,short-and long-distance,tmean_breeding,Temperature,2,2,1990s,8,0.9045900386430811,0.6536133979043841,1.3078041523602597,0.8194147958529837,0.5,0.125,0.375
Unscaled beta,Migratory strategy,short-and long-distance,tmean_breeding,Temperature,3,3,2010s,8,0.9745107168600562,0.7742244384378656,1.1107879038452795,0.7742244384378656,0.5,0,0.5
Unscaled beta,Migratory strategy,short-distance,hh,"Habitat
heterogeneity",1,1,1970s,39,0.5342644392289279,0.23160549724103296,0.6033954822240173,0.4302538232647194,0.38461538461538464,0,0.6153846153846154
Unscaled beta,Migratory strategy,short-distance,hh,"Habitat
heterogeneity",2,2,1990s,39,0.8687522855813392,0.7053751209648492,0.8796127789044034,0.7053751209648492,0.5384615384615384,0,0.46153846153846156
Unscaled beta,Migratory strategy,short-distance,hh,"Habitat
heterogeneity",3,3,2010s,39,0.8064694503654959,0.7446362243271621,0.8261613218442717,0.7446362243271621,0.5641025641025641,0,0.4358974358974359
Unscaled beta,Migratory strategy,short-distance,perc_cropland,Cropland,1,1,1970s,39,-0.18586985781343845,-0.10151352554067307,0.6722585387243427,0.6144761119908826,0.23076923076923078,0.358974358974359,0.41025641025641024
Unscaled beta,Migratory strategy,short-distance,perc_cropland,Cropland,2,2,1990s,39,-0.22314269564730546,-7.184431309787988e-4,0.6741888449139114,0.45090674410779114,0.23076923076923078,0.28205128205128205,0.48717948717948717
Unscaled beta,Migratory strategy,short-distance,perc_cropland,Cropland,3,3,2010s,39,-0.2171550294353517,2.1181924754664733e-5,0.7025368889046381,0.5519856106802016,0.23076923076923078,0.38461538461538464,0.38461538461538464
Unscaled beta,Migratory strategy,short-distance,perc_forest,Forest,1,1,1970s,39,0.2711510701965303,0.5489881782173796,1.3531523998193837,1.1890763895241325,0.46153846153846156,0.23076923076923078,0.3076923076923077
Unscaled beta,Migratory strategy,short-distance,perc_forest,Forest,2,2,1990s,39,0.4572713936708535,0.7236068496292727,1.3937133742013297,1.0092074344154736,0.5128205128205128,0.20512820512820512,0.28205128205128205
Unscaled beta,Migratory strategy,short-distance,perc_forest,Forest,3,3,2010s,39,0.42786874485616205,0.606069891966508,1.5329044935933507,1.292000462199182,0.48717948717948717,0.2564102564102564,0.2564102564102564
Unscaled beta,Migratory strategy,short-distance,perc_grass_shrub,"Grass/
shrubland",1,1,1970s,39,0.433766464161019,0.44383202824236445,1.2252517495898199,0.7587820796943713,0.28205128205128205,0.10256410256410256,0.6153846153846154
Unscaled beta,Migratory strategy,short-distance,perc_grass_shrub,"Grass/
shrubland",2,2,1990s,39,0.0887763452146615,0.19973863750676923,1.166880526163419,0.6942639187224952,0.20512820512820512,0.15384615384615385,0.6410256410256411
Unscaled beta,Migratory strategy,short-distance,perc_grass_shrub,"Grass/
shrubland",3,3,2010s,39,-0.5171912915415979,0.006674829054098652,1.4841801182641847,1.0678390787521181,0.1794871794871795,0.3333333333333333,0.48717948717948717
Unscaled beta,Migratory strategy,short-distance,perc_pasture,Pasture,1,1,1970s,39,0.31674210147012216,0.20283784369529023,0.7282624053750162,0.5762250340978423,0.23076923076923078,0.10256410256410256,0.6666666666666666
Unscaled beta,Migratory strategy,short-distance,perc_pasture,Pasture,2,2,1990s,39,0.2580904803635146,0.24159054069952182,1.2224309759545136,1.0648315775205732,0.38461538461538464,0.20512820512820512,0.41025641025641024
Unscaled beta,Migratory strategy,short-distance,perc_pasture,Pasture,3,3,2010s,39,1.210012610348079,1.2036010352636886,1.629497861969367,1.771046653249281,0.5384615384615384,0.07692307692307693,0.38461538461538464
Unscaled beta,Migratory strategy,short-distance,perc_urban,Urban,1,1,1970s,39,-0.33760019189609763,-0.15061767708870374,1.1935287112886805,0.8483315608118186,0.2564102564102564,0.3333333333333333,0.41025641025641024
Unscaled beta,Migratory strategy,short-distance,perc_urban,Urban,2,2,1990s,39,-0.2652130438479144,4.803089349144593e-4,1.1574592848088805,1.1358417012833455,0.28205128205128205,0.3076923076923077,0.41025641025641024
Unscaled beta,Migratory strategy,short-distance,perc_urban,Urban,3,3,2010s,39,-0.09467057029084815,0.068489707884502593,1.2848216562506907,1.33669470742939,0.3333333333333333,0.3333333333333333,0.3333333333333333
Unscaled beta,Migratory strategy,short-distance,prec_breeding,Precipitation,1,1,1970s,39,-0.00936036292411561,-0.00937304443988148,0.0147167736404904,0.01076499500011289,0.1282051282051282,0.48717948717948717,0.38461538461538464
Unscaled beta,Migratory strategy,short-distance,prec_breeding,Precipitation,2,2,1990s,39,-0.005657568403092616,-0.001986898103825708,0.008389681693967336,0.006835861172555562,0.07692307692307693,0.358974358974359,0.5641025641025641
Unscaled beta,Migratory strategy,short-distance,prec_breeding,Precipitation,3,3,2010s,39,-0.0050198134800603245,-0.003930307052874827,0.008093538504138891,0.006760072250871288,0.1282051282051282,0.41025641025641024,0.46153846153846156
Unscaled beta,Migratory strategy,short-distance,tmean_breeding,Temperature,1,1,1970s,39,0.5725505124561573,0.35605320532150014,0.7923174526255143,0.5794168915651895,0.41025641025641024,0.07692307692307693,0.5128205128205128
Unscaled beta,Migratory strategy,short-distance,tmean_breeding,Temperature,2,2,1990s,39,0.5484026490884452,0.39794683384001134,0.8928231024083234,0.48638419789006426,0.41025641025641024,0.07692307692307693,0.5128205128205128
Unscaled beta,Migratory strategy,short-distance,tmean_breeding,Temperature,3,3,2010s,39,0.5027160315612629,0.4083385805062222,0.6599178828580152,0.46639400537435305,0.41025641025641024,0.05128205128205128,0.5384615384615384
Unscaled beta,Thermal affinity,cold,hh,"Habitat
heterogeneity",1,1,1970s,31,0.32150287722498283,0.20685380257270905,0.4020692032225369,0.29918191103442043,0.2903225806451613,0,0.7096774193548387
Unscaled beta,Thermal affinity,cold,hh,"Habitat
heterogeneity",2,2,1990s,31,0.7614102319120238,0.7849015187451963,0.7754123804554761,0.7849015187451963,0.6451612903225806,0,0.3548387096774194
Unscaled beta,Thermal affinity,cold,hh,"Habitat
heterogeneity",3,3,2010s,31,0.6917247760465737,0.7332405913414799,0.7011413972964701,0.7332405913414799,0.6774193548387096,0,0.3225806451612903
Unscaled beta,Thermal affinity,cold,perc_cropland,Cropland,1,1,1970s,31,0.15884609248906129,0.22573591127873663,0.5700329981691673,0.5999056939459075,0.3548387096774194,0.1935483870967742,0.45161290322580644
Unscaled beta,Thermal affinity,cold,perc_cropland,Cropland,2,2,1990s,31,0.274804617157709,0.2711585336143533,0.5791097297052196,0.49548180124522545,0.45161290322580644,0.12903225806451613,0.41935483870967744
Unscaled beta,Thermal affinity,cold,perc_cropland,Cropland,3,3,2010s,31,0.364337196485976,0.07079918945661039,0.6267234894203463,0.4377768909420033,0.3548387096774194,0.0967741935483871,0.5483870967741935
Unscaled beta,Thermal affinity,cold,perc_forest,Forest,1,1,1970s,31,0.9431433899244811,0.6623687665335874,1.2300650417744263,0.8340268895283847,0.5161290322580645,0.0967741935483871,0.3870967741935484
Unscaled beta,Thermal affinity,cold,perc_forest,Forest,2,2,1990s,31,1.1243253452615625,0.9135937129881524,1.3389381315581643,0.9946582624942212,0.5161290322580645,0.03225806451612903,0.45161290322580644
Unscaled beta,Thermal affinity,cold,perc_forest,Forest,3,3,2010s,31,1.3006926380016095,1.151212120619433,1.5623281581324429,1.1913827415986011,0.6451612903225806,0.06451612903225806,0.2903225806451613
Unscaled beta,Thermal affinity,cold,perc_grass_shrub,"Grass/
shrubland",1,1,1970s,31,0.4056388408810066,0.2886024465655351,0.7424052686607684,0.5688141765715554,0.22580645161290322,0.03225806451612903,0.7419354838709677
Unscaled beta,Thermal affinity,cold,perc_grass_shrub,"Grass/
shrubland",2,2,1990s,31,0.8433717465862819,0.392503153442248,1.1308648559096048,0.7640515279264901,0.3870967741935484,0.03225806451612903,0.5806451612903226
Unscaled beta,Thermal affinity,cold,perc_grass_shrub,"Grass/
shrubland",3,3,2010s,31,0.48800283902367453,0.2576851200525034,1.2346730028174333,0.7186800030412991,0.2903225806451613,0.12903225806451613,0.5806451612903226
Unscaled beta,Thermal affinity,cold,perc_pasture,Pasture,1,1,1970s,31,0.36611099377724793,0.07228393798816543,0.541142834750356,0.40098857143896827,0.25806451612903225,0.03225806451612903,0.7096774193548387
Unscaled beta,Thermal affinity,cold,perc_pasture,Pasture,2,2,1990s,31,0.3811146381789844,0.24159054069952182,1.002122818010644,0.7460953998583821,0.3225806451612903,0.06451612903225806,0.6129032258064516
Unscaled beta,Thermal affinity,cold,perc_pasture,Pasture,3,3,2010s,31,1.2960053072389994,1.1906849170584863,1.401051456551956,1.1906849170584863,0.6129032258064516,0,0.3870967741935484
Unscaled beta,Thermal affinity,cold,perc_urban,Urban,1,1,1970s,31,0.38918534192122306,0.38850223602015765,0.8207090409857113,0.6897624653429085,0.3870967741935484,0.0967741935483871,0.5161290322580645
Unscaled beta,Thermal affinity,cold,perc_urban,Urban,2,2,1990s,31,0.3521423690746964,0.22849392240026148,0.7137174533320256,0.49955919381853936,0.2903225806451613,0.06451612903225806,0.6451612903225806
Unscaled beta,Thermal affinity,cold,perc_urban,Urban,3,3,2010s,31,0.4802208705783025,0.10475692694100745,0.7941772812109448,0.44496520753583724,0.3225806451612903,0.06451612903225806,0.6129032258064516
Unscaled beta,Thermal affinity,cold,prec_breeding,Precipitation,1,1,1970s,31,-0.004704335185998696,-0.002512379662653593,0.014806824874923283,0.011774713445049935,0.16129032258064516,0.41935483870967744,0.41935483870967744
Unscaled beta,Thermal affinity,cold,prec_breeding,Precipitation,2,2,1990s,31,-0.006988500436133029,-0.007563368245744592,0.009214354212484092,0.008526414958396086,0.0967741935483871,0.5161290322580645,0.3870967741935484
Unscaled beta,Thermal affinity,cold,prec_breeding,Precipitation,3,3,2010s,31,-0.006008707627284238,-0.006760072250871288,0.009015765912699817,0.008984895592044712,0.16129032258064516,0.4838709677419355,0.3548387096774194
Unscaled beta,Thermal affinity,cold,tmean_breeding,Temperature,1,1,1970s,31,0.2831258334274953,0.19095414513564385,0.8518347098228732,0.602260979425624,0.41935483870967744,0.22580645161290322,0.3548387096774194
Unscaled beta,Thermal affinity,cold,tmean_breeding,Temperature,2,2,1990s,31,0.17424358169769902,0.21551663924095965,0.7368540790409609,0.5318092788233743,0.3548387096774194,0.1935483870967742,0.45161290322580644
Unscaled beta,Thermal affinity,cold,tmean_breeding,Temperature,3,3,2010s,31,0.37588155537050627,0.050007764100675665,0.6437616096109349,0.3307575796055187,0.2903225806451613,0.0967741935483871,0.6129032258064516
Unscaled beta,Thermal affinity,medium,hh,"Habitat
heterogeneity",1,1,1970s,31,0.3345309879230413,0.22417238748162532,0.43420435793949724,0.28664607706739503,0.3548387096774194,0.03225806451612903,0.6129032258064516
Unscaled beta,Thermal affinity,medium,hh,"Habitat
heterogeneity",2,2,1990s,31,0.6607746274618229,0.6804081754172625,0.685947167551243,0.6804081754172625,0.5483870967741935,0,0.45161290322580644
Unscaled beta,Thermal affinity,medium,hh,"Habitat
heterogeneity",3,3,2010s,31,0.4306920794240348,0.4282782318065127,0.4686425791641202,0.4674135510078068,0.41935483870967744,0,0.5806451612903226
Unscaled beta,Thermal affinity,medium,perc_cropland,Cropland,1,1,1970s,31,0.4124959548350654,0.5331911982477711,0.6119217903481499,0.5531269767136859,0.6129032258064516,0.0967741935483871,0.2903225806451613
Unscaled beta,Thermal affinity,medium,perc_cropland,Cropland,2,2,1990s,31,0.3647929342544654,0.30184923158862675,0.6199865947215818,0.45015078906940686,0.45161290322580644,0.0967741935483871,0.45161290322580644
Unscaled beta,Thermal affinity,medium,perc_cropland,Cropland,3,3,2010s,31,0.42527930144824133,0.6292184628503543,0.7909747933977553,0.7719468685600881,0.5806451612903226,0.16129032258064516,0.25806451612903225
Unscaled beta,Thermal affinity,medium,perc_forest,Forest,1,1,1970s,31,1.2518155859618585,1.470940422318906,1.6012371953031708,1.470940422318906,0.6451612903225806,0.12903225806451613,0.22580645161290322
Unscaled beta,Thermal affinity,medium,perc_forest,Forest,2,2,1990s,31,1.323027585318623,1.5463966530257085,1.7484640936633693,1.628136738284326,0.7096774193548387,0.0967741935483871,0.1935483870967742
Unscaled beta,Thermal affinity,medium,perc_forest,Forest,3,3,2010s,31,1.1418362431605429,0.8880642622765735,1.6634926698071741,1.2225252873447943,0.6129032258064516,0.1935483870967742,0.1935483870967742
Unscaled beta,Thermal affinity,medium,perc_grass_shrub,"Grass/
shrubland",1,1,1970s,31,0.5148390555604853,0.49388176189927774,0.5325375283655123,0.49388176189927774,0.12903225806451613,0,0.8709677419354839
Unscaled beta,Thermal affinity,medium,perc_grass_shrub,"Grass/
shrubland",2,2,1990s,31,0.4637682196145925,0.31681680784759547,0.7268860318331003,0.5399438046332014,0.25806451612903225,0.06451612903225806,0.6774193548387096
Unscaled beta,Thermal affinity,medium,perc_grass_shrub,"Grass/
shrubland",3,3,2010s,31,0.7962805712906753,0.6350828153461223,1.2007238525885102,1.217773836350031,0.3548387096774194,0.06451612903225806,0.5806451612903226
Unscaled beta,Thermal affinity,medium,perc_pasture,Pasture,1,1,1970s,31,0.3618417526458304,0.15973323517252153,0.6072417119040372,0.3551905247645704,0.25806451612903225,0.06451612903225806,0.6774193548387096
Unscaled beta,Thermal affinity,medium,perc_pasture,Pasture,2,2,1990s,31,0.11840883608441091,0.03904066495111783,0.6671535956461966,0.566169123298247,0.22580645161290322,0.12903225806451613,0.6451612903225806
Unscaled beta,Thermal affinity,medium,perc_pasture,Pasture,3,3,2010s,31,0.8355132475881191,0.6126409840497887,1.0590682867811299,0.6880230369940058,0.41935483870967744,0.06451612903225806,0.5161290322580645
Unscaled beta,Thermal affinity,medium,perc_urban,Urban,1,1,1970s,31,0.5605348056043672,0.264207023114682,1.0848970949150865,0.9336555946012652,0.45161290322580644,0.12903225806451613,0.41935483870967744
Unscaled beta,Thermal affinity,medium,perc_urban,Urban,2,2,1990s,31,0.5147415007397462,0.6222293905465783,1.1184549641753556,0.9251126413505312,0.5161290322580645,0.16129032258064516,0.3225806451612903
Unscaled beta,Thermal affinity,medium,perc_urban,Urban,3,3,2010s,31,0.705923719632001,0.9050958762232275,1.2327355729430494,1.1659134856906042,0.5161290322580645,0.1935483870967742,0.2903225806451613
Unscaled beta,Thermal affinity,medium,prec_breeding,Precipitation,1,1,1970s,31,-0.004930423832407305,-0.003649637829981516,0.008941553903147131,0.007066839451631613,0.0967741935483871,0.2903225806451613,0.6129032258064516
Unscaled beta,Thermal affinity,medium,prec_breeding,Precipitation,2,2,1990s,31,-0.0054911084184527835,-0.0037859985522817126,0.006615612977922734,0.006871834130123594,0.06451612903225806,0.3548387096774194,0.5806451612903226
Unscaled beta,Thermal affinity,medium,prec_breeding,Precipitation,3,3,2010s,31,-0.00345991191697273,-0.0036412430004869917,0.0073259703306054426,0.005468129481595989,0.12903225806451613,0.3225806451612903,0.5483870967741935
Unscaled beta,Thermal affinity,medium,tmean_breeding,Temperature,1,1,1970s,31,0.37836101951789486,0.01564292343077165,0.7557357347244062,0.5396327850751279,0.3548387096774194,0.0967741935483871,0.5483870967741935
Unscaled beta,Thermal affinity,medium,tmean_breeding,Temperature,2,2,1990s,31,0.1754449158992775,0.06144237137114031,0.7984286996206833,0.5009421048790342,0.25806451612903225,0.2903225806451613,0.45161290322580644
Unscaled beta,Thermal affinity,medium,tmean_breeding,Temperature,3,3,2010s,31,0.3983105121943852,0.09566298135545762,0.6461944712886232,0.3527168664216416,0.25806451612903225,0.06451612903225806,0.6774193548387096
Unscaled beta,Thermal affinity,very cold,hh,"Habitat
heterogeneity",1,1,1970s,32,0.7822569392582303,0.5075188283483671,0.8227713096567753,0.5150589647190625,0.5,0,0.5
Unscaled beta,Thermal affinity,very cold,hh,"Habitat
heterogeneity",2,2,1990s,32,0.8933627289197011,0.7101193566512007,0.9045163216368451,0.7101193566512007,0.5625,0,0.4375
Unscaled beta,Thermal affinity,very cold,hh,"Habitat
heterogeneity",3,3,2010s,32,0.8304016068938317,0.6084103378763797,0.8559349537486047,0.6084103378763797,0.53125,0,0.46875
Unscaled beta,Thermal affinity,very cold,perc_cropland,Cropland,1,1,1970s,32,-0.6414620837580861,-0.5099347631245772,0.9371425134652256,0.6950529530785496,0.15625,0.53125,0.3125
Unscaled beta,Thermal affinity,very cold,perc_cropland,Cropland,2,2,1990s,32,-0.8872977942677956,-0.4131785461586075,1.0373900611616729,0.7441871379565415,0.0625,0.5,0.4375
Unscaled beta,Thermal affinity,very cold,perc_cropland,Cropland,3,3,2010s,32,-0.9467383440410078,-1.0261437891743639,1.0983740758724099,1.0261437891743639,0.125,0.625,0.25
Unscaled beta,Thermal affinity,very cold,perc_forest,Forest,1,1,1970s,32,-0.18352942063118857,0.06466010625735147,1.755497647875472,1.6739698749397145,0.4375,0.375,0.1875
Unscaled beta,Thermal affinity,very cold,perc_forest,Forest,2,2,1990s,32,-0.3303193084495795,-0.3460649183760761,2.0524750446823723,2.0208811349499234,0.40625,0.4375,0.15625
Unscaled beta,Thermal affinity,very cold,perc_forest,Forest,3,3,2010s,32,-0.13521485504908498,-0.10592551902914378,2.020705815434552,1.859654851167008,0.46875,0.4375,0.09375
Unscaled beta,Thermal affinity,very cold,perc_grass_shrub,"Grass/
shrubland",1,1,1970s,32,0.2539575142346127,0.01181730096673015,1.278054102280292,0.8595564776957253,0.28125,0.09375,0.625
Unscaled beta,Thermal affinity,very cold,perc_grass_shrub,"Grass/
shrubland",2,2,1990s,32,-0.30619208980757995,0.018565654571693672,1.3709677854711748,0.9119239455374166,0.1875,0.25,0.5625
Unscaled beta,Thermal affinity,very cold,perc_grass_shrub,"Grass/
shrubland",3,3,2010s,32,-0.7338930767172509,-0.009684015044732397,1.7917600570145658,1.703775975145196,0.1875,0.40625,0.40625
Unscaled beta,Thermal affinity,very cold,perc_pasture,Pasture,1,1,1970s,32,0.3438171510331467,0.0709824483453293,0.7939208523106718,0.5130206548480909,0.21875,0.09375,0.6875
Unscaled beta,Thermal affinity,very cold,perc_pasture,Pasture,2,2,1990s,32,-0.014219087032852025,-0.13319935866152094,1.2531936396032868,1.024287030553327,0.28125,0.25,0.46875
Unscaled beta,Thermal affinity,very cold,perc_pasture,Pasture,3,3,2010s,32,0.9269692990093283,0.4372555237886804,1.5252807355690965,1.2402896161958044,0.40625,0.09375,0.5
Unscaled beta,Thermal affinity,very cold,perc_urban,Urban,1,1,1970s,32,-1.1418370034524334,-0.9880832005348521,1.5190905539262154,1.2824574565823084,0.125,0.53125,0.34375
Unscaled beta,Thermal affinity,very cold,perc_urban,Urban,2,2,1990s,32,-0.9191870776526202,-0.9958577033508378,1.3090858520200426,1.299036024408704,0.15625,0.53125,0.3125
Unscaled beta,Thermal affinity,very cold,perc_urban,Urban,3,3,2010s,32,-0.5562997324705166,-0.1538842574331841,1.4475453679492927,1.4461939558252574,0.3125,0.4375,0.25
Unscaled beta,Thermal affinity,very cold,prec_breeding,Precipitation,1,1,1970s,32,-0.010203593519767148,-0.012880858737504509,0.016187490371116345,0.01648511893453721,0.09375,0.53125,0.375
Unscaled beta,Thermal affinity,very cold,prec_breeding,Precipitation,2,2,1990s,32,-0.008241857449651644,-0.005181059918380221,0.010304761360733102,0.007220724030105086,0.03125,0.4375,0.53125
Unscaled beta,Thermal affinity,very cold,prec_breeding,Precipitation,3,3,2010s,32,-0.007037650068022163,-0.0059704750190423626,0.008467602172589062,0.006633656574331809,0.03125,0.4375,0.53125
Unscaled beta,Thermal affinity,very cold,tmean_breeding,Temperature,1,1,1970s,32,0.5219352474059618,0.2724269114914244,1.0739632212928432,0.9564129871763103,0.40625,0.21875,0.375
Unscaled beta,Thermal affinity,very cold,tmean_breeding,Temperature,2,2,1990s,32,0.4974947892116,0.48730145908576805,0.9760686081913973,0.889434809558123,0.5,0.1875,0.3125
Unscaled beta,Thermal affinity,very cold,tmean_breeding,Temperature,3,3,2010s,32,0.4943762569248483,0.4057327514036613,0.6352153132734735,0.552418735893975,0.34375,0.03125,0.625
Unscaled beta,Thermal affinity,very warm,hh,"Habitat
heterogeneity",1,1,1970s,32,0.4185499384082978,0.18280080497322598,0.42377473292150303,0.18280080497322598,0.1875,0,0.8125
Unscaled beta,Thermal affinity,very warm,hh,"Habitat
heterogeneity",2,2,1990s,32,0.7177836526516317,0.6487703106361826,0.720313244717679,0.6487703106361826,0.5,0,0.5
Unscaled beta,Thermal affinity,very warm,hh,"Habitat
heterogeneity",3,3,2010s,32,0.788844972126717,0.7637655556732805,0.7888543598252238,0.7637655556732805,0.5625,0,0.4375
Unscaled beta,Thermal affinity,very warm,perc_cropland,Cropland,1,1,1970s,32,0.024255889248150614,0.05410569733539686,0.5017968126651486,0.20049574863734504,0.1875,0.125,0.6875
Unscaled beta,Thermal affinity,very warm,perc_cropland,Cropland,2,2,1990s,32,0.2714537639737013,0.1705509293160267,0.7294363211645262,0.6784525665332545,0.34375,0.15625,0.5
Unscaled beta,Thermal affinity,very warm,perc_cropland,Cropland,3,3,2010s,32,0.08270540042089883,0.002910457549625699,0.6319640812842442,0.4843684703433065,0.3125,0.21875,0.46875
Unscaled beta,Thermal affinity,very warm,perc_forest,Forest,1,1,1970s,32,0.2924831134007428,0.1413044953672284,0.9640852251333173,0.7186416160854943,0.375,0.09375,0.53125
Unscaled beta,Thermal affinity,very warm,perc_forest,Forest,2,2,1990s,32,0.4009263213504439,0.2682036965928585,1.0875116646400365,0.8846014719663012,0.4375,0.15625,0.40625
Unscaled beta,Thermal affinity,very warm,perc_forest,Forest,3,3,2010s,32,0.16588793491404666,0.20318089350968688,1.156412681639837,0.7432547980246771,0.3125,0.25,0.4375
Unscaled beta,Thermal affinity,very warm,perc_grass_shrub,"Grass/
shrubland",1,1,1970s,32,0.5012651528219676,0.45285600996381914,0.9662542352429985,0.6570809269638374,0.21875,0.0625,0.71875
Unscaled beta,Thermal affinity,very warm,perc_grass_shrub,"Grass/
shrubland",2,2,1990s,32,0.538675022621011,0.30121502038591175,0.9262120732512312,0.5926835664338912,0.21875,0.03125,0.75
Unscaled beta,Thermal affinity,very warm,perc_grass_shrub,"Grass/
shrubland",3,3,2010s,32,-0.6672659019057452,-0.12222976095874524,0.993810879328779,0.4079321742499126,0.0625,0.25,0.6875
Unscaled beta,Thermal affinity,very warm,perc_pasture,Pasture,1,1,1970s,32,0.28376356796154106,0.1711665964440393,0.5381895826575384,0.39047125151327833,0.125,0.03125,0.84375
Unscaled beta,Thermal affinity,very warm,perc_pasture,Pasture,2,2,1990s,32,0.6343876608279572,0.994201075443309,1.257347207184755,1.3950187002294414,0.46875,0.15625,0.375
Unscaled beta,Thermal affinity,very warm,perc_pasture,Pasture,3,3,2010s,32,1.0300577016035448,1.0093221717096972,1.2402822151351527,1.05140871469405,0.5,0.03125,0.46875
Unscaled beta,Thermal affinity,very warm,perc_urban,Urban,1,1,1970s,32,0.09735630079171584,0.09324392581538074,1.0088659872515586,0.9556048338425627,0.34375,0.1875,0.46875
Unscaled beta,Thermal affinity,very warm,perc_urban,Urban,2,2,1990s,32,0.4673598462939653,0.2052445484169666,1.067335312393128,0.8682493326126614,0.4375,0.09375,0.46875
Unscaled beta,Thermal affinity,very warm,perc_urban,Urban,3,3,2010s,32,0.03168685984636488,-1.3890676188365125e-4,1.0221263434111438,1.0031742072520922,0.3125,0.21875,0.46875
Unscaled beta,Thermal affinity,very warm,prec_breeding,Precipitation,1,1,1970s,32,-0.0018050838046368971,-0.0021728431420656702,0.014871204103763715,0.013210310431794253,0.25,0.40625,0.34375
Unscaled beta,Thermal affinity,very warm,prec_breeding,Precipitation,2,2,1990s,32,-0.007328256583839819,-0.005242353790992373,0.00952549481962782,0.006274584622530029,0.0625,0.40625,0.53125
Unscaled beta,Thermal affinity,very warm,prec_breeding,Precipitation,3,3,2010s,32,-0.00384237402257195,-0.002847550522762095,0.010032510933940888,0.008255051060035832,0.21875,0.46875,0.3125
Unscaled beta,Thermal affinity,very warm,tmean_breeding,Temperature,1,1,1970s,32,1.178267189645147,0.695952558862168,1.2204453679920717,0.695952558862168,0.59375,0,0.40625
Unscaled beta,Thermal affinity,very warm,tmean_breeding,Temperature,2,2,1990s,32,1.2133876740795932,0.880541539959556,1.2754964084666405,0.880541539959556,0.65625,0,0.34375
Unscaled beta,Thermal affinity,very warm,tmean_breeding,Temperature,3,3,2010s,32,1.2141357734245024,0.9278120321092005,1.260723110600323,0.9278120321092005,0.625,0,0.375
Unscaled beta,Thermal affinity,warm,hh,"Habitat
heterogeneity",1,1,1970s,31,0.25597873610427896,0.12539941550767905,0.3483540852560641,0.1569251235183149,0.3870967741935484,0.06451612903225806,0.5483870967741935
Unscaled beta,Thermal affinity,warm,hh,"Habitat
heterogeneity",2,2,1990s,31,0.8125549753341834,0.7840425615657739,0.8125549753341834,0.7840425615657739,0.8064516129032258,0,0.1935483870967742
Unscaled beta,Thermal affinity,warm,hh,"Habitat
heterogeneity",3,3,2010s,31,0.4868031204933884,0.4830214781230035,0.5368819439610708,0.4830214781230035,0.45161290322580644,0.03225806451612903,0.5161290322580645
Unscaled beta,Thermal affinity,warm,perc_cropland,Cropland,1,1,1970s,31,0.5127962093566045,0.5129908984516489,0.5953131429220088,0.6140285336139623,0.5806451612903226,0.03225806451612903,0.3870967741935484
Unscaled beta,Thermal affinity,warm,perc_cropland,Cropland,2,2,1990s,31,0.623010135105906,0.7407524554872648,0.6511909944698044,0.7407524554872648,0.6129032258064516,0,0.3870967741935484
Unscaled beta,Thermal affinity,warm,perc_cropland,Cropland,3,3,2010s,31,0.6257396047852986,0.6179542280270188,0.6889036492708646,0.6179542280270188,0.6451612903225806,0.03225806451612903,0.3225806451612903
Unscaled beta,Thermal affinity,warm,perc_forest,Forest,1,1,1970s,31,1.3538524550208446,1.339503111094146,1.5489640716489055,1.3655211826214477,0.8387096774193549,0.06451612903225806,0.0967741935483871
Unscaled beta,Thermal affinity,warm,perc_forest,Forest,2,2,1990s,31,1.431329106455302,1.1270614688738627,1.4739924589217923,1.1270614688738627,0.7096774193548387,0.03225806451612903,0.25806451612903225
Unscaled beta,Thermal affinity,warm,perc_forest,Forest,3,3,2010s,31,1.169343758853471,1.0735581139150858,1.2351481883528956,1.0735581139150858,0.6129032258064516,0.03225806451612903,0.3548387096774194
Unscaled beta,Thermal affinity,warm,perc_grass_shrub,"Grass/
shrubland",1,1,1970s,31,0.6319463070199176,0.5435442896199278,0.6705172410980696,0.5477966877132219,0.1935483870967742,0,0.8064516129032258
Unscaled beta,Thermal affinity,warm,perc_grass_shrub,"Grass/
shrubland",2,2,1990s,31,0.4498795529582945,0.14555549119301492,0.508893564654572,0.16258646923222161,0.25806451612903225,0,0.7419354838709677
Unscaled beta,Thermal affinity,warm,perc_grass_shrub,"Grass/
shrubland",3,3,2010s,31,0.5046163659212378,0.41353780130236084,0.7551584932073613,0.5513843668513239,0.1935483870967742,0.03225806451612903,0.7741935483870968
Unscaled beta,Thermal affinity,warm,perc_pasture,Pasture,1,1,1970s,31,0.2758195208689054,0.21806929676376804,0.5163001676668606,0.43074846011057444,0.1935483870967742,0.03225806451612903,0.7741935483870968
Unscaled beta,Thermal affinity,warm,perc_pasture,Pasture,2,2,1990s,31,0.41354752746148393,0.2168998006271267,0.792061016306967,0.43244879098042077,0.3548387096774194,0.06451612903225806,0.5806451612903226
Unscaled beta,Thermal affinity,warm,perc_pasture,Pasture,3,3,2010s,31,0.792459660328016,0.3518083188655196,0.9298325811558162,0.5147986975050963,0.3870967741935484,0.03225806451612903,0.5806451612903226
Unscaled beta,Thermal affinity,warm,perc_urban,Urban,1,1,1970s,31,0.998239382981903,0.9241922752278271,1.2634405652773169,0.9696275394389834,0.5806451612903226,0.0967741935483871,0.3225806451612903
Unscaled beta,Thermal affinity,warm,perc_urban,Urban,2,2,1990s,31,0.975817980446201,1.0080836444774264,1.3206884320148347,1.358233096645269,0.5806451612903226,0.0967741935483871,0.3225806451612903
Unscaled beta,Thermal affinity,warm,perc_urban,Urban,3,3,2010s,31,1.5196391331135037,1.491914460609377,1.7128151331203831,1.533018237918368,0.8064516129032258,0.03225806451612903,0.16129032258064516
Unscaled beta,Thermal affinity,warm,prec_breeding,Precipitation,1,1,1970s,31,-0.008861113051911788,-0.008156277246072588,0.011940634517025884,0.01076499500011289,0.06451612903225806,0.45161290322580644,0.4838709677419355
Unscaled beta,Thermal affinity,warm,prec_breeding,Precipitation,2,2,1990s,31,-0.007306387491954064,-0.009500718866960129,0.00871720458550745,0.009500718866960129,0.03225806451612903,0.5483870967741935,0.41935483870967744
Unscaled beta,Thermal affinity,warm,prec_breeding,Precipitation,3,3,2010s,31,-0.005231900285130847,-0.004924308910562266,0.00628086390277859,0.006348909293995473,0.06451612903225806,0.45161290322580644,0.4838709677419355
Unscaled beta,Thermal affinity,warm,tmean_breeding,Temperature,1,1,1970s,31,0.21832657368209799,0.13560451357707373,0.5521643776536812,0.44824589291156397,0.3225806451612903,0.1935483870967742,0.4838709677419355
Unscaled beta,Thermal affinity,warm,tmean_breeding,Temperature,2,2,1990s,31,0.00872058343169329,0.011576753741800146,0.5170090422684753,0.27147617917699984,0.16129032258064516,0.22580645161290322,0.6129032258064516
Unscaled beta,Thermal affinity,warm,tmean_breeding,Temperature,3,3,2010s,31,0.28628613375095086,0.14667368645533876,0.572515940260726,0.48569569538201746,0.3225806451612903,0.0967741935483871,0.5806451612903226
SD-scaled effect size,All species,All species,hh,"Habitat
heterogeneity",1,1,1970s,157,0.09721085350223606,0.05299673180812894,0.11166129155151773,0.0684597891233713,0.34394904458598724,0.01910828025477707,0.6369426751592356
SD-scaled effect size,All species,All species,hh,"Habitat
heterogeneity",2,2,1990s,157,0.15010925812706927,0.13757498860727457,0.15216185007703045,0.13757498860727457,0.6114649681528662,0,0.3885350318471338
SD-scaled effect size,All species,All species,hh,"Habitat
heterogeneity",3,3,2010s,157,0.12833521927687927,0.11878429905927047,0.13317855165802553,0.11878429905927047,0.5286624203821656,0.006369426751592357,0.46496815286624205
SD-scaled effect size,All species,All species,perc_cropland,Cropland,1,1,1970s,157,0.028883789243824468,0.07160317332894324,0.210810483459978,0.1744801478810419,0.37579617834394907,0.19745222929936307,0.4267515923566879
SD-scaled effect size,All species,All species,perc_cropland,Cropland,2,2,1990s,157,0.03689807995331139,0.05424441184353027,0.21625143971853622,0.170414560597007,0.3821656050955414,0.17834394904458598,0.4394904458598726
SD-scaled effect size,All species,All species,perc_cropland,Cropland,3,3,2010s,157,0.030608489404144488,0.038189767827355704,0.22762664671359165,0.20072745328691255,0.4012738853503185,0.22929936305732485,0.36942675159235666
SD-scaled effect size,All species,All species,perc_forest,Forest,1,1,1970s,157,0.11737815991915504,0.13659965765240129,0.2304288925551008,0.2088626368870679,0.5605095541401274,0.15286624203821655,0.28662420382165604
SD-scaled effect size,All species,All species,perc_forest,Forest,2,2,1990s,157,0.13247881201747835,0.14745184328519248,0.26158956746950585,0.2114249032852878,0.554140127388535,0.15286624203821655,0.2929936305732484
SD-scaled effect size,All species,All species,perc_forest,Forest,3,3,2010s,157,0.12657290298648086,0.14177805788416808,0.2689001280089576,0.2287952558503086,0.5286624203821656,0.19745222929936307,0.27388535031847133
SD-scaled effect size,All species,All species,perc_grass_shrub,"Grass/
shrubland",1,1,1970s,157,0.03527083879069502,0.02786259050739068,0.06446379767201396,0.043954492527985944,0.21019108280254778,0.03821656050955414,0.7515923566878981
SD-scaled effect size,All species,All species,perc_grass_shrub,"Grass/
shrubland",2,2,1990s,157,0.03408245091547163,0.01726443544088905,0.08086129535463434,0.052395004097404316,0.2611464968152866,0.07643312101910828,0.6624203821656051
SD-scaled effect size,All species,All species,perc_grass_shrub,"Grass/
shrubland",3,3,2010s,157,0.0052104388500011905,0.007628114969036851,0.09227021643806474,0.060642516126763385,0.21656050955414013,0.17834394904458598,0.6050955414012739
SD-scaled effect size,All species,All species,perc_pasture,Pasture,1,1,1970s,157,0.032401567972536266,0.013712363978823083,0.05963510954766995,0.04028916316715335,0.21019108280254778,0.050955414012738856,0.7388535031847133
SD-scaled effect size,All species,All species,perc_pasture,Pasture,2,2,1990s,157,0.02932295963068124,0.011589041213403643,0.09539055985198361,0.08284133857407434,0.33121019108280253,0.1337579617834395,0.535031847133758
SD-scaled effect size,All species,All species,perc_pasture,Pasture,3,3,2010s,157,0.09042984594604753,0.07306831188949724,0.11421809588121405,0.08713613635184402,0.46496815286624205,0.044585987261146494,0.49044585987261147
SD-scaled effect size,All species,All species,perc_urban,Urban,1,1,1970s,157,0.024188751621338295,0.014472284570192884,0.16070151961726414,0.13150000019577393,0.37579617834394907,0.21019108280254778,0.4140127388535032
SD-scaled effect size,All species,All species,perc_urban,Urban,2,2,1990s,157,0.03878398586109772,0.028209847378815208,0.1579748592562453,0.13401576086594297,0.39490445859872614,0.1910828025477707,0.4140127388535032
SD-scaled effect size,All species,All species,perc_urban,Urban,3,3,2010s,157,0.0635882398982123,0.019987638188394913,0.18478044011081587,0.16472534368187258,0.45222929936305734,0.1910828025477707,0.35668789808917195
SD-scaled effect size,All species,All species,prec_breeding,Precipitation,1,1,1970s,157,-0.0749691922922437,-0.06889339462166377,0.16441619282707612,0.14386062189382107,0.1337579617834395,0.42038216560509556,0.445859872611465
SD-scaled effect size,All species,All species,prec_breeding,Precipitation,2,2,1990s,157,-0.10734010562414321,-0.09777319226992352,0.13475630506532646,0.118628049211149,0.05732484076433121,0.45222929936305734,0.49044585987261147
SD-scaled effect size,All species,All species,prec_breeding,Precipitation,3,3,2010s,157,-0.10830598039363215,-0.09823909564374683,0.17424631113069836,0.14349931781511518,0.12101910828025478,0.43312101910828027,0.445859872611465
SD-scaled effect size,All species,All species,tmean_breeding,Temperature,1,1,1970s,157,0.09989769977060853,0.048096124967345194,0.17167980016300252,0.11216847691280772,0.42038216560509556,0.1464968152866242,0.43312101910828027
SD-scaled effect size,All species,All species,tmean_breeding,Temperature,2,2,1990s,157,0.09170715488108368,0.05657552832539504,0.18891917740701764,0.12798249512183527,0.3885350318471338,0.17834394904458598,0.43312101910828027
SD-scaled effect size,All species,All species,tmean_breeding,Temperature,3,3,2010s,157,0.10944846328773046,0.05114524421237532,0.148027873642702,0.09533036781266323,0.36942675159235666,0.05732484076433121,0.5732484076433121
SD-scaled effect size,Foraging guild,Aerial insectivores,hh,"Habitat
heterogeneity",1,1,1970s,4,-0.046160693522170636,-0.08231751612814003,0.10371283224113965,0.10315648646763552,0.25,0.5,0.25
SD-scaled effect size,Foraging guild,Aerial insectivores,hh,"Habitat
heterogeneity",2,2,1990s,4,0.13825753408054595,0.1435789410853463,0.13825753408054595,0.1435789410853463,0.75,0,0.25
SD-scaled effect size,Foraging guild,Aerial insectivores,hh,"Habitat
heterogeneity",3,3,2010s,4,0.029220712994381712,0.02589717190482333,0.07594222649260238,0.072618685403044,0.25,0.25,0.5
SD-scaled effect size,Foraging guild,Aerial insectivores,perc_cropland,Cropland,1,1,1970s,4,0.233349299452483,0.2235725383353811,0.233349299452483,0.2235725383353811,1,0,0
SD-scaled effect size,Foraging guild,Aerial insectivores,perc_cropland,Cropland,2,2,1990s,4,0.23656196096368132,0.23163082937645266,0.23656196096368132,0.23163082937645266,0.75,0,0.25
SD-scaled effect size,Foraging guild,Aerial insectivores,perc_cropland,Cropland,3,3,2010s,4,0.04968483149430979,0.08950448920938375,0.14991279500830818,0.1536795534631035,0.25,0.25,0.5
SD-scaled effect size,Foraging guild,Aerial insectivores,perc_forest,Forest,1,1,1970s,4,0.1694886799598879,0.16598845122553574,0.1694886799598879,0.16598845122553574,0.75,0,0.25
SD-scaled effect size,Foraging guild,Aerial insectivores,perc_forest,Forest,2,2,1990s,4,0.07547236055167894,0.09418007114145874,0.10523352922656107,0.09923357151609505,0.5,0,0.5
SD-scaled effect size,Foraging guild,Aerial insectivores,perc_forest,Forest,3,3,2010s,4,0.0033073495237021,0.003615881138292416,0.05643364200456439,0.05674217361915471,0.25,0.25,0.5
SD-scaled effect size,Foraging guild,Aerial insectivores,perc_grass_shrub,"Grass/
shrubland",1,1,1970s,4,0.09420549097868543,0.0971107922837226,0.09420549097868543,0.0971107922837226,0.75,0,0.25
SD-scaled effect size,Foraging guild,Aerial insectivores,perc_grass_shrub,"Grass/
shrubland",2,2,1990s,4,0.01589327152301137,0.015899330104815864,0.01589327152301137,0.015899330104815864,0,0,1
SD-scaled effect size,Foraging guild,Aerial insectivores,perc_grass_shrub,"Grass/
shrubland",3,3,2010s,4,0.06408711041475126,0.047066894227107976,0.06408711041475126,0.047066894227107976,0.25,0,0.75
SD-scaled effect size,Foraging guild,Aerial insectivores,perc_pasture,Pasture,1,1,1970s,4,-0.011610103078993045,0.010487023156163856,0.04461099656320994,0.03300089348421689,0,0.25,0.75
SD-scaled effect size,Foraging guild,Aerial insectivores,perc_pasture,Pasture,2,2,1990s,4,0.02703537502054315,0.04646182258757697,0.06873989606610091,0.08816634363313472,0.5,0.25,0.25
SD-scaled effect size,Foraging guild,Aerial insectivores,perc_pasture,Pasture,3,3,2010s,4,-0.038022311776938725,-0.003925254798828533,0.04342767325400175,0.008309125770734817,0,0.25,0.75
SD-scaled effect size,Foraging guild,Aerial insectivores,perc_urban,Urban,1,1,1970s,4,0.24794571253932002,0.26658244551955207,0.24794571253932002,0.26658244551955207,0.75,0,0.25
SD-scaled effect size,Foraging guild,Aerial insectivores,perc_urban,Urban,2,2,1990s,4,0.18505648321541324,0.12356331430490627,0.18505648321541324,0.12356331430490627,0.5,0,0.5
SD-scaled effect size,Foraging guild,Aerial insectivores,perc_urban,Urban,3,3,2010s,4,0.15583412339880628,0.11977527815335633,0.19204924256360376,0.15369230572943093,0.5,0.25,0.25
SD-scaled effect size,Foraging guild,Aerial insectivores,prec_breeding,Precipitation,1,1,1970s,4,-0.07711656894885863,-0.06377201247509001,0.08148683511223376,0.06377201247509001,0,0.25,0.75
SD-scaled effect size,Foraging guild,Aerial insectivores,prec_breeding,Precipitation,2,2,1990s,4,-0.035391187933870305,-0.01591139180703178,0.08079127264470488,0.05547938476549545,0,0.25,0.75
SD-scaled effect size,Foraging guild,Aerial insectivores,prec_breeding,Precipitation,3,3,2010s,4,-0.07601544432399945,-0.0736655898574965,0.08972407472795509,0.0736655898574965,0,0.25,0.75
SD-scaled effect size,Foraging guild,Aerial insectivores,tmean_breeding,Temperature,1,1,1970s,4,0.0462693281144748,0.04615031147991535,0.04636351960159284,0.04615031147991535,0.25,0,0.75
SD-scaled effect size,Foraging guild,Aerial insectivores,tmean_breeding,Temperature,2,2,1990s,4,-0.025511150816634548,-0.045454132938763096,0.07540357094523444,0.09534655306736298,0.25,0.5,0.25
SD-scaled effect size,Foraging guild,Aerial insectivores,tmean_breeding,Temperature,3,3,2010s,4,0.02384077400250442,0.02800509636571003,0.023851330576716567,0.02800509636571003,0,0,1
SD-scaled effect size,Foraging guild,Aquatic pursuers,hh,"Habitat
heterogeneity",1,1,1970s,6,0.2219613781754951,0.11455075122083869,0.22590935605585868,0.11455075122083869,0.5,0,0.5
SD-scaled effect size,Foraging guild,Aquatic pursuers,hh,"Habitat
heterogeneity",2,2,1990s,6,0.24543511007998053,0.11718219335113894,0.24543511007998053,0.11718219335113894,0.6666666666666666,0,0.3333333333333333
SD-scaled effect size,Foraging guild,Aquatic pursuers,hh,"Habitat
heterogeneity",3,3,2010s,6,0.23909174387088344,0.15349076892425995,0.23909174387088344,0.15349076892425995,0.6666666666666666,0,0.3333333333333333
SD-scaled effect size,Foraging guild,Aquatic pursuers,perc_cropland,Cropland,1,1,1970s,6,-0.03893777506413708,0.0730071377450369,0.22890485058509466,0.21194347553639947,0.16666666666666666,0.3333333333333333,0.5
SD-scaled effect size,Foraging guild,Aquatic pursuers,perc_cropland,Cropland,2,2,1990s,6,-0.06024174822502344,0.021466382343653112,0.17325261015890808,0.11463899546683382,0.16666666666666666,0.16666666666666666,0.6666666666666666
SD-scaled effect size,Foraging guild,Aquatic pursuers,perc_cropland,Cropland,3,3,2010s,6,-0.07135081410222024,-0.0013133528775613609,0.16874196727584456,0.14463652730745524,0.16666666666666666,0.3333333333333333,0.5
SD-scaled effect size,Foraging guild,Aquatic pursuers,perc_forest,Forest,1,1,1970s,6,0.010097011378975479,0.1678778947476989,0.26198377236003867,0.2402432808608223,0.6666666666666666,0.3333333333333333,0
SD-scaled effect size,Foraging guild,Aquatic pursuers,perc_forest,Forest,2,2,1990s,6,-0.002229330377311554,0.1581940544250115,0.2417125236400232,0.17295675719576498,0.6666666666666666,0.16666666666666666,0.16666666666666666
SD-scaled effect size,Foraging guild,Aquatic pursuers,perc_forest,Forest,3,3,2010s,6,-0.0671846836188639,0.08399384461227183,0.275215640890251,0.22805259129480887,0.5,0.3333333333333333,0.16666666666666666
SD-scaled effect size,Foraging guild,Aquatic pursuers,perc_grass_shrub,"Grass/
shrubland",1,1,1970s,6,0.06742667074480896,0.13876191145555933,0.14652699250712475,0.15273867299925237,0.6666666666666666,0.16666666666666666,0.16666666666666666
SD-scaled effect size,Foraging guild,Aquatic pursuers,perc_grass_shrub,"Grass/
shrubland",2,2,1990s,6,-0.017701305796126377,0.05882892467647645,0.16747234229232008,0.1658276300678141,0.3333333333333333,0.3333333333333333,0.3333333333333333
SD-scaled effect size,Foraging guild,Aquatic pursuers,perc_grass_shrub,"Grass/
shrubland",3,3,2010s,6,-0.05609512853509684,6.19460593033289e-4,0.09345433004712263,0.054675227818309996,0,0.3333333333333333,0.6666666666666666
SD-scaled effect size,Foraging guild,Aquatic pursuers,perc_pasture,Pasture,1,1,1970s,6,0.022456368336768104,0.07658453350655282,0.11267475873784168,0.10034176341141386,0.5,0.16666666666666666,0.3333333333333333
SD-scaled effect size,Foraging guild,Aquatic pursuers,perc_pasture,Pasture,2,2,1990s,6,-0.021894390014073985,0.08906647563890945,0.2006006070123541,0.17899284985851077,0.5,0.3333333333333333,0.16666666666666666
SD-scaled effect size,Foraging guild,Aquatic pursuers,perc_pasture,Pasture,3,3,2010s,6,0.046879667218459396,0.13225723593569128,0.1942805049628932,0.1941891105760189,0.6666666666666666,0.3333333333333333,0
SD-scaled effect size,Foraging guild,Aquatic pursuers,perc_urban,Urban,1,1,1970s,6,-0.03596084588024626,0.11549790153450473,0.23380055571409294,0.1812616632162653,0.6666666666666666,0.3333333333333333,0
SD-scaled effect size,Foraging guild,Aquatic pursuers,perc_urban,Urban,2,2,1990s,6,-0.0022584598398685727,0.17422793803638792,0.2739439670107438,0.2333003227199249,0.6666666666666666,0.3333333333333333,0
SD-scaled effect size,Foraging guild,Aquatic pursuers,perc_urban,Urban,3,3,2010s,6,-0.02476832388974626,0.16863135639054883,0.3102225814842424,0.2595500300011955,0.6666666666666666,0.3333333333333333,0
SD-scaled effect size,Foraging guild,Aquatic pursuers,prec_breeding,Precipitation,1,1,1970s,6,-0.11078265095052346,-0.051277963365417026,0.13413957710752863,0.08335384761243651,0,0.3333333333333333,0.6666666666666666
SD-scaled effect size,Foraging guild,Aquatic pursuers,prec_breeding,Precipitation,2,2,1990s,6,-0.027172987114407833,0.0010676844937553289,0.08394288563409022,0.08024053176827979,0,0.3333333333333333,0.6666666666666666
SD-scaled effect size,Foraging guild,Aquatic pursuers,prec_breeding,Precipitation,3,3,2010s,6,-0.05160026994696741,-0.0811427258803612,0.14955639179925553,0.16463272382302924,0.16666666666666666,0.5,0.3333333333333333
SD-scaled effect size,Foraging guild,Aquatic pursuers,tmean_breeding,Temperature,1,1,1970s,6,-0.0012590165335426725,-0.019835602369182102,0.04603730973852983,0.04121203153584284,0.16666666666666666,0,0.8333333333333334
SD-scaled effect size,Foraging guild,Aquatic pursuers,tmean_breeding,Temperature,2,2,1990s,6,0.06705637497992155,0.043476046426133876,0.08791866499508699,0.07439717419413872,0.3333333333333333,0,0.6666666666666666
SD-scaled effect size,Foraging guild,Aquatic pursuers,tmean_breeding,Temperature,3,3,2010s,6,0.1015735872367353,0.09246437192721368,0.1015735872367353,0.09246437192721368,0.3333333333333333,0,0.6666666666666666
SD-scaled effect size,Foraging guild,Buntings,hh,"Habitat
heterogeneity",1,1,1970s,3,0.11673805925668186,0.09027156115945349,0.11673805925668186,0.09027156115945349,0.3333333333333333,0,0.6666666666666666
SD-scaled effect size,Foraging guild,Buntings,hh,"Habitat
heterogeneity",2,2,1990s,3,0.23935689928440632,0.2284700019743061,0.23935689928440632,0.2284700019743061,1,0,0
SD-scaled effect size,Foraging guild,Buntings,hh,"Habitat
heterogeneity",3,3,2010s,3,0.23717003928219058,0.28378069065848693,0.23717003928219058,0.28378069065848693,1,0,0
SD-scaled effect size,Foraging guild,Buntings,perc_cropland,Cropland,1,1,1970s,3,0.3313224711731646,0.4940230756410424,0.3313224711731646,0.4940230756410424,0.6666666666666666,0,0.3333333333333333
SD-scaled effect size,Foraging guild,Buntings,perc_cropland,Cropland,2,2,1990s,3,0.29618013711076846,0.3308925450548406,0.29618013711076846,0.3308925450548406,0.6666666666666666,0,0.3333333333333333
SD-scaled effect size,Foraging guild,Buntings,perc_cropland,Cropland,3,3,2010s,3,0.37036871672344657,0.5473749056694792,0.37036871672344657,0.5473749056694792,0.6666666666666666,0,0.3333333333333333
SD-scaled effect size,Foraging guild,Buntings,perc_forest,Forest,1,1,1970s,3,0.17365459779192544,0.19012082674548766,0.17365459779192544,0.19012082674548766,0.6666666666666666,0,0.3333333333333333
SD-scaled effect size,Foraging guild,Buntings,perc_forest,Forest,2,2,1990s,3,-0.004991936955215985,-0.007810871615373409,0.05574923570371963,0.07613594812275547,0,0.3333333333333333,0.6666666666666666
SD-scaled effect size,Foraging guild,Buntings,perc_forest,Forest,3,3,2010s,3,0.09055481081005777,-0.018470527744975748,0.1740543497135479,0.10677878061025946,0.3333333333333333,0.3333333333333333,0.3333333333333333
SD-scaled effect size,Foraging guild,Buntings,perc_grass_shrub,"Grass/
shrubland",1,1,1970s,3,0.08125783809879492,0.08363210990398973,0.08125783809879492,0.08363210990398973,0.6666666666666666,0,0.3333333333333333
SD-scaled effect size,Foraging guild,Buntings,perc_grass_shrub,"Grass/
shrubland",2,2,1990s,3,0.04926506240308573,0.004839568013038629,0.04926506240308573,0.004839568013038629,0.3333333333333333,0,0.6666666666666666
SD-scaled effect size,Foraging guild,Buntings,perc_grass_shrub,"Grass/
shrubland",3,3,2010s,3,0.04297632303562579,0.0399437465970443,0.04297632303562579,0.0399437465970443,0,0,1
SD-scaled effect size,Foraging guild,Buntings,perc_pasture,Pasture,1,1,1970s,3,-0.024389886791658322,-0.003588949224729166,0.02444515315728083,0.003588949224729166,0,0,1
SD-scaled effect size,Foraging guild,Buntings,perc_pasture,Pasture,2,2,1990s,3,0.022555523336392373,0.007380742125483905,0.042753201145360936,0.030296516713452844,0,0,1
SD-scaled effect size,Foraging guild,Buntings,perc_pasture,Pasture,3,3,2010s,3,0.027064829221539462,0.015142139232964763,0.10595806827786208,0.11833985858448394,0.3333333333333333,0.3333333333333333,0.3333333333333333
SD-scaled effect size,Foraging guild,Buntings,perc_urban,Urban,1,1,1970s,3,0.09151267694904243,0.10132053391396291,0.09151267694904243,0.10132053391396291,0.3333333333333333,0,0.6666666666666666
SD-scaled effect size,Foraging guild,Buntings,perc_urban,Urban,2,2,1990s,3,-0.018001877663024645,-0.006930518925963551,0.048581448881923846,0.0458693568283488,0,0,1
SD-scaled effect size,Foraging guild,Buntings,perc_urban,Urban,3,3,2010s,3,-0.032152131580455864,4.630555418353774e-5,0.03514513793962917,0.004443203984576423,0,0,1
SD-scaled effect size,Foraging guild,Buntings,prec_breeding,Precipitation,1,1,1970s,3,-0.2347190375157776,-0.24045376335402557,0.2347190375157776,0.24045376335402557,0,1,0
SD-scaled effect size,Foraging guild,Buntings,prec_breeding,Precipitation,2,2,1990s,3,-0.1931859753239448,-0.20463044490210147,0.1931859753239448,0.20463044490210147,0,1,0
SD-scaled effect size,Foraging guild,Buntings,prec_breeding,Precipitation,3,3,2010s,3,-0.2336031957184402,-0.2825944494831652,0.2336031957184402,0.2825944494831652,0,1,0
SD-scaled effect size,Foraging guild,Buntings,tmean_breeding,Temperature,1,1,1970s,3,0.19913519750784409,0.2359805524412553,0.19913519750784409,0.2359805524412553,0.6666666666666666,0,0.3333333333333333
SD-scaled effect size,Foraging guild,Buntings,tmean_breeding,Temperature,2,2,1990s,3,0.09717019740431808,0.10422110078396854,0.20186747475648806,0.15704591602825496,0.6666666666666666,0.3333333333333333,0
SD-scaled effect size,Foraging guild,Buntings,tmean_breeding,Temperature,3,3,2010s,3,0.19273347946968697,0.05874503516648687,0.19273347946968697,0.05874503516648687,0.3333333333333333,0,0.6666666666666666
SD-scaled effect size,Foraging guild,Columbids,hh,"Habitat
heterogeneity",1,1,1970s,4,0.006036809043756369,-5.580187245268885e-4,0.008319991437907123,0.0021944847873658167,0,0,1
SD-scaled effect size,Foraging guild,Columbids,hh,"Habitat
heterogeneity",2,2,1990s,4,0.1382786365503309,0.13294928060288824,0.1382786365503309,0.13294928060288824,0.5,0,0.5
SD-scaled effect size,Foraging guild,Columbids,hh,"Habitat
heterogeneity",3,3,2010s,4,0.1167660051394061,0.11934341425220793,0.1167660051394061,0.11934341425220793,0.25,0,0.75
SD-scaled effect size,Foraging guild,Columbids,perc_cropland,Cropland,1,1,1970s,4,0.028734057261927327,-0.02311600064684321,0.17457873200455634,0.14584467474262902,0.25,0,0.75
SD-scaled effect size,Foraging guild,Columbids,perc_cropland,Cropland,2,2,1990s,4,0.3143623480858028,0.38260429481250413,0.3143623480858028,0.38260429481250413,0.75,0,0.25
SD-scaled effect size,Foraging guild,Columbids,perc_cropland,Cropland,3,3,2010s,4,0.16588079384820512,0.15962503612834564,0.16588079384820512,0.15962503612834564,0.75,0,0.25
SD-scaled effect size,Foraging guild,Columbids,perc_forest,Forest,1,1,1970s,4,0.18688592880515859,0.1593598900116676,0.22123513447358764,0.1593598900116676,0.75,0,0.25
SD-scaled effect size,Foraging guild,Columbids,perc_forest,Forest,2,2,1990s,4,0.29431506083133485,0.35323523611066043,0.29431506083133485,0.35323523611066043,0.75,0,0.25
SD-scaled effect size,Foraging guild,Columbids,perc_forest,Forest,3,3,2010s,4,0.24169265938551812,0.2832100753924323,0.24169265938551812,0.2832100753924323,0.75,0,0.25
SD-scaled effect size,Foraging guild,Columbids,perc_grass_shrub,"Grass/
shrubland",1,1,1970s,4,0.007051310915971037,-3.971113751368525e-4,0.017914244657713498,0.01086293374174246,0,0,1
SD-scaled effect size,Foraging guild,Columbids,perc_grass_shrub,"Grass/
shrubland",2,2,1990s,4,0.07509728282141598,0.06503838165383853,0.0930843013351578,0.08297195806208751,0.5,0,0.5
SD-scaled effect size,Foraging guild,Columbids,perc_grass_shrub,"Grass/
shrubland",3,3,2010s,4,-2.1990119805765946e-5,-0.001999075719400583,0.010075488143642328,0.010097478263448093,0,0,1
SD-scaled effect size,Foraging guild,Columbids,perc_pasture,Pasture,1,1,1970s,4,-0.015265089845316413,-0.017154249852622067,0.027316901684038865,0.029206061691344515,0,0,1
SD-scaled effect size,Foraging guild,Columbids,perc_pasture,Pasture,2,2,1990s,4,0.00759668920952241,0.005353607845575761,0.01843025089669128,0.014566969974916025,0,0,1
SD-scaled effect size,Foraging guild,Columbids,perc_pasture,Pasture,3,3,2010s,4,-0.021306760718097496,-0.0010083694162609292,0.04050298918915558,0.020204597887319015,0,0.25,0.75
SD-scaled effect size,Foraging guild,Columbids,perc_urban,Urban,1,1,1970s,4,0.1228630456792474,0.06907407795553783,0.1709780138384112,0.11718904611470167,0.5,0,0.5
SD-scaled effect size,Foraging guild,Columbids,perc_urban,Urban,2,2,1990s,4,0.2972861674714392,0.3325940988398628,0.2972861674714392,0.3325940988398628,0.75,0,0.25
SD-scaled effect size,Foraging guild,Columbids,perc_urban,Urban,3,3,2010s,4,0.20687240161545034,0.19438375095735783,0.20687240161545034,0.19438375095735783,0.75,0,0.25
SD-scaled effect size,Foraging guild,Columbids,prec_breeding,Precipitation,1,1,1970s,4,-0.09660480131305312,-0.07574731218279716,0.09882808988315694,0.07797060075290099,0,0.5,0.5
SD-scaled effect size,Foraging guild,Columbids,prec_breeding,Precipitation,2,2,1990s,4,-0.07686983137967843,-0.14275190001591848,0.19541944699148103,0.21418619207577122,0.25,0.75,0
SD-scaled effect size,Foraging guild,Columbids,prec_breeding,Precipitation,3,3,2010s,4,0.032258485699823064,-0.10991324049488535,0.21811418038697852,0.13377487119474568,0.25,0.5,0.25
SD-scaled effect size,Foraging guild,Columbids,tmean_breeding,Temperature,1,1,1970s,4,0.17755912530688023,0.14208494161581253,0.17886207533258758,0.14208494161581253,0.75,0,0.25
SD-scaled effect size,Foraging guild,Columbids,tmean_breeding,Temperature,2,2,1990s,4,0.2456542662249979,0.06390215383435476,0.24739735350150197,0.06390215383435476,0.5,0,0.5
SD-scaled effect size,Foraging guild,Columbids,tmean_breeding,Temperature,3,3,2010s,4,0.1367813186365318,0.016702775338164312,0.15457284574742264,0.02714622271098449,0.25,0,0.75
SD-scaled effect size,Foraging guild,Cuckoos,hh,"Habitat
heterogeneity",1,1,1970s,1,5.673929192496728e-4,5.673929192496728e-4,5.673929192496728e-4,5.673929192496728e-4,0,0,1
SD-scaled effect size,Foraging guild,Cuckoos,hh,"Habitat
heterogeneity",2,2,1990s,1,0.1259883392927938,0.1259883392927938,0.1259883392927938,0.1259883392927938,1,0,0
SD-scaled effect size,Foraging guild,Cuckoos,hh,"Habitat
heterogeneity",3,3,2010s,1,0.09260161356393283,0.09260161356393283,0.09260161356393283,0.09260161356393283,0,0,1
SD-scaled effect size,Foraging guild,Cuckoos,perc_cropland,Cropland,1,1,1970s,1,0.0998946226524237,0.0998946226524237,0.0998946226524237,0.0998946226524237,0,0,1
SD-scaled effect size,Foraging guild,Cuckoos,perc_cropland,Cropland,2,2,1990s,1,0.17910021383668415,0.17910021383668415,0.17910021383668415,0.17910021383668415,1,0,0
SD-scaled effect size,Foraging guild,Cuckoos,perc_cropland,Cropland,3,3,2010s,1,0.3189275581774224,0.3189275581774224,0.3189275581774224,0.3189275581774224,1,0,0
SD-scaled effect size,Foraging guild,Cuckoos,perc_forest,Forest,1,1,1970s,1,0.06477726069214416,0.06477726069214416,0.06477726069214416,0.06477726069214416,0,0,1
SD-scaled effect size,Foraging guild,Cuckoos,perc_forest,Forest,2,2,1990s,1,0.18336454824948165,0.18336454824948165,0.18336454824948165,0.18336454824948165,1,0,0
SD-scaled effect size,Foraging guild,Cuckoos,perc_forest,Forest,3,3,2010s,1,0.2643714340474921,0.2643714340474921,0.2643714340474921,0.2643714340474921,1,0,0
SD-scaled effect size,Foraging guild,Cuckoos,perc_grass_shrub,"Grass/
shrubland",1,1,1970s,1,0.023504832318283545,0.023504832318283545,0.023504832318283545,0.023504832318283545,0,0,1
SD-scaled effect size,Foraging guild,Cuckoos,perc_grass_shrub,"Grass/
shrubland",2,2,1990s,1,0.18815561888221558,0.18815561888221558,0.18815561888221558,0.18815561888221558,1,0,0
SD-scaled effect size,Foraging guild,Cuckoos,perc_grass_shrub,"Grass/
shrubland",3,3,2010s,1,0.09381340920696184,0.09381340920696184,0.09381340920696184,0.09381340920696184,1,0,0
SD-scaled effect size,Foraging guild,Cuckoos,perc_pasture,Pasture,1,1,1970s,1,0.13653478951543693,0.13653478951543693,0.13653478951543693,0.13653478951543693,1,0,0
SD-scaled effect size,Foraging guild,Cuckoos,perc_pasture,Pasture,2,2,1990s,1,0.16678895669525148,0.16678895669525148,0.16678895669525148,0.16678895669525148,1,0,0
SD-scaled effect size,Foraging guild,Cuckoos,perc_pasture,Pasture,3,3,2010s,1,0.5174831401297684,0.5174831401297684,0.5174831401297684,0.5174831401297684,1,0,0
SD-scaled effect size,Foraging guild,Cuckoos,perc_urban,Urban,1,1,1970s,1,0.008542330015937051,0.008542330015937051,0.008542330015937051,0.008542330015937051,0,0,1
SD-scaled effect size,Foraging guild,Cuckoos,perc_urban,Urban,2,2,1990s,1,-0.022202721680234683,-0.022202721680234683,0.022202721680234683,0.022202721680234683,0,0,1
SD-scaled effect size,Foraging guild,Cuckoos,perc_urban,Urban,3,3,2010s,1,0.14926610316557662,0.14926610316557662,0.14926610316557662,0.14926610316557662,1,0,0
SD-scaled effect size,Foraging guild,Cuckoos,prec_breeding,Precipitation,1,1,1970s,1,-0.04931759031323762,-0.04931759031323762,0.04931759031323762,0.04931759031323762,0,0,1
SD-scaled effect size,Foraging guild,Cuckoos,prec_breeding,Precipitation,2,2,1990s,1,-0.022989203349102313,-0.022989203349102313,0.022989203349102313,0.022989203349102313,0,0,1
SD-scaled effect size,Foraging guild,Cuckoos,prec_breeding,Precipitation,3,3,2010s,1,-0.20294550314881096,-0.20294550314881096,0.20294550314881096,0.20294550314881096,0,1,0
SD-scaled effect size,Foraging guild,Cuckoos,tmean_breeding,Temperature,1,1,1970s,1,0.14188157961246195,0.14188157961246195,0.14188157961246195,0.14188157961246195,1,0,0
SD-scaled effect size,Foraging guild,Cuckoos,tmean_breeding,Temperature,2,2,1990s,1,0.18197874518302637,0.18197874518302637,0.18197874518302637,0.18197874518302637,1,0,0
SD-scaled effect size,Foraging guild,Cuckoos,tmean_breeding,Temperature,3,3,2010s,1,0.3460279406376101,0.3460279406376101,0.3460279406376101,0.3460279406376101,1,0,0
SD-scaled effect size,Foraging guild,Dabbling ducks,hh,"Habitat
heterogeneity",1,1,1970s,7,0.10850894149736798,0.13804959127442742,0.10850894149736798,0.13804959127442742,0.5714285714285714,0,0.42857142857142855
SD-scaled effect size,Foraging guild,Dabbling ducks,hh,"Habitat
heterogeneity",2,2,1990s,7,0.15694571565238205,0.137557153256249,0.15694571565238205,0.137557153256249,0.7142857142857143,0,0.2857142857142857
SD-scaled effect size,Foraging guild,Dabbling ducks,hh,"Habitat
heterogeneity",3,3,2010s,7,0.16344737386817298,0.23682704766478452,0.1640589874168413,0.23682704766478452,0.5714285714285714,0,0.42857142857142855
SD-scaled effect size,Foraging guild,Dabbling ducks,perc_cropland,Cropland,1,1,1970s,7,-0.13531570593821168,-0.04254569077900658,0.14701334286938472,0.04254569077900658,0,0.42857142857142855,0.5714285714285714
SD-scaled effect size,Foraging guild,Dabbling ducks,perc_cropland,Cropland,2,2,1990s,7,-0.10228713711196018,-0.09405732002771211,0.14448638390417354,0.11848757727336102,0.14285714285714285,0.2857142857142857,0.5714285714285714
SD-scaled effect size,Foraging guild,Dabbling ducks,perc_cropland,Cropland,3,3,2010s,7,-0.11772325135488952,-0.09992838755968513,0.1287045939100128,0.09992838755968513,0,0.42857142857142855,0.5714285714285714
SD-scaled effect size,Foraging guild,Dabbling ducks,perc_forest,Forest,1,1,1970s,7,-0.06748882858171532,-0.100404934225573,0.13724458390301902,0.13659965765240129,0.2857142857142857,0.2857142857142857,0.42857142857142855
SD-scaled effect size,Foraging guild,Dabbling ducks,perc_forest,Forest,2,2,1990s,7,0.004481738959055695,-0.007949502318365931,0.10302935866842355,0.07604774339959605,0.2857142857142857,0.2857142857142857,0.42857142857142855
SD-scaled effect size,Foraging guild,Dabbling ducks,perc_forest,Forest,3,3,2010s,7,-0.0013605245576530129,-0.002828704329841293,0.11171048927694603,0.08966092697399755,0.2857142857142857,0.2857142857142857,0.42857142857142855
SD-scaled effect size,Foraging guild,Dabbling ducks,perc_grass_shrub,"Grass/
shrubland",1,1,1970s,7,0.07520013450983853,0.08301872951995723,0.07520013450983853,0.08301872951995723,0.42857142857142855,0,0.5714285714285714
SD-scaled effect size,Foraging guild,Dabbling ducks,perc_grass_shrub,"Grass/
shrubland",2,2,1990s,7,0.05196288716244621,0.02034197433527918,0.06697923631782422,0.030420991669021052,0.2857142857142857,0,0.7142857142857143
SD-scaled effect size,Foraging guild,Dabbling ducks,perc_grass_shrub,"Grass/
shrubland",3,3,2010s,7,-0.1295677850490384,-0.11627148219646057,0.12971470148452732,0.11627148219646057,0,0.5714285714285714,0.42857142857142855
SD-scaled effect size,Foraging guild,Dabbling ducks,perc_pasture,Pasture,1,1,1970s,7,0.033895717041679846,0.0599512847784376,0.0742907110800511,0.09745875920569486,0.42857142857142855,0.14285714285714285,0.42857142857142855
SD-scaled effect size,Foraging guild,Dabbling ducks,perc_pasture,Pasture,2,2,1990s,7,0.13463292118396142,0.17058952460703738,0.15563587181490257,0.17058952460703738,0.7142857142857143,0.14285714285714285,0.14285714285714285
SD-scaled effect size,Foraging guild,Dabbling ducks,perc_pasture,Pasture,3,3,2010s,7,0.2684525236224915,0.2792742164788078,0.2684525236224915,0.2792742164788078,0.8571428571428571,0,0.14285714285714285
SD-scaled effect size,Foraging guild,Dabbling ducks,perc_urban,Urban,1,1,1970s,7,-0.1293129294156043,-0.06570006656079692,0.18610284442331718,0.19876470252699505,0.14285714285714285,0.42857142857142855,0.42857142857142855
SD-scaled effect size,Foraging guild,Dabbling ducks,perc_urban,Urban,2,2,1990s,7,-0.11933468995892577,-0.14384804586122502,0.19719524408417424,0.22995932618831913,0.14285714285714285,0.5714285714285714,0.2857142857142857
SD-scaled effect size,Foraging guild,Dabbling ducks,perc_urban,Urban,3,3,2010s,7,-0.06910611478176193,-0.060064212225635155,0.1361479059683728,0.06158524479100643,0.14285714285714285,0.2857142857142857,0.5714285714285714
SD-scaled effect size,Foraging guild,Dabbling ducks,prec_breeding,Precipitation,1,1,1970s,7,-0.15885985590122798,-0.15719307458394646,0.1588760621468886,0.15719307458394646,0,0.5714285714285714,0.42857142857142855
SD-scaled effect size,Foraging guild,Dabbling ducks,prec_breeding,Precipitation,2,2,1990s,7,-0.20474641167066676,-0.21998248326488026,0.2109077111699185,0.21998248326488026,0,0.8571428571428571,0.14285714285714285
SD-scaled effect size,Foraging guild,Dabbling ducks,prec_breeding,Precipitation,3,3,2010s,7,-0.15665623751313187,-0.15019277800429504,0.17005558542812252,0.15019277800429504,0,0.42857142857142855,0.5714285714285714
SD-scaled effect size,Foraging guild,Dabbling ducks,tmean_breeding,Temperature,1,1,1970s,7,0.23937192858029874,0.21270545968987303,0.23937192858029874,0.21270545968987303,0.7142857142857143,0,0.2857142857142857
SD-scaled effect size,Foraging guild,Dabbling ducks,tmean_breeding,Temperature,2,2,1990s,7,0.33544696876718877,0.236664016892909,0.33544696876718877,0.236664016892909,0.8571428571428571,0,0.14285714285714285
SD-scaled effect size,Foraging guild,Dabbling ducks,tmean_breeding,Temperature,3,3,2010s,7,0.23565668745293417,0.20685047067462514,0.24531125636887516,0.20685047067462514,0.8571428571428571,0,0.14285714285714285
SD-scaled effect size,Foraging guild,Dippers,hh,"Habitat
heterogeneity",1,1,1970s,1,0.02285150847027439,0.02285150847027439,0.02285150847027439,0.02285150847027439,0,0,1
SD-scaled effect size,Foraging guild,Dippers,hh,"Habitat
heterogeneity",2,2,1990s,1,0.23057667735624815,0.23057667735624815,0.23057667735624815,0.23057667735624815,0,0,1
SD-scaled effect size,Foraging guild,Dippers,hh,"Habitat
heterogeneity",3,3,2010s,1,0.4734436177085169,0.4734436177085169,0.4734436177085169,0.4734436177085169,1,0,0
SD-scaled effect size,Foraging guild,Dippers,perc_cropland,Cropland,1,1,1970s,1,0.14197262042304115,0.14197262042304115,0.14197262042304115,0.14197262042304115,0,0,1
SD-scaled effect size,Foraging guild,Dippers,perc_cropland,Cropland,2,2,1990s,1,0.014475094905810018,0.014475094905810018,0.014475094905810018,0.014475094905810018,0,0,1
SD-scaled effect size,Foraging guild,Dippers,perc_cropland,Cropland,3,3,2010s,1,0.41474343352405524,0.41474343352405524,0.41474343352405524,0.41474343352405524,0,0,1
SD-scaled effect size,Foraging guild,Dippers,perc_forest,Forest,1,1,1970s,1,0.08913644996931766,0.08913644996931766,0.08913644996931766,0.08913644996931766,0,0,1
SD-scaled effect size,Foraging guild,Dippers,perc_forest,Forest,2,2,1990s,1,0.12286204403288135,0.12286204403288135,0.12286204403288135,0.12286204403288135,0,0,1
SD-scaled effect size,Foraging guild,Dippers,perc_forest,Forest,3,3,2010s,1,0.1785402664021167,0.1785402664021167,0.1785402664021167,0.1785402664021167,0,0,1
SD-scaled effect size,Foraging guild,Dippers,perc_grass_shrub,"Grass/
shrubland",1,1,1970s,1,-0.1014806192678388,-0.1014806192678388,0.1014806192678388,0.1014806192678388,0,0,1
SD-scaled effect size,Foraging guild,Dippers,perc_grass_shrub,"Grass/
shrubland",2,2,1990s,1,0.033926061765187546,0.033926061765187546,0.033926061765187546,0.033926061765187546,0,0,1
SD-scaled effect size,Foraging guild,Dippers,perc_grass_shrub,"Grass/
shrubland",3,3,2010s,1,-0.0553648134010284,-0.0553648134010284,0.0553648134010284,0.0553648134010284,0,0,1
SD-scaled effect size,Foraging guild,Dippers,perc_pasture,Pasture,1,1,1970s,1,0.053363636354925664,0.053363636354925664,0.053363636354925664,0.053363636354925664,0,0,1
SD-scaled effect size,Foraging guild,Dippers,perc_pasture,Pasture,2,2,1990s,1,-0.06408014601079717,-0.06408014601079717,0.06408014601079717,0.06408014601079717,0,0,1
SD-scaled effect size,Foraging guild,Dippers,perc_pasture,Pasture,3,3,2010s,1,0.03310873117812821,0.03310873117812821,0.03310873117812821,0.03310873117812821,0,0,1
SD-scaled effect size,Foraging guild,Dippers,perc_urban,Urban,1,1,1970s,1,-0.035164425221892365,-0.035164425221892365,0.035164425221892365,0.035164425221892365,0,0,1
SD-scaled effect size,Foraging guild,Dippers,perc_urban,Urban,2,2,1990s,1,0.19855562747289765,0.19855562747289765,0.19855562747289765,0.19855562747289765,0,0,1
SD-scaled effect size,Foraging guild,Dippers,perc_urban,Urban,3,3,2010s,1,0.3674338605156788,0.3674338605156788,0.3674338605156788,0.3674338605156788,1,0,0
SD-scaled effect size,Foraging guild,Dippers,prec_breeding,Precipitation,1,1,1970s,1,0.024959413375536275,0.024959413375536275,0.024959413375536275,0.024959413375536275,0,0,1
SD-scaled effect size,Foraging guild,Dippers,prec_breeding,Precipitation,2,2,1990s,1,0,-0,0,0,0,0,1
SD-scaled effect size,Foraging guild,Dippers,prec_breeding,Precipitation,3,3,2010s,1,-0.03576505971063533,-0.03576505971063533,0.03576505971063533,0.03576505971063533,0,0,1
SD-scaled effect size,Foraging guild,Dippers,tmean_breeding,Temperature,1,1,1970s,1,-0.2575027239213073,-0.2575027239213073,0.2575027239213073,0.2575027239213073,0,1,0
SD-scaled effect size,Foraging guild,Dippers,tmean_breeding,Temperature,2,2,1990s,1,-0.6617549652408122,-0.6617549652408122,0.6617549652408122,0.6617549652408122,0,1,0
SD-scaled effect size,Foraging guild,Dippers,tmean_breeding,Temperature,3,3,2010s,1,-0.23000718160858385,-0.23000718160858385,0.23000718160858385,0.23000718160858385,0,1,0
SD-scaled effect size,Foraging guild,Diurnal raptors,hh,"Habitat
heterogeneity",1,1,1970s,7,0.0929128390823853,0.0931253638333841,0.09314712360479176,0.0931253638333841,0.2857142857142857,0,0.7142857142857143
SD-scaled effect size,Foraging guild,Diurnal raptors,hh,"Habitat
heterogeneity",2,2,1990s,7,0.12089363083493873,0.0936506799646855,0.12089363083493873,0.0936506799646855,0.5714285714285714,0,0.42857142857142855
SD-scaled effect size,Foraging guild,Diurnal raptors,hh,"Habitat
heterogeneity",3,3,2010s,7,0.14052661202353187,0.14931468204292614,0.14052661202353187,0.14931468204292614,0.7142857142857143,0,0.2857142857142857
SD-scaled effect size,Foraging guild,Diurnal raptors,perc_cropland,Cropland,1,1,1970s,7,0.13586380141303545,0.13658607444594303,0.13586380141303545,0.13658607444594303,0.5714285714285714,0,0.42857142857142855
SD-scaled effect size,Foraging guild,Diurnal raptors,perc_cropland,Cropland,2,2,1990s,7,0.3034682586909812,0.3187817070344931,0.3034682586909812,0.3187817070344931,0.8571428571428571,0,0.14285714285714285
SD-scaled effect size,Foraging guild,Diurnal raptors,perc_cropland,Cropland,3,3,2010s,7,0.23518902596700003,0.22735080172205055,0.23518902596700003,0.22735080172205055,0.7142857142857143,0,0.2857142857142857
SD-scaled effect size,Foraging guild,Diurnal raptors,perc_forest,Forest,1,1,1970s,7,0.3556859787279121,0.4198173666072074,0.3556859787279121,0.4198173666072074,0.8571428571428571,0,0.14285714285714285
SD-scaled effect size,Foraging guild,Diurnal raptors,perc_forest,Forest,2,2,1990s,7,0.4212474071589998,0.3916409759749602,0.4212474071589998,0.3916409759749602,1,0,0
SD-scaled effect size,Foraging guild,Diurnal raptors,perc_forest,Forest,3,3,2010s,7,0.23304419822421976,0.14875666423187253,0.25721958101676207,0.14875666423187253,0.5714285714285714,0,0.42857142857142855
SD-scaled effect size,Foraging guild,Diurnal raptors,perc_grass_shrub,"Grass/
shrubland",1,1,1970s,7,0.06339210475431635,0.05531129060895292,0.06339210475431635,0.05531129060895292,0.2857142857142857,0,0.7142857142857143
SD-scaled effect size,Foraging guild,Diurnal raptors,perc_grass_shrub,"Grass/
shrubland",2,2,1990s,7,0.11598151982821969,0.10633201541351865,0.11598151982821969,0.10633201541351865,0.7142857142857143,0,0.2857142857142857
SD-scaled effect size,Foraging guild,Diurnal raptors,perc_grass_shrub,"Grass/
shrubland",3,3,2010s,7,0.06469872168759158,0.02728995481620555,0.0831475928373999,0.06452961941844397,0.42857142857142855,0,0.5714285714285714
SD-scaled effect size,Foraging guild,Diurnal raptors,perc_pasture,Pasture,1,1,1970s,7,0.0564356031699394,0.04091678840145686,0.0564356031699394,0.04091678840145686,0.2857142857142857,0,0.7142857142857143
SD-scaled effect size,Foraging guild,Diurnal raptors,perc_pasture,Pasture,2,2,1990s,7,0.09845537193512824,0.058362915098466084,0.09845537193512824,0.058362915098466084,0.42857142857142855,0,0.5714285714285714
SD-scaled effect size,Foraging guild,Diurnal raptors,perc_pasture,Pasture,3,3,2010s,7,0.0828961676367972,0.07774595650106528,0.0828961676367972,0.07774595650106528,0.5714285714285714,0,0.42857142857142855
SD-scaled effect size,Foraging guild,Diurnal raptors,perc_urban,Urban,1,1,1970s,7,-0.06817067060053623,-0.028479720103050974,0.10767318139146051,0.031867505425325834,0.14285714285714285,0.2857142857142857,0.5714285714285714
SD-scaled effect size,Foraging guild,Diurnal raptors,perc_urban,Urban,2,2,1990s,7,0.02431842960386653,-0.03274862737158041,0.09370560277153771,0.0725245910789676,0.2857142857142857,0,0.7142857142857143
SD-scaled effect size,Foraging guild,Diurnal raptors,perc_urban,Urban,3,3,2010s,7,0.059368866874762644,0.006680115883860343,0.11028855842165199,0.1121215950798836,0.42857142857142855,0,0.5714285714285714
SD-scaled effect size,Foraging guild,Diurnal raptors,prec_breeding,Precipitation,1,1,1970s,7,0.12797219810606958,0.034026978900392746,0.14706013160285106,0.046383104524402426,0.42857142857142855,0,0.5714285714285714
SD-scaled effect size,Foraging guild,Diurnal raptors,prec_breeding,Precipitation,2,2,1990s,7,-0.10828646396485286,-0.00938774969004154,0.11881501001243158,0.036849911166525515,0,0.2857142857142857,0.7142857142857143
SD-scaled effect size,Foraging guild,Diurnal raptors,prec_breeding,Precipitation,3,3,2010s,7,-0.0012620486818557158,-0.002397188983620376,0.12168381861041772,0.007889416893766295,0.2857142857142857,0.14285714285714285,0.5714285714285714
SD-scaled effect size,Foraging guild,Diurnal raptors,tmean_breeding,Temperature,1,1,1970s,7,0.2111086032749759,0.09043280696328096,0.2737025153320255,0.11037646985880731,0.5714285714285714,0.2857142857142857,0.14285714285714285
SD-scaled effect size,Foraging guild,Diurnal raptors,tmean_breeding,Temperature,2,2,1990s,7,0.11849810613026192,0.01343248099244214,0.21151971745710282,0.15374495007216324,0.2857142857142857,0.2857142857142857,0.42857142857142855
SD-scaled effect size,Foraging guild,Diurnal raptors,tmean_breeding,Temperature,3,3,2010s,7,0.10482411472768106,-0.014077926892985315,0.16379753791548007,0.0777109978617506,0.2857142857142857,0,0.7142857142857143
SD-scaled effect size,Foraging guild,Diving ducks,hh,"Habitat
heterogeneity",1,1,1970s,3,0.2013039302180396,0.16819837867003137,0.2013039302180396,0.16819837867003137,0.6666666666666666,0,0.3333333333333333
SD-scaled effect size,Foraging guild,Diving ducks,hh,"Habitat
heterogeneity",2,2,1990s,3,0.15535877270615836,0.10775680427484045,0.15535877270615836,0.10775680427484045,0.3333333333333333,0,0.6666666666666666
SD-scaled effect size,Foraging guild,Diving ducks,hh,"Habitat
heterogeneity",3,3,2010s,3,0.22106058776576248,0.05020813742798695,0.22106058776576248,0.05020813742798695,0.3333333333333333,0,0.6666666666666666
SD-scaled effect size,Foraging guild,Diving ducks,perc_cropland,Cropland,1,1,1970s,3,0.013412121742136018,0.10894917200154063,0.30884071704835686,0.3744300861841987,0.3333333333333333,0.3333333333333333,0.3333333333333333
SD-scaled effect size,Foraging guild,Diving ducks,perc_cropland,Cropland,2,2,1990s,3,-0.24216516760534285,0.009183183654418958,0.2622387453376955,0.02092718294410996,0,0.3333333333333333,0.6666666666666666
SD-scaled effect size,Foraging guild,Diving ducks,perc_cropland,Cropland,3,3,2010s,3,-0.1829825234168335,0.027606167369353278,0.23586389937056837,0.05171589656124904,0,0.3333333333333333,0.6666666666666666
SD-scaled effect size,Foraging guild,Diving ducks,perc_forest,Forest,1,1,1970s,3,-0.04100281762467195,0.1498711760717382,0.2579344486661664,0.17552627049050343,0.6666666666666666,0.3333333333333333,0
SD-scaled effect size,Foraging guild,Diving ducks,perc_forest,Forest,2,2,1990s,3,-0.007513780175992357,0.15929775712657804,0.22368464496457624,0.1649585400562978,0.6666666666666666,0.3333333333333333,0
SD-scaled effect size,Foraging guild,Diving ducks,perc_forest,Forest,3,3,2010s,3,-0.14138627845554247,0.05016651714224033,0.32816925430174193,0.23000794662705884,0.3333333333333333,0.3333333333333333,0.3333333333333333
SD-scaled effect size,Foraging guild,Diving ducks,perc_grass_shrub,"Grass/
shrubland",1,1,1970s,3,0.1731968448426709,0.24994577619821431,0.1731968448426709,0.24994577619821431,0.6666666666666666,0,0.3333333333333333
SD-scaled effect size,Foraging guild,Diving ducks,perc_grass_shrub,"Grass/
shrubland",2,2,1990s,3,-0.08954830681958062,0.014082289553335571,0.12717719593521934,0.04236104412012254,0,0.3333333333333333,0.6666666666666666
SD-scaled effect size,Foraging guild,Diving ducks,perc_grass_shrub,"Grass/
shrubland",3,3,2010s,3,-0.13045044359573132,-0.004424469966419898,0.14379477699379453,0.02001650009709478,0,0.3333333333333333,0.6666666666666666
SD-scaled effect size,Foraging guild,Diving ducks,perc_pasture,Pasture,1,1,1970s,3,0.10094240808773433,0.07177764870650814,0.10094240808773433,0.07177764870650814,0.3333333333333333,0,0.6666666666666666
SD-scaled effect size,Foraging guild,Diving ducks,perc_pasture,Pasture,2,2,1990s,3,0.07499718336612594,0.16056509698107901,0.16179349813473062,0.16056509698107901,0.6666666666666666,0.3333333333333333,0
SD-scaled effect size,Foraging guild,Diving ducks,perc_pasture,Pasture,3,3,2010s,3,0.034981252153878865,0.16403128347984003,0.19283855323747395,0.1776984246071892,0.6666666666666666,0.3333333333333333,0
SD-scaled effect size,Foraging guild,Diving ducks,perc_urban,Urban,1,1,1970s,3,-0.014560686482380089,0.1023549308014853,0.20491812944592086,0.18318123364382585,0.3333333333333333,0.3333333333333333,0.3333333333333333
SD-scaled effect size,Foraging guild,Diving ducks,perc_urban,Urban,2,2,1990s,3,-0.02942886939980277,0.12736443060544153,0.254743673863451,0.21060777609003076,0.6666666666666666,0.3333333333333333,0
SD-scaled effect size,Foraging guild,Diving ducks,perc_urban,Urban,3,3,2010s,3,0.06576811544310376,0.2062023041912363,0.24935118251964536,0.26647664275288735,0.6666666666666666,0.3333333333333333,0
SD-scaled effect size,Foraging guild,Diving ducks,prec_breeding,Precipitation,1,1,1970s,3,-0.43097702096012697,-0.3773605557108683,0.43097702096012697,0.3773605557108683,0,1,0
SD-scaled effect size,Foraging guild,Diving ducks,prec_breeding,Precipitation,2,2,1990s,3,-0.2787879743673201,-0.238528353342497,0.2787879743673201,0.238528353342497,0,0.6666666666666666,0.3333333333333333
SD-scaled effect size,Foraging guild,Diving ducks,prec_breeding,Precipitation,3,3,2010s,3,-0.42838739716206536,-0.3847954328597979,0.42838739716206536,0.3847954328597979,0,0.6666666666666666,0.3333333333333333
SD-scaled effect size,Foraging guild,Diving ducks,tmean_breeding,Temperature,1,1,1970s,3,0.03632389622648382,0.008003276527428623,0.04406469951179829,0.011611204927971712,0,0,1
SD-scaled effect size,Foraging guild,Diving ducks,tmean_breeding,Temperature,2,2,1990s,3,0.07086659846622509,0.007332539650142942,0.07086659846622509,0.007332539650142942,0.3333333333333333,0,0.6666666666666666
SD-scaled effect size,Foraging guild,Diving ducks,tmean_breeding,Temperature,3,3,2010s,3,0.14533341981097375,0.12227922198528196,0.14533341981097375,0.12227922198528196,0.6666666666666666,0,0.3333333333333333
SD-scaled effect size,Foraging guild,Flycatchers,hh,"Habitat
heterogeneity",1,1,1970s,3,0.013457514079794846,4.8956811718239353e-05,0.018130435532466866,0.0070093821790080295,0,0,1
SD-scaled effect size,Foraging guild,Flycatchers,hh,"Habitat
heterogeneity",2,2,1990s,3,0.14121507258998467,0.1654020135906252,0.14121507258998467,0.1654020135906252,1,0,0
SD-scaled effect size,Foraging guild,Flycatchers,hh,"Habitat
heterogeneity",3,3,2010s,3,0.05023328156824099,0.020294747883006645,0.05023328156824099,0.020294747883006645,0.3333333333333333,0,0.6666666666666666
SD-scaled effect size,Foraging guild,Flycatchers,perc_cropland,Cropland,1,1,1970s,3,-0.04700212503643482,-0.05485800537082318,0.13633436951467673,0.13399836671736287,0.3333333333333333,0,0.6666666666666666
SD-scaled effect size,Foraging guild,Flycatchers,perc_cropland,Cropland,2,2,1990s,3,0.08131762367441765,0.014037824605961785,0.09205772433772445,0.0161101509949602,0.3333333333333333,0,0.6666666666666666
SD-scaled effect size,Foraging guild,Flycatchers,perc_cropland,Cropland,3,3,2010s,3,-0.07351028199560171,-0.05728941105665406,0.07378635392262016,0.05728941105665406,0,0,1
SD-scaled effect size,Foraging guild,Flycatchers,perc_forest,Forest,1,1,1970s,3,0.18259568434440443,0.2067352823027257,0.18259568434440443,0.2067352823027257,0.6666666666666666,0,0.3333333333333333
SD-scaled effect size,Foraging guild,Flycatchers,perc_forest,Forest,2,2,1990s,3,0.22161673317044234,0.2332868460356836,0.22161673317044234,0.2332868460356836,0.6666666666666666,0,0.3333333333333333
SD-scaled effect size,Foraging guild,Flycatchers,perc_forest,Forest,3,3,2010s,3,0.22915198315034355,0.16339579590577696,0.22915198315034355,0.16339579590577696,1,0,0
SD-scaled effect size,Foraging guild,Flycatchers,perc_grass_shrub,"Grass/
shrubland",1,1,1970s,3,-0.005068003291179695,-0.0033432287477977492,0.03194246670458945,0.040311695120114635,0,0,1
SD-scaled effect size,Foraging guild,Flycatchers,perc_grass_shrub,"Grass/
shrubland",2,2,1990s,3,-0.015675700814319776,-0.0017758098894218477,0.016658658328560665,0.0017758098894218477,0,0,1
SD-scaled effect size,Foraging guild,Flycatchers,perc_grass_shrub,"Grass/
shrubland",3,3,2010s,3,-0.06836900790844919,-0.08964968801126784,0.09139428042132258,0.08964968801126784,0,0.3333333333333333,0.6666666666666666
SD-scaled effect size,Foraging guild,Flycatchers,perc_pasture,Pasture,1,1,1970s,3,0.0014643649233852807,-0.017265038483558974,0.026693207034194904,0.02057822468265546,0,0,1
SD-scaled effect size,Foraging guild,Flycatchers,perc_pasture,Pasture,2,2,1990s,3,-0.05576886651416829,-0.025139003677409805,0.05576886651416829,0.025139003677409805,0,0,1
SD-scaled effect size,Foraging guild,Flycatchers,perc_pasture,Pasture,3,3,2010s,3,0.008027245562421745,0.009071405763119732,0.008027245562421745,0.009071405763119732,0,0,1
SD-scaled effect size,Foraging guild,Flycatchers,perc_urban,Urban,1,1,1970s,3,0.09282536985587563,0.15321943201814422,0.12002026197028155,0.15321943201814422,0.6666666666666666,0,0.3333333333333333
SD-scaled effect size,Foraging guild,Flycatchers,perc_urban,Urban,2,2,1990s,3,0.09635859401949202,0.09149066554904726,0.09635859401949202,0.09149066554904726,0.6666666666666666,0,0.3333333333333333
SD-scaled effect size,Foraging guild,Flycatchers,perc_urban,Urban,3,3,2010s,3,-0.024277035653605568,-0.06614500478523315,0.08090855494787227,0.08494727894140006,0.3333333333333333,0.3333333333333333,0.3333333333333333
SD-scaled effect size,Foraging guild,Flycatchers,prec_breeding,Precipitation,1,1,1970s,3,-0.16410128146203662,-0.1944568445349302,0.1695264973581449,0.1944568445349302,0,0.3333333333333333,0.6666666666666666
SD-scaled effect size,Foraging guild,Flycatchers,prec_breeding,Precipitation,2,2,1990s,3,-0.023988987651746018,-0.001948283494162174,0.02410135366710673,0.001948283494162174,0,0,1
SD-scaled effect size,Foraging guild,Flycatchers,prec_breeding,Precipitation,3,3,2010s,3,-0.0738249460833262,-0.06136945085514375,0.0738249460833262,0.06136945085514375,0,0.3333333333333333,0.6666666666666666
SD-scaled effect size,Foraging guild,Flycatchers,tmean_breeding,Temperature,1,1,1970s,3,-0.056466651140222174,-0.06444999050482361,0.1194238716750393,0.0944358308022257,0.3333333333333333,0.3333333333333333,0.3333333333333333
SD-scaled effect size,Foraging guild,Flycatchers,tmean_breeding,Temperature,2,2,1990s,3,-0.05009751296613901,-0.03612987845688591,0.12270625553718653,0.10891311385657126,0.3333333333333333,0.3333333333333333,0.3333333333333333
SD-scaled effect size,Foraging guild,Flycatchers,tmean_breeding,Temperature,3,3,2010s,3,-0.024331565191382194,-0.0409691844925165,0.0790882308822462,0.08213499853629601,0.3333333333333333,0,0.6666666666666666
SD-scaled effect size,Foraging guild,Foliage gleaners,hh,"Habitat
heterogeneity",1,1,1970s,9,0.04817739464035083,0.04606213475795959,0.06663204726566226,0.057741008883719774,0.3333333333333333,0,0.6666666666666666
SD-scaled effect size,Foraging guild,Foliage gleaners,hh,"Habitat
heterogeneity",2,2,1990s,9,0.1676608249499871,0.1530856622097733,0.1676608249499871,0.1530856622097733,0.7777777777777778,0,0.2222222222222222
SD-scaled effect size,Foraging guild,Foliage gleaners,hh,"Habitat
heterogeneity",3,3,2010s,9,0.06024010805857404,0.0011022377415519956,0.06843310959131911,0.018265855845017203,0.3333333333333333,0,0.6666666666666666
SD-scaled effect size,Foraging guild,Foliage gleaners,perc_cropland,Cropland,1,1,1970s,9,0.18673785517042774,0.16173769153281747,0.18673785517042774,0.16173769153281747,0.5555555555555556,0,0.4444444444444444
SD-scaled effect size,Foraging guild,Foliage gleaners,perc_cropland,Cropland,2,2,1990s,9,0.1008400070660318,0.072356329349108,0.10091984472833157,0.072356329349108,0.3333333333333333,0,0.6666666666666666
SD-scaled effect size,Foraging guild,Foliage gleaners,perc_cropland,Cropland,3,3,2010s,9,0.17535794080613337,0.21353630209658078,0.19220722084755254,0.21353630209658078,0.5555555555555556,0,0.4444444444444444
SD-scaled effect size,Foraging guild,Foliage gleaners,perc_forest,Forest,1,1,1970s,9,0.21097798636497433,0.19759817577551875,0.21097798636497433,0.19759817577551875,0.7777777777777778,0,0.2222222222222222
SD-scaled effect size,Foraging guild,Foliage gleaners,perc_forest,Forest,2,2,1990s,9,0.19963632453654523,0.2625644765160594,0.19963632453654523,0.2625644765160594,0.5555555555555556,0,0.4444444444444444
SD-scaled effect size,Foraging guild,Foliage gleaners,perc_forest,Forest,3,3,2010s,9,0.22923838496738222,0.2179562824974912,0.27497909393448944,0.2179562824974912,0.6666666666666666,0.1111111111111111,0.2222222222222222
SD-scaled effect size,Foraging guild,Foliage gleaners,perc_grass_shrub,"Grass/
shrubland",1,1,1970s,9,0.03611212930780321,0.02483571781712252,0.037336467035465754,0.02483571781712252,0.1111111111111111,0,0.8888888888888888
SD-scaled effect size,Foraging guild,Foliage gleaners,perc_grass_shrub,"Grass/
shrubland",2,2,1990s,9,0.002802190515845697,-0.0033728779207660964,0.049872880162565046,0.02495717703680444,0.1111111111111111,0.1111111111111111,0.7777777777777778
SD-scaled effect size,Foraging guild,Foliage gleaners,perc_grass_shrub,"Grass/
shrubland",3,3,2010s,9,0.06249002962407374,0.04892475290399487,0.09662970762419938,0.060642516126763385,0.2222222222222222,0.1111111111111111,0.6666666666666666
SD-scaled effect size,Foraging guild,Foliage gleaners,perc_pasture,Pasture,1,1,1970s,9,-0.012116353090611702,4.0974298205723474e-8,0.040871607764603496,0.026883490118023188,0,0.2222222222222222,0.7777777777777778
SD-scaled effect size,Foraging guild,Foliage gleaners,perc_pasture,Pasture,2,2,1990s,9,-0.07686165277410875,-0.06272146464007236,0.07686165277410875,0.06272146464007236,0,0.3333333333333333,0.6666666666666666
SD-scaled effect size,Foraging guild,Foliage gleaners,perc_pasture,Pasture,3,3,2010s,9,0.0963585568553628,0.07448634129748662,0.1096759623449292,0.07448634129748662,0.4444444444444444,0,0.5555555555555556
SD-scaled effect size,Foraging guild,Foliage gleaners,perc_urban,Urban,1,1,1970s,9,0.16600435164056346,0.1249663164304096,0.16600435164056346,0.1249663164304096,0.7777777777777778,0,0.2222222222222222
SD-scaled effect size,Foraging guild,Foliage gleaners,perc_urban,Urban,2,2,1990s,9,0.11591900282002496,0.08248686160962013,0.11591900282002496,0.08248686160962013,0.5555555555555556,0,0.4444444444444444
SD-scaled effect size,Foraging guild,Foliage gleaners,perc_urban,Urban,3,3,2010s,9,0.0950600924329054,0.13854692246296949,0.11805652989448673,0.13854692246296949,0.4444444444444444,0.1111111111111111,0.4444444444444444
SD-scaled effect size,Foraging guild,Foliage gleaners,prec_breeding,Precipitation,1,1,1970s,9,-0.06805967530957847,-0.04906257669358816,0.09252851695716727,0.06083419182055059,0.1111111111111111,0.3333333333333333,0.5555555555555556
SD-scaled effect size,Foraging guild,Foliage gleaners,prec_breeding,Precipitation,2,2,1990s,9,-0.07503138613861234,-0.07629398717566635,0.07842559997535446,0.07629398717566635,0,0.4444444444444444,0.5555555555555556
SD-scaled effect size,Foraging guild,Foliage gleaners,prec_breeding,Precipitation,3,3,2010s,9,-0.165787707447992,-0.19295479541512348,0.165787707447992,0.19295479541512348,0,0.5555555555555556,0.4444444444444444
SD-scaled effect size,Foraging guild,Foliage gleaners,tmean_breeding,Temperature,1,1,1970s,9,-0.0023160094323575664,0.003003679842732358,0.06082747413144168,0.041860845397088536,0.2222222222222222,0.1111111111111111,0.6666666666666666
SD-scaled effect size,Foraging guild,Foliage gleaners,tmean_breeding,Temperature,2,2,1990s,9,-0.01990421677107997,-0.02050359245028629,0.08489751411011197,0.09615700436808096,0.1111111111111111,0.2222222222222222,0.6666666666666666
SD-scaled effect size,Foraging guild,Foliage gleaners,tmean_breeding,Temperature,3,3,2010s,9,0.03462515330605605,0.004764575110123096,0.06940729588446606,0.026811985479789184,0.2222222222222222,0.1111111111111111,0.6666666666666666
SD-scaled effect size,Foraging guild,Gallinaceous birds,hh,"Habitat
heterogeneity",1,1,1970s,2,0.013478094491743347,0.013478094491743347,0.013478094491743347,0.013478094491743347,0,0,1
SD-scaled effect size,Foraging guild,Gallinaceous birds,hh,"Habitat
heterogeneity",2,2,1990s,2,0.12056643941326117,0.12056643941326117,0.12056643941326117,0.12056643941326117,0.5,0,0.5
SD-scaled effect size,Foraging guild,Gallinaceous birds,hh,"Habitat
heterogeneity",3,3,2010s,2,0.11095928129621074,0.11095928129621074,0.11095928129621074,0.11095928129621074,1,0,0
SD-scaled effect size,Foraging guild,Gallinaceous birds,perc_cropland,Cropland,1,1,1970s,2,0.19999088664982026,0.19999088664982026,0.19999088664982026,0.19999088664982026,0.5,0,0.5
SD-scaled effect size,Foraging guild,Gallinaceous birds,perc_cropland,Cropland,2,2,1990s,2,0.35755129034539923,0.35755129034539923,0.35755129034539923,0.35755129034539923,1,0,0
SD-scaled effect size,Foraging guild,Gallinaceous birds,perc_cropland,Cropland,3,3,2010s,2,0.378434553428558,0.378434553428558,0.378434553428558,0.378434553428558,1,0,0
SD-scaled effect size,Foraging guild,Gallinaceous birds,perc_forest,Forest,1,1,1970s,2,0.020120706099502766,0.020120706099502766,0.062108182137899495,0.062108182137899495,0.5,0,0.5
SD-scaled effect size,Foraging guild,Gallinaceous birds,perc_forest,Forest,2,2,1990s,2,0.039480132327998955,0.039480132327998955,0.039480132327998955,0.039480132327998955,0,0,1
SD-scaled effect size,Foraging guild,Gallinaceous birds,perc_forest,Forest,3,3,2010s,2,-0.0033627939666299542,-0.0033627939666299542,0.006518625164013208,0.006518625164013208,0,0,1
SD-scaled effect size,Foraging guild,Gallinaceous birds,perc_grass_shrub,"Grass/
shrubland",1,1,1970s,2,0.07966621374593513,0.07966621374593513,0.07966621374593513,0.07966621374593513,0.5,0,0.5
SD-scaled effect size,Foraging guild,Gallinaceous birds,perc_grass_shrub,"Grass/
shrubland",2,2,1990s,2,0.006277970782448533,0.006277970782448533,0.006303137270236246,0.006303137270236246,0,0,1
SD-scaled effect size,Foraging guild,Gallinaceous birds,perc_grass_shrub,"Grass/
shrubland",3,3,2010s,2,0.014660999676596124,0.014660999676596124,0.01719663251921868,0.01719663251921868,0,0,1
SD-scaled effect size,Foraging guild,Gallinaceous birds,perc_pasture,Pasture,1,1,1970s,2,0.053988135888108135,0.053988135888108135,0.053988135888108135,0.053988135888108135,0,0,1
SD-scaled effect size,Foraging guild,Gallinaceous birds,perc_pasture,Pasture,2,2,1990s,2,0.1123468124772515,0.1123468124772515,0.1123468124772515,0.1123468124772515,0.5,0,0.5
SD-scaled effect size,Foraging guild,Gallinaceous birds,perc_pasture,Pasture,3,3,2010s,2,0.11301218737973798,0.11301218737973798,0.11301218737973798,0.11301218737973798,1,0,0
SD-scaled effect size,Foraging guild,Gallinaceous birds,perc_urban,Urban,1,1,1970s,2,-0.006030266262024244,-0.006030266262024244,0.008092509978934657,0.008092509978934657,0,0,1
SD-scaled effect size,Foraging guild,Gallinaceous birds,perc_urban,Urban,2,2,1990s,2,0.02980113206113767,0.02980113206113767,0.02980113206113767,0.02980113206113767,0,0,1
SD-scaled effect size,Foraging guild,Gallinaceous birds,perc_urban,Urban,3,3,2010s,2,0.040193016883992544,0.040193016883992544,0.04160480063496026,0.04160480063496026,0.5,0,0.5
SD-scaled effect size,Foraging guild,Gallinaceous birds,prec_breeding,Precipitation,1,1,1970s,2,-0.05894194668854517,-0.05894194668854517,0.05894194668854517,0.05894194668854517,0,0.5,0.5
SD-scaled effect size,Foraging guild,Gallinaceous birds,prec_breeding,Precipitation,2,2,1990s,2,-0.07184327528958663,-0.07184327528958663,0.0721910074427952,0.0721910074427952,0,0.5,0.5
SD-scaled effect size,Foraging guild,Gallinaceous birds,prec_breeding,Precipitation,3,3,2010s,2,-0.002008204779894024,-0.002008204779894024,0.13341335719037445,0.13341335719037445,0.5,0.5,0
SD-scaled effect size,Foraging guild,Gallinaceous birds,tmean_breeding,Temperature,1,1,1970s,2,0.014200851581399717,0.014200851581399717,0.014200851581399717,0.014200851581399717,0,0,1
SD-scaled effect size,Foraging guild,Gallinaceous birds,tmean_breeding,Temperature,2,2,1990s,2,0.007319405603357879,0.007319405603357879,0.14268415576933047,0.14268415576933047,0.5,0.5,0
SD-scaled effect size,Foraging guild,Gallinaceous birds,tmean_breeding,Temperature,3,3,2010s,2,0.08236610386725735,0.08236610386725735,0.10784954827735457,0.10784954827735457,0.5,0,0.5
SD-scaled effect size,Foraging guild,Grazing waterfowl,hh,"Habitat
heterogeneity",1,1,1970s,2,0.22922709653499823,0.22922709653499823,0.22922709653499823,0.22922709653499823,1,0,0
SD-scaled effect size,Foraging guild,Grazing waterfowl,hh,"Habitat
heterogeneity",2,2,1990s,2,0.14947398928112698,0.14947398928112698,0.14947398928112698,0.14947398928112698,0.5,0,0.5
SD-scaled effect size,Foraging guild,Grazing waterfowl,hh,"Habitat
heterogeneity",3,3,2010s,2,0.1340337930840398,0.1340337930840398,0.1340337930840398,0.1340337930840398,1,0,0
SD-scaled effect size,Foraging guild,Grazing waterfowl,perc_cropland,Cropland,1,1,1970s,2,0.07950535168810055,0.07950535168810055,0.07950535168810055,0.07950535168810055,0,0,1
SD-scaled effect size,Foraging guild,Grazing waterfowl,perc_cropland,Cropland,2,2,1990s,2,0.0037998929126102365,0.0037998929126102365,0.07702931308178376,0.07702931308178376,0,0,1
SD-scaled effect size,Foraging guild,Grazing waterfowl,perc_cropland,Cropland,3,3,2010s,2,-0.048391192561918116,-0.048391192561918116,0.048391192561918116,0.048391192561918116,0,0,1
SD-scaled effect size,Foraging guild,Grazing waterfowl,perc_forest,Forest,1,1,1970s,2,0.029181331033569034,0.029181331033569034,0.029181331033569034,0.029181331033569034,0,0,1
SD-scaled effect size,Foraging guild,Grazing waterfowl,perc_forest,Forest,2,2,1990s,2,0.09060861208672219,0.09060861208672219,0.09675862231039395,0.09675862231039395,0.5,0,0.5
SD-scaled effect size,Foraging guild,Grazing waterfowl,perc_forest,Forest,3,3,2010s,2,0.10473513013136015,0.10473513013136015,0.10487247577482503,0.10487247577482503,0.5,0,0.5
SD-scaled effect size,Foraging guild,Grazing waterfowl,perc_grass_shrub,"Grass/
shrubland",1,1,1970s,2,0.04853456450949463,0.04853456450949463,0.04853456450949463,0.04853456450949463,0,0,1
SD-scaled effect size,Foraging guild,Grazing waterfowl,perc_grass_shrub,"Grass/
shrubland",2,2,1990s,2,0.10946727434187886,0.10946727434187886,0.10946727434187886,0.10946727434187886,0.5,0,0.5
SD-scaled effect size,Foraging guild,Grazing waterfowl,perc_grass_shrub,"Grass/
shrubland",3,3,2010s,2,0.05813823478605462,0.05813823478605462,0.05813823478605462,0.05813823478605462,0.5,0,0.5
SD-scaled effect size,Foraging guild,Grazing waterfowl,perc_pasture,Pasture,1,1,1970s,2,0.07809188622016686,0.07809188622016686,0.07809188622016686,0.07809188622016686,0,0,1
SD-scaled effect size,Foraging guild,Grazing waterfowl,perc_pasture,Pasture,2,2,1990s,2,0.1150223640172598,0.1150223640172598,0.1150223640172598,0.1150223640172598,0.5,0,0.5
SD-scaled effect size,Foraging guild,Grazing waterfowl,perc_pasture,Pasture,3,3,2010s,2,0.21109615265454412,0.21109615265454412,0.21109615265454412,0.21109615265454412,1,0,0
SD-scaled effect size,Foraging guild,Grazing waterfowl,perc_urban,Urban,1,1,1970s,2,0.01930485282508974,0.01930485282508974,0.01930485282508974,0.01930485282508974,0,0,1
SD-scaled effect size,Foraging guild,Grazing waterfowl,perc_urban,Urban,2,2,1990s,2,0.04320803624817842,0.04320803624817842,0.04320803624817842,0.04320803624817842,0,0,1
SD-scaled effect size,Foraging guild,Grazing waterfowl,perc_urban,Urban,3,3,2010s,2,0.0725675240578829,0.0725675240578829,0.07729640207327314,0.07729640207327314,0.5,0,0.5
SD-scaled effect size,Foraging guild,Grazing waterfowl,prec_breeding,Precipitation,1,1,1970s,2,-0.2742787817520055,-0.2742787817520055,0.2742787817520055,0.2742787817520055,0,1,0
SD-scaled effect size,Foraging guild,Grazing waterfowl,prec_breeding,Precipitation,2,2,1990s,2,-0.17864213459799466,-0.17864213459799466,0.17864213459799466,0.17864213459799466,0,1,0
SD-scaled effect size,Foraging guild,Grazing waterfowl,prec_breeding,Precipitation,3,3,2010s,2,-0.026005346549184336,-0.026005346549184336,0.05409726414942315,0.05409726414942315,0,0,1
SD-scaled effect size,Foraging guild,Grazing waterfowl,tmean_breeding,Temperature,1,1,1970s,2,0.1450040247105796,0.1450040247105796,0.1450040247105796,0.1450040247105796,0.5,0,0.5
SD-scaled effect size,Foraging guild,Grazing waterfowl,tmean_breeding,Temperature,2,2,1990s,2,0.21647458971226002,0.21647458971226002,0.21647458971226002,0.21647458971226002,1,0,0
SD-scaled effect size,Foraging guild,Grazing waterfowl,tmean_breeding,Temperature,3,3,2010s,2,-0.01373983038782944,-0.01373983038782944,0.01373983038782944,0.01373983038782944,0,0,1
SD-scaled effect size,Foraging guild,Gulls,hh,"Habitat
heterogeneity",1,1,1970s,5,0.24060144872831254,0.2873611783642981,0.24060144872831254,0.2873611783642981,0.8,0,0.2
SD-scaled effect size,Foraging guild,Gulls,hh,"Habitat
heterogeneity",2,2,1990s,5,0.20849920623772616,0.23043013672026527,0.20849920623772616,0.23043013672026527,0.8,0,0.2
SD-scaled effect size,Foraging guild,Gulls,hh,"Habitat
heterogeneity",3,3,2010s,5,0.2804089667818588,0.28511279189817246,0.2804089667818588,0.28511279189817246,1,0,0
SD-scaled effect size,Foraging guild,Gulls,perc_cropland,Cropland,1,1,1970s,5,-0.5692374437139157,-0.523645985204815,0.5692374437139157,0.523645985204815,0,1,0
SD-scaled effect size,Foraging guild,Gulls,perc_cropland,Cropland,2,2,1990s,5,-0.6870985927339984,-0.7222121658532429,0.6870985927339984,0.7222121658532429,0,1,0
SD-scaled effect size,Foraging guild,Gulls,perc_cropland,Cropland,3,3,2010s,5,-0.49947051194456427,-0.5534649278698254,0.49947051194456427,0.5534649278698254,0,1,0
SD-scaled effect size,Foraging guild,Gulls,perc_forest,Forest,1,1,1970s,5,-0.301595967689703,-0.2825008553699902,0.301595967689703,0.2825008553699902,0,0.8,0.2
SD-scaled effect size,Foraging guild,Gulls,perc_forest,Forest,2,2,1990s,5,-0.432359627223372,-0.42783008148451035,0.432359627223372,0.42783008148451035,0,0.8,0.2
SD-scaled effect size,Foraging guild,Gulls,perc_forest,Forest,3,3,2010s,5,-0.31363440514048513,-0.3301376394229797,0.31695471835255273,0.3301376394229797,0,0.8,0.2
SD-scaled effect size,Foraging guild,Gulls,perc_grass_shrub,"Grass/
shrubland",1,1,1970s,5,-0.008623912938272674,-0.026587708822422,0.06106136394525658,0.057796151313788076,0.2,0,0.8
SD-scaled effect size,Foraging guild,Gulls,perc_grass_shrub,"Grass/
shrubland",2,2,1990s,5,-0.07245776121692622,-0.12964216014801105,0.12905788935495588,0.12964216014801105,0.2,0.4,0.4
SD-scaled effect size,Foraging guild,Gulls,perc_grass_shrub,"Grass/
shrubland",3,3,2010s,5,-0.1491629930299423,-0.15902618666637736,0.14923558480239096,0.15902618666637736,0,0.8,0.2
SD-scaled effect size,Foraging guild,Gulls,perc_pasture,Pasture,1,1,1970s,5,-0.019419958723981764,-0.004037808976042091,0.019577112415909162,0.004037808976042091,0,0,1
SD-scaled effect size,Foraging guild,Gulls,perc_pasture,Pasture,2,2,1990s,5,-0.08984259071123459,-0.11951381989828629,0.09908203200107649,0.11951381989828629,0,0.6,0.4
SD-scaled effect size,Foraging guild,Gulls,perc_pasture,Pasture,3,3,2010s,5,0.020367694947573706,0.0018833895958295921,0.05713326212187491,0.00415860886119747,0.2,0,0.8
SD-scaled effect size,Foraging guild,Gulls,perc_urban,Urban,1,1,1970s,5,-0.32511664876405216,-0.30989204244356006,0.32511664876405216,0.30989204244356006,0,1,0
SD-scaled effect size,Foraging guild,Gulls,perc_urban,Urban,2,2,1990s,5,-0.16157812937627528,-0.1829655365811157,0.16157812937627528,0.1829655365811157,0,0.6,0.4
SD-scaled effect size,Foraging guild,Gulls,perc_urban,Urban,3,3,2010s,5,0.12878119917058475,0.16884123704669068,0.19400300008684207,0.16884123704669068,0.6,0.2,0.2
SD-scaled effect size,Foraging guild,Gulls,prec_breeding,Precipitation,1,1,1970s,5,-0.11271726954849857,-0.07322439798067533,0.11271726954849857,0.07322439798067533,0,0.2,0.8
SD-scaled effect size,Foraging guild,Gulls,prec_breeding,Precipitation,2,2,1990s,5,-0.21501119768042895,-0.3500717210992339,0.2667165930303358,0.3500717210992339,0.2,0.6,0.2
SD-scaled effect size,Foraging guild,Gulls,prec_breeding,Precipitation,3,3,2010s,5,-0.0832251684932545,-0.035816493998630114,0.10617982360940074,0.05535441396152734,0,0.2,0.8
SD-scaled effect size,Foraging guild,Gulls,tmean_breeding,Temperature,1,1,1970s,5,-0.007844421163563368,0.036666107787873325,0.07409123084152754,0.04792250359923726,0,0.2,0.8
SD-scaled effect size,Foraging guild,Gulls,tmean_breeding,Temperature,2,2,1990s,5,0.08133787672594724,0.05846342368600951,0.1390680108993755,0.1443253354335707,0.4,0,0.6
SD-scaled effect size,Foraging guild,Gulls,tmean_breeding,Temperature,3,3,2010s,5,0.09275700470448334,0.09154191091396784,0.09275700470448334,0.09154191091396784,0.2,0,0.8
SD-scaled effect size,Foraging guild,Kingfishers,hh,"Habitat
heterogeneity",1,1,1970s,1,0.011843496086620926,0.011843496086620926,0.011843496086620926,0.011843496086620926,0,0,1
SD-scaled effect size,Foraging guild,Kingfishers,hh,"Habitat
heterogeneity",2,2,1990s,1,0.114468449040152,0.114468449040152,0.114468449040152,0.114468449040152,0,0,1
SD-scaled effect size,Foraging guild,Kingfishers,hh,"Habitat
heterogeneity",3,3,2010s,1,0.12823908963659894,0.12823908963659894,0.12823908963659894,0.12823908963659894,1,0,0
SD-scaled effect size,Foraging guild,Kingfishers,perc_cropland,Cropland,1,1,1970s,1,0.23512816474622147,0.23512816474622147,0.23512816474622147,0.23512816474622147,0,0,1
SD-scaled effect size,Foraging guild,Kingfishers,perc_cropland,Cropland,2,2,1990s,1,0.562302178593643,0.562302178593643,0.562302178593643,0.562302178593643,1,0,0
SD-scaled effect size,Foraging guild,Kingfishers,perc_cropland,Cropland,3,3,2010s,1,0.3182422722095001,0.3182422722095001,0.3182422722095001,0.3182422722095001,1,0,0
SD-scaled effect size,Foraging guild,Kingfishers,perc_forest,Forest,1,1,1970s,1,0.4599000709197069,0.4599000709197069,0.4599000709197069,0.4599000709197069,1,0,0
SD-scaled effect size,Foraging guild,Kingfishers,perc_forest,Forest,2,2,1990s,1,0.5804723310955635,0.5804723310955635,0.5804723310955635,0.5804723310955635,1,0,0
SD-scaled effect size,Foraging guild,Kingfishers,perc_forest,Forest,3,3,2010s,1,0.4450038431330575,0.4450038431330575,0.4450038431330575,0.4450038431330575,1,0,0
SD-scaled effect size,Foraging guild,Kingfishers,perc_grass_shrub,"Grass/
shrubland",1,1,1970s,1,0.2821875811774651,0.2821875811774651,0.2821875811774651,0.2821875811774651,1,0,0
SD-scaled effect size,Foraging guild,Kingfishers,perc_grass_shrub,"Grass/
shrubland",2,2,1990s,1,0.34650785995225736,0.34650785995225736,0.34650785995225736,0.34650785995225736,1,0,0
SD-scaled effect size,Foraging guild,Kingfishers,perc_grass_shrub,"Grass/
shrubland",3,3,2010s,1,0.17416234193538707,0.17416234193538707,0.17416234193538707,0.17416234193538707,1,0,0
SD-scaled effect size,Foraging guild,Kingfishers,perc_pasture,Pasture,1,1,1970s,1,-0.1668007873071166,-0.1668007873071166,0.1668007873071166,0.1668007873071166,0,1,0
SD-scaled effect size,Foraging guild,Kingfishers,perc_pasture,Pasture,2,2,1990s,1,0.14122347901190457,0.14122347901190457,0.14122347901190457,0.14122347901190457,1,0,0
SD-scaled effect size,Foraging guild,Kingfishers,perc_pasture,Pasture,3,3,2010s,1,0.10867039260739926,0.10867039260739926,0.10867039260739926,0.10867039260739926,1,0,0
SD-scaled effect size,Foraging guild,Kingfishers,perc_urban,Urban,1,1,1970s,1,0.2517532884617562,0.2517532884617562,0.2517532884617562,0.2517532884617562,1,0,0
SD-scaled effect size,Foraging guild,Kingfishers,perc_urban,Urban,2,2,1990s,1,0.4255267749765594,0.4255267749765594,0.4255267749765594,0.4255267749765594,1,0,0
SD-scaled effect size,Foraging guild,Kingfishers,perc_urban,Urban,3,3,2010s,1,0.3591205598432369,0.3591205598432369,0.3591205598432369,0.3591205598432369,1,0,0
SD-scaled effect size,Foraging guild,Kingfishers,prec_breeding,Precipitation,1,1,1970s,1,0.36246765234461725,0.36246765234461725,0.36246765234461725,0.36246765234461725,1,0,0
SD-scaled effect size,Foraging guild,Kingfishers,prec_breeding,Precipitation,2,2,1990s,1,0.13584016696546003,0.13584016696546003,0.13584016696546003,0.13584016696546003,1,0,0
SD-scaled effect size,Foraging guild,Kingfishers,prec_breeding,Precipitation,3,3,2010s,1,-0.07931647780434245,-0.07931647780434245,0.07931647780434245,0.07931647780434245,0,0,1
SD-scaled effect size,Foraging guild,Kingfishers,tmean_breeding,Temperature,1,1,1970s,1,0.10152683308877648,0.10152683308877648,0.10152683308877648,0.10152683308877648,0,0,1
SD-scaled effect size,Foraging guild,Kingfishers,tmean_breeding,Temperature,2,2,1990s,1,0.17892972133222942,0.17892972133222942,0.17892972133222942,0.17892972133222942,1,0,0
SD-scaled effect size,Foraging guild,Kingfishers,tmean_breeding,Temperature,3,3,2010s,1,0.14182764703014772,0.14182764703014772,0.14182764703014772,0.14182764703014772,1,0,0
SD-scaled effect size,Foraging guild,Low flycatching feeders,hh,"Habitat
heterogeneity",1,1,1970s,9,0.002722318614194408,0.001021719603205037,0.023596918612773774,0.007552020668306292,0,0,1
SD-scaled effect size,Foraging guild,Low flycatching feeders,hh,"Habitat
heterogeneity",2,2,1990s,9,0.0367579521356502,0.03029680185351933,0.03741083763163626,0.03029680185351933,0.1111111111111111,0,0.8888888888888888
SD-scaled effect size,Foraging guild,Low flycatching feeders,hh,"Habitat
heterogeneity",3,3,2010s,9,0.04820125129930295,0.020329356288357456,0.04820125129930295,0.020329356288357456,0.2222222222222222,0,0.7777777777777778
SD-scaled effect size,Foraging guild,Low flycatching feeders,perc_cropland,Cropland,1,1,1970s,9,0.09498878543823093,0.17785137625751968,0.18565153477622665,0.1903538012280539,0.6666666666666666,0.1111111111111111,0.2222222222222222
SD-scaled effect size,Foraging guild,Low flycatching feeders,perc_cropland,Cropland,2,2,1990s,9,0.12141891163453834,0.07479243961843698,0.14392544590236966,0.08076896939013148,0.3333333333333333,0.1111111111111111,0.5555555555555556
SD-scaled effect size,Foraging guild,Low flycatching feeders,perc_cropland,Cropland,3,3,2010s,9,0.2000818128812079,0.2218202799120623,0.2307979157548542,0.2218202799120623,0.6666666666666666,0.1111111111111111,0.2222222222222222
SD-scaled effect size,Foraging guild,Low flycatching feeders,perc_forest,Forest,1,1,1970s,9,0.21878269981565132,0.22752577827012327,0.24165486457624277,0.22752577827012327,0.6666666666666666,0.1111111111111111,0.2222222222222222
SD-scaled effect size,Foraging guild,Low flycatching feeders,perc_forest,Forest,2,2,1990s,9,0.2589605981400384,0.3163445103897355,0.26270598207900386,0.3163445103897355,0.6666666666666666,0,0.3333333333333333
SD-scaled effect size,Foraging guild,Low flycatching feeders,perc_forest,Forest,3,3,2010s,9,0.32878219707934736,0.26714258006655023,0.3333168308255115,0.26714258006655023,0.6666666666666666,0,0.3333333333333333
SD-scaled effect size,Foraging guild,Low flycatching feeders,perc_grass_shrub,"Grass/
shrubland",1,1,1970s,9,0.03617820032493094,0.0016017748254228983,0.03677600996503458,0.002690143380466378,0.3333333333333333,0,0.6666666666666666
SD-scaled effect size,Foraging guild,Low flycatching feeders,perc_grass_shrub,"Grass/
shrubland",2,2,1990s,9,0.09580906700493894,0.0662905738138041,0.09605381458212466,0.0662905738138041,0.3333333333333333,0,0.6666666666666666
SD-scaled effect size,Foraging guild,Low flycatching feeders,perc_grass_shrub,"Grass/
shrubland",3,3,2010s,9,0.11703602723915821,0.18037627471882678,0.17675367876714934,0.18037627471882678,0.5555555555555556,0.2222222222222222,0.2222222222222222
SD-scaled effect size,Foraging guild,Low flycatching feeders,perc_pasture,Pasture,1,1,1970s,9,0.046595279052586175,0.00923246501418896,0.05419490297320141,0.013712363978823083,0.3333333333333333,0,0.6666666666666666
SD-scaled effect size,Foraging guild,Low flycatching feeders,perc_pasture,Pasture,2,2,1990s,9,0.054609412103757256,0.04952825662759886,0.0865133279120946,0.07133458768348915,0.4444444444444444,0,0.5555555555555556
SD-scaled effect size,Foraging guild,Low flycatching feeders,perc_pasture,Pasture,3,3,2010s,9,0.12814391164043373,0.11029511317953065,0.12814391164043373,0.11029511317953065,0.7777777777777778,0,0.2222222222222222
SD-scaled effect size,Foraging guild,Low flycatching feeders,perc_urban,Urban,1,1,1970s,9,0.16505904533017884,0.17385786937042352,0.16886759508635737,0.17385786937042352,0.7777777777777778,0,0.2222222222222222
SD-scaled effect size,Foraging guild,Low flycatching feeders,perc_urban,Urban,2,2,1990s,9,0.16060918951871578,0.19261611352408028,0.17907809198659994,0.19261611352408028,0.7777777777777778,0.1111111111111111,0.1111111111111111
SD-scaled effect size,Foraging guild,Low flycatching feeders,perc_urban,Urban,3,3,2010s,9,0.2185568138887943,0.17348985838849948,0.22959483486424526,0.17348985838849948,0.7777777777777778,0,0.2222222222222222
SD-scaled effect size,Foraging guild,Low flycatching feeders,prec_breeding,Precipitation,1,1,1970s,9,-0.11537113136448812,-0.088349762811914,0.12991231870388095,0.088349762811914,0,0.4444444444444444,0.5555555555555556
SD-scaled effect size,Foraging guild,Low flycatching feeders,prec_breeding,Precipitation,2,2,1990s,9,-0.05324169976891436,-0.03648824385680767,0.1154155786054798,0.111361948101258,0.1111111111111111,0.4444444444444444,0.4444444444444444
SD-scaled effect size,Foraging guild,Low flycatching feeders,prec_breeding,Precipitation,3,3,2010s,9,-0.06588427768879805,-0.011602905642399991,0.14465403562839935,0.173129661656622,0.2222222222222222,0.3333333333333333,0.4444444444444444
SD-scaled effect size,Foraging guild,Low flycatching feeders,tmean_breeding,Temperature,1,1,1970s,9,-0.024096583764793386,-4.335822288429984e-4,0.08535615251713982,0.07702022151985705,0.1111111111111111,0.2222222222222222,0.6666666666666666
SD-scaled effect size,Foraging guild,Low flycatching feeders,tmean_breeding,Temperature,2,2,1990s,9,0.06488884789618586,0.08697508273098274,0.15291582040656354,0.13917940943293117,0.4444444444444444,0.2222222222222222,0.3333333333333333
SD-scaled effect size,Foraging guild,Low flycatching feeders,tmean_breeding,Temperature,3,3,2010s,9,0.02913894541495678,0.009117639384833814,0.06009354104144081,0.03182006255782536,0.2222222222222222,0,0.7777777777777778
SD-scaled effect size,Foraging guild,Marsh warblers,hh,"Habitat
heterogeneity",1,1,1970s,6,0.05456428449104581,0.02142409122123115,0.05662912657594991,0.022576819367628908,0.3333333333333333,0,0.6666666666666666
SD-scaled effect size,Foraging guild,Marsh warblers,hh,"Habitat
heterogeneity",2,2,1990s,6,0.17240786729673213,0.17143810862224623,0.17240786729673213,0.17143810862224623,0.8333333333333334,0,0.16666666666666666
SD-scaled effect size,Foraging guild,Marsh warblers,hh,"Habitat
heterogeneity",3,3,2010s,6,0.20650129241814838,0.2077625213796191,0.20650129241814838,0.2077625213796191,0.8333333333333334,0,0.16666666666666666
SD-scaled effect size,Foraging guild,Marsh warblers,perc_cropland,Cropland,1,1,1970s,6,0.038292530864728176,0.02014176915890021,0.04958769549894068,0.026874853168860218,0.16666666666666666,0,0.8333333333333334
SD-scaled effect size,Foraging guild,Marsh warblers,perc_cropland,Cropland,2,2,1990s,6,0.1419143680944714,0.10603677764688949,0.1419143680944714,0.10603677764688949,0.5,0,0.5
SD-scaled effect size,Foraging guild,Marsh warblers,perc_cropland,Cropland,3,3,2010s,6,0.15512879291584444,0.16074964892895854,0.19555619206887984,0.19865586850703237,0.5,0.16666666666666666,0.3333333333333333
SD-scaled effect size,Foraging guild,Marsh warblers,perc_forest,Forest,1,1,1970s,6,0.020743633496653223,0.006469446816038089,0.024013690174637274,0.010867320726907112,0,0,1
SD-scaled effect size,Foraging guild,Marsh warblers,perc_forest,Forest,2,2,1990s,6,0.07715121563590668,0.033165687766067806,0.08187164059829594,0.033165687766067806,0.3333333333333333,0,0.6666666666666666
SD-scaled effect size,Foraging guild,Marsh warblers,perc_forest,Forest,3,3,2010s,6,0.026833666641412776,0.010467256380807255,0.10533873797947114,0.10212535087292741,0.16666666666666666,0.3333333333333333,0.5
SD-scaled effect size,Foraging guild,Marsh warblers,perc_grass_shrub,"Grass/
shrubland",1,1,1970s,6,0.05348279894287796,0.06195603920182216,0.05348279894287796,0.06195603920182216,0,0,1
SD-scaled effect size,Foraging guild,Marsh warblers,perc_grass_shrub,"Grass/
shrubland",2,2,1990s,6,0.11263053604922815,0.0975740765071114,0.11263053604922815,0.0975740765071114,0.5,0,0.5
SD-scaled effect size,Foraging guild,Marsh warblers,perc_grass_shrub,"Grass/
shrubland",3,3,2010s,6,-0.0020322224210774925,-0.007191705762920086,0.07793619913673039,0.060720083144310294,0.3333333333333333,0.16666666666666666,0.5
SD-scaled effect size,Foraging guild,Marsh warblers,perc_pasture,Pasture,1,1,1970s,6,0.03684350553994923,0.037212722562218734,0.03705150635547226,0.037212722562218734,0,0,1
SD-scaled effect size,Foraging guild,Marsh warblers,perc_pasture,Pasture,2,2,1990s,6,0.16272723300717573,0.16882296077464776,0.16272723300717573,0.16882296077464776,0.6666666666666666,0,0.3333333333333333
SD-scaled effect size,Foraging guild,Marsh warblers,perc_pasture,Pasture,3,3,2010s,6,0.18098899957885656,0.16873283778719234,0.18098899957885656,0.16873283778719234,0.8333333333333334,0,0.16666666666666666
SD-scaled effect size,Foraging guild,Marsh warblers,perc_urban,Urban,1,1,1970s,6,0.06218220068400396,0.04370302328956336,0.06218220068400396,0.04370302328956336,0.3333333333333333,0,0.6666666666666666
SD-scaled effect size,Foraging guild,Marsh warblers,perc_urban,Urban,2,2,1990s,6,0.18822806368323872,0.21089668866959033,0.18878077671609897,0.21089668866959033,0.8333333333333334,0,0.16666666666666666
SD-scaled effect size,Foraging guild,Marsh warblers,perc_urban,Urban,3,3,2010s,6,0.09062759667417722,0.035370710634815644,0.09501172673715591,0.03672324338084636,0.3333333333333333,0,0.6666666666666666
SD-scaled effect size,Foraging guild,Marsh warblers,prec_breeding,Precipitation,1,1,1970s,6,-0.18148366560872672,-0.21829730994123153,0.23767589542171208,0.21829730994123153,0.16666666666666666,0.6666666666666666,0.16666666666666666
SD-scaled effect size,Foraging guild,Marsh warblers,prec_breeding,Precipitation,2,2,1990s,6,-0.25136524247256775,-0.21143726856252948,0.25136524247256775,0.21143726856252948,0,0.8333333333333334,0.16666666666666666
SD-scaled effect size,Foraging guild,Marsh warblers,prec_breeding,Precipitation,3,3,2010s,6,-0.3149674632998577,-0.3665714875306505,0.3149674632998577,0.3665714875306505,0,0.8333333333333334,0.16666666666666666
SD-scaled effect size,Foraging guild,Marsh warblers,tmean_breeding,Temperature,1,1,1970s,6,0.1626367467663101,0.16821082275532065,0.1626367467663101,0.16821082275532065,0.8333333333333334,0,0.16666666666666666
SD-scaled effect size,Foraging guild,Marsh warblers,tmean_breeding,Temperature,2,2,1990s,6,0.26237391665528303,0.23060492664286866,0.26237391665528303,0.23060492664286866,1,0,0
SD-scaled effect size,Foraging guild,Marsh warblers,tmean_breeding,Temperature,3,3,2010s,6,0.32827203167496893,0.35179111318845235,0.32827203167496893,0.35179111318845235,0.8333333333333334,0,0.16666666666666666
SD-scaled effect size,Foraging guild,Nigthjars,hh,"Habitat
heterogeneity",1,1,1970s,1,1.4454413316486537e-4,1.4454413316486537e-4,1.4454413316486537e-4,1.4454413316486537e-4,0,0,1
SD-scaled effect size,Foraging guild,Nigthjars,hh,"Habitat
heterogeneity",2,2,1990s,1,0.12555781383960185,0.12555781383960185,0.12555781383960185,0.12555781383960185,0,0,1
SD-scaled effect size,Foraging guild,Nigthjars,hh,"Habitat
heterogeneity",3,3,2010s,1,0.2982616610058954,0.2982616610058954,0.2982616610058954,0.2982616610058954,1,0,0
SD-scaled effect size,Foraging guild,Nigthjars,perc_cropland,Cropland,1,1,1970s,1,-0.02356977157941175,-0.02356977157941175,0.02356977157941175,0.02356977157941175,0,0,1
SD-scaled effect size,Foraging guild,Nigthjars,perc_cropland,Cropland,2,2,1990s,1,-0.25226869084956666,-0.25226869084956666,0.25226869084956666,0.25226869084956666,0,1,0
SD-scaled effect size,Foraging guild,Nigthjars,perc_cropland,Cropland,3,3,2010s,1,-0.44833192614090733,-0.44833192614090733,0.44833192614090733,0.44833192614090733,0,1,0
SD-scaled effect size,Foraging guild,Nigthjars,perc_forest,Forest,1,1,1970s,1,0.47190843177952463,0.47190843177952463,0.47190843177952463,0.47190843177952463,1,0,0
SD-scaled effect size,Foraging guild,Nigthjars,perc_forest,Forest,2,2,1990s,1,0.5609743681510817,0.5609743681510817,0.5609743681510817,0.5609743681510817,1,0,0
SD-scaled effect size,Foraging guild,Nigthjars,perc_forest,Forest,3,3,2010s,1,0.5840278700791278,0.5840278700791278,0.5840278700791278,0.5840278700791278,1,0,0
SD-scaled effect size,Foraging guild,Nigthjars,perc_grass_shrub,"Grass/
shrubland",1,1,1970s,1,0.0251936031922084,0.0251936031922084,0.0251936031922084,0.0251936031922084,0,0,1
SD-scaled effect size,Foraging guild,Nigthjars,perc_grass_shrub,"Grass/
shrubland",2,2,1990s,1,3.6156176454492985e-4,3.6156176454492985e-4,3.6156176454492985e-4,3.6156176454492985e-4,0,0,1
SD-scaled effect size,Foraging guild,Nigthjars,perc_grass_shrub,"Grass/
shrubland",3,3,2010s,1,-0.014690024174207365,-0.014690024174207365,0.014690024174207365,0.014690024174207365,0,0,1
SD-scaled effect size,Foraging guild,Nigthjars,perc_pasture,Pasture,1,1,1970s,1,0.12098597165533695,0.12098597165533695,0.12098597165533695,0.12098597165533695,1,0,0
SD-scaled effect size,Foraging guild,Nigthjars,perc_pasture,Pasture,2,2,1990s,1,0.18369604014670735,0.18369604014670735,0.18369604014670735,0.18369604014670735,1,0,0
SD-scaled effect size,Foraging guild,Nigthjars,perc_pasture,Pasture,3,3,2010s,1,0.04890263156737266,0.04890263156737266,0.04890263156737266,0.04890263156737266,0,0,1
SD-scaled effect size,Foraging guild,Nigthjars,perc_urban,Urban,1,1,1970s,1,-0.04273992762706994,-0.04273992762706994,0.04273992762706994,0.04273992762706994,0,0,1
SD-scaled effect size,Foraging guild,Nigthjars,perc_urban,Urban,2,2,1990s,1,-0.001774995627811704,-0.001774995627811704,0.001774995627811704,0.001774995627811704,0,0,1
SD-scaled effect size,Foraging guild,Nigthjars,perc_urban,Urban,3,3,2010s,1,-0.465439969249556,-0.465439969249556,0.465439969249556,0.465439969249556,0,1,0
SD-scaled effect size,Foraging guild,Nigthjars,prec_breeding,Precipitation,1,1,1970s,1,0.19241127084104115,0.19241127084104115,0.19241127084104115,0.19241127084104115,1,0,0
SD-scaled effect size,Foraging guild,Nigthjars,prec_breeding,Precipitation,2,2,1990s,1,0.013952431439874121,0.013952431439874121,0.013952431439874121,0.013952431439874121,0,0,1
SD-scaled effect size,Foraging guild,Nigthjars,prec_breeding,Precipitation,3,3,2010s,1,0.04910745449909778,0.04910745449909778,0.04910745449909778,0.04910745449909778,0,0,1
SD-scaled effect size,Foraging guild,Nigthjars,tmean_breeding,Temperature,1,1,1970s,1,-0.004626115758098884,-0.004626115758098884,0.004626115758098884,0.004626115758098884,0,0,1
SD-scaled effect size,Foraging guild,Nigthjars,tmean_breeding,Temperature,2,2,1990s,1,-0.025360701481097595,-0.025360701481097595,0.025360701481097595,0.025360701481097595,0,0,1
SD-scaled effect size,Foraging guild,Nigthjars,tmean_breeding,Temperature,3,3,2010s,1,7.311922084283636e-5,7.311922084283636e-5,7.311922084283636e-5,7.311922084283636e-5,0,0,1
SD-scaled effect size,Foraging guild,Omnivorous corvids,hh,"Habitat
heterogeneity",1,1,1970s,7,0.037031251515172864,0.02869430679203749,0.07831817958983794,0.03521163269051172,0.14285714285714285,0.14285714285714285,0.7142857142857143
SD-scaled effect size,Foraging guild,Omnivorous corvids,hh,"Habitat
heterogeneity",2,2,1990s,7,0.08549920037361383,0.10165420067825116,0.107241728610568,0.10165420067825116,0.7142857142857143,0,0.2857142857142857
SD-scaled effect size,Foraging guild,Omnivorous corvids,hh,"Habitat
heterogeneity",3,3,2010s,7,0.03257256833932521,0.006827587949913026,0.04956921311767862,0.04326117881180427,0.14285714285714285,0,0.8571428571428571
SD-scaled effect size,Foraging guild,Omnivorous corvids,perc_cropland,Cropland,1,1,1970s,7,0.21943433734968104,0.22065483330857463,0.21943433734968104,0.22065483330857463,0.8571428571428571,0,0.14285714285714285
SD-scaled effect size,Foraging guild,Omnivorous corvids,perc_cropland,Cropland,2,2,1990s,7,0.19696520199327322,0.1933019857823049,0.2111367454411523,0.1933019857823049,0.8571428571428571,0,0.14285714285714285
SD-scaled effect size,Foraging guild,Omnivorous corvids,perc_cropland,Cropland,3,3,2010s,7,0.17625504844340134,0.20072745328691255,0.20074747635171622,0.20072745328691255,0.7142857142857143,0,0.2857142857142857
SD-scaled effect size,Foraging guild,Omnivorous corvids,perc_forest,Forest,1,1,1970s,7,0.1628142660415805,0.21748838460144615,0.20124632740214488,0.21748838460144615,0.7142857142857143,0.14285714285714285,0.14285714285714285
SD-scaled effect size,Foraging guild,Omnivorous corvids,perc_forest,Forest,2,2,1990s,7,0.22669314388146372,0.2377319146317023,0.25641491362464647,0.2377319146317023,0.8571428571428571,0.14285714285714285,0
SD-scaled effect size,Foraging guild,Omnivorous corvids,perc_forest,Forest,3,3,2010s,7,0.10530114976517757,0.14190739545911565,0.17529488671331328,0.14299692953420406,0.5714285714285714,0.14285714285714285,0.2857142857142857
SD-scaled effect size,Foraging guild,Omnivorous corvids,perc_grass_shrub,"Grass/
shrubland",1,1,1970s,7,0.030663682889438066,0.027212489523070666,0.03770388942433497,0.027212489523070666,0.14285714285714285,0,0.8571428571428571
SD-scaled effect size,Foraging guild,Omnivorous corvids,perc_grass_shrub,"Grass/
shrubland",2,2,1990s,7,0.011010132605461813,0.0010670740457315406,0.02150366916361461,0.018089022094658992,0,0,1
SD-scaled effect size,Foraging guild,Omnivorous corvids,perc_grass_shrub,"Grass/
shrubland",3,3,2010s,7,0.02687449651627953,0.019851239115538065,0.03883163096766159,0.028686258551068055,0.2857142857142857,0,0.7142857142857143
SD-scaled effect size,Foraging guild,Omnivorous corvids,perc_pasture,Pasture,1,1,1970s,7,0.06177257926440277,0.07155618841469294,0.067508949875474,0.07155618841469294,0.42857142857142855,0,0.5714285714285714
SD-scaled effect size,Foraging guild,Omnivorous corvids,perc_pasture,Pasture,2,2,1990s,7,0.015676838453899035,0.0207379081137666,0.027833996202315553,0.02693153936525494,0.14285714285714285,0,0.8571428571428571
SD-scaled effect size,Foraging guild,Omnivorous corvids,perc_pasture,Pasture,3,3,2010s,7,0.03753347448319254,0.030674293863028307,0.03988195473173498,0.030674293863028307,0.2857142857142857,0,0.7142857142857143
SD-scaled effect size,Foraging guild,Omnivorous corvids,perc_urban,Urban,1,1,1970s,7,0.1522346981998684,0.17854313548987066,0.20141465483803783,0.17854313548987066,0.5714285714285714,0.14285714285714285,0.2857142857142857
SD-scaled effect size,Foraging guild,Omnivorous corvids,perc_urban,Urban,2,2,1990s,7,0.21680880011494583,0.10136941278025398,0.21720905770095952,0.10136941278025398,0.7142857142857143,0,0.2857142857142857
SD-scaled effect size,Foraging guild,Omnivorous corvids,perc_urban,Urban,3,3,2010s,7,0.35352869768895057,0.2212539666450121,0.3586604417089268,0.2212539666450121,0.7142857142857143,0,0.2857142857142857
SD-scaled effect size,Foraging guild,Omnivorous corvids,prec_breeding,Precipitation,1,1,1970s,7,0.07881656799304138,-0.008395176082883113,0.19057857807663187,0.1263849075147227,0.2857142857142857,0.2857142857142857,0.42857142857142855
SD-scaled effect size,Foraging guild,Omnivorous corvids,prec_breeding,Precipitation,2,2,1990s,7,-0.05605339913208317,-5.842297185481032e-4,0.13351609269563067,0.12888401745065636,0.2857142857142857,0.42857142857142855,0.2857142857142857
SD-scaled effect size,Foraging guild,Omnivorous corvids,prec_breeding,Precipitation,3,3,2010s,7,0.02123389327213777,-0.008130521896673615,0.2124661898498189,0.22324415397933892,0.42857142857142855,0.42857142857142855,0.14285714285714285
SD-scaled effect size,Foraging guild,Omnivorous corvids,tmean_breeding,Temperature,1,1,1970s,7,0.03615216461828196,-0.053066654939698976,0.22170135516518114,0.17875781057662157,0.2857142857142857,0.42857142857142855,0.2857142857142857
SD-scaled effect size,Foraging guild,Omnivorous corvids,tmean_breeding,Temperature,2,2,1990s,7,-0.07793798860264704,-0.22163102944181096,0.3462280695879552,0.23889247806619274,0.14285714285714285,0.7142857142857143,0.14285714285714285
SD-scaled effect size,Foraging guild,Omnivorous corvids,tmean_breeding,Temperature,3,3,2010s,7,-0.04085822467749879,-0.13552573514659522,0.20769875645622704,0.1637395161177909,0.14285714285714285,0.7142857142857143,0.14285714285714285
SD-scaled effect size,Foraging guild,Open-land insectivores,hh,"Habitat
heterogeneity",1,1,1970s,6,0.08865664168183783,0.08426351254659212,0.11484783372681616,0.09578311060798891,0.3333333333333333,0,0.6666666666666666
SD-scaled effect size,Foraging guild,Open-land insectivores,hh,"Habitat
heterogeneity",2,2,1990s,6,0.09571409059932529,0.09273155420416163,0.09788045210404857,0.09273155420416163,0.16666666666666666,0,0.8333333333333334
SD-scaled effect size,Foraging guild,Open-land insectivores,hh,"Habitat
heterogeneity",3,3,2010s,6,0.06014602708190549,0.05295801482243789,0.06019844297979057,0.05295801482243789,0.3333333333333333,0,0.6666666666666666
SD-scaled effect size,Foraging guild,Open-land insectivores,perc_cropland,Cropland,1,1,1970s,6,0.0018752165046954498,-0.028203763053488005,0.0963336029858733,0.05934866208898339,0,0.16666666666666666,0.8333333333333334
SD-scaled effect size,Foraging guild,Open-land insectivores,perc_cropland,Cropland,2,2,1990s,6,0.022845906227662027,0.007159382936851617,0.141227981232256,0.16197388409640742,0.3333333333333333,0.16666666666666666,0.5
SD-scaled effect size,Foraging guild,Open-land insectivores,perc_cropland,Cropland,3,3,2010s,6,0.09832461038145474,0.09150501854638993,0.19108479026978073,0.20580580322892816,0.5,0.16666666666666666,0.3333333333333333
SD-scaled effect size,Foraging guild,Open-land insectivores,perc_forest,Forest,1,1,1970s,6,0.06609415989038472,0.07831642274601129,0.1776405405197228,0.18997093009593052,0.5,0.3333333333333333,0.16666666666666666
SD-scaled effect size,Foraging guild,Open-land insectivores,perc_forest,Forest,2,2,1990s,6,0.09364436272452259,0.08760200775106927,0.21585999341044718,0.1843463812082271,0.5,0.3333333333333333,0.16666666666666666
SD-scaled effect size,Foraging guild,Open-land insectivores,perc_forest,Forest,3,3,2010s,6,0.14542622832246013,0.15841244365698104,0.2801257596660058,0.2607474394203808,0.5,0.3333333333333333,0.16666666666666666
SD-scaled effect size,Foraging guild,Open-land insectivores,perc_grass_shrub,"Grass/
shrubland",1,1,1970s,6,0.020980627858231134,0.022479700564522337,0.023530810775623766,0.022479700564522337,0,0,1
SD-scaled effect size,Foraging guild,Open-land insectivores,perc_grass_shrub,"Grass/
shrubland",2,2,1990s,6,0.00255124336513936,0.004838356537808905,0.06251928352399283,0.05304633226048381,0.16666666666666666,0.16666666666666666,0.6666666666666666
SD-scaled effect size,Foraging guild,Open-land insectivores,perc_grass_shrub,"Grass/
shrubland",3,3,2010s,6,0.08449151999251106,0.06356551267363691,0.09351235363720002,0.06356551267363691,0.3333333333333333,0,0.6666666666666666
SD-scaled effect size,Foraging guild,Open-land insectivores,perc_pasture,Pasture,1,1,1970s,6,0.007366593215303876,0.006824919187138127,0.013087795947133263,0.010000400766906037,0,0,1
SD-scaled effect size,Foraging guild,Open-land insectivores,perc_pasture,Pasture,2,2,1990s,6,0.02580425327666273,0.005705497970303604,0.0562328789162303,0.048436902177214164,0.3333333333333333,0,0.6666666666666666
SD-scaled effect size,Foraging guild,Open-land insectivores,perc_pasture,Pasture,3,3,2010s,6,0.1081362317478758,0.07910290904318862,0.1096614282353599,0.07910290904318862,0.5,0,0.5
SD-scaled effect size,Foraging guild,Open-land insectivores,perc_urban,Urban,1,1,1970s,6,-0.009867080844499124,-0.0030845481779198302,0.0670729370370936,0.07865674421732066,0.16666666666666666,0.16666666666666666,0.6666666666666666
SD-scaled effect size,Foraging guild,Open-land insectivores,perc_urban,Urban,2,2,1990s,6,-0.04669420545506347,-0.04284069718419949,0.11624290780139283,0.13542644667454917,0.16666666666666666,0.5,0.3333333333333333
SD-scaled effect size,Foraging guild,Open-land insectivores,perc_urban,Urban,3,3,2010s,6,-0.030841570295064992,-0.038626066285025365,0.11354266760763207,0.09851994407344081,0.16666666666666666,0.3333333333333333,0.5
SD-scaled effect size,Foraging guild,Open-land insectivores,prec_breeding,Precipitation,1,1,1970s,6,-0.024611020204142017,-0.13781134012445517,0.19879285097589092,0.1972944666455942,0.3333333333333333,0.5,0.16666666666666666
SD-scaled effect size,Foraging guild,Open-land insectivores,prec_breeding,Precipitation,2,2,1990s,6,-0.06555310820338553,-0.08568380746023885,0.10827234781680954,0.14358958390542834,0.16666666666666666,0.3333333333333333,0.5
SD-scaled effect size,Foraging guild,Open-land insectivores,prec_breeding,Precipitation,3,3,2010s,6,-0.12467473291456502,-0.04164178069418832,0.16012257908895888,0.09254658662709311,0.16666666666666666,0.3333333333333333,0.5
SD-scaled effect size,Foraging guild,Open-land insectivores,tmean_breeding,Temperature,1,1,1970s,6,0.1735995076118904,0.13378181902739106,0.1735995076118904,0.13378181902739106,0.5,0,0.5
SD-scaled effect size,Foraging guild,Open-land insectivores,tmean_breeding,Temperature,2,2,1990s,6,0.1387014720207232,0.05041093107479701,0.16237897209731034,0.062206935077744996,0.3333333333333333,0,0.6666666666666666
SD-scaled effect size,Foraging guild,Open-land insectivores,tmean_breeding,Temperature,3,3,2010s,6,0.12530908181607514,0.04809937062291202,0.16994510196988893,0.08301744694117447,0.3333333333333333,0,0.6666666666666666
SD-scaled effect size,Foraging guild,Orioles,hh,"Habitat
heterogeneity",1,1,1970s,1,0.034876988928335996,0.034876988928335996,0.034876988928335996,0.034876988928335996,0,0,1
SD-scaled effect size,Foraging guild,Orioles,hh,"Habitat
heterogeneity",2,2,1990s,1,0.07638823156075478,0.07638823156075478,0.07638823156075478,0.07638823156075478,0,0,1
SD-scaled effect size,Foraging guild,Orioles,hh,"Habitat
heterogeneity",3,3,2010s,1,0.2561892648974765,0.2561892648974765,0.2561892648974765,0.2561892648974765,0,0,1
SD-scaled effect size,Foraging guild,Orioles,perc_cropland,Cropland,1,1,1970s,1,-0.04452954300007507,-0.04452954300007507,0.04452954300007507,0.04452954300007507,0,0,1
SD-scaled effect size,Foraging guild,Orioles,perc_cropland,Cropland,2,2,1990s,1,-0.260379817235141,-0.260379817235141,0.260379817235141,0.260379817235141,0,1,0
SD-scaled effect size,Foraging guild,Orioles,perc_cropland,Cropland,3,3,2010s,1,-0.13435302270935082,-0.13435302270935082,0.13435302270935082,0.13435302270935082,0,0,1
SD-scaled effect size,Foraging guild,Orioles,perc_forest,Forest,1,1,1970s,1,0.02426413048655353,0.02426413048655353,0.02426413048655353,0.02426413048655353,0,0,1
SD-scaled effect size,Foraging guild,Orioles,perc_forest,Forest,2,2,1990s,1,-5.266538726159527e-6,-5.266538726159527e-6,5.266538726159527e-6,5.266538726159527e-6,0,0,1
SD-scaled effect size,Foraging guild,Orioles,perc_forest,Forest,3,3,2010s,1,0.02576145994168982,0.02576145994168982,0.02576145994168982,0.02576145994168982,0,0,1
SD-scaled effect size,Foraging guild,Orioles,perc_grass_shrub,"Grass/
shrubland",1,1,1970s,1,0.002631688378733613,0.002631688378733613,0.002631688378733613,0.002631688378733613,0,0,1
SD-scaled effect size,Foraging guild,Orioles,perc_grass_shrub,"Grass/
shrubland",2,2,1990s,1,0.05398922706184244,0.05398922706184244,0.05398922706184244,0.05398922706184244,0,0,1
SD-scaled effect size,Foraging guild,Orioles,perc_grass_shrub,"Grass/
shrubland",3,3,2010s,1,0.0020581778513123596,0.0020581778513123596,0.0020581778513123596,0.0020581778513123596,0,0,1
SD-scaled effect size,Foraging guild,Orioles,perc_pasture,Pasture,1,1,1970s,1,-0.06375802630900108,-0.06375802630900108,0.06375802630900108,0.06375802630900108,0,0,1
SD-scaled effect size,Foraging guild,Orioles,perc_pasture,Pasture,2,2,1990s,1,-0.3435661904652711,-0.3435661904652711,0.3435661904652711,0.3435661904652711,0,1,0
SD-scaled effect size,Foraging guild,Orioles,perc_pasture,Pasture,3,3,2010s,1,-0.01325756363150107,-0.01325756363150107,0.01325756363150107,0.01325756363150107,0,0,1
SD-scaled effect size,Foraging guild,Orioles,perc_urban,Urban,1,1,1970s,1,-0.2952027255141269,-0.2952027255141269,0.2952027255141269,0.2952027255141269,0,1,0
SD-scaled effect size,Foraging guild,Orioles,perc_urban,Urban,2,2,1990s,1,-0.34461618406204964,-0.34461618406204964,0.34461618406204964,0.34461618406204964,0,1,0
SD-scaled effect size,Foraging guild,Orioles,perc_urban,Urban,3,3,2010s,1,-0.3421514739272015,-0.3421514739272015,0.3421514739272015,0.3421514739272015,0,1,0
SD-scaled effect size,Foraging guild,Orioles,prec_breeding,Precipitation,1,1,1970s,1,-0.1291312258693263,-0.1291312258693263,0.1291312258693263,0.1291312258693263,0,1,0
SD-scaled effect size,Foraging guild,Orioles,prec_breeding,Precipitation,2,2,1990s,1,-0.26125337925384245,-0.26125337925384245,0.26125337925384245,0.26125337925384245,0,1,0
SD-scaled effect size,Foraging guild,Orioles,prec_breeding,Precipitation,3,3,2010s,1,-0.32957774387953565,-0.32957774387953565,0.32957774387953565,0.32957774387953565,0,1,0
SD-scaled effect size,Foraging guild,Orioles,tmean_breeding,Temperature,1,1,1970s,1,0.27547064218735,0.27547064218735,0.27547064218735,0.27547064218735,1,0,0
SD-scaled effect size,Foraging guild,Orioles,tmean_breeding,Temperature,2,2,1990s,1,0.32932728953769136,0.32932728953769136,0.32932728953769136,0.32932728953769136,1,0,0
SD-scaled effect size,Foraging guild,Orioles,tmean_breeding,Temperature,3,3,2010s,1,0.6466508457839387,0.6466508457839387,0.6466508457839387,0.6466508457839387,1,0,0
SD-scaled effect size,Foraging guild,Owls,hh,"Habitat
heterogeneity",1,1,1970s,5,0.019848582169235164,0.001290098835669578,0.023350616181218413,0.008713954746096294,0,0,1
SD-scaled effect size,Foraging guild,Owls,hh,"Habitat
heterogeneity",2,2,1990s,5,0.04477313640672926,0.02411756467006307,0.04533104951712711,0.02411756467006307,0.2,0,0.8
SD-scaled effect size,Foraging guild,Owls,hh,"Habitat
heterogeneity",3,3,2010s,5,0.1390722759662245,0.17190529602705096,0.1390722759662245,0.17190529602705096,0.6,0,0.4
SD-scaled effect size,Foraging guild,Owls,perc_cropland,Cropland,1,1,1970s,5,0.2113314258339746,0.23281736364180583,0.2113314258339746,0.23281736364180583,0.8,0,0.2
SD-scaled effect size,Foraging guild,Owls,perc_cropland,Cropland,2,2,1990s,5,0.13237301536493068,0.10084773415985367,0.16093934444717767,0.10084773415985367,0.4,0,0.6
SD-scaled effect size,Foraging guild,Owls,perc_cropland,Cropland,3,3,2010s,5,0.0474835586844783,0.22413182226074665,0.27314539075080974,0.2545566791530899,0.6,0.2,0.2
SD-scaled effect size,Foraging guild,Owls,perc_forest,Forest,1,1,1970s,5,0.17763681818610685,0.2378998738243846,0.17832122624886473,0.2378998738243846,0.6,0,0.4
SD-scaled effect size,Foraging guild,Owls,perc_forest,Forest,2,2,1990s,5,0.08136202930770878,-0.06406749916649557,0.1877486574445765,0.11795204771976436,0.4,0,0.6
SD-scaled effect size,Foraging guild,Owls,perc_forest,Forest,3,3,2010s,5,-0.007177567755724901,-0.011570038287006543,0.21968403104212791,0.2654157296282036,0.4,0.4,0.2
SD-scaled effect size,Foraging guild,Owls,perc_grass_shrub,"Grass/
shrubland",1,1,1970s,5,0.07675053975085691,0.041634991652001574,0.07675053975085691,0.041634991652001574,0.2,0,0.8
SD-scaled effect size,Foraging guild,Owls,perc_grass_shrub,"Grass/
shrubland",2,2,1990s,5,0.026594050421159986,0.004332396469635363,0.04517864912920745,0.016736221202778512,0.2,0,0.8
SD-scaled effect size,Foraging guild,Owls,perc_grass_shrub,"Grass/
shrubland",3,3,2010s,5,-0.11800817040818325,-0.12856868633354443,0.12495784302901226,0.12856868633354443,0,0.6,0.4
SD-scaled effect size,Foraging guild,Owls,perc_pasture,Pasture,1,1,1970s,5,0.02790146326656826,0.013732737194446934,0.03109128847899878,0.013732737194446934,0.2,0,0.8
SD-scaled effect size,Foraging guild,Owls,perc_pasture,Pasture,2,2,1990s,5,0.07663825292698236,0.0855193442951343,0.07677329347269704,0.0855193442951343,0.4,0,0.6
SD-scaled effect size,Foraging guild,Owls,perc_pasture,Pasture,3,3,2010s,5,-0.0016063176596300952,4.454564266934183e-4,0.04875742846986009,0.05703217389558887,0.2,0,0.8
SD-scaled effect size,Foraging guild,Owls,perc_urban,Urban,1,1,1970s,5,0.07991443895553997,0.02337430844031159,0.10683666191272614,0.06730555739296543,0.4,0,0.6
SD-scaled effect size,Foraging guild,Owls,perc_urban,Urban,2,2,1990s,5,0.06744031178515517,0.07386861633048175,0.0751966509429867,0.07386861633048175,0.4,0,0.6
SD-scaled effect size,Foraging guild,Owls,perc_urban,Urban,3,3,2010s,5,-0.036579137160709624,-0.02983768895326492,0.15634118102142608,0.13467976596991857,0.4,0.2,0.4
SD-scaled effect size,Foraging guild,Owls,prec_breeding,Precipitation,1,1,1970s,5,-0.05446112307904444,5.137434289857894e-4,0.1469445874471525,0.08154835552155808,0.2,0.4,0.4
SD-scaled effect size,Foraging guild,Owls,prec_breeding,Precipitation,2,2,1990s,5,-0.10730051020238773,-0.08079944114007116,0.10730051020238773,0.08079944114007116,0,0.4,0.6
SD-scaled effect size,Foraging guild,Owls,prec_breeding,Precipitation,3,3,2010s,5,-0.003193220163581012,-0.07702154249282561,0.16569472595444315,0.11544336750674368,0.2,0.4,0.4
SD-scaled effect size,Foraging guild,Owls,tmean_breeding,Temperature,1,1,1970s,5,0.19081318028586164,0.18531912895900007,0.19081318028586164,0.18531912895900007,0.8,0,0.2
SD-scaled effect size,Foraging guild,Owls,tmean_breeding,Temperature,2,2,1990s,5,0.061318174944535925,0.021407136296933325,0.1497154806546735,0.17316783991573376,0.4,0.2,0.4
SD-scaled effect size,Foraging guild,Owls,tmean_breeding,Temperature,3,3,2010s,5,0.06053779981790151,0.06086536222881787,0.06053779981790151,0.06086536222881787,0,0,1
SD-scaled effect size,Foraging guild,Passerine seedeaters,hh,"Habitat
heterogeneity",1,1,1970s,12,0.03898101189365284,0.015087516848289,0.05213267436873618,0.03920468495714967,0.16666666666666666,0,0.8333333333333334
SD-scaled effect size,Foraging guild,Passerine seedeaters,hh,"Habitat
heterogeneity",2,2,1990s,12,0.13533504067655344,0.14401233447269407,0.13533504067655344,0.14401233447269407,0.6666666666666666,0,0.3333333333333333
SD-scaled effect size,Foraging guild,Passerine seedeaters,hh,"Habitat
heterogeneity",3,3,2010s,12,0.1172313566621295,0.14308307732281467,0.11745226024633842,0.14308307732281467,0.6666666666666666,0,0.3333333333333333
SD-scaled effect size,Foraging guild,Passerine seedeaters,perc_cropland,Cropland,1,1,1970s,12,0.013523541445758644,0.08546670551321767,0.2539951154841103,0.22816690409059326,0.5,0.3333333333333333,0.16666666666666666
SD-scaled effect size,Foraging guild,Passerine seedeaters,perc_cropland,Cropland,2,2,1990s,12,0.04478040071695297,0.02837443504314188,0.22128553577681392,0.2399922573651621,0.4166666666666667,0.25,0.3333333333333333
SD-scaled effect size,Foraging guild,Passerine seedeaters,perc_cropland,Cropland,3,3,2010s,12,0.029864011621765097,0.039095475827891954,0.1967425224903502,0.17518141459119047,0.5,0.25,0.25
SD-scaled effect size,Foraging guild,Passerine seedeaters,perc_forest,Forest,1,1,1970s,12,0.144591551514214,0.20110135108155447,0.21134900532548065,0.20817150276500052,0.6666666666666666,0,0.3333333333333333
SD-scaled effect size,Foraging guild,Passerine seedeaters,perc_forest,Forest,2,2,1990s,12,0.19697593706571515,0.15048264335527353,0.23366817110589228,0.1816778685439671,0.5833333333333334,0.08333333333333333,0.3333333333333333
SD-scaled effect size,Foraging guild,Passerine seedeaters,perc_forest,Forest,3,3,2010s,12,0.14632126406304405,0.10818685233711015,0.24254852952163894,0.1707467055045066,0.5833333333333334,0.16666666666666666,0.25
SD-scaled effect size,Foraging guild,Passerine seedeaters,perc_grass_shrub,"Grass/
shrubland",1,1,1970s,12,0.009192160060967887,0.0028985411462405996,0.03041515390923264,0.02628617414239371,0.08333333333333333,0,0.9166666666666666
SD-scaled effect size,Foraging guild,Passerine seedeaters,perc_grass_shrub,"Grass/
shrubland",2,2,1990s,12,-0.04531357606181744,-0.022246852664596813,0.06156762600054751,0.04332533612814238,0.08333333333333333,0.25,0.6666666666666666
SD-scaled effect size,Foraging guild,Passerine seedeaters,perc_grass_shrub,"Grass/
shrubland",3,3,2010s,12,-0.04575137699339342,-0.01146772789786202,0.08950647939628328,0.03504567818270169,0.16666666666666666,0.25,0.5833333333333334
SD-scaled effect size,Foraging guild,Passerine seedeaters,perc_pasture,Pasture,1,1,1970s,12,0.026154450257837955,-5.919937176222967e-4,0.032095360792636085,0.011192753848683786,0.08333333333333333,0,0.9166666666666666
SD-scaled effect size,Foraging guild,Passerine seedeaters,perc_pasture,Pasture,2,2,1990s,12,-0.0502611214572433,-0.03714285909752897,0.05533957989252934,0.03714285909752897,0,0.3333333333333333,0.6666666666666666
SD-scaled effect size,Foraging guild,Passerine seedeaters,perc_pasture,Pasture,3,3,2010s,12,0.005448990124346256,-0.0040494871526828785,0.029760794264923077,0.01949515689421339,0.08333333333333333,0,0.9166666666666666
SD-scaled effect size,Foraging guild,Passerine seedeaters,perc_urban,Urban,1,1,1970s,12,0.11803811940298306,0.16330525510904748,0.19550731371263352,0.1841883824172711,0.5833333333333334,0.08333333333333333,0.3333333333333333
SD-scaled effect size,Foraging guild,Passerine seedeaters,perc_urban,Urban,2,2,1990s,12,0.09194184640013042,0.07318756374352342,0.1372890628221655,0.1114429831393933,0.5,0.08333333333333333,0.4166666666666667
SD-scaled effect size,Foraging guild,Passerine seedeaters,perc_urban,Urban,3,3,2010s,12,0.10309609131402775,0.05446857611268445,0.1951419742301988,0.18350621789548666,0.5,0.16666666666666666,0.3333333333333333
SD-scaled effect size,Foraging guild,Passerine seedeaters,prec_breeding,Precipitation,1,1,1970s,12,-0.07668498677145093,-0.0659485891045248,0.1150357050316253,0.09401545836609171,0.08333333333333333,0.4166666666666667,0.5
SD-scaled effect size,Foraging guild,Passerine seedeaters,prec_breeding,Precipitation,2,2,1990s,12,-0.042571613061922434,-0.006962053030519127,0.05756514374074406,0.028726481192761204,0,0.16666666666666666,0.8333333333333334
SD-scaled effect size,Foraging guild,Passerine seedeaters,prec_breeding,Precipitation,3,3,2010s,12,-0.10935808950968956,-0.08026320864984691,0.12231488038152438,0.08170397393843026,0,0.5,0.5
SD-scaled effect size,Foraging guild,Passerine seedeaters,tmean_breeding,Temperature,1,1,1970s,12,-0.01460485774013314,-0.007399063294322716,0.09295957445567911,0.09829602725246006,0.25,0.16666666666666666,0.5833333333333334
SD-scaled effect size,Foraging guild,Passerine seedeaters,tmean_breeding,Temperature,2,2,1990s,12,0.014486044359088382,-0.0045978313833473245,0.07923600974259609,0.0635139512601472,0.08333333333333333,0.08333333333333333,0.8333333333333334
SD-scaled effect size,Foraging guild,Passerine seedeaters,tmean_breeding,Temperature,3,3,2010s,12,0.009171180782535327,0.007888057653849291,0.06412092889372843,0.04241236011325858,0.16666666666666666,0.08333333333333333,0.75
SD-scaled effect size,Foraging guild,Plovers,hh,"Habitat
heterogeneity",1,1,1970s,6,0.39613820487779117,0.46499740776447845,0.39613820487779117,0.46499740776447845,0.8333333333333334,0,0.16666666666666666
SD-scaled effect size,Foraging guild,Plovers,hh,"Habitat
heterogeneity",2,2,1990s,6,0.30052033380726456,0.3137937227989399,0.30052033380726456,0.3137937227989399,1,0,0
SD-scaled effect size,Foraging guild,Plovers,hh,"Habitat
heterogeneity",3,3,2010s,6,0.1999222033494442,0.20233630862567503,0.1999222033494442,0.20233630862567503,0.6666666666666666,0,0.3333333333333333
SD-scaled effect size,Foraging guild,Plovers,perc_cropland,Cropland,1,1,1970s,6,-0.2884893190492712,-0.49123549395887733,0.4916001741205851,0.49123549395887733,0.3333333333333333,0.6666666666666666,0
SD-scaled effect size,Foraging guild,Plovers,perc_cropland,Cropland,2,2,1990s,6,-0.1677608419941346,-0.3361167156606284,0.44270014726148466,0.4276417937250443,0.3333333333333333,0.5,0.16666666666666666
SD-scaled effect size,Foraging guild,Plovers,perc_cropland,Cropland,3,3,2010s,6,-0.21948381555747415,-0.3501273632616456,0.400089076262942,0.3501273632616456,0.3333333333333333,0.6666666666666666,0
SD-scaled effect size,Foraging guild,Plovers,perc_forest,Forest,1,1,1970s,6,-0.275076116553461,-0.43188351093786037,0.35220719979780085,0.43188351093786037,0.16666666666666666,0.6666666666666666,0.16666666666666666
SD-scaled effect size,Foraging guild,Plovers,perc_forest,Forest,2,2,1990s,6,-0.28222392171985006,-0.4400451258787844,0.3686022255958245,0.4400451258787844,0.16666666666666666,0.6666666666666666,0.16666666666666666
SD-scaled effect size,Foraging guild,Plovers,perc_forest,Forest,3,3,2010s,6,-0.2468932878308534,-0.3912469426802058,0.35439576506200915,0.3912469426802058,0.3333333333333333,0.6666666666666666,0
SD-scaled effect size,Foraging guild,Plovers,perc_grass_shrub,"Grass/
shrubland",1,1,1970s,6,-0.15409171945178976,-0.14693073750590868,0.16002150591412265,0.14693073750590868,0,0.5,0.5
SD-scaled effect size,Foraging guild,Plovers,perc_grass_shrub,"Grass/
shrubland",2,2,1990s,6,-0.07967631148209893,-0.031247209192169015,0.12008180773372061,0.06441903796858506,0.16666666666666666,0.3333333333333333,0.5
SD-scaled effect size,Foraging guild,Plovers,perc_grass_shrub,"Grass/
shrubland",3,3,2010s,6,-0.1579484629795609,-0.1712901178886414,0.1765632677915078,0.1712901178886414,0,0.5,0.5
SD-scaled effect size,Foraging guild,Plovers,perc_pasture,Pasture,1,1,1970s,6,0.00957339488296738,0.011577724273772402,0.07920369628211382,0.07212664534226453,0.3333333333333333,0.16666666666666666,0.5
SD-scaled effect size,Foraging guild,Plovers,perc_pasture,Pasture,2,2,1990s,6,-0.020131300593076832,-0.013781921878800351,0.07935601778574544,0.0888370757890029,0.16666666666666666,0.3333333333333333,0.5
SD-scaled effect size,Foraging guild,Plovers,perc_pasture,Pasture,3,3,2010s,6,0.10808450307104468,0.12080830652949462,0.1287443234005816,0.12080830652949462,0.6666666666666666,0,0.3333333333333333
SD-scaled effect size,Foraging guild,Plovers,perc_urban,Urban,1,1,1970s,6,-0.1389474854396,-0.15025254007684372,0.2652774919941595,0.27462620374964325,0.16666666666666666,0.5,0.3333333333333333
SD-scaled effect size,Foraging guild,Plovers,perc_urban,Urban,2,2,1990s,6,-0.09175774297870458,-0.15241300073980765,0.19366493418697134,0.25296479110769493,0.16666666666666666,0.5,0.3333333333333333
SD-scaled effect size,Foraging guild,Plovers,perc_urban,Urban,3,3,2010s,6,0.0032125844303275398,0.029171645070359676,0.1671900292487734,0.16136730119550596,0.3333333333333333,0.3333333333333333,0.3333333333333333
SD-scaled effect size,Foraging guild,Plovers,prec_breeding,Precipitation,1,1,1970s,6,-0.30284457715083213,-0.3508611715114924,0.30284457715083213,0.3508611715114924,0,0.8333333333333334,0.16666666666666666
SD-scaled effect size,Foraging guild,Plovers,prec_breeding,Precipitation,2,2,1990s,6,-0.1951438940101371,-0.2398519752053011,0.2070102266331234,0.2398519752053011,0,0.6666666666666666,0.3333333333333333
SD-scaled effect size,Foraging guild,Plovers,prec_breeding,Precipitation,3,3,2010s,6,-0.19255366898844187,-0.259562264370158,0.24198127610812656,0.259562264370158,0.16666666666666666,0.6666666666666666,0.16666666666666666
SD-scaled effect size,Foraging guild,Plovers,tmean_breeding,Temperature,1,1,1970s,6,0.38796151291975806,0.3761742972751401,0.4146907747235461,0.3761742972751401,0.8333333333333334,0.16666666666666666,0
SD-scaled effect size,Foraging guild,Plovers,tmean_breeding,Temperature,2,2,1990s,6,0.36604068931434675,0.42276501946671347,0.36604068931434675,0.42276501946671347,0.8333333333333334,0,0.16666666666666666
SD-scaled effect size,Foraging guild,Plovers,tmean_breeding,Temperature,3,3,2010s,6,0.27770611936693285,0.2735014461527016,0.2785184883213954,0.2735014461527016,0.6666666666666666,0,0.3333333333333333
SD-scaled effect size,Foraging guild,Rails,hh,"Habitat
heterogeneity",1,1,1970s,5,0.11713445317090419,0.13558488033760946,0.11713445317090419,0.13558488033760946,0.6,0,0.4
SD-scaled effect size,Foraging guild,Rails,hh,"Habitat
heterogeneity",2,2,1990s,5,0.07407349931759616,0.0789282098056634,0.07407349931759616,0.0789282098056634,0.2,0,0.8
SD-scaled effect size,Foraging guild,Rails,hh,"Habitat
heterogeneity",3,3,2010s,5,0.082177441112638,0.08696938054804856,0.08599283578544667,0.08696938054804856,0.4,0,0.6
SD-scaled effect size,Foraging guild,Rails,perc_cropland,Cropland,1,1,1970s,5,0.1603910421242326,0.2011241883179012,0.1693569353142848,0.2011241883179012,0.6,0,0.4
SD-scaled effect size,Foraging guild,Rails,perc_cropland,Cropland,2,2,1990s,5,0.11466022348713663,0.1655317962502838,0.1358431621836289,0.1655317962502838,0.4,0,0.6
SD-scaled effect size,Foraging guild,Rails,perc_cropland,Cropland,3,3,2010s,5,0.17391192034755565,0.19900400045428737,0.17530318146273224,0.19900400045428737,0.6,0,0.4
SD-scaled effect size,Foraging guild,Rails,perc_forest,Forest,1,1,1970s,5,0.06100551606225007,0.11328475858286281,0.10799051086050372,0.11328475858286281,0.6,0,0.4
SD-scaled effect size,Foraging guild,Rails,perc_forest,Forest,2,2,1990s,5,0.1070931902305254,0.16184277517984108,0.10721484345342605,0.16184277517984108,0.6,0,0.4
SD-scaled effect size,Foraging guild,Rails,perc_forest,Forest,3,3,2010s,5,0.09666545005838645,0.09960660858019424,0.09666545005838645,0.09960660858019424,0.6,0,0.4
SD-scaled effect size,Foraging guild,Rails,perc_grass_shrub,"Grass/
shrubland",1,1,1970s,5,0.08803864833865316,0.10169646226124632,0.08803864833865316,0.10169646226124632,0.6,0,0.4
SD-scaled effect size,Foraging guild,Rails,perc_grass_shrub,"Grass/
shrubland",2,2,1990s,5,0.07379926954249676,0.052395004097404316,0.0738115670489532,0.052395004097404316,0.4,0,0.6
SD-scaled effect size,Foraging guild,Rails,perc_grass_shrub,"Grass/
shrubland",3,3,2010s,5,0.04662264937317634,0.042476891598183894,0.04990916557717738,0.042476891598183894,0.2,0,0.8
SD-scaled effect size,Foraging guild,Rails,perc_pasture,Pasture,1,1,1970s,5,0.07415222106600639,0.07753812047498465,0.07415222106600639,0.07753812047498465,0.2,0,0.8
SD-scaled effect size,Foraging guild,Rails,perc_pasture,Pasture,2,2,1990s,5,0.13750949354184597,0.11064056155029872,0.13750949354184597,0.11064056155029872,0.8,0,0.2
SD-scaled effect size,Foraging guild,Rails,perc_pasture,Pasture,3,3,2010s,5,0.15390968126318108,0.19637102500223277,0.16574853140604762,0.19637102500223277,0.8,0,0.2
SD-scaled effect size,Foraging guild,Rails,perc_urban,Urban,1,1,1970s,5,0.09808649714365954,0.12889228647686507,0.09808649714365954,0.12889228647686507,0.6,0,0.4
SD-scaled effect size,Foraging guild,Rails,perc_urban,Urban,2,2,1990s,5,0.12787078702106794,0.11207457291471723,0.1461708642219483,0.11207457291471723,0.6,0,0.4
SD-scaled effect size,Foraging guild,Rails,perc_urban,Urban,3,3,2010s,5,0.19499223442651079,0.1368489784744843,0.19499223442651079,0.1368489784744843,1,0,0
SD-scaled effect size,Foraging guild,Rails,prec_breeding,Precipitation,1,1,1970s,5,-0.1866768176027416,-0.15137376841107572,0.18668361572898876,0.15137376841107572,0,0.8,0.2
SD-scaled effect size,Foraging guild,Rails,prec_breeding,Precipitation,2,2,1990s,5,-0.19471961627593426,-0.18003393214866806,0.19471961627593426,0.18003393214866806,0,0.8,0.2
SD-scaled effect size,Foraging guild,Rails,prec_breeding,Precipitation,3,3,2010s,5,-0.20239983851891594,-0.19698073616249717,0.20239983851891594,0.19698073616249717,0,0.8,0.2
SD-scaled effect size,Foraging guild,Rails,tmean_breeding,Temperature,1,1,1970s,5,0.03267210545896914,-6.163016756169947e-4,0.04119454723705202,0.012825203210531861,0.2,0,0.8
SD-scaled effect size,Foraging guild,Rails,tmean_breeding,Temperature,2,2,1990s,5,0.027285302603690956,0.00875066862953275,0.04507750816597833,0.02801147727786771,0.2,0,0.8
SD-scaled effect size,Foraging guild,Rails,tmean_breeding,Temperature,3,3,2010s,5,0.15420142996633268,0.17099166603109248,0.15420142996633268,0.17099166603109248,0.8,0,0.2
SD-scaled effect size,Foraging guild,Reedlings,hh,"Habitat
heterogeneity",1,1,1970s,1,0.12633485548638088,0.12633485548638088,0.12633485548638088,0.12633485548638088,0,0,1
SD-scaled effect size,Foraging guild,Reedlings,hh,"Habitat
heterogeneity",2,2,1990s,1,0.3288074991727321,0.3288074991727321,0.3288074991727321,0.3288074991727321,1,0,0
SD-scaled effect size,Foraging guild,Reedlings,hh,"Habitat
heterogeneity",3,3,2010s,1,0.31347060460702364,0.31347060460702364,0.31347060460702364,0.31347060460702364,1,0,0
SD-scaled effect size,Foraging guild,Reedlings,perc_cropland,Cropland,1,1,1970s,1,4.5686052773077496e-5,4.5686052773077496e-5,4.5686052773077496e-5,4.5686052773077496e-5,0,0,1
SD-scaled effect size,Foraging guild,Reedlings,perc_cropland,Cropland,2,2,1990s,1,-0.30135702852656204,-0.30135702852656204,0.30135702852656204,0.30135702852656204,0,1,0
SD-scaled effect size,Foraging guild,Reedlings,perc_cropland,Cropland,3,3,2010s,1,-0.15231887638067557,-0.15231887638067557,0.15231887638067557,0.15231887638067557,0,1,0
SD-scaled effect size,Foraging guild,Reedlings,perc_forest,Forest,1,1,1970s,1,0.007515147939142701,0.007515147939142701,0.007515147939142701,0.007515147939142701,0,0,1
SD-scaled effect size,Foraging guild,Reedlings,perc_forest,Forest,2,2,1990s,1,-0.18065975653135294,-0.18065975653135294,0.18065975653135294,0.18065975653135294,0,1,0
SD-scaled effect size,Foraging guild,Reedlings,perc_forest,Forest,3,3,2010s,1,-0.27520502975085687,-0.27520502975085687,0.27520502975085687,0.27520502975085687,0,1,0
SD-scaled effect size,Foraging guild,Reedlings,perc_grass_shrub,"Grass/
shrubland",1,1,1970s,1,0.0853780273828976,0.0853780273828976,0.0853780273828976,0.0853780273828976,0,0,1
SD-scaled effect size,Foraging guild,Reedlings,perc_grass_shrub,"Grass/
shrubland",2,2,1990s,1,-0.030999454327013436,-0.030999454327013436,0.030999454327013436,0.030999454327013436,0,0,1
SD-scaled effect size,Foraging guild,Reedlings,perc_grass_shrub,"Grass/
shrubland",3,3,2010s,1,-0.031270466986131236,-0.031270466986131236,0.031270466986131236,0.031270466986131236,0,0,1
SD-scaled effect size,Foraging guild,Reedlings,perc_pasture,Pasture,1,1,1970s,1,0.17886672945629492,0.17886672945629492,0.17886672945629492,0.17886672945629492,1,0,0
SD-scaled effect size,Foraging guild,Reedlings,perc_pasture,Pasture,2,2,1990s,1,0.1736659074337619,0.1736659074337619,0.1736659074337619,0.1736659074337619,1,0,0
SD-scaled effect size,Foraging guild,Reedlings,perc_pasture,Pasture,3,3,2010s,1,0.2452031821314437,0.2452031821314437,0.2452031821314437,0.2452031821314437,1,0,0
SD-scaled effect size,Foraging guild,Reedlings,perc_urban,Urban,1,1,1970s,1,0.10327394629563624,0.10327394629563624,0.10327394629563624,0.10327394629563624,0,0,1
SD-scaled effect size,Foraging guild,Reedlings,perc_urban,Urban,2,2,1990s,1,0.009907354725521993,0.009907354725521993,0.009907354725521993,0.009907354725521993,0,0,1
SD-scaled effect size,Foraging guild,Reedlings,perc_urban,Urban,3,3,2010s,1,0.0021248976400940413,0.0021248976400940413,0.0021248976400940413,0.0021248976400940413,0,0,1
SD-scaled effect size,Foraging guild,Reedlings,prec_breeding,Precipitation,1,1,1970s,1,-0.009962147332186502,-0.009962147332186502,0.009962147332186502,0.009962147332186502,0,0,1
SD-scaled effect size,Foraging guild,Reedlings,prec_breeding,Precipitation,2,2,1990s,1,-0.2350820494332593,-0.2350820494332593,0.2350820494332593,0.2350820494332593,0,1,0
SD-scaled effect size,Foraging guild,Reedlings,prec_breeding,Precipitation,3,3,2010s,1,-0.48892250202800996,-0.48892250202800996,0.48892250202800996,0.48892250202800996,0,1,0
SD-scaled effect size,Foraging guild,Reedlings,tmean_breeding,Temperature,1,1,1970s,1,0.5175637941461539,0.5175637941461539,0.5175637941461539,0.5175637941461539,1,0,0
SD-scaled effect size,Foraging guild,Reedlings,tmean_breeding,Temperature,2,2,1990s,1,0.26896597887802975,0.26896597887802975,0.26896597887802975,0.26896597887802975,1,0,0
SD-scaled effect size,Foraging guild,Reedlings,tmean_breeding,Temperature,3,3,2010s,1,0.6399640015552502,0.6399640015552502,0.6399640015552502,0.6399640015552502,1,0,0
SD-scaled effect size,Foraging guild,Scolopacids,hh,"Habitat
heterogeneity",1,1,1970s,9,0.11482944993320357,0.12305805928380426,0.14778255526626063,0.12305805928380426,0.4444444444444444,0,0.5555555555555556
SD-scaled effect size,Foraging guild,Scolopacids,hh,"Habitat
heterogeneity",2,2,1990s,9,0.09180942169605698,0.04224127264610294,0.09954408829831592,0.04224127264610294,0.3333333333333333,0,0.6666666666666666
SD-scaled effect size,Foraging guild,Scolopacids,hh,"Habitat
heterogeneity",3,3,2010s,9,0.033374844743107555,0.0324220920896544,0.055646200461051336,0.044638766884649884,0.1111111111111111,0,0.8888888888888888
SD-scaled effect size,Foraging guild,Scolopacids,perc_cropland,Cropland,1,1,1970s,9,-0.013306144937692808,5.244056520957282e-5,0.15275353632414645,0.15504414236196343,0.1111111111111111,0.3333333333333333,0.5555555555555556
SD-scaled effect size,Foraging guild,Scolopacids,perc_cropland,Cropland,2,2,1990s,9,-0.14843444832156383,-0.09087424542891573,0.1744200614837328,0.09087424542891573,0,0.4444444444444444,0.5555555555555556
SD-scaled effect size,Foraging guild,Scolopacids,perc_cropland,Cropland,3,3,2010s,9,-0.3403785588025522,-0.35082909164827714,0.34383181518959305,0.35082909164827714,0,0.7777777777777778,0.2222222222222222
SD-scaled effect size,Foraging guild,Scolopacids,perc_forest,Forest,1,1,1970s,9,0.06661136804547453,0.05556103475133484,0.2684407975862162,0.2665993278762372,0.4444444444444444,0.3333333333333333,0.2222222222222222
SD-scaled effect size,Foraging guild,Scolopacids,perc_forest,Forest,2,2,1990s,9,-0.014402081213372789,4.345221144154685e-4,0.2722419983673384,0.274613551526796,0.3333333333333333,0.3333333333333333,0.3333333333333333
SD-scaled effect size,Foraging guild,Scolopacids,perc_forest,Forest,3,3,2010s,9,0.07714941060258639,0.02546266685870096,0.2811281910115964,0.2861143253071418,0.4444444444444444,0.2222222222222222,0.3333333333333333
SD-scaled effect size,Foraging guild,Scolopacids,perc_grass_shrub,"Grass/
shrubland",1,1,1970s,9,0.09221176911670614,0.12475947956115326,0.11870428477582283,0.12475947956115326,0.4444444444444444,0.1111111111111111,0.4444444444444444
SD-scaled effect size,Foraging guild,Scolopacids,perc_grass_shrub,"Grass/
shrubland",2,2,1990s,9,0.09568627348385386,0.05951726548840468,0.1114961230844571,0.0708941313063621,0.4444444444444444,0,0.5555555555555556
SD-scaled effect size,Foraging guild,Scolopacids,perc_grass_shrub,"Grass/
shrubland",3,3,2010s,9,0.04326188724931877,0.01697403465033816,0.0751458836312574,0.022384019554481337,0.2222222222222222,0.1111111111111111,0.6666666666666666
SD-scaled effect size,Foraging guild,Scolopacids,perc_pasture,Pasture,1,1,1970s,9,0.17298950726117637,0.17966542440547006,0.17298950726117637,0.17966542440547006,0.7777777777777778,0,0.2222222222222222
SD-scaled effect size,Foraging guild,Scolopacids,perc_pasture,Pasture,2,2,1990s,9,0.1558046311675098,0.1727470728449249,0.1558046311675098,0.1727470728449249,0.6666666666666666,0,0.3333333333333333
SD-scaled effect size,Foraging guild,Scolopacids,perc_pasture,Pasture,3,3,2010s,9,0.234560360430253,0.2630669683789528,0.234560360430253,0.2630669683789528,0.7777777777777778,0,0.2222222222222222
SD-scaled effect size,Foraging guild,Scolopacids,perc_urban,Urban,1,1,1970s,9,-0.17430572618219298,-0.17807222376980955,0.17430572618219298,0.17807222376980955,0,0.6666666666666666,0.3333333333333333
SD-scaled effect size,Foraging guild,Scolopacids,perc_urban,Urban,2,2,1990s,9,-0.22162550362312317,-0.22906581601570336,0.22162550362312317,0.22906581601570336,0,0.7777777777777778,0.2222222222222222
SD-scaled effect size,Foraging guild,Scolopacids,perc_urban,Urban,3,3,2010s,9,-0.23938389369115617,-0.29984770083503737,0.2423769707566001,0.29984770083503737,0,0.6666666666666666,0.3333333333333333
SD-scaled effect size,Foraging guild,Scolopacids,prec_breeding,Precipitation,1,1,1970s,9,-0.054708052083390614,-0.10031930784041246,0.24630238512894348,0.21383880417640763,0.2222222222222222,0.5555555555555556,0.2222222222222222
SD-scaled effect size,Foraging guild,Scolopacids,prec_breeding,Precipitation,2,2,1990s,9,-0.05341645610939409,-0.006919783459138892,0.12136632143067028,0.09681283678458184,0.1111111111111111,0.2222222222222222,0.6666666666666666
SD-scaled effect size,Foraging guild,Scolopacids,prec_breeding,Precipitation,3,3,2010s,9,-0.152804407001584,-0.10588180333401417,0.17852773172312064,0.11575496124691492,0,0.2222222222222222,0.7777777777777778
SD-scaled effect size,Foraging guild,Scolopacids,tmean_breeding,Temperature,1,1,1970s,9,0.29372167363545665,0.29206060722496757,0.3867412500581049,0.29206060722496757,0.7777777777777778,0.2222222222222222,0
SD-scaled effect size,Foraging guild,Scolopacids,tmean_breeding,Temperature,2,2,1990s,9,0.20927331696225848,0.14127988633935162,0.29640400427498365,0.20827602402075499,0.5555555555555556,0.2222222222222222,0.2222222222222222
SD-scaled effect size,Foraging guild,Scolopacids,tmean_breeding,Temperature,3,3,2010s,9,0.17820568694942224,0.1532594752801735,0.20381574580415107,0.1532594752801735,0.3333333333333333,0,0.6666666666666666
SD-scaled effect size,Foraging guild,Shrikes,hh,"Habitat
heterogeneity",1,1,1970s,2,0.09453963869896981,0.09453963869896981,0.09453963869896981,0.09453963869896981,0.5,0,0.5
SD-scaled effect size,Foraging guild,Shrikes,hh,"Habitat
heterogeneity",2,2,1990s,2,0.02622623966811946,0.02622623966811946,0.0656180071784669,0.0656180071784669,0.5,0,0.5
SD-scaled effect size,Foraging guild,Shrikes,hh,"Habitat
heterogeneity",3,3,2010s,2,0.2794782978999871,0.2794782978999871,0.2794782978999871,0.2794782978999871,1,0,0
SD-scaled effect size,Foraging guild,Shrikes,perc_cropland,Cropland,1,1,1970s,2,0.10128268287832023,0.10128268287832023,0.10128268287832023,0.10128268287832023,0,0,1
SD-scaled effect size,Foraging guild,Shrikes,perc_cropland,Cropland,2,2,1990s,2,-0.06318834032740997,-0.06318834032740997,0.06318834032740997,0.06318834032740997,0,0,1
SD-scaled effect size,Foraging guild,Shrikes,perc_cropland,Cropland,3,3,2010s,2,-0.03794642398552142,-0.03794642398552142,0.03794642398552142,0.03794642398552142,0,0,1
SD-scaled effect size,Foraging guild,Shrikes,perc_forest,Forest,1,1,1970s,2,0.31398563029499993,0.31398563029499993,0.31398563029499993,0.31398563029499993,1,0,0
SD-scaled effect size,Foraging guild,Shrikes,perc_forest,Forest,2,2,1990s,2,0.3036811221437711,0.3036811221437711,0.3036811221437711,0.3036811221437711,1,0,0
SD-scaled effect size,Foraging guild,Shrikes,perc_forest,Forest,3,3,2010s,2,0.40277334085760613,0.40277334085760613,0.40277334085760613,0.40277334085760613,1,0,0
SD-scaled effect size,Foraging guild,Shrikes,perc_grass_shrub,"Grass/
shrubland",1,1,1970s,2,0.03768609759090953,0.03768609759090953,0.03768609759090953,0.03768609759090953,0,0,1
SD-scaled effect size,Foraging guild,Shrikes,perc_grass_shrub,"Grass/
shrubland",2,2,1990s,2,0.24288400864544707,0.24288400864544707,0.24288400864544707,0.24288400864544707,1,0,0
SD-scaled effect size,Foraging guild,Shrikes,perc_grass_shrub,"Grass/
shrubland",3,3,2010s,2,-0.004085707766126569,-0.004085707766126569,0.017109826230093075,0.017109826230093075,0,0,1
SD-scaled effect size,Foraging guild,Shrikes,perc_pasture,Pasture,1,1,1970s,2,0.1007247616007296,0.1007247616007296,0.1007247616007296,0.1007247616007296,1,0,0
SD-scaled effect size,Foraging guild,Shrikes,perc_pasture,Pasture,2,2,1990s,2,0.07767226645124839,0.07767226645124839,0.07767226645124839,0.07767226645124839,0.5,0,0.5
SD-scaled effect size,Foraging guild,Shrikes,perc_pasture,Pasture,3,3,2010s,2,0.10640068939688463,0.10640068939688463,0.10640068939688463,0.10640068939688463,0.5,0,0.5
SD-scaled effect size,Foraging guild,Shrikes,perc_urban,Urban,1,1,1970s,2,-0.1085822966692457,-0.1085822966692457,0.1085822966692457,0.1085822966692457,0,0.5,0.5
SD-scaled effect size,Foraging guild,Shrikes,perc_urban,Urban,2,2,1990s,2,-0.18535134768192107,-0.18535134768192107,0.18535134768192107,0.18535134768192107,0,0.5,0.5
SD-scaled effect size,Foraging guild,Shrikes,perc_urban,Urban,3,3,2010s,2,-0.16480696460850575,-0.16480696460850575,0.16480696460850575,0.16480696460850575,0,0.5,0.5
SD-scaled effect size,Foraging guild,Shrikes,prec_breeding,Precipitation,1,1,1970s,2,0.11179248221433742,0.11179248221433742,0.34721626070766165,0.34721626070766165,0.5,0.5,0
SD-scaled effect size,Foraging guild,Shrikes,prec_breeding,Precipitation,2,2,1990s,2,0.0017646922009031084,0.0017646922009031084,0.049481821165027834,0.049481821165027834,0,0,1
SD-scaled effect size,Foraging guild,Shrikes,prec_breeding,Precipitation,3,3,2010s,2,-0.050378828957097554,-0.050378828957097554,0.050378828957097554,0.050378828957097554,0,0,1
SD-scaled effect size,Foraging guild,Shrikes,tmean_breeding,Temperature,1,1,1970s,2,0.08903522643034183,0.08903522643034183,0.20791763462667415,0.20791763462667415,0.5,0.5,0
SD-scaled effect size,Foraging guild,Shrikes,tmean_breeding,Temperature,2,2,1990s,2,0.05961097268175071,0.05961097268175071,0.05961097268175071,0.05961097268175071,0,0,1
SD-scaled effect size,Foraging guild,Shrikes,tmean_breeding,Temperature,3,3,2010s,2,0.06425545720701943,0.06425545720701943,0.07734771561746194,0.07734771561746194,0.5,0,0.5
SD-scaled effect size,Foraging guild,Starlings,hh,"Habitat
heterogeneity",1,1,1970s,1,-0.10257333921247788,-0.10257333921247788,0.10257333921247788,0.10257333921247788,0,0,1
SD-scaled effect size,Foraging guild,Starlings,hh,"Habitat
heterogeneity",2,2,1990s,1,0.014903747116284593,0.014903747116284593,0.014903747116284593,0.014903747116284593,0,0,1
SD-scaled effect size,Foraging guild,Starlings,hh,"Habitat
heterogeneity",3,3,2010s,1,-0.010650532999081605,-0.010650532999081605,0.010650532999081605,0.010650532999081605,0,0,1
SD-scaled effect size,Foraging guild,Starlings,perc_cropland,Cropland,1,1,1970s,1,0.2619631426060943,0.2619631426060943,0.2619631426060943,0.2619631426060943,1,0,0
SD-scaled effect size,Foraging guild,Starlings,perc_cropland,Cropland,2,2,1990s,1,0.1695859783661064,0.1695859783661064,0.1695859783661064,0.1695859783661064,0,0,1
SD-scaled effect size,Foraging guild,Starlings,perc_cropland,Cropland,3,3,2010s,1,0.02096679265863373,0.02096679265863373,0.02096679265863373,0.02096679265863373,0,0,1
SD-scaled effect size,Foraging guild,Starlings,perc_forest,Forest,1,1,1970s,1,0.09625490962064917,0.09625490962064917,0.09625490962064917,0.09625490962064917,0,0,1
SD-scaled effect size,Foraging guild,Starlings,perc_forest,Forest,2,2,1990s,1,0.3987594958136543,0.3987594958136543,0.3987594958136543,0.3987594958136543,1,0,0
SD-scaled effect size,Foraging guild,Starlings,perc_forest,Forest,3,3,2010s,1,-0.019261190453724503,-0.019261190453724503,0.019261190453724503,0.019261190453724503,0,0,1
SD-scaled effect size,Foraging guild,Starlings,perc_grass_shrub,"Grass/
shrubland",1,1,1970s,1,0.06109235469853123,0.06109235469853123,0.06109235469853123,0.06109235469853123,0,0,1
SD-scaled effect size,Foraging guild,Starlings,perc_grass_shrub,"Grass/
shrubland",2,2,1990s,1,-0.06067734054679621,-0.06067734054679621,0.06067734054679621,0.06067734054679621,0,0,1
SD-scaled effect size,Foraging guild,Starlings,perc_grass_shrub,"Grass/
shrubland",3,3,2010s,1,0.1792578333914932,0.1792578333914932,0.1792578333914932,0.1792578333914932,1,0,0
SD-scaled effect size,Foraging guild,Starlings,perc_pasture,Pasture,1,1,1970s,1,0.09178319057698857,0.09178319057698857,0.09178319057698857,0.09178319057698857,0,0,1
SD-scaled effect size,Foraging guild,Starlings,perc_pasture,Pasture,2,2,1990s,1,-0.0452629804790461,-0.0452629804790461,0.0452629804790461,0.0452629804790461,0,0,1
SD-scaled effect size,Foraging guild,Starlings,perc_pasture,Pasture,3,3,2010s,1,0.008987682516382463,0.008987682516382463,0.008987682516382463,0.008987682516382463,0,0,1
SD-scaled effect size,Foraging guild,Starlings,perc_urban,Urban,1,1,1970s,1,0.4935269755636403,0.4935269755636403,0.4935269755636403,0.4935269755636403,1,0,0
SD-scaled effect size,Foraging guild,Starlings,perc_urban,Urban,2,2,1990s,1,0.13401576086594297,0.13401576086594297,0.13401576086594297,0.13401576086594297,0,0,1
SD-scaled effect size,Foraging guild,Starlings,perc_urban,Urban,3,3,2010s,1,0.28721964791687427,0.28721964791687427,0.28721964791687427,0.28721964791687427,1,0,0
SD-scaled effect size,Foraging guild,Starlings,prec_breeding,Precipitation,1,1,1970s,1,-0.00115657212243004,-0.00115657212243004,0.00115657212243004,0.00115657212243004,0,0,1
SD-scaled effect size,Foraging guild,Starlings,prec_breeding,Precipitation,2,2,1990s,1,-0.01070474753574876,-0.01070474753574876,0.01070474753574876,0.01070474753574876,0,0,1
SD-scaled effect size,Foraging guild,Starlings,prec_breeding,Precipitation,3,3,2010s,1,0.3087074100930492,0.3087074100930492,0.3087074100930492,0.3087074100930492,1,0,0
SD-scaled effect size,Foraging guild,Starlings,tmean_breeding,Temperature,1,1,1970s,1,0.0033075763799196712,0.0033075763799196712,0.0033075763799196712,0.0033075763799196712,0,0,1
SD-scaled effect size,Foraging guild,Starlings,tmean_breeding,Temperature,2,2,1990s,1,-0.09883942438289259,-0.09883942438289259,0.09883942438289259,0.09883942438289259,0,0,1
SD-scaled effect size,Foraging guild,Starlings,tmean_breeding,Temperature,3,3,2010s,1,-0.012763541979561683,-0.012763541979561683,0.012763541979561683,0.012763541979561683,0,0,1
SD-scaled effect size,Foraging guild,Terns,hh,"Habitat
heterogeneity",1,1,1970s,5,0.2958855469721666,0.33419676205530574,0.2958855469721666,0.33419676205530574,0.8,0,0.2
SD-scaled effect size,Foraging guild,Terns,hh,"Habitat
heterogeneity",2,2,1990s,5,0.2041584251588805,0.2531316806863026,0.2041584251588805,0.2531316806863026,0.6,0,0.4
SD-scaled effect size,Foraging guild,Terns,hh,"Habitat
heterogeneity",3,3,2010s,5,0.2087144194442679,0.1640641437195989,0.2087144194442679,0.1640641437195989,0.6,0,0.4
SD-scaled effect size,Foraging guild,Terns,perc_cropland,Cropland,1,1,1970s,5,-0.48205435864917956,-0.5456768751347505,0.5096759694792592,0.5456768751347505,0,0.8,0.2
SD-scaled effect size,Foraging guild,Terns,perc_cropland,Cropland,2,2,1990s,5,-0.4109472637833266,-0.3296984776855889,0.48334316990178494,0.3296984776855889,0,0.8,0.2
SD-scaled effect size,Foraging guild,Terns,perc_cropland,Cropland,3,3,2010s,5,-0.388035971938915,-0.37467307320444415,0.388035971938915,0.37467307320444415,0,0.6,0.4
SD-scaled effect size,Foraging guild,Terns,perc_forest,Forest,1,1,1970s,5,-0.28561854824341754,-0.20863026893430434,0.28561854824341754,0.20863026893430434,0,0.8,0.2
SD-scaled effect size,Foraging guild,Terns,perc_forest,Forest,2,2,1990s,5,-0.39638353440352025,-0.44639785074279653,0.39638353440352025,0.44639785074279653,0,0.6,0.4
SD-scaled effect size,Foraging guild,Terns,perc_forest,Forest,3,3,2010s,5,-0.37251573838074953,-0.3549809152245519,0.37251573838074953,0.3549809152245519,0,0.6,0.4
SD-scaled effect size,Foraging guild,Terns,perc_grass_shrub,"Grass/
shrubland",1,1,1970s,5,-0.047701199004869806,-0.01735757458590255,0.07683781660577682,0.07284154400226753,0,0.2,0.8
SD-scaled effect size,Foraging guild,Terns,perc_grass_shrub,"Grass/
shrubland",2,2,1990s,5,-0.015261689232935072,-0.04264526269983932,0.06892997415637382,0.055959371822735415,0,0,1
SD-scaled effect size,Foraging guild,Terns,perc_grass_shrub,"Grass/
shrubland",3,3,2010s,5,-0.08838128858350264,-0.07632808473048534,0.08838128858350264,0.07632808473048534,0,0.2,0.8
SD-scaled effect size,Foraging guild,Terns,perc_pasture,Pasture,1,1,1970s,5,-0.03762058380024304,-0.03103864568550476,0.04902685577161172,0.03103864568550476,0,0.2,0.8
SD-scaled effect size,Foraging guild,Terns,perc_pasture,Pasture,2,2,1990s,5,0.006630332209344089,-0.0012385595367401085,0.0963209670052953,0.11694874982814919,0.4,0,0.6
SD-scaled effect size,Foraging guild,Terns,perc_pasture,Pasture,3,3,2010s,5,0.1332701161603971,0.11024711706120824,0.1332701161603971,0.11024711706120824,0.6,0,0.4
SD-scaled effect size,Foraging guild,Terns,perc_urban,Urban,1,1,1970s,5,-0.24493122156072622,-0.27050328614351987,0.2498518282811443,0.27050328614351987,0,0.8,0.2
SD-scaled effect size,Foraging guild,Terns,perc_urban,Urban,2,2,1990s,5,-0.19130353097713504,-0.21041473300678215,0.19596302797772597,0.21041473300678215,0,0.6,0.4
SD-scaled effect size,Foraging guild,Terns,perc_urban,Urban,3,3,2010s,5,-0.20026657164572156,-0.2516317956454082,0.20239390736408125,0.2516317956454082,0,0.6,0.4
SD-scaled effect size,Foraging guild,Terns,prec_breeding,Precipitation,1,1,1970s,5,-0.08423757266526608,-0.0868562406888917,0.1486444561193688,0.16101720863525681,0.2,0.4,0.4
SD-scaled effect size,Foraging guild,Terns,prec_breeding,Precipitation,2,2,1990s,5,-0.2408314826036747,-0.21812355144365433,0.2408314826036747,0.21812355144365433,0,0.6,0.4
SD-scaled effect size,Foraging guild,Terns,prec_breeding,Precipitation,3,3,2010s,5,-0.3170954029334126,-0.32560083751467206,0.3170954029334126,0.32560083751467206,0,0.6,0.4
SD-scaled effect size,Foraging guild,Terns,tmean_breeding,Temperature,1,1,1970s,5,0.3485584767960888,0.3457354253387837,0.3485584767960888,0.3457354253387837,1,0,0
SD-scaled effect size,Foraging guild,Terns,tmean_breeding,Temperature,2,2,1990s,5,0.2363248238253865,0.14962805476651247,0.2363248238253865,0.14962805476651247,0.4,0,0.6
SD-scaled effect size,Foraging guild,Terns,tmean_breeding,Temperature,3,3,2010s,5,0.3062853029907986,0.33890779630690415,0.3062853029907986,0.33890779630690415,0.8,0,0.2
SD-scaled effect size,Foraging guild,Thrushes,hh,"Habitat
heterogeneity",1,1,1970s,4,0.01689048897477312,0.01582691644382429,0.01689048897477312,0.01582691644382429,0,0,1
SD-scaled effect size,Foraging guild,Thrushes,hh,"Habitat
heterogeneity",2,2,1990s,4,0.14131546421402408,0.14395315841429068,0.14131546421402408,0.14395315841429068,0.5,0,0.5
SD-scaled effect size,Foraging guild,Thrushes,hh,"Habitat
heterogeneity",3,3,2010s,4,0.03942311079114981,0.04193825998793682,0.07260729292657606,0.07512244212336307,0.25,0,0.75
SD-scaled effect size,Foraging guild,Thrushes,perc_cropland,Cropland,1,1,1970s,4,0.18814546170480156,0.16078903918467696,0.21766865566324858,0.17502514719230666,0.5,0,0.5
SD-scaled effect size,Foraging guild,Thrushes,perc_cropland,Cropland,2,2,1990s,4,0.21627076878474444,0.2067373376582935,0.21627076878474444,0.2067373376582935,1,0,0
SD-scaled effect size,Foraging guild,Thrushes,perc_cropland,Cropland,3,3,2010s,4,0.3203560264884098,0.2723212223032946,0.3203560264884098,0.2723212223032946,0.75,0,0.25
SD-scaled effect size,Foraging guild,Thrushes,perc_forest,Forest,1,1,1970s,4,0.33528751140986346,0.42687049180437897,0.33543005195558073,0.42687049180437897,0.75,0,0.25
SD-scaled effect size,Foraging guild,Thrushes,perc_forest,Forest,2,2,1990s,4,0.41806410321323384,0.4886775901493947,0.41806410321323384,0.4886775901493947,1,0,0
SD-scaled effect size,Foraging guild,Thrushes,perc_forest,Forest,3,3,2010s,4,0.5017247335900115,0.5793537969409157,0.5017247335900115,0.5793537969409157,1,0,0
SD-scaled effect size,Foraging guild,Thrushes,perc_grass_shrub,"Grass/
shrubland",1,1,1970s,4,0.030012747540907693,0.025548746104203858,0.030012747540907693,0.025548746104203858,0,0,1
SD-scaled effect size,Foraging guild,Thrushes,perc_grass_shrub,"Grass/
shrubland",2,2,1990s,4,0.05164536016026192,0.04490445412760269,0.05164536016026192,0.04490445412760269,0,0,1
SD-scaled effect size,Foraging guild,Thrushes,perc_grass_shrub,"Grass/
shrubland",3,3,2010s,4,0.13332268663728564,0.15214466647593516,0.13332268663728564,0.15214466647593516,0.5,0,0.5
SD-scaled effect size,Foraging guild,Thrushes,perc_pasture,Pasture,1,1,1970s,4,0.007821259679659623,-0.001112031937153245,0.025431930708993543,0.01761067102933392,0,0,1
SD-scaled effect size,Foraging guild,Thrushes,perc_pasture,Pasture,2,2,1990s,4,0.035735140262013076,0.03412098260583758,0.053674585016674645,0.05206042736049915,0.5,0,0.5
SD-scaled effect size,Foraging guild,Thrushes,perc_pasture,Pasture,3,3,2010s,4,0.12121281987228341,0.12236697710482555,0.12121281987228341,0.12236697710482555,0.5,0,0.5
SD-scaled effect size,Foraging guild,Thrushes,perc_urban,Urban,1,1,1970s,4,0.14469365409925633,0.12723188109205857,0.16192096900298353,0.14445919599578577,0.5,0,0.5
SD-scaled effect size,Foraging guild,Thrushes,perc_urban,Urban,2,2,1990s,4,0.08209520038097219,0.07219540327756,0.08209520038097219,0.07219540327756,0.25,0,0.75
SD-scaled effect size,Foraging guild,Thrushes,perc_urban,Urban,3,3,2010s,4,0.23022093595211807,0.19584960112347977,0.2306390641962578,0.19584960112347977,0.5,0,0.5
SD-scaled effect size,Foraging guild,Thrushes,prec_breeding,Precipitation,1,1,1970s,4,-0.017955413967507453,-0.07364273831238818,0.13365157290037605,0.14025855072207266,0.25,0,0.75
SD-scaled effect size,Foraging guild,Thrushes,prec_breeding,Precipitation,2,2,1990s,4,-0.06838463689305146,-0.1177624949507663,0.12769866149862596,0.12176515471194929,0.25,0.25,0.5
SD-scaled effect size,Foraging guild,Thrushes,prec_breeding,Precipitation,3,3,2010s,4,-0.025050804872827445,-0.09883462270313192,0.1860370737162262,0.183749609199257,0.25,0.25,0.5
SD-scaled effect size,Foraging guild,Thrushes,tmean_breeding,Temperature,1,1,1970s,4,0.020019819466188297,0.0233742374964412,0.07267437074562891,0.0760287887758818,0.25,0,0.75
SD-scaled effect size,Foraging guild,Thrushes,tmean_breeding,Temperature,2,2,1990s,4,-0.16718113118379913,-0.18816332273234826,0.23265793947315647,0.2536401310217056,0.25,0.5,0.25
SD-scaled effect size,Foraging guild,Thrushes,tmean_breeding,Temperature,3,3,2010s,4,-0.07561453240125392,-0.055244291926075564,0.11513710540317725,0.09476686492799889,0,0.25,0.75
SD-scaled effect size,Foraging guild,Tit-like birds,hh,"Habitat
heterogeneity",1,1,1970s,12,0.08254065721033418,0.08345594220003735,0.09347254026949961,0.08345594220003735,0.4166666666666667,0,0.5833333333333334
SD-scaled effect size,Foraging guild,Tit-like birds,hh,"Habitat
heterogeneity",2,2,1990s,12,0.23251682067231866,0.22109337860230305,0.23251682067231866,0.22109337860230305,1,0,0
SD-scaled effect size,Foraging guild,Tit-like birds,hh,"Habitat
heterogeneity",3,3,2010s,12,0.1178796971738456,0.1204317040440612,0.1178796971738456,0.1204317040440612,0.6666666666666666,0,0.3333333333333333
SD-scaled effect size,Foraging guild,Tit-like birds,perc_cropland,Cropland,1,1,1970s,12,0.14925399722943727,0.11973651293258958,0.149736927990609,0.11973651293258958,0.5,0,0.5
SD-scaled effect size,Foraging guild,Tit-like birds,perc_cropland,Cropland,2,2,1990s,12,0.18241219859449864,0.17929676465969557,0.18241219859449864,0.17929676465969557,0.5833333333333334,0,0.4166666666666667
SD-scaled effect size,Foraging guild,Tit-like birds,perc_cropland,Cropland,3,3,2010s,12,0.18341352192573201,0.15111368799138397,0.18475857998752307,0.15111368799138397,0.5833333333333334,0,0.4166666666666667
SD-scaled effect size,Foraging guild,Tit-like birds,perc_forest,Forest,1,1,1970s,12,0.31521120126543317,0.3473638039325062,0.31773102753202936,0.3473638039325062,0.8333333333333334,0,0.16666666666666666
SD-scaled effect size,Foraging guild,Tit-like birds,perc_forest,Forest,2,2,1990s,12,0.39769817355843995,0.432726384243798,0.39769817355843995,0.432726384243798,0.9166666666666666,0,0.08333333333333333
SD-scaled effect size,Foraging guild,Tit-like birds,perc_forest,Forest,3,3,2010s,12,0.4644561151931726,0.48786750174877214,0.4644561151931726,0.48786750174877214,1,0,0
SD-scaled effect size,Foraging guild,Tit-like birds,perc_grass_shrub,"Grass/
shrubland",1,1,1970s,12,0.014109813946489544,0.01719355101932126,0.03286811731323878,0.03556178296829299,0,0,1
SD-scaled effect size,Foraging guild,Tit-like birds,perc_grass_shrub,"Grass/
shrubland",2,2,1990s,12,0.04872480247517578,0.01607947244686484,0.05885446019654928,0.031755115248489015,0.25,0,0.75
SD-scaled effect size,Foraging guild,Tit-like birds,perc_grass_shrub,"Grass/
shrubland",3,3,2010s,12,0.06571484589642723,0.08420622801775882,0.08636972511621287,0.08820460845666504,0.4166666666666667,0.08333333333333333,0.5
SD-scaled effect size,Foraging guild,Tit-like birds,perc_pasture,Pasture,1,1,1970s,12,0.01826352739856197,0.004351583071676096,0.028398850804913382,0.012615904679378575,0.08333333333333333,0,0.9166666666666666
SD-scaled effect size,Foraging guild,Tit-like birds,perc_pasture,Pasture,2,2,1990s,12,-0.04168813607552839,-0.03717868954079623,0.07537709036754922,0.04671402161159885,0.08333333333333333,0.25,0.6666666666666666
SD-scaled effect size,Foraging guild,Tit-like birds,perc_pasture,Pasture,3,3,2010s,12,0.024442738273860683,0.008220269856400113,0.04332340387950171,0.033458314623210236,0.16666666666666666,0,0.8333333333333334
SD-scaled effect size,Foraging guild,Tit-like birds,perc_urban,Urban,1,1,1970s,12,0.10879570715475322,0.06349625037025033,0.11512330575192194,0.06349625037025033,0.4166666666666667,0,0.5833333333333334
SD-scaled effect size,Foraging guild,Tit-like birds,perc_urban,Urban,2,2,1990s,12,0.13075979976042573,0.1460396361970608,0.1505523568195861,0.1460396361970608,0.6666666666666666,0,0.3333333333333333
SD-scaled effect size,Foraging guild,Tit-like birds,perc_urban,Urban,3,3,2010s,12,0.17867049172720129,0.2211543078964732,0.20358220856982995,0.2211543078964732,0.6666666666666666,0.08333333333333333,0.25
SD-scaled effect size,Foraging guild,Tit-like birds,prec_breeding,Precipitation,1,1,1970s,12,-0.022492426999630888,-0.04025952491755863,0.15661910270267207,0.1260422049356103,0.16666666666666666,0.3333333333333333,0.5
SD-scaled effect size,Foraging guild,Tit-like birds,prec_breeding,Precipitation,2,2,1990s,12,-0.08942838831961233,-0.08482696939918771,0.09045641200486808,0.08482696939918771,0,0.3333333333333333,0.6666666666666666
SD-scaled effect size,Foraging guild,Tit-like birds,prec_breeding,Precipitation,3,3,2010s,12,-0.07281067697697996,-0.06269410637084662,0.12946387238038728,0.10366978342316638,0.08333333333333333,0.4166666666666667,0.5
SD-scaled effect size,Foraging guild,Tit-like birds,tmean_breeding,Temperature,1,1,1970s,12,0.0022961689712091686,-0.017497225957354083,0.1450089233372392,0.11866990781066061,0.25,0.3333333333333333,0.4166666666666667
SD-scaled effect size,Foraging guild,Tit-like birds,tmean_breeding,Temperature,2,2,1990s,12,0.0858333345939797,0.0057048480366416205,0.18976734818498572,0.06718948379469528,0.16666666666666666,0.25,0.5833333333333334
SD-scaled effect size,Foraging guild,Tit-like birds,tmean_breeding,Temperature,3,3,2010s,12,0.08563655642726009,0.026866053717776818,0.1075144352888315,0.04868554205121824,0.3333333333333333,0,0.6666666666666666
SD-scaled effect size,Foraging guild,Wading birds,hh,"Habitat
heterogeneity",1,1,1970s,2,0.15553165459597057,0.15553165459597057,0.15553165459597057,0.15553165459597057,0.5,0,0.5
SD-scaled effect size,Foraging guild,Wading birds,hh,"Habitat
heterogeneity",2,2,1990s,2,0.199697358139568,0.199697358139568,0.199697358139568,0.199697358139568,1,0,0
SD-scaled effect size,Foraging guild,Wading birds,hh,"Habitat
heterogeneity",3,3,2010s,2,0.1879359798646073,0.1879359798646073,0.1879359798646073,0.1879359798646073,1,0,0
SD-scaled effect size,Foraging guild,Wading birds,perc_cropland,Cropland,1,1,1970s,2,0.002129449874382359,0.002129449874382359,0.002129449874382359,0.002129449874382359,0,0,1
SD-scaled effect size,Foraging guild,Wading birds,perc_cropland,Cropland,2,2,1990s,2,0.012899637943328646,0.012899637943328646,0.012899637943328646,0.012899637943328646,0,0,1
SD-scaled effect size,Foraging guild,Wading birds,perc_cropland,Cropland,3,3,2010s,2,-0.026443900189336348,-0.026443900189336348,0.026556180118052806,0.026556180118052806,0,0,1
SD-scaled effect size,Foraging guild,Wading birds,perc_forest,Forest,1,1,1970s,2,0.08081572949489632,0.08081572949489632,0.08081572949489632,0.08081572949489632,0.5,0,0.5
SD-scaled effect size,Foraging guild,Wading birds,perc_forest,Forest,2,2,1990s,2,0.05414710178219074,0.05414710178219074,0.05414710178219074,0.05414710178219074,0,0,1
SD-scaled effect size,Foraging guild,Wading birds,perc_forest,Forest,3,3,2010s,2,0.040271209676783146,0.040271209676783146,0.048903144312603036,0.048903144312603036,0,0,1
SD-scaled effect size,Foraging guild,Wading birds,perc_grass_shrub,"Grass/
shrubland",1,1,1970s,2,0.04939526052653731,0.04939526052653731,0.04939526052653731,0.04939526052653731,0,0,1
SD-scaled effect size,Foraging guild,Wading birds,perc_grass_shrub,"Grass/
shrubland",2,2,1990s,2,0.08776567743869537,0.08776567743869537,0.08776567743869537,0.08776567743869537,0.5,0,0.5
SD-scaled effect size,Foraging guild,Wading birds,perc_grass_shrub,"Grass/
shrubland",3,3,2010s,2,0.0031073433695838443,0.0031073433695838443,0.0031280447341586665,0.0031280447341586665,0,0,1
SD-scaled effect size,Foraging guild,Wading birds,perc_pasture,Pasture,1,1,1970s,2,0.021560306115361333,0.021560306115361333,0.0951187493302529,0.0951187493302529,0,0,1
SD-scaled effect size,Foraging guild,Wading birds,perc_pasture,Pasture,2,2,1990s,2,0.11192272942369672,0.11192272942369672,0.11192272942369672,0.11192272942369672,0.5,0,0.5
SD-scaled effect size,Foraging guild,Wading birds,perc_pasture,Pasture,3,3,2010s,2,0.2260496549524229,0.2260496549524229,0.2260496549524229,0.2260496549524229,0.5,0,0.5
SD-scaled effect size,Foraging guild,Wading birds,perc_urban,Urban,1,1,1970s,2,-0.18315536275146962,-0.18315536275146962,0.18315536275146962,0.18315536275146962,0,1,0
SD-scaled effect size,Foraging guild,Wading birds,perc_urban,Urban,2,2,1990s,2,-0.07911381079132035,-0.07911381079132035,0.07911381079132035,0.07911381079132035,0,0,1
SD-scaled effect size,Foraging guild,Wading birds,perc_urban,Urban,3,3,2010s,2,0.001207002779231514,0.001207002779231514,0.001207002779231514,0.001207002779231514,0,0,1
SD-scaled effect size,Foraging guild,Wading birds,prec_breeding,Precipitation,1,1,1970s,2,0.01321497139386793,0.01321497139386793,0.1664740985855423,0.1664740985855423,0,0.5,0.5
SD-scaled effect size,Foraging guild,Wading birds,prec_breeding,Precipitation,2,2,1990s,2,-0.15227024377932907,-0.15227024377932907,0.15227024377932907,0.15227024377932907,0,1,0
SD-scaled effect size,Foraging guild,Wading birds,prec_breeding,Precipitation,3,3,2010s,2,-0.15285375801573015,-0.15285375801573015,0.15285375801573015,0.15285375801573015,0,0.5,0.5
SD-scaled effect size,Foraging guild,Wading birds,tmean_breeding,Temperature,1,1,1970s,2,0.45288093638956023,0.45288093638956023,0.45288093638956023,0.45288093638956023,1,0,0
SD-scaled effect size,Foraging guild,Wading birds,tmean_breeding,Temperature,2,2,1990s,2,0.2974068989576869,0.2974068989576869,0.2974068989576869,0.2974068989576869,1,0,0
SD-scaled effect size,Foraging guild,Wading birds,tmean_breeding,Temperature,3,3,2010s,2,0.24239022765971224,0.24239022765971224,0.24239022765971224,0.24239022765971224,1,0,0
SD-scaled effect size,Foraging guild,Woodpeckers,hh,"Habitat
heterogeneity",1,1,1970s,5,0.1453347445169967,0.10830850441896632,0.1453347445169967,0.10830850441896632,0.4,0,0.6
SD-scaled effect size,Foraging guild,Woodpeckers,hh,"Habitat
heterogeneity",2,2,1990s,5,0.22274084857863444,0.21052620612972,0.22274084857863444,0.21052620612972,1,0,0
SD-scaled effect size,Foraging guild,Woodpeckers,hh,"Habitat
heterogeneity",3,3,2010s,5,0.1331781765613303,0.10778574918600288,0.1331781765613303,0.10778574918600288,0.6,0,0.4
SD-scaled effect size,Foraging guild,Woodpeckers,perc_cropland,Cropland,1,1,1970s,5,-0.07673372650791052,-0.1682932030886617,0.22172562957536623,0.21151805998513595,0.2,0.6,0.2
SD-scaled effect size,Foraging guild,Woodpeckers,perc_cropland,Cropland,2,2,1990s,5,0.008279772901701659,0.001685994793844634,0.041673410769974766,0.03333463443363969,0,0,1
SD-scaled effect size,Foraging guild,Woodpeckers,perc_cropland,Cropland,3,3,2010s,5,0.014990330996331928,0.008346955812759762,0.10350933508045532,0.03668207638166072,0.2,0.2,0.6
SD-scaled effect size,Foraging guild,Woodpeckers,perc_forest,Forest,1,1,1970s,5,0.4567328764526298,0.4993398798831317,0.4567328764526298,0.4993398798831317,1,0,0
SD-scaled effect size,Foraging guild,Woodpeckers,perc_forest,Forest,2,2,1990s,5,0.5122838922991511,0.5165282934469358,0.5122838922991511,0.5165282934469358,1,0,0
SD-scaled effect size,Foraging guild,Woodpeckers,perc_forest,Forest,3,3,2010s,5,0.49749606832722604,0.46543954383205577,0.49749606832722604,0.46543954383205577,1,0,0
SD-scaled effect size,Foraging guild,Woodpeckers,perc_grass_shrub,"Grass/
shrubland",1,1,1970s,5,0.008233406322751744,-9.024582242911154e-4,0.027484874035976183,0.03117369288924036,0,0,1
SD-scaled effect size,Foraging guild,Woodpeckers,perc_grass_shrub,"Grass/
shrubland",2,2,1990s,5,0.06234719617455678,0.01726443544088905,0.06234719617455678,0.01726443544088905,0.4,0,0.6
SD-scaled effect size,Foraging guild,Woodpeckers,perc_grass_shrub,"Grass/
shrubland",3,3,2010s,5,0.0719744960278671,0.036805818627884894,0.0719744960278671,0.036805818627884894,0.2,0,0.8
SD-scaled effect size,Foraging guild,Woodpeckers,perc_pasture,Pasture,1,1,1970s,5,-0.015591649138435849,6.286322514174167e-4,0.040332979686058874,0.05481562492074748,0,0,1
SD-scaled effect size,Foraging guild,Woodpeckers,perc_pasture,Pasture,2,2,1990s,5,-0.04463152931494706,-0.015244273691722465,0.04463152931494706,0.015244273691722465,0,0,1
SD-scaled effect size,Foraging guild,Woodpeckers,perc_pasture,Pasture,3,3,2010s,5,0.01416632667509055,3.535175595421226e-4,0.06576391861170869,0.0879805410861906,0.2,0.2,0.6
SD-scaled effect size,Foraging guild,Woodpeckers,perc_urban,Urban,1,1,1970s,5,0.0357880509973385,-0.00949245024085239,0.06859487654638625,0.05131098337969298,0.2,0,0.8
SD-scaled effect size,Foraging guild,Woodpeckers,perc_urban,Urban,2,2,1990s,5,0.030341268659992635,0.0032243358420288794,0.0685787290674211,0.07586455928111654,0.2,0,0.8
SD-scaled effect size,Foraging guild,Woodpeckers,perc_urban,Urban,3,3,2010s,5,0.04157511745640357,0.01554557321688695,0.13368151686662486,0.20573048411209038,0.4,0.2,0.4
SD-scaled effect size,Foraging guild,Woodpeckers,prec_breeding,Precipitation,1,1,1970s,5,0.08375268724758597,0.027960515786952536,0.08375268724758597,0.027960515786952536,0.2,0,0.8
SD-scaled effect size,Foraging guild,Woodpeckers,prec_breeding,Precipitation,2,2,1990s,5,-0.12643423986347485,-0.15789781920157253,0.1321401953192699,0.15789781920157253,0,0.4,0.6
SD-scaled effect size,Foraging guild,Woodpeckers,prec_breeding,Precipitation,3,3,2010s,5,0.09105837733048439,0.16630934189157617,0.15795393341993266,0.1672388902236207,0.6,0.2,0.2
SD-scaled effect size,Foraging guild,Woodpeckers,tmean_breeding,Temperature,1,1,1970s,5,-0.16628615296236154,-0.10206617325548067,0.17638432616311503,0.10206617325548067,0,0.4,0.6
SD-scaled effect size,Foraging guild,Woodpeckers,tmean_breeding,Temperature,2,2,1990s,5,-0.13261642792475786,-0.03938253164530175,0.13261642792475786,0.03938253164530175,0,0.4,0.6
SD-scaled effect size,Foraging guild,Woodpeckers,tmean_breeding,Temperature,3,3,2010s,5,0.02820083551672497,-1.3732953206474345e-4,0.03976146204894952,0.012152432349959181,0.2,0,0.8
SD-scaled effect size,Migratory strategy,long-distance,hh,"Habitat
heterogeneity",1,1,1970s,44,0.07156729139939674,0.04119654178279711,0.09561342703220638,0.07823613678642422,0.3409090909090909,0.045454545454545456,0.6136363636363636
SD-scaled effect size,Migratory strategy,long-distance,hh,"Habitat
heterogeneity",2,2,1990s,44,0.13511045669915647,0.12680462644392027,0.13524400145969906,0.12680462644392027,0.5909090909090909,0,0.4090909090909091
SD-scaled effect size,Migratory strategy,long-distance,hh,"Habitat
heterogeneity",3,3,2010s,44,0.11387628481347495,0.12064520203711177,0.12472195573361695,0.12064520203711177,0.45454545454545453,0.022727272727272728,0.5227272727272727
SD-scaled effect size,Migratory strategy,long-distance,perc_cropland,Cropland,1,1,1970s,44,-2.7178629920532327e-4,0.02744738340577372,0.1708196460958607,0.14238469440823542,0.3181818181818182,0.1590909090909091,0.5227272727272727
SD-scaled effect size,Migratory strategy,long-distance,perc_cropland,Cropland,2,2,1990s,44,0.04937499170466113,0.041221512163965454,0.20529043456484936,0.172316005043484,0.36363636363636365,0.20454545454545456,0.4318181818181818
SD-scaled effect size,Migratory strategy,long-distance,perc_cropland,Cropland,3,3,2010s,44,0.006421556294014272,0.03491611674780663,0.22476258243479236,0.2107164493249472,0.3181818181818182,0.25,0.4318181818181818
SD-scaled effect size,Migratory strategy,long-distance,perc_forest,Forest,1,1,1970s,44,0.05542137043489983,0.05003643983342815,0.17660629326041488,0.15543034409100032,0.38636363636363635,0.1590909090909091,0.45454545454545453
SD-scaled effect size,Migratory strategy,long-distance,perc_forest,Forest,2,2,1990s,44,0.07632025860781022,0.04287788648413528,0.20567316299323402,0.16359436425502188,0.4090909090909091,0.13636363636363635,0.45454545454545453
SD-scaled effect size,Migratory strategy,long-distance,perc_forest,Forest,3,3,2010s,44,0.08055114082510008,0.04009416196635057,0.22256358770221332,0.1875513092146881,0.4318181818181818,0.20454545454545456,0.36363636363636365
SD-scaled effect size,Migratory strategy,long-distance,perc_grass_shrub,"Grass/
shrubland",1,1,1970s,44,0.038687782462587715,0.02501466050466546,0.05681453225721899,0.04459735153781055,0.20454545454545456,0.022727272727272728,0.7727272727272727
SD-scaled effect size,Migratory strategy,long-distance,perc_grass_shrub,"Grass/
shrubland",2,2,1990s,44,0.04050321777857128,0.019223549188574746,0.07577173896203203,0.053211845735145875,0.22727272727272727,0.06818181818181818,0.7045454545454546
SD-scaled effect size,Migratory strategy,long-distance,perc_grass_shrub,"Grass/
shrubland",3,3,2010s,44,0.01920442312693185,6.797092102289192e-5,0.08432206836351953,0.06258606777260367,0.25,0.13636363636363635,0.6136363636363636
SD-scaled effect size,Migratory strategy,long-distance,perc_pasture,Pasture,1,1,1970s,44,0.039140170372646915,0.027699585023222444,0.06350746955523909,0.04251718001345407,0.20454545454545456,0.06818181818181818,0.7272727272727273
SD-scaled effect size,Migratory strategy,long-distance,perc_pasture,Pasture,2,2,1990s,44,0.06635895043804846,0.07895177607836207,0.12059712744348625,0.10579621574890696,0.5,0.09090909090909091,0.4090909090909091
SD-scaled effect size,Migratory strategy,long-distance,perc_pasture,Pasture,3,3,2010s,44,0.12890984549859139,0.10535681160495343,0.1417219494654804,0.11027111512036944,0.5681818181818182,0.022727272727272728,0.4090909090909091
SD-scaled effect size,Migratory strategy,long-distance,perc_urban,Urban,1,1,1970s,44,0.004445007014816598,0.013132868622946376,0.13687335715958357,0.11096003976723322,0.3181818181818182,0.22727272727272727,0.45454545454545453
SD-scaled effect size,Migratory strategy,long-distance,perc_urban,Urban,2,2,1990s,44,0.01030061638369889,0.00952030023416494,0.14911764605082345,0.11790921941319005,0.3409090909090909,0.25,0.4090909090909091
SD-scaled effect size,Migratory strategy,long-distance,perc_urban,Urban,3,3,2010s,44,-0.020351239104179353,5.18526255253775e-4,0.1676970119412041,0.14381229482950622,0.3181818181818182,0.29545454545454547,0.38636363636363635
SD-scaled effect size,Migratory strategy,long-distance,prec_breeding,Precipitation,1,1,1970s,44,-0.09244461144808101,-0.07886928709418448,0.16342639385034446,0.15018127732481568,0.11363636363636363,0.4772727272727273,0.4090909090909091
SD-scaled effect size,Migratory strategy,long-distance,prec_breeding,Precipitation,2,2,1990s,44,-0.10727295122310242,-0.09774006549311645,0.13353971853117805,0.12114673015058408,0.045454545454545456,0.45454545454545453,0.5
SD-scaled effect size,Migratory strategy,long-distance,prec_breeding,Precipitation,3,3,2010s,44,-0.1677229435814744,-0.1835578009365682,0.2141048010339577,0.19334878020339902,0.06818181818181818,0.5,0.4318181818181818
SD-scaled effect size,Migratory strategy,long-distance,tmean_breeding,Temperature,1,1,1970s,44,0.14611834848419986,0.09660771980289709,0.20975108819649682,0.13061429414587794,0.5681818181818182,0.1590909090909091,0.2727272727272727
SD-scaled effect size,Migratory strategy,long-distance,tmean_breeding,Temperature,2,2,1990s,44,0.14820568808274687,0.10318258120610367,0.1984752273597424,0.13545839455066516,0.5,0.13636363636363635,0.36363636363636365
SD-scaled effect size,Migratory strategy,long-distance,tmean_breeding,Temperature,3,3,2010s,44,0.20285593349828973,0.16499904270993443,0.217494698294722,0.16499904270993443,0.5227272727272727,0.022727272727272728,0.45454545454545453
SD-scaled effect size,Migratory strategy,sedentary,hh,"Habitat
heterogeneity",1,1,1970s,35,0.06362518248871313,0.035908123011443895,0.07568224362779968,0.05684172469110679,0.2571428571428571,0.02857142857142857,0.7142857142857143
SD-scaled effect size,Migratory strategy,sedentary,hh,"Habitat
heterogeneity",2,2,1990s,35,0.15224325301275013,0.16395410682025055,0.15892241867650336,0.16395410682025055,0.7428571428571429,0,0.2571428571428571
SD-scaled effect size,Migratory strategy,sedentary,hh,"Habitat
heterogeneity",3,3,2010s,35,0.11724562520575307,0.11605619579879523,0.11798136290586518,0.11605619579879523,0.5714285714285714,0,0.42857142857142855
SD-scaled effect size,Migratory strategy,sedentary,perc_cropland,Cropland,1,1,1970s,35,0.21180781393818934,0.20141890389757838,0.22389456022305426,0.21151805998513595,0.6857142857142857,0.02857142857142857,0.2857142857142857
SD-scaled effect size,Migratory strategy,sedentary,perc_cropland,Cropland,2,2,1990s,35,0.18553582643950967,0.17853810343170068,0.21559017428549074,0.1933019857823049,0.6,0.02857142857142857,0.37142857142857144
SD-scaled effect size,Migratory strategy,sedentary,perc_cropland,Cropland,3,3,2010s,35,0.22765307188864775,0.2526306500068381,0.24381309968479076,0.2526306500068381,0.7142857142857143,0.02857142857142857,0.2571428571428571
SD-scaled effect size,Migratory strategy,sedentary,perc_forest,Forest,1,1,1970s,35,0.28679396003007945,0.31322968470942497,0.29457814488258627,0.31322968470942497,0.8285714285714286,0.02857142857142857,0.14285714285714285
SD-scaled effect size,Migratory strategy,sedentary,perc_forest,Forest,2,2,1990s,35,0.3063117136437496,0.320200398030563,0.3357975056796311,0.320200398030563,0.7428571428571429,0.08571428571428572,0.17142857142857143
SD-scaled effect size,Migratory strategy,sedentary,perc_forest,Forest,3,3,2010s,35,0.28446647247364465,0.34251321516315864,0.33809970539802536,0.34251321516315864,0.6857142857142857,0.11428571428571428,0.2
SD-scaled effect size,Migratory strategy,sedentary,perc_grass_shrub,"Grass/
shrubland",1,1,1970s,35,0.03305152961008818,0.02658124132148833,0.041074790105968,0.030584613271315484,0.11428571428571428,0,0.8857142857142857
SD-scaled effect size,Migratory strategy,sedentary,perc_grass_shrub,"Grass/
shrubland",2,2,1990s,35,0.04356941519268473,0.004883297231240238,0.06284220340528104,0.02738410251490773,0.2,0.02857142857142857,0.7714285714285715
SD-scaled effect size,Migratory strategy,sedentary,perc_grass_shrub,"Grass/
shrubland",3,3,2010s,35,0.044371781629651164,0.028686258551068055,0.07377157092820687,0.03461931853651286,0.2571428571428571,0.05714285714285714,0.6857142857142857
SD-scaled effect size,Migratory strategy,sedentary,perc_pasture,Pasture,1,1,1970s,35,0.0305229083621247,0.009254219718833648,0.05287197377368786,0.0231213534110191,0.22857142857142856,0.02857142857142857,0.7428571428571429
SD-scaled effect size,Migratory strategy,sedentary,perc_pasture,Pasture,2,2,1990s,35,0.004768897578049676,-3.3760136428670706e-4,0.05362389412361516,0.03135278165894856,0.14285714285714285,0.11428571428571428,0.7428571428571429
SD-scaled effect size,Migratory strategy,sedentary,perc_pasture,Pasture,3,3,2010s,35,0.019944764254139585,0.003694252143532285,0.0529371188234737,0.03681909152147371,0.22857142857142856,0.05714285714285714,0.7142857142857143
SD-scaled effect size,Migratory strategy,sedentary,perc_urban,Urban,1,1,1970s,35,0.14255082899024904,0.15247152333929923,0.16289363879816093,0.15247152333929923,0.5428571428571428,0.02857142857142857,0.42857142857142855
SD-scaled effect size,Migratory strategy,sedentary,perc_urban,Urban,2,2,1990s,35,0.1310467541208211,0.11976817256615381,0.1469155395946139,0.12919772289376313,0.5714285714285714,0,0.42857142857142855
SD-scaled effect size,Migratory strategy,sedentary,perc_urban,Urban,3,3,2010s,35,0.2068851992510605,0.20573048411209038,0.22117115220435268,0.20573048411209038,0.6571428571428571,0,0.34285714285714286
SD-scaled effect size,Migratory strategy,sedentary,prec_breeding,Precipitation,1,1,1970s,35,0.018651336961451274,-0.009962147332186502,0.15934305097499715,0.12449310163056489,0.22857142857142856,0.2857142857142857,0.4857142857142857
SD-scaled effect size,Migratory strategy,sedentary,prec_breeding,Precipitation,2,2,1990s,35,-0.08421775036193406,-0.09423064710389975,0.11116052641811326,0.11412705451656828,0.08571428571428572,0.42857142857142855,0.4857142857142857
SD-scaled effect size,Migratory strategy,sedentary,prec_breeding,Precipitation,3,3,2010s,35,-0.03683056433513498,-0.07702154249282561,0.1606583765326624,0.1338129458426208,0.22857142857142856,0.42857142857142855,0.34285714285714286
SD-scaled effect size,Migratory strategy,sedentary,tmean_breeding,Temperature,1,1,1970s,35,0.059416142439031996,0.006374847381575686,0.17108737533458782,0.12234559378939215,0.37142857142857144,0.17142857142857143,0.45714285714285713
SD-scaled effect size,Migratory strategy,sedentary,tmean_breeding,Temperature,2,2,1990s,35,-0.014896815528395327,-0.011600182953639095,0.17672488731912164,0.10422110078396854,0.17142857142857143,0.34285714285714286,0.4857142857142857
SD-scaled effect size,Migratory strategy,sedentary,tmean_breeding,Temperature,3,3,2010s,35,0.033199354015228597,0.0012781403521685728,0.12090451507794424,0.0671951262037316,0.2,0.14285714285714285,0.6571428571428571
SD-scaled effect size,Migratory strategy,sedentary and short-distance,hh,"Habitat
heterogeneity",1,1,1970s,31,0.09272960772043776,0.057741008883719774,0.09827021260324499,0.057956430004126674,0.2903225806451613,0,0.7096774193548387
SD-scaled effect size,Migratory strategy,sedentary and short-distance,hh,"Habitat
heterogeneity",2,2,1990s,31,0.13645883178908397,0.12854538541312738,0.13645883178908397,0.12854538541312738,0.5806451612903226,0,0.41935483870967744
SD-scaled effect size,Migratory strategy,sedentary and short-distance,hh,"Habitat
heterogeneity",3,3,2010s,31,0.10185901367326179,0.08484832165023974,0.10525559207805453,0.08484832165023974,0.4838709677419355,0,0.5161290322580645
SD-scaled effect size,Migratory strategy,sedentary and short-distance,perc_cropland,Cropland,1,1,1970s,31,0.03972988440557177,0.05666331656280656,0.2042087462549973,0.1551801308366061,0.3548387096774194,0.16129032258064516,0.4838709677419355
SD-scaled effect size,Migratory strategy,sedentary and short-distance,perc_cropland,Cropland,2,2,1990s,31,0.037956397973198906,0.07197009595352066,0.20168721611528576,0.0884729978955313,0.3548387096774194,0.12903225806451613,0.5161290322580645
SD-scaled effect size,Migratory strategy,sedentary and short-distance,perc_cropland,Cropland,3,3,2010s,31,0.025890864976700203,0.008346955812759762,0.18696495808966976,0.13456726923802895,0.3870967741935484,0.12903225806451613,0.4838709677419355
SD-scaled effect size,Migratory strategy,sedentary and short-distance,perc_forest,Forest,1,1,1970s,31,0.1685640773926855,0.18912561612298331,0.23371105061019873,0.21748838460144615,0.7096774193548387,0.0967741935483871,0.1935483870967742
SD-scaled effect size,Migratory strategy,sedentary and short-distance,perc_forest,Forest,2,2,1990s,31,0.16163648637284822,0.17533467823521237,0.26095296282249186,0.22750245423961926,0.6451612903225806,0.0967741935483871,0.25806451612903225
SD-scaled effect size,Migratory strategy,sedentary and short-distance,perc_forest,Forest,3,3,2010s,31,0.15503431046142727,0.14875666423187253,0.2418440215133097,0.2287952558503086,0.6129032258064516,0.12903225806451613,0.25806451612903225
SD-scaled effect size,Migratory strategy,sedentary and short-distance,perc_grass_shrub,"Grass/
shrubland",1,1,1970s,31,0.04660834548184477,0.04689133627436472,0.059589582273952675,0.052981087859074044,0.25806451612903225,0,0.7419354838709677
SD-scaled effect size,Migratory strategy,sedentary and short-distance,perc_grass_shrub,"Grass/
shrubland",2,2,1990s,31,0.051059866080078106,0.057649056095229065,0.08377099652166166,0.07342792020810673,0.41935483870967744,0.06451612903225806,0.5161290322580645
SD-scaled effect size,Migratory strategy,sedentary and short-distance,perc_grass_shrub,"Grass/
shrubland",3,3,2010s,31,0.022376588385939054,0.02529731690724593,0.090610148841156,0.05078228906473997,0.22580645161290322,0.16129032258064516,0.6129032258064516
SD-scaled effect size,Migratory strategy,sedentary and short-distance,perc_pasture,Pasture,1,1,1970s,31,0.02264683896713087,-4.315475007160248e-4,0.04593881386016078,0.01609085373511477,0.16129032258064516,0,0.8387096774193549
SD-scaled effect size,Migratory strategy,sedentary and short-distance,perc_pasture,Pasture,2,2,1990s,31,0.004521778840687932,0.003732699246913804,0.08004955344208092,0.06292209959962304,0.1935483870967742,0.16129032258064516,0.6451612903225806
SD-scaled effect size,Migratory strategy,sedentary and short-distance,perc_pasture,Pasture,3,3,2010s,31,0.0819562735798181,0.056360430177617646,0.09811251105373921,0.08015575401969399,0.45161290322580644,0.03225806451612903,0.5161290322580645
SD-scaled effect size,Migratory strategy,sedentary and short-distance,perc_urban,Urban,1,1,1970s,31,0.055101312139025985,0.03721203385081548,0.16325719487291487,0.13656644094818274,0.4838709677419355,0.16129032258064516,0.3548387096774194
SD-scaled effect size,Migratory strategy,sedentary and short-distance,perc_urban,Urban,2,2,1990s,31,0.10308712865153394,0.09061061991073642,0.1736100704072638,0.1813159666666243,0.4838709677419355,0.12903225806451613,0.3870967741935484
SD-scaled effect size,Migratory strategy,sedentary and short-distance,perc_urban,Urban,3,3,2010s,31,0.13403807087102937,0.1121215950798836,0.17566859544418184,0.16305450229064328,0.6129032258064516,0.06451612903225806,0.3225806451612903
SD-scaled effect size,Migratory strategy,sedentary and short-distance,prec_breeding,Precipitation,1,1,1970s,31,-0.08202691017524794,-0.10822378797739954,0.1488020530133754,0.15159522042195314,0.0967741935483871,0.41935483870967744,0.4838709677419355
SD-scaled effect size,Migratory strategy,sedentary and short-distance,prec_breeding,Precipitation,2,2,1990s,31,-0.13814197033718054,-0.15789781920157253,0.15486268989935276,0.15789781920157253,0.03225806451612903,0.5806451612903226,0.3870967741935484
SD-scaled effect size,Migratory strategy,sedentary and short-distance,prec_breeding,Precipitation,3,3,2010s,31,-0.11322805853177333,-0.08010261069860748,0.13066661862464676,0.11544336750674368,0.03225806451612903,0.41935483870967744,0.5483870967741935
SD-scaled effect size,Migratory strategy,sedentary and short-distance,tmean_breeding,Temperature,1,1,1970s,31,0.04842189127496875,0.02473946034678315,0.11130083378462628,0.05669773906652364,0.25806451612903225,0.12903225806451613,0.6129032258064516
SD-scaled effect size,Migratory strategy,sedentary and short-distance,tmean_breeding,Temperature,2,2,1990s,31,0.06904882243837666,0.04424633382419898,0.15620642539860194,0.14515836871594254,0.41935483870967744,0.1935483870967742,0.3870967741935484
SD-scaled effect size,Migratory strategy,sedentary and short-distance,tmean_breeding,Temperature,3,3,2010s,31,0.055400498451592915,0.01548213171797684,0.08526679323476624,0.03643999879506379,0.25806451612903225,0.03225806451612903,0.7096774193548387
SD-scaled effect size,Migratory strategy,short-and long-distance,hh,"Habitat
heterogeneity",1,1,1970s,8,0.28047627933942015,0.2858390209462127,0.28047627933942015,0.2858390209462127,0.75,0,0.25
SD-scaled effect size,Migratory strategy,short-and long-distance,hh,"Habitat
heterogeneity",2,2,1990s,8,0.18192568120814978,0.20343630421870793,0.18192568120814978,0.20343630421870793,0.625,0,0.375
SD-scaled effect size,Migratory strategy,short-and long-distance,hh,"Habitat
heterogeneity",3,3,2010s,8,0.205709245512957,0.19352615790072009,0.205709245512957,0.19352615790072009,0.75,0,0.25
SD-scaled effect size,Migratory strategy,short-and long-distance,perc_cropland,Cropland,1,1,1970s,8,-0.21575832161436612,-0.1838703908091783,0.3543576414152752,0.3767295133290574,0.125,0.5,0.375
SD-scaled effect size,Migratory strategy,short-and long-distance,perc_cropland,Cropland,2,2,1990s,8,-0.18197123350020475,-0.1063611630909683,0.4103738434358374,0.34703830415056935,0.375,0.375,0.25
SD-scaled effect size,Migratory strategy,short-and long-distance,perc_cropland,Cropland,3,3,2010s,8,-0.217428535387435,-0.31493760668300336,0.42555148920361197,0.37203046534216055,0.375,0.625,0
SD-scaled effect size,Migratory strategy,short-and long-distance,perc_forest,Forest,1,1,1970s,8,-0.12380452359955495,-0.12530887248635053,0.28536301246902507,0.2990719802683577,0.25,0.5,0.25
SD-scaled effect size,Migratory strategy,short-and long-distance,perc_forest,Forest,2,2,1990s,8,-0.1648179829329023,-0.18568712445008778,0.36856504265097134,0.41286184318081987,0.375,0.5,0.125
SD-scaled effect size,Migratory strategy,short-and long-distance,perc_forest,Forest,3,3,2010s,8,-0.17131557275552592,-0.21022292584699717,0.3219766107289827,0.39052127254832225,0.25,0.5,0.25
SD-scaled effect size,Migratory strategy,short-and long-distance,perc_grass_shrub,"Grass/
shrubland",1,1,1970s,8,-0.00777766610688534,-0.007834770072772855,0.08447613412099167,0.0527376993664119,0.125,0.125,0.75
SD-scaled effect size,Migratory strategy,short-and long-distance,perc_grass_shrub,"Grass/
shrubland",2,2,1990s,8,0.020219427834401848,-0.013700093686270504,0.07892117976439589,0.06818197056871235,0.375,0,0.625
SD-scaled effect size,Migratory strategy,short-and long-distance,perc_grass_shrub,"Grass/
shrubland",3,3,2010s,8,-0.08997180406501717,-0.04624377019896008,0.1157762404051079,0.09623505649269752,0,0.25,0.75
SD-scaled effect size,Migratory strategy,short-and long-distance,perc_pasture,Pasture,1,1,1970s,8,0.04589624609531133,0.03230368700985166,0.058974010727653646,0.04762656773769479,0.25,0,0.75
SD-scaled effect size,Migratory strategy,short-and long-distance,perc_pasture,Pasture,2,2,1990s,8,0.0518066996333575,0.040635147259018324,0.094182183027355,0.10574107505706289,0.5,0,0.5
SD-scaled effect size,Migratory strategy,short-and long-distance,perc_pasture,Pasture,3,3,2010s,8,0.11442600950900748,0.12067500160422076,0.11442600950900748,0.12067500160422076,0.625,0,0.375
SD-scaled effect size,Migratory strategy,short-and long-distance,perc_urban,Urban,1,1,1970s,8,-0.1551191893749065,-0.16654358604109026,0.23618712004307385,0.29091724971388977,0.125,0.5,0.375
SD-scaled effect size,Migratory strategy,short-and long-distance,perc_urban,Urban,2,2,1990s,8,-0.08378835946703893,-0.06842577615348651,0.15931491106994156,0.1554615284906523,0.125,0.375,0.5
SD-scaled effect size,Migratory strategy,short-and long-distance,perc_urban,Urban,3,3,2010s,8,0.0040055480732603035,-7.4971420888848e-4,0.12362296626422022,0.08835475350898858,0.25,0.25,0.5
SD-scaled effect size,Migratory strategy,short-and long-distance,prec_breeding,Precipitation,1,1,1970s,8,-0.1657250239203119,-0.05992150208833061,0.17230315132123442,0.05992150208833061,0,0.375,0.625
SD-scaled effect size,Migratory strategy,short-and long-distance,prec_breeding,Precipitation,2,2,1990s,8,-0.1946631295940984,-0.22780236260787,0.20364981209964025,0.22780236260787,0,0.5,0.5
SD-scaled effect size,Migratory strategy,short-and long-distance,prec_breeding,Precipitation,3,3,2010s,8,-0.08549989954828974,0.03467083503425247,0.19819923679278392,0.1328503588312785,0.25,0.25,0.5
SD-scaled effect size,Migratory strategy,short-and long-distance,tmean_breeding,Temperature,1,1,1970s,8,0.17331114614659698,0.17255369341046423,0.2941190582128521,0.26218218572380864,0.5,0.375,0.125
SD-scaled effect size,Migratory strategy,short-and long-distance,tmean_breeding,Temperature,2,2,1990s,8,0.19776073463422672,0.14289242664029067,0.28591107449780817,0.17913979269672164,0.5,0.125,0.375
SD-scaled effect size,Migratory strategy,short-and long-distance,tmean_breeding,Temperature,3,3,2010s,8,0.19127298421408007,0.1519616113290491,0.21802091400488918,0.1519616113290491,0.5,0,0.5
SD-scaled effect size,Migratory strategy,short-distance,hh,"Habitat
heterogeneity",1,1,1970s,39,0.12225214659291567,0.05299673180812894,0.13807093927646816,0.09845209527670339,0.38461538461538464,0,0.6153846153846154
SD-scaled effect size,Migratory strategy,short-distance,hh,"Habitat
heterogeneity",2,2,1990s,39,0.1694397523234342,0.13757498860727457,0.171557961770836,0.13757498860727457,0.5384615384615384,0,0.46153846153846156
SD-scaled effect size,Migratory strategy,short-distance,hh,"Habitat
heterogeneity",3,3,2010s,39,0.15977365703848762,0.14752357038467245,0.1636749112256983,0.14752357038467245,0.5641025641025641,0,0.4358974358974359
SD-scaled effect size,Migratory strategy,short-distance,perc_cropland,Cropland,1,1,1970s,39,-0.060823585206383445,-0.03321903100889495,0.21998819492217075,0.20107961879692388,0.23076923076923078,0.358974358974359,0.41025641025641024
SD-scaled effect size,Migratory strategy,short-distance,perc_cropland,Cropland,2,2,1990s,39,-0.06651624299706604,-2.141595436997481e-4,0.20096785558728417,0.13441005753329877,0.23076923076923078,0.28205128205128205,0.48717948717948717
SD-scaled effect size,Migratory strategy,short-distance,perc_cropland,Cropland,3,3,2010s,39,-0.06430927404530352,6.27291114277538e-6,0.20805245650068438,0.16346751902822132,0.23076923076923078,0.38461538461538464,0.38461538461538464
SD-scaled effect size,Migratory strategy,short-distance,perc_forest,Forest,1,1,1970s,39,0.044025435813901476,0.08913644996931766,0.2197045509777869,0.1930643542246669,0.46153846153846156,0.23076923076923078,0.3076923076923077
SD-scaled effect size,Migratory strategy,short-distance,perc_forest,Forest,2,2,1990s,39,0.07764063888138831,0.12286204403288135,0.23664020598764146,0.17135449769303718,0.5128205128205128,0.20512820512820512,0.28205128205128205
SD-scaled effect size,Migratory strategy,short-distance,perc_forest,Forest,3,3,2010s,39,0.07527769214706392,0.10662976273809503,0.2696937178675282,0.2273099267393091,0.48717948717948717,0.2564102564102564,0.2564102564102564
SD-scaled effect size,Migratory strategy,short-distance,perc_grass_shrub,"Grass/
shrubland",1,1,1970s,39,0.03322611139359146,0.03399712432575298,0.09385315482100538,0.05812200800757946,0.28205128205128205,0.10256410256410256,0.6153846153846154
SD-scaled effect size,Migratory strategy,short-distance,perc_grass_shrub,"Grass/
shrubland",2,2,1990s,39,0.007673395091546379,0.01726443544088905,0.10085947197119662,0.06000879325772384,0.20512820512820512,0.15384615384615385,0.6410256410256411
SD-scaled effect size,Migratory strategy,short-distance,perc_grass_shrub,"Grass/
shrubland",3,3,2010s,39,-0.03984276622093791,5.142075242111592e-4,0.11433649879429143,0.08226291407476341,0.1794871794871795,0.3333333333333333,0.48717948717948717
SD-scaled effect size,Migratory strategy,short-distance,perc_pasture,Pasture,1,1,1970s,39,0.03147063861214918,0.020153419599649343,0.07235818310226601,0.05725216105847269,0.23076923076923078,0.10256410256410256,0.6666666666666666
SD-scaled effect size,Migratory strategy,short-distance,perc_pasture,Pasture,2,2,1990s,39,0.024676171445715323,0.02309860322460474,0.1168772916409783,0.10180912729016608,0.38461538461538464,0.20512820512820512,0.41025641025641024
SD-scaled effect size,Migratory strategy,short-distance,perc_pasture,Pasture,3,3,2010s,39,0.11208546937564443,0.11149155457126536,0.15094308203358758,0.16405498068198293,0.5384615384615384,0.07692307692307693,0.38461538461538464
SD-scaled effect size,Migratory strategy,short-distance,perc_urban,Urban,1,1,1970s,39,-0.047549037950540676,-0.021213630252074022,0.16810162834738998,0.11948260264051352,0.2564102564102564,0.3333333333333333,0.41025641025641024
SD-scaled effect size,Migratory strategy,short-distance,perc_urban,Urban,2,2,1990s,39,-0.03785056018924062,6.854852229981212e-5,0.1651897723076432,0.1621045633959412,0.28205128205128205,0.3076923076923077,0.41025641025641024
SD-scaled effect size,Migratory strategy,short-distance,perc_urban,Urban,3,3,2010s,39,-0.01408713771209972,0.01019138200885792,0.19118359117818892,0.19890238713828648,0.3333333333333333,0.3333333333333333,0.3333333333333333
SD-scaled effect size,Migratory strategy,short-distance,prec_breeding,Precipitation,1,1,1970s,39,-0.11504519674416179,-0.1152010611575533,0.18087911041862514,0.13230907581021153,0.1282051282051282,0.48717948717948717,0.38461538461538464
SD-scaled effect size,Migratory strategy,short-distance,prec_breeding,Precipitation,2,2,1990s,39,-0.08577075254617693,-0.030122083102795,0.12719056337367682,0.10363409070772907,0.07692307692307693,0.358974358974359,0.5641025641025641
SD-scaled effect size,Migratory strategy,short-distance,prec_breeding,Precipitation,3,3,2010s,39,-0.10618181132344515,-0.08313598176292111,0.1711989064532308,0.1429927066266706,0.1282051282051282,0.41025641025641024,0.46153846153846156
SD-scaled effect size,Migratory strategy,short-distance,tmean_breeding,Temperature,1,1,1970s,39,0.10993842940045685,0.06836764499279273,0.1521370332104803,0.11125687889703803,0.41025641025641024,0.07692307692307693,0.5128205128205128
SD-scaled effect size,Migratory strategy,short-distance,tmean_breeding,Temperature,2,2,1990s,39,0.11989133875691335,0.08699881144348609,0.19518825665550565,0.10633291566365617,0.41025641025641024,0.07692307692307693,0.5128205128205128
SD-scaled effect size,Migratory strategy,short-distance,tmean_breeding,Temperature,3,3,2010s,39,0.09867104989753622,0.08014702918283306,0.12952598735619308,0.09154191091396784,0.41025641025641024,0.05128205128205128,0.5384615384615384
SD-scaled effect size,Thermal affinity,cold,hh,"Habitat
heterogeneity",1,1,1970s,31,0.0735673460380004,0.04733296760667433,0.09200279779765838,0.0684597891233713,0.2903225806451613,0,0.7096774193548387
SD-scaled effect size,Thermal affinity,cold,hh,"Habitat
heterogeneity",2,2,1990s,31,0.1485039674173297,0.1530856622097733,0.15123491917489645,0.1530856622097733,0.6451612903225806,0,0.3548387096774194
SD-scaled effect size,Thermal affinity,cold,hh,"Habitat
heterogeneity",3,3,2010s,31,0.13704102130961313,0.14526592509436947,0.13890659478342596,0.14526592509436947,0.6774193548387096,0,0.3225806451612903
SD-scaled effect size,Thermal affinity,cold,perc_cropland,Cropland,1,1,1970s,31,0.051980396148508495,0.07386925236465186,0.18653616590912242,0.19631163180927202,0.3548387096774194,0.1935483870967742,0.45161290322580644
SD-scaled effect size,Thermal affinity,cold,perc_cropland,Cropland,2,2,1990s,31,0.08191606110409824,0.080829205994394,0.17262587686904082,0.14769736377274673,0.45161290322580644,0.12903225806451613,0.41935483870967744
SD-scaled effect size,Thermal affinity,cold,perc_cropland,Cropland,3,3,2010s,31,0.10789646767398293,0.02096679265863373,0.18560073297202045,0.12964523144361068,0.3548387096774194,0.0967741935483871,0.5483870967741935
SD-scaled effect size,Thermal affinity,cold,perc_forest,Forest,1,1,1970s,31,0.15313344972723272,0.10754548597216165,0.19971947558353045,0.13541675223847108,0.5161290322580645,0.0967741935483871,0.3870967741935484
SD-scaled effect size,Thermal affinity,cold,perc_forest,Forest,2,2,1990s,31,0.1909005009385727,0.15512013333044208,0.22733985417783725,0.1688841769627308,0.5161290322580645,0.03225806451612903,0.45161290322580644
SD-scaled effect size,Thermal affinity,cold,perc_forest,Forest,3,3,2010s,31,0.22883919696998056,0.20254013094854886,0.2748704118598806,0.20960760590618518,0.6451612903225806,0.06451612903225806,0.2903225806451613
SD-scaled effect size,Thermal affinity,cold,perc_grass_shrub,"Grass/
shrubland",1,1,1970s,31,0.03107156137288782,0.022106681429595033,0.05686755937534889,0.04357064170365371,0.22580645161290322,0.03225806451612903,0.7419354838709677
SD-scaled effect size,Thermal affinity,cold,perc_grass_shrub,"Grass/
shrubland",2,2,1990s,31,0.07289694799843244,0.033926061765187546,0.09774645276910933,0.06604089445114232,0.3870967741935484,0.03225806451612903,0.5806451612903226
SD-scaled effect size,Thermal affinity,cold,perc_grass_shrub,"Grass/
shrubland",3,3,2010s,31,0.037594181008769816,0.019851239115538065,0.0951152670493135,0.0553648134010284,0.2903225806451613,0.12903225806451613,0.5806451612903226
SD-scaled effect size,Thermal affinity,cold,perc_pasture,Pasture,1,1,1970s,31,0.03637579823970889,0.007181936595514873,0.05376648860678485,0.039841140034073116,0.25806451612903225,0.03225806451612903,0.7096774193548387
SD-scaled effect size,Thermal affinity,cold,perc_pasture,Pasture,2,2,1990s,31,0.03643857820300239,0.02309860322460474,0.09581350862714663,0.07133458768348915,0.3225806451612903,0.06451612903225806,0.6129032258064516
SD-scaled effect size,Thermal affinity,cold,perc_pasture,Pasture,3,3,2010s,31,0.12005111511476087,0.11029511317953065,0.12978171366485344,0.11029511317953065,0.6129032258064516,0,0.3870967741935484
SD-scaled effect size,Thermal affinity,cold,perc_urban,Urban,1,1,1970s,31,0.05481450851337706,0.05471829699100923,0.1155921301969867,0.09714906101576642,0.3870967741935484,0.0967741935483871,0.5161290322580645
SD-scaled effect size,Thermal affinity,cold,perc_urban,Urban,2,2,1990s,31,0.050256901932345915,0.032610096536753695,0.10186001801987851,0.07129587240271724,0.2903225806451613,0.06451612903225806,0.6451612903225806
SD-scaled effect size,Thermal affinity,cold,perc_urban,Urban,3,3,2010s,31,0.07145766118528311,0.015588004292998316,0.11817489525909228,0.06621156011200582,0.3225806451612903,0.06451612903225806,0.6129032258064516
SD-scaled effect size,Thermal affinity,cold,prec_breeding,Precipitation,1,1,1970s,31,-0.057819463989943316,-0.03087884678502702,0.1819859010491139,0.1447191990175835,0.16129032258064516,0.41935483870967744,0.41935483870967744
SD-scaled effect size,Thermal affinity,cold,prec_breeding,Precipitation,2,2,1990s,31,-0.105948156322557,-0.11466335711765538,0.1396928925507608,0.12926348837476714,0.0967741935483871,0.5161290322580645,0.3870967741935484
SD-scaled effect size,Thermal affinity,cold,prec_breeding,Precipitation,3,3,2010s,31,-0.12709943548945837,-0.1429927066266706,0.19070635968472993,0.19005337395601415,0.16129032258064516,0.4838709677419355,0.3548387096774194
SD-scaled effect size,Thermal affinity,cold,tmean_breeding,Temperature,1,1,1970s,31,0.054364477495944384,0.036666107787873325,0.16356525419037457,0.11564329212316278,0.41935483870967744,0.22580645161290322,0.3548387096774194
SD-scaled effect size,Thermal affinity,cold,tmean_breeding,Temperature,2,2,1990s,31,0.03809298936513269,0.0471160714594254,0.1610904362908458,0.11626370971669026,0.3548387096774194,0.1935483870967742,0.45161290322580644
SD-scaled effect size,Thermal affinity,cold,tmean_breeding,Temperature,3,3,2010s,31,0.07377649682335023,0.009815319737303176,0.12635490001535377,0.06491974711824419,0.2903225806451613,0.0967741935483871,0.6129032258064516
SD-scaled effect size,Thermal affinity,medium,hh,"Habitat
heterogeneity",1,1,1970s,31,0.07654848118745271,0.05129586317973992,0.09935606961734707,0.06559129835499254,0.3548387096774194,0.03225806451612903,0.6129032258064516
SD-scaled effect size,Thermal affinity,medium,hh,"Habitat
heterogeneity",2,2,1990s,31,0.12887619529405897,0.13270548421566897,0.13378579844433894,0.13270548421566897,0.5483870967741935,0,0.45161290322580644
SD-scaled effect size,Thermal affinity,medium,hh,"Habitat
heterogeneity",3,3,2010s,31,0.08532654095688597,0.08484832165023974,0.09284510241902644,0.09260161356393283,0.41935483870967744,0,0.5806451612903226
SD-scaled effect size,Thermal affinity,medium,perc_cropland,Cropland,1,1,1970s,31,0.13498413971662868,0.1744801478810419,0.2002437490012026,0.18100388193045533,0.6129032258064516,0.0967741935483871,0.2903225806451613
SD-scaled effect size,Thermal affinity,medium,perc_cropland,Cropland,2,2,1990s,31,0.10874053209805683,0.0899777462066758,0.184810795037656,0.1341847161261684,0.45161290322580644,0.0967741935483871,0.45161290322580644
SD-scaled effect size,Thermal affinity,medium,perc_cropland,Cropland,3,3,2010s,31,0.1259441386816799,0.18633960570484795,0.2342428581267882,0.22860784227621922,0.5806451612903226,0.16129032258064516,0.25806451612903225
SD-scaled effect size,Thermal affinity,medium,perc_forest,Forest,1,1,1970s,31,0.20325100207297844,0.23882919990666826,0.2599848317528547,0.23882919990666826,0.6451612903225806,0.12903225806451613,0.22580645161290322
SD-scaled effect size,Thermal affinity,medium,perc_forest,Forest,2,2,1990s,31,0.2246383841272549,0.2625644765160594,0.2968737410040273,0.27644322014520134,0.7096774193548387,0.0967741935483871,0.1935483870967742
SD-scaled effect size,Thermal affinity,medium,perc_forest,Forest,3,3,2010s,31,0.2008905727009695,0.15624284069858616,0.2926689331531772,0.21508671369225604,0.6129032258064516,0.1935483870967742,0.1935483870967742
SD-scaled effect size,Thermal affinity,medium,perc_grass_shrub,"Grass/
shrubland",1,1,1970s,31,0.039436197177922294,0.03783088779781078,0.040791883883794476,0.03783088779781078,0.12903225806451613,0,0.8709677419354839
SD-scaled effect size,Thermal affinity,medium,perc_grass_shrub,"Grass/
shrubland",2,2,1990s,31,0.04008586714626426,0.02738410251490773,0.06282848990116537,0.046670113870592486,0.25806451612903225,0.06451612903225806,0.6774193548387096
SD-scaled effect size,Thermal affinity,medium,perc_grass_shrub,"Grass/
shrubland",3,3,2010s,31,0.06134291347722266,0.04892475290399487,0.09249993288168147,0.09381340920696184,0.3548387096774194,0.06451612903225806,0.5806451612903226
SD-scaled effect size,Thermal affinity,medium,perc_pasture,Pasture,1,1,1970s,31,0.03595161798652699,0.015870662267920964,0.06033389428451907,0.03529076997166993,0.25806451612903225,0.06451612903225806,0.6774193548387096
SD-scaled effect size,Thermal affinity,medium,perc_pasture,Pasture,2,2,1990s,31,0.011321133331966092,0.003732699246913804,0.06378691877206592,0.05413173835044285,0.22580645161290322,0.12903225806451613,0.6451612903225806
SD-scaled effect size,Thermal affinity,medium,perc_pasture,Pasture,3,3,2010s,31,0.07739497400654674,0.056749947619325884,0.09810324703192547,0.06373271186037102,0.41935483870967744,0.06451612903225806,0.5161290322580645
SD-scaled effect size,Thermal affinity,medium,perc_urban,Urban,1,1,1970s,31,0.078948091215789,0.03721203385081548,0.1528014923475671,0.13150000019577393,0.45161290322580644,0.12903225806451613,0.41935483870967744
SD-scaled effect size,Thermal affinity,medium,perc_urban,Urban,2,2,1990s,31,0.07346265429849083,0.08880306434665203,0.15962317058866338,0.13202982479755224,0.5161290322580645,0.16129032258064516,0.3225806451612903
SD-scaled effect size,Thermal affinity,medium,perc_urban,Urban,3,3,2010s,31,0.1050426190752016,0.13467976596991857,0.18343309568434724,0.17348985838849948,0.5161290322580645,0.1935483870967742,0.2903225806451613
SD-scaled effect size,Thermal affinity,medium,prec_breeding,Precipitation,1,1,1970s,31,-0.060598246502818705,-0.0448565195173594,0.1098977503677596,0.0868562406888917,0.0967741935483871,0.2903225806451613,0.6129032258064516
SD-scaled effect size,Thermal affinity,medium,prec_breeding,Precipitation,2,2,1990s,31,-0.08324715987629795,-0.05739708684572541,0.1002950496118639,0.10417945356012254,0.06451612903225806,0.3548387096774194,0.5806451612903226
SD-scaled effect size,Thermal affinity,medium,prec_breeding,Precipitation,3,3,2010s,31,-0.07318592928263998,-0.07702154249282561,0.15496288905861025,0.11566483400495109,0.12903225806451613,0.3225806451612903,0.5483870967741935
SD-scaled effect size,Thermal affinity,medium,tmean_breeding,Temperature,1,1,1970s,31,0.07265108549761046,0.003003679842732358,0.14511278552696025,0.10361772377017432,0.3548387096774194,0.0967741935483871,0.5483870967741935
SD-scaled effect size,Thermal affinity,medium,tmean_breeding,Temperature,2,2,1990s,31,0.0383556240660429,0.01343248099244214,0.17455182949713813,0.10951555338670034,0.25806451612903225,0.2903225806451613,0.45161290322580644
SD-scaled effect size,Thermal affinity,medium,tmean_breeding,Temperature,3,3,2010s,31,0.07817876088293384,0.01877633935276867,0.12683241217116759,0.06922982626654348,0.25806451612903225,0.06451612903225806,0.6774193548387096
SD-scaled effect size,Thermal affinity,very cold,hh,"Habitat
heterogeneity",1,1,1970s,32,0.1789986062885704,0.11613212792424601,0.18826923780623409,0.11785748673392311,0.5,0,0.5
SD-scaled effect size,Thermal affinity,very cold,hh,"Habitat
heterogeneity",2,2,1990s,32,0.17423972521908135,0.13850029508761547,0.17641510020096668,0.13850029508761547,0.5625,0,0.4375
SD-scaled effect size,Thermal affinity,very cold,hh,"Habitat
heterogeneity",3,3,2010s,32,0.1645149750978596,0.12053518532968102,0.16957351290306769,0.12053518532968102,0.53125,0,0.46875
SD-scaled effect size,Thermal affinity,very cold,perc_cropland,Cropland,1,1,1970s,32,-0.2099104403861191,-0.16686977049143786,0.3066681612006663,0.22744738179632396,0.15625,0.53125,0.3125
SD-scaled effect size,Thermal affinity,very cold,perc_cropland,Cropland,2,2,1990s,32,-0.26449315548093355,-0.12316372040651319,0.30923391505512743,0.22183353284325233,0.0625,0.5,0.4375
SD-scaled effect size,Thermal affinity,very cold,perc_cropland,Cropland,3,3,2010s,32,-0.28037138156293806,-0.3038868697606939,0.3252774740387234,0.3038868697606939,0.125,0.625,0.25
SD-scaled effect size,Thermal affinity,very cold,perc_forest,Forest,1,1,1970s,32,-0.02979874916999064,0.01049853631663632,0.2850313257549726,0.27179407121700594,0.4375,0.375,0.1875
SD-scaled effect size,Thermal affinity,very cold,perc_forest,Forest,2,2,1990s,32,-0.0560852974794745,-0.05875876280267445,0.34849211204309527,0.34312774556327585,0.40625,0.4375,0.15625
SD-scaled effect size,Thermal affinity,very cold,perc_forest,Forest,3,3,2010s,32,-0.02378921656340353,-0.018636155848856018,0.3555157326230983,0.32718100368140945,0.46875,0.4375,0.09375
SD-scaled effect size,Thermal affinity,very cold,perc_grass_shrub,"Grass/
shrubland",1,1,1970s,32,0.019452911541973303,9.051943631733102e-4,0.09789776637420759,0.06584123402034049,0.28125,0.09375,0.625
SD-scaled effect size,Thermal affinity,very cold,perc_grass_shrub,"Grass/
shrubland",2,2,1990s,32,-0.02646575361171528,0.001604724798225327,0.11849978111021997,0.07882226634392649,0.1875,0.25,0.5625
SD-scaled effect size,Thermal affinity,very cold,perc_grass_shrub,"Grass/
shrubland",3,3,2010s,32,-0.056536780036750646,-7.460256075798322e-4,0.1380314754775873,0.13125346265638105,0.1875,0.40625,0.40625
SD-scaled effect size,Thermal affinity,very cold,perc_pasture,Pasture,1,1,1970s,32,0.03416074231560127,0.0070526241043207885,0.07888182882462635,0.050972344864660596,0.21875,0.09375,0.6875
SD-scaled effect size,Thermal affinity,very cold,perc_pasture,Pasture,2,2,1990s,32,-0.0013594946583462052,-0.012735263254040067,0.11981852667318416,0.09793264106431435,0.28125,0.25,0.46875
SD-scaled effect size,Thermal affinity,very cold,perc_pasture,Pasture,3,3,2010s,32,0.0858666993118231,0.04050370235963823,0.14128927724704501,0.1148900785034412,0.40625,0.09375,0.5
SD-scaled effect size,Thermal affinity,very cold,perc_urban,Urban,1,1,1970s,32,-0.16082114973205072,-0.13916581426287522,0.2139551343062503,0.1806267287068177,0.125,0.53125,0.34375
SD-scaled effect size,Thermal affinity,very cold,perc_urban,Urban,2,2,1990s,32,-0.13118414276717827,-0.1421263878793806,0.1868295469780215,0.18539526003882933,0.15625,0.53125,0.3125
SD-scaled effect size,Thermal affinity,very cold,perc_urban,Urban,3,3,2010s,32,-0.08277832188440895,-0.022898232465755286,0.21539714908409088,0.2151960567209774,0.3125,0.4375,0.25
SD-scaled effect size,Thermal affinity,very cold,prec_breeding,Precipitation,1,1,1970s,32,-0.12540907158148212,-0.15831447345616392,0.19895521462542637,0.20261327114663447,0.09375,0.53125,0.375
SD-scaled effect size,Thermal affinity,very cold,prec_breeding,Precipitation,2,2,1990s,32,-0.12494949516624763,-0.07854671415786876,0.156223853384734,0.10946874873873942,0.03125,0.4375,0.53125
SD-scaled effect size,Thermal affinity,very cold,prec_breeding,Precipitation,3,3,2010s,32,-0.1488641828329805,-0.1262907186694276,0.17911130360187033,0.14031869382361334,0.03125,0.4375,0.53125
SD-scaled effect size,Thermal affinity,very cold,tmean_breeding,Temperature,1,1,1970s,32,0.10021952666218985,0.052310121332880447,0.20621731570248414,0.18364587819037953,0.40625,0.21875,0.375
SD-scaled effect size,Thermal affinity,very cold,tmean_breeding,Temperature,2,2,1990s,32,0.10876190405409158,0.10653344655628678,0.21338732106633326,0.19444751084294215,0.5,0.1875,0.3125
SD-scaled effect size,Thermal affinity,very cold,tmean_breeding,Temperature,3,3,2010s,32,0.09703415298631533,0.07963556768715585,0.12467746786795661,0.1084264937492565,0.34375,0.03125,0.625
SD-scaled effect size,Thermal affinity,very warm,hh,"Habitat
heterogeneity",1,1,1970s,32,0.09577397384073642,0.04182908156706641,0.09696952850963426,0.04182908156706641,0.1875,0,0.8125
SD-scaled effect size,Thermal affinity,very warm,hh,"Habitat
heterogeneity",2,2,1990s,32,0.13999512443954923,0.12653489674036666,0.1404884911451845,0.12653489674036666,0.5,0,0.5
SD-scaled effect size,Thermal affinity,very warm,hh,"Habitat
heterogeneity",3,3,2010s,32,0.15628198436529614,0.15131337696009217,0.15628384420874206,0.15131337696009217,0.5625,0,0.4375
SD-scaled effect size,Thermal affinity,very warm,perc_cropland,Cropland,1,1,1970s,32,0.00793743624596898,0.017705412436122114,0.1642067280326052,0.06560972496681758,0.1875,0.125,0.6875
SD-scaled effect size,Thermal affinity,very warm,perc_cropland,Cropland,2,2,1990s,32,0.0809172107317462,0.05083924896063364,0.21743648587159747,0.2022388214258986,0.34375,0.15625,0.5
SD-scaled effect size,Thermal affinity,very warm,perc_cropland,Cropland,3,3,2010s,32,0.02449275190413014,8.619160819935011e-4,0.18715270558445,0.14344307280935226,0.3125,0.21875,0.46875
SD-scaled effect size,Thermal affinity,very warm,perc_forest,Forest,1,1,1970s,32,0.047489012403091196,0.02294290037836355,0.15653367020633197,0.11668222559195057,0.375,0.09375,0.53125
SD-scaled effect size,Thermal affinity,very warm,perc_forest,Forest,2,2,1990s,32,0.06807374387477974,0.04553861588990726,0.1846498635215117,0.15019750719048286,0.4375,0.15625,0.40625
SD-scaled effect size,Thermal affinity,very warm,perc_forest,Forest,3,3,2010s,32,0.02918572820636805,0.035746917566809776,0.20345509899936454,0.130765583009198,0.3125,0.25,0.4375
SD-scaled effect size,Thermal affinity,very warm,perc_grass_shrub,"Grass/
shrubland",1,1,1970s,32,0.03839644873792222,0.034688353009073886,0.07401418391532387,0.05033179343666462,0.21875,0.0625,0.71875
SD-scaled effect size,Thermal affinity,very warm,perc_grass_shrub,"Grass/
shrubland",2,2,1990s,32,0.04656044653025489,0.026035559960713214,0.08005726254478909,0.05122868212829884,0.21875,0.03125,0.75
SD-scaled effect size,Thermal affinity,very warm,perc_grass_shrub,"Grass/
shrubland",3,3,2010s,32,-0.051404035163835717,-0.00941619062572464,0.07656001788989242,0.031425792580908024,0.0625,0.25,0.6875
SD-scaled effect size,Thermal affinity,very warm,perc_pasture,Pasture,1,1,1970s,32,0.02819398070911033,0.017006650123744478,0.0534730614655483,0.03879616756905029,0.125,0.03125,0.84375
SD-scaled effect size,Thermal affinity,very warm,perc_pasture,Pasture,2,2,1990s,32,0.06065414989188406,0.09505610650419714,0.12021565153268035,0.13337849799169504,0.46875,0.15625,0.375
SD-scaled effect size,Thermal affinity,very warm,perc_pasture,Pasture,3,3,2010s,32,0.095415948545378,0.09349518211614546,0.11488939293095218,0.09739372820108452,0.5,0.03125,0.46875
SD-scaled effect size,Thermal affinity,very warm,perc_urban,Urban,1,1,1970s,32,0.01371207289625673,0.013132868622946376,0.14209294978599366,0.1345914238226632,0.34375,0.1875,0.46875
SD-scaled effect size,Thermal affinity,very warm,perc_urban,Urban,2,2,1990s,32,0.06670045988510342,0.02929200246208404,0.15232749829229697,0.12391443175837598,0.4375,0.09375,0.46875
SD-scaled effect size,Thermal affinity,very warm,perc_urban,Urban,3,3,2010s,32,0.004715057244805634,-2.066955631285557e-5,0.15209409338679816,0.14927398412590748,0.3125,0.21875,0.46875
SD-scaled effect size,Thermal affinity,very warm,prec_breeding,Precipitation,1,1,1970s,32,-0.022185701892939464,-0.026705713101051153,0.1827771653524566,0.16236365779810996,0.25,0.40625,0.34375
SD-scaled effect size,Thermal affinity,very warm,prec_breeding,Precipitation,2,2,1990s,32,-0.11109898056271501,-0.07947595110311541,0.144409895001461,0.09512493824995297,0.0625,0.40625,0.53125
SD-scaled effect size,Thermal affinity,very warm,prec_breeding,Precipitation,3,3,2010s,32,-0.08127597471887318,-0.06023292967814988,0.21221310061012671,0.17461530744198028,0.21875,0.46875,0.3125
SD-scaled effect size,Thermal affinity,very warm,tmean_breeding,Temperature,1,1,1970s,32,0.22624526819124438,0.13363350410832894,0.23434412162260573,0.13363350410832894,0.59375,0,0.40625
SD-scaled effect size,Thermal affinity,very warm,tmean_breeding,Temperature,2,2,1990s,32,0.2652698212132047,0.1925032715146482,0.2788479819433505,0.1925032715146482,0.65625,0,0.34375
SD-scaled effect size,Thermal affinity,very warm,tmean_breeding,Temperature,3,3,2010s,32,0.2383056118379498,0.1821071570593527,0.24744958414532295,0.1821071570593527,0.625,0,0.375
SD-scaled effect size,Thermal affinity,warm,hh,"Habitat
heterogeneity",1,1,1970s,31,0.05857389650723206,0.02869430679203749,0.07971152779404285,0.035908123011443895,0.3870967741935484,0.06451612903225806,0.5483870967741935
SD-scaled effect size,Thermal affinity,warm,hh,"Habitat
heterogeneity",2,2,1990s,31,0.15847913847808537,0.15291813287586153,0.15847913847808537,0.15291813287586153,0.8064516129032258,0,0.1935483870967742
SD-scaled effect size,Thermal affinity,warm,hh,"Habitat
heterogeneity",3,3,2010s,31,0.09644297720605124,0.09569377730659534,0.10636434095019585,0.09569377730659534,0.45161290322580644,0.03225806451612903,0.5161290322580645
SD-scaled effect size,Thermal affinity,warm,perc_cropland,Cropland,1,1,1970s,31,0.16780614296599955,0.1678698525362359,0.1948087769526382,0.20093315437356118,0.5806451612903226,0.03225806451612903,0.3870967741935484
SD-scaled effect size,Thermal affinity,warm,perc_cropland,Cropland,2,2,1990s,31,0.18571207727022804,0.22080969393568053,0.1941124637757222,0.22080969393568053,0.6129032258064516,0,0.3870967741935484
SD-scaled effect size,Thermal affinity,warm,perc_cropland,Cropland,3,3,2010s,31,0.18530936091958045,0.18300376418163708,0.20401504716223456,0.18300376418163708,0.6451612903225806,0.03225806451612903,0.3225806451612903
SD-scaled effect size,Thermal affinity,warm,perc_forest,Forest,1,1,1970s,31,0.21981821542069604,0.21748838460144615,0.25149750751487554,0.22171280804626786,0.8387096774193549,0.06451612903225806,0.0967741935483871
SD-scaled effect size,Thermal affinity,warm,perc_forest,Forest,2,2,1990s,31,0.24302702467915108,0.19136507053172408,0.2502708846453935,0.19136507053172408,0.7096774193548387,0.03225806451612903,0.25806451612903225
SD-scaled effect size,Thermal affinity,warm,perc_forest,Forest,3,3,2010s,31,0.2057301463388123,0.18887796356438757,0.21730754161557203,0.18887796356438757,0.6129032258064516,0.03225806451612903,0.3548387096774194
SD-scaled effect size,Thermal affinity,warm,perc_grass_shrub,"Grass/
shrubland",1,1,1970s,31,0.048406504713140223,0.041634991652001574,0.05136100271637871,0.04196072142691851,0.1935483870967742,0,0.8064516129032258
SD-scaled effect size,Thermal affinity,warm,perc_grass_shrub,"Grass/
shrubland",2,2,1990s,31,0.03888539841452196,0.012581108052684779,0.04398628228834795,0.014053182882689159,0.25806451612903225,0,0.7419354838709677
SD-scaled effect size,Thermal affinity,warm,perc_grass_shrub,"Grass/
shrubland",3,3,2010s,31,0.038874034090425266,0.0318576321958148,0.058174999843740964,0.042476891598183894,0.1935483870967742,0.03225806451612903,0.7741935483870968
SD-scaled effect size,Thermal affinity,warm,perc_pasture,Pasture,1,1,1970s,31,0.02740468167368098,0.02166677558494829,0.05129818838929588,0.042798002090537864,0.1935483870967742,0.03225806451612903,0.7741935483870968
SD-scaled effect size,Thermal affinity,warm,perc_pasture,Pasture,2,2,1990s,31,0.03953950441805547,0.0207379081137666,0.07572938531607015,0.041346664521275854,0.3548387096774194,0.06451612903225806,0.5806451612903226
SD-scaled effect size,Thermal affinity,warm,perc_pasture,Pasture,3,3,2010s,31,0.07340684901091901,0.032588586443702224,0.08613192987272747,0.047686654792159895,0.3870967741935484,0.03225806451612903,0.5806451612903226
SD-scaled effect size,Thermal affinity,warm,perc_urban,Urban,1,1,1970s,31,0.1405962539255282,0.1301671462969107,0.17794830935733866,0.13656644094818274,0.5806451612903226,0.0967741935483871,0.3225806451612903
SD-scaled effect size,Thermal affinity,warm,perc_urban,Urban,2,2,1990s,31,0.13926636739557424,0.14387124444362795,0.18848543895856526,0.19384372212503737,0.5806451612903226,0.0967741935483871,0.3225806451612903
SD-scaled effect size,Thermal affinity,warm,perc_urban,Urban,3,3,2010s,31,0.22612482078747131,0.22199934358385237,0.2548697296478392,0.2281156537493063,0.8064516129032258,0.03225806451612903,0.16129032258064516
SD-scaled effect size,Thermal affinity,warm,prec_breeding,Precipitation,1,1,1970s,31,-0.10890907785242415,-0.10024616866690644,0.1467584813108263,0.13230907581021153,0.06451612903225806,0.45161290322580644,0.4838709677419355
SD-scaled effect size,Thermal affinity,warm,prec_breeding,Precipitation,2,2,1990s,31,-0.11076743733868305,-0.14403428273238184,0.13215592709214988,0.14403428273238184,0.03225806451612903,0.5483870967741935,0.41935483870967744
SD-scaled effect size,Thermal affinity,warm,prec_breeding,Precipitation,3,3,2010s,31,-0.11066798620018975,-0.1041616469848196,0.13285623231265142,0.13429556525207653,0.06451612903225806,0.45161290322580644,0.4838709677419355
SD-scaled effect size,Thermal affinity,warm,tmean_breeding,Temperature,1,1,1970s,31,0.041922031479852954,0.026038134484104573,0.10602398064358523,0.0860700468863457,0.3225806451612903,0.1935483870967742,0.4838709677419355
SD-scaled effect size,Thermal affinity,warm,tmean_breeding,Temperature,2,2,1990s,31,0.0019064868196842861,0.0025309004376083523,0.11302809410207704,0.05934990032641688,0.16129032258064516,0.22580645161290322,0.6129032258064516
SD-scaled effect size,Thermal affinity,warm,tmean_breeding,Temperature,3,3,2010s,31,0.05619107331943198,0.028788512254013226,0.11237109095797117,0.09533036781266323,0.3225806451612903,0.0967741935483871,0.5806451612903226
