"comparison_id","comparison_label","start_period","end_period","site","start_richness","end_richness","delta_richness"
"1990s_minus_1970s","1990s minus 1970s","1970s","1990s","AD90",45,40,-5
"1990s_minus_1970s","1990s minus 1970s","1970s","1990s","AD92",32,30,-2
"1990s_minus_1970s","1990s minus 1970s","1970s","1990s","AD93",41,64,23
"1990s_minus_1970s","1990s minus 1970s","1970s","1990s","AD94",42,56,14
"1990s_minus_1970s","1990s minus 1970s","1970s","1990s","AD95",33,66,33
"1990s_minus_1970s","1990s minus 1970s","1970s","1990s","AE93",22,54,32
"1990s_minus_1970s","1990s minus 1970s","1970s","1990s","AE94",46,50,4
"1990s_minus_1970s","1990s minus 1970s","1970s","1990s","AE95",48,39,-9
"1990s_minus_1970s","1990s minus 1970s","1970s","1990s","AE96",24,38,14
"1990s_minus_1970s","1990s minus 1970s","1970s","1990s","AE97",23,58,35
"1990s_minus_1970s","1990s minus 1970s","1970s","1990s","AE98",69,76,7
"1990s_minus_1970s","1990s minus 1970s","1970s","1990s","AF81",57,51,-6
"1990s_minus_1970s","1990s minus 1970s","1970s","1990s","AF82",46,34,-12
"1990s_minus_1970s","1990s minus 1970s","1970s","1990s","AF91",57,68,11
"1990s_minus_1970s","1990s minus 1970s","1970s","1990s","AF92",76,67,-9
"1990s_minus_1970s","1990s minus 1970s","1970s","1990s","AF93",84,70,-14
"1990s_minus_1970s","1990s minus 1970s","1970s","1990s","AF94",49,67,18
"1990s_minus_1970s","1990s minus 1970s","1970s","1990s","AF97",38,42,4
"1990s_minus_1970s","1990s minus 1970s","1970s","1990s","AF98",48,50,2
"1990s_minus_1970s","1990s minus 1970s","1970s","1990s","AF99",47,38,-9
"1990s_minus_1970s","1990s minus 1970s","1970s","1990s","BC20",58,60,2
"1990s_minus_1970s","1990s minus 1970s","1970s","1990s","BC21",45,59,14
"1990s_minus_1970s","1990s minus 1970s","1970s","1990s","BC30",49,49,0
"1990s_minus_1970s","1990s minus 1970s","1970s","1990s","BC31",48,65,17
"1990s_minus_1970s","1990s minus 1970s","1970s","1990s","BC32",50,75,25
"1990s_minus_1970s","1990s minus 1970s","1970s","1990s","BC33",49,70,21
"1990s_minus_1970s","1990s minus 1970s","1970s","1990s","BC34",44,48,4
"1990s_minus_1970s","1990s minus 1970s","1970s","1990s","BC41",30,42,12
"1990s_minus_1970s","1990s minus 1970s","1970s","1990s","BC43",65,28,-37
"1990s_minus_1970s","1990s minus 1970s","1970s","1990s","BC44",59,72,13
"1990s_minus_1970s","1990s minus 1970s","1970s","1990s","BC45",32,19,-13
"1990s_minus_1970s","1990s minus 1970s","1970s","1990s","BC50",51,59,8
"1990s_minus_1970s","1990s minus 1970s","1970s","1990s","BC51",44,31,-13
"1990s_minus_1970s","1990s minus 1970s","1970s","1990s","BC52",51,43,-8
"1990s_minus_1970s","1990s minus 1970s","1970s","1990s","BC53",50,24,-26
"1990s_minus_1970s","1990s minus 1970s","1970s","1990s","BC54",60,84,24
"1990s_minus_1970s","1990s minus 1970s","1970s","1990s","BC55",31,80,49
"1990s_minus_1970s","1990s minus 1970s","1970s","1990s","BC60",71,56,-15
"1990s_minus_1970s","1990s minus 1970s","1970s","1990s","BC62",36,27,-9
"1990s_minus_1970s","1990s minus 1970s","1970s","1990s","BC64",47,71,24
"1990s_minus_1970s","1990s minus 1970s","1970s","1990s","BC65",54,67,13
"1990s_minus_1970s","1990s minus 1970s","1970s","1990s","BC70",66,37,-29
"1990s_minus_1970s","1990s minus 1970s","1970s","1990s","BC71",61,40,-21
"1990s_minus_1970s","1990s minus 1970s","1970s","1990s","BC72",46,56,10
"1990s_minus_1970s","1990s minus 1970s","1970s","1990s","BC73",58,44,-14
"1990s_minus_1970s","1990s minus 1970s","1970s","1990s","BC74",41,28,-13
"1990s_minus_1970s","1990s minus 1970s","1970s","1990s","BC75",51,66,15
"1990s_minus_1970s","1990s minus 1970s","1970s","1990s","BC81",61,53,-8
"1990s_minus_1970s","1990s minus 1970s","1970s","1990s","BC82",74,62,-12
"1990s_minus_1970s","1990s minus 1970s","1970s","1990s","BC83",69,88,19
"1990s_minus_1970s","1990s minus 1970s","1970s","1990s","BC84",77,86,9
"1990s_minus_1970s","1990s minus 1970s","1970s","1990s","BC85",49,52,3
"1990s_minus_1970s","1990s minus 1970s","1970s","1990s","BC93",44,56,12
"1990s_minus_1970s","1990s minus 1970s","1970s","1990s","BC94",76,95,19
"1990s_minus_1970s","1990s minus 1970s","1970s","1990s","BC95",54,62,8
"1990s_minus_1970s","1990s minus 1970s","1970s","1990s","BC96",60,67,7
"1990s_minus_1970s","1990s minus 1970s","1970s","1990s","BD00",44,51,7
"1990s_minus_1970s","1990s minus 1970s","1970s","1990s","BD02",32,42,10
"1990s_minus_1970s","1990s minus 1970s","1970s","1990s","BD03",29,45,16
"1990s_minus_1970s","1990s minus 1970s","1970s","1990s","BD04",27,60,33
"1990s_minus_1970s","1990s minus 1970s","1970s","1990s","BD05",27,63,36
"1990s_minus_1970s","1990s minus 1970s","1970s","1990s","BD06",30,46,16
"1990s_minus_1970s","1990s minus 1970s","1970s","1990s","BD07",59,60,1
"1990s_minus_1970s","1990s minus 1970s","1970s","1990s","BD08",80,70,-10
"1990s_minus_1970s","1990s minus 1970s","1970s","1990s","BD10",36,56,20
"1990s_minus_1970s","1990s minus 1970s","1970s","1990s","BD11",60,64,4
"1990s_minus_1970s","1990s minus 1970s","1970s","1990s","BD12",46,48,2
"1990s_minus_1970s","1990s minus 1970s","1970s","1990s","BD13",48,72,24
"1990s_minus_1970s","1990s minus 1970s","1970s","1990s","BD17",31,27,-4
"1990s_minus_1970s","1990s minus 1970s","1970s","1990s","BD18",79,47,-32
"1990s_minus_1970s","1990s minus 1970s","1970s","1990s","BD19",67,49,-18
"1990s_minus_1970s","1990s minus 1970s","1970s","1990s","BD21",52,63,11
"1990s_minus_1970s","1990s minus 1970s","1970s","1990s","BD22",40,55,15
"1990s_minus_1970s","1990s minus 1970s","1970s","1990s","BD26",65,33,-32
"1990s_minus_1970s","1990s minus 1970s","1970s","1990s","BD27",56,43,-13
"1990s_minus_1970s","1990s minus 1970s","1970s","1990s","BD28",59,35,-24
"1990s_minus_1970s","1990s minus 1970s","1970s","1990s","BD31",42,56,14
"1990s_minus_1970s","1990s minus 1970s","1970s","1990s","BD32",35,67,32
"1990s_minus_1970s","1990s minus 1970s","1970s","1990s","BD35",42,62,20
"1990s_minus_1970s","1990s minus 1970s","1970s","1990s","BD36",59,62,3
"1990s_minus_1970s","1990s minus 1970s","1970s","1990s","BD37",66,49,-17
"1990s_minus_1970s","1990s minus 1970s","1970s","1990s","BD38",32,39,7
"1990s_minus_1970s","1990s minus 1970s","1970s","1990s","BD39",62,76,14
"1990s_minus_1970s","1990s minus 1970s","1970s","1990s","BD40",33,48,15
"1990s_minus_1970s","1990s minus 1970s","1970s","1990s","BD41",34,51,17
"1990s_minus_1970s","1990s minus 1970s","1970s","1990s","BD42",46,86,40
"1990s_minus_1970s","1990s minus 1970s","1970s","1990s","BD43",41,62,21
"1990s_minus_1970s","1990s minus 1970s","1970s","1990s","BD44",38,65,27
"1990s_minus_1970s","1990s minus 1970s","1970s","1990s","BD45",52,71,19
"1990s_minus_1970s","1990s minus 1970s","1970s","1990s","BD46",50,50,0
"1990s_minus_1970s","1990s minus 1970s","1970s","1990s","BD47",64,52,-12
"1990s_minus_1970s","1990s minus 1970s","1970s","1990s","BD48",67,42,-25
"1990s_minus_1970s","1990s minus 1970s","1970s","1990s","BD49",57,58,1
"1990s_minus_1970s","1990s minus 1970s","1970s","1990s","BD50",44,42,-2
"1990s_minus_1970s","1990s minus 1970s","1970s","1990s","BD51",60,65,5
"1990s_minus_1970s","1990s minus 1970s","1970s","1990s","BD55",54,53,-1
"1990s_minus_1970s","1990s minus 1970s","1970s","1990s","BD56",62,51,-11
"1990s_minus_1970s","1990s minus 1970s","1970s","1990s","BD57",68,65,-3
"1990s_minus_1970s","1990s minus 1970s","1970s","1990s","BD58",51,57,6
"1990s_minus_1970s","1990s minus 1970s","1970s","1990s","BD59",73,60,-13
"1990s_minus_1970s","1990s minus 1970s","1970s","1990s","BD60",36,63,27
"1990s_minus_1970s","1990s minus 1970s","1970s","1990s","BD61",60,77,17
"1990s_minus_1970s","1990s minus 1970s","1970s","1990s","BD64",42,56,14
"1990s_minus_1970s","1990s minus 1970s","1970s","1990s","BD66",52,57,5
"1990s_minus_1970s","1990s minus 1970s","1970s","1990s","BD67",44,49,5
"1990s_minus_1970s","1990s minus 1970s","1970s","1990s","BD68",51,57,6
"1990s_minus_1970s","1990s minus 1970s","1970s","1990s","BD69",52,40,-12
"1990s_minus_1970s","1990s minus 1970s","1970s","1990s","BD70",58,65,7
"1990s_minus_1970s","1990s minus 1970s","1970s","1990s","BD71",45,60,15
"1990s_minus_1970s","1990s minus 1970s","1970s","1990s","BD72",48,63,15
"1990s_minus_1970s","1990s minus 1970s","1970s","1990s","BD73",55,96,41
"1990s_minus_1970s","1990s minus 1970s","1970s","1990s","BD74",48,51,3
"1990s_minus_1970s","1990s minus 1970s","1970s","1990s","BD75",38,57,19
"1990s_minus_1970s","1990s minus 1970s","1970s","1990s","BD76",74,59,-15
"1990s_minus_1970s","1990s minus 1970s","1970s","1990s","BD77",75,73,-2
"1990s_minus_1970s","1990s minus 1970s","1970s","1990s","BD78",74,57,-17
"1990s_minus_1970s","1990s minus 1970s","1970s","1990s","BD80",45,64,19
"1990s_minus_1970s","1990s minus 1970s","1970s","1990s","BD81",58,70,12
"1990s_minus_1970s","1990s minus 1970s","1970s","1990s","BD82",59,80,21
"1990s_minus_1970s","1990s minus 1970s","1970s","1990s","BD83",37,81,44
"1990s_minus_1970s","1990s minus 1970s","1970s","1990s","BD85",44,44,0
"1990s_minus_1970s","1990s minus 1970s","1970s","1990s","BD86",57,63,6
"1990s_minus_1970s","1990s minus 1970s","1970s","1990s","BD87",51,40,-11
"1990s_minus_1970s","1990s minus 1970s","1970s","1990s","BD88",60,66,6
"1990s_minus_1970s","1990s minus 1970s","1970s","1990s","BD89",47,47,0
"1990s_minus_1970s","1990s minus 1970s","1970s","1990s","BD90",38,58,20
"1990s_minus_1970s","1990s minus 1970s","1970s","1990s","BD91",62,58,-4
"1990s_minus_1970s","1990s minus 1970s","1970s","1990s","BD92",35,62,27
"1990s_minus_1970s","1990s minus 1970s","1970s","1990s","BD93",48,40,-8
"1990s_minus_1970s","1990s minus 1970s","1970s","1990s","BD94",38,24,-14
"1990s_minus_1970s","1990s minus 1970s","1970s","1990s","BD95",30,40,10
"1990s_minus_1970s","1990s minus 1970s","1970s","1990s","BD97",60,38,-22
"1990s_minus_1970s","1990s minus 1970s","1970s","1990s","BD98",49,39,-10
"1990s_minus_1970s","1990s minus 1970s","1970s","1990s","BE03",47,68,21
"1990s_minus_1970s","1990s minus 1970s","1970s","1990s","BE04",36,68,32
"1990s_minus_1970s","1990s minus 1970s","1970s","1990s","BE05",52,42,-10
"1990s_minus_1970s","1990s minus 1970s","1970s","1990s","BE06",26,76,50
"1990s_minus_1970s","1990s minus 1970s","1970s","1990s","BE07",61,78,17
"1990s_minus_1970s","1990s minus 1970s","1970s","1990s","BE08",60,78,18
"1990s_minus_1970s","1990s minus 1970s","1970s","1990s","BE09",51,48,-3
"1990s_minus_1970s","1990s minus 1970s","1970s","1990s","BE11",61,69,8
"1990s_minus_1970s","1990s minus 1970s","1970s","1990s","BE12",40,67,27
"1990s_minus_1970s","1990s minus 1970s","1970s","1990s","BE13",41,61,20
"1990s_minus_1970s","1990s minus 1970s","1970s","1990s","BE14",46,63,17
"1990s_minus_1970s","1990s minus 1970s","1970s","1990s","BE15",45,57,12
"1990s_minus_1970s","1990s minus 1970s","1970s","1990s","BE16",44,63,19
"1990s_minus_1970s","1990s minus 1970s","1970s","1990s","BE17",71,71,0
"1990s_minus_1970s","1990s minus 1970s","1970s","1990s","BE18",59,28,-31
"1990s_minus_1970s","1990s minus 1970s","1970s","1990s","BE19",41,55,14
"1990s_minus_1970s","1990s minus 1970s","1970s","1990s","BE20",58,63,5
"1990s_minus_1970s","1990s minus 1970s","1970s","1990s","BE21",41,57,16
"1990s_minus_1970s","1990s minus 1970s","1970s","1990s","BE22",52,57,5
"1990s_minus_1970s","1990s minus 1970s","1970s","1990s","BE23",54,52,-2
"1990s_minus_1970s","1990s minus 1970s","1970s","1990s","BE24",37,67,30
"1990s_minus_1970s","1990s minus 1970s","1970s","1990s","BE25",63,53,-10
"1990s_minus_1970s","1990s minus 1970s","1970s","1990s","BE26",36,51,15
"1990s_minus_1970s","1990s minus 1970s","1970s","1990s","BE27",43,54,11
"1990s_minus_1970s","1990s minus 1970s","1970s","1990s","BE30",58,57,-1
"1990s_minus_1970s","1990s minus 1970s","1970s","1990s","BE31",58,56,-2
"1990s_minus_1970s","1990s minus 1970s","1970s","1990s","BE32",49,56,7
"1990s_minus_1970s","1990s minus 1970s","1970s","1990s","BE33",57,51,-6
"1990s_minus_1970s","1990s minus 1970s","1970s","1990s","BE34",61,69,8
"1990s_minus_1970s","1990s minus 1970s","1970s","1990s","BE35",36,57,21
"1990s_minus_1970s","1990s minus 1970s","1970s","1990s","BE36",38,62,24
"1990s_minus_1970s","1990s minus 1970s","1970s","1990s","BE37",32,68,36
"1990s_minus_1970s","1990s minus 1970s","1970s","1990s","BE38",41,49,8
"1990s_minus_1970s","1990s minus 1970s","1970s","1990s","BE39",36,29,-7
"1990s_minus_1970s","1990s minus 1970s","1970s","1990s","BE40",61,40,-21
"1990s_minus_1970s","1990s minus 1970s","1970s","1990s","BE41",49,43,-6
"1990s_minus_1970s","1990s minus 1970s","1970s","1990s","BE42",33,41,8
"1990s_minus_1970s","1990s minus 1970s","1970s","1990s","BE43",46,37,-9
"1990s_minus_1970s","1990s minus 1970s","1970s","1990s","BE44",39,56,17
"1990s_minus_1970s","1990s minus 1970s","1970s","1990s","BE45",47,52,5
"1990s_minus_1970s","1990s minus 1970s","1970s","1990s","BE46",33,58,25
"1990s_minus_1970s","1990s minus 1970s","1970s","1990s","BE47",30,60,30
"1990s_minus_1970s","1990s minus 1970s","1970s","1990s","BE48",41,51,10
"1990s_minus_1970s","1990s minus 1970s","1970s","1990s","BE50",59,57,-2
"1990s_minus_1970s","1990s minus 1970s","1970s","1990s","BE51",41,53,12
"1990s_minus_1970s","1990s minus 1970s","1970s","1990s","BE52",49,49,0
"1990s_minus_1970s","1990s minus 1970s","1970s","1990s","BE53",52,45,-7
"1990s_minus_1970s","1990s minus 1970s","1970s","1990s","BE54",46,57,11
"1990s_minus_1970s","1990s minus 1970s","1970s","1990s","BE55",54,47,-7
"1990s_minus_1970s","1990s minus 1970s","1970s","1990s","BE56",33,51,18
"1990s_minus_1970s","1990s minus 1970s","1970s","1990s","BE57",40,46,6
"1990s_minus_1970s","1990s minus 1970s","1970s","1990s","BE58",35,74,39
"1990s_minus_1970s","1990s minus 1970s","1970s","1990s","BE59",43,54,11
"1990s_minus_1970s","1990s minus 1970s","1970s","1990s","BE60",61,52,-9
"1990s_minus_1970s","1990s minus 1970s","1970s","1990s","BE61",39,49,10
"1990s_minus_1970s","1990s minus 1970s","1970s","1990s","BE62",54,55,1
"1990s_minus_1970s","1990s minus 1970s","1970s","1990s","BE63",45,63,18
"1990s_minus_1970s","1990s minus 1970s","1970s","1990s","BE64",44,43,-1
"1990s_minus_1970s","1990s minus 1970s","1970s","1990s","BE65",46,57,11
"1990s_minus_1970s","1990s minus 1970s","1970s","1990s","BE66",44,54,10
"1990s_minus_1970s","1990s minus 1970s","1970s","1990s","BE67",31,36,5
"1990s_minus_1970s","1990s minus 1970s","1970s","1990s","BE68",36,55,19
"1990s_minus_1970s","1990s minus 1970s","1970s","1990s","BE69",43,76,33
"1990s_minus_1970s","1990s minus 1970s","1970s","1990s","BE70",53,47,-6
"1990s_minus_1970s","1990s minus 1970s","1970s","1990s","BE71",59,47,-12
"1990s_minus_1970s","1990s minus 1970s","1970s","1990s","BE73",42,62,20
"1990s_minus_1970s","1990s minus 1970s","1970s","1990s","BE74",44,43,-1
"1990s_minus_1970s","1990s minus 1970s","1970s","1990s","BE75",26,37,11
"1990s_minus_1970s","1990s minus 1970s","1970s","1990s","BE76",42,54,12
"1990s_minus_1970s","1990s minus 1970s","1970s","1990s","BE77",30,63,33
"1990s_minus_1970s","1990s minus 1970s","1970s","1990s","BE78",47,58,11
"1990s_minus_1970s","1990s minus 1970s","1970s","1990s","BE79",37,49,12
"1990s_minus_1970s","1990s minus 1970s","1970s","1990s","BE80",59,79,20
"1990s_minus_1970s","1990s minus 1970s","1970s","1990s","BE81",34,55,21
"1990s_minus_1970s","1990s minus 1970s","1970s","1990s","BE82",53,72,19
"1990s_minus_1970s","1990s minus 1970s","1970s","1990s","BE83",36,66,30
"1990s_minus_1970s","1990s minus 1970s","1970s","1990s","BE84",51,57,6
"1990s_minus_1970s","1990s minus 1970s","1970s","1990s","BE85",42,28,-14
"1990s_minus_1970s","1990s minus 1970s","1970s","1990s","BE86",50,56,6
"1990s_minus_1970s","1990s minus 1970s","1970s","1990s","BE87",55,66,11
"1990s_minus_1970s","1990s minus 1970s","1970s","1990s","BE88",41,73,32
"1990s_minus_1970s","1990s minus 1970s","1970s","1990s","BE89",72,48,-24
"1990s_minus_1970s","1990s minus 1970s","1970s","1990s","BE90",57,48,-9
"1990s_minus_1970s","1990s minus 1970s","1970s","1990s","BE91",62,49,-13
"1990s_minus_1970s","1990s minus 1970s","1970s","1990s","BE92",55,70,15
"1990s_minus_1970s","1990s minus 1970s","1970s","1990s","BE93",33,49,16
"1990s_minus_1970s","1990s minus 1970s","1970s","1990s","BE94",56,68,12
"1990s_minus_1970s","1990s minus 1970s","1970s","1990s","BE95",47,55,8
"1990s_minus_1970s","1990s minus 1970s","1970s","1990s","BE96",38,56,18
"1990s_minus_1970s","1990s minus 1970s","1970s","1990s","BE97",41,55,14
"1990s_minus_1970s","1990s minus 1970s","1970s","1990s","BE98",43,68,25
"1990s_minus_1970s","1990s minus 1970s","1970s","1990s","BE99",62,80,18
"1990s_minus_1970s","1990s minus 1970s","1970s","1990s","BF00",57,51,-6
"1990s_minus_1970s","1990s minus 1970s","1970s","1990s","BF01",43,58,15
"1990s_minus_1970s","1990s minus 1970s","1970s","1990s","BF02",54,83,29
"1990s_minus_1970s","1990s minus 1970s","1970s","1990s","BF03",63,85,22
"1990s_minus_1970s","1990s minus 1970s","1970s","1990s","BF04",48,91,43
"1990s_minus_1970s","1990s minus 1970s","1970s","1990s","BF05",59,91,32
"1990s_minus_1970s","1990s minus 1970s","1970s","1990s","BF06",54,64,10
"1990s_minus_1970s","1990s minus 1970s","1970s","1990s","BF07",52,59,7
"1990s_minus_1970s","1990s minus 1970s","1970s","1990s","BF08",44,58,14
"1990s_minus_1970s","1990s minus 1970s","1970s","1990s","BF11",58,77,19
"1990s_minus_1970s","1990s minus 1970s","1970s","1990s","BF12",61,56,-5
"1990s_minus_1970s","1990s minus 1970s","1970s","1990s","BF14",43,50,7
"1990s_minus_1970s","1990s minus 1970s","1970s","1990s","BF15",38,41,3
"1990s_minus_1970s","1990s minus 1970s","1970s","1990s","BF16",43,57,14
"1990s_minus_1970s","1990s minus 1970s","1970s","1990s","BF17",30,43,13
"1990s_minus_1970s","1990s minus 1970s","1970s","1990s","BF18",33,48,15
"1990s_minus_1970s","1990s minus 1970s","1970s","1990s","BF21",50,65,15
"1990s_minus_1970s","1990s minus 1970s","1970s","1990s","BF24",24,45,21
"1990s_minus_1970s","1990s minus 1970s","1970s","1990s","BF27",39,43,4
"1990s_minus_1970s","1990s minus 1970s","1970s","1990s","BF28",44,66,22
"1990s_minus_1970s","1990s minus 1970s","1970s","1990s","BF29",58,41,-17
"1990s_minus_1970s","1990s minus 1970s","1970s","1990s","BF31",54,61,7
"1990s_minus_1970s","1990s minus 1970s","1970s","1990s","BF32",71,79,8
"1990s_minus_1970s","1990s minus 1970s","1970s","1990s","BF33",63,73,10
"1990s_minus_1970s","1990s minus 1970s","1970s","1990s","BF34",27,61,34
"1990s_minus_1970s","1990s minus 1970s","1970s","1990s","BF35",40,53,13
"1990s_minus_1970s","1990s minus 1970s","1970s","1990s","BF36",45,55,10
"1990s_minus_1970s","1990s minus 1970s","1970s","1990s","BF37",40,40,0
"1990s_minus_1970s","1990s minus 1970s","1970s","1990s","BF38",47,72,25
"1990s_minus_1970s","1990s minus 1970s","1970s","1990s","BF40",55,38,-17
"1990s_minus_1970s","1990s minus 1970s","1970s","1990s","BF41",57,40,-17
"1990s_minus_1970s","1990s minus 1970s","1970s","1990s","BF43",48,40,-8
"1990s_minus_1970s","1990s minus 1970s","1970s","1990s","BF46",44,48,4
"1990s_minus_1970s","1990s minus 1970s","1970s","1990s","BF47",33,47,14
"1990s_minus_1970s","1990s minus 1970s","1970s","1990s","BF48",36,53,17
"1990s_minus_1970s","1990s minus 1970s","1970s","1990s","BF49",66,69,3
"1990s_minus_1970s","1990s minus 1970s","1970s","1990s","BF50",55,58,3
"1990s_minus_1970s","1990s minus 1970s","1970s","1990s","BF51",45,61,16
"1990s_minus_1970s","1990s minus 1970s","1970s","1990s","BF53",43,55,12
"1990s_minus_1970s","1990s minus 1970s","1970s","1990s","BF55",45,37,-8
"1990s_minus_1970s","1990s minus 1970s","1970s","1990s","BF56",20,47,27
"1990s_minus_1970s","1990s minus 1970s","1970s","1990s","BF57",42,47,5
"1990s_minus_1970s","1990s minus 1970s","1970s","1990s","BF58",43,44,1
"1990s_minus_1970s","1990s minus 1970s","1970s","1990s","BF59",61,57,-4
"1990s_minus_1970s","1990s minus 1970s","1970s","1990s","BF60",59,68,9
"1990s_minus_1970s","1990s minus 1970s","1970s","1990s","BF61",45,60,15
"1990s_minus_1970s","1990s minus 1970s","1970s","1990s","BF62",57,47,-10
"1990s_minus_1970s","1990s minus 1970s","1970s","1990s","BF63",44,45,1
"1990s_minus_1970s","1990s minus 1970s","1970s","1990s","BF64",46,41,-5
"1990s_minus_1970s","1990s minus 1970s","1970s","1990s","BF65",52,52,0
"1990s_minus_1970s","1990s minus 1970s","1970s","1990s","BF67",38,46,8
"1990s_minus_1970s","1990s minus 1970s","1970s","1990s","BF68",57,44,-13
"1990s_minus_1970s","1990s minus 1970s","1970s","1990s","BF69",57,52,-5
"1990s_minus_1970s","1990s minus 1970s","1970s","1990s","BF70",34,49,15
"1990s_minus_1970s","1990s minus 1970s","1970s","1990s","BF71",45,53,8
"1990s_minus_1970s","1990s minus 1970s","1970s","1990s","BF72",53,69,16
"1990s_minus_1970s","1990s minus 1970s","1970s","1990s","BF73",41,54,13
"1990s_minus_1970s","1990s minus 1970s","1970s","1990s","BF76",45,59,14
"1990s_minus_1970s","1990s minus 1970s","1970s","1990s","BF77",51,49,-2
"1990s_minus_1970s","1990s minus 1970s","1970s","1990s","BF78",53,44,-9
"1990s_minus_1970s","1990s minus 1970s","1970s","1990s","BF79",53,50,-3
"1990s_minus_1970s","1990s minus 1970s","1970s","1990s","BF80",52,56,4
"1990s_minus_1970s","1990s minus 1970s","1970s","1990s","BF81",55,60,5
"1990s_minus_1970s","1990s minus 1970s","1970s","1990s","BF82",64,61,-3
"1990s_minus_1970s","1990s minus 1970s","1970s","1990s","BF83",60,69,9
"1990s_minus_1970s","1990s minus 1970s","1970s","1990s","BF85",43,59,16
"1990s_minus_1970s","1990s minus 1970s","1970s","1990s","BF87",32,51,19
"1990s_minus_1970s","1990s minus 1970s","1970s","1990s","BF88",53,42,-11
"1990s_minus_1970s","1990s minus 1970s","1970s","1990s","BF89",53,38,-15
"1990s_minus_1970s","1990s minus 1970s","1970s","1990s","BF90",52,71,19
"1990s_minus_1970s","1990s minus 1970s","1970s","1990s","BF91",43,58,15
"1990s_minus_1970s","1990s minus 1970s","1970s","1990s","BF92",47,68,21
"1990s_minus_1970s","1990s minus 1970s","1970s","1990s","BF93",41,64,23
"1990s_minus_1970s","1990s minus 1970s","1970s","1990s","BF94",50,46,-4
"1990s_minus_1970s","1990s minus 1970s","1970s","1990s","BF95",47,53,6
"1990s_minus_1970s","1990s minus 1970s","1970s","1990s","BF97",47,64,17
"1990s_minus_1970s","1990s minus 1970s","1970s","1990s","BF98",28,54,26
"1990s_minus_1970s","1990s minus 1970s","1970s","1990s","BF99",36,63,27
"1990s_minus_1970s","1990s minus 1970s","1970s","1990s","BG27",64,61,-3
"1990s_minus_1970s","1990s minus 1970s","1970s","1990s","BG28",59,69,10
"1990s_minus_1970s","1990s minus 1970s","1970s","1990s","BG29",87,76,-11
"1990s_minus_1970s","1990s minus 1970s","1970s","1990s","BG30",37,28,-9
"1990s_minus_1970s","1990s minus 1970s","1970s","1990s","BG31",85,99,14
"1990s_minus_1970s","1990s minus 1970s","1970s","1990s","BG32",92,85,-7
"1990s_minus_1970s","1990s minus 1970s","1970s","1990s","BG33",17,23,6
"1990s_minus_1970s","1990s minus 1970s","1970s","1990s","BG39",54,40,-14
"1990s_minus_1970s","1990s minus 1970s","1970s","1990s","BG41",61,68,7
"1990s_minus_1970s","1990s minus 1970s","1970s","1990s","BG42",72,65,-7
"1990s_minus_1970s","1990s minus 1970s","1970s","1990s","BG43",39,38,-1
"1990s_minus_1970s","1990s minus 1970s","1970s","1990s","BG45",35,44,9
"1990s_minus_1970s","1990s minus 1970s","1970s","1990s","BG49",66,64,-2
"1990s_minus_1970s","1990s minus 1970s","1970s","1990s","BG50",47,54,7
"1990s_minus_1970s","1990s minus 1970s","1970s","1990s","BG55",73,78,5
"1990s_minus_1970s","1990s minus 1970s","1970s","1990s","BG57",25,44,19
"1990s_minus_1970s","1990s minus 1970s","1970s","1990s","BG58",41,77,36
"1990s_minus_1970s","1990s minus 1970s","1970s","1990s","BG60",63,58,-5
"1990s_minus_1970s","1990s minus 1970s","1970s","1990s","BG61",60,48,-12
"1990s_minus_1970s","1990s minus 1970s","1970s","1990s","BG62",68,59,-9
"1990s_minus_1970s","1990s minus 1970s","1970s","1990s","BG63",73,53,-20
"1990s_minus_1970s","1990s minus 1970s","1970s","1990s","BG64",60,66,6
"1990s_minus_1970s","1990s minus 1970s","1970s","1990s","BG65",60,73,13
"1990s_minus_1970s","1990s minus 1970s","1970s","1990s","BG66",65,73,8
"1990s_minus_1970s","1990s minus 1970s","1970s","1990s","BG67",35,55,20
"1990s_minus_1970s","1990s minus 1970s","1970s","1990s","BG68",33,56,23
"1990s_minus_1970s","1990s minus 1970s","1970s","1990s","BG69",39,45,6
"1990s_minus_1970s","1990s minus 1970s","1970s","1990s","BG70",50,57,7
"1990s_minus_1970s","1990s minus 1970s","1970s","1990s","BG71",52,49,-3
"1990s_minus_1970s","1990s minus 1970s","1970s","1990s","BG72",59,54,-5
"1990s_minus_1970s","1990s minus 1970s","1970s","1990s","BG73",65,71,6
"1990s_minus_1970s","1990s minus 1970s","1970s","1990s","BG74",55,54,-1
"1990s_minus_1970s","1990s minus 1970s","1970s","1990s","BG75",54,66,12
"1990s_minus_1970s","1990s minus 1970s","1970s","1990s","BG76",80,69,-11
"1990s_minus_1970s","1990s minus 1970s","1970s","1990s","BG79",47,70,23
"1990s_minus_1970s","1990s minus 1970s","1970s","1990s","BG80",59,42,-17
"1990s_minus_1970s","1990s minus 1970s","1970s","1990s","BG81",51,42,-9
"1990s_minus_1970s","1990s minus 1970s","1970s","1990s","BG82",50,60,10
"1990s_minus_1970s","1990s minus 1970s","1970s","1990s","BG83",65,56,-9
"1990s_minus_1970s","1990s minus 1970s","1970s","1990s","BG84",56,55,-1
"1990s_minus_1970s","1990s minus 1970s","1970s","1990s","BG85",74,71,-3
"1990s_minus_1970s","1990s minus 1970s","1970s","1990s","BG86",52,61,9
"1990s_minus_1970s","1990s minus 1970s","1970s","1990s","BG87",40,64,24
"1990s_minus_1970s","1990s minus 1970s","1970s","1990s","BG89",38,38,0
"1990s_minus_1970s","1990s minus 1970s","1970s","1990s","BG90",61,65,4
"1990s_minus_1970s","1990s minus 1970s","1970s","1990s","BG91",52,48,-4
"1990s_minus_1970s","1990s minus 1970s","1970s","1990s","BG92",57,63,6
"1990s_minus_1970s","1990s minus 1970s","1970s","1990s","BG93",65,63,-2
"1990s_minus_1970s","1990s minus 1970s","1970s","1990s","BG94",43,45,2
"1990s_minus_1970s","1990s minus 1970s","1970s","1990s","BG95",47,78,31
"1990s_minus_1970s","1990s minus 1970s","1970s","1990s","BG96",45,54,9
"1990s_minus_1970s","1990s minus 1970s","1970s","1990s","BG98",43,60,17
"1990s_minus_1970s","1990s minus 1970s","1970s","1990s","BG99",50,52,2
"1990s_minus_1970s","1990s minus 1970s","1970s","1990s","BH57",67,64,-3
"1990s_minus_1970s","1990s minus 1970s","1970s","1990s","BH58",57,39,-18
"1990s_minus_1970s","1990s minus 1970s","1970s","1990s","BH59",55,30,-25
"1990s_minus_1970s","1990s minus 1970s","1970s","1990s","BH66",57,42,-15
"1990s_minus_1970s","1990s minus 1970s","1970s","1990s","BH67",66,64,-2
"1990s_minus_1970s","1990s minus 1970s","1970s","1990s","BH68",55,60,5
"1990s_minus_1970s","1990s minus 1970s","1970s","1990s","BH69",61,69,8
"1990s_minus_1970s","1990s minus 1970s","1970s","1990s","BH76",75,44,-31
"1990s_minus_1970s","1990s minus 1970s","1970s","1990s","BH77",86,95,9
"1990s_minus_1970s","1990s minus 1970s","1970s","1990s","BH78",63,66,3
"1990s_minus_1970s","1990s minus 1970s","1970s","1990s","BH79",63,77,14
"1990s_minus_1970s","1990s minus 1970s","1970s","1990s","BH86",47,82,35
"1990s_minus_1970s","1990s minus 1970s","1970s","1990s","BH87",82,86,4
"1990s_minus_1970s","1990s minus 1970s","1970s","1990s","BH88",60,50,-10
"1990s_minus_1970s","1990s minus 1970s","1970s","1990s","BH89",59,84,25
"1990s_minus_1970s","1990s minus 1970s","1970s","1990s","BH96",51,47,-4
"1990s_minus_1970s","1990s minus 1970s","1970s","1990s","BH97",62,44,-18
"1990s_minus_1970s","1990s minus 1970s","1970s","1990s","BH98",48,70,22
"1990s_minus_1970s","1990s minus 1970s","1970s","1990s","BH99",91,101,10
"1990s_minus_1970s","1990s minus 1970s","1970s","1990s","CB80",27,53,26
"1990s_minus_1970s","1990s minus 1970s","1970s","1990s","CB81",24,39,15
"1990s_minus_1970s","1990s minus 1970s","1970s","1990s","CB93",27,46,19
"1990s_minus_1970s","1990s minus 1970s","1970s","1990s","CC04",67,101,34
"1990s_minus_1970s","1990s minus 1970s","1970s","1990s","CC05",48,90,42
"1990s_minus_1970s","1990s minus 1970s","1970s","1990s","CC06",61,77,16
"1990s_minus_1970s","1990s minus 1970s","1970s","1990s","CC14",38,84,46
"1990s_minus_1970s","1990s minus 1970s","1970s","1990s","CC15",39,62,23
"1990s_minus_1970s","1990s minus 1970s","1970s","1990s","CC16",50,63,13
"1990s_minus_1970s","1990s minus 1970s","1970s","1990s","CC20",40,52,12
"1990s_minus_1970s","1990s minus 1970s","1970s","1990s","CC23",57,51,-6
"1990s_minus_1970s","1990s minus 1970s","1970s","1990s","CC24",55,54,-1
"1990s_minus_1970s","1990s minus 1970s","1970s","1990s","CC25",45,57,12
"1990s_minus_1970s","1990s minus 1970s","1970s","1990s","CC26",40,56,16
"1990s_minus_1970s","1990s minus 1970s","1970s","1990s","CC30",47,67,20
"1990s_minus_1970s","1990s minus 1970s","1970s","1990s","CC31",54,43,-11
"1990s_minus_1970s","1990s minus 1970s","1970s","1990s","CC33",48,61,13
"1990s_minus_1970s","1990s minus 1970s","1970s","1990s","CC34",32,71,39
"1990s_minus_1970s","1990s minus 1970s","1970s","1990s","CC35",43,79,36
"1990s_minus_1970s","1990s minus 1970s","1970s","1990s","CC36",59,73,14
"1990s_minus_1970s","1990s minus 1970s","1970s","1990s","CC40",44,57,13
"1990s_minus_1970s","1990s minus 1970s","1970s","1990s","CC41",52,58,6
"1990s_minus_1970s","1990s minus 1970s","1970s","1990s","CC44",38,65,27
"1990s_minus_1970s","1990s minus 1970s","1970s","1990s","CC45",38,52,14
"1990s_minus_1970s","1990s minus 1970s","1970s","1990s","CC46",72,83,11
"1990s_minus_1970s","1990s minus 1970s","1970s","1990s","CC50",55,52,-3
"1990s_minus_1970s","1990s minus 1970s","1970s","1990s","CC52",40,60,20
"1990s_minus_1970s","1990s minus 1970s","1970s","1990s","CC53",71,78,7
"1990s_minus_1970s","1990s minus 1970s","1970s","1990s","CC54",62,73,11
"1990s_minus_1970s","1990s minus 1970s","1970s","1990s","CC56",73,54,-19
"1990s_minus_1970s","1990s minus 1970s","1970s","1990s","CC57",50,41,-9
"1990s_minus_1970s","1990s minus 1970s","1970s","1990s","CC60",55,52,-3
"1990s_minus_1970s","1990s minus 1970s","1970s","1990s","CC61",75,75,0
"1990s_minus_1970s","1990s minus 1970s","1970s","1990s","CC62",65,67,2
"1990s_minus_1970s","1990s minus 1970s","1970s","1990s","CC63",42,67,25
"1990s_minus_1970s","1990s minus 1970s","1970s","1990s","CC64",57,73,16
"1990s_minus_1970s","1990s minus 1970s","1970s","1990s","CC65",48,72,24
"1990s_minus_1970s","1990s minus 1970s","1970s","1990s","CC66",44,66,22
"1990s_minus_1970s","1990s minus 1970s","1970s","1990s","CC67",49,71,22
"1990s_minus_1970s","1990s minus 1970s","1970s","1990s","CC68",43,55,12
"1990s_minus_1970s","1990s minus 1970s","1970s","1990s","CC70",71,54,-17
"1990s_minus_1970s","1990s minus 1970s","1970s","1990s","CC71",43,53,10
"1990s_minus_1970s","1990s minus 1970s","1970s","1990s","CC72",65,59,-6
"1990s_minus_1970s","1990s minus 1970s","1970s","1990s","CC75",96,91,-5
"1990s_minus_1970s","1990s minus 1970s","1970s","1990s","CC76",43,56,13
"1990s_minus_1970s","1990s minus 1970s","1970s","1990s","CC77",61,83,22
"1990s_minus_1970s","1990s minus 1970s","1970s","1990s","CC80",83,81,-2
"1990s_minus_1970s","1990s minus 1970s","1970s","1990s","CC81",34,41,7
"1990s_minus_1970s","1990s minus 1970s","1970s","1990s","CC82",51,41,-10
"1990s_minus_1970s","1990s minus 1970s","1970s","1990s","CC83",59,49,-10
"1990s_minus_1970s","1990s minus 1970s","1970s","1990s","CC84",41,40,-1
"1990s_minus_1970s","1990s minus 1970s","1970s","1990s","CC85",84,87,3
"1990s_minus_1970s","1990s minus 1970s","1970s","1990s","CC86",50,72,22
"1990s_minus_1970s","1990s minus 1970s","1970s","1990s","CC88",46,46,0
"1990s_minus_1970s","1990s minus 1970s","1970s","1990s","CC89",44,51,7
"1990s_minus_1970s","1990s minus 1970s","1970s","1990s","CC90",45,49,4
"1990s_minus_1970s","1990s minus 1970s","1970s","1990s","CC91",46,61,15
"1990s_minus_1970s","1990s minus 1970s","1970s","1990s","CC92",58,67,9
"1990s_minus_1970s","1990s minus 1970s","1970s","1990s","CC93",62,58,-4
"1990s_minus_1970s","1990s minus 1970s","1970s","1990s","CC94",62,69,7
"1990s_minus_1970s","1990s minus 1970s","1970s","1990s","CC95",30,68,38
"1990s_minus_1970s","1990s minus 1970s","1970s","1990s","CC96",60,67,7
"1990s_minus_1970s","1990s minus 1970s","1970s","1990s","CC97",79,60,-19
"1990s_minus_1970s","1990s minus 1970s","1970s","1990s","CC98",55,53,-2
"1990s_minus_1970s","1990s minus 1970s","1970s","1990s","CC99",39,45,6
"1990s_minus_1970s","1990s minus 1970s","1970s","1990s","CD00",54,38,-16
"1990s_minus_1970s","1990s minus 1970s","1970s","1990s","CD01",47,38,-9
"1990s_minus_1970s","1990s minus 1970s","1970s","1990s","CD02",51,42,-9
"1990s_minus_1970s","1990s minus 1970s","1970s","1990s","CD03",72,77,5
"1990s_minus_1970s","1990s minus 1970s","1970s","1990s","CD04",60,73,13
"1990s_minus_1970s","1990s minus 1970s","1970s","1990s","CD05",35,42,7
"1990s_minus_1970s","1990s minus 1970s","1970s","1990s","CD06",36,34,-2
"1990s_minus_1970s","1990s minus 1970s","1970s","1990s","CD07",36,40,4
"1990s_minus_1970s","1990s minus 1970s","1970s","1990s","CD08",60,43,-17
"1990s_minus_1970s","1990s minus 1970s","1970s","1990s","CD09",55,56,1
"1990s_minus_1970s","1990s minus 1970s","1970s","1990s","CD10",41,47,6
"1990s_minus_1970s","1990s minus 1970s","1970s","1990s","CD11",61,56,-5
"1990s_minus_1970s","1990s minus 1970s","1970s","1990s","CD13",48,73,25
"1990s_minus_1970s","1990s minus 1970s","1970s","1990s","CD14",53,35,-18
"1990s_minus_1970s","1990s minus 1970s","1970s","1990s","CD15",47,35,-12
"1990s_minus_1970s","1990s minus 1970s","1970s","1990s","CD16",50,76,26
"1990s_minus_1970s","1990s minus 1970s","1970s","1990s","CD17",46,68,22
"1990s_minus_1970s","1990s minus 1970s","1970s","1990s","CD18",43,56,13
"1990s_minus_1970s","1990s minus 1970s","1970s","1990s","CD21",54,78,24
"1990s_minus_1970s","1990s minus 1970s","1970s","1990s","CD22",57,38,-19
"1990s_minus_1970s","1990s minus 1970s","1970s","1990s","CD23",45,65,20
"1990s_minus_1970s","1990s minus 1970s","1970s","1990s","CD24",45,74,29
"1990s_minus_1970s","1990s minus 1970s","1970s","1990s","CD26",46,67,21
"1990s_minus_1970s","1990s minus 1970s","1970s","1990s","CD29",41,65,24
"1990s_minus_1970s","1990s minus 1970s","1970s","1990s","CD31",46,75,29
"1990s_minus_1970s","1990s minus 1970s","1970s","1990s","CD32",45,73,28
"1990s_minus_1970s","1990s minus 1970s","1970s","1990s","CD33",74,62,-12
"1990s_minus_1970s","1990s minus 1970s","1970s","1990s","CD34",45,83,38
"1990s_minus_1970s","1990s minus 1970s","1970s","1990s","CD36",42,34,-8
"1990s_minus_1970s","1990s minus 1970s","1970s","1990s","CD40",68,70,2
"1990s_minus_1970s","1990s minus 1970s","1970s","1990s","CD41",40,79,39
"1990s_minus_1970s","1990s minus 1970s","1970s","1990s","CD42",59,74,15
"1990s_minus_1970s","1990s minus 1970s","1970s","1990s","CD43",59,69,10
"1990s_minus_1970s","1990s minus 1970s","1970s","1990s","CD44",39,49,10
"1990s_minus_1970s","1990s minus 1970s","1970s","1990s","CD45",43,45,2
"1990s_minus_1970s","1990s minus 1970s","1970s","1990s","CD47",60,53,-7
"1990s_minus_1970s","1990s minus 1970s","1970s","1990s","CD49",48,53,5
"1990s_minus_1970s","1990s minus 1970s","1970s","1990s","CD50",52,80,28
"1990s_minus_1970s","1990s minus 1970s","1970s","1990s","CD51",54,67,13
"1990s_minus_1970s","1990s minus 1970s","1970s","1990s","CD52",41,70,29
"1990s_minus_1970s","1990s minus 1970s","1970s","1990s","CD53",48,45,-3
"1990s_minus_1970s","1990s minus 1970s","1970s","1990s","CD54",60,66,6
"1990s_minus_1970s","1990s minus 1970s","1970s","1990s","CD57",47,63,16
"1990s_minus_1970s","1990s minus 1970s","1970s","1990s","CD58",40,42,2
"1990s_minus_1970s","1990s minus 1970s","1970s","1990s","CD59",43,39,-4
"1990s_minus_1970s","1990s minus 1970s","1970s","1990s","CD60",65,66,1
"1990s_minus_1970s","1990s minus 1970s","1970s","1990s","CD61",37,55,18
"1990s_minus_1970s","1990s minus 1970s","1970s","1990s","CD62",69,67,-2
"1990s_minus_1970s","1990s minus 1970s","1970s","1990s","CD63",55,73,18
"1990s_minus_1970s","1990s minus 1970s","1970s","1990s","CD64",50,46,-4
"1990s_minus_1970s","1990s minus 1970s","1970s","1990s","CD66",51,57,6
"1990s_minus_1970s","1990s minus 1970s","1970s","1990s","CD67",57,81,24
"1990s_minus_1970s","1990s minus 1970s","1970s","1990s","CD68",35,60,25
"1990s_minus_1970s","1990s minus 1970s","1970s","1990s","CD69",52,54,2
"1990s_minus_1970s","1990s minus 1970s","1970s","1990s","CD70",52,49,-3
"1990s_minus_1970s","1990s minus 1970s","1970s","1990s","CD71",61,61,0
"1990s_minus_1970s","1990s minus 1970s","1970s","1990s","CD72",51,50,-1
"1990s_minus_1970s","1990s minus 1970s","1970s","1990s","CD73",72,65,-7
"1990s_minus_1970s","1990s minus 1970s","1970s","1990s","CD74",70,69,-1
"1990s_minus_1970s","1990s minus 1970s","1970s","1990s","CD75",56,59,3
"1990s_minus_1970s","1990s minus 1970s","1970s","1990s","CD76",38,72,34
"1990s_minus_1970s","1990s minus 1970s","1970s","1990s","CD77",45,43,-2
"1990s_minus_1970s","1990s minus 1970s","1970s","1990s","CD78",38,40,2
"1990s_minus_1970s","1990s minus 1970s","1970s","1990s","CD80",52,45,-7
"1990s_minus_1970s","1990s minus 1970s","1970s","1990s","CD81",49,75,26
"1990s_minus_1970s","1990s minus 1970s","1970s","1990s","CD82",56,64,8
"1990s_minus_1970s","1990s minus 1970s","1970s","1990s","CD83",68,64,-4
"1990s_minus_1970s","1990s minus 1970s","1970s","1990s","CD84",74,69,-5
"1990s_minus_1970s","1990s minus 1970s","1970s","1990s","CD85",60,43,-17
"1990s_minus_1970s","1990s minus 1970s","1970s","1990s","CD86",44,56,12
"1990s_minus_1970s","1990s minus 1970s","1970s","1990s","CD89",62,34,-28
"1990s_minus_1970s","1990s minus 1970s","1970s","1990s","CD90",62,69,7
"1990s_minus_1970s","1990s minus 1970s","1970s","1990s","CD91",53,78,25
"1990s_minus_1970s","1990s minus 1970s","1970s","1990s","CD92",63,74,11
"1990s_minus_1970s","1990s minus 1970s","1970s","1990s","CD94",27,57,30
"1990s_minus_1970s","1990s minus 1970s","1970s","1990s","CD95",70,75,5
"1990s_minus_1970s","1990s minus 1970s","1970s","1990s","CD98",56,72,16
"1990s_minus_1970s","1990s minus 1970s","1970s","1990s","CD99",49,63,14
"1990s_minus_1970s","1990s minus 1970s","1970s","1990s","CE00",67,47,-20
"1990s_minus_1970s","1990s minus 1970s","1970s","1990s","CE01",26,52,26
"1990s_minus_1970s","1990s minus 1970s","1970s","1990s","CE02",57,75,18
"1990s_minus_1970s","1990s minus 1970s","1970s","1990s","CE03",43,44,1
"1990s_minus_1970s","1990s minus 1970s","1970s","1990s","CE04",36,45,9
"1990s_minus_1970s","1990s minus 1970s","1970s","1990s","CE05",29,48,19
"1990s_minus_1970s","1990s minus 1970s","1970s","1990s","CE06",32,54,22
"1990s_minus_1970s","1990s minus 1970s","1970s","1990s","CE07",42,40,-2
"1990s_minus_1970s","1990s minus 1970s","1970s","1990s","CE09",50,43,-7
"1990s_minus_1970s","1990s minus 1970s","1970s","1990s","CE10",60,54,-6
"1990s_minus_1970s","1990s minus 1970s","1970s","1990s","CE11",41,69,28
"1990s_minus_1970s","1990s minus 1970s","1970s","1990s","CE12",26,28,2
"1990s_minus_1970s","1990s minus 1970s","1970s","1990s","CE13",16,38,22
"1990s_minus_1970s","1990s minus 1970s","1970s","1990s","CE14",34,43,9
"1990s_minus_1970s","1990s minus 1970s","1970s","1990s","CE15",41,66,25
"1990s_minus_1970s","1990s minus 1970s","1970s","1990s","CE16",35,55,20
"1990s_minus_1970s","1990s minus 1970s","1970s","1990s","CE17",67,64,-3
"1990s_minus_1970s","1990s minus 1970s","1970s","1990s","CE18",63,43,-20
"1990s_minus_1970s","1990s minus 1970s","1970s","1990s","CE19",55,49,-6
"1990s_minus_1970s","1990s minus 1970s","1970s","1990s","CE20",51,77,26
"1990s_minus_1970s","1990s minus 1970s","1970s","1990s","CE21",37,78,41
"1990s_minus_1970s","1990s minus 1970s","1970s","1990s","CE22",59,73,14
"1990s_minus_1970s","1990s minus 1970s","1970s","1990s","CE23",26,58,32
"1990s_minus_1970s","1990s minus 1970s","1970s","1990s","CE24",31,69,38
"1990s_minus_1970s","1990s minus 1970s","1970s","1990s","CE25",44,35,-9
"1990s_minus_1970s","1990s minus 1970s","1970s","1990s","CE26",39,39,0
"1990s_minus_1970s","1990s minus 1970s","1970s","1990s","CE27",47,39,-8
"1990s_minus_1970s","1990s minus 1970s","1970s","1990s","CE29",44,32,-12
"1990s_minus_1970s","1990s minus 1970s","1970s","1990s","CE30",74,65,-9
"1990s_minus_1970s","1990s minus 1970s","1970s","1990s","CE31",71,71,0
"1990s_minus_1970s","1990s minus 1970s","1970s","1990s","CE32",45,46,1
"1990s_minus_1970s","1990s minus 1970s","1970s","1990s","CE33",41,56,15
"1990s_minus_1970s","1990s minus 1970s","1970s","1990s","CE34",39,39,0
"1990s_minus_1970s","1990s minus 1970s","1970s","1990s","CE35",55,47,-8
"1990s_minus_1970s","1990s minus 1970s","1970s","1990s","CE37",40,44,4
"1990s_minus_1970s","1990s minus 1970s","1970s","1990s","CE38",61,67,6
"1990s_minus_1970s","1990s minus 1970s","1970s","1990s","CE39",36,42,6
"1990s_minus_1970s","1990s minus 1970s","1970s","1990s","CE40",38,37,-1
"1990s_minus_1970s","1990s minus 1970s","1970s","1990s","CE41",41,53,12
"1990s_minus_1970s","1990s minus 1970s","1970s","1990s","CE42",47,64,17
"1990s_minus_1970s","1990s minus 1970s","1970s","1990s","CE45",51,45,-6
"1990s_minus_1970s","1990s minus 1970s","1970s","1990s","CE46",38,43,5
"1990s_minus_1970s","1990s minus 1970s","1970s","1990s","CE47",55,49,-6
"1990s_minus_1970s","1990s minus 1970s","1970s","1990s","CE48",41,61,20
"1990s_minus_1970s","1990s minus 1970s","1970s","1990s","CE49",73,72,-1
"1990s_minus_1970s","1990s minus 1970s","1970s","1990s","CE50",46,56,10
"1990s_minus_1970s","1990s minus 1970s","1970s","1990s","CE51",85,76,-9
"1990s_minus_1970s","1990s minus 1970s","1970s","1990s","CE52",66,80,14
"1990s_minus_1970s","1990s minus 1970s","1970s","1990s","CE54",44,77,33
"1990s_minus_1970s","1990s minus 1970s","1970s","1990s","CE55",43,62,19
"1990s_minus_1970s","1990s minus 1970s","1970s","1990s","CE56",35,60,25
"1990s_minus_1970s","1990s minus 1970s","1970s","1990s","CE57",47,49,2
"1990s_minus_1970s","1990s minus 1970s","1970s","1990s","CE58",44,46,2
"1990s_minus_1970s","1990s minus 1970s","1970s","1990s","CE59",41,37,-4
"1990s_minus_1970s","1990s minus 1970s","1970s","1990s","CE60",81,72,-9
"1990s_minus_1970s","1990s minus 1970s","1970s","1990s","CE61",60,68,8
"1990s_minus_1970s","1990s minus 1970s","1970s","1990s","CE62",64,72,8
"1990s_minus_1970s","1990s minus 1970s","1970s","1990s","CE63",51,74,23
"1990s_minus_1970s","1990s minus 1970s","1970s","1990s","CE64",72,91,19
"1990s_minus_1970s","1990s minus 1970s","1970s","1990s","CE65",44,65,21
"1990s_minus_1970s","1990s minus 1970s","1970s","1990s","CE66",50,47,-3
"1990s_minus_1970s","1990s minus 1970s","1970s","1990s","CE67",57,57,0
"1990s_minus_1970s","1990s minus 1970s","1970s","1990s","CE68",57,52,-5
"1990s_minus_1970s","1990s minus 1970s","1970s","1990s","CE69",48,70,22
"1990s_minus_1970s","1990s minus 1970s","1970s","1990s","CE70",58,60,2
"1990s_minus_1970s","1990s minus 1970s","1970s","1990s","CE71",57,40,-17
"1990s_minus_1970s","1990s minus 1970s","1970s","1990s","CE72",83,77,-6
"1990s_minus_1970s","1990s minus 1970s","1970s","1990s","CE74",54,76,22
"1990s_minus_1970s","1990s minus 1970s","1970s","1990s","CE75",55,74,19
"1990s_minus_1970s","1990s minus 1970s","1970s","1990s","CE76",48,48,0
"1990s_minus_1970s","1990s minus 1970s","1970s","1990s","CE77",56,64,8
"1990s_minus_1970s","1990s minus 1970s","1970s","1990s","CE78",65,84,19
"1990s_minus_1970s","1990s minus 1970s","1970s","1990s","CE79",60,31,-29
"1990s_minus_1970s","1990s minus 1970s","1970s","1990s","CE80",68,66,-2
"1990s_minus_1970s","1990s minus 1970s","1970s","1990s","CE81",75,58,-17
"1990s_minus_1970s","1990s minus 1970s","1970s","1990s","CE82",74,94,20
"1990s_minus_1970s","1990s minus 1970s","1970s","1990s","CE83",55,68,13
"1990s_minus_1970s","1990s minus 1970s","1970s","1990s","CE84",53,76,23
"1990s_minus_1970s","1990s minus 1970s","1970s","1990s","CE85",51,70,19
"1990s_minus_1970s","1990s minus 1970s","1970s","1990s","CE86",56,60,4
"1990s_minus_1970s","1990s minus 1970s","1970s","1990s","CE87",55,54,-1
"1990s_minus_1970s","1990s minus 1970s","1970s","1990s","CE88",70,90,20
"1990s_minus_1970s","1990s minus 1970s","1970s","1990s","CE89",45,77,32
"1990s_minus_1970s","1990s minus 1970s","1970s","1990s","CE90",69,59,-10
"1990s_minus_1970s","1990s minus 1970s","1970s","1990s","CE91",76,65,-11
"1990s_minus_1970s","1990s minus 1970s","1970s","1990s","CE92",71,69,-2
"1990s_minus_1970s","1990s minus 1970s","1970s","1990s","CE93",44,79,35
"1990s_minus_1970s","1990s minus 1970s","1970s","1990s","CE94",41,67,26
"1990s_minus_1970s","1990s minus 1970s","1970s","1990s","CE96",50,56,6
"1990s_minus_1970s","1990s minus 1970s","1970s","1990s","CE97",54,35,-19
"1990s_minus_1970s","1990s minus 1970s","1970s","1990s","CE98",49,51,2
"1990s_minus_1970s","1990s minus 1970s","1970s","1990s","CE99",51,82,31
"1990s_minus_1970s","1990s minus 1970s","1970s","1990s","CF02",34,65,31
"1990s_minus_1970s","1990s minus 1970s","1970s","1990s","CF03",57,60,3
"1990s_minus_1970s","1990s minus 1970s","1970s","1990s","CF04",57,44,-13
"1990s_minus_1970s","1990s minus 1970s","1970s","1990s","CF05",37,48,11
"1990s_minus_1970s","1990s minus 1970s","1970s","1990s","CF06",36,57,21
"1990s_minus_1970s","1990s minus 1970s","1970s","1990s","CF07",49,41,-8
"1990s_minus_1970s","1990s minus 1970s","1970s","1990s","CF08",45,49,4
"1990s_minus_1970s","1990s minus 1970s","1970s","1990s","CF09",39,49,10
"1990s_minus_1970s","1990s minus 1970s","1970s","1990s","CF10",70,75,5
"1990s_minus_1970s","1990s minus 1970s","1970s","1990s","CF13",74,78,4
"1990s_minus_1970s","1990s minus 1970s","1970s","1990s","CF14",56,61,5
"1990s_minus_1970s","1990s minus 1970s","1970s","1990s","CF15",57,64,7
"1990s_minus_1970s","1990s minus 1970s","1970s","1990s","CF16",47,56,9
"1990s_minus_1970s","1990s minus 1970s","1970s","1990s","CF17",41,39,-2
"1990s_minus_1970s","1990s minus 1970s","1970s","1990s","CF18",48,40,-8
"1990s_minus_1970s","1990s minus 1970s","1970s","1990s","CF19",62,61,-1
"1990s_minus_1970s","1990s minus 1970s","1970s","1990s","CF21",41,68,27
"1990s_minus_1970s","1990s minus 1970s","1970s","1990s","CF23",56,63,7
"1990s_minus_1970s","1990s minus 1970s","1970s","1990s","CF25",39,56,17
"1990s_minus_1970s","1990s minus 1970s","1970s","1990s","CF26",30,49,19
"1990s_minus_1970s","1990s minus 1970s","1970s","1990s","CF27",30,54,24
"1990s_minus_1970s","1990s minus 1970s","1970s","1990s","CF28",42,53,11
"1990s_minus_1970s","1990s minus 1970s","1970s","1990s","CF29",62,82,20
"1990s_minus_1970s","1990s minus 1970s","1970s","1990s","CF30",58,69,11
"1990s_minus_1970s","1990s minus 1970s","1970s","1990s","CF31",48,71,23
"1990s_minus_1970s","1990s minus 1970s","1970s","1990s","CF32",62,88,26
"1990s_minus_1970s","1990s minus 1970s","1970s","1990s","CF33",73,81,8
"1990s_minus_1970s","1990s minus 1970s","1970s","1990s","CF34",74,75,1
"1990s_minus_1970s","1990s minus 1970s","1970s","1990s","CF35",68,55,-13
"1990s_minus_1970s","1990s minus 1970s","1970s","1990s","CF37",37,42,5
"1990s_minus_1970s","1990s minus 1970s","1970s","1990s","CF38",56,62,6
"1990s_minus_1970s","1990s minus 1970s","1970s","1990s","CF39",53,69,16
"1990s_minus_1970s","1990s minus 1970s","1970s","1990s","CF40",66,75,9
"1990s_minus_1970s","1990s minus 1970s","1970s","1990s","CF41",60,69,9
"1990s_minus_1970s","1990s minus 1970s","1970s","1990s","CF42",38,56,18
"1990s_minus_1970s","1990s minus 1970s","1970s","1990s","CF43",54,64,10
"1990s_minus_1970s","1990s minus 1970s","1970s","1990s","CF44",63,74,11
"1990s_minus_1970s","1990s minus 1970s","1970s","1990s","CF45",62,54,-8
"1990s_minus_1970s","1990s minus 1970s","1970s","1990s","CF47",36,61,25
"1990s_minus_1970s","1990s minus 1970s","1970s","1990s","CF48",32,42,10
"1990s_minus_1970s","1990s minus 1970s","1970s","1990s","CF49",71,71,0
"1990s_minus_1970s","1990s minus 1970s","1970s","1990s","CF50",72,90,18
"1990s_minus_1970s","1990s minus 1970s","1970s","1990s","CF51",75,84,9
"1990s_minus_1970s","1990s minus 1970s","1970s","1990s","CF52",56,69,13
"1990s_minus_1970s","1990s minus 1970s","1970s","1990s","CF54",66,86,20
"1990s_minus_1970s","1990s minus 1970s","1970s","1990s","CF55",62,80,18
"1990s_minus_1970s","1990s minus 1970s","1970s","1990s","CF56",35,64,29
"1990s_minus_1970s","1990s minus 1970s","1970s","1990s","CF57",42,55,13
"1990s_minus_1970s","1990s minus 1970s","1970s","1990s","CF58",52,52,0
"1990s_minus_1970s","1990s minus 1970s","1970s","1990s","CF59",65,60,-5
"1990s_minus_1970s","1990s minus 1970s","1970s","1990s","CF60",74,77,3
"1990s_minus_1970s","1990s minus 1970s","1970s","1990s","CF61",61,79,18
"1990s_minus_1970s","1990s minus 1970s","1970s","1990s","CF62",51,73,22
"1990s_minus_1970s","1990s minus 1970s","1970s","1990s","CF63",46,72,26
"1990s_minus_1970s","1990s minus 1970s","1970s","1990s","CF64",67,87,20
"1990s_minus_1970s","1990s minus 1970s","1970s","1990s","CF65",61,69,8
"1990s_minus_1970s","1990s minus 1970s","1970s","1990s","CF66",37,64,27
"1990s_minus_1970s","1990s minus 1970s","1970s","1990s","CF67",59,47,-12
"1990s_minus_1970s","1990s minus 1970s","1970s","1990s","CF68",59,62,3
"1990s_minus_1970s","1990s minus 1970s","1970s","1990s","CF69",65,73,8
"1990s_minus_1970s","1990s minus 1970s","1970s","1990s","CF70",67,78,11
"1990s_minus_1970s","1990s minus 1970s","1970s","1990s","CF71",55,52,-3
"1990s_minus_1970s","1990s minus 1970s","1970s","1990s","CF72",39,61,22
"1990s_minus_1970s","1990s minus 1970s","1970s","1990s","CF73",50,68,18
"1990s_minus_1970s","1990s minus 1970s","1970s","1990s","CF74",39,59,20
"1990s_minus_1970s","1990s minus 1970s","1970s","1990s","CF75",52,55,3
"1990s_minus_1970s","1990s minus 1970s","1970s","1990s","CF76",52,49,-3
"1990s_minus_1970s","1990s minus 1970s","1970s","1990s","CF77",34,51,17
"1990s_minus_1970s","1990s minus 1970s","1970s","1990s","CF78",79,74,-5
"1990s_minus_1970s","1990s minus 1970s","1970s","1990s","CF79",58,56,-2
"1990s_minus_1970s","1990s minus 1970s","1970s","1990s","CF80",34,49,15
"1990s_minus_1970s","1990s minus 1970s","1970s","1990s","CF81",33,63,30
"1990s_minus_1970s","1990s minus 1970s","1970s","1990s","CF82",76,92,16
"1990s_minus_1970s","1990s minus 1970s","1970s","1990s","CF83",42,72,30
"1990s_minus_1970s","1990s minus 1970s","1970s","1990s","CF84",67,50,-17
"1990s_minus_1970s","1990s minus 1970s","1970s","1990s","CF85",62,47,-15
"1990s_minus_1970s","1990s minus 1970s","1970s","1990s","CF86",63,57,-6
"1990s_minus_1970s","1990s minus 1970s","1970s","1990s","CF87",65,66,1
"1990s_minus_1970s","1990s minus 1970s","1970s","1990s","CF88",55,41,-14
"1990s_minus_1970s","1990s minus 1970s","1970s","1990s","CF89",68,65,-3
"1990s_minus_1970s","1990s minus 1970s","1970s","1990s","CF90",56,53,-3
"1990s_minus_1970s","1990s minus 1970s","1970s","1990s","CF91",52,60,8
"1990s_minus_1970s","1990s minus 1970s","1970s","1990s","CF92",67,58,-9
"1990s_minus_1970s","1990s minus 1970s","1970s","1990s","CF93",34,75,41
"1990s_minus_1970s","1990s minus 1970s","1970s","1990s","CF94",55,41,-14
"1990s_minus_1970s","1990s minus 1970s","1970s","1990s","CF95",70,63,-7
"1990s_minus_1970s","1990s minus 1970s","1970s","1990s","CF96",65,45,-20
"1990s_minus_1970s","1990s minus 1970s","1970s","1990s","CF97",66,43,-23
"1990s_minus_1970s","1990s minus 1970s","1970s","1990s","CF98",65,68,3
"1990s_minus_1970s","1990s minus 1970s","1970s","1990s","CF99",69,56,-13
"1990s_minus_1970s","1990s minus 1970s","1970s","1990s","CG00",48,33,-15
"1990s_minus_1970s","1990s minus 1970s","1970s","1990s","CG01",45,39,-6
"1990s_minus_1970s","1990s minus 1970s","1970s","1990s","CG02",59,34,-25
"1990s_minus_1970s","1990s minus 1970s","1970s","1990s","CG03",46,44,-2
"1990s_minus_1970s","1990s minus 1970s","1970s","1990s","CG04",54,29,-25
"1990s_minus_1970s","1990s minus 1970s","1970s","1990s","CG05",61,77,16
"1990s_minus_1970s","1990s minus 1970s","1970s","1990s","CG06",60,52,-8
"1990s_minus_1970s","1990s minus 1970s","1970s","1990s","CG07",67,74,7
"1990s_minus_1970s","1990s minus 1970s","1970s","1990s","CG08",66,33,-33
"1990s_minus_1970s","1990s minus 1970s","1970s","1990s","CG09",72,74,2
"1990s_minus_1970s","1990s minus 1970s","1970s","1990s","CG10",48,45,-3
"1990s_minus_1970s","1990s minus 1970s","1970s","1990s","CG11",57,38,-19
"1990s_minus_1970s","1990s minus 1970s","1970s","1990s","CG12",49,40,-9
"1990s_minus_1970s","1990s minus 1970s","1970s","1990s","CG13",55,55,0
"1990s_minus_1970s","1990s minus 1970s","1970s","1990s","CG14",50,39,-11
"1990s_minus_1970s","1990s minus 1970s","1970s","1990s","CG15",58,53,-5
"1990s_minus_1970s","1990s minus 1970s","1970s","1990s","CG17",47,67,20
"1990s_minus_1970s","1990s minus 1970s","1970s","1990s","CG18",71,19,-52
"1990s_minus_1970s","1990s minus 1970s","1970s","1990s","CG19",60,50,-10
"1990s_minus_1970s","1990s minus 1970s","1970s","1990s","CG20",48,35,-13
"1990s_minus_1970s","1990s minus 1970s","1970s","1990s","CG21",48,39,-9
"1990s_minus_1970s","1990s minus 1970s","1970s","1990s","CG23",53,55,2
"1990s_minus_1970s","1990s minus 1970s","1970s","1990s","CG24",48,41,-7
"1990s_minus_1970s","1990s minus 1970s","1970s","1990s","CG25",53,49,-4
"1990s_minus_1970s","1990s minus 1970s","1970s","1990s","CG26",45,49,4
"1990s_minus_1970s","1990s minus 1970s","1970s","1990s","CG27",75,38,-37
"1990s_minus_1970s","1990s minus 1970s","1970s","1990s","CG28",65,26,-39
"1990s_minus_1970s","1990s minus 1970s","1970s","1990s","CG29",60,47,-13
"1990s_minus_1970s","1990s minus 1970s","1970s","1990s","CG30",39,59,20
"1990s_minus_1970s","1990s minus 1970s","1970s","1990s","CG31",54,49,-5
"1990s_minus_1970s","1990s minus 1970s","1970s","1990s","CG32",46,45,-1
"1990s_minus_1970s","1990s minus 1970s","1970s","1990s","CG33",45,40,-5
"1990s_minus_1970s","1990s minus 1970s","1970s","1990s","CG34",47,59,12
"1990s_minus_1970s","1990s minus 1970s","1970s","1990s","CG37",53,49,-4
"1990s_minus_1970s","1990s minus 1970s","1970s","1990s","CG39",68,81,13
"1990s_minus_1970s","1990s minus 1970s","1970s","1990s","CG40",71,85,14
"1990s_minus_1970s","1990s minus 1970s","1970s","1990s","CG41",58,48,-10
"1990s_minus_1970s","1990s minus 1970s","1970s","1990s","CG42",59,64,5
"1990s_minus_1970s","1990s minus 1970s","1970s","1990s","CG43",47,70,23
"1990s_minus_1970s","1990s minus 1970s","1970s","1990s","CG44",65,92,27
"1990s_minus_1970s","1990s minus 1970s","1970s","1990s","CG45",52,51,-1
"1990s_minus_1970s","1990s minus 1970s","1970s","1990s","CG46",68,49,-19
"1990s_minus_1970s","1990s minus 1970s","1970s","1990s","CG47",65,74,9
"1990s_minus_1970s","1990s minus 1970s","1970s","1990s","CG48",82,76,-6
"1990s_minus_1970s","1990s minus 1970s","1970s","1990s","CG49",64,67,3
"1990s_minus_1970s","1990s minus 1970s","1970s","1990s","CG50",58,74,16
"1990s_minus_1970s","1990s minus 1970s","1970s","1990s","CG51",79,89,10
"1990s_minus_1970s","1990s minus 1970s","1970s","1990s","CG52",48,80,32
"1990s_minus_1970s","1990s minus 1970s","1970s","1990s","CG53",65,75,10
"1990s_minus_1970s","1990s minus 1970s","1970s","1990s","CG54",52,94,42
"1990s_minus_1970s","1990s minus 1970s","1970s","1990s","CG55",41,54,13
"1990s_minus_1970s","1990s minus 1970s","1970s","1990s","CG56",50,64,14
"1990s_minus_1970s","1990s minus 1970s","1970s","1990s","CG57",53,71,18
"1990s_minus_1970s","1990s minus 1970s","1970s","1990s","CG58",86,80,-6
"1990s_minus_1970s","1990s minus 1970s","1970s","1990s","CG59",76,80,4
"1990s_minus_1970s","1990s minus 1970s","1970s","1990s","CG60",51,60,9
"1990s_minus_1970s","1990s minus 1970s","1970s","1990s","CG61",67,69,2
"1990s_minus_1970s","1990s minus 1970s","1970s","1990s","CG62",53,43,-10
"1990s_minus_1970s","1990s minus 1970s","1970s","1990s","CG63",47,62,15
"1990s_minus_1970s","1990s minus 1970s","1970s","1990s","CG64",51,56,5
"1990s_minus_1970s","1990s minus 1970s","1970s","1990s","CG65",62,54,-8
"1990s_minus_1970s","1990s minus 1970s","1970s","1990s","CG66",54,68,14
"1990s_minus_1970s","1990s minus 1970s","1970s","1990s","CG67",67,54,-13
"1990s_minus_1970s","1990s minus 1970s","1970s","1990s","CG68",69,74,5
"1990s_minus_1970s","1990s minus 1970s","1970s","1990s","CG69",81,70,-11
"1990s_minus_1970s","1990s minus 1970s","1970s","1990s","CG73",57,66,9
"1990s_minus_1970s","1990s minus 1970s","1970s","1990s","CG74",38,53,15
"1990s_minus_1970s","1990s minus 1970s","1970s","1990s","CG75",54,57,3
"1990s_minus_1970s","1990s minus 1970s","1970s","1990s","CG77",80,66,-14
"1990s_minus_1970s","1990s minus 1970s","1970s","1990s","CG78",54,72,18
"1990s_minus_1970s","1990s minus 1970s","1970s","1990s","CG79",72,73,1
"1990s_minus_1970s","1990s minus 1970s","1970s","1990s","CG80",50,56,6
"1990s_minus_1970s","1990s minus 1970s","1970s","1990s","CG83",60,62,2
"1990s_minus_1970s","1990s minus 1970s","1970s","1990s","CG84",44,75,31
"1990s_minus_1970s","1990s minus 1970s","1970s","1990s","CG85",35,68,33
"1990s_minus_1970s","1990s minus 1970s","1970s","1990s","CG89",75,73,-2
"1990s_minus_1970s","1990s minus 1970s","1970s","1990s","CG90",38,68,30
"1990s_minus_1970s","1990s minus 1970s","1970s","1990s","CG99",56,49,-7
"1990s_minus_1970s","1990s minus 1970s","1970s","1990s","CH06",53,59,6
"1990s_minus_1970s","1990s minus 1970s","1970s","1990s","CH07",55,58,3
"1990s_minus_1970s","1990s minus 1970s","1970s","1990s","CH08",45,62,17
"1990s_minus_1970s","1990s minus 1970s","1970s","1990s","CH09",53,44,-9
"1990s_minus_1970s","1990s minus 1970s","1970s","1990s","CH16",72,59,-13
"1990s_minus_1970s","1990s minus 1970s","1970s","1990s","CH17",58,43,-15
"1990s_minus_1970s","1990s minus 1970s","1970s","1990s","CH18",54,53,-1
"1990s_minus_1970s","1990s minus 1970s","1970s","1990s","CH19",39,49,10
"1990s_minus_1970s","1990s minus 1970s","1970s","1990s","CH26",72,51,-21
"1990s_minus_1970s","1990s minus 1970s","1970s","1990s","CH27",79,59,-20
"1990s_minus_1970s","1990s minus 1970s","1970s","1990s","CH28",55,48,-7
"1990s_minus_1970s","1990s minus 1970s","1970s","1990s","CH29",41,36,-5
"1990s_minus_1970s","1990s minus 1970s","1970s","1990s","CH34",60,74,14
"1990s_minus_1970s","1990s minus 1970s","1970s","1990s","CH35",60,81,21
"1990s_minus_1970s","1990s minus 1970s","1970s","1990s","CH36",68,49,-19
"1990s_minus_1970s","1990s minus 1970s","1970s","1990s","CH37",76,55,-21
"1990s_minus_1970s","1990s minus 1970s","1970s","1990s","CH38",43,60,17
"1990s_minus_1970s","1990s minus 1970s","1970s","1990s","CH39",45,35,-10
"1990s_minus_1970s","1990s minus 1970s","1970s","1990s","CH45",57,80,23
"1990s_minus_1970s","1990s minus 1970s","1970s","1990s","CH46",76,67,-9
"1990s_minus_1970s","1990s minus 1970s","1970s","1990s","CH47",45,48,3
"1990s_minus_1970s","1990s minus 1970s","1970s","1990s","CH48",71,75,4
"1990s_minus_1970s","1990s minus 1970s","1970s","1990s","CH49",49,78,29
"1990s_minus_1970s","1990s minus 1970s","1970s","1990s","CH55",87,61,-26
"1990s_minus_1970s","1990s minus 1970s","1970s","1990s","CH56",87,82,-5
"1990s_minus_1970s","1990s minus 1970s","1970s","1990s","CH57",68,92,24
"1990s_minus_1970s","1990s minus 1970s","1970s","1990s","CH58",72,82,10
"1990s_minus_1970s","1990s minus 1970s","1970s","1990s","CH59",63,81,18
"1990s_minus_1970s","1990s minus 1970s","1970s","1990s","CH65",44,46,2
"1990s_minus_1970s","1990s minus 1970s","1970s","1990s","CH66",71,50,-21
"1990s_minus_1970s","1990s minus 1970s","1970s","1990s","CH67",70,48,-22
"1990s_minus_1970s","1990s minus 1970s","1970s","1990s","CH68",55,53,-2
"1990s_minus_1970s","1990s minus 1970s","1970s","1990s","CH69",34,64,30
"1990s_minus_1970s","1990s minus 1970s","1970s","1990s","CH76",49,33,-16
"1990s_minus_1970s","1990s minus 1970s","1970s","1990s","CH77",102,77,-25
"1990s_minus_1970s","1990s minus 1970s","1970s","1990s","CH78",54,39,-15
"1990s_minus_1970s","1990s minus 1970s","1970s","1990s","CH79",38,82,44
"1990s_minus_1970s","1990s minus 1970s","1970s","1990s","CH86",72,51,-21
"1990s_minus_1970s","1990s minus 1970s","1970s","1990s","CH87",49,58,9
"1990s_minus_1970s","1990s minus 1970s","1970s","1990s","CH88",62,60,-2
"1990s_minus_1970s","1990s minus 1970s","1970s","1990s","CH89",45,78,33
"1990s_minus_1970s","1990s minus 1970s","1970s","1990s","CH95",77,37,-40
"1990s_minus_1970s","1990s minus 1970s","1970s","1990s","CH96",81,47,-34
"1990s_minus_1970s","1990s minus 1970s","1970s","1990s","CH97",75,79,4
"1990s_minus_1970s","1990s minus 1970s","1970s","1990s","CH98",55,65,10
"1990s_minus_1970s","1990s minus 1970s","1970s","1990s","CH99",46,66,20
"1990s_minus_1970s","1990s minus 1970s","1970s","1990s","DB00",43,36,-7
"1990s_minus_1970s","1990s minus 1970s","1970s","1990s","DB01",45,49,4
"1990s_minus_1970s","1990s minus 1970s","1970s","1990s","DB02",26,40,14
"1990s_minus_1970s","1990s minus 1970s","1970s","1990s","DB03",54,40,-14
"1990s_minus_1970s","1990s minus 1970s","1970s","1990s","DB04",18,67,49
"1990s_minus_1970s","1990s minus 1970s","1970s","1990s","DB05",36,70,34
"1990s_minus_1970s","1990s minus 1970s","1970s","1990s","DB11",57,46,-11
"1990s_minus_1970s","1990s minus 1970s","1970s","1990s","DB13",32,74,42
"1990s_minus_1970s","1990s minus 1970s","1970s","1990s","DB14",37,53,16
"1990s_minus_1970s","1990s minus 1970s","1970s","1990s","DB15",40,63,23
"1990s_minus_1970s","1990s minus 1970s","1970s","1990s","DB16",53,46,-7
"1990s_minus_1970s","1990s minus 1970s","1970s","1990s","DB20",35,65,30
"1990s_minus_1970s","1990s minus 1970s","1970s","1990s","DB21",30,46,16
"1990s_minus_1970s","1990s minus 1970s","1970s","1990s","DB22",33,67,34
"1990s_minus_1970s","1990s minus 1970s","1970s","1990s","DB23",34,40,6
"1990s_minus_1970s","1990s minus 1970s","1970s","1990s","DB24",51,63,12
"1990s_minus_1970s","1990s minus 1970s","1970s","1990s","DB25",49,45,-4
"1990s_minus_1970s","1990s minus 1970s","1970s","1990s","DB26",48,50,2
"1990s_minus_1970s","1990s minus 1970s","1970s","1990s","DB31",31,46,15
"1990s_minus_1970s","1990s minus 1970s","1970s","1990s","DB32",43,53,10
"1990s_minus_1970s","1990s minus 1970s","1970s","1990s","DB33",52,42,-10
"1990s_minus_1970s","1990s minus 1970s","1970s","1990s","DB34",63,74,11
"1990s_minus_1970s","1990s minus 1970s","1970s","1990s","DB35",48,62,14
"1990s_minus_1970s","1990s minus 1970s","1970s","1990s","DB36",37,67,30
"1990s_minus_1970s","1990s minus 1970s","1970s","1990s","DB40",64,72,8
"1990s_minus_1970s","1990s minus 1970s","1970s","1990s","DB41",34,47,13
"1990s_minus_1970s","1990s minus 1970s","1970s","1990s","DB42",48,66,18
"1990s_minus_1970s","1990s minus 1970s","1970s","1990s","DB43",49,49,0
"1990s_minus_1970s","1990s minus 1970s","1970s","1990s","DB44",59,57,-2
"1990s_minus_1970s","1990s minus 1970s","1970s","1990s","DB45",47,54,7
"1990s_minus_1970s","1990s minus 1970s","1970s","1990s","DB46",22,70,48
"1990s_minus_1970s","1990s minus 1970s","1970s","1990s","DB52",37,59,22
"1990s_minus_1970s","1990s minus 1970s","1970s","1990s","DB53",43,53,10
"1990s_minus_1970s","1990s minus 1970s","1970s","1990s","DB54",53,69,16
"1990s_minus_1970s","1990s minus 1970s","1970s","1990s","DB55",60,78,18
"1990s_minus_1970s","1990s minus 1970s","1970s","1990s","DB56",53,50,-3
"1990s_minus_1970s","1990s minus 1970s","1970s","1990s","DB57",43,51,8
"1990s_minus_1970s","1990s minus 1970s","1970s","1990s","DB60",48,52,4
"1990s_minus_1970s","1990s minus 1970s","1970s","1990s","DB62",44,47,3
"1990s_minus_1970s","1990s minus 1970s","1970s","1990s","DB63",43,72,29
"1990s_minus_1970s","1990s minus 1970s","1970s","1990s","DB64",53,79,26
"1990s_minus_1970s","1990s minus 1970s","1970s","1990s","DB65",46,61,15
"1990s_minus_1970s","1990s minus 1970s","1970s","1990s","DB66",43,53,10
"1990s_minus_1970s","1990s minus 1970s","1970s","1990s","DB67",52,61,9
"1990s_minus_1970s","1990s minus 1970s","1970s","1990s","DB68",27,66,39
"1990s_minus_1970s","1990s minus 1970s","1970s","1990s","DB70",41,48,7
"1990s_minus_1970s","1990s minus 1970s","1970s","1990s","DB72",55,66,11
"1990s_minus_1970s","1990s minus 1970s","1970s","1990s","DB73",47,74,27
"1990s_minus_1970s","1990s minus 1970s","1970s","1990s","DB74",46,55,9
"1990s_minus_1970s","1990s minus 1970s","1970s","1990s","DB75",46,40,-6
"1990s_minus_1970s","1990s minus 1970s","1970s","1990s","DB77",44,55,11
"1990s_minus_1970s","1990s minus 1970s","1970s","1990s","DB78",50,69,19
"1990s_minus_1970s","1990s minus 1970s","1970s","1990s","DB79",35,63,28
"1990s_minus_1970s","1990s minus 1970s","1970s","1990s","DB80",29,42,13
"1990s_minus_1970s","1990s minus 1970s","1970s","1990s","DB81",38,47,9
"1990s_minus_1970s","1990s minus 1970s","1970s","1990s","DB82",54,46,-8
"1990s_minus_1970s","1990s minus 1970s","1970s","1990s","DB83",64,76,12
"1990s_minus_1970s","1990s minus 1970s","1970s","1990s","DB89",60,62,2
"1990s_minus_1970s","1990s minus 1970s","1970s","1990s","DC00",74,92,18
"1990s_minus_1970s","1990s minus 1970s","1970s","1990s","DC01",52,73,21
"1990s_minus_1970s","1990s minus 1970s","1970s","1990s","DC02",51,46,-5
"1990s_minus_1970s","1990s minus 1970s","1970s","1990s","DC03",42,40,-2
"1990s_minus_1970s","1990s minus 1970s","1970s","1990s","DC04",67,72,5
"1990s_minus_1970s","1990s minus 1970s","1970s","1990s","DC05",47,75,28
"1990s_minus_1970s","1990s minus 1970s","1970s","1990s","DC07",91,78,-13
"1990s_minus_1970s","1990s minus 1970s","1970s","1990s","DC08",88,51,-37
"1990s_minus_1970s","1990s minus 1970s","1970s","1990s","DC09",46,58,12
"1990s_minus_1970s","1990s minus 1970s","1970s","1990s","DC10",53,60,7
"1990s_minus_1970s","1990s minus 1970s","1970s","1990s","DC11",72,68,-4
"1990s_minus_1970s","1990s minus 1970s","1970s","1990s","DC12",43,48,5
"1990s_minus_1970s","1990s minus 1970s","1970s","1990s","DC13",35,75,40
"1990s_minus_1970s","1990s minus 1970s","1970s","1990s","DC14",49,76,27
"1990s_minus_1970s","1990s minus 1970s","1970s","1990s","DC15",55,75,20
"1990s_minus_1970s","1990s minus 1970s","1970s","1990s","DC16",44,62,18
"1990s_minus_1970s","1990s minus 1970s","1970s","1990s","DC17",45,65,20
"1990s_minus_1970s","1990s minus 1970s","1970s","1990s","DC18",53,63,10
"1990s_minus_1970s","1990s minus 1970s","1970s","1990s","DC19",55,59,4
"1990s_minus_1970s","1990s minus 1970s","1970s","1990s","DC20",41,42,1
"1990s_minus_1970s","1990s minus 1970s","1970s","1990s","DC21",47,46,-1
"1990s_minus_1970s","1990s minus 1970s","1970s","1990s","DC22",42,46,4
"1990s_minus_1970s","1990s minus 1970s","1970s","1990s","DC23",76,67,-9
"1990s_minus_1970s","1990s minus 1970s","1970s","1990s","DC24",40,49,9
"1990s_minus_1970s","1990s minus 1970s","1970s","1990s","DC25",49,63,14
"1990s_minus_1970s","1990s minus 1970s","1970s","1990s","DC26",74,71,-3
"1990s_minus_1970s","1990s minus 1970s","1970s","1990s","DC27",54,63,9
"1990s_minus_1970s","1990s minus 1970s","1970s","1990s","DC28",66,61,-5
"1990s_minus_1970s","1990s minus 1970s","1970s","1990s","DC30",42,58,16
"1990s_minus_1970s","1990s minus 1970s","1970s","1990s","DC31",45,47,2
"1990s_minus_1970s","1990s minus 1970s","1970s","1990s","DC32",57,51,-6
"1990s_minus_1970s","1990s minus 1970s","1970s","1990s","DC33",63,57,-6
"1990s_minus_1970s","1990s minus 1970s","1970s","1990s","DC34",35,52,17
"1990s_minus_1970s","1990s minus 1970s","1970s","1990s","DC35",39,68,29
"1990s_minus_1970s","1990s minus 1970s","1970s","1990s","DC36",41,71,30
"1990s_minus_1970s","1990s minus 1970s","1970s","1990s","DC37",41,80,39
"1990s_minus_1970s","1990s minus 1970s","1970s","1990s","DC39",36,69,33
"1990s_minus_1970s","1990s minus 1970s","1970s","1990s","DC40",73,94,21
"1990s_minus_1970s","1990s minus 1970s","1970s","1990s","DC41",58,71,13
"1990s_minus_1970s","1990s minus 1970s","1970s","1990s","DC42",66,70,4
"1990s_minus_1970s","1990s minus 1970s","1970s","1990s","DC43",38,60,22
"1990s_minus_1970s","1990s minus 1970s","1970s","1990s","DC45",35,52,17
"1990s_minus_1970s","1990s minus 1970s","1970s","1990s","DC48",39,54,15
"1990s_minus_1970s","1990s minus 1970s","1970s","1990s","DC49",41,68,27
"1990s_minus_1970s","1990s minus 1970s","1970s","1990s","DC50",44,68,24
"1990s_minus_1970s","1990s minus 1970s","1970s","1990s","DC51",37,58,21
"1990s_minus_1970s","1990s minus 1970s","1970s","1990s","DC52",16,74,58
"1990s_minus_1970s","1990s minus 1970s","1970s","1990s","DC53",58,68,10
"1990s_minus_1970s","1990s minus 1970s","1970s","1990s","DC56",38,75,37
"1990s_minus_1970s","1990s minus 1970s","1970s","1990s","DC57",49,88,39
"1990s_minus_1970s","1990s minus 1970s","1970s","1990s","DC58",49,77,28
"1990s_minus_1970s","1990s minus 1970s","1970s","1990s","DC59",40,48,8
"1990s_minus_1970s","1990s minus 1970s","1970s","1990s","DC64",26,80,54
"1990s_minus_1970s","1990s minus 1970s","1970s","1990s","DC65",44,75,31
"1990s_minus_1970s","1990s minus 1970s","1970s","1990s","DC69",46,57,11
"1990s_minus_1970s","1990s minus 1970s","1970s","1990s","DC79",41,46,5
"1990s_minus_1970s","1990s minus 1970s","1970s","1990s","DC89",42,68,26
"1990s_minus_1970s","1990s minus 1970s","1970s","1990s","DD00",44,57,13
"1990s_minus_1970s","1990s minus 1970s","1970s","1990s","DD01",68,88,20
"1990s_minus_1970s","1990s minus 1970s","1970s","1990s","DD02",50,65,15
"1990s_minus_1970s","1990s minus 1970s","1970s","1990s","DD03",49,81,32
"1990s_minus_1970s","1990s minus 1970s","1970s","1990s","DD04",46,54,8
"1990s_minus_1970s","1990s minus 1970s","1970s","1990s","DD05",66,73,7
"1990s_minus_1970s","1990s minus 1970s","1970s","1990s","DD06",47,69,22
"1990s_minus_1970s","1990s minus 1970s","1970s","1990s","DD07",42,62,20
"1990s_minus_1970s","1990s minus 1970s","1970s","1990s","DD08",60,83,23
"1990s_minus_1970s","1990s minus 1970s","1970s","1990s","DD09",80,70,-10
"1990s_minus_1970s","1990s minus 1970s","1970s","1990s","DD10",54,64,10
"1990s_minus_1970s","1990s minus 1970s","1970s","1990s","DD11",78,73,-5
"1990s_minus_1970s","1990s minus 1970s","1970s","1990s","DD12",69,69,0
"1990s_minus_1970s","1990s minus 1970s","1970s","1990s","DD13",42,54,12
"1990s_minus_1970s","1990s minus 1970s","1970s","1990s","DD14",44,66,22
"1990s_minus_1970s","1990s minus 1970s","1970s","1990s","DD16",66,59,-7
"1990s_minus_1970s","1990s minus 1970s","1970s","1990s","DD17",65,62,-3
"1990s_minus_1970s","1990s minus 1970s","1970s","1990s","DD18",69,96,27
"1990s_minus_1970s","1990s minus 1970s","1970s","1990s","DD19",63,73,10
"1990s_minus_1970s","1990s minus 1970s","1970s","1990s","DD20",52,48,-4
"1990s_minus_1970s","1990s minus 1970s","1970s","1990s","DD21",53,81,28
"1990s_minus_1970s","1990s minus 1970s","1970s","1990s","DD22",35,51,16
"1990s_minus_1970s","1990s minus 1970s","1970s","1990s","DD24",34,73,39
"1990s_minus_1970s","1990s minus 1970s","1970s","1990s","DD26",70,68,-2
"1990s_minus_1970s","1990s minus 1970s","1970s","1990s","DD27",36,55,19
"1990s_minus_1970s","1990s minus 1970s","1970s","1990s","DD28",53,72,19
"1990s_minus_1970s","1990s minus 1970s","1970s","1990s","DD29",67,65,-2
"1990s_minus_1970s","1990s minus 1970s","1970s","1990s","DD30",63,68,5
"1990s_minus_1970s","1990s minus 1970s","1970s","1990s","DD31",54,81,27
"1990s_minus_1970s","1990s minus 1970s","1970s","1990s","DD35",44,61,17
"1990s_minus_1970s","1990s minus 1970s","1970s","1990s","DD37",57,76,19
"1990s_minus_1970s","1990s minus 1970s","1970s","1990s","DD38",45,76,31
"1990s_minus_1970s","1990s minus 1970s","1970s","1990s","DD39",48,64,16
"1990s_minus_1970s","1990s minus 1970s","1970s","1990s","DD40",40,75,35
"1990s_minus_1970s","1990s minus 1970s","1970s","1990s","DD41",49,80,31
"1990s_minus_1970s","1990s minus 1970s","1970s","1990s","DD42",46,77,31
"1990s_minus_1970s","1990s minus 1970s","1970s","1990s","DD43",55,75,20
"1990s_minus_1970s","1990s minus 1970s","1970s","1990s","DD46",41,71,30
"1990s_minus_1970s","1990s minus 1970s","1970s","1990s","DD47",56,88,32
"1990s_minus_1970s","1990s minus 1970s","1970s","1990s","DD48",52,75,23
"1990s_minus_1970s","1990s minus 1970s","1970s","1990s","DD49",48,77,29
"1990s_minus_1970s","1990s minus 1970s","1970s","1990s","DD50",43,63,20
"1990s_minus_1970s","1990s minus 1970s","1970s","1990s","DD51",67,78,11
"1990s_minus_1970s","1990s minus 1970s","1970s","1990s","DD52",47,76,29
"1990s_minus_1970s","1990s minus 1970s","1970s","1990s","DD53",58,72,14
"1990s_minus_1970s","1990s minus 1970s","1970s","1990s","DD54",42,66,24
"1990s_minus_1970s","1990s minus 1970s","1970s","1990s","DD57",61,66,5
"1990s_minus_1970s","1990s minus 1970s","1970s","1990s","DD59",38,74,36
"1990s_minus_1970s","1990s minus 1970s","1970s","1990s","DD61",56,61,5
"1990s_minus_1970s","1990s minus 1970s","1970s","1990s","DD62",55,47,-8
"1990s_minus_1970s","1990s minus 1970s","1970s","1990s","DD63",52,66,14
"1990s_minus_1970s","1990s minus 1970s","1970s","1990s","DD64",55,64,9
"1990s_minus_1970s","1990s minus 1970s","1970s","1990s","DD65",50,73,23
"1990s_minus_1970s","1990s minus 1970s","1970s","1990s","DD70",63,78,15
"1990s_minus_1970s","1990s minus 1970s","1970s","1990s","DD71",47,52,5
"1990s_minus_1970s","1990s minus 1970s","1970s","1990s","DD72",48,60,12
"1990s_minus_1970s","1990s minus 1970s","1970s","1990s","DD80",63,76,13
"1990s_minus_1970s","1990s minus 1970s","1970s","1990s","DD81",49,53,4
"1990s_minus_1970s","1990s minus 1970s","1970s","1990s","DD90",40,79,39
"1990s_minus_1970s","1990s minus 1970s","1970s","1990s","DD91",59,72,13
"1990s_minus_1970s","1990s minus 1970s","1970s","1990s","DD92",46,58,12
"1990s_minus_1970s","1990s minus 1970s","1970s","1990s","DE00",64,55,-9
"1990s_minus_1970s","1990s minus 1970s","1970s","1990s","DE01",79,64,-15
"1990s_minus_1970s","1990s minus 1970s","1970s","1990s","DE02",55,81,26
"1990s_minus_1970s","1990s minus 1970s","1970s","1990s","DE03",57,76,19
"1990s_minus_1970s","1990s minus 1970s","1970s","1990s","DE04",34,50,16
"1990s_minus_1970s","1990s minus 1970s","1970s","1990s","DE05",42,53,11
"1990s_minus_1970s","1990s minus 1970s","1970s","1990s","DE07",69,75,6
"1990s_minus_1970s","1990s minus 1970s","1970s","1990s","DE10",60,49,-11
"1990s_minus_1970s","1990s minus 1970s","1970s","1990s","DE11",59,90,31
"1990s_minus_1970s","1990s minus 1970s","1970s","1990s","DE12",27,88,61
"1990s_minus_1970s","1990s minus 1970s","1970s","1990s","DE13",35,73,38
"1990s_minus_1970s","1990s minus 1970s","1970s","1990s","DE14",44,78,34
"1990s_minus_1970s","1990s minus 1970s","1970s","1990s","DE15",55,69,14
"1990s_minus_1970s","1990s minus 1970s","1970s","1990s","DE16",53,85,32
"1990s_minus_1970s","1990s minus 1970s","1970s","1990s","DE17",53,75,22
"1990s_minus_1970s","1990s minus 1970s","1970s","1990s","DE18",64,67,3
"1990s_minus_1970s","1990s minus 1970s","1970s","1990s","DE19",39,82,43
"1990s_minus_1970s","1990s minus 1970s","1970s","1990s","DE20",65,51,-14
"1990s_minus_1970s","1990s minus 1970s","1970s","1990s","DE21",55,61,6
"1990s_minus_1970s","1990s minus 1970s","1970s","1990s","DE22",45,72,27
"1990s_minus_1970s","1990s minus 1970s","1970s","1990s","DE23",63,68,5
"1990s_minus_1970s","1990s minus 1970s","1970s","1990s","DE24",83,76,-7
"1990s_minus_1970s","1990s minus 1970s","1970s","1990s","DE25",64,68,4
"1990s_minus_1970s","1990s minus 1970s","1970s","1990s","DE26",33,69,36
"1990s_minus_1970s","1990s minus 1970s","1970s","1990s","DE27",40,72,32
"1990s_minus_1970s","1990s minus 1970s","1970s","1990s","DE29",50,51,1
"1990s_minus_1970s","1990s minus 1970s","1970s","1990s","DE30",78,63,-15
"1990s_minus_1970s","1990s minus 1970s","1970s","1990s","DE31",53,57,4
"1990s_minus_1970s","1990s minus 1970s","1970s","1990s","DE32",47,56,9
"1990s_minus_1970s","1990s minus 1970s","1970s","1990s","DE33",38,54,16
"1990s_minus_1970s","1990s minus 1970s","1970s","1990s","DE34",87,90,3
"1990s_minus_1970s","1990s minus 1970s","1970s","1990s","DE35",41,65,24
"1990s_minus_1970s","1990s minus 1970s","1970s","1990s","DE36",59,79,20
"1990s_minus_1970s","1990s minus 1970s","1970s","1990s","DE37",69,76,7
"1990s_minus_1970s","1990s minus 1970s","1970s","1990s","DE38",60,71,11
"1990s_minus_1970s","1990s minus 1970s","1970s","1990s","DE39",32,55,23
"1990s_minus_1970s","1990s minus 1970s","1970s","1990s","DE40",80,60,-20
"1990s_minus_1970s","1990s minus 1970s","1970s","1990s","DE41",48,55,7
"1990s_minus_1970s","1990s minus 1970s","1970s","1990s","DE42",50,57,7
"1990s_minus_1970s","1990s minus 1970s","1970s","1990s","DE43",54,55,1
"1990s_minus_1970s","1990s minus 1970s","1970s","1990s","DE44",86,64,-22
"1990s_minus_1970s","1990s minus 1970s","1970s","1990s","DE45",36,48,12
"1990s_minus_1970s","1990s minus 1970s","1970s","1990s","DE46",37,52,15
"1990s_minus_1970s","1990s minus 1970s","1970s","1990s","DE47",51,46,-5
"1990s_minus_1970s","1990s minus 1970s","1970s","1990s","DE49",36,76,40
"1990s_minus_1970s","1990s minus 1970s","1970s","1990s","DE50",54,53,-1
"1990s_minus_1970s","1990s minus 1970s","1970s","1990s","DE51",83,82,-1
"1990s_minus_1970s","1990s minus 1970s","1970s","1990s","DE52",69,69,0
"1990s_minus_1970s","1990s minus 1970s","1970s","1990s","DE53",69,75,6
"1990s_minus_1970s","1990s minus 1970s","1970s","1990s","DE55",45,48,3
"1990s_minus_1970s","1990s minus 1970s","1970s","1990s","DE56",43,51,8
"1990s_minus_1970s","1990s minus 1970s","1970s","1990s","DE57",46,65,19
"1990s_minus_1970s","1990s minus 1970s","1970s","1990s","DE66",67,37,-30
"1990s_minus_1970s","1990s minus 1970s","1970s","1990s","DE67",63,58,-5
"1990s_minus_1970s","1990s minus 1970s","1970s","1990s","DE68",61,87,26
"1990s_minus_1970s","1990s minus 1970s","1970s","1990s","DE69",64,49,-15
"1990s_minus_1970s","1990s minus 1970s","1970s","1990s","DE75",38,54,16
"1990s_minus_1970s","1990s minus 1970s","1970s","1990s","DE78",54,58,4
"1990s_minus_1970s","1990s minus 1970s","1970s","1990s","DE79",75,79,4
"1990s_minus_1970s","1990s minus 1970s","1970s","1990s","DE84",62,74,12
"1990s_minus_1970s","1990s minus 1970s","1970s","1990s","DE85",36,65,29
"1990s_minus_1970s","1990s minus 1970s","1970s","1990s","DE86",43,68,25
"1990s_minus_1970s","1990s minus 1970s","1970s","1990s","DE87",84,83,-1
"1990s_minus_1970s","1990s minus 1970s","1970s","1990s","DE88",37,77,40
"1990s_minus_1970s","1990s minus 1970s","1970s","1990s","DE89",40,81,41
"1990s_minus_1970s","1990s minus 1970s","1970s","1990s","DE90",44,63,19
"1990s_minus_1970s","1990s minus 1970s","1970s","1990s","DE94",47,62,15
"1990s_minus_1970s","1990s minus 1970s","1970s","1990s","DE96",64,89,25
"1990s_minus_1970s","1990s minus 1970s","1970s","1990s","DE97",75,85,10
"1990s_minus_1970s","1990s minus 1970s","1970s","1990s","DE98",61,75,14
"1990s_minus_1970s","1990s minus 1970s","1970s","1990s","DE99",48,57,9
"1990s_minus_1970s","1990s minus 1970s","1970s","1990s","DF00",57,25,-32
"1990s_minus_1970s","1990s minus 1970s","1970s","1990s","DF01",49,41,-8
"1990s_minus_1970s","1990s minus 1970s","1970s","1990s","DF04",44,63,19
"1990s_minus_1970s","1990s minus 1970s","1970s","1990s","DF05",45,50,5
"1990s_minus_1970s","1990s minus 1970s","1970s","1990s","DF06",45,53,8
"1990s_minus_1970s","1990s minus 1970s","1970s","1990s","DF07",71,48,-23
"1990s_minus_1970s","1990s minus 1970s","1970s","1990s","DF08",37,84,47
"1990s_minus_1970s","1990s minus 1970s","1970s","1990s","DF09",37,66,29
"1990s_minus_1970s","1990s minus 1970s","1970s","1990s","DF10",48,39,-9
"1990s_minus_1970s","1990s minus 1970s","1970s","1990s","DF14",71,46,-25
"1990s_minus_1970s","1990s minus 1970s","1970s","1990s","DF15",65,54,-11
"1990s_minus_1970s","1990s minus 1970s","1970s","1990s","DF16",67,69,2
"1990s_minus_1970s","1990s minus 1970s","1970s","1990s","DF17",65,62,-3
"1990s_minus_1970s","1990s minus 1970s","1970s","1990s","DF18",76,77,1
"1990s_minus_1970s","1990s minus 1970s","1970s","1990s","DF19",56,48,-8
"1990s_minus_1970s","1990s minus 1970s","1970s","1990s","DF20",58,71,13
"1990s_minus_1970s","1990s minus 1970s","1970s","1990s","DF24",52,42,-10
"1990s_minus_1970s","1990s minus 1970s","1970s","1990s","DF25",79,64,-15
"1990s_minus_1970s","1990s minus 1970s","1970s","1990s","DF26",46,51,5
"1990s_minus_1970s","1990s minus 1970s","1970s","1990s","DF27",21,56,35
"1990s_minus_1970s","1990s minus 1970s","1970s","1990s","DF28",76,77,1
"1990s_minus_1970s","1990s minus 1970s","1970s","1990s","DF29",54,59,5
"1990s_minus_1970s","1990s minus 1970s","1970s","1990s","DF30",60,63,3
"1990s_minus_1970s","1990s minus 1970s","1970s","1990s","DF31",64,78,14
"1990s_minus_1970s","1990s minus 1970s","1970s","1990s","DF37",79,75,-4
"1990s_minus_1970s","1990s minus 1970s","1970s","1990s","DF38",93,93,0
"1990s_minus_1970s","1990s minus 1970s","1970s","1990s","DF39",71,54,-17
"1990s_minus_1970s","1990s minus 1970s","1970s","1990s","DF40",62,61,-1
"1990s_minus_1970s","1990s minus 1970s","1970s","1990s","DF41",55,81,26
"1990s_minus_1970s","1990s minus 1970s","1970s","1990s","DF48",60,86,26
"1990s_minus_1970s","1990s minus 1970s","1970s","1990s","DF49",46,53,7
"1990s_minus_1970s","1990s minus 1970s","1970s","1990s","DF51",54,58,4
"1990s_minus_1970s","1990s minus 1970s","1970s","1990s","DF52",45,58,13
"1990s_minus_1970s","1990s minus 1970s","1970s","1990s","DF59",74,74,0
"1990s_minus_1970s","1990s minus 1970s","1970s","1990s","DF60",42,42,0
"1990s_minus_1970s","1990s minus 1970s","1970s","1990s","DF61",62,58,-4
"1990s_minus_1970s","1990s minus 1970s","1970s","1990s","DF62",62,68,6
"1990s_minus_1970s","1990s minus 1970s","1970s","1990s","DF70",42,56,14
"1990s_minus_1970s","1990s minus 1970s","1970s","1990s","DF71",52,66,14
"1990s_minus_1970s","1990s minus 1970s","1970s","1990s","DF72",29,60,31
"1990s_minus_1970s","1990s minus 1970s","1970s","1990s","DF80",63,71,8
"1990s_minus_1970s","1990s minus 1970s","1970s","1990s","DF81",63,57,-6
"1990s_minus_1970s","1990s minus 1970s","1970s","1990s","DF96",64,59,-5
"1990s_minus_1970s","1990s minus 1970s","1970s","1990s","DF97",40,63,23
"1990s_minus_1970s","1990s minus 1970s","1970s","1990s","DF98",36,56,20
"1990s_minus_1970s","1990s minus 1970s","1970s","1990s","DG00",45,51,6
"1990s_minus_1970s","1990s minus 1970s","1970s","1990s","DG07",74,61,-13
"1990s_minus_1970s","1990s minus 1970s","1970s","1990s","DG08",49,72,23
"1990s_minus_1970s","1990s minus 1970s","1970s","1990s","DG09",68,58,-10
"1990s_minus_1970s","1990s minus 1970s","1970s","1990s","DG14",60,44,-16
"1990s_minus_1970s","1990s minus 1970s","1970s","1990s","DG15",51,46,-5
"1990s_minus_1970s","1990s minus 1970s","1970s","1990s","DG16",55,53,-2
"1990s_minus_1970s","1990s minus 1970s","1970s","1990s","DG17",40,83,43
"1990s_minus_1970s","1990s minus 1970s","1970s","1990s","DG18",37,45,8
"1990s_minus_1970s","1990s minus 1970s","1970s","1990s","DG19",43,47,4
"1990s_minus_1970s","1990s minus 1970s","1970s","1990s","DG22",50,55,5
"1990s_minus_1970s","1990s minus 1970s","1970s","1990s","DG23",58,64,6
"1990s_minus_1970s","1990s minus 1970s","1970s","1990s","DG24",52,37,-15
"1990s_minus_1970s","1990s minus 1970s","1970s","1990s","DG25",52,45,-7
"1990s_minus_1970s","1990s minus 1970s","1970s","1990s","DG26",43,44,1
"1990s_minus_1970s","1990s minus 1970s","1970s","1990s","DG27",51,67,16
"1990s_minus_1970s","1990s minus 1970s","1970s","1990s","DG28",63,71,8
"1990s_minus_1970s","1990s minus 1970s","1970s","1990s","DG29",60,46,-14
"1990s_minus_1970s","1990s minus 1970s","1970s","1990s","DG34",46,68,22
"1990s_minus_1970s","1990s minus 1970s","1970s","1990s","DG35",65,41,-24
"1990s_minus_1970s","1990s minus 1970s","1970s","1990s","DG36",37,50,13
"1990s_minus_1970s","1990s minus 1970s","1970s","1990s","DG37",51,65,14
"1990s_minus_1970s","1990s minus 1970s","1970s","1990s","DG38",52,53,1
"1990s_minus_1970s","1990s minus 1970s","1970s","1990s","DG39",41,46,5
"1990s_minus_1970s","1990s minus 1970s","1970s","1990s","DG41",44,68,24
"1990s_minus_1970s","1990s minus 1970s","1970s","1990s","DG42",73,64,-9
"1990s_minus_1970s","1990s minus 1970s","1970s","1990s","DG43",49,59,10
"1990s_minus_1970s","1990s minus 1970s","1970s","1990s","DG44",54,62,8
"1990s_minus_1970s","1990s minus 1970s","1970s","1990s","DG45",41,65,24
"1990s_minus_1970s","1990s minus 1970s","1970s","1990s","DG46",61,54,-7
"1990s_minus_1970s","1990s minus 1970s","1970s","1990s","DG47",52,74,22
"1990s_minus_1970s","1990s minus 1970s","1970s","1990s","DG48",57,74,17
"1990s_minus_1970s","1990s minus 1970s","1970s","1990s","DG49",53,61,8
"1990s_minus_1970s","1990s minus 1970s","1970s","1990s","DG51",81,77,-4
"1990s_minus_1970s","1990s minus 1970s","1970s","1990s","DG52",73,52,-21
"1990s_minus_1970s","1990s minus 1970s","1970s","1990s","DG53",56,49,-7
"1990s_minus_1970s","1990s minus 1970s","1970s","1990s","DG54",40,47,7
"1990s_minus_1970s","1990s minus 1970s","1970s","1990s","DG56",55,60,5
"1990s_minus_1970s","1990s minus 1970s","1970s","1990s","DG57",76,63,-13
"1990s_minus_1970s","1990s minus 1970s","1970s","1990s","DG58",72,77,5
"1990s_minus_1970s","1990s minus 1970s","1970s","1990s","DG59",60,45,-15
"1990s_minus_1970s","1990s minus 1970s","1970s","1990s","DG60",39,73,34
"1990s_minus_1970s","1990s minus 1970s","1970s","1990s","DG61",87,91,4
"1990s_minus_1970s","1990s minus 1970s","1970s","1990s","DG62",89,95,6
"1990s_minus_1970s","1990s minus 1970s","1970s","1990s","DG63",55,71,16
"1990s_minus_1970s","1990s minus 1970s","1970s","1990s","DG64",70,57,-13
"1990s_minus_1970s","1990s minus 1970s","1970s","1990s","DG65",48,45,-3
"1990s_minus_1970s","1990s minus 1970s","1970s","1990s","DG66",42,46,4
"1990s_minus_1970s","1990s minus 1970s","1970s","1990s","DG67",62,54,-8
"1990s_minus_1970s","1990s minus 1970s","1970s","1990s","DG68",43,61,18
"1990s_minus_1970s","1990s minus 1970s","1970s","1990s","DG69",62,75,13
"1990s_minus_1970s","1990s minus 1970s","1970s","1990s","DG70",49,59,10
"1990s_minus_1970s","1990s minus 1970s","1970s","1990s","DG71",68,91,23
"1990s_minus_1970s","1990s minus 1970s","1970s","1990s","DG72",71,80,9
"1990s_minus_1970s","1990s minus 1970s","1970s","1990s","DG73",65,74,9
"1990s_minus_1970s","1990s minus 1970s","1970s","1990s","DG74",48,66,18
"1990s_minus_1970s","1990s minus 1970s","1970s","1990s","DG75",74,55,-19
"1990s_minus_1970s","1990s minus 1970s","1970s","1990s","DG76",48,50,2
"1990s_minus_1970s","1990s minus 1970s","1970s","1990s","DG77",54,52,-2
"1990s_minus_1970s","1990s minus 1970s","1970s","1990s","DG78",68,51,-17
"1990s_minus_1970s","1990s minus 1970s","1970s","1990s","DG79",51,66,15
"1990s_minus_1970s","1990s minus 1970s","1970s","1990s","DG81",48,56,8
"1990s_minus_1970s","1990s minus 1970s","1970s","1990s","DG82",41,74,33
"1990s_minus_1970s","1990s minus 1970s","1970s","1990s","DG83",49,66,17
"1990s_minus_1970s","1990s minus 1970s","1970s","1990s","DG84",42,61,19
"1990s_minus_1970s","1990s minus 1970s","1970s","1990s","DG85",55,42,-13
"1990s_minus_1970s","1990s minus 1970s","1970s","1990s","DG86",57,49,-8
"1990s_minus_1970s","1990s minus 1970s","1970s","1990s","DG87",54,61,7
"1990s_minus_1970s","1990s minus 1970s","1970s","1990s","DG88",71,55,-16
"1990s_minus_1970s","1990s minus 1970s","1970s","1990s","DG89",67,58,-9
"1990s_minus_1970s","1990s minus 1970s","1970s","1990s","DG90",56,60,4
"1990s_minus_1970s","1990s minus 1970s","1970s","1990s","DG91",55,64,9
"1990s_minus_1970s","1990s minus 1970s","1970s","1990s","DG92",55,62,7
"1990s_minus_1970s","1990s minus 1970s","1970s","1990s","DG93",51,62,11
"1990s_minus_1970s","1990s minus 1970s","1970s","1990s","DG94",73,67,-6
"1990s_minus_1970s","1990s minus 1970s","1970s","1990s","DG95",66,58,-8
"1990s_minus_1970s","1990s minus 1970s","1970s","1990s","DG96",59,82,23
"1990s_minus_1970s","1990s minus 1970s","1970s","1990s","DG97",72,64,-8
"1990s_minus_1970s","1990s minus 1970s","1970s","1990s","DG98",62,53,-9
"1990s_minus_1970s","1990s minus 1970s","1970s","1990s","DG99",43,50,7
"1990s_minus_1970s","1990s minus 1970s","1970s","1990s","DH06",76,62,-14
"1990s_minus_1970s","1990s minus 1970s","1970s","1990s","DH07",73,73,0
"1990s_minus_1970s","1990s minus 1970s","1970s","1990s","DH08",39,65,26
"1990s_minus_1970s","1990s minus 1970s","1970s","1990s","DH09",42,50,8
"1990s_minus_1970s","1990s minus 1970s","1970s","1990s","DH16",86,74,-12
"1990s_minus_1970s","1990s minus 1970s","1970s","1990s","DH17",83,82,-1
"1990s_minus_1970s","1990s minus 1970s","1970s","1990s","DH18",60,72,12
"1990s_minus_1970s","1990s minus 1970s","1970s","1990s","DH19",64,70,6
"1990s_minus_1970s","1990s minus 1970s","1970s","1990s","DH26",53,52,-1
"1990s_minus_1970s","1990s minus 1970s","1970s","1990s","DH27",69,52,-17
"1990s_minus_1970s","1990s minus 1970s","1970s","1990s","DH28",61,57,-4
"1990s_minus_1970s","1990s minus 1970s","1970s","1990s","DH36",67,53,-14
"1990s_minus_1970s","1990s minus 1970s","1970s","1990s","DH37",45,27,-18
"1990s_minus_1970s","1990s minus 1970s","1970s","1990s","DH67",41,40,-1
"1990s_minus_1970s","1990s minus 1970s","1970s","1990s","DH75",38,37,-1
"1990s_minus_1970s","1990s minus 1970s","1970s","1990s","DH76",59,49,-10
"1990s_minus_1970s","1990s minus 1970s","1970s","1990s","DH85",44,43,-1
"1990s_minus_1970s","1990s minus 1970s","1970s","1990s","DH86",66,61,-5
"1990s_minus_1970s","1990s minus 1970s","1970s","1990s","DH98",61,52,-9
"1990s_minus_1970s","1990s minus 1970s","1970s","1990s","DH99",65,68,3
"1990s_minus_1970s","1990s minus 1970s","1970s","1990s","EB03",65,50,-15
"1990s_minus_1970s","1990s minus 1970s","1970s","1990s","EB04",50,61,11
"1990s_minus_1970s","1990s minus 1970s","1970s","1990s","EB06",29,51,22
"1990s_minus_1970s","1990s minus 1970s","1970s","1990s","EB07",62,70,8
"1990s_minus_1970s","1990s minus 1970s","1970s","1990s","EB08",48,71,23
"1990s_minus_1970s","1990s minus 1970s","1970s","1990s","EB10",48,71,23
"1990s_minus_1970s","1990s minus 1970s","1970s","1990s","ED00",71,69,-2
"1990s_minus_1970s","1990s minus 1970s","1970s","1990s","ED01",92,86,-6
"1990s_minus_1970s","1990s minus 1970s","1970s","1990s","ED02",41,65,24
"1990s_minus_1970s","1990s minus 1970s","1970s","1990s","ED03",42,65,23
"1990s_minus_1970s","1990s minus 1970s","1970s","1990s","ED12",41,58,17
"1990s_minus_1970s","1990s minus 1970s","1970s","1990s","ED13",58,54,-4
"1990s_minus_1970s","1990s minus 1970s","1970s","1990s","ED21",35,48,13
"1990s_minus_1970s","1990s minus 1970s","1970s","1990s","ED22",48,71,23
"1990s_minus_1970s","1990s minus 1970s","1970s","1990s","ED23",64,89,25
"1990s_minus_1970s","1990s minus 1970s","1970s","1990s","ED30",55,75,20
"1990s_minus_1970s","1990s minus 1970s","1970s","1990s","ED31",39,58,19
"1990s_minus_1970s","1990s minus 1970s","1970s","1990s","EE05",55,64,9
"1990s_minus_1970s","1990s minus 1970s","1970s","1990s","EE06",43,54,11
"1990s_minus_1970s","1990s minus 1970s","1970s","1990s","EE07",57,85,28
"1990s_minus_1970s","1990s minus 1970s","1970s","1990s","EE08",59,59,0
"1990s_minus_1970s","1990s minus 1970s","1970s","1990s","EE09",50,64,14
"1990s_minus_1970s","1990s minus 1970s","1970s","1990s","EE15",37,67,30
"1990s_minus_1970s","1990s minus 1970s","1970s","1990s","EE16",67,74,7
"1990s_minus_1970s","1990s minus 1970s","1970s","1990s","EE17",69,92,23
"1990s_minus_1970s","1990s minus 1970s","1970s","1990s","EE18",48,66,18
"1990s_minus_1970s","1990s minus 1970s","1970s","1990s","EE19",56,61,5
"1990s_minus_1970s","1990s minus 1970s","1970s","1990s","EE27",63,82,19
"1990s_minus_1970s","1990s minus 1970s","1970s","1990s","EE28",49,76,27
"1990s_minus_1970s","1990s minus 1970s","1970s","1990s","EE29",35,57,22
"1990s_minus_1970s","1990s minus 1970s","1970s","1990s","EE39",55,72,17
"1990s_minus_1970s","1990s minus 1970s","1970s","1990s","EF00",43,60,17
"1990s_minus_1970s","1990s minus 1970s","1970s","1990s","EF01",73,76,3
"1990s_minus_1970s","1990s minus 1970s","1970s","1990s","EF02",71,82,11
"1990s_minus_1970s","1990s minus 1970s","1970s","1990s","EF06",56,71,15
"1990s_minus_1970s","1990s minus 1970s","1970s","1990s","EF07",53,46,-7
"1990s_minus_1970s","1990s minus 1970s","1970s","1990s","EF08",47,69,22
"1990s_minus_1970s","1990s minus 1970s","1970s","1990s","EF09",58,73,15
"1990s_minus_1970s","1990s minus 1970s","1970s","1990s","EF10",52,66,14
"1990s_minus_1970s","1990s minus 1970s","1970s","1990s","EF11",70,54,-16
"1990s_minus_1970s","1990s minus 1970s","1970s","1990s","EF45",43,48,5
"1990s_minus_1970s","1990s minus 1970s","1970s","1990s","EF54",52,57,5
"1990s_minus_1970s","1990s minus 1970s","1970s","1990s","EF63",43,23,-20
"1990s_minus_1970s","1990s minus 1970s","1970s","1990s","EF64",56,56,0
"1990s_minus_1970s","1990s minus 1970s","1970s","1990s","EF65",46,77,31
"1990s_minus_1970s","1990s minus 1970s","1970s","1990s","EF69",41,62,21
"1990s_minus_1970s","1990s minus 1970s","1970s","1990s","EF70",55,65,10
"1990s_minus_1970s","1990s minus 1970s","1970s","1990s","EF71",72,80,8
"1990s_minus_1970s","1990s minus 1970s","1970s","1990s","EF72",41,54,13
"1990s_minus_1970s","1990s minus 1970s","1970s","1990s","EF73",47,54,7
"1990s_minus_1970s","1990s minus 1970s","1970s","1990s","EF74",71,62,-9
"1990s_minus_1970s","1990s minus 1970s","1970s","1990s","EF75",83,79,-4
"1990s_minus_1970s","1990s minus 1970s","1970s","1990s","EF80",42,59,17
"1990s_minus_1970s","1990s minus 1970s","1970s","1990s","EF81",70,84,14
"1990s_minus_1970s","1990s minus 1970s","1970s","1990s","EF82",56,80,24
"1990s_minus_1970s","1990s minus 1970s","1970s","1990s","EF83",61,49,-12
"1990s_minus_1970s","1990s minus 1970s","1970s","1990s","EF84",71,38,-33
"1990s_minus_1970s","1990s minus 1970s","1970s","1990s","EF85",45,64,19
"1990s_minus_1970s","1990s minus 1970s","1970s","1990s","EF90",58,81,23
"1990s_minus_1970s","1990s minus 1970s","1970s","1990s","EF91",70,92,22
"1990s_minus_1970s","1990s minus 1970s","1970s","1990s","EF92",75,95,20
"1990s_minus_1970s","1990s minus 1970s","1970s","1990s","EF93",80,102,22
"1990s_minus_1970s","1990s minus 1970s","1970s","1990s","EF94",63,94,31
"1990s_minus_1970s","1990s minus 1970s","1970s","1990s","EF95",63,42,-21
"1990s_minus_1970s","1990s minus 1970s","1970s","1990s","EF96",35,50,15
"1990s_minus_1970s","1990s minus 1970s","1970s","1990s","EG00",62,55,-7
"1990s_minus_1970s","1990s minus 1970s","1970s","1990s","EG01",50,58,8
"1990s_minus_1970s","1990s minus 1970s","1970s","1990s","EG02",52,60,8
"1990s_minus_1970s","1990s minus 1970s","1970s","1990s","EG03",53,50,-3
"1990s_minus_1970s","1990s minus 1970s","1970s","1990s","EG04",88,80,-8
"1990s_minus_1970s","1990s minus 1970s","1970s","1990s","EG05",59,60,1
"1990s_minus_1970s","1990s minus 1970s","1970s","1990s","EG06",57,60,3
"1990s_minus_1970s","1990s minus 1970s","1970s","1990s","EG07",59,48,-11
"1990s_minus_1970s","1990s minus 1970s","1970s","1990s","EG08",58,64,6
"1990s_minus_1970s","1990s minus 1970s","1970s","1990s","EG09",51,49,-2
"1990s_minus_1970s","1990s minus 1970s","1970s","1990s","EG10",52,63,11
"1990s_minus_1970s","1990s minus 1970s","1970s","1990s","EG11",67,56,-11
"1990s_minus_1970s","1990s minus 1970s","1970s","1990s","EG12",39,63,24
"1990s_minus_1970s","1990s minus 1970s","1970s","1990s","EG13",75,64,-11
"1990s_minus_1970s","1990s minus 1970s","1970s","1990s","EG14",47,68,21
"1990s_minus_1970s","1990s minus 1970s","1970s","1990s","EG15",54,69,15
"1990s_minus_1970s","1990s minus 1970s","1970s","1990s","EG16",48,37,-11
"1990s_minus_1970s","1990s minus 1970s","1970s","1990s","EG17",68,66,-2
"1990s_minus_1970s","1990s minus 1970s","1970s","1990s","EG18",65,58,-7
"1990s_minus_1970s","1990s minus 1970s","1970s","1990s","EG19",45,74,29
"1990s_minus_1970s","1990s minus 1970s","1970s","1990s","EG21",60,48,-12
"1990s_minus_1970s","1990s minus 1970s","1970s","1990s","EG22",66,61,-5
"1990s_minus_1970s","1990s minus 1970s","1970s","1990s","EG23",67,57,-10
"1990s_minus_1970s","1990s minus 1970s","1970s","1990s","EG24",64,62,-2
"1990s_minus_1970s","1990s minus 1970s","1970s","1990s","EG25",90,73,-17
"1990s_minus_1970s","1990s minus 1970s","1970s","1990s","EG26",88,69,-19
"1990s_minus_1970s","1990s minus 1970s","1970s","1990s","EG30",38,61,23
"1990s_minus_1970s","1990s minus 1970s","1970s","1990s","EG40",44,50,6
"1990s_minus_1970s","1990s minus 1970s","1970s","1990s","EG41",65,42,-23
"1990s_minus_1970s","1990s minus 1970s","1970s","1990s","EG42",59,66,7
"1990s_minus_1970s","1990s minus 1970s","1970s","1990s","EG76",76,65,-11
"1990s_minus_1970s","1990s minus 1970s","1970s","1990s","EG77",82,60,-22
"1990s_minus_1970s","1990s minus 1970s","1970s","1990s","EG84",76,80,4
"1990s_minus_1970s","1990s minus 1970s","1970s","1990s","EG85",53,84,31
"1990s_minus_1970s","1990s minus 1970s","1970s","1990s","EG86",55,61,6
"1990s_minus_1970s","1990s minus 1970s","1970s","1990s","EG87",66,51,-15
"1990s_minus_1970s","1990s minus 1970s","1970s","1990s","EG88",66,79,13
"1990s_minus_1970s","1990s minus 1970s","1970s","1990s","EG89",48,42,-6
"1990s_minus_1970s","1990s minus 1970s","1970s","1990s","EG94",90,96,6
"1990s_minus_1970s","1990s minus 1970s","1970s","1990s","EG95",51,66,15
"1990s_minus_1970s","1990s minus 1970s","1970s","1990s","EG96",47,73,26
"1990s_minus_1970s","1990s minus 1970s","1970s","1990s","EG97",56,38,-18
"1990s_minus_1970s","1990s minus 1970s","1970s","1990s","EG98",48,54,6
"1990s_minus_1970s","1990s minus 1970s","1970s","1990s","EG99",52,82,30
"1990s_minus_1970s","1990s minus 1970s","1970s","1990s","EH08",79,67,-12
"1990s_minus_1970s","1990s minus 1970s","1970s","1990s","EH09",62,60,-2
"1990s_minus_1970s","1990s minus 1970s","1970s","1990s","EH13",60,85,25
"1990s_minus_1970s","1990s minus 1970s","1970s","1990s","EH14",69,97,28
"1990s_minus_1970s","1990s minus 1970s","1970s","1990s","EH15",62,84,22
"1990s_minus_1970s","1990s minus 1970s","1970s","1990s","EH16",51,71,20
"1990s_minus_1970s","1990s minus 1970s","1970s","1990s","EH17",46,71,25
"1990s_minus_1970s","1990s minus 1970s","1970s","1990s","EH23",50,96,46
"1990s_minus_1970s","1990s minus 1970s","1970s","1990s","EH24",66,97,31
"1990s_minus_1970s","1990s minus 1970s","1970s","1990s","EH25",54,98,44
"1990s_minus_1970s","1990s minus 1970s","1970s","1990s","EH26",61,85,24
"1990s_minus_1970s","1990s minus 1970s","1970s","1990s","EH27",81,57,-24
"1990s_minus_1970s","1990s minus 1970s","1970s","1990s","EH28",27,55,28
"1990s_minus_1970s","1990s minus 1970s","1970s","1990s","EH37",37,31,-6
"1990s_minus_1970s","1990s minus 1970s","1970s","1990s","EH38",63,59,-4
"1990s_minus_1970s","1990s minus 1970s","1970s","1990s","EH39",51,79,28
"1990s_minus_1970s","1990s minus 1970s","1970s","1990s","EH49",39,44,5
"1990s_minus_1970s","1990s minus 1970s","1970s","1990s","EH54",34,57,23
"1990s_minus_1970s","1990s minus 1970s","1970s","1990s","EH64",48,62,14
"1990s_minus_1970s","1990s minus 1970s","1970s","1990s","EH66",47,72,25
"1990s_minus_1970s","1990s minus 1970s","1970s","1990s","EH67",56,67,11
"1990s_minus_1970s","1990s minus 1970s","1970s","1990s","EH73",47,63,16
"1990s_minus_1970s","1990s minus 1970s","1970s","1990s","EH74",39,52,13
"1990s_minus_1970s","1990s minus 1970s","1970s","1990s","EH75",48,88,40
"1990s_minus_1970s","1990s minus 1970s","1970s","1990s","EH77",44,65,21
"1990s_minus_1970s","1990s minus 1970s","1970s","1990s","EH78",49,62,13
"1990s_minus_1970s","1990s minus 1970s","1970s","1990s","EH83",50,67,17
"1990s_minus_1970s","1990s minus 1970s","1970s","1990s","EH84",44,46,2
"1990s_minus_1970s","1990s minus 1970s","1970s","1990s","EH85",34,68,34
"1990s_minus_1970s","1990s minus 1970s","1970s","1990s","EH87",43,57,14
"1990s_minus_1970s","1990s minus 1970s","1970s","1990s","EH88",47,65,18
"1990s_minus_1970s","1990s minus 1970s","1970s","1990s","EH92",32,65,33
"1990s_minus_1970s","1990s minus 1970s","1970s","1990s","EH93",40,54,14
"1990s_minus_1970s","1990s minus 1970s","1970s","1990s","EH94",31,48,17
"1990s_minus_1970s","1990s minus 1970s","1970s","1990s","EH95",37,56,19
"1990s_minus_1970s","1990s minus 1970s","1970s","1990s","EH96",71,72,1
"1990s_minus_1970s","1990s minus 1970s","1970s","1990s","EH97",54,71,17
"1990s_minus_1970s","1990s minus 1970s","1970s","1990s","FE00",51,35,-16
"1990s_minus_1970s","1990s minus 1970s","1970s","1990s","FE10",82,65,-17
"1990s_minus_1970s","1990s minus 1970s","1970s","1990s","FE20",75,74,-1
"1990s_minus_1970s","1990s minus 1970s","1970s","1990s","FE30",101,105,4
"1990s_minus_1970s","1990s minus 1970s","1970s","1990s","FE40",92,75,-17
"1990s_minus_1970s","1990s minus 1970s","1970s","1990s","FE60",69,95,26
"1990s_minus_1970s","1990s minus 1970s","1970s","1990s","FE61",59,88,29
"1990s_minus_1970s","1990s minus 1970s","1970s","1990s","FE71",61,62,1
"1990s_minus_1970s","1990s minus 1970s","1970s","1990s","FE72",78,68,-10
"1990s_minus_1970s","1990s minus 1970s","1970s","1990s","FE80",77,77,0
"1990s_minus_1970s","1990s minus 1970s","1970s","1990s","FE81",69,69,0
"1990s_minus_1970s","1990s minus 1970s","1970s","1990s","FE82",87,80,-7
"1990s_minus_1970s","1990s minus 1970s","1970s","1990s","FE83",74,73,-1
"1990s_minus_1970s","1990s minus 1970s","1970s","1990s","FE90",47,69,22
"1990s_minus_1970s","1990s minus 1970s","1970s","1990s","FE91",63,82,19
"1990s_minus_1970s","1990s minus 1970s","1970s","1990s","FE92",52,63,11
"1990s_minus_1970s","1990s minus 1970s","1970s","1990s","FE93",60,55,-5
"1990s_minus_1970s","1990s minus 1970s","1970s","1990s","FE94",62,59,-3
"1990s_minus_1970s","1990s minus 1970s","1970s","1990s","FF00",59,51,-8
"1990s_minus_1970s","1990s minus 1970s","1970s","1990s","FF01",57,53,-4
"1990s_minus_1970s","1990s minus 1970s","1970s","1990s","FF02",35,86,51
"1990s_minus_1970s","1990s minus 1970s","1970s","1990s","FF03",67,72,5
"1990s_minus_1970s","1990s minus 1970s","1970s","1990s","FF04",52,57,5
"1990s_minus_1970s","1990s minus 1970s","1970s","1990s","FF05",51,50,-1
"1990s_minus_1970s","1990s minus 1970s","1970s","1990s","FF06",41,45,4
"1990s_minus_1970s","1990s minus 1970s","1970s","1990s","FF07",36,55,19
"1990s_minus_1970s","1990s minus 1970s","1970s","1990s","FF08",55,36,-19
"1990s_minus_1970s","1990s minus 1970s","1970s","1990s","FF10",83,99,16
"1990s_minus_1970s","1990s minus 1970s","1970s","1990s","FF12",39,86,47
"1990s_minus_1970s","1990s minus 1970s","1970s","1990s","FF13",62,56,-6
"1990s_minus_1970s","1990s minus 1970s","1970s","1990s","FF14",61,71,10
"1990s_minus_1970s","1990s minus 1970s","1970s","1990s","FF15",45,37,-8
"1990s_minus_1970s","1990s minus 1970s","1970s","1990s","FF16",36,39,3
"1990s_minus_1970s","1990s minus 1970s","1970s","1990s","FF17",36,63,27
"1990s_minus_1970s","1990s minus 1970s","1970s","1990s","FF18",73,71,-2
"1990s_minus_1970s","1990s minus 1970s","1970s","1990s","FF19",67,55,-12
"1990s_minus_1970s","1990s minus 1970s","1970s","1990s","FF21",66,62,-4
"1990s_minus_1970s","1990s minus 1970s","1970s","1990s","FF22",66,88,22
"1990s_minus_1970s","1990s minus 1970s","1970s","1990s","FF23",62,60,-2
"1990s_minus_1970s","1990s minus 1970s","1970s","1990s","FF24",58,60,2
"1990s_minus_1970s","1990s minus 1970s","1970s","1990s","FF25",51,57,6
"1990s_minus_1970s","1990s minus 1970s","1970s","1990s","FF26",60,51,-9
"1990s_minus_1970s","1990s minus 1970s","1970s","1990s","FF27",58,67,9
"1990s_minus_1970s","1990s minus 1970s","1970s","1990s","FF29",55,56,1
"1990s_minus_1970s","1990s minus 1970s","1970s","1990s","FF30",60,71,11
"1990s_minus_1970s","1990s minus 1970s","1970s","1990s","FF31",63,64,1
"1990s_minus_1970s","1990s minus 1970s","1970s","1990s","FF32",47,62,15
"1990s_minus_1970s","1990s minus 1970s","1970s","1990s","FF33",62,54,-8
"1990s_minus_1970s","1990s minus 1970s","1970s","1990s","FF34",35,45,10
"1990s_minus_1970s","1990s minus 1970s","1970s","1990s","FF35",44,61,17
"1990s_minus_1970s","1990s minus 1970s","1970s","1990s","FF36",53,58,5
"1990s_minus_1970s","1990s minus 1970s","1970s","1990s","FF37",50,20,-30
"1990s_minus_1970s","1990s minus 1970s","1970s","1990s","FF38",42,60,18
"1990s_minus_1970s","1990s minus 1970s","1970s","1990s","FF39",42,76,34
"1990s_minus_1970s","1990s minus 1970s","1970s","1990s","FF40",71,76,5
"1990s_minus_1970s","1990s minus 1970s","1970s","1990s","FF41",74,59,-15
"1990s_minus_1970s","1990s minus 1970s","1970s","1990s","FF42",67,52,-15
"1990s_minus_1970s","1990s minus 1970s","1970s","1990s","FF43",70,56,-14
"1990s_minus_1970s","1990s minus 1970s","1970s","1990s","FF44",65,47,-18
"1990s_minus_1970s","1990s minus 1970s","1970s","1990s","FF45",47,56,9
"1990s_minus_1970s","1990s minus 1970s","1970s","1990s","FF46",53,52,-1
"1990s_minus_1970s","1990s minus 1970s","1970s","1990s","FF50",63,66,3
"1990s_minus_1970s","1990s minus 1970s","1970s","1990s","FF51",62,56,-6
"1990s_minus_1970s","1990s minus 1970s","1970s","1990s","FF52",61,55,-6
"1990s_minus_1970s","1990s minus 1970s","1970s","1990s","FF53",53,57,4
"1990s_minus_1970s","1990s minus 1970s","1970s","1990s","FF54",70,90,20
"1990s_minus_1970s","1990s minus 1970s","1970s","1990s","FF55",53,54,1
"1990s_minus_1970s","1990s minus 1970s","1970s","1990s","FF57",59,65,6
"1990s_minus_1970s","1990s minus 1970s","1970s","1990s","FF60",85,68,-17
"1990s_minus_1970s","1990s minus 1970s","1970s","1990s","FF61",32,67,35
"1990s_minus_1970s","1990s minus 1970s","1970s","1990s","FF62",78,81,3
"1990s_minus_1970s","1990s minus 1970s","1970s","1990s","FF63",70,58,-12
"1990s_minus_1970s","1990s minus 1970s","1970s","1990s","FF64",72,67,-5
"1990s_minus_1970s","1990s minus 1970s","1970s","1990s","FF65",45,46,1
"1990s_minus_1970s","1990s minus 1970s","1970s","1990s","FF66",55,68,13
"1990s_minus_1970s","1990s minus 1970s","1970s","1990s","FF67",48,89,41
"1990s_minus_1970s","1990s minus 1970s","1970s","1990s","FF69",54,85,31
"1990s_minus_1970s","1990s minus 1970s","1970s","1990s","FF70",92,78,-14
"1990s_minus_1970s","1990s minus 1970s","1970s","1990s","FF71",70,61,-9
"1990s_minus_1970s","1990s minus 1970s","1970s","1990s","FF72",56,65,9
"1990s_minus_1970s","1990s minus 1970s","1970s","1990s","FF73",74,69,-5
"1990s_minus_1970s","1990s minus 1970s","1970s","1990s","FF74",66,71,5
"1990s_minus_1970s","1990s minus 1970s","1970s","1990s","FF75",78,64,-14
"1990s_minus_1970s","1990s minus 1970s","1970s","1990s","FF76",79,79,0
"1990s_minus_1970s","1990s minus 1970s","1970s","1990s","FF77",51,55,4
"1990s_minus_1970s","1990s minus 1970s","1970s","1990s","FF78",68,82,14
"1990s_minus_1970s","1990s minus 1970s","1970s","1990s","FF79",70,99,29
"1990s_minus_1970s","1990s minus 1970s","1970s","1990s","FF80",72,88,16
"1990s_minus_1970s","1990s minus 1970s","1970s","1990s","FF81",62,73,11
"1990s_minus_1970s","1990s minus 1970s","1970s","1990s","FF82",60,51,-9
"1990s_minus_1970s","1990s minus 1970s","1970s","1990s","FF83",50,66,16
"1990s_minus_1970s","1990s minus 1970s","1970s","1990s","FF84",57,80,23
"1990s_minus_1970s","1990s minus 1970s","1970s","1990s","FF86",75,96,21
"1990s_minus_1970s","1990s minus 1970s","1970s","1990s","FF87",62,72,10
"1990s_minus_1970s","1990s minus 1970s","1970s","1990s","FF88",41,60,19
"1990s_minus_1970s","1990s minus 1970s","1970s","1990s","FF89",71,59,-12
"1990s_minus_1970s","1990s minus 1970s","1970s","1990s","FF90",61,78,17
"1990s_minus_1970s","1990s minus 1970s","1970s","1990s","FF91",41,52,11
"1990s_minus_1970s","1990s minus 1970s","1970s","1990s","FF92",37,50,13
"1990s_minus_1970s","1990s minus 1970s","1970s","1990s","FF93",47,56,9
"1990s_minus_1970s","1990s minus 1970s","1970s","1990s","FF94",41,45,4
"1990s_minus_1970s","1990s minus 1970s","1970s","1990s","FF95",60,79,19
"1990s_minus_1970s","1990s minus 1970s","1970s","1990s","FF96",68,68,0
"1990s_minus_1970s","1990s minus 1970s","1970s","1990s","FF97",44,61,17
"1990s_minus_1970s","1990s minus 1970s","1970s","1990s","FF98",48,67,19
"1990s_minus_1970s","1990s minus 1970s","1970s","1990s","FF99",47,65,18
"1990s_minus_1970s","1990s minus 1970s","1970s","1990s","FG04",68,61,-7
"1990s_minus_1970s","1990s minus 1970s","1970s","1990s","FG06",29,39,10
"1990s_minus_1970s","1990s minus 1970s","1970s","1990s","FG07",41,45,4
"1990s_minus_1970s","1990s minus 1970s","1970s","1990s","FG08",68,75,7
"1990s_minus_1970s","1990s minus 1970s","1970s","1990s","FG09",57,51,-6
"1990s_minus_1970s","1990s minus 1970s","1970s","1990s","FG14",40,70,30
"1990s_minus_1970s","1990s minus 1970s","1970s","1990s","FG18",65,70,5
"1990s_minus_1970s","1990s minus 1970s","1970s","1990s","FG19",56,72,16
"1990s_minus_1970s","1990s minus 1970s","1970s","1990s","FG24",38,48,10
"1990s_minus_1970s","1990s minus 1970s","1970s","1990s","FG26",52,48,-4
"1990s_minus_1970s","1990s minus 1970s","1970s","1990s","FG27",68,67,-1
"1990s_minus_1970s","1990s minus 1970s","1970s","1990s","FG28",81,82,1
"1990s_minus_1970s","1990s minus 1970s","1970s","1990s","FG29",77,79,2
"1990s_minus_1970s","1990s minus 1970s","1970s","1990s","FG33",57,36,-21
"1990s_minus_1970s","1990s minus 1970s","1970s","1990s","FG34",65,49,-16
"1990s_minus_1970s","1990s minus 1970s","1970s","1990s","FG35",44,39,-5
"1990s_minus_1970s","1990s minus 1970s","1970s","1990s","FG37",79,83,4
"1990s_minus_1970s","1990s minus 1970s","1970s","1990s","FG38",46,76,30
"1990s_minus_1970s","1990s minus 1970s","1970s","1990s","FG39",40,51,11
"1990s_minus_1970s","1990s minus 1970s","1970s","1990s","FG43",89,101,12
"1990s_minus_1970s","1990s minus 1970s","1970s","1990s","FG44",74,75,1
"1990s_minus_1970s","1990s minus 1970s","1970s","1990s","FG45",64,80,16
"1990s_minus_1970s","1990s minus 1970s","1970s","1990s","FG47",66,70,4
"1990s_minus_1970s","1990s minus 1970s","1970s","1990s","FG48",48,59,11
"1990s_minus_1970s","1990s minus 1970s","1970s","1990s","FG49",46,51,5
"1990s_minus_1970s","1990s minus 1970s","1970s","1990s","FG51",30,61,31
"1990s_minus_1970s","1990s minus 1970s","1970s","1990s","FG52",40,40,0
"1990s_minus_1970s","1990s minus 1970s","1970s","1990s","FG53",63,83,20
"1990s_minus_1970s","1990s minus 1970s","1970s","1990s","FG54",64,75,11
"1990s_minus_1970s","1990s minus 1970s","1970s","1990s","FG55",72,55,-17
"1990s_minus_1970s","1990s minus 1970s","1970s","1990s","FG56",50,76,26
"1990s_minus_1970s","1990s minus 1970s","1970s","1990s","FG57",38,58,20
"1990s_minus_1970s","1990s minus 1970s","1970s","1990s","FG58",44,66,22
"1990s_minus_1970s","1990s minus 1970s","1970s","1990s","FG59",55,51,-4
"1990s_minus_1970s","1990s minus 1970s","1970s","1990s","FG60",56,58,2
"1990s_minus_1970s","1990s minus 1970s","1970s","1990s","FG62",42,59,17
"1990s_minus_1970s","1990s minus 1970s","1970s","1990s","FG63",47,66,19
"1990s_minus_1970s","1990s minus 1970s","1970s","1990s","FG64",34,58,24
"1990s_minus_1970s","1990s minus 1970s","1970s","1990s","FG65",67,61,-6
"1990s_minus_1970s","1990s minus 1970s","1970s","1990s","FG66",80,75,-5
"1990s_minus_1970s","1990s minus 1970s","1970s","1990s","FG68",50,67,17
"1990s_minus_1970s","1990s minus 1970s","1970s","1990s","FG69",46,77,31
"1990s_minus_1970s","1990s minus 1970s","1970s","1990s","FG70",53,74,21
"1990s_minus_1970s","1990s minus 1970s","1970s","1990s","FG71",58,15,-43
"1990s_minus_1970s","1990s minus 1970s","1970s","1990s","FG72",41,59,18
"1990s_minus_1970s","1990s minus 1970s","1970s","1990s","FG73",48,38,-10
"1990s_minus_1970s","1990s minus 1970s","1970s","1990s","FG74",37,69,32
"1990s_minus_1970s","1990s minus 1970s","1970s","1990s","FG75",64,75,11
"1990s_minus_1970s","1990s minus 1970s","1970s","1990s","FG76",72,79,7
"1990s_minus_1970s","1990s minus 1970s","1970s","1990s","FG77",60,61,1
"1990s_minus_1970s","1990s minus 1970s","1970s","1990s","FG78",63,50,-13
"1990s_minus_1970s","1990s minus 1970s","1970s","1990s","FG79",70,64,-6
"1990s_minus_1970s","1990s minus 1970s","1970s","1990s","FG80",32,69,37
"1990s_minus_1970s","1990s minus 1970s","1970s","1990s","FG81",62,13,-49
"1990s_minus_1970s","1990s minus 1970s","1970s","1990s","FG82",59,55,-4
"1990s_minus_1970s","1990s minus 1970s","1970s","1990s","FG83",46,37,-9
"1990s_minus_1970s","1990s minus 1970s","1970s","1990s","FG84",35,57,22
"1990s_minus_1970s","1990s minus 1970s","1970s","1990s","FG85",54,71,17
"1990s_minus_1970s","1990s minus 1970s","1970s","1990s","FG86",73,87,14
"1990s_minus_1970s","1990s minus 1970s","1970s","1990s","FG87",70,61,-9
"1990s_minus_1970s","1990s minus 1970s","1970s","1990s","FG88",44,50,6
"1990s_minus_1970s","1990s minus 1970s","1970s","1990s","FG89",69,64,-5
"1990s_minus_1970s","1990s minus 1970s","1970s","1990s","FG90",38,48,10
"1990s_minus_1970s","1990s minus 1970s","1970s","1990s","FG91",62,75,13
"1990s_minus_1970s","1990s minus 1970s","1970s","1990s","FG92",59,88,29
"1990s_minus_1970s","1990s minus 1970s","1970s","1990s","FG93",82,78,-4
"1990s_minus_1970s","1990s minus 1970s","1970s","1990s","FG94",43,16,-27
"1990s_minus_1970s","1990s minus 1970s","1970s","1990s","FG95",59,51,-8
"1990s_minus_1970s","1990s minus 1970s","1970s","1990s","FG97",51,77,26
"1990s_minus_1970s","1990s minus 1970s","1970s","1990s","FG98",56,47,-9
"1990s_minus_1970s","1990s minus 1970s","1970s","1990s","FG99",60,63,3
"1990s_minus_1970s","1990s minus 1970s","1970s","1990s","FH01",31,68,37
"1990s_minus_1970s","1990s minus 1970s","1970s","1990s","FH02",25,50,25
"1990s_minus_1970s","1990s minus 1970s","1970s","1990s","FH04",35,61,26
"1990s_minus_1970s","1990s minus 1970s","1970s","1990s","FH05",52,62,10
"1990s_minus_1970s","1990s minus 1970s","1970s","1990s","FH06",40,59,19
"1990s_minus_1970s","1990s minus 1970s","1970s","1990s","FH07",31,66,35
"1990s_minus_1970s","1990s minus 1970s","1970s","1990s","FH08",35,57,22
"1990s_minus_1970s","1990s minus 1970s","1970s","1990s","FH11",62,76,14
"1990s_minus_1970s","1990s minus 1970s","1970s","1990s","FH12",55,56,1
"1990s_minus_1970s","1990s minus 1970s","1970s","1990s","FH13",30,52,22
"1990s_minus_1970s","1990s minus 1970s","1970s","1990s","FH14",52,57,5
"1990s_minus_1970s","1990s minus 1970s","1970s","1990s","FH15",54,58,4
"1990s_minus_1970s","1990s minus 1970s","1970s","1990s","FH16",49,61,12
"1990s_minus_1970s","1990s minus 1970s","1970s","1990s","FH18",36,36,0
"1990s_minus_1970s","1990s minus 1970s","1970s","1990s","FH21",74,76,2
"1990s_minus_1970s","1990s minus 1970s","1970s","1990s","FH22",49,52,3
"1990s_minus_1970s","1990s minus 1970s","1970s","1990s","FH23",78,92,14
"1990s_minus_1970s","1990s minus 1970s","1970s","1990s","FH24",73,85,12
"1990s_minus_1970s","1990s minus 1970s","1970s","1990s","FH25",76,64,-12
"1990s_minus_1970s","1990s minus 1970s","1970s","1990s","FH29",41,59,18
"1990s_minus_1970s","1990s minus 1970s","1970s","1990s","FH32",84,76,-8
"1990s_minus_1970s","1990s minus 1970s","1970s","1990s","FH33",74,90,16
"1990s_minus_1970s","1990s minus 1970s","1970s","1990s","FH34",55,63,8
"1990s_minus_1970s","1990s minus 1970s","1970s","1990s","FH35",68,53,-15
"1990s_minus_1970s","1990s minus 1970s","1970s","1990s","FH36",59,61,2
"1990s_minus_1970s","1990s minus 1970s","1970s","1990s","FH42",81,74,-7
"1990s_minus_1970s","1990s minus 1970s","1970s","1990s","FH43",64,72,8
"1990s_minus_1970s","1990s minus 1970s","1970s","1990s","FH44",83,72,-11
"1990s_minus_1970s","1990s minus 1970s","1970s","1990s","FH45",73,49,-24
"1990s_minus_1970s","1990s minus 1970s","1970s","1990s","FH46",69,59,-10
"1990s_minus_1970s","1990s minus 1970s","1970s","1990s","FH52",72,71,-1
"1990s_minus_1970s","1990s minus 1970s","1970s","1990s","FH53",37,52,15
"1990s_minus_1970s","1990s minus 1970s","1970s","1990s","FH54",63,75,12
"1990s_minus_1970s","1990s minus 1970s","1970s","1990s","FH55",36,63,27
"1990s_minus_1970s","1990s minus 1970s","1970s","1990s","FH56",86,55,-31
"1990s_minus_1970s","1990s minus 1970s","1970s","1990s","FH57",46,48,2
"1990s_minus_1970s","1990s minus 1970s","1970s","1990s","FH58",85,75,-10
"1990s_minus_1970s","1990s minus 1970s","1970s","1990s","FH62",59,73,14
"1990s_minus_1970s","1990s minus 1970s","1970s","1990s","FH63",48,76,28
"1990s_minus_1970s","1990s minus 1970s","1970s","1990s","FH64",58,82,24
"1990s_minus_1970s","1990s minus 1970s","1970s","1990s","FH65",15,68,53
"1990s_minus_1970s","1990s minus 1970s","1970s","1990s","FH71",45,67,22
"1990s_minus_1970s","1990s minus 1970s","1970s","1990s","FH72",48,52,4
"1990s_minus_1970s","1990s minus 1970s","1970s","1990s","FH73",46,52,6
"1990s_minus_1970s","1990s minus 1970s","1970s","1990s","FH74",59,75,16
"1990s_minus_1970s","1990s minus 1970s","1970s","1990s","FH75",62,67,5
"1990s_minus_1970s","1990s minus 1970s","1970s","1990s","FH76",54,64,10
"1990s_minus_1970s","1990s minus 1970s","1970s","1990s","FH79",48,60,12
"1990s_minus_1970s","1990s minus 1970s","1970s","1990s","FH80",65,62,-3
"1990s_minus_1970s","1990s minus 1970s","1970s","1990s","FH81",54,67,13
"1990s_minus_1970s","1990s minus 1970s","1970s","1990s","FH83",31,69,38
"1990s_minus_1970s","1990s minus 1970s","1970s","1990s","FH84",45,59,14
"1990s_minus_1970s","1990s minus 1970s","1970s","1990s","FH85",54,78,24
"1990s_minus_1970s","1990s minus 1970s","1970s","1990s","FH86",55,75,20
"1990s_minus_1970s","1990s minus 1970s","1970s","1990s","FH87",57,65,8
"1990s_minus_1970s","1990s minus 1970s","1970s","1990s","FH88",53,61,8
"1990s_minus_1970s","1990s minus 1970s","1970s","1990s","FH89",49,77,28
"1990s_minus_1970s","1990s minus 1970s","1970s","1990s","FH95",64,69,5
"1990s_minus_1970s","1990s minus 1970s","1970s","1990s","FH96",51,52,1
"1990s_minus_1970s","1990s minus 1970s","1970s","1990s","FH98",78,57,-21
"1990s_minus_1970s","1990s minus 1970s","1970s","1990s","FH99",48,66,18
"1990s_minus_1970s","1990s minus 1970s","1970s","1990s","GE00",61,74,13
"1990s_minus_1970s","1990s minus 1970s","1970s","1990s","GE01",69,105,36
"1990s_minus_1970s","1990s minus 1970s","1970s","1990s","GE02",63,84,21
"1990s_minus_1970s","1990s minus 1970s","1970s","1990s","GE03",68,76,8
"1990s_minus_1970s","1990s minus 1970s","1970s","1990s","GE04",53,74,21
"1990s_minus_1970s","1990s minus 1970s","1970s","1990s","GE10",74,85,11
"1990s_minus_1970s","1990s minus 1970s","1970s","1990s","GE11",86,86,0
"1990s_minus_1970s","1990s minus 1970s","1970s","1990s","GE12",65,77,12
"1990s_minus_1970s","1990s minus 1970s","1970s","1990s","GE13",71,83,12
"1990s_minus_1970s","1990s minus 1970s","1970s","1990s","GE14",44,63,19
"1990s_minus_1970s","1990s minus 1970s","1970s","1990s","GE20",62,75,13
"1990s_minus_1970s","1990s minus 1970s","1970s","1990s","GE21",68,74,6
"1990s_minus_1970s","1990s minus 1970s","1970s","1990s","GE22",45,71,26
"1990s_minus_1970s","1990s minus 1970s","1970s","1990s","GE23",53,82,29
"1990s_minus_1970s","1990s minus 1970s","1970s","1990s","GE24",60,66,6
"1990s_minus_1970s","1990s minus 1970s","1970s","1990s","GE30",89,86,-3
"1990s_minus_1970s","1990s minus 1970s","1970s","1990s","GE31",54,62,8
"1990s_minus_1970s","1990s minus 1970s","1970s","1990s","GE32",68,93,25
"1990s_minus_1970s","1990s minus 1970s","1970s","1990s","GE33",48,85,37
"1990s_minus_1970s","1990s minus 1970s","1970s","1990s","GE34",42,58,16
"1990s_minus_1970s","1990s minus 1970s","1970s","1990s","GE42",54,54,0
"1990s_minus_1970s","1990s minus 1970s","1970s","1990s","GE43",68,84,16
"1990s_minus_1970s","1990s minus 1970s","1970s","1990s","GF00",74,82,8
"1990s_minus_1970s","1990s minus 1970s","1970s","1990s","GF01",60,67,7
"1990s_minus_1970s","1990s minus 1970s","1970s","1990s","GF02",52,70,18
"1990s_minus_1970s","1990s minus 1970s","1970s","1990s","GF03",38,63,25
"1990s_minus_1970s","1990s minus 1970s","1970s","1990s","GF04",54,61,7
"1990s_minus_1970s","1990s minus 1970s","1970s","1990s","GF05",37,68,31
"1990s_minus_1970s","1990s minus 1970s","1970s","1990s","GF06",67,77,10
"1990s_minus_1970s","1990s minus 1970s","1970s","1990s","GF07",66,68,2
"1990s_minus_1970s","1990s minus 1970s","1970s","1990s","GF08",67,78,11
"1990s_minus_1970s","1990s minus 1970s","1970s","1990s","GF09",65,75,10
"1990s_minus_1970s","1990s minus 1970s","1970s","1990s","GF12",37,54,17
"1990s_minus_1970s","1990s minus 1970s","1970s","1990s","GF13",44,55,11
"1990s_minus_1970s","1990s minus 1970s","1970s","1990s","GF14",48,60,12
"1990s_minus_1970s","1990s minus 1970s","1970s","1990s","GF15",59,75,16
"1990s_minus_1970s","1990s minus 1970s","1970s","1990s","GF16",53,67,14
"1990s_minus_1970s","1990s minus 1970s","1970s","1990s","GF17",72,83,11
"1990s_minus_1970s","1990s minus 1970s","1970s","1990s","GF18",58,89,31
"1990s_minus_1970s","1990s minus 1970s","1970s","1990s","GF19",63,76,13
"1990s_minus_1970s","1990s minus 1970s","1970s","1990s","GF23",62,79,17
"1990s_minus_1970s","1990s minus 1970s","1970s","1990s","GF24",41,60,19
"1990s_minus_1970s","1990s minus 1970s","1970s","1990s","GF25",50,75,25
"1990s_minus_1970s","1990s minus 1970s","1970s","1990s","GF26",59,79,20
"1990s_minus_1970s","1990s minus 1970s","1970s","1990s","GF27",72,78,6
"1990s_minus_1970s","1990s minus 1970s","1970s","1990s","GF28",58,76,18
"1990s_minus_1970s","1990s minus 1970s","1970s","1990s","GF29",72,84,12
"1990s_minus_1970s","1990s minus 1970s","1970s","1990s","GF33",51,63,12
"1990s_minus_1970s","1990s minus 1970s","1970s","1990s","GF34",56,61,5
"1990s_minus_1970s","1990s minus 1970s","1970s","1990s","GF35",61,56,-5
"1990s_minus_1970s","1990s minus 1970s","1970s","1990s","GF36",65,72,7
"1990s_minus_1970s","1990s minus 1970s","1970s","1990s","GF37",67,73,6
"1990s_minus_1970s","1990s minus 1970s","1970s","1990s","GF38",80,71,-9
"1990s_minus_1970s","1990s minus 1970s","1970s","1990s","GF39",73,66,-7
"1990s_minus_1970s","1990s minus 1970s","1970s","1990s","GF43",58,72,14
"1990s_minus_1970s","1990s minus 1970s","1970s","1990s","GF44",60,60,0
"1990s_minus_1970s","1990s minus 1970s","1970s","1990s","GF45",52,48,-4
"1990s_minus_1970s","1990s minus 1970s","1970s","1990s","GF46",61,81,20
"1990s_minus_1970s","1990s minus 1970s","1970s","1990s","GF47",93,70,-23
"1990s_minus_1970s","1990s minus 1970s","1970s","1990s","GF48",70,71,1
"1990s_minus_1970s","1990s minus 1970s","1970s","1990s","GF49",69,59,-10
"1990s_minus_1970s","1990s minus 1970s","1970s","1990s","GF52",75,84,9
"1990s_minus_1970s","1990s minus 1970s","1970s","1990s","GF53",68,73,5
"1990s_minus_1970s","1990s minus 1970s","1970s","1990s","GF54",57,69,12
"1990s_minus_1970s","1990s minus 1970s","1970s","1990s","GF55",36,54,18
"1990s_minus_1970s","1990s minus 1970s","1970s","1990s","GF63",41,53,12
"1990s_minus_1970s","1990s minus 1970s","1970s","1990s","GF74",46,62,16
"1990s_minus_1970s","1990s minus 1970s","1970s","1990s","GG00",28,58,30
"1990s_minus_1970s","1990s minus 1970s","1970s","1990s","GG02",31,54,23
"1990s_minus_1970s","1990s minus 1970s","1970s","1990s","GG05",60,64,4
"1990s_minus_1970s","1990s minus 1970s","1970s","1990s","GG06",60,64,4
"1990s_minus_1970s","1990s minus 1970s","1970s","1990s","GG07",42,69,27
"1990s_minus_1970s","1990s minus 1970s","1970s","1990s","GG08",63,83,20
"1990s_minus_1970s","1990s minus 1970s","1970s","1990s","GG09",81,80,-1
"1990s_minus_1970s","1990s minus 1970s","1970s","1990s","GG10",73,80,7
"1990s_minus_1970s","1990s minus 1970s","1970s","1990s","GG15",55,72,17
"1990s_minus_1970s","1990s minus 1970s","1970s","1990s","GG16",59,47,-12
"1990s_minus_1970s","1990s minus 1970s","1970s","1990s","GG17",36,56,20
"1990s_minus_1970s","1990s minus 1970s","1970s","1990s","GG18",45,80,35
"1990s_minus_1970s","1990s minus 1970s","1970s","1990s","GG20",42,63,21
"1990s_minus_1970s","1990s minus 1970s","1970s","1990s","GG25",65,81,16
"1990s_minus_1970s","1990s minus 1970s","1970s","1990s","GG26",34,58,24
"1990s_minus_1970s","1990s minus 1970s","1970s","1990s","GG27",53,69,16
"1990s_minus_1970s","1990s minus 1970s","1970s","1990s","GG28",71,88,17
"1990s_minus_1970s","1990s minus 1970s","1970s","1990s","GG30",57,67,10
"1990s_minus_1970s","1990s minus 1970s","1970s","1990s","GG36",56,51,-5
"1990s_minus_1970s","1990s minus 1970s","1970s","1990s","GG37",46,68,22
"1990s_minus_1970s","1990s minus 1970s","1970s","1990s","GG40",54,61,7
"1990s_minus_1970s","1990s minus 1970s","1970s","1990s","GH06",59,62,3
"1990s_minus_1970s","1990s minus 1970s","1970s","1990s","GH07",65,68,3
"1990s_minus_1970s","1990s minus 1970s","1970s","1990s","GH08",62,66,4
"1990s_minus_1970s","1990s minus 1970s","1970s","1990s","GH09",52,55,3
"1990s_minus_1970s","1990s minus 1970s","1970s","1990s","GH17",54,55,1
"1990s_minus_1970s","1990s minus 1970s","1970s","1990s","GH18",50,56,6
"1990s_minus_1970s","1990s minus 1970s","1970s","1990s","GH19",52,61,9
"1990s_minus_1970s","1990s minus 1970s","1970s","1990s","GH29",47,38,-9
"1990s_minus_1970s","1990s minus 1970s","1970s","1990s","GH39",52,60,8
"1990s_minus_1970s","1990s minus 1970s","1970s","1990s","GH49",83,92,9
"1990s_minus_1970s","1990s minus 1970s","1970s","1990s","GH59",79,81,2
"1990s_minus_1970s","1990s minus 1970s","1970s","1990s","HA03",52,60,8
"1990s_minus_1970s","1990s minus 1970s","1970s","1990s","HA04",67,64,-3
"1990s_minus_1970s","1990s minus 1970s","1970s","1990s","HA05",50,70,20
"1990s_minus_1970s","1990s minus 1970s","1970s","1990s","HA06",45,63,18
"1990s_minus_1970s","1990s minus 1970s","1970s","1990s","HA07",58,56,-2
"1990s_minus_1970s","1990s minus 1970s","1970s","1990s","HA13",51,73,22
"1990s_minus_1970s","1990s minus 1970s","1970s","1990s","HA14",49,44,-5
"1990s_minus_1970s","1990s minus 1970s","1970s","1990s","HA15",41,37,-4
"1990s_minus_1970s","1990s minus 1970s","1970s","1990s","HA16",30,54,24
"1990s_minus_1970s","1990s minus 1970s","1970s","1990s","HA17",51,64,13
"1990s_minus_1970s","1990s minus 1970s","1970s","1990s","HA22",31,47,16
"1990s_minus_1970s","1990s minus 1970s","1970s","1990s","HA23",35,62,27
"1990s_minus_1970s","1990s minus 1970s","1970s","1990s","HA24",66,65,-1
"1990s_minus_1970s","1990s minus 1970s","1970s","1990s","HA25",68,72,4
"1990s_minus_1970s","1990s minus 1970s","1970s","1990s","HA26",67,71,4
"1990s_minus_1970s","1990s minus 1970s","1970s","1990s","HA32",53,63,10
"1990s_minus_1970s","1990s minus 1970s","1970s","1990s","HA33",49,43,-6
"1990s_minus_1970s","1990s minus 1970s","1970s","1990s","HA34",68,75,7
"1990s_minus_1970s","1990s minus 1970s","1970s","1990s","HA35",57,62,5
"1990s_minus_1970s","1990s minus 1970s","1970s","1990s","HA36",65,68,3
"1990s_minus_1970s","1990s minus 1970s","1970s","1990s","HA42",43,42,-1
"1990s_minus_1970s","1990s minus 1970s","1970s","1990s","HA43",57,58,1
"1990s_minus_1970s","1990s minus 1970s","1970s","1990s","HA44",62,87,25
"1990s_minus_1970s","1990s minus 1970s","1970s","1990s","HA45",41,62,21
"1990s_minus_1970s","1990s minus 1970s","1970s","1990s","HA52",68,79,11
"1990s_minus_1970s","1990s minus 1970s","1970s","1990s","HA53",71,67,-4
"1990s_minus_1970s","1990s minus 1970s","1970s","1990s","HA54",67,88,21
"2010s_minus_1990s","2010s minus 1990s","1990s","2010s","AD90",40,66,26
"2010s_minus_1990s","2010s minus 1990s","1990s","2010s","AD92",30,37,7
"2010s_minus_1990s","2010s minus 1990s","1990s","2010s","AD93",64,42,-22
"2010s_minus_1990s","2010s minus 1990s","1990s","2010s","AD94",56,63,7
"2010s_minus_1990s","2010s minus 1990s","1990s","2010s","AD95",66,63,-3
"2010s_minus_1990s","2010s minus 1990s","1990s","2010s","AE93",54,59,5
"2010s_minus_1990s","2010s minus 1990s","1990s","2010s","AE94",50,57,7
"2010s_minus_1990s","2010s minus 1990s","1990s","2010s","AE95",39,74,35
"2010s_minus_1990s","2010s minus 1990s","1990s","2010s","AE96",38,52,14
"2010s_minus_1990s","2010s minus 1990s","1990s","2010s","AE97",58,68,10
"2010s_minus_1990s","2010s minus 1990s","1990s","2010s","AE98",76,77,1
"2010s_minus_1990s","2010s minus 1990s","1990s","2010s","AF81",51,55,4
"2010s_minus_1990s","2010s minus 1990s","1990s","2010s","AF82",34,40,6
"2010s_minus_1990s","2010s minus 1990s","1990s","2010s","AF91",68,53,-15
"2010s_minus_1990s","2010s minus 1990s","1990s","2010s","AF92",67,51,-16
"2010s_minus_1990s","2010s minus 1990s","1990s","2010s","AF93",70,58,-12
"2010s_minus_1990s","2010s minus 1990s","1990s","2010s","AF94",67,57,-10
"2010s_minus_1990s","2010s minus 1990s","1990s","2010s","AF97",42,63,21
"2010s_minus_1990s","2010s minus 1990s","1990s","2010s","AF98",50,61,11
"2010s_minus_1990s","2010s minus 1990s","1990s","2010s","AF99",38,65,27
"2010s_minus_1990s","2010s minus 1990s","1990s","2010s","BC20",60,74,14
"2010s_minus_1990s","2010s minus 1990s","1990s","2010s","BC21",59,70,11
"2010s_minus_1990s","2010s minus 1990s","1990s","2010s","BC30",49,40,-9
"2010s_minus_1990s","2010s minus 1990s","1990s","2010s","BC31",65,61,-4
"2010s_minus_1990s","2010s minus 1990s","1990s","2010s","BC32",75,59,-16
"2010s_minus_1990s","2010s minus 1990s","1990s","2010s","BC33",70,54,-16
"2010s_minus_1990s","2010s minus 1990s","1990s","2010s","BC34",48,46,-2
"2010s_minus_1990s","2010s minus 1990s","1990s","2010s","BC41",42,37,-5
"2010s_minus_1990s","2010s minus 1990s","1990s","2010s","BC43",28,59,31
"2010s_minus_1990s","2010s minus 1990s","1990s","2010s","BC44",72,62,-10
"2010s_minus_1990s","2010s minus 1990s","1990s","2010s","BC45",19,8,-11
"2010s_minus_1990s","2010s minus 1990s","1990s","2010s","BC50",59,56,-3
"2010s_minus_1990s","2010s minus 1990s","1990s","2010s","BC51",31,53,22
"2010s_minus_1990s","2010s minus 1990s","1990s","2010s","BC52",43,47,4
"2010s_minus_1990s","2010s minus 1990s","1990s","2010s","BC53",24,45,21
"2010s_minus_1990s","2010s minus 1990s","1990s","2010s","BC54",84,64,-20
"2010s_minus_1990s","2010s minus 1990s","1990s","2010s","BC55",80,56,-24
"2010s_minus_1990s","2010s minus 1990s","1990s","2010s","BC60",56,42,-14
"2010s_minus_1990s","2010s minus 1990s","1990s","2010s","BC62",27,42,15
"2010s_minus_1990s","2010s minus 1990s","1990s","2010s","BC64",71,68,-3
"2010s_minus_1990s","2010s minus 1990s","1990s","2010s","BC65",67,56,-11
"2010s_minus_1990s","2010s minus 1990s","1990s","2010s","BC70",37,52,15
"2010s_minus_1990s","2010s minus 1990s","1990s","2010s","BC71",40,35,-5
"2010s_minus_1990s","2010s minus 1990s","1990s","2010s","BC72",56,58,2
"2010s_minus_1990s","2010s minus 1990s","1990s","2010s","BC73",44,57,13
"2010s_minus_1990s","2010s minus 1990s","1990s","2010s","BC74",28,59,31
"2010s_minus_1990s","2010s minus 1990s","1990s","2010s","BC75",66,72,6
"2010s_minus_1990s","2010s minus 1990s","1990s","2010s","BC81",53,65,12
"2010s_minus_1990s","2010s minus 1990s","1990s","2010s","BC82",62,68,6
"2010s_minus_1990s","2010s minus 1990s","1990s","2010s","BC83",88,57,-31
"2010s_minus_1990s","2010s minus 1990s","1990s","2010s","BC84",86,75,-11
"2010s_minus_1990s","2010s minus 1990s","1990s","2010s","BC85",52,73,21
"2010s_minus_1990s","2010s minus 1990s","1990s","2010s","BC93",56,48,-8
"2010s_minus_1990s","2010s minus 1990s","1990s","2010s","BC94",95,89,-6
"2010s_minus_1990s","2010s minus 1990s","1990s","2010s","BC95",62,59,-3
"2010s_minus_1990s","2010s minus 1990s","1990s","2010s","BC96",67,63,-4
"2010s_minus_1990s","2010s minus 1990s","1990s","2010s","BD00",51,67,16
"2010s_minus_1990s","2010s minus 1990s","1990s","2010s","BD02",42,46,4
"2010s_minus_1990s","2010s minus 1990s","1990s","2010s","BD03",45,42,-3
"2010s_minus_1990s","2010s minus 1990s","1990s","2010s","BD04",60,50,-10
"2010s_minus_1990s","2010s minus 1990s","1990s","2010s","BD05",63,61,-2
"2010s_minus_1990s","2010s minus 1990s","1990s","2010s","BD06",46,57,11
"2010s_minus_1990s","2010s minus 1990s","1990s","2010s","BD07",60,43,-17
"2010s_minus_1990s","2010s minus 1990s","1990s","2010s","BD08",70,58,-12
"2010s_minus_1990s","2010s minus 1990s","1990s","2010s","BD10",56,53,-3
"2010s_minus_1990s","2010s minus 1990s","1990s","2010s","BD11",64,62,-2
"2010s_minus_1990s","2010s minus 1990s","1990s","2010s","BD12",48,64,16
"2010s_minus_1990s","2010s minus 1990s","1990s","2010s","BD13",72,74,2
"2010s_minus_1990s","2010s minus 1990s","1990s","2010s","BD17",27,28,1
"2010s_minus_1990s","2010s minus 1990s","1990s","2010s","BD18",47,47,0
"2010s_minus_1990s","2010s minus 1990s","1990s","2010s","BD19",49,61,12
"2010s_minus_1990s","2010s minus 1990s","1990s","2010s","BD21",63,55,-8
"2010s_minus_1990s","2010s minus 1990s","1990s","2010s","BD22",55,66,11
"2010s_minus_1990s","2010s minus 1990s","1990s","2010s","BD26",33,65,32
"2010s_minus_1990s","2010s minus 1990s","1990s","2010s","BD27",43,59,16
"2010s_minus_1990s","2010s minus 1990s","1990s","2010s","BD28",35,43,8
"2010s_minus_1990s","2010s minus 1990s","1990s","2010s","BD31",56,59,3
"2010s_minus_1990s","2010s minus 1990s","1990s","2010s","BD32",67,57,-10
"2010s_minus_1990s","2010s minus 1990s","1990s","2010s","BD35",62,58,-4
"2010s_minus_1990s","2010s minus 1990s","1990s","2010s","BD36",62,66,4
"2010s_minus_1990s","2010s minus 1990s","1990s","2010s","BD37",49,70,21
"2010s_minus_1990s","2010s minus 1990s","1990s","2010s","BD38",39,36,-3
"2010s_minus_1990s","2010s minus 1990s","1990s","2010s","BD39",76,50,-26
"2010s_minus_1990s","2010s minus 1990s","1990s","2010s","BD40",48,41,-7
"2010s_minus_1990s","2010s minus 1990s","1990s","2010s","BD41",51,57,6
"2010s_minus_1990s","2010s minus 1990s","1990s","2010s","BD42",86,71,-15
"2010s_minus_1990s","2010s minus 1990s","1990s","2010s","BD43",62,46,-16
"2010s_minus_1990s","2010s minus 1990s","1990s","2010s","BD44",65,52,-13
"2010s_minus_1990s","2010s minus 1990s","1990s","2010s","BD45",71,60,-11
"2010s_minus_1990s","2010s minus 1990s","1990s","2010s","BD46",50,48,-2
"2010s_minus_1990s","2010s minus 1990s","1990s","2010s","BD47",52,47,-5
"2010s_minus_1990s","2010s minus 1990s","1990s","2010s","BD48",42,52,10
"2010s_minus_1990s","2010s minus 1990s","1990s","2010s","BD49",58,52,-6
"2010s_minus_1990s","2010s minus 1990s","1990s","2010s","BD50",42,54,12
"2010s_minus_1990s","2010s minus 1990s","1990s","2010s","BD51",65,61,-4
"2010s_minus_1990s","2010s minus 1990s","1990s","2010s","BD55",53,57,4
"2010s_minus_1990s","2010s minus 1990s","1990s","2010s","BD56",51,41,-10
"2010s_minus_1990s","2010s minus 1990s","1990s","2010s","BD57",65,48,-17
"2010s_minus_1990s","2010s minus 1990s","1990s","2010s","BD58",57,54,-3
"2010s_minus_1990s","2010s minus 1990s","1990s","2010s","BD59",60,62,2
"2010s_minus_1990s","2010s minus 1990s","1990s","2010s","BD60",63,45,-18
"2010s_minus_1990s","2010s minus 1990s","1990s","2010s","BD61",77,71,-6
"2010s_minus_1990s","2010s minus 1990s","1990s","2010s","BD64",56,47,-9
"2010s_minus_1990s","2010s minus 1990s","1990s","2010s","BD66",57,40,-17
"2010s_minus_1990s","2010s minus 1990s","1990s","2010s","BD67",49,46,-3
"2010s_minus_1990s","2010s minus 1990s","1990s","2010s","BD68",57,41,-16
"2010s_minus_1990s","2010s minus 1990s","1990s","2010s","BD69",40,46,6
"2010s_minus_1990s","2010s minus 1990s","1990s","2010s","BD70",65,63,-2
"2010s_minus_1990s","2010s minus 1990s","1990s","2010s","BD71",60,67,7
"2010s_minus_1990s","2010s minus 1990s","1990s","2010s","BD72",63,62,-1
"2010s_minus_1990s","2010s minus 1990s","1990s","2010s","BD73",96,76,-20
"2010s_minus_1990s","2010s minus 1990s","1990s","2010s","BD74",51,56,5
"2010s_minus_1990s","2010s minus 1990s","1990s","2010s","BD75",57,75,18
"2010s_minus_1990s","2010s minus 1990s","1990s","2010s","BD76",59,62,3
"2010s_minus_1990s","2010s minus 1990s","1990s","2010s","BD77",73,49,-24
"2010s_minus_1990s","2010s minus 1990s","1990s","2010s","BD78",57,57,0
"2010s_minus_1990s","2010s minus 1990s","1990s","2010s","BD80",64,61,-3
"2010s_minus_1990s","2010s minus 1990s","1990s","2010s","BD81",70,87,17
"2010s_minus_1990s","2010s minus 1990s","1990s","2010s","BD82",80,78,-2
"2010s_minus_1990s","2010s minus 1990s","1990s","2010s","BD83",81,64,-17
"2010s_minus_1990s","2010s minus 1990s","1990s","2010s","BD85",44,47,3
"2010s_minus_1990s","2010s minus 1990s","1990s","2010s","BD86",63,46,-17
"2010s_minus_1990s","2010s minus 1990s","1990s","2010s","BD87",40,60,20
"2010s_minus_1990s","2010s minus 1990s","1990s","2010s","BD88",66,55,-11
"2010s_minus_1990s","2010s minus 1990s","1990s","2010s","BD89",47,31,-16
"2010s_minus_1990s","2010s minus 1990s","1990s","2010s","BD90",58,58,0
"2010s_minus_1990s","2010s minus 1990s","1990s","2010s","BD91",58,62,4
"2010s_minus_1990s","2010s minus 1990s","1990s","2010s","BD92",62,72,10
"2010s_minus_1990s","2010s minus 1990s","1990s","2010s","BD93",40,62,22
"2010s_minus_1990s","2010s minus 1990s","1990s","2010s","BD94",24,41,17
"2010s_minus_1990s","2010s minus 1990s","1990s","2010s","BD95",40,44,4
"2010s_minus_1990s","2010s minus 1990s","1990s","2010s","BD97",38,48,10
"2010s_minus_1990s","2010s minus 1990s","1990s","2010s","BD98",39,63,24
"2010s_minus_1990s","2010s minus 1990s","1990s","2010s","BE03",68,69,1
"2010s_minus_1990s","2010s minus 1990s","1990s","2010s","BE04",68,55,-13
"2010s_minus_1990s","2010s minus 1990s","1990s","2010s","BE05",42,75,33
"2010s_minus_1990s","2010s minus 1990s","1990s","2010s","BE06",76,72,-4
"2010s_minus_1990s","2010s minus 1990s","1990s","2010s","BE07",78,71,-7
"2010s_minus_1990s","2010s minus 1990s","1990s","2010s","BE08",78,66,-12
"2010s_minus_1990s","2010s minus 1990s","1990s","2010s","BE09",48,47,-1
"2010s_minus_1990s","2010s minus 1990s","1990s","2010s","BE11",69,51,-18
"2010s_minus_1990s","2010s minus 1990s","1990s","2010s","BE12",67,56,-11
"2010s_minus_1990s","2010s minus 1990s","1990s","2010s","BE13",61,70,9
"2010s_minus_1990s","2010s minus 1990s","1990s","2010s","BE14",63,62,-1
"2010s_minus_1990s","2010s minus 1990s","1990s","2010s","BE15",57,55,-2
"2010s_minus_1990s","2010s minus 1990s","1990s","2010s","BE16",63,49,-14
"2010s_minus_1990s","2010s minus 1990s","1990s","2010s","BE17",71,61,-10
"2010s_minus_1990s","2010s minus 1990s","1990s","2010s","BE18",28,73,45
"2010s_minus_1990s","2010s minus 1990s","1990s","2010s","BE19",55,47,-8
"2010s_minus_1990s","2010s minus 1990s","1990s","2010s","BE20",63,61,-2
"2010s_minus_1990s","2010s minus 1990s","1990s","2010s","BE21",57,64,7
"2010s_minus_1990s","2010s minus 1990s","1990s","2010s","BE22",57,60,3
"2010s_minus_1990s","2010s minus 1990s","1990s","2010s","BE23",52,55,3
"2010s_minus_1990s","2010s minus 1990s","1990s","2010s","BE24",67,67,0
"2010s_minus_1990s","2010s minus 1990s","1990s","2010s","BE25",53,67,14
"2010s_minus_1990s","2010s minus 1990s","1990s","2010s","BE26",51,62,11
"2010s_minus_1990s","2010s minus 1990s","1990s","2010s","BE27",54,60,6
"2010s_minus_1990s","2010s minus 1990s","1990s","2010s","BE30",57,66,9
"2010s_minus_1990s","2010s minus 1990s","1990s","2010s","BE31",56,62,6
"2010s_minus_1990s","2010s minus 1990s","1990s","2010s","BE32",56,48,-8
"2010s_minus_1990s","2010s minus 1990s","1990s","2010s","BE33",51,48,-3
"2010s_minus_1990s","2010s minus 1990s","1990s","2010s","BE34",69,60,-9
"2010s_minus_1990s","2010s minus 1990s","1990s","2010s","BE35",57,63,6
"2010s_minus_1990s","2010s minus 1990s","1990s","2010s","BE36",62,63,1
"2010s_minus_1990s","2010s minus 1990s","1990s","2010s","BE37",68,69,1
"2010s_minus_1990s","2010s minus 1990s","1990s","2010s","BE38",49,75,26
"2010s_minus_1990s","2010s minus 1990s","1990s","2010s","BE39",29,66,37
"2010s_minus_1990s","2010s minus 1990s","1990s","2010s","BE40",40,50,10
"2010s_minus_1990s","2010s minus 1990s","1990s","2010s","BE41",43,39,-4
"2010s_minus_1990s","2010s minus 1990s","1990s","2010s","BE42",41,59,18
"2010s_minus_1990s","2010s minus 1990s","1990s","2010s","BE43",37,43,6
"2010s_minus_1990s","2010s minus 1990s","1990s","2010s","BE44",56,53,-3
"2010s_minus_1990s","2010s minus 1990s","1990s","2010s","BE45",52,57,5
"2010s_minus_1990s","2010s minus 1990s","1990s","2010s","BE46",58,42,-16
"2010s_minus_1990s","2010s minus 1990s","1990s","2010s","BE47",60,56,-4
"2010s_minus_1990s","2010s minus 1990s","1990s","2010s","BE48",51,64,13
"2010s_minus_1990s","2010s minus 1990s","1990s","2010s","BE50",57,61,4
"2010s_minus_1990s","2010s minus 1990s","1990s","2010s","BE51",53,47,-6
"2010s_minus_1990s","2010s minus 1990s","1990s","2010s","BE52",49,43,-6
"2010s_minus_1990s","2010s minus 1990s","1990s","2010s","BE53",45,53,8
"2010s_minus_1990s","2010s minus 1990s","1990s","2010s","BE54",57,53,-4
"2010s_minus_1990s","2010s minus 1990s","1990s","2010s","BE55",47,53,6
"2010s_minus_1990s","2010s minus 1990s","1990s","2010s","BE56",51,40,-11
"2010s_minus_1990s","2010s minus 1990s","1990s","2010s","BE57",46,48,2
"2010s_minus_1990s","2010s minus 1990s","1990s","2010s","BE58",74,59,-15
"2010s_minus_1990s","2010s minus 1990s","1990s","2010s","BE59",54,61,7
"2010s_minus_1990s","2010s minus 1990s","1990s","2010s","BE60",52,56,4
"2010s_minus_1990s","2010s minus 1990s","1990s","2010s","BE61",49,47,-2
"2010s_minus_1990s","2010s minus 1990s","1990s","2010s","BE62",55,42,-13
"2010s_minus_1990s","2010s minus 1990s","1990s","2010s","BE63",63,45,-18
"2010s_minus_1990s","2010s minus 1990s","1990s","2010s","BE64",43,48,5
"2010s_minus_1990s","2010s minus 1990s","1990s","2010s","BE65",57,66,9
"2010s_minus_1990s","2010s minus 1990s","1990s","2010s","BE66",54,61,7
"2010s_minus_1990s","2010s minus 1990s","1990s","2010s","BE67",36,43,7
"2010s_minus_1990s","2010s minus 1990s","1990s","2010s","BE68",55,66,11
"2010s_minus_1990s","2010s minus 1990s","1990s","2010s","BE69",76,65,-11
"2010s_minus_1990s","2010s minus 1990s","1990s","2010s","BE70",47,46,-1
"2010s_minus_1990s","2010s minus 1990s","1990s","2010s","BE71",47,47,0
"2010s_minus_1990s","2010s minus 1990s","1990s","2010s","BE73",62,40,-22
"2010s_minus_1990s","2010s minus 1990s","1990s","2010s","BE74",43,49,6
"2010s_minus_1990s","2010s minus 1990s","1990s","2010s","BE75",37,57,20
"2010s_minus_1990s","2010s minus 1990s","1990s","2010s","BE76",54,65,11
"2010s_minus_1990s","2010s minus 1990s","1990s","2010s","BE77",63,72,9
"2010s_minus_1990s","2010s minus 1990s","1990s","2010s","BE78",58,62,4
"2010s_minus_1990s","2010s minus 1990s","1990s","2010s","BE79",49,40,-9
"2010s_minus_1990s","2010s minus 1990s","1990s","2010s","BE80",79,73,-6
"2010s_minus_1990s","2010s minus 1990s","1990s","2010s","BE81",55,48,-7
"2010s_minus_1990s","2010s minus 1990s","1990s","2010s","BE82",72,46,-26
"2010s_minus_1990s","2010s minus 1990s","1990s","2010s","BE83",66,44,-22
"2010s_minus_1990s","2010s minus 1990s","1990s","2010s","BE84",57,60,3
"2010s_minus_1990s","2010s minus 1990s","1990s","2010s","BE85",28,62,34
"2010s_minus_1990s","2010s minus 1990s","1990s","2010s","BE86",56,72,16
"2010s_minus_1990s","2010s minus 1990s","1990s","2010s","BE87",66,70,4
"2010s_minus_1990s","2010s minus 1990s","1990s","2010s","BE88",73,80,7
"2010s_minus_1990s","2010s minus 1990s","1990s","2010s","BE89",48,74,26
"2010s_minus_1990s","2010s minus 1990s","1990s","2010s","BE90",48,72,24
"2010s_minus_1990s","2010s minus 1990s","1990s","2010s","BE91",49,65,16
"2010s_minus_1990s","2010s minus 1990s","1990s","2010s","BE92",70,50,-20
"2010s_minus_1990s","2010s minus 1990s","1990s","2010s","BE93",49,66,17
"2010s_minus_1990s","2010s minus 1990s","1990s","2010s","BE94",68,60,-8
"2010s_minus_1990s","2010s minus 1990s","1990s","2010s","BE95",55,66,11
"2010s_minus_1990s","2010s minus 1990s","1990s","2010s","BE96",56,62,6
"2010s_minus_1990s","2010s minus 1990s","1990s","2010s","BE97",55,58,3
"2010s_minus_1990s","2010s minus 1990s","1990s","2010s","BE98",68,68,0
"2010s_minus_1990s","2010s minus 1990s","1990s","2010s","BE99",80,60,-20
"2010s_minus_1990s","2010s minus 1990s","1990s","2010s","BF00",51,50,-1
"2010s_minus_1990s","2010s minus 1990s","1990s","2010s","BF01",58,55,-3
"2010s_minus_1990s","2010s minus 1990s","1990s","2010s","BF02",83,80,-3
"2010s_minus_1990s","2010s minus 1990s","1990s","2010s","BF03",85,68,-17
"2010s_minus_1990s","2010s minus 1990s","1990s","2010s","BF04",91,90,-1
"2010s_minus_1990s","2010s minus 1990s","1990s","2010s","BF05",91,60,-31
"2010s_minus_1990s","2010s minus 1990s","1990s","2010s","BF06",64,64,0
"2010s_minus_1990s","2010s minus 1990s","1990s","2010s","BF07",59,76,17
"2010s_minus_1990s","2010s minus 1990s","1990s","2010s","BF08",58,53,-5
"2010s_minus_1990s","2010s minus 1990s","1990s","2010s","BF11",77,68,-9
"2010s_minus_1990s","2010s minus 1990s","1990s","2010s","BF12",56,55,-1
"2010s_minus_1990s","2010s minus 1990s","1990s","2010s","BF14",50,56,6
"2010s_minus_1990s","2010s minus 1990s","1990s","2010s","BF15",41,58,17
"2010s_minus_1990s","2010s minus 1990s","1990s","2010s","BF16",57,63,6
"2010s_minus_1990s","2010s minus 1990s","1990s","2010s","BF17",43,55,12
"2010s_minus_1990s","2010s minus 1990s","1990s","2010s","BF18",48,54,6
"2010s_minus_1990s","2010s minus 1990s","1990s","2010s","BF21",65,58,-7
"2010s_minus_1990s","2010s minus 1990s","1990s","2010s","BF24",45,65,20
"2010s_minus_1990s","2010s minus 1990s","1990s","2010s","BF27",43,60,17
"2010s_minus_1990s","2010s minus 1990s","1990s","2010s","BF28",66,61,-5
"2010s_minus_1990s","2010s minus 1990s","1990s","2010s","BF29",41,76,35
"2010s_minus_1990s","2010s minus 1990s","1990s","2010s","BF31",61,58,-3
"2010s_minus_1990s","2010s minus 1990s","1990s","2010s","BF32",79,85,6
"2010s_minus_1990s","2010s minus 1990s","1990s","2010s","BF33",73,77,4
"2010s_minus_1990s","2010s minus 1990s","1990s","2010s","BF34",61,59,-2
"2010s_minus_1990s","2010s minus 1990s","1990s","2010s","BF35",53,70,17
"2010s_minus_1990s","2010s minus 1990s","1990s","2010s","BF36",55,67,12
"2010s_minus_1990s","2010s minus 1990s","1990s","2010s","BF37",40,67,27
"2010s_minus_1990s","2010s minus 1990s","1990s","2010s","BF38",72,69,-3
"2010s_minus_1990s","2010s minus 1990s","1990s","2010s","BF40",38,68,30
"2010s_minus_1990s","2010s minus 1990s","1990s","2010s","BF41",40,62,22
"2010s_minus_1990s","2010s minus 1990s","1990s","2010s","BF43",40,62,22
"2010s_minus_1990s","2010s minus 1990s","1990s","2010s","BF46",48,47,-1
"2010s_minus_1990s","2010s minus 1990s","1990s","2010s","BF47",47,64,17
"2010s_minus_1990s","2010s minus 1990s","1990s","2010s","BF48",53,48,-5
"2010s_minus_1990s","2010s minus 1990s","1990s","2010s","BF49",69,87,18
"2010s_minus_1990s","2010s minus 1990s","1990s","2010s","BF50",58,47,-11
"2010s_minus_1990s","2010s minus 1990s","1990s","2010s","BF51",61,52,-9
"2010s_minus_1990s","2010s minus 1990s","1990s","2010s","BF53",55,56,1
"2010s_minus_1990s","2010s minus 1990s","1990s","2010s","BF55",37,42,5
"2010s_minus_1990s","2010s minus 1990s","1990s","2010s","BF56",47,55,8
"2010s_minus_1990s","2010s minus 1990s","1990s","2010s","BF57",47,48,1
"2010s_minus_1990s","2010s minus 1990s","1990s","2010s","BF58",44,48,4
"2010s_minus_1990s","2010s minus 1990s","1990s","2010s","BF59",57,64,7
"2010s_minus_1990s","2010s minus 1990s","1990s","2010s","BF60",68,59,-9
"2010s_minus_1990s","2010s minus 1990s","1990s","2010s","BF61",60,59,-1
"2010s_minus_1990s","2010s minus 1990s","1990s","2010s","BF62",47,45,-2
"2010s_minus_1990s","2010s minus 1990s","1990s","2010s","BF63",45,50,5
"2010s_minus_1990s","2010s minus 1990s","1990s","2010s","BF64",41,50,9
"2010s_minus_1990s","2010s minus 1990s","1990s","2010s","BF65",52,62,10
"2010s_minus_1990s","2010s minus 1990s","1990s","2010s","BF67",46,57,11
"2010s_minus_1990s","2010s minus 1990s","1990s","2010s","BF68",44,55,11
"2010s_minus_1990s","2010s minus 1990s","1990s","2010s","BF69",52,61,9
"2010s_minus_1990s","2010s minus 1990s","1990s","2010s","BF70",49,50,1
"2010s_minus_1990s","2010s minus 1990s","1990s","2010s","BF71",53,52,-1
"2010s_minus_1990s","2010s minus 1990s","1990s","2010s","BF72",69,52,-17
"2010s_minus_1990s","2010s minus 1990s","1990s","2010s","BF73",54,62,8
"2010s_minus_1990s","2010s minus 1990s","1990s","2010s","BF76",59,40,-19
"2010s_minus_1990s","2010s minus 1990s","1990s","2010s","BF77",49,62,13
"2010s_minus_1990s","2010s minus 1990s","1990s","2010s","BF78",44,47,3
"2010s_minus_1990s","2010s minus 1990s","1990s","2010s","BF79",50,60,10
"2010s_minus_1990s","2010s minus 1990s","1990s","2010s","BF80",56,50,-6
"2010s_minus_1990s","2010s minus 1990s","1990s","2010s","BF81",60,51,-9
"2010s_minus_1990s","2010s minus 1990s","1990s","2010s","BF82",61,61,0
"2010s_minus_1990s","2010s minus 1990s","1990s","2010s","BF83",69,56,-13
"2010s_minus_1990s","2010s minus 1990s","1990s","2010s","BF85",59,57,-2
"2010s_minus_1990s","2010s minus 1990s","1990s","2010s","BF87",51,57,6
"2010s_minus_1990s","2010s minus 1990s","1990s","2010s","BF88",42,49,7
"2010s_minus_1990s","2010s minus 1990s","1990s","2010s","BF89",38,56,18
"2010s_minus_1990s","2010s minus 1990s","1990s","2010s","BF90",71,46,-25
"2010s_minus_1990s","2010s minus 1990s","1990s","2010s","BF91",58,48,-10
"2010s_minus_1990s","2010s minus 1990s","1990s","2010s","BF92",68,63,-5
"2010s_minus_1990s","2010s minus 1990s","1990s","2010s","BF93",64,51,-13
"2010s_minus_1990s","2010s minus 1990s","1990s","2010s","BF94",46,56,10
"2010s_minus_1990s","2010s minus 1990s","1990s","2010s","BF95",53,62,9
"2010s_minus_1990s","2010s minus 1990s","1990s","2010s","BF97",64,52,-12
"2010s_minus_1990s","2010s minus 1990s","1990s","2010s","BF98",54,48,-6
"2010s_minus_1990s","2010s minus 1990s","1990s","2010s","BF99",63,52,-11
"2010s_minus_1990s","2010s minus 1990s","1990s","2010s","BG27",61,58,-3
"2010s_minus_1990s","2010s minus 1990s","1990s","2010s","BG28",69,60,-9
"2010s_minus_1990s","2010s minus 1990s","1990s","2010s","BG29",76,86,10
"2010s_minus_1990s","2010s minus 1990s","1990s","2010s","BG30",28,36,8
"2010s_minus_1990s","2010s minus 1990s","1990s","2010s","BG31",99,73,-26
"2010s_minus_1990s","2010s minus 1990s","1990s","2010s","BG32",85,68,-17
"2010s_minus_1990s","2010s minus 1990s","1990s","2010s","BG33",23,16,-7
"2010s_minus_1990s","2010s minus 1990s","1990s","2010s","BG39",40,75,35
"2010s_minus_1990s","2010s minus 1990s","1990s","2010s","BG41",68,52,-16
"2010s_minus_1990s","2010s minus 1990s","1990s","2010s","BG42",65,57,-8
"2010s_minus_1990s","2010s minus 1990s","1990s","2010s","BG43",38,43,5
"2010s_minus_1990s","2010s minus 1990s","1990s","2010s","BG45",44,74,30
"2010s_minus_1990s","2010s minus 1990s","1990s","2010s","BG49",64,71,7
"2010s_minus_1990s","2010s minus 1990s","1990s","2010s","BG50",54,61,7
"2010s_minus_1990s","2010s minus 1990s","1990s","2010s","BG55",78,65,-13
"2010s_minus_1990s","2010s minus 1990s","1990s","2010s","BG57",44,51,7
"2010s_minus_1990s","2010s minus 1990s","1990s","2010s","BG58",77,72,-5
"2010s_minus_1990s","2010s minus 1990s","1990s","2010s","BG60",58,57,-1
"2010s_minus_1990s","2010s minus 1990s","1990s","2010s","BG61",48,58,10
"2010s_minus_1990s","2010s minus 1990s","1990s","2010s","BG62",59,68,9
"2010s_minus_1990s","2010s minus 1990s","1990s","2010s","BG63",53,64,11
"2010s_minus_1990s","2010s minus 1990s","1990s","2010s","BG64",66,48,-18
"2010s_minus_1990s","2010s minus 1990s","1990s","2010s","BG65",73,70,-3
"2010s_minus_1990s","2010s minus 1990s","1990s","2010s","BG66",73,56,-17
"2010s_minus_1990s","2010s minus 1990s","1990s","2010s","BG67",55,57,2
"2010s_minus_1990s","2010s minus 1990s","1990s","2010s","BG68",56,53,-3
"2010s_minus_1990s","2010s minus 1990s","1990s","2010s","BG69",45,55,10
"2010s_minus_1990s","2010s minus 1990s","1990s","2010s","BG70",57,52,-5
"2010s_minus_1990s","2010s minus 1990s","1990s","2010s","BG71",49,57,8
"2010s_minus_1990s","2010s minus 1990s","1990s","2010s","BG72",54,61,7
"2010s_minus_1990s","2010s minus 1990s","1990s","2010s","BG73",71,76,5
"2010s_minus_1990s","2010s minus 1990s","1990s","2010s","BG74",54,45,-9
"2010s_minus_1990s","2010s minus 1990s","1990s","2010s","BG75",66,51,-15
"2010s_minus_1990s","2010s minus 1990s","1990s","2010s","BG76",69,77,8
"2010s_minus_1990s","2010s minus 1990s","1990s","2010s","BG79",70,56,-14
"2010s_minus_1990s","2010s minus 1990s","1990s","2010s","BG80",42,65,23
"2010s_minus_1990s","2010s minus 1990s","1990s","2010s","BG81",42,51,9
"2010s_minus_1990s","2010s minus 1990s","1990s","2010s","BG82",60,72,12
"2010s_minus_1990s","2010s minus 1990s","1990s","2010s","BG83",56,72,16
"2010s_minus_1990s","2010s minus 1990s","1990s","2010s","BG84",55,52,-3
"2010s_minus_1990s","2010s minus 1990s","1990s","2010s","BG85",71,65,-6
"2010s_minus_1990s","2010s minus 1990s","1990s","2010s","BG86",61,50,-11
"2010s_minus_1990s","2010s minus 1990s","1990s","2010s","BG87",64,51,-13
"2010s_minus_1990s","2010s minus 1990s","1990s","2010s","BG89",38,49,11
"2010s_minus_1990s","2010s minus 1990s","1990s","2010s","BG90",65,58,-7
"2010s_minus_1990s","2010s minus 1990s","1990s","2010s","BG91",48,65,17
"2010s_minus_1990s","2010s minus 1990s","1990s","2010s","BG92",63,77,14
"2010s_minus_1990s","2010s minus 1990s","1990s","2010s","BG93",63,79,16
"2010s_minus_1990s","2010s minus 1990s","1990s","2010s","BG94",45,67,22
"2010s_minus_1990s","2010s minus 1990s","1990s","2010s","BG95",78,72,-6
"2010s_minus_1990s","2010s minus 1990s","1990s","2010s","BG96",54,45,-9
"2010s_minus_1990s","2010s minus 1990s","1990s","2010s","BG98",60,50,-10
"2010s_minus_1990s","2010s minus 1990s","1990s","2010s","BG99",52,44,-8
"2010s_minus_1990s","2010s minus 1990s","1990s","2010s","BH57",64,47,-17
"2010s_minus_1990s","2010s minus 1990s","1990s","2010s","BH58",39,58,19
"2010s_minus_1990s","2010s minus 1990s","1990s","2010s","BH59",30,55,25
"2010s_minus_1990s","2010s minus 1990s","1990s","2010s","BH66",42,43,1
"2010s_minus_1990s","2010s minus 1990s","1990s","2010s","BH67",64,48,-16
"2010s_minus_1990s","2010s minus 1990s","1990s","2010s","BH68",60,62,2
"2010s_minus_1990s","2010s minus 1990s","1990s","2010s","BH69",69,61,-8
"2010s_minus_1990s","2010s minus 1990s","1990s","2010s","BH76",44,45,1
"2010s_minus_1990s","2010s minus 1990s","1990s","2010s","BH77",95,70,-25
"2010s_minus_1990s","2010s minus 1990s","1990s","2010s","BH78",66,52,-14
"2010s_minus_1990s","2010s minus 1990s","1990s","2010s","BH79",77,65,-12
"2010s_minus_1990s","2010s minus 1990s","1990s","2010s","BH86",82,70,-12
"2010s_minus_1990s","2010s minus 1990s","1990s","2010s","BH87",86,77,-9
"2010s_minus_1990s","2010s minus 1990s","1990s","2010s","BH88",50,57,7
"2010s_minus_1990s","2010s minus 1990s","1990s","2010s","BH89",84,72,-12
"2010s_minus_1990s","2010s minus 1990s","1990s","2010s","BH96",47,37,-10
"2010s_minus_1990s","2010s minus 1990s","1990s","2010s","BH97",44,61,17
"2010s_minus_1990s","2010s minus 1990s","1990s","2010s","BH98",70,59,-11
"2010s_minus_1990s","2010s minus 1990s","1990s","2010s","BH99",101,72,-29
"2010s_minus_1990s","2010s minus 1990s","1990s","2010s","CB80",53,62,9
"2010s_minus_1990s","2010s minus 1990s","1990s","2010s","CB81",39,68,29
"2010s_minus_1990s","2010s minus 1990s","1990s","2010s","CB93",46,58,12
"2010s_minus_1990s","2010s minus 1990s","1990s","2010s","CC04",101,94,-7
"2010s_minus_1990s","2010s minus 1990s","1990s","2010s","CC05",90,76,-14
"2010s_minus_1990s","2010s minus 1990s","1990s","2010s","CC06",77,71,-6
"2010s_minus_1990s","2010s minus 1990s","1990s","2010s","CC14",84,64,-20
"2010s_minus_1990s","2010s minus 1990s","1990s","2010s","CC15",62,52,-10
"2010s_minus_1990s","2010s minus 1990s","1990s","2010s","CC16",63,55,-8
"2010s_minus_1990s","2010s minus 1990s","1990s","2010s","CC20",52,68,16
"2010s_minus_1990s","2010s minus 1990s","1990s","2010s","CC23",51,38,-13
"2010s_minus_1990s","2010s minus 1990s","1990s","2010s","CC24",54,60,6
"2010s_minus_1990s","2010s minus 1990s","1990s","2010s","CC25",57,48,-9
"2010s_minus_1990s","2010s minus 1990s","1990s","2010s","CC26",56,50,-6
"2010s_minus_1990s","2010s minus 1990s","1990s","2010s","CC30",67,71,4
"2010s_minus_1990s","2010s minus 1990s","1990s","2010s","CC31",43,78,35
"2010s_minus_1990s","2010s minus 1990s","1990s","2010s","CC33",61,57,-4
"2010s_minus_1990s","2010s minus 1990s","1990s","2010s","CC34",71,50,-21
"2010s_minus_1990s","2010s minus 1990s","1990s","2010s","CC35",79,58,-21
"2010s_minus_1990s","2010s minus 1990s","1990s","2010s","CC36",73,65,-8
"2010s_minus_1990s","2010s minus 1990s","1990s","2010s","CC40",57,56,-1
"2010s_minus_1990s","2010s minus 1990s","1990s","2010s","CC41",58,62,4
"2010s_minus_1990s","2010s minus 1990s","1990s","2010s","CC44",65,54,-11
"2010s_minus_1990s","2010s minus 1990s","1990s","2010s","CC45",52,51,-1
"2010s_minus_1990s","2010s minus 1990s","1990s","2010s","CC46",83,76,-7
"2010s_minus_1990s","2010s minus 1990s","1990s","2010s","CC50",52,59,7
"2010s_minus_1990s","2010s minus 1990s","1990s","2010s","CC52",60,55,-5
"2010s_minus_1990s","2010s minus 1990s","1990s","2010s","CC53",78,56,-22
"2010s_minus_1990s","2010s minus 1990s","1990s","2010s","CC54",73,62,-11
"2010s_minus_1990s","2010s minus 1990s","1990s","2010s","CC56",54,58,4
"2010s_minus_1990s","2010s minus 1990s","1990s","2010s","CC57",41,52,11
"2010s_minus_1990s","2010s minus 1990s","1990s","2010s","CC60",52,69,17
"2010s_minus_1990s","2010s minus 1990s","1990s","2010s","CC61",75,86,11
"2010s_minus_1990s","2010s minus 1990s","1990s","2010s","CC62",67,70,3
"2010s_minus_1990s","2010s minus 1990s","1990s","2010s","CC63",67,62,-5
"2010s_minus_1990s","2010s minus 1990s","1990s","2010s","CC64",73,53,-20
"2010s_minus_1990s","2010s minus 1990s","1990s","2010s","CC65",72,54,-18
"2010s_minus_1990s","2010s minus 1990s","1990s","2010s","CC66",66,55,-11
"2010s_minus_1990s","2010s minus 1990s","1990s","2010s","CC67",71,61,-10
"2010s_minus_1990s","2010s minus 1990s","1990s","2010s","CC68",55,44,-11
"2010s_minus_1990s","2010s minus 1990s","1990s","2010s","CC70",54,67,13
"2010s_minus_1990s","2010s minus 1990s","1990s","2010s","CC71",53,89,36
"2010s_minus_1990s","2010s minus 1990s","1990s","2010s","CC72",59,79,20
"2010s_minus_1990s","2010s minus 1990s","1990s","2010s","CC75",91,84,-7
"2010s_minus_1990s","2010s minus 1990s","1990s","2010s","CC76",56,52,-4
"2010s_minus_1990s","2010s minus 1990s","1990s","2010s","CC77",83,61,-22
"2010s_minus_1990s","2010s minus 1990s","1990s","2010s","CC80",81,87,6
"2010s_minus_1990s","2010s minus 1990s","1990s","2010s","CC81",41,64,23
"2010s_minus_1990s","2010s minus 1990s","1990s","2010s","CC82",41,62,21
"2010s_minus_1990s","2010s minus 1990s","1990s","2010s","CC83",49,55,6
"2010s_minus_1990s","2010s minus 1990s","1990s","2010s","CC84",40,39,-1
"2010s_minus_1990s","2010s minus 1990s","1990s","2010s","CC85",87,64,-23
"2010s_minus_1990s","2010s minus 1990s","1990s","2010s","CC86",72,61,-11
"2010s_minus_1990s","2010s minus 1990s","1990s","2010s","CC88",46,56,10
"2010s_minus_1990s","2010s minus 1990s","1990s","2010s","CC89",51,55,4
"2010s_minus_1990s","2010s minus 1990s","1990s","2010s","CC90",49,80,31
"2010s_minus_1990s","2010s minus 1990s","1990s","2010s","CC91",61,99,38
"2010s_minus_1990s","2010s minus 1990s","1990s","2010s","CC92",67,65,-2
"2010s_minus_1990s","2010s minus 1990s","1990s","2010s","CC93",58,62,4
"2010s_minus_1990s","2010s minus 1990s","1990s","2010s","CC94",69,61,-8
"2010s_minus_1990s","2010s minus 1990s","1990s","2010s","CC95",68,61,-7
"2010s_minus_1990s","2010s minus 1990s","1990s","2010s","CC96",67,75,8
"2010s_minus_1990s","2010s minus 1990s","1990s","2010s","CC97",60,69,9
"2010s_minus_1990s","2010s minus 1990s","1990s","2010s","CC98",53,69,16
"2010s_minus_1990s","2010s minus 1990s","1990s","2010s","CC99",45,52,7
"2010s_minus_1990s","2010s minus 1990s","1990s","2010s","CD00",38,53,15
"2010s_minus_1990s","2010s minus 1990s","1990s","2010s","CD01",38,56,18
"2010s_minus_1990s","2010s minus 1990s","1990s","2010s","CD02",42,58,16
"2010s_minus_1990s","2010s minus 1990s","1990s","2010s","CD03",77,87,10
"2010s_minus_1990s","2010s minus 1990s","1990s","2010s","CD04",73,66,-7
"2010s_minus_1990s","2010s minus 1990s","1990s","2010s","CD05",42,63,21
"2010s_minus_1990s","2010s minus 1990s","1990s","2010s","CD06",34,49,15
"2010s_minus_1990s","2010s minus 1990s","1990s","2010s","CD07",40,53,13
"2010s_minus_1990s","2010s minus 1990s","1990s","2010s","CD08",43,59,16
"2010s_minus_1990s","2010s minus 1990s","1990s","2010s","CD09",56,58,2
"2010s_minus_1990s","2010s minus 1990s","1990s","2010s","CD10",47,60,13
"2010s_minus_1990s","2010s minus 1990s","1990s","2010s","CD11",56,62,6
"2010s_minus_1990s","2010s minus 1990s","1990s","2010s","CD13",73,57,-16
"2010s_minus_1990s","2010s minus 1990s","1990s","2010s","CD14",35,62,27
"2010s_minus_1990s","2010s minus 1990s","1990s","2010s","CD15",35,60,25
"2010s_minus_1990s","2010s minus 1990s","1990s","2010s","CD16",76,41,-35
"2010s_minus_1990s","2010s minus 1990s","1990s","2010s","CD17",68,68,0
"2010s_minus_1990s","2010s minus 1990s","1990s","2010s","CD18",56,50,-6
"2010s_minus_1990s","2010s minus 1990s","1990s","2010s","CD21",78,68,-10
"2010s_minus_1990s","2010s minus 1990s","1990s","2010s","CD22",38,52,14
"2010s_minus_1990s","2010s minus 1990s","1990s","2010s","CD23",65,75,10
"2010s_minus_1990s","2010s minus 1990s","1990s","2010s","CD24",74,62,-12
"2010s_minus_1990s","2010s minus 1990s","1990s","2010s","CD26",67,56,-11
"2010s_minus_1990s","2010s minus 1990s","1990s","2010s","CD29",65,56,-9
"2010s_minus_1990s","2010s minus 1990s","1990s","2010s","CD31",75,62,-13
"2010s_minus_1990s","2010s minus 1990s","1990s","2010s","CD32",73,70,-3
"2010s_minus_1990s","2010s minus 1990s","1990s","2010s","CD33",62,72,10
"2010s_minus_1990s","2010s minus 1990s","1990s","2010s","CD34",83,64,-19
"2010s_minus_1990s","2010s minus 1990s","1990s","2010s","CD36",34,63,29
"2010s_minus_1990s","2010s minus 1990s","1990s","2010s","CD40",70,69,-1
"2010s_minus_1990s","2010s minus 1990s","1990s","2010s","CD41",79,77,-2
"2010s_minus_1990s","2010s minus 1990s","1990s","2010s","CD42",74,54,-20
"2010s_minus_1990s","2010s minus 1990s","1990s","2010s","CD43",69,90,21
"2010s_minus_1990s","2010s minus 1990s","1990s","2010s","CD44",49,56,7
"2010s_minus_1990s","2010s minus 1990s","1990s","2010s","CD45",45,55,10
"2010s_minus_1990s","2010s minus 1990s","1990s","2010s","CD47",53,65,12
"2010s_minus_1990s","2010s minus 1990s","1990s","2010s","CD49",53,51,-2
"2010s_minus_1990s","2010s minus 1990s","1990s","2010s","CD50",80,77,-3
"2010s_minus_1990s","2010s minus 1990s","1990s","2010s","CD51",67,67,0
"2010s_minus_1990s","2010s minus 1990s","1990s","2010s","CD52",70,70,0
"2010s_minus_1990s","2010s minus 1990s","1990s","2010s","CD53",45,58,13
"2010s_minus_1990s","2010s minus 1990s","1990s","2010s","CD54",66,76,10
"2010s_minus_1990s","2010s minus 1990s","1990s","2010s","CD57",63,61,-2
"2010s_minus_1990s","2010s minus 1990s","1990s","2010s","CD58",42,42,0
"2010s_minus_1990s","2010s minus 1990s","1990s","2010s","CD59",39,53,14
"2010s_minus_1990s","2010s minus 1990s","1990s","2010s","CD60",66,83,17
"2010s_minus_1990s","2010s minus 1990s","1990s","2010s","CD61",55,75,20
"2010s_minus_1990s","2010s minus 1990s","1990s","2010s","CD62",67,64,-3
"2010s_minus_1990s","2010s minus 1990s","1990s","2010s","CD63",73,69,-4
"2010s_minus_1990s","2010s minus 1990s","1990s","2010s","CD64",46,52,6
"2010s_minus_1990s","2010s minus 1990s","1990s","2010s","CD66",57,69,12
"2010s_minus_1990s","2010s minus 1990s","1990s","2010s","CD67",81,69,-12
"2010s_minus_1990s","2010s minus 1990s","1990s","2010s","CD68",60,45,-15
"2010s_minus_1990s","2010s minus 1990s","1990s","2010s","CD69",54,61,7
"2010s_minus_1990s","2010s minus 1990s","1990s","2010s","CD70",49,73,24
"2010s_minus_1990s","2010s minus 1990s","1990s","2010s","CD71",61,103,42
"2010s_minus_1990s","2010s minus 1990s","1990s","2010s","CD72",50,78,28
"2010s_minus_1990s","2010s minus 1990s","1990s","2010s","CD73",65,68,3
"2010s_minus_1990s","2010s minus 1990s","1990s","2010s","CD74",69,66,-3
"2010s_minus_1990s","2010s minus 1990s","1990s","2010s","CD75",59,62,3
"2010s_minus_1990s","2010s minus 1990s","1990s","2010s","CD76",72,57,-15
"2010s_minus_1990s","2010s minus 1990s","1990s","2010s","CD77",43,51,8
"2010s_minus_1990s","2010s minus 1990s","1990s","2010s","CD78",40,51,11
"2010s_minus_1990s","2010s minus 1990s","1990s","2010s","CD80",45,72,27
"2010s_minus_1990s","2010s minus 1990s","1990s","2010s","CD81",75,91,16
"2010s_minus_1990s","2010s minus 1990s","1990s","2010s","CD82",64,58,-6
"2010s_minus_1990s","2010s minus 1990s","1990s","2010s","CD83",64,69,5
"2010s_minus_1990s","2010s minus 1990s","1990s","2010s","CD84",69,77,8
"2010s_minus_1990s","2010s minus 1990s","1990s","2010s","CD85",43,54,11
"2010s_minus_1990s","2010s minus 1990s","1990s","2010s","CD86",56,53,-3
"2010s_minus_1990s","2010s minus 1990s","1990s","2010s","CD89",34,66,32
"2010s_minus_1990s","2010s minus 1990s","1990s","2010s","CD90",69,68,-1
"2010s_minus_1990s","2010s minus 1990s","1990s","2010s","CD91",78,93,15
"2010s_minus_1990s","2010s minus 1990s","1990s","2010s","CD92",74,74,0
"2010s_minus_1990s","2010s minus 1990s","1990s","2010s","CD94",57,60,3
"2010s_minus_1990s","2010s minus 1990s","1990s","2010s","CD95",75,89,14
"2010s_minus_1990s","2010s minus 1990s","1990s","2010s","CD98",72,68,-4
"2010s_minus_1990s","2010s minus 1990s","1990s","2010s","CD99",63,71,8
"2010s_minus_1990s","2010s minus 1990s","1990s","2010s","CE00",47,74,27
"2010s_minus_1990s","2010s minus 1990s","1990s","2010s","CE01",52,72,20
"2010s_minus_1990s","2010s minus 1990s","1990s","2010s","CE02",75,82,7
"2010s_minus_1990s","2010s minus 1990s","1990s","2010s","CE03",44,53,9
"2010s_minus_1990s","2010s minus 1990s","1990s","2010s","CE04",45,52,7
"2010s_minus_1990s","2010s minus 1990s","1990s","2010s","CE05",48,52,4
"2010s_minus_1990s","2010s minus 1990s","1990s","2010s","CE06",54,46,-8
"2010s_minus_1990s","2010s minus 1990s","1990s","2010s","CE07",40,50,10
"2010s_minus_1990s","2010s minus 1990s","1990s","2010s","CE09",43,56,13
"2010s_minus_1990s","2010s minus 1990s","1990s","2010s","CE10",54,65,11
"2010s_minus_1990s","2010s minus 1990s","1990s","2010s","CE11",69,83,14
"2010s_minus_1990s","2010s minus 1990s","1990s","2010s","CE12",28,72,44
"2010s_minus_1990s","2010s minus 1990s","1990s","2010s","CE13",38,77,39
"2010s_minus_1990s","2010s minus 1990s","1990s","2010s","CE14",43,60,17
"2010s_minus_1990s","2010s minus 1990s","1990s","2010s","CE15",66,48,-18
"2010s_minus_1990s","2010s minus 1990s","1990s","2010s","CE16",55,58,3
"2010s_minus_1990s","2010s minus 1990s","1990s","2010s","CE17",64,60,-4
"2010s_minus_1990s","2010s minus 1990s","1990s","2010s","CE18",43,69,26
"2010s_minus_1990s","2010s minus 1990s","1990s","2010s","CE19",49,54,5
"2010s_minus_1990s","2010s minus 1990s","1990s","2010s","CE20",77,53,-24
"2010s_minus_1990s","2010s minus 1990s","1990s","2010s","CE21",78,75,-3
"2010s_minus_1990s","2010s minus 1990s","1990s","2010s","CE22",73,71,-2
"2010s_minus_1990s","2010s minus 1990s","1990s","2010s","CE23",58,61,3
"2010s_minus_1990s","2010s minus 1990s","1990s","2010s","CE24",69,62,-7
"2010s_minus_1990s","2010s minus 1990s","1990s","2010s","CE25",35,51,16
"2010s_minus_1990s","2010s minus 1990s","1990s","2010s","CE26",39,53,14
"2010s_minus_1990s","2010s minus 1990s","1990s","2010s","CE27",39,64,25
"2010s_minus_1990s","2010s minus 1990s","1990s","2010s","CE29",32,57,25
"2010s_minus_1990s","2010s minus 1990s","1990s","2010s","CE30",65,72,7
"2010s_minus_1990s","2010s minus 1990s","1990s","2010s","CE31",71,64,-7
"2010s_minus_1990s","2010s minus 1990s","1990s","2010s","CE32",46,61,15
"2010s_minus_1990s","2010s minus 1990s","1990s","2010s","CE33",56,61,5
"2010s_minus_1990s","2010s minus 1990s","1990s","2010s","CE34",39,49,10
"2010s_minus_1990s","2010s minus 1990s","1990s","2010s","CE35",47,67,20
"2010s_minus_1990s","2010s minus 1990s","1990s","2010s","CE37",44,56,12
"2010s_minus_1990s","2010s minus 1990s","1990s","2010s","CE38",67,74,7
"2010s_minus_1990s","2010s minus 1990s","1990s","2010s","CE39",42,59,17
"2010s_minus_1990s","2010s minus 1990s","1990s","2010s","CE40",37,73,36
"2010s_minus_1990s","2010s minus 1990s","1990s","2010s","CE41",53,49,-4
"2010s_minus_1990s","2010s minus 1990s","1990s","2010s","CE42",64,65,1
"2010s_minus_1990s","2010s minus 1990s","1990s","2010s","CE45",45,71,26
"2010s_minus_1990s","2010s minus 1990s","1990s","2010s","CE46",43,51,8
"2010s_minus_1990s","2010s minus 1990s","1990s","2010s","CE47",49,52,3
"2010s_minus_1990s","2010s minus 1990s","1990s","2010s","CE48",61,65,4
"2010s_minus_1990s","2010s minus 1990s","1990s","2010s","CE49",72,79,7
"2010s_minus_1990s","2010s minus 1990s","1990s","2010s","CE50",56,63,7
"2010s_minus_1990s","2010s minus 1990s","1990s","2010s","CE51",76,70,-6
"2010s_minus_1990s","2010s minus 1990s","1990s","2010s","CE52",80,77,-3
"2010s_minus_1990s","2010s minus 1990s","1990s","2010s","CE54",77,50,-27
"2010s_minus_1990s","2010s minus 1990s","1990s","2010s","CE55",62,63,1
"2010s_minus_1990s","2010s minus 1990s","1990s","2010s","CE56",60,58,-2
"2010s_minus_1990s","2010s minus 1990s","1990s","2010s","CE57",49,49,0
"2010s_minus_1990s","2010s minus 1990s","1990s","2010s","CE58",46,55,9
"2010s_minus_1990s","2010s minus 1990s","1990s","2010s","CE59",37,52,15
"2010s_minus_1990s","2010s minus 1990s","1990s","2010s","CE60",72,74,2
"2010s_minus_1990s","2010s minus 1990s","1990s","2010s","CE61",68,78,10
"2010s_minus_1990s","2010s minus 1990s","1990s","2010s","CE62",72,92,20
"2010s_minus_1990s","2010s minus 1990s","1990s","2010s","CE63",74,69,-5
"2010s_minus_1990s","2010s minus 1990s","1990s","2010s","CE64",91,81,-10
"2010s_minus_1990s","2010s minus 1990s","1990s","2010s","CE65",65,77,12
"2010s_minus_1990s","2010s minus 1990s","1990s","2010s","CE66",47,54,7
"2010s_minus_1990s","2010s minus 1990s","1990s","2010s","CE67",57,61,4
"2010s_minus_1990s","2010s minus 1990s","1990s","2010s","CE68",52,50,-2
"2010s_minus_1990s","2010s minus 1990s","1990s","2010s","CE69",70,57,-13
"2010s_minus_1990s","2010s minus 1990s","1990s","2010s","CE70",60,64,4
"2010s_minus_1990s","2010s minus 1990s","1990s","2010s","CE71",40,53,13
"2010s_minus_1990s","2010s minus 1990s","1990s","2010s","CE72",77,78,1
"2010s_minus_1990s","2010s minus 1990s","1990s","2010s","CE74",76,81,5
"2010s_minus_1990s","2010s minus 1990s","1990s","2010s","CE75",74,84,10
"2010s_minus_1990s","2010s minus 1990s","1990s","2010s","CE76",48,44,-4
"2010s_minus_1990s","2010s minus 1990s","1990s","2010s","CE77",64,54,-10
"2010s_minus_1990s","2010s minus 1990s","1990s","2010s","CE78",84,60,-24
"2010s_minus_1990s","2010s minus 1990s","1990s","2010s","CE79",31,61,30
"2010s_minus_1990s","2010s minus 1990s","1990s","2010s","CE80",66,85,19
"2010s_minus_1990s","2010s minus 1990s","1990s","2010s","CE81",58,94,36
"2010s_minus_1990s","2010s minus 1990s","1990s","2010s","CE82",94,99,5
"2010s_minus_1990s","2010s minus 1990s","1990s","2010s","CE83",68,69,1
"2010s_minus_1990s","2010s minus 1990s","1990s","2010s","CE84",76,62,-14
"2010s_minus_1990s","2010s minus 1990s","1990s","2010s","CE85",70,71,1
"2010s_minus_1990s","2010s minus 1990s","1990s","2010s","CE86",60,81,21
"2010s_minus_1990s","2010s minus 1990s","1990s","2010s","CE87",54,55,1
"2010s_minus_1990s","2010s minus 1990s","1990s","2010s","CE88",90,54,-36
"2010s_minus_1990s","2010s minus 1990s","1990s","2010s","CE89",77,60,-17
"2010s_minus_1990s","2010s minus 1990s","1990s","2010s","CE90",59,65,6
"2010s_minus_1990s","2010s minus 1990s","1990s","2010s","CE91",65,55,-10
"2010s_minus_1990s","2010s minus 1990s","1990s","2010s","CE92",69,65,-4
"2010s_minus_1990s","2010s minus 1990s","1990s","2010s","CE93",79,54,-25
"2010s_minus_1990s","2010s minus 1990s","1990s","2010s","CE94",67,49,-18
"2010s_minus_1990s","2010s minus 1990s","1990s","2010s","CE96",56,81,25
"2010s_minus_1990s","2010s minus 1990s","1990s","2010s","CE97",35,65,30
"2010s_minus_1990s","2010s minus 1990s","1990s","2010s","CE98",51,51,0
"2010s_minus_1990s","2010s minus 1990s","1990s","2010s","CE99",82,65,-17
"2010s_minus_1990s","2010s minus 1990s","1990s","2010s","CF02",65,63,-2
"2010s_minus_1990s","2010s minus 1990s","1990s","2010s","CF03",60,59,-1
"2010s_minus_1990s","2010s minus 1990s","1990s","2010s","CF04",44,73,29
"2010s_minus_1990s","2010s minus 1990s","1990s","2010s","CF05",48,50,2
"2010s_minus_1990s","2010s minus 1990s","1990s","2010s","CF06",57,59,2
"2010s_minus_1990s","2010s minus 1990s","1990s","2010s","CF07",41,55,14
"2010s_minus_1990s","2010s minus 1990s","1990s","2010s","CF08",49,72,23
"2010s_minus_1990s","2010s minus 1990s","1990s","2010s","CF09",49,61,12
"2010s_minus_1990s","2010s minus 1990s","1990s","2010s","CF10",75,75,0
"2010s_minus_1990s","2010s minus 1990s","1990s","2010s","CF13",78,74,-4
"2010s_minus_1990s","2010s minus 1990s","1990s","2010s","CF14",61,55,-6
"2010s_minus_1990s","2010s minus 1990s","1990s","2010s","CF15",64,44,-20
"2010s_minus_1990s","2010s minus 1990s","1990s","2010s","CF16",56,60,4
"2010s_minus_1990s","2010s minus 1990s","1990s","2010s","CF17",39,45,6
"2010s_minus_1990s","2010s minus 1990s","1990s","2010s","CF18",40,64,24
"2010s_minus_1990s","2010s minus 1990s","1990s","2010s","CF19",61,50,-11
"2010s_minus_1990s","2010s minus 1990s","1990s","2010s","CF21",68,48,-20
"2010s_minus_1990s","2010s minus 1990s","1990s","2010s","CF23",63,68,5
"2010s_minus_1990s","2010s minus 1990s","1990s","2010s","CF25",56,65,9
"2010s_minus_1990s","2010s minus 1990s","1990s","2010s","CF26",49,65,16
"2010s_minus_1990s","2010s minus 1990s","1990s","2010s","CF27",54,58,4
"2010s_minus_1990s","2010s minus 1990s","1990s","2010s","CF28",53,51,-2
"2010s_minus_1990s","2010s minus 1990s","1990s","2010s","CF29",82,78,-4
"2010s_minus_1990s","2010s minus 1990s","1990s","2010s","CF30",69,59,-10
"2010s_minus_1990s","2010s minus 1990s","1990s","2010s","CF31",71,67,-4
"2010s_minus_1990s","2010s minus 1990s","1990s","2010s","CF32",88,78,-10
"2010s_minus_1990s","2010s minus 1990s","1990s","2010s","CF33",81,76,-5
"2010s_minus_1990s","2010s minus 1990s","1990s","2010s","CF34",75,76,1
"2010s_minus_1990s","2010s minus 1990s","1990s","2010s","CF35",55,66,11
"2010s_minus_1990s","2010s minus 1990s","1990s","2010s","CF37",42,54,12
"2010s_minus_1990s","2010s minus 1990s","1990s","2010s","CF38",62,56,-6
"2010s_minus_1990s","2010s minus 1990s","1990s","2010s","CF39",69,69,0
"2010s_minus_1990s","2010s minus 1990s","1990s","2010s","CF40",75,80,5
"2010s_minus_1990s","2010s minus 1990s","1990s","2010s","CF41",69,79,10
"2010s_minus_1990s","2010s minus 1990s","1990s","2010s","CF42",56,57,1
"2010s_minus_1990s","2010s minus 1990s","1990s","2010s","CF43",64,60,-4
"2010s_minus_1990s","2010s minus 1990s","1990s","2010s","CF44",74,71,-3
"2010s_minus_1990s","2010s minus 1990s","1990s","2010s","CF45",54,71,17
"2010s_minus_1990s","2010s minus 1990s","1990s","2010s","CF47",61,71,10
"2010s_minus_1990s","2010s minus 1990s","1990s","2010s","CF48",42,56,14
"2010s_minus_1990s","2010s minus 1990s","1990s","2010s","CF49",71,84,13
"2010s_minus_1990s","2010s minus 1990s","1990s","2010s","CF50",90,79,-11
"2010s_minus_1990s","2010s minus 1990s","1990s","2010s","CF51",84,89,5
"2010s_minus_1990s","2010s minus 1990s","1990s","2010s","CF52",69,62,-7
"2010s_minus_1990s","2010s minus 1990s","1990s","2010s","CF54",86,76,-10
"2010s_minus_1990s","2010s minus 1990s","1990s","2010s","CF55",80,78,-2
"2010s_minus_1990s","2010s minus 1990s","1990s","2010s","CF56",64,68,4
"2010s_minus_1990s","2010s minus 1990s","1990s","2010s","CF57",55,70,15
"2010s_minus_1990s","2010s minus 1990s","1990s","2010s","CF58",52,68,16
"2010s_minus_1990s","2010s minus 1990s","1990s","2010s","CF59",60,59,-1
"2010s_minus_1990s","2010s minus 1990s","1990s","2010s","CF60",77,71,-6
"2010s_minus_1990s","2010s minus 1990s","1990s","2010s","CF61",79,67,-12
"2010s_minus_1990s","2010s minus 1990s","1990s","2010s","CF62",73,74,1
"2010s_minus_1990s","2010s minus 1990s","1990s","2010s","CF63",72,67,-5
"2010s_minus_1990s","2010s minus 1990s","1990s","2010s","CF64",87,76,-11
"2010s_minus_1990s","2010s minus 1990s","1990s","2010s","CF65",69,67,-2
"2010s_minus_1990s","2010s minus 1990s","1990s","2010s","CF66",64,58,-6
"2010s_minus_1990s","2010s minus 1990s","1990s","2010s","CF67",47,77,30
"2010s_minus_1990s","2010s minus 1990s","1990s","2010s","CF68",62,62,0
"2010s_minus_1990s","2010s minus 1990s","1990s","2010s","CF69",73,66,-7
"2010s_minus_1990s","2010s minus 1990s","1990s","2010s","CF70",78,72,-6
"2010s_minus_1990s","2010s minus 1990s","1990s","2010s","CF71",52,63,11
"2010s_minus_1990s","2010s minus 1990s","1990s","2010s","CF72",61,63,2
"2010s_minus_1990s","2010s minus 1990s","1990s","2010s","CF73",68,75,7
"2010s_minus_1990s","2010s minus 1990s","1990s","2010s","CF74",59,78,19
"2010s_minus_1990s","2010s minus 1990s","1990s","2010s","CF75",55,71,16
"2010s_minus_1990s","2010s minus 1990s","1990s","2010s","CF76",49,56,7
"2010s_minus_1990s","2010s minus 1990s","1990s","2010s","CF77",51,52,1
"2010s_minus_1990s","2010s minus 1990s","1990s","2010s","CF78",74,74,0
"2010s_minus_1990s","2010s minus 1990s","1990s","2010s","CF79",56,60,4
"2010s_minus_1990s","2010s minus 1990s","1990s","2010s","CF80",49,66,17
"2010s_minus_1990s","2010s minus 1990s","1990s","2010s","CF81",63,48,-15
"2010s_minus_1990s","2010s minus 1990s","1990s","2010s","CF82",92,69,-23
"2010s_minus_1990s","2010s minus 1990s","1990s","2010s","CF83",72,74,2
"2010s_minus_1990s","2010s minus 1990s","1990s","2010s","CF84",50,72,22
"2010s_minus_1990s","2010s minus 1990s","1990s","2010s","CF85",47,49,2
"2010s_minus_1990s","2010s minus 1990s","1990s","2010s","CF86",57,66,9
"2010s_minus_1990s","2010s minus 1990s","1990s","2010s","CF87",66,62,-4
"2010s_minus_1990s","2010s minus 1990s","1990s","2010s","CF88",41,52,11
"2010s_minus_1990s","2010s minus 1990s","1990s","2010s","CF89",65,72,7
"2010s_minus_1990s","2010s minus 1990s","1990s","2010s","CF90",53,60,7
"2010s_minus_1990s","2010s minus 1990s","1990s","2010s","CF91",60,70,10
"2010s_minus_1990s","2010s minus 1990s","1990s","2010s","CF92",58,80,22
"2010s_minus_1990s","2010s minus 1990s","1990s","2010s","CF93",75,73,-2
"2010s_minus_1990s","2010s minus 1990s","1990s","2010s","CF94",41,52,11
"2010s_minus_1990s","2010s minus 1990s","1990s","2010s","CF95",63,75,12
"2010s_minus_1990s","2010s minus 1990s","1990s","2010s","CF96",45,62,17
"2010s_minus_1990s","2010s minus 1990s","1990s","2010s","CF97",43,59,16
"2010s_minus_1990s","2010s minus 1990s","1990s","2010s","CF98",68,72,4
"2010s_minus_1990s","2010s minus 1990s","1990s","2010s","CF99",56,63,7
"2010s_minus_1990s","2010s minus 1990s","1990s","2010s","CG00",33,43,10
"2010s_minus_1990s","2010s minus 1990s","1990s","2010s","CG01",39,44,5
"2010s_minus_1990s","2010s minus 1990s","1990s","2010s","CG02",34,50,16
"2010s_minus_1990s","2010s minus 1990s","1990s","2010s","CG03",44,60,16
"2010s_minus_1990s","2010s minus 1990s","1990s","2010s","CG04",29,58,29
"2010s_minus_1990s","2010s minus 1990s","1990s","2010s","CG05",77,89,12
"2010s_minus_1990s","2010s minus 1990s","1990s","2010s","CG06",52,66,14
"2010s_minus_1990s","2010s minus 1990s","1990s","2010s","CG07",74,65,-9
"2010s_minus_1990s","2010s minus 1990s","1990s","2010s","CG08",33,58,25
"2010s_minus_1990s","2010s minus 1990s","1990s","2010s","CG09",74,73,-1
"2010s_minus_1990s","2010s minus 1990s","1990s","2010s","CG10",45,47,2
"2010s_minus_1990s","2010s minus 1990s","1990s","2010s","CG11",38,50,12
"2010s_minus_1990s","2010s minus 1990s","1990s","2010s","CG12",40,56,16
"2010s_minus_1990s","2010s minus 1990s","1990s","2010s","CG13",55,62,7
"2010s_minus_1990s","2010s minus 1990s","1990s","2010s","CG14",39,53,14
"2010s_minus_1990s","2010s minus 1990s","1990s","2010s","CG15",53,80,27
"2010s_minus_1990s","2010s minus 1990s","1990s","2010s","CG17",67,56,-11
"2010s_minus_1990s","2010s minus 1990s","1990s","2010s","CG18",19,50,31
"2010s_minus_1990s","2010s minus 1990s","1990s","2010s","CG19",50,69,19
"2010s_minus_1990s","2010s minus 1990s","1990s","2010s","CG20",35,49,14
"2010s_minus_1990s","2010s minus 1990s","1990s","2010s","CG21",39,42,3
"2010s_minus_1990s","2010s minus 1990s","1990s","2010s","CG23",55,68,13
"2010s_minus_1990s","2010s minus 1990s","1990s","2010s","CG24",41,64,23
"2010s_minus_1990s","2010s minus 1990s","1990s","2010s","CG25",49,62,13
"2010s_minus_1990s","2010s minus 1990s","1990s","2010s","CG26",49,58,9
"2010s_minus_1990s","2010s minus 1990s","1990s","2010s","CG27",38,60,22
"2010s_minus_1990s","2010s minus 1990s","1990s","2010s","CG28",26,56,30
"2010s_minus_1990s","2010s minus 1990s","1990s","2010s","CG29",47,71,24
"2010s_minus_1990s","2010s minus 1990s","1990s","2010s","CG30",59,54,-5
"2010s_minus_1990s","2010s minus 1990s","1990s","2010s","CG31",49,54,5
"2010s_minus_1990s","2010s minus 1990s","1990s","2010s","CG32",45,49,4
"2010s_minus_1990s","2010s minus 1990s","1990s","2010s","CG33",40,78,38
"2010s_minus_1990s","2010s minus 1990s","1990s","2010s","CG34",59,80,21
"2010s_minus_1990s","2010s minus 1990s","1990s","2010s","CG37",49,63,14
"2010s_minus_1990s","2010s minus 1990s","1990s","2010s","CG39",81,85,4
"2010s_minus_1990s","2010s minus 1990s","1990s","2010s","CG40",85,72,-13
"2010s_minus_1990s","2010s minus 1990s","1990s","2010s","CG41",48,61,13
"2010s_minus_1990s","2010s minus 1990s","1990s","2010s","CG42",64,69,5
"2010s_minus_1990s","2010s minus 1990s","1990s","2010s","CG43",70,71,1
"2010s_minus_1990s","2010s minus 1990s","1990s","2010s","CG44",92,83,-9
"2010s_minus_1990s","2010s minus 1990s","1990s","2010s","CG45",51,58,7
"2010s_minus_1990s","2010s minus 1990s","1990s","2010s","CG46",49,84,35
"2010s_minus_1990s","2010s minus 1990s","1990s","2010s","CG47",74,75,1
"2010s_minus_1990s","2010s minus 1990s","1990s","2010s","CG48",76,76,0
"2010s_minus_1990s","2010s minus 1990s","1990s","2010s","CG49",67,74,7
"2010s_minus_1990s","2010s minus 1990s","1990s","2010s","CG50",74,73,-1
"2010s_minus_1990s","2010s minus 1990s","1990s","2010s","CG51",89,71,-18
"2010s_minus_1990s","2010s minus 1990s","1990s","2010s","CG52",80,63,-17
"2010s_minus_1990s","2010s minus 1990s","1990s","2010s","CG53",75,71,-4
"2010s_minus_1990s","2010s minus 1990s","1990s","2010s","CG54",94,97,3
"2010s_minus_1990s","2010s minus 1990s","1990s","2010s","CG55",54,73,19
"2010s_minus_1990s","2010s minus 1990s","1990s","2010s","CG56",64,59,-5
"2010s_minus_1990s","2010s minus 1990s","1990s","2010s","CG57",71,59,-12
"2010s_minus_1990s","2010s minus 1990s","1990s","2010s","CG58",80,63,-17
"2010s_minus_1990s","2010s minus 1990s","1990s","2010s","CG59",80,74,-6
"2010s_minus_1990s","2010s minus 1990s","1990s","2010s","CG60",60,54,-6
"2010s_minus_1990s","2010s minus 1990s","1990s","2010s","CG61",69,54,-15
"2010s_minus_1990s","2010s minus 1990s","1990s","2010s","CG62",43,77,34
"2010s_minus_1990s","2010s minus 1990s","1990s","2010s","CG63",62,61,-1
"2010s_minus_1990s","2010s minus 1990s","1990s","2010s","CG64",56,69,13
"2010s_minus_1990s","2010s minus 1990s","1990s","2010s","CG65",54,83,29
"2010s_minus_1990s","2010s minus 1990s","1990s","2010s","CG66",68,62,-6
"2010s_minus_1990s","2010s minus 1990s","1990s","2010s","CG67",54,59,5
"2010s_minus_1990s","2010s minus 1990s","1990s","2010s","CG68",74,47,-27
"2010s_minus_1990s","2010s minus 1990s","1990s","2010s","CG69",70,66,-4
"2010s_minus_1990s","2010s minus 1990s","1990s","2010s","CG73",66,72,6
"2010s_minus_1990s","2010s minus 1990s","1990s","2010s","CG74",53,69,16
"2010s_minus_1990s","2010s minus 1990s","1990s","2010s","CG75",57,69,12
"2010s_minus_1990s","2010s minus 1990s","1990s","2010s","CG77",66,63,-3
"2010s_minus_1990s","2010s minus 1990s","1990s","2010s","CG78",72,68,-4
"2010s_minus_1990s","2010s minus 1990s","1990s","2010s","CG79",73,63,-10
"2010s_minus_1990s","2010s minus 1990s","1990s","2010s","CG80",56,47,-9
"2010s_minus_1990s","2010s minus 1990s","1990s","2010s","CG83",62,70,8
"2010s_minus_1990s","2010s minus 1990s","1990s","2010s","CG84",75,75,0
"2010s_minus_1990s","2010s minus 1990s","1990s","2010s","CG85",68,66,-2
"2010s_minus_1990s","2010s minus 1990s","1990s","2010s","CG89",73,58,-15
"2010s_minus_1990s","2010s minus 1990s","1990s","2010s","CG90",68,59,-9
"2010s_minus_1990s","2010s minus 1990s","1990s","2010s","CG99",49,56,7
"2010s_minus_1990s","2010s minus 1990s","1990s","2010s","CH06",59,61,2
"2010s_minus_1990s","2010s minus 1990s","1990s","2010s","CH07",58,52,-6
"2010s_minus_1990s","2010s minus 1990s","1990s","2010s","CH08",62,49,-13
"2010s_minus_1990s","2010s minus 1990s","1990s","2010s","CH09",44,50,6
"2010s_minus_1990s","2010s minus 1990s","1990s","2010s","CH16",59,53,-6
"2010s_minus_1990s","2010s minus 1990s","1990s","2010s","CH17",43,53,10
"2010s_minus_1990s","2010s minus 1990s","1990s","2010s","CH18",53,51,-2
"2010s_minus_1990s","2010s minus 1990s","1990s","2010s","CH19",49,56,7
"2010s_minus_1990s","2010s minus 1990s","1990s","2010s","CH26",51,62,11
"2010s_minus_1990s","2010s minus 1990s","1990s","2010s","CH27",59,45,-14
"2010s_minus_1990s","2010s minus 1990s","1990s","2010s","CH28",48,49,1
"2010s_minus_1990s","2010s minus 1990s","1990s","2010s","CH29",36,44,8
"2010s_minus_1990s","2010s minus 1990s","1990s","2010s","CH34",74,54,-20
"2010s_minus_1990s","2010s minus 1990s","1990s","2010s","CH35",81,77,-4
"2010s_minus_1990s","2010s minus 1990s","1990s","2010s","CH36",49,49,0
"2010s_minus_1990s","2010s minus 1990s","1990s","2010s","CH37",55,72,17
"2010s_minus_1990s","2010s minus 1990s","1990s","2010s","CH38",60,56,-4
"2010s_minus_1990s","2010s minus 1990s","1990s","2010s","CH39",35,44,9
"2010s_minus_1990s","2010s minus 1990s","1990s","2010s","CH45",80,89,9
"2010s_minus_1990s","2010s minus 1990s","1990s","2010s","CH46",67,70,3
"2010s_minus_1990s","2010s minus 1990s","1990s","2010s","CH47",48,53,5
"2010s_minus_1990s","2010s minus 1990s","1990s","2010s","CH48",75,79,4
"2010s_minus_1990s","2010s minus 1990s","1990s","2010s","CH49",78,61,-17
"2010s_minus_1990s","2010s minus 1990s","1990s","2010s","CH55",61,59,-2
"2010s_minus_1990s","2010s minus 1990s","1990s","2010s","CH56",82,81,-1
"2010s_minus_1990s","2010s minus 1990s","1990s","2010s","CH57",92,83,-9
"2010s_minus_1990s","2010s minus 1990s","1990s","2010s","CH58",82,67,-15
"2010s_minus_1990s","2010s minus 1990s","1990s","2010s","CH59",81,69,-12
"2010s_minus_1990s","2010s minus 1990s","1990s","2010s","CH65",46,25,-21
"2010s_minus_1990s","2010s minus 1990s","1990s","2010s","CH66",50,57,7
"2010s_minus_1990s","2010s minus 1990s","1990s","2010s","CH67",48,52,4
"2010s_minus_1990s","2010s minus 1990s","1990s","2010s","CH68",53,73,20
"2010s_minus_1990s","2010s minus 1990s","1990s","2010s","CH69",64,66,2
"2010s_minus_1990s","2010s minus 1990s","1990s","2010s","CH76",33,50,17
"2010s_minus_1990s","2010s minus 1990s","1990s","2010s","CH77",77,85,8
"2010s_minus_1990s","2010s minus 1990s","1990s","2010s","CH78",39,63,24
"2010s_minus_1990s","2010s minus 1990s","1990s","2010s","CH79",82,67,-15
"2010s_minus_1990s","2010s minus 1990s","1990s","2010s","CH86",51,65,14
"2010s_minus_1990s","2010s minus 1990s","1990s","2010s","CH87",58,62,4
"2010s_minus_1990s","2010s minus 1990s","1990s","2010s","CH88",60,61,1
"2010s_minus_1990s","2010s minus 1990s","1990s","2010s","CH89",78,49,-29
"2010s_minus_1990s","2010s minus 1990s","1990s","2010s","CH95",37,61,24
"2010s_minus_1990s","2010s minus 1990s","1990s","2010s","CH96",47,62,15
"2010s_minus_1990s","2010s minus 1990s","1990s","2010s","CH97",79,71,-8
"2010s_minus_1990s","2010s minus 1990s","1990s","2010s","CH98",65,71,6
"2010s_minus_1990s","2010s minus 1990s","1990s","2010s","CH99",66,56,-10
"2010s_minus_1990s","2010s minus 1990s","1990s","2010s","DB00",36,48,12
"2010s_minus_1990s","2010s minus 1990s","1990s","2010s","DB01",49,50,1
"2010s_minus_1990s","2010s minus 1990s","1990s","2010s","DB02",40,41,1
"2010s_minus_1990s","2010s minus 1990s","1990s","2010s","DB03",40,57,17
"2010s_minus_1990s","2010s minus 1990s","1990s","2010s","DB04",67,62,-5
"2010s_minus_1990s","2010s minus 1990s","1990s","2010s","DB05",70,69,-1
"2010s_minus_1990s","2010s minus 1990s","1990s","2010s","DB11",46,57,11
"2010s_minus_1990s","2010s minus 1990s","1990s","2010s","DB13",74,74,0
"2010s_minus_1990s","2010s minus 1990s","1990s","2010s","DB14",53,58,5
"2010s_minus_1990s","2010s minus 1990s","1990s","2010s","DB15",63,71,8
"2010s_minus_1990s","2010s minus 1990s","1990s","2010s","DB16",46,71,25
"2010s_minus_1990s","2010s minus 1990s","1990s","2010s","DB20",65,53,-12
"2010s_minus_1990s","2010s minus 1990s","1990s","2010s","DB21",46,51,5
"2010s_minus_1990s","2010s minus 1990s","1990s","2010s","DB22",67,67,0
"2010s_minus_1990s","2010s minus 1990s","1990s","2010s","DB23",40,56,16
"2010s_minus_1990s","2010s minus 1990s","1990s","2010s","DB24",63,61,-2
"2010s_minus_1990s","2010s minus 1990s","1990s","2010s","DB25",45,51,6
"2010s_minus_1990s","2010s minus 1990s","1990s","2010s","DB26",50,68,18
"2010s_minus_1990s","2010s minus 1990s","1990s","2010s","DB31",46,70,24
"2010s_minus_1990s","2010s minus 1990s","1990s","2010s","DB32",53,73,20
"2010s_minus_1990s","2010s minus 1990s","1990s","2010s","DB33",42,69,27
"2010s_minus_1990s","2010s minus 1990s","1990s","2010s","DB34",74,70,-4
"2010s_minus_1990s","2010s minus 1990s","1990s","2010s","DB35",62,55,-7
"2010s_minus_1990s","2010s minus 1990s","1990s","2010s","DB36",67,87,20
"2010s_minus_1990s","2010s minus 1990s","1990s","2010s","DB40",72,55,-17
"2010s_minus_1990s","2010s minus 1990s","1990s","2010s","DB41",47,53,6
"2010s_minus_1990s","2010s minus 1990s","1990s","2010s","DB42",66,78,12
"2010s_minus_1990s","2010s minus 1990s","1990s","2010s","DB43",49,74,25
"2010s_minus_1990s","2010s minus 1990s","1990s","2010s","DB44",57,79,22
"2010s_minus_1990s","2010s minus 1990s","1990s","2010s","DB45",54,78,24
"2010s_minus_1990s","2010s minus 1990s","1990s","2010s","DB46",70,86,16
"2010s_minus_1990s","2010s minus 1990s","1990s","2010s","DB52",59,64,5
"2010s_minus_1990s","2010s minus 1990s","1990s","2010s","DB53",53,67,14
"2010s_minus_1990s","2010s minus 1990s","1990s","2010s","DB54",69,76,7
"2010s_minus_1990s","2010s minus 1990s","1990s","2010s","DB55",78,84,6
"2010s_minus_1990s","2010s minus 1990s","1990s","2010s","DB56",50,73,23
"2010s_minus_1990s","2010s minus 1990s","1990s","2010s","DB57",51,84,33
"2010s_minus_1990s","2010s minus 1990s","1990s","2010s","DB60",52,47,-5
"2010s_minus_1990s","2010s minus 1990s","1990s","2010s","DB62",47,60,13
"2010s_minus_1990s","2010s minus 1990s","1990s","2010s","DB63",72,61,-11
"2010s_minus_1990s","2010s minus 1990s","1990s","2010s","DB64",79,69,-10
"2010s_minus_1990s","2010s minus 1990s","1990s","2010s","DB65",61,70,9
"2010s_minus_1990s","2010s minus 1990s","1990s","2010s","DB66",53,68,15
"2010s_minus_1990s","2010s minus 1990s","1990s","2010s","DB67",61,84,23
"2010s_minus_1990s","2010s minus 1990s","1990s","2010s","DB68",66,48,-18
"2010s_minus_1990s","2010s minus 1990s","1990s","2010s","DB70",48,53,5
"2010s_minus_1990s","2010s minus 1990s","1990s","2010s","DB72",66,62,-4
"2010s_minus_1990s","2010s minus 1990s","1990s","2010s","DB73",74,63,-11
"2010s_minus_1990s","2010s minus 1990s","1990s","2010s","DB74",55,66,11
"2010s_minus_1990s","2010s minus 1990s","1990s","2010s","DB75",40,63,23
"2010s_minus_1990s","2010s minus 1990s","1990s","2010s","DB77",55,68,13
"2010s_minus_1990s","2010s minus 1990s","1990s","2010s","DB78",69,72,3
"2010s_minus_1990s","2010s minus 1990s","1990s","2010s","DB79",63,52,-11
"2010s_minus_1990s","2010s minus 1990s","1990s","2010s","DB80",42,55,13
"2010s_minus_1990s","2010s minus 1990s","1990s","2010s","DB81",47,51,4
"2010s_minus_1990s","2010s minus 1990s","1990s","2010s","DB82",46,43,-3
"2010s_minus_1990s","2010s minus 1990s","1990s","2010s","DB83",76,71,-5
"2010s_minus_1990s","2010s minus 1990s","1990s","2010s","DB89",62,65,3
"2010s_minus_1990s","2010s minus 1990s","1990s","2010s","DC00",92,105,13
"2010s_minus_1990s","2010s minus 1990s","1990s","2010s","DC01",73,99,26
"2010s_minus_1990s","2010s minus 1990s","1990s","2010s","DC02",46,79,33
"2010s_minus_1990s","2010s minus 1990s","1990s","2010s","DC03",40,73,33
"2010s_minus_1990s","2010s minus 1990s","1990s","2010s","DC04",72,80,8
"2010s_minus_1990s","2010s minus 1990s","1990s","2010s","DC05",75,63,-12
"2010s_minus_1990s","2010s minus 1990s","1990s","2010s","DC07",78,68,-10
"2010s_minus_1990s","2010s minus 1990s","1990s","2010s","DC08",51,66,15
"2010s_minus_1990s","2010s minus 1990s","1990s","2010s","DC09",58,73,15
"2010s_minus_1990s","2010s minus 1990s","1990s","2010s","DC10",60,70,10
"2010s_minus_1990s","2010s minus 1990s","1990s","2010s","DC11",68,78,10
"2010s_minus_1990s","2010s minus 1990s","1990s","2010s","DC12",48,65,17
"2010s_minus_1990s","2010s minus 1990s","1990s","2010s","DC13",75,86,11
"2010s_minus_1990s","2010s minus 1990s","1990s","2010s","DC14",76,85,9
"2010s_minus_1990s","2010s minus 1990s","1990s","2010s","DC15",75,76,1
"2010s_minus_1990s","2010s minus 1990s","1990s","2010s","DC16",62,62,0
"2010s_minus_1990s","2010s minus 1990s","1990s","2010s","DC17",65,59,-6
"2010s_minus_1990s","2010s minus 1990s","1990s","2010s","DC18",63,60,-3
"2010s_minus_1990s","2010s minus 1990s","1990s","2010s","DC19",59,65,6
"2010s_minus_1990s","2010s minus 1990s","1990s","2010s","DC20",42,56,14
"2010s_minus_1990s","2010s minus 1990s","1990s","2010s","DC21",46,70,24
"2010s_minus_1990s","2010s minus 1990s","1990s","2010s","DC22",46,49,3
"2010s_minus_1990s","2010s minus 1990s","1990s","2010s","DC23",67,66,-1
"2010s_minus_1990s","2010s minus 1990s","1990s","2010s","DC24",49,78,29
"2010s_minus_1990s","2010s minus 1990s","1990s","2010s","DC25",63,68,5
"2010s_minus_1990s","2010s minus 1990s","1990s","2010s","DC26",71,78,7
"2010s_minus_1990s","2010s minus 1990s","1990s","2010s","DC27",63,60,-3
"2010s_minus_1990s","2010s minus 1990s","1990s","2010s","DC28",61,59,-2
"2010s_minus_1990s","2010s minus 1990s","1990s","2010s","DC30",58,66,8
"2010s_minus_1990s","2010s minus 1990s","1990s","2010s","DC31",47,66,19
"2010s_minus_1990s","2010s minus 1990s","1990s","2010s","DC32",51,54,3
"2010s_minus_1990s","2010s minus 1990s","1990s","2010s","DC33",57,55,-2
"2010s_minus_1990s","2010s minus 1990s","1990s","2010s","DC34",52,62,10
"2010s_minus_1990s","2010s minus 1990s","1990s","2010s","DC35",68,66,-2
"2010s_minus_1990s","2010s minus 1990s","1990s","2010s","DC36",71,72,1
"2010s_minus_1990s","2010s minus 1990s","1990s","2010s","DC37",80,62,-18
"2010s_minus_1990s","2010s minus 1990s","1990s","2010s","DC39",69,62,-7
"2010s_minus_1990s","2010s minus 1990s","1990s","2010s","DC40",94,91,-3
"2010s_minus_1990s","2010s minus 1990s","1990s","2010s","DC41",71,94,23
"2010s_minus_1990s","2010s minus 1990s","1990s","2010s","DC42",70,83,13
"2010s_minus_1990s","2010s minus 1990s","1990s","2010s","DC43",60,57,-3
"2010s_minus_1990s","2010s minus 1990s","1990s","2010s","DC45",52,56,4
"2010s_minus_1990s","2010s minus 1990s","1990s","2010s","DC48",54,67,13
"2010s_minus_1990s","2010s minus 1990s","1990s","2010s","DC49",68,75,7
"2010s_minus_1990s","2010s minus 1990s","1990s","2010s","DC50",68,78,10
"2010s_minus_1990s","2010s minus 1990s","1990s","2010s","DC51",58,74,16
"2010s_minus_1990s","2010s minus 1990s","1990s","2010s","DC52",74,58,-16
"2010s_minus_1990s","2010s minus 1990s","1990s","2010s","DC53",68,62,-6
"2010s_minus_1990s","2010s minus 1990s","1990s","2010s","DC56",75,64,-11
"2010s_minus_1990s","2010s minus 1990s","1990s","2010s","DC57",88,76,-12
"2010s_minus_1990s","2010s minus 1990s","1990s","2010s","DC58",77,73,-4
"2010s_minus_1990s","2010s minus 1990s","1990s","2010s","DC59",48,65,17
"2010s_minus_1990s","2010s minus 1990s","1990s","2010s","DC64",80,81,1
"2010s_minus_1990s","2010s minus 1990s","1990s","2010s","DC65",75,68,-7
"2010s_minus_1990s","2010s minus 1990s","1990s","2010s","DC69",57,66,9
"2010s_minus_1990s","2010s minus 1990s","1990s","2010s","DC79",46,52,6
"2010s_minus_1990s","2010s minus 1990s","1990s","2010s","DC89",68,67,-1
"2010s_minus_1990s","2010s minus 1990s","1990s","2010s","DD00",57,54,-3
"2010s_minus_1990s","2010s minus 1990s","1990s","2010s","DD01",88,80,-8
"2010s_minus_1990s","2010s minus 1990s","1990s","2010s","DD02",65,80,15
"2010s_minus_1990s","2010s minus 1990s","1990s","2010s","DD03",81,65,-16
"2010s_minus_1990s","2010s minus 1990s","1990s","2010s","DD04",54,58,4
"2010s_minus_1990s","2010s minus 1990s","1990s","2010s","DD05",73,70,-3
"2010s_minus_1990s","2010s minus 1990s","1990s","2010s","DD06",69,61,-8
"2010s_minus_1990s","2010s minus 1990s","1990s","2010s","DD07",62,56,-6
"2010s_minus_1990s","2010s minus 1990s","1990s","2010s","DD08",83,73,-10
"2010s_minus_1990s","2010s minus 1990s","1990s","2010s","DD09",70,82,12
"2010s_minus_1990s","2010s minus 1990s","1990s","2010s","DD10",64,66,2
"2010s_minus_1990s","2010s minus 1990s","1990s","2010s","DD11",73,72,-1
"2010s_minus_1990s","2010s minus 1990s","1990s","2010s","DD12",69,63,-6
"2010s_minus_1990s","2010s minus 1990s","1990s","2010s","DD13",54,56,2
"2010s_minus_1990s","2010s minus 1990s","1990s","2010s","DD14",66,63,-3
"2010s_minus_1990s","2010s minus 1990s","1990s","2010s","DD16",59,74,15
"2010s_minus_1990s","2010s minus 1990s","1990s","2010s","DD17",62,70,8
"2010s_minus_1990s","2010s minus 1990s","1990s","2010s","DD18",96,85,-11
"2010s_minus_1990s","2010s minus 1990s","1990s","2010s","DD19",73,68,-5
"2010s_minus_1990s","2010s minus 1990s","1990s","2010s","DD20",48,62,14
"2010s_minus_1990s","2010s minus 1990s","1990s","2010s","DD21",81,85,4
"2010s_minus_1990s","2010s minus 1990s","1990s","2010s","DD22",51,52,1
"2010s_minus_1990s","2010s minus 1990s","1990s","2010s","DD24",73,69,-4
"2010s_minus_1990s","2010s minus 1990s","1990s","2010s","DD26",68,75,7
"2010s_minus_1990s","2010s minus 1990s","1990s","2010s","DD27",55,69,14
"2010s_minus_1990s","2010s minus 1990s","1990s","2010s","DD28",72,66,-6
"2010s_minus_1990s","2010s minus 1990s","1990s","2010s","DD29",65,77,12
"2010s_minus_1990s","2010s minus 1990s","1990s","2010s","DD30",68,58,-10
"2010s_minus_1990s","2010s minus 1990s","1990s","2010s","DD31",81,79,-2
"2010s_minus_1990s","2010s minus 1990s","1990s","2010s","DD35",61,81,20
"2010s_minus_1990s","2010s minus 1990s","1990s","2010s","DD37",76,79,3
"2010s_minus_1990s","2010s minus 1990s","1990s","2010s","DD38",76,76,0
"2010s_minus_1990s","2010s minus 1990s","1990s","2010s","DD39",64,69,5
"2010s_minus_1990s","2010s minus 1990s","1990s","2010s","DD40",75,67,-8
"2010s_minus_1990s","2010s minus 1990s","1990s","2010s","DD41",80,74,-6
"2010s_minus_1990s","2010s minus 1990s","1990s","2010s","DD42",77,63,-14
"2010s_minus_1990s","2010s minus 1990s","1990s","2010s","DD43",75,67,-8
"2010s_minus_1990s","2010s minus 1990s","1990s","2010s","DD46",71,71,0
"2010s_minus_1990s","2010s minus 1990s","1990s","2010s","DD47",88,86,-2
"2010s_minus_1990s","2010s minus 1990s","1990s","2010s","DD48",75,73,-2
"2010s_minus_1990s","2010s minus 1990s","1990s","2010s","DD49",77,72,-5
"2010s_minus_1990s","2010s minus 1990s","1990s","2010s","DD50",63,56,-7
"2010s_minus_1990s","2010s minus 1990s","1990s","2010s","DD51",78,65,-13
"2010s_minus_1990s","2010s minus 1990s","1990s","2010s","DD52",76,57,-19
"2010s_minus_1990s","2010s minus 1990s","1990s","2010s","DD53",72,63,-9
"2010s_minus_1990s","2010s minus 1990s","1990s","2010s","DD54",66,61,-5
"2010s_minus_1990s","2010s minus 1990s","1990s","2010s","DD57",66,79,13
"2010s_minus_1990s","2010s minus 1990s","1990s","2010s","DD59",74,74,0
"2010s_minus_1990s","2010s minus 1990s","1990s","2010s","DD61",61,68,7
"2010s_minus_1990s","2010s minus 1990s","1990s","2010s","DD62",47,54,7
"2010s_minus_1990s","2010s minus 1990s","1990s","2010s","DD63",66,55,-11
"2010s_minus_1990s","2010s minus 1990s","1990s","2010s","DD64",64,58,-6
"2010s_minus_1990s","2010s minus 1990s","1990s","2010s","DD65",73,83,10
"2010s_minus_1990s","2010s minus 1990s","1990s","2010s","DD70",78,74,-4
"2010s_minus_1990s","2010s minus 1990s","1990s","2010s","DD71",52,49,-3
"2010s_minus_1990s","2010s minus 1990s","1990s","2010s","DD72",60,52,-8
"2010s_minus_1990s","2010s minus 1990s","1990s","2010s","DD80",76,73,-3
"2010s_minus_1990s","2010s minus 1990s","1990s","2010s","DD81",53,50,-3
"2010s_minus_1990s","2010s minus 1990s","1990s","2010s","DD90",79,74,-5
"2010s_minus_1990s","2010s minus 1990s","1990s","2010s","DD91",72,53,-19
"2010s_minus_1990s","2010s minus 1990s","1990s","2010s","DD92",58,46,-12
"2010s_minus_1990s","2010s minus 1990s","1990s","2010s","DE00",55,57,2
"2010s_minus_1990s","2010s minus 1990s","1990s","2010s","DE01",64,64,0
"2010s_minus_1990s","2010s minus 1990s","1990s","2010s","DE02",81,62,-19
"2010s_minus_1990s","2010s minus 1990s","1990s","2010s","DE03",76,60,-16
"2010s_minus_1990s","2010s minus 1990s","1990s","2010s","DE04",50,40,-10
"2010s_minus_1990s","2010s minus 1990s","1990s","2010s","DE05",53,47,-6
"2010s_minus_1990s","2010s minus 1990s","1990s","2010s","DE07",75,78,3
"2010s_minus_1990s","2010s minus 1990s","1990s","2010s","DE10",49,61,12
"2010s_minus_1990s","2010s minus 1990s","1990s","2010s","DE11",90,77,-13
"2010s_minus_1990s","2010s minus 1990s","1990s","2010s","DE12",88,71,-17
"2010s_minus_1990s","2010s minus 1990s","1990s","2010s","DE13",73,67,-6
"2010s_minus_1990s","2010s minus 1990s","1990s","2010s","DE14",78,67,-11
"2010s_minus_1990s","2010s minus 1990s","1990s","2010s","DE15",69,58,-11
"2010s_minus_1990s","2010s minus 1990s","1990s","2010s","DE16",85,81,-4
"2010s_minus_1990s","2010s minus 1990s","1990s","2010s","DE17",75,51,-24
"2010s_minus_1990s","2010s minus 1990s","1990s","2010s","DE18",67,68,1
"2010s_minus_1990s","2010s minus 1990s","1990s","2010s","DE19",82,74,-8
"2010s_minus_1990s","2010s minus 1990s","1990s","2010s","DE20",51,57,6
"2010s_minus_1990s","2010s minus 1990s","1990s","2010s","DE21",61,57,-4
"2010s_minus_1990s","2010s minus 1990s","1990s","2010s","DE22",72,60,-12
"2010s_minus_1990s","2010s minus 1990s","1990s","2010s","DE23",68,69,1
"2010s_minus_1990s","2010s minus 1990s","1990s","2010s","DE24",76,74,-2
"2010s_minus_1990s","2010s minus 1990s","1990s","2010s","DE25",68,79,11
"2010s_minus_1990s","2010s minus 1990s","1990s","2010s","DE26",69,81,12
"2010s_minus_1990s","2010s minus 1990s","1990s","2010s","DE27",72,44,-28
"2010s_minus_1990s","2010s minus 1990s","1990s","2010s","DE29",51,67,16
"2010s_minus_1990s","2010s minus 1990s","1990s","2010s","DE30",63,67,4
"2010s_minus_1990s","2010s minus 1990s","1990s","2010s","DE31",57,51,-6
"2010s_minus_1990s","2010s minus 1990s","1990s","2010s","DE32",56,58,2
"2010s_minus_1990s","2010s minus 1990s","1990s","2010s","DE33",54,56,2
"2010s_minus_1990s","2010s minus 1990s","1990s","2010s","DE34",90,87,-3
"2010s_minus_1990s","2010s minus 1990s","1990s","2010s","DE35",65,59,-6
"2010s_minus_1990s","2010s minus 1990s","1990s","2010s","DE36",79,74,-5
"2010s_minus_1990s","2010s minus 1990s","1990s","2010s","DE37",76,73,-3
"2010s_minus_1990s","2010s minus 1990s","1990s","2010s","DE38",71,48,-23
"2010s_minus_1990s","2010s minus 1990s","1990s","2010s","DE39",55,37,-18
"2010s_minus_1990s","2010s minus 1990s","1990s","2010s","DE40",60,69,9
"2010s_minus_1990s","2010s minus 1990s","1990s","2010s","DE41",55,57,2
"2010s_minus_1990s","2010s minus 1990s","1990s","2010s","DE42",57,64,7
"2010s_minus_1990s","2010s minus 1990s","1990s","2010s","DE43",55,61,6
"2010s_minus_1990s","2010s minus 1990s","1990s","2010s","DE44",64,71,7
"2010s_minus_1990s","2010s minus 1990s","1990s","2010s","DE45",48,48,0
"2010s_minus_1990s","2010s minus 1990s","1990s","2010s","DE46",52,64,12
"2010s_minus_1990s","2010s minus 1990s","1990s","2010s","DE47",46,54,8
"2010s_minus_1990s","2010s minus 1990s","1990s","2010s","DE49",76,56,-20
"2010s_minus_1990s","2010s minus 1990s","1990s","2010s","DE50",53,40,-13
"2010s_minus_1990s","2010s minus 1990s","1990s","2010s","DE51",82,58,-24
"2010s_minus_1990s","2010s minus 1990s","1990s","2010s","DE52",69,59,-10
"2010s_minus_1990s","2010s minus 1990s","1990s","2010s","DE53",75,69,-6
"2010s_minus_1990s","2010s minus 1990s","1990s","2010s","DE55",48,46,-2
"2010s_minus_1990s","2010s minus 1990s","1990s","2010s","DE56",51,75,24
"2010s_minus_1990s","2010s minus 1990s","1990s","2010s","DE57",65,58,-7
"2010s_minus_1990s","2010s minus 1990s","1990s","2010s","DE66",37,48,11
"2010s_minus_1990s","2010s minus 1990s","1990s","2010s","DE67",58,56,-2
"2010s_minus_1990s","2010s minus 1990s","1990s","2010s","DE68",87,84,-3
"2010s_minus_1990s","2010s minus 1990s","1990s","2010s","DE69",49,73,24
"2010s_minus_1990s","2010s minus 1990s","1990s","2010s","DE75",54,53,-1
"2010s_minus_1990s","2010s minus 1990s","1990s","2010s","DE78",58,64,6
"2010s_minus_1990s","2010s minus 1990s","1990s","2010s","DE79",79,74,-5
"2010s_minus_1990s","2010s minus 1990s","1990s","2010s","DE84",74,65,-9
"2010s_minus_1990s","2010s minus 1990s","1990s","2010s","DE85",65,71,6
"2010s_minus_1990s","2010s minus 1990s","1990s","2010s","DE86",68,73,5
"2010s_minus_1990s","2010s minus 1990s","1990s","2010s","DE87",83,70,-13
"2010s_minus_1990s","2010s minus 1990s","1990s","2010s","DE88",77,80,3
"2010s_minus_1990s","2010s minus 1990s","1990s","2010s","DE89",81,79,-2
"2010s_minus_1990s","2010s minus 1990s","1990s","2010s","DE90",63,45,-18
"2010s_minus_1990s","2010s minus 1990s","1990s","2010s","DE94",62,77,15
"2010s_minus_1990s","2010s minus 1990s","1990s","2010s","DE96",89,74,-15
"2010s_minus_1990s","2010s minus 1990s","1990s","2010s","DE97",85,81,-4
"2010s_minus_1990s","2010s minus 1990s","1990s","2010s","DE98",75,74,-1
"2010s_minus_1990s","2010s minus 1990s","1990s","2010s","DE99",57,70,13
"2010s_minus_1990s","2010s minus 1990s","1990s","2010s","DF00",25,61,36
"2010s_minus_1990s","2010s minus 1990s","1990s","2010s","DF01",41,61,20
"2010s_minus_1990s","2010s minus 1990s","1990s","2010s","DF04",63,64,1
"2010s_minus_1990s","2010s minus 1990s","1990s","2010s","DF05",50,46,-4
"2010s_minus_1990s","2010s minus 1990s","1990s","2010s","DF06",53,57,4
"2010s_minus_1990s","2010s minus 1990s","1990s","2010s","DF07",48,70,22
"2010s_minus_1990s","2010s minus 1990s","1990s","2010s","DF08",84,96,12
"2010s_minus_1990s","2010s minus 1990s","1990s","2010s","DF09",66,68,2
"2010s_minus_1990s","2010s minus 1990s","1990s","2010s","DF10",39,60,21
"2010s_minus_1990s","2010s minus 1990s","1990s","2010s","DF14",46,66,20
"2010s_minus_1990s","2010s minus 1990s","1990s","2010s","DF15",54,73,19
"2010s_minus_1990s","2010s minus 1990s","1990s","2010s","DF16",69,81,12
"2010s_minus_1990s","2010s minus 1990s","1990s","2010s","DF17",62,66,4
"2010s_minus_1990s","2010s minus 1990s","1990s","2010s","DF18",77,78,1
"2010s_minus_1990s","2010s minus 1990s","1990s","2010s","DF19",48,52,4
"2010s_minus_1990s","2010s minus 1990s","1990s","2010s","DF20",71,59,-12
"2010s_minus_1990s","2010s minus 1990s","1990s","2010s","DF24",42,57,15
"2010s_minus_1990s","2010s minus 1990s","1990s","2010s","DF25",64,71,7
"2010s_minus_1990s","2010s minus 1990s","1990s","2010s","DF26",51,57,6
"2010s_minus_1990s","2010s minus 1990s","1990s","2010s","DF27",56,66,10
"2010s_minus_1990s","2010s minus 1990s","1990s","2010s","DF28",77,89,12
"2010s_minus_1990s","2010s minus 1990s","1990s","2010s","DF29",59,67,8
"2010s_minus_1990s","2010s minus 1990s","1990s","2010s","DF30",63,46,-17
"2010s_minus_1990s","2010s minus 1990s","1990s","2010s","DF31",78,74,-4
"2010s_minus_1990s","2010s minus 1990s","1990s","2010s","DF37",75,89,14
"2010s_minus_1990s","2010s minus 1990s","1990s","2010s","DF38",93,85,-8
"2010s_minus_1990s","2010s minus 1990s","1990s","2010s","DF39",54,65,11
"2010s_minus_1990s","2010s minus 1990s","1990s","2010s","DF40",61,52,-9
"2010s_minus_1990s","2010s minus 1990s","1990s","2010s","DF41",81,92,11
"2010s_minus_1990s","2010s minus 1990s","1990s","2010s","DF48",86,64,-22
"2010s_minus_1990s","2010s minus 1990s","1990s","2010s","DF49",53,52,-1
"2010s_minus_1990s","2010s minus 1990s","1990s","2010s","DF51",58,74,16
"2010s_minus_1990s","2010s minus 1990s","1990s","2010s","DF52",58,56,-2
"2010s_minus_1990s","2010s minus 1990s","1990s","2010s","DF59",74,45,-29
"2010s_minus_1990s","2010s minus 1990s","1990s","2010s","DF60",42,51,9
"2010s_minus_1990s","2010s minus 1990s","1990s","2010s","DF61",58,54,-4
"2010s_minus_1990s","2010s minus 1990s","1990s","2010s","DF62",68,80,12
"2010s_minus_1990s","2010s minus 1990s","1990s","2010s","DF70",56,56,0
"2010s_minus_1990s","2010s minus 1990s","1990s","2010s","DF71",66,70,4
"2010s_minus_1990s","2010s minus 1990s","1990s","2010s","DF72",60,48,-12
"2010s_minus_1990s","2010s minus 1990s","1990s","2010s","DF80",71,77,6
"2010s_minus_1990s","2010s minus 1990s","1990s","2010s","DF81",57,64,7
"2010s_minus_1990s","2010s minus 1990s","1990s","2010s","DF96",59,64,5
"2010s_minus_1990s","2010s minus 1990s","1990s","2010s","DF97",63,62,-1
"2010s_minus_1990s","2010s minus 1990s","1990s","2010s","DF98",56,52,-4
"2010s_minus_1990s","2010s minus 1990s","1990s","2010s","DG00",51,51,0
"2010s_minus_1990s","2010s minus 1990s","1990s","2010s","DG07",61,80,19
"2010s_minus_1990s","2010s minus 1990s","1990s","2010s","DG08",72,71,-1
"2010s_minus_1990s","2010s minus 1990s","1990s","2010s","DG09",58,64,6
"2010s_minus_1990s","2010s minus 1990s","1990s","2010s","DG14",44,75,31
"2010s_minus_1990s","2010s minus 1990s","1990s","2010s","DG15",46,78,32
"2010s_minus_1990s","2010s minus 1990s","1990s","2010s","DG16",53,58,5
"2010s_minus_1990s","2010s minus 1990s","1990s","2010s","DG17",83,64,-19
"2010s_minus_1990s","2010s minus 1990s","1990s","2010s","DG18",45,56,11
"2010s_minus_1990s","2010s minus 1990s","1990s","2010s","DG19",47,45,-2
"2010s_minus_1990s","2010s minus 1990s","1990s","2010s","DG22",55,58,3
"2010s_minus_1990s","2010s minus 1990s","1990s","2010s","DG23",64,81,17
"2010s_minus_1990s","2010s minus 1990s","1990s","2010s","DG24",37,80,43
"2010s_minus_1990s","2010s minus 1990s","1990s","2010s","DG25",45,72,27
"2010s_minus_1990s","2010s minus 1990s","1990s","2010s","DG26",44,60,16
"2010s_minus_1990s","2010s minus 1990s","1990s","2010s","DG27",67,60,-7
"2010s_minus_1990s","2010s minus 1990s","1990s","2010s","DG28",71,60,-11
"2010s_minus_1990s","2010s minus 1990s","1990s","2010s","DG29",46,62,16
"2010s_minus_1990s","2010s minus 1990s","1990s","2010s","DG34",68,64,-4
"2010s_minus_1990s","2010s minus 1990s","1990s","2010s","DG35",41,58,17
"2010s_minus_1990s","2010s minus 1990s","1990s","2010s","DG36",50,58,8
"2010s_minus_1990s","2010s minus 1990s","1990s","2010s","DG37",65,71,6
"2010s_minus_1990s","2010s minus 1990s","1990s","2010s","DG38",53,69,16
"2010s_minus_1990s","2010s minus 1990s","1990s","2010s","DG39",46,48,2
"2010s_minus_1990s","2010s minus 1990s","1990s","2010s","DG41",68,58,-10
"2010s_minus_1990s","2010s minus 1990s","1990s","2010s","DG42",64,66,2
"2010s_minus_1990s","2010s minus 1990s","1990s","2010s","DG43",59,86,27
"2010s_minus_1990s","2010s minus 1990s","1990s","2010s","DG44",62,58,-4
"2010s_minus_1990s","2010s minus 1990s","1990s","2010s","DG45",65,56,-9
"2010s_minus_1990s","2010s minus 1990s","1990s","2010s","DG46",54,59,5
"2010s_minus_1990s","2010s minus 1990s","1990s","2010s","DG47",74,52,-22
"2010s_minus_1990s","2010s minus 1990s","1990s","2010s","DG48",74,71,-3
"2010s_minus_1990s","2010s minus 1990s","1990s","2010s","DG49",61,58,-3
"2010s_minus_1990s","2010s minus 1990s","1990s","2010s","DG51",77,87,10
"2010s_minus_1990s","2010s minus 1990s","1990s","2010s","DG52",52,70,18
"2010s_minus_1990s","2010s minus 1990s","1990s","2010s","DG53",49,65,16
"2010s_minus_1990s","2010s minus 1990s","1990s","2010s","DG54",47,52,5
"2010s_minus_1990s","2010s minus 1990s","1990s","2010s","DG56",60,57,-3
"2010s_minus_1990s","2010s minus 1990s","1990s","2010s","DG57",63,62,-1
"2010s_minus_1990s","2010s minus 1990s","1990s","2010s","DG58",77,62,-15
"2010s_minus_1990s","2010s minus 1990s","1990s","2010s","DG59",45,56,11
"2010s_minus_1990s","2010s minus 1990s","1990s","2010s","DG60",73,62,-11
"2010s_minus_1990s","2010s minus 1990s","1990s","2010s","DG61",91,86,-5
"2010s_minus_1990s","2010s minus 1990s","1990s","2010s","DG62",95,98,3
"2010s_minus_1990s","2010s minus 1990s","1990s","2010s","DG63",71,71,0
"2010s_minus_1990s","2010s minus 1990s","1990s","2010s","DG64",57,71,14
"2010s_minus_1990s","2010s minus 1990s","1990s","2010s","DG65",45,64,19
"2010s_minus_1990s","2010s minus 1990s","1990s","2010s","DG66",46,53,7
"2010s_minus_1990s","2010s minus 1990s","1990s","2010s","DG67",54,54,0
"2010s_minus_1990s","2010s minus 1990s","1990s","2010s","DG68",61,60,-1
"2010s_minus_1990s","2010s minus 1990s","1990s","2010s","DG69",75,59,-16
"2010s_minus_1990s","2010s minus 1990s","1990s","2010s","DG70",59,81,22
"2010s_minus_1990s","2010s minus 1990s","1990s","2010s","DG71",91,81,-10
"2010s_minus_1990s","2010s minus 1990s","1990s","2010s","DG72",80,94,14
"2010s_minus_1990s","2010s minus 1990s","1990s","2010s","DG73",74,67,-7
"2010s_minus_1990s","2010s minus 1990s","1990s","2010s","DG74",66,60,-6
"2010s_minus_1990s","2010s minus 1990s","1990s","2010s","DG75",55,64,9
"2010s_minus_1990s","2010s minus 1990s","1990s","2010s","DG76",50,63,13
"2010s_minus_1990s","2010s minus 1990s","1990s","2010s","DG77",52,56,4
"2010s_minus_1990s","2010s minus 1990s","1990s","2010s","DG78",51,68,17
"2010s_minus_1990s","2010s minus 1990s","1990s","2010s","DG79",66,59,-7
"2010s_minus_1990s","2010s minus 1990s","1990s","2010s","DG81",56,81,25
"2010s_minus_1990s","2010s minus 1990s","1990s","2010s","DG82",74,78,4
"2010s_minus_1990s","2010s minus 1990s","1990s","2010s","DG83",66,84,18
"2010s_minus_1990s","2010s minus 1990s","1990s","2010s","DG84",61,76,15
"2010s_minus_1990s","2010s minus 1990s","1990s","2010s","DG85",42,61,19
"2010s_minus_1990s","2010s minus 1990s","1990s","2010s","DG86",49,62,13
"2010s_minus_1990s","2010s minus 1990s","1990s","2010s","DG87",61,82,21
"2010s_minus_1990s","2010s minus 1990s","1990s","2010s","DG88",55,59,4
"2010s_minus_1990s","2010s minus 1990s","1990s","2010s","DG89",58,65,7
"2010s_minus_1990s","2010s minus 1990s","1990s","2010s","DG90",60,77,17
"2010s_minus_1990s","2010s minus 1990s","1990s","2010s","DG91",64,76,12
"2010s_minus_1990s","2010s minus 1990s","1990s","2010s","DG92",62,72,10
"2010s_minus_1990s","2010s minus 1990s","1990s","2010s","DG93",62,63,1
"2010s_minus_1990s","2010s minus 1990s","1990s","2010s","DG94",67,86,19
"2010s_minus_1990s","2010s minus 1990s","1990s","2010s","DG95",58,87,29
"2010s_minus_1990s","2010s minus 1990s","1990s","2010s","DG96",82,89,7
"2010s_minus_1990s","2010s minus 1990s","1990s","2010s","DG97",64,72,8
"2010s_minus_1990s","2010s minus 1990s","1990s","2010s","DG98",53,72,19
"2010s_minus_1990s","2010s minus 1990s","1990s","2010s","DG99",50,52,2
"2010s_minus_1990s","2010s minus 1990s","1990s","2010s","DH06",62,67,5
"2010s_minus_1990s","2010s minus 1990s","1990s","2010s","DH07",73,70,-3
"2010s_minus_1990s","2010s minus 1990s","1990s","2010s","DH08",65,71,6
"2010s_minus_1990s","2010s minus 1990s","1990s","2010s","DH09",50,58,8
"2010s_minus_1990s","2010s minus 1990s","1990s","2010s","DH16",74,65,-9
"2010s_minus_1990s","2010s minus 1990s","1990s","2010s","DH17",82,71,-11
"2010s_minus_1990s","2010s minus 1990s","1990s","2010s","DH18",72,78,6
"2010s_minus_1990s","2010s minus 1990s","1990s","2010s","DH19",70,62,-8
"2010s_minus_1990s","2010s minus 1990s","1990s","2010s","DH26",52,55,3
"2010s_minus_1990s","2010s minus 1990s","1990s","2010s","DH27",52,62,10
"2010s_minus_1990s","2010s minus 1990s","1990s","2010s","DH28",57,64,7
"2010s_minus_1990s","2010s minus 1990s","1990s","2010s","DH36",53,54,1
"2010s_minus_1990s","2010s minus 1990s","1990s","2010s","DH37",27,52,25
"2010s_minus_1990s","2010s minus 1990s","1990s","2010s","DH67",40,79,39
"2010s_minus_1990s","2010s minus 1990s","1990s","2010s","DH75",37,40,3
"2010s_minus_1990s","2010s minus 1990s","1990s","2010s","DH76",49,57,8
"2010s_minus_1990s","2010s minus 1990s","1990s","2010s","DH85",43,63,20
"2010s_minus_1990s","2010s minus 1990s","1990s","2010s","DH86",61,66,5
"2010s_minus_1990s","2010s minus 1990s","1990s","2010s","DH98",52,58,6
"2010s_minus_1990s","2010s minus 1990s","1990s","2010s","DH99",68,72,4
"2010s_minus_1990s","2010s minus 1990s","1990s","2010s","EB03",50,72,22
"2010s_minus_1990s","2010s minus 1990s","1990s","2010s","EB04",61,76,15
"2010s_minus_1990s","2010s minus 1990s","1990s","2010s","EB06",51,45,-6
"2010s_minus_1990s","2010s minus 1990s","1990s","2010s","EB07",70,75,5
"2010s_minus_1990s","2010s minus 1990s","1990s","2010s","EB08",71,74,3
"2010s_minus_1990s","2010s minus 1990s","1990s","2010s","EB10",71,64,-7
"2010s_minus_1990s","2010s minus 1990s","1990s","2010s","ED00",69,74,5
"2010s_minus_1990s","2010s minus 1990s","1990s","2010s","ED01",86,61,-25
"2010s_minus_1990s","2010s minus 1990s","1990s","2010s","ED02",65,61,-4
"2010s_minus_1990s","2010s minus 1990s","1990s","2010s","ED03",65,46,-19
"2010s_minus_1990s","2010s minus 1990s","1990s","2010s","ED12",58,61,3
"2010s_minus_1990s","2010s minus 1990s","1990s","2010s","ED13",54,59,5
"2010s_minus_1990s","2010s minus 1990s","1990s","2010s","ED21",48,47,-1
"2010s_minus_1990s","2010s minus 1990s","1990s","2010s","ED22",71,71,0
"2010s_minus_1990s","2010s minus 1990s","1990s","2010s","ED23",89,69,-20
"2010s_minus_1990s","2010s minus 1990s","1990s","2010s","ED30",75,64,-11
"2010s_minus_1990s","2010s minus 1990s","1990s","2010s","ED31",58,44,-14
"2010s_minus_1990s","2010s minus 1990s","1990s","2010s","EE05",64,72,8
"2010s_minus_1990s","2010s minus 1990s","1990s","2010s","EE06",54,64,10
"2010s_minus_1990s","2010s minus 1990s","1990s","2010s","EE07",85,75,-10
"2010s_minus_1990s","2010s minus 1990s","1990s","2010s","EE08",59,56,-3
"2010s_minus_1990s","2010s minus 1990s","1990s","2010s","EE09",64,63,-1
"2010s_minus_1990s","2010s minus 1990s","1990s","2010s","EE15",67,65,-2
"2010s_minus_1990s","2010s minus 1990s","1990s","2010s","EE16",74,75,1
"2010s_minus_1990s","2010s minus 1990s","1990s","2010s","EE17",92,90,-2
"2010s_minus_1990s","2010s minus 1990s","1990s","2010s","EE18",66,61,-5
"2010s_minus_1990s","2010s minus 1990s","1990s","2010s","EE19",61,38,-23
"2010s_minus_1990s","2010s minus 1990s","1990s","2010s","EE27",82,66,-16
"2010s_minus_1990s","2010s minus 1990s","1990s","2010s","EE28",76,74,-2
"2010s_minus_1990s","2010s minus 1990s","1990s","2010s","EE29",57,45,-12
"2010s_minus_1990s","2010s minus 1990s","1990s","2010s","EE39",72,73,1
"2010s_minus_1990s","2010s minus 1990s","1990s","2010s","EF00",60,52,-8
"2010s_minus_1990s","2010s minus 1990s","1990s","2010s","EF01",76,64,-12
"2010s_minus_1990s","2010s minus 1990s","1990s","2010s","EF02",82,82,0
"2010s_minus_1990s","2010s minus 1990s","1990s","2010s","EF06",71,49,-22
"2010s_minus_1990s","2010s minus 1990s","1990s","2010s","EF07",46,48,2
"2010s_minus_1990s","2010s minus 1990s","1990s","2010s","EF08",69,52,-17
"2010s_minus_1990s","2010s minus 1990s","1990s","2010s","EF09",73,67,-6
"2010s_minus_1990s","2010s minus 1990s","1990s","2010s","EF10",66,57,-9
"2010s_minus_1990s","2010s minus 1990s","1990s","2010s","EF11",54,51,-3
"2010s_minus_1990s","2010s minus 1990s","1990s","2010s","EF45",48,57,9
"2010s_minus_1990s","2010s minus 1990s","1990s","2010s","EF54",57,49,-8
"2010s_minus_1990s","2010s minus 1990s","1990s","2010s","EF63",23,55,32
"2010s_minus_1990s","2010s minus 1990s","1990s","2010s","EF64",56,64,8
"2010s_minus_1990s","2010s minus 1990s","1990s","2010s","EF65",77,86,9
"2010s_minus_1990s","2010s minus 1990s","1990s","2010s","EF69",62,53,-9
"2010s_minus_1990s","2010s minus 1990s","1990s","2010s","EF70",65,64,-1
"2010s_minus_1990s","2010s minus 1990s","1990s","2010s","EF71",80,74,-6
"2010s_minus_1990s","2010s minus 1990s","1990s","2010s","EF72",54,60,6
"2010s_minus_1990s","2010s minus 1990s","1990s","2010s","EF73",54,48,-6
"2010s_minus_1990s","2010s minus 1990s","1990s","2010s","EF74",62,67,5
"2010s_minus_1990s","2010s minus 1990s","1990s","2010s","EF75",79,73,-6
"2010s_minus_1990s","2010s minus 1990s","1990s","2010s","EF80",59,52,-7
"2010s_minus_1990s","2010s minus 1990s","1990s","2010s","EF81",84,73,-11
"2010s_minus_1990s","2010s minus 1990s","1990s","2010s","EF82",80,66,-14
"2010s_minus_1990s","2010s minus 1990s","1990s","2010s","EF83",49,40,-9
"2010s_minus_1990s","2010s minus 1990s","1990s","2010s","EF84",38,55,17
"2010s_minus_1990s","2010s minus 1990s","1990s","2010s","EF85",64,63,-1
"2010s_minus_1990s","2010s minus 1990s","1990s","2010s","EF90",81,49,-32
"2010s_minus_1990s","2010s minus 1990s","1990s","2010s","EF91",92,78,-14
"2010s_minus_1990s","2010s minus 1990s","1990s","2010s","EF92",95,73,-22
"2010s_minus_1990s","2010s minus 1990s","1990s","2010s","EF93",102,111,9
"2010s_minus_1990s","2010s minus 1990s","1990s","2010s","EF94",94,52,-42
"2010s_minus_1990s","2010s minus 1990s","1990s","2010s","EF95",42,48,6
"2010s_minus_1990s","2010s minus 1990s","1990s","2010s","EF96",50,68,18
"2010s_minus_1990s","2010s minus 1990s","1990s","2010s","EG00",55,64,9
"2010s_minus_1990s","2010s minus 1990s","1990s","2010s","EG01",58,69,11
"2010s_minus_1990s","2010s minus 1990s","1990s","2010s","EG02",60,66,6
"2010s_minus_1990s","2010s minus 1990s","1990s","2010s","EG03",50,64,14
"2010s_minus_1990s","2010s minus 1990s","1990s","2010s","EG04",80,83,3
"2010s_minus_1990s","2010s minus 1990s","1990s","2010s","EG05",60,79,19
"2010s_minus_1990s","2010s minus 1990s","1990s","2010s","EG06",60,64,4
"2010s_minus_1990s","2010s minus 1990s","1990s","2010s","EG07",48,70,22
"2010s_minus_1990s","2010s minus 1990s","1990s","2010s","EG08",64,67,3
"2010s_minus_1990s","2010s minus 1990s","1990s","2010s","EG09",49,60,11
"2010s_minus_1990s","2010s minus 1990s","1990s","2010s","EG10",63,87,24
"2010s_minus_1990s","2010s minus 1990s","1990s","2010s","EG11",56,63,7
"2010s_minus_1990s","2010s minus 1990s","1990s","2010s","EG12",63,79,16
"2010s_minus_1990s","2010s minus 1990s","1990s","2010s","EG13",64,67,3
"2010s_minus_1990s","2010s minus 1990s","1990s","2010s","EG14",68,67,-1
"2010s_minus_1990s","2010s minus 1990s","1990s","2010s","EG15",69,75,6
"2010s_minus_1990s","2010s minus 1990s","1990s","2010s","EG16",37,70,33
"2010s_minus_1990s","2010s minus 1990s","1990s","2010s","EG17",66,63,-3
"2010s_minus_1990s","2010s minus 1990s","1990s","2010s","EG18",58,55,-3
"2010s_minus_1990s","2010s minus 1990s","1990s","2010s","EG19",74,54,-20
"2010s_minus_1990s","2010s minus 1990s","1990s","2010s","EG21",48,47,-1
"2010s_minus_1990s","2010s minus 1990s","1990s","2010s","EG22",61,56,-5
"2010s_minus_1990s","2010s minus 1990s","1990s","2010s","EG23",57,58,1
"2010s_minus_1990s","2010s minus 1990s","1990s","2010s","EG24",62,72,10
"2010s_minus_1990s","2010s minus 1990s","1990s","2010s","EG25",73,81,8
"2010s_minus_1990s","2010s minus 1990s","1990s","2010s","EG26",69,96,27
"2010s_minus_1990s","2010s minus 1990s","1990s","2010s","EG30",61,54,-7
"2010s_minus_1990s","2010s minus 1990s","1990s","2010s","EG40",50,63,13
"2010s_minus_1990s","2010s minus 1990s","1990s","2010s","EG41",42,67,25
"2010s_minus_1990s","2010s minus 1990s","1990s","2010s","EG42",66,70,4
"2010s_minus_1990s","2010s minus 1990s","1990s","2010s","EG76",65,61,-4
"2010s_minus_1990s","2010s minus 1990s","1990s","2010s","EG77",60,66,6
"2010s_minus_1990s","2010s minus 1990s","1990s","2010s","EG84",80,86,6
"2010s_minus_1990s","2010s minus 1990s","1990s","2010s","EG85",84,79,-5
"2010s_minus_1990s","2010s minus 1990s","1990s","2010s","EG86",61,58,-3
"2010s_minus_1990s","2010s minus 1990s","1990s","2010s","EG87",51,59,8
"2010s_minus_1990s","2010s minus 1990s","1990s","2010s","EG88",79,61,-18
"2010s_minus_1990s","2010s minus 1990s","1990s","2010s","EG89",42,52,10
"2010s_minus_1990s","2010s minus 1990s","1990s","2010s","EG94",96,81,-15
"2010s_minus_1990s","2010s minus 1990s","1990s","2010s","EG95",66,75,9
"2010s_minus_1990s","2010s minus 1990s","1990s","2010s","EG96",73,56,-17
"2010s_minus_1990s","2010s minus 1990s","1990s","2010s","EG97",38,55,17
"2010s_minus_1990s","2010s minus 1990s","1990s","2010s","EG98",54,59,5
"2010s_minus_1990s","2010s minus 1990s","1990s","2010s","EG99",82,52,-30
"2010s_minus_1990s","2010s minus 1990s","1990s","2010s","EH08",67,63,-4
"2010s_minus_1990s","2010s minus 1990s","1990s","2010s","EH09",60,64,4
"2010s_minus_1990s","2010s minus 1990s","1990s","2010s","EH13",85,73,-12
"2010s_minus_1990s","2010s minus 1990s","1990s","2010s","EH14",97,77,-20
"2010s_minus_1990s","2010s minus 1990s","1990s","2010s","EH15",84,67,-17
"2010s_minus_1990s","2010s minus 1990s","1990s","2010s","EH16",71,51,-20
"2010s_minus_1990s","2010s minus 1990s","1990s","2010s","EH17",71,50,-21
"2010s_minus_1990s","2010s minus 1990s","1990s","2010s","EH23",96,61,-35
"2010s_minus_1990s","2010s minus 1990s","1990s","2010s","EH24",97,62,-35
"2010s_minus_1990s","2010s minus 1990s","1990s","2010s","EH25",98,68,-30
"2010s_minus_1990s","2010s minus 1990s","1990s","2010s","EH26",85,61,-24
"2010s_minus_1990s","2010s minus 1990s","1990s","2010s","EH27",57,60,3
"2010s_minus_1990s","2010s minus 1990s","1990s","2010s","EH28",55,59,4
"2010s_minus_1990s","2010s minus 1990s","1990s","2010s","EH37",31,63,32
"2010s_minus_1990s","2010s minus 1990s","1990s","2010s","EH38",59,58,-1
"2010s_minus_1990s","2010s minus 1990s","1990s","2010s","EH39",79,80,1
"2010s_minus_1990s","2010s minus 1990s","1990s","2010s","EH49",44,58,14
"2010s_minus_1990s","2010s minus 1990s","1990s","2010s","EH54",57,52,-5
"2010s_minus_1990s","2010s minus 1990s","1990s","2010s","EH64",62,60,-2
"2010s_minus_1990s","2010s minus 1990s","1990s","2010s","EH66",72,54,-18
"2010s_minus_1990s","2010s minus 1990s","1990s","2010s","EH67",67,47,-20
"2010s_minus_1990s","2010s minus 1990s","1990s","2010s","EH73",63,56,-7
"2010s_minus_1990s","2010s minus 1990s","1990s","2010s","EH74",52,44,-8
"2010s_minus_1990s","2010s minus 1990s","1990s","2010s","EH75",88,79,-9
"2010s_minus_1990s","2010s minus 1990s","1990s","2010s","EH77",65,43,-22
"2010s_minus_1990s","2010s minus 1990s","1990s","2010s","EH78",62,43,-19
"2010s_minus_1990s","2010s minus 1990s","1990s","2010s","EH83",67,43,-24
"2010s_minus_1990s","2010s minus 1990s","1990s","2010s","EH84",46,55,9
"2010s_minus_1990s","2010s minus 1990s","1990s","2010s","EH85",68,46,-22
"2010s_minus_1990s","2010s minus 1990s","1990s","2010s","EH87",57,42,-15
"2010s_minus_1990s","2010s minus 1990s","1990s","2010s","EH88",65,44,-21
"2010s_minus_1990s","2010s minus 1990s","1990s","2010s","EH92",65,88,23
"2010s_minus_1990s","2010s minus 1990s","1990s","2010s","EH93",54,59,5
"2010s_minus_1990s","2010s minus 1990s","1990s","2010s","EH94",48,52,4
"2010s_minus_1990s","2010s minus 1990s","1990s","2010s","EH95",56,53,-3
"2010s_minus_1990s","2010s minus 1990s","1990s","2010s","EH96",72,51,-21
"2010s_minus_1990s","2010s minus 1990s","1990s","2010s","EH97",71,60,-11
"2010s_minus_1990s","2010s minus 1990s","1990s","2010s","FE00",35,55,20
"2010s_minus_1990s","2010s minus 1990s","1990s","2010s","FE10",65,66,1
"2010s_minus_1990s","2010s minus 1990s","1990s","2010s","FE20",74,76,2
"2010s_minus_1990s","2010s minus 1990s","1990s","2010s","FE30",105,104,-1
"2010s_minus_1990s","2010s minus 1990s","1990s","2010s","FE40",75,78,3
"2010s_minus_1990s","2010s minus 1990s","1990s","2010s","FE60",95,81,-14
"2010s_minus_1990s","2010s minus 1990s","1990s","2010s","FE61",88,72,-16
"2010s_minus_1990s","2010s minus 1990s","1990s","2010s","FE71",62,78,16
"2010s_minus_1990s","2010s minus 1990s","1990s","2010s","FE72",68,93,25
"2010s_minus_1990s","2010s minus 1990s","1990s","2010s","FE80",77,81,4
"2010s_minus_1990s","2010s minus 1990s","1990s","2010s","FE81",69,82,13
"2010s_minus_1990s","2010s minus 1990s","1990s","2010s","FE82",80,99,19
"2010s_minus_1990s","2010s minus 1990s","1990s","2010s","FE83",73,87,14
"2010s_minus_1990s","2010s minus 1990s","1990s","2010s","FE90",69,73,4
"2010s_minus_1990s","2010s minus 1990s","1990s","2010s","FE91",82,94,12
"2010s_minus_1990s","2010s minus 1990s","1990s","2010s","FE92",63,66,3
"2010s_minus_1990s","2010s minus 1990s","1990s","2010s","FE93",55,54,-1
"2010s_minus_1990s","2010s minus 1990s","1990s","2010s","FE94",59,61,2
"2010s_minus_1990s","2010s minus 1990s","1990s","2010s","FF00",51,55,4
"2010s_minus_1990s","2010s minus 1990s","1990s","2010s","FF01",53,64,11
"2010s_minus_1990s","2010s minus 1990s","1990s","2010s","FF02",86,57,-29
"2010s_minus_1990s","2010s minus 1990s","1990s","2010s","FF03",72,52,-20
"2010s_minus_1990s","2010s minus 1990s","1990s","2010s","FF04",57,64,7
"2010s_minus_1990s","2010s minus 1990s","1990s","2010s","FF05",50,44,-6
"2010s_minus_1990s","2010s minus 1990s","1990s","2010s","FF06",45,60,15
"2010s_minus_1990s","2010s minus 1990s","1990s","2010s","FF07",55,61,6
"2010s_minus_1990s","2010s minus 1990s","1990s","2010s","FF08",36,44,8
"2010s_minus_1990s","2010s minus 1990s","1990s","2010s","FF10",99,65,-34
"2010s_minus_1990s","2010s minus 1990s","1990s","2010s","FF12",86,74,-12
"2010s_minus_1990s","2010s minus 1990s","1990s","2010s","FF13",56,62,6
"2010s_minus_1990s","2010s minus 1990s","1990s","2010s","FF14",71,67,-4
"2010s_minus_1990s","2010s minus 1990s","1990s","2010s","FF15",37,57,20
"2010s_minus_1990s","2010s minus 1990s","1990s","2010s","FF16",39,62,23
"2010s_minus_1990s","2010s minus 1990s","1990s","2010s","FF17",63,46,-17
"2010s_minus_1990s","2010s minus 1990s","1990s","2010s","FF18",71,79,8
"2010s_minus_1990s","2010s minus 1990s","1990s","2010s","FF19",55,56,1
"2010s_minus_1990s","2010s minus 1990s","1990s","2010s","FF21",62,44,-18
"2010s_minus_1990s","2010s minus 1990s","1990s","2010s","FF22",88,65,-23
"2010s_minus_1990s","2010s minus 1990s","1990s","2010s","FF23",60,52,-8
"2010s_minus_1990s","2010s minus 1990s","1990s","2010s","FF24",60,84,24
"2010s_minus_1990s","2010s minus 1990s","1990s","2010s","FF25",57,72,15
"2010s_minus_1990s","2010s minus 1990s","1990s","2010s","FF26",51,81,30
"2010s_minus_1990s","2010s minus 1990s","1990s","2010s","FF27",67,71,4
"2010s_minus_1990s","2010s minus 1990s","1990s","2010s","FF29",56,66,10
"2010s_minus_1990s","2010s minus 1990s","1990s","2010s","FF30",71,74,3
"2010s_minus_1990s","2010s minus 1990s","1990s","2010s","FF31",64,62,-2
"2010s_minus_1990s","2010s minus 1990s","1990s","2010s","FF32",62,46,-16
"2010s_minus_1990s","2010s minus 1990s","1990s","2010s","FF33",54,63,9
"2010s_minus_1990s","2010s minus 1990s","1990s","2010s","FF34",45,58,13
"2010s_minus_1990s","2010s minus 1990s","1990s","2010s","FF35",61,65,4
"2010s_minus_1990s","2010s minus 1990s","1990s","2010s","FF36",58,66,8
"2010s_minus_1990s","2010s minus 1990s","1990s","2010s","FF37",20,57,37
"2010s_minus_1990s","2010s minus 1990s","1990s","2010s","FF38",60,58,-2
"2010s_minus_1990s","2010s minus 1990s","1990s","2010s","FF39",76,75,-1
"2010s_minus_1990s","2010s minus 1990s","1990s","2010s","FF40",76,78,2
"2010s_minus_1990s","2010s minus 1990s","1990s","2010s","FF41",59,56,-3
"2010s_minus_1990s","2010s minus 1990s","1990s","2010s","FF42",52,46,-6
"2010s_minus_1990s","2010s minus 1990s","1990s","2010s","FF43",56,57,1
"2010s_minus_1990s","2010s minus 1990s","1990s","2010s","FF44",47,54,7
"2010s_minus_1990s","2010s minus 1990s","1990s","2010s","FF45",56,64,8
"2010s_minus_1990s","2010s minus 1990s","1990s","2010s","FF46",52,69,17
"2010s_minus_1990s","2010s minus 1990s","1990s","2010s","FF50",66,75,9
"2010s_minus_1990s","2010s minus 1990s","1990s","2010s","FF51",56,65,9
"2010s_minus_1990s","2010s minus 1990s","1990s","2010s","FF52",55,50,-5
"2010s_minus_1990s","2010s minus 1990s","1990s","2010s","FF53",57,65,8
"2010s_minus_1990s","2010s minus 1990s","1990s","2010s","FF54",90,80,-10
"2010s_minus_1990s","2010s minus 1990s","1990s","2010s","FF55",54,63,9
"2010s_minus_1990s","2010s minus 1990s","1990s","2010s","FF57",65,64,-1
"2010s_minus_1990s","2010s minus 1990s","1990s","2010s","FF60",68,85,17
"2010s_minus_1990s","2010s minus 1990s","1990s","2010s","FF61",67,84,17
"2010s_minus_1990s","2010s minus 1990s","1990s","2010s","FF62",81,90,9
"2010s_minus_1990s","2010s minus 1990s","1990s","2010s","FF63",58,63,5
"2010s_minus_1990s","2010s minus 1990s","1990s","2010s","FF64",67,65,-2
"2010s_minus_1990s","2010s minus 1990s","1990s","2010s","FF65",46,37,-9
"2010s_minus_1990s","2010s minus 1990s","1990s","2010s","FF66",68,71,3
"2010s_minus_1990s","2010s minus 1990s","1990s","2010s","FF67",89,71,-18
"2010s_minus_1990s","2010s minus 1990s","1990s","2010s","FF69",85,75,-10
"2010s_minus_1990s","2010s minus 1990s","1990s","2010s","FF70",78,83,5
"2010s_minus_1990s","2010s minus 1990s","1990s","2010s","FF71",61,57,-4
"2010s_minus_1990s","2010s minus 1990s","1990s","2010s","FF72",65,53,-12
"2010s_minus_1990s","2010s minus 1990s","1990s","2010s","FF73",69,78,9
"2010s_minus_1990s","2010s minus 1990s","1990s","2010s","FF74",71,73,2
"2010s_minus_1990s","2010s minus 1990s","1990s","2010s","FF75",64,91,27
"2010s_minus_1990s","2010s minus 1990s","1990s","2010s","FF76",79,78,-1
"2010s_minus_1990s","2010s minus 1990s","1990s","2010s","FF77",55,58,3
"2010s_minus_1990s","2010s minus 1990s","1990s","2010s","FF78",82,77,-5
"2010s_minus_1990s","2010s minus 1990s","1990s","2010s","FF79",99,90,-9
"2010s_minus_1990s","2010s minus 1990s","1990s","2010s","FF80",88,61,-27
"2010s_minus_1990s","2010s minus 1990s","1990s","2010s","FF81",73,74,1
"2010s_minus_1990s","2010s minus 1990s","1990s","2010s","FF82",51,70,19
"2010s_minus_1990s","2010s minus 1990s","1990s","2010s","FF83",66,66,0
"2010s_minus_1990s","2010s minus 1990s","1990s","2010s","FF84",80,88,8
"2010s_minus_1990s","2010s minus 1990s","1990s","2010s","FF86",96,89,-7
"2010s_minus_1990s","2010s minus 1990s","1990s","2010s","FF87",72,64,-8
"2010s_minus_1990s","2010s minus 1990s","1990s","2010s","FF88",60,74,14
"2010s_minus_1990s","2010s minus 1990s","1990s","2010s","FF89",59,64,5
"2010s_minus_1990s","2010s minus 1990s","1990s","2010s","FF90",78,67,-11
"2010s_minus_1990s","2010s minus 1990s","1990s","2010s","FF91",52,52,0
"2010s_minus_1990s","2010s minus 1990s","1990s","2010s","FF92",50,59,9
"2010s_minus_1990s","2010s minus 1990s","1990s","2010s","FF93",56,69,13
"2010s_minus_1990s","2010s minus 1990s","1990s","2010s","FF94",45,62,17
"2010s_minus_1990s","2010s minus 1990s","1990s","2010s","FF95",79,51,-28
"2010s_minus_1990s","2010s minus 1990s","1990s","2010s","FF96",68,63,-5
"2010s_minus_1990s","2010s minus 1990s","1990s","2010s","FF97",61,75,14
"2010s_minus_1990s","2010s minus 1990s","1990s","2010s","FF98",67,62,-5
"2010s_minus_1990s","2010s minus 1990s","1990s","2010s","FF99",65,60,-5
"2010s_minus_1990s","2010s minus 1990s","1990s","2010s","FG04",61,69,8
"2010s_minus_1990s","2010s minus 1990s","1990s","2010s","FG06",39,59,20
"2010s_minus_1990s","2010s minus 1990s","1990s","2010s","FG07",45,69,24
"2010s_minus_1990s","2010s minus 1990s","1990s","2010s","FG08",75,83,8
"2010s_minus_1990s","2010s minus 1990s","1990s","2010s","FG09",51,61,10
"2010s_minus_1990s","2010s minus 1990s","1990s","2010s","FG14",70,69,-1
"2010s_minus_1990s","2010s minus 1990s","1990s","2010s","FG18",70,67,-3
"2010s_minus_1990s","2010s minus 1990s","1990s","2010s","FG19",72,65,-7
"2010s_minus_1990s","2010s minus 1990s","1990s","2010s","FG24",48,46,-2
"2010s_minus_1990s","2010s minus 1990s","1990s","2010s","FG26",48,58,10
"2010s_minus_1990s","2010s minus 1990s","1990s","2010s","FG27",67,72,5
"2010s_minus_1990s","2010s minus 1990s","1990s","2010s","FG28",82,85,3
"2010s_minus_1990s","2010s minus 1990s","1990s","2010s","FG29",79,76,-3
"2010s_minus_1990s","2010s minus 1990s","1990s","2010s","FG33",36,62,26
"2010s_minus_1990s","2010s minus 1990s","1990s","2010s","FG34",49,52,3
"2010s_minus_1990s","2010s minus 1990s","1990s","2010s","FG35",39,45,6
"2010s_minus_1990s","2010s minus 1990s","1990s","2010s","FG37",83,80,-3
"2010s_minus_1990s","2010s minus 1990s","1990s","2010s","FG38",76,59,-17
"2010s_minus_1990s","2010s minus 1990s","1990s","2010s","FG39",51,55,4
"2010s_minus_1990s","2010s minus 1990s","1990s","2010s","FG43",101,65,-36
"2010s_minus_1990s","2010s minus 1990s","1990s","2010s","FG44",75,64,-11
"2010s_minus_1990s","2010s minus 1990s","1990s","2010s","FG45",80,61,-19
"2010s_minus_1990s","2010s minus 1990s","1990s","2010s","FG47",70,77,7
"2010s_minus_1990s","2010s minus 1990s","1990s","2010s","FG48",59,66,7
"2010s_minus_1990s","2010s minus 1990s","1990s","2010s","FG49",51,56,5
"2010s_minus_1990s","2010s minus 1990s","1990s","2010s","FG51",61,73,12
"2010s_minus_1990s","2010s minus 1990s","1990s","2010s","FG52",40,81,41
"2010s_minus_1990s","2010s minus 1990s","1990s","2010s","FG53",83,85,2
"2010s_minus_1990s","2010s minus 1990s","1990s","2010s","FG54",75,66,-9
"2010s_minus_1990s","2010s minus 1990s","1990s","2010s","FG55",55,60,5
"2010s_minus_1990s","2010s minus 1990s","1990s","2010s","FG56",76,85,9
"2010s_minus_1990s","2010s minus 1990s","1990s","2010s","FG57",58,61,3
"2010s_minus_1990s","2010s minus 1990s","1990s","2010s","FG58",66,49,-17
"2010s_minus_1990s","2010s minus 1990s","1990s","2010s","FG59",51,57,6
"2010s_minus_1990s","2010s minus 1990s","1990s","2010s","FG60",58,65,7
"2010s_minus_1990s","2010s minus 1990s","1990s","2010s","FG62",59,56,-3
"2010s_minus_1990s","2010s minus 1990s","1990s","2010s","FG63",66,80,14
"2010s_minus_1990s","2010s minus 1990s","1990s","2010s","FG64",58,47,-11
"2010s_minus_1990s","2010s minus 1990s","1990s","2010s","FG65",61,63,2
"2010s_minus_1990s","2010s minus 1990s","1990s","2010s","FG66",75,87,12
"2010s_minus_1990s","2010s minus 1990s","1990s","2010s","FG68",67,47,-20
"2010s_minus_1990s","2010s minus 1990s","1990s","2010s","FG69",77,46,-31
"2010s_minus_1990s","2010s minus 1990s","1990s","2010s","FG70",74,75,1
"2010s_minus_1990s","2010s minus 1990s","1990s","2010s","FG71",15,47,32
"2010s_minus_1990s","2010s minus 1990s","1990s","2010s","FG72",59,60,1
"2010s_minus_1990s","2010s minus 1990s","1990s","2010s","FG73",38,40,2
"2010s_minus_1990s","2010s minus 1990s","1990s","2010s","FG74",69,45,-24
"2010s_minus_1990s","2010s minus 1990s","1990s","2010s","FG75",75,60,-15
"2010s_minus_1990s","2010s minus 1990s","1990s","2010s","FG76",79,67,-12
"2010s_minus_1990s","2010s minus 1990s","1990s","2010s","FG77",61,78,17
"2010s_minus_1990s","2010s minus 1990s","1990s","2010s","FG78",50,57,7
"2010s_minus_1990s","2010s minus 1990s","1990s","2010s","FG79",64,54,-10
"2010s_minus_1990s","2010s minus 1990s","1990s","2010s","FG80",69,63,-6
"2010s_minus_1990s","2010s minus 1990s","1990s","2010s","FG81",13,52,39
"2010s_minus_1990s","2010s minus 1990s","1990s","2010s","FG82",55,51,-4
"2010s_minus_1990s","2010s minus 1990s","1990s","2010s","FG83",37,41,4
"2010s_minus_1990s","2010s minus 1990s","1990s","2010s","FG84",57,36,-21
"2010s_minus_1990s","2010s minus 1990s","1990s","2010s","FG85",71,41,-30
"2010s_minus_1990s","2010s minus 1990s","1990s","2010s","FG86",87,59,-28
"2010s_minus_1990s","2010s minus 1990s","1990s","2010s","FG87",61,49,-12
"2010s_minus_1990s","2010s minus 1990s","1990s","2010s","FG88",50,51,1
"2010s_minus_1990s","2010s minus 1990s","1990s","2010s","FG89",64,57,-7
"2010s_minus_1990s","2010s minus 1990s","1990s","2010s","FG90",48,62,14
"2010s_minus_1990s","2010s minus 1990s","1990s","2010s","FG91",75,63,-12
"2010s_minus_1990s","2010s minus 1990s","1990s","2010s","FG92",88,88,0
"2010s_minus_1990s","2010s minus 1990s","1990s","2010s","FG93",78,59,-19
"2010s_minus_1990s","2010s minus 1990s","1990s","2010s","FG94",16,68,52
"2010s_minus_1990s","2010s minus 1990s","1990s","2010s","FG95",51,42,-9
"2010s_minus_1990s","2010s minus 1990s","1990s","2010s","FG97",77,42,-35
"2010s_minus_1990s","2010s minus 1990s","1990s","2010s","FG98",47,43,-4
"2010s_minus_1990s","2010s minus 1990s","1990s","2010s","FG99",63,52,-11
"2010s_minus_1990s","2010s minus 1990s","1990s","2010s","FH01",68,78,10
"2010s_minus_1990s","2010s minus 1990s","1990s","2010s","FH02",50,51,1
"2010s_minus_1990s","2010s minus 1990s","1990s","2010s","FH04",61,55,-6
"2010s_minus_1990s","2010s minus 1990s","1990s","2010s","FH05",62,70,8
"2010s_minus_1990s","2010s minus 1990s","1990s","2010s","FH06",59,61,2
"2010s_minus_1990s","2010s minus 1990s","1990s","2010s","FH07",66,73,7
"2010s_minus_1990s","2010s minus 1990s","1990s","2010s","FH08",57,73,16
"2010s_minus_1990s","2010s minus 1990s","1990s","2010s","FH11",76,86,10
"2010s_minus_1990s","2010s minus 1990s","1990s","2010s","FH12",56,62,6
"2010s_minus_1990s","2010s minus 1990s","1990s","2010s","FH13",52,59,7
"2010s_minus_1990s","2010s minus 1990s","1990s","2010s","FH14",57,58,1
"2010s_minus_1990s","2010s minus 1990s","1990s","2010s","FH15",58,59,1
"2010s_minus_1990s","2010s minus 1990s","1990s","2010s","FH16",61,58,-3
"2010s_minus_1990s","2010s minus 1990s","1990s","2010s","FH18",36,61,25
"2010s_minus_1990s","2010s minus 1990s","1990s","2010s","FH21",76,74,-2
"2010s_minus_1990s","2010s minus 1990s","1990s","2010s","FH22",52,52,0
"2010s_minus_1990s","2010s minus 1990s","1990s","2010s","FH23",92,74,-18
"2010s_minus_1990s","2010s minus 1990s","1990s","2010s","FH24",85,94,9
"2010s_minus_1990s","2010s minus 1990s","1990s","2010s","FH25",64,63,-1
"2010s_minus_1990s","2010s minus 1990s","1990s","2010s","FH29",59,47,-12
"2010s_minus_1990s","2010s minus 1990s","1990s","2010s","FH32",76,67,-9
"2010s_minus_1990s","2010s minus 1990s","1990s","2010s","FH33",90,76,-14
"2010s_minus_1990s","2010s minus 1990s","1990s","2010s","FH34",63,56,-7
"2010s_minus_1990s","2010s minus 1990s","1990s","2010s","FH35",53,70,17
"2010s_minus_1990s","2010s minus 1990s","1990s","2010s","FH36",61,73,12
"2010s_minus_1990s","2010s minus 1990s","1990s","2010s","FH42",74,55,-19
"2010s_minus_1990s","2010s minus 1990s","1990s","2010s","FH43",72,56,-16
"2010s_minus_1990s","2010s minus 1990s","1990s","2010s","FH44",72,68,-4
"2010s_minus_1990s","2010s minus 1990s","1990s","2010s","FH45",49,60,11
"2010s_minus_1990s","2010s minus 1990s","1990s","2010s","FH46",59,78,19
"2010s_minus_1990s","2010s minus 1990s","1990s","2010s","FH52",71,68,-3
"2010s_minus_1990s","2010s minus 1990s","1990s","2010s","FH53",52,34,-18
"2010s_minus_1990s","2010s minus 1990s","1990s","2010s","FH54",75,68,-7
"2010s_minus_1990s","2010s minus 1990s","1990s","2010s","FH55",63,59,-4
"2010s_minus_1990s","2010s minus 1990s","1990s","2010s","FH56",55,72,17
"2010s_minus_1990s","2010s minus 1990s","1990s","2010s","FH57",48,71,23
"2010s_minus_1990s","2010s minus 1990s","1990s","2010s","FH58",75,68,-7
"2010s_minus_1990s","2010s minus 1990s","1990s","2010s","FH62",73,79,6
"2010s_minus_1990s","2010s minus 1990s","1990s","2010s","FH63",76,79,3
"2010s_minus_1990s","2010s minus 1990s","1990s","2010s","FH64",82,73,-9
"2010s_minus_1990s","2010s minus 1990s","1990s","2010s","FH65",68,48,-20
"2010s_minus_1990s","2010s minus 1990s","1990s","2010s","FH71",67,80,13
"2010s_minus_1990s","2010s minus 1990s","1990s","2010s","FH72",52,55,3
"2010s_minus_1990s","2010s minus 1990s","1990s","2010s","FH73",52,69,17
"2010s_minus_1990s","2010s minus 1990s","1990s","2010s","FH74",75,77,2
"2010s_minus_1990s","2010s minus 1990s","1990s","2010s","FH75",67,62,-5
"2010s_minus_1990s","2010s minus 1990s","1990s","2010s","FH76",64,57,-7
"2010s_minus_1990s","2010s minus 1990s","1990s","2010s","FH79",60,75,15
"2010s_minus_1990s","2010s minus 1990s","1990s","2010s","FH80",62,66,4
"2010s_minus_1990s","2010s minus 1990s","1990s","2010s","FH81",67,61,-6
"2010s_minus_1990s","2010s minus 1990s","1990s","2010s","FH83",69,66,-3
"2010s_minus_1990s","2010s minus 1990s","1990s","2010s","FH84",59,56,-3
"2010s_minus_1990s","2010s minus 1990s","1990s","2010s","FH85",78,58,-20
"2010s_minus_1990s","2010s minus 1990s","1990s","2010s","FH86",75,71,-4
"2010s_minus_1990s","2010s minus 1990s","1990s","2010s","FH87",65,66,1
"2010s_minus_1990s","2010s minus 1990s","1990s","2010s","FH88",61,64,3
"2010s_minus_1990s","2010s minus 1990s","1990s","2010s","FH89",77,73,-4
"2010s_minus_1990s","2010s minus 1990s","1990s","2010s","FH95",69,55,-14
"2010s_minus_1990s","2010s minus 1990s","1990s","2010s","FH96",52,55,3
"2010s_minus_1990s","2010s minus 1990s","1990s","2010s","FH98",57,66,9
"2010s_minus_1990s","2010s minus 1990s","1990s","2010s","FH99",66,76,10
"2010s_minus_1990s","2010s minus 1990s","1990s","2010s","GE00",74,77,3
"2010s_minus_1990s","2010s minus 1990s","1990s","2010s","GE01",105,103,-2
"2010s_minus_1990s","2010s minus 1990s","1990s","2010s","GE02",84,82,-2
"2010s_minus_1990s","2010s minus 1990s","1990s","2010s","GE03",76,66,-10
"2010s_minus_1990s","2010s minus 1990s","1990s","2010s","GE04",74,51,-23
"2010s_minus_1990s","2010s minus 1990s","1990s","2010s","GE10",85,85,0
"2010s_minus_1990s","2010s minus 1990s","1990s","2010s","GE11",86,95,9
"2010s_minus_1990s","2010s minus 1990s","1990s","2010s","GE12",77,85,8
"2010s_minus_1990s","2010s minus 1990s","1990s","2010s","GE13",83,93,10
"2010s_minus_1990s","2010s minus 1990s","1990s","2010s","GE14",63,67,4
"2010s_minus_1990s","2010s minus 1990s","1990s","2010s","GE20",75,76,1
"2010s_minus_1990s","2010s minus 1990s","1990s","2010s","GE21",74,90,16
"2010s_minus_1990s","2010s minus 1990s","1990s","2010s","GE22",71,75,4
"2010s_minus_1990s","2010s minus 1990s","1990s","2010s","GE23",82,101,19
"2010s_minus_1990s","2010s minus 1990s","1990s","2010s","GE24",66,66,0
"2010s_minus_1990s","2010s minus 1990s","1990s","2010s","GE30",86,89,3
"2010s_minus_1990s","2010s minus 1990s","1990s","2010s","GE31",62,70,8
"2010s_minus_1990s","2010s minus 1990s","1990s","2010s","GE32",93,92,-1
"2010s_minus_1990s","2010s minus 1990s","1990s","2010s","GE33",85,79,-6
"2010s_minus_1990s","2010s minus 1990s","1990s","2010s","GE34",58,40,-18
"2010s_minus_1990s","2010s minus 1990s","1990s","2010s","GE42",54,67,13
"2010s_minus_1990s","2010s minus 1990s","1990s","2010s","GE43",84,88,4
"2010s_minus_1990s","2010s minus 1990s","1990s","2010s","GF00",82,87,5
"2010s_minus_1990s","2010s minus 1990s","1990s","2010s","GF01",67,71,4
"2010s_minus_1990s","2010s minus 1990s","1990s","2010s","GF02",70,61,-9
"2010s_minus_1990s","2010s minus 1990s","1990s","2010s","GF03",63,82,19
"2010s_minus_1990s","2010s minus 1990s","1990s","2010s","GF04",61,58,-3
"2010s_minus_1990s","2010s minus 1990s","1990s","2010s","GF05",68,70,2
"2010s_minus_1990s","2010s minus 1990s","1990s","2010s","GF06",77,71,-6
"2010s_minus_1990s","2010s minus 1990s","1990s","2010s","GF07",68,75,7
"2010s_minus_1990s","2010s minus 1990s","1990s","2010s","GF08",78,82,4
"2010s_minus_1990s","2010s minus 1990s","1990s","2010s","GF09",75,79,4
"2010s_minus_1990s","2010s minus 1990s","1990s","2010s","GF12",54,32,-22
"2010s_minus_1990s","2010s minus 1990s","1990s","2010s","GF13",55,72,17
"2010s_minus_1990s","2010s minus 1990s","1990s","2010s","GF14",60,56,-4
"2010s_minus_1990s","2010s minus 1990s","1990s","2010s","GF15",75,67,-8
"2010s_minus_1990s","2010s minus 1990s","1990s","2010s","GF16",67,77,10
"2010s_minus_1990s","2010s minus 1990s","1990s","2010s","GF17",83,91,8
"2010s_minus_1990s","2010s minus 1990s","1990s","2010s","GF18",89,84,-5
"2010s_minus_1990s","2010s minus 1990s","1990s","2010s","GF19",76,76,0
"2010s_minus_1990s","2010s minus 1990s","1990s","2010s","GF23",79,76,-3
"2010s_minus_1990s","2010s minus 1990s","1990s","2010s","GF24",60,65,5
"2010s_minus_1990s","2010s minus 1990s","1990s","2010s","GF25",75,81,6
"2010s_minus_1990s","2010s minus 1990s","1990s","2010s","GF26",79,76,-3
"2010s_minus_1990s","2010s minus 1990s","1990s","2010s","GF27",78,83,5
"2010s_minus_1990s","2010s minus 1990s","1990s","2010s","GF28",76,79,3
"2010s_minus_1990s","2010s minus 1990s","1990s","2010s","GF29",84,72,-12
"2010s_minus_1990s","2010s minus 1990s","1990s","2010s","GF33",63,61,-2
"2010s_minus_1990s","2010s minus 1990s","1990s","2010s","GF34",61,70,9
"2010s_minus_1990s","2010s minus 1990s","1990s","2010s","GF35",56,70,14
"2010s_minus_1990s","2010s minus 1990s","1990s","2010s","GF36",72,69,-3
"2010s_minus_1990s","2010s minus 1990s","1990s","2010s","GF37",73,76,3
"2010s_minus_1990s","2010s minus 1990s","1990s","2010s","GF38",71,91,20
"2010s_minus_1990s","2010s minus 1990s","1990s","2010s","GF39",66,84,18
"2010s_minus_1990s","2010s minus 1990s","1990s","2010s","GF43",72,81,9
"2010s_minus_1990s","2010s minus 1990s","1990s","2010s","GF44",60,65,5
"2010s_minus_1990s","2010s minus 1990s","1990s","2010s","GF45",48,52,4
"2010s_minus_1990s","2010s minus 1990s","1990s","2010s","GF46",81,69,-12
"2010s_minus_1990s","2010s minus 1990s","1990s","2010s","GF47",70,67,-3
"2010s_minus_1990s","2010s minus 1990s","1990s","2010s","GF48",71,66,-5
"2010s_minus_1990s","2010s minus 1990s","1990s","2010s","GF49",59,59,0
"2010s_minus_1990s","2010s minus 1990s","1990s","2010s","GF52",84,81,-3
"2010s_minus_1990s","2010s minus 1990s","1990s","2010s","GF53",73,65,-8
"2010s_minus_1990s","2010s minus 1990s","1990s","2010s","GF54",69,61,-8
"2010s_minus_1990s","2010s minus 1990s","1990s","2010s","GF55",54,55,1
"2010s_minus_1990s","2010s minus 1990s","1990s","2010s","GF63",53,52,-1
"2010s_minus_1990s","2010s minus 1990s","1990s","2010s","GF74",62,39,-23
"2010s_minus_1990s","2010s minus 1990s","1990s","2010s","GG00",58,74,16
"2010s_minus_1990s","2010s minus 1990s","1990s","2010s","GG02",54,62,8
"2010s_minus_1990s","2010s minus 1990s","1990s","2010s","GG05",64,34,-30
"2010s_minus_1990s","2010s minus 1990s","1990s","2010s","GG06",64,44,-20
"2010s_minus_1990s","2010s minus 1990s","1990s","2010s","GG07",69,37,-32
"2010s_minus_1990s","2010s minus 1990s","1990s","2010s","GG08",83,52,-31
"2010s_minus_1990s","2010s minus 1990s","1990s","2010s","GG09",80,73,-7
"2010s_minus_1990s","2010s minus 1990s","1990s","2010s","GG10",80,75,-5
"2010s_minus_1990s","2010s minus 1990s","1990s","2010s","GG15",72,36,-36
"2010s_minus_1990s","2010s minus 1990s","1990s","2010s","GG16",47,60,13
"2010s_minus_1990s","2010s minus 1990s","1990s","2010s","GG17",56,62,6
"2010s_minus_1990s","2010s minus 1990s","1990s","2010s","GG18",80,67,-13
"2010s_minus_1990s","2010s minus 1990s","1990s","2010s","GG20",63,60,-3
"2010s_minus_1990s","2010s minus 1990s","1990s","2010s","GG25",81,71,-10
"2010s_minus_1990s","2010s minus 1990s","1990s","2010s","GG26",58,60,2
"2010s_minus_1990s","2010s minus 1990s","1990s","2010s","GG27",69,68,-1
"2010s_minus_1990s","2010s minus 1990s","1990s","2010s","GG28",88,70,-18
"2010s_minus_1990s","2010s minus 1990s","1990s","2010s","GG30",67,53,-14
"2010s_minus_1990s","2010s minus 1990s","1990s","2010s","GG36",51,61,10
"2010s_minus_1990s","2010s minus 1990s","1990s","2010s","GG37",68,73,5
"2010s_minus_1990s","2010s minus 1990s","1990s","2010s","GG40",61,54,-7
"2010s_minus_1990s","2010s minus 1990s","1990s","2010s","GH06",62,38,-24
"2010s_minus_1990s","2010s minus 1990s","1990s","2010s","GH07",68,89,21
"2010s_minus_1990s","2010s minus 1990s","1990s","2010s","GH08",66,55,-11
"2010s_minus_1990s","2010s minus 1990s","1990s","2010s","GH09",55,55,0
"2010s_minus_1990s","2010s minus 1990s","1990s","2010s","GH17",55,61,6
"2010s_minus_1990s","2010s minus 1990s","1990s","2010s","GH18",56,57,1
"2010s_minus_1990s","2010s minus 1990s","1990s","2010s","GH19",61,75,14
"2010s_minus_1990s","2010s minus 1990s","1990s","2010s","GH29",38,64,26
"2010s_minus_1990s","2010s minus 1990s","1990s","2010s","GH39",60,57,-3
"2010s_minus_1990s","2010s minus 1990s","1990s","2010s","GH49",92,79,-13
"2010s_minus_1990s","2010s minus 1990s","1990s","2010s","GH59",81,74,-7
"2010s_minus_1990s","2010s minus 1990s","1990s","2010s","HA03",60,67,7
"2010s_minus_1990s","2010s minus 1990s","1990s","2010s","HA04",64,59,-5
"2010s_minus_1990s","2010s minus 1990s","1990s","2010s","HA05",70,78,8
"2010s_minus_1990s","2010s minus 1990s","1990s","2010s","HA06",63,56,-7
"2010s_minus_1990s","2010s minus 1990s","1990s","2010s","HA07",56,88,32
"2010s_minus_1990s","2010s minus 1990s","1990s","2010s","HA13",73,61,-12
"2010s_minus_1990s","2010s minus 1990s","1990s","2010s","HA14",44,54,10
"2010s_minus_1990s","2010s minus 1990s","1990s","2010s","HA15",37,52,15
"2010s_minus_1990s","2010s minus 1990s","1990s","2010s","HA16",54,58,4
"2010s_minus_1990s","2010s minus 1990s","1990s","2010s","HA17",64,60,-4
"2010s_minus_1990s","2010s minus 1990s","1990s","2010s","HA22",47,48,1
"2010s_minus_1990s","2010s minus 1990s","1990s","2010s","HA23",62,65,3
"2010s_minus_1990s","2010s minus 1990s","1990s","2010s","HA24",65,82,17
"2010s_minus_1990s","2010s minus 1990s","1990s","2010s","HA25",72,67,-5
"2010s_minus_1990s","2010s minus 1990s","1990s","2010s","HA26",71,69,-2
"2010s_minus_1990s","2010s minus 1990s","1990s","2010s","HA32",63,74,11
"2010s_minus_1990s","2010s minus 1990s","1990s","2010s","HA33",43,54,11
"2010s_minus_1990s","2010s minus 1990s","1990s","2010s","HA34",75,83,8
"2010s_minus_1990s","2010s minus 1990s","1990s","2010s","HA35",62,56,-6
"2010s_minus_1990s","2010s minus 1990s","1990s","2010s","HA36",68,49,-19
"2010s_minus_1990s","2010s minus 1990s","1990s","2010s","HA42",42,60,18
"2010s_minus_1990s","2010s minus 1990s","1990s","2010s","HA43",58,64,6
"2010s_minus_1990s","2010s minus 1990s","1990s","2010s","HA44",87,60,-27
"2010s_minus_1990s","2010s minus 1990s","1990s","2010s","HA45",62,49,-13
"2010s_minus_1990s","2010s minus 1990s","1990s","2010s","HA52",79,70,-9
"2010s_minus_1990s","2010s minus 1990s","1990s","2010s","HA53",67,65,-2
"2010s_minus_1990s","2010s minus 1990s","1990s","2010s","HA54",88,71,-17
