"survey","site","atlas","period","species_richness","retained_species_pool_size"
"AD90_1","AD90","1","1970s",45,156
"AD91_1","AD91","1","1970s",41,156
"AD93_1","AD93","1","1970s",41,156
"AD95_1","AD95","1","1970s",33,156
"AE94_1","AE94","1","1970s",46,156
"AE95_1","AE95","1","1970s",48,156
"AE98_1","AE98","1","1970s",69,156
"AF81_1","AF81","1","1970s",57,156
"AF82_1","AF82","1","1970s",46,156
"AF91_1","AF91","1","1970s",57,156
"AF92_1","AF92","1","1970s",76,156
"AF93_1","AF93","1","1970s",84,156
"AF94_1","AF94","1","1970s",49,156
"AF96_1","AF96","1","1970s",42,156
"AF98_1","AF98","1","1970s",48,156
"AF99_1","AF99","1","1970s",47,156
"BC20_1","BC20","1","1970s",58,156
"BC30_1","BC30","1","1970s",49,156
"BC32_1","BC32","1","1970s",50,156
"BC33_1","BC33","1","1970s",49,156
"BC34_1","BC34","1","1970s",44,156
"BC43_1","BC43","1","1970s",65,156
"BC44_1","BC44","1","1970s",59,156
"BC45_1","BC45","1","1970s",32,156
"BC50_1","BC50","1","1970s",51,156
"BC53_1","BC53","1","1970s",50,156
"BC54_1","BC54","1","1970s",60,156
"BC60_1","BC60","1","1970s",71,156
"BC62_1","BC62","1","1970s",36,156
"BC65_1","BC65","1","1970s",54,156
"BC70_1","BC70","1","1970s",66,156
"BC71_1","BC71","1","1970s",61,156
"BC72_1","BC72","1","1970s",46,156
"BC73_1","BC73","1","1970s",58,156
"BC75_1","BC75","1","1970s",51,156
"BC81_1","BC81","1","1970s",61,156
"BC82_1","BC82","1","1970s",74,156
"BC83_1","BC83","1","1970s",69,156
"BC84_1","BC84","1","1970s",77,156
"BC85_1","BC85","1","1970s",49,156
"BC93_1","BC93","1","1970s",44,156
"BC94_1","BC94","1","1970s",76,156
"BC95_1","BC95","1","1970s",54,156
"BC96_1","BC96","1","1970s",60,156
"BD07_1","BD07","1","1970s",59,156
"BD08_1","BD08","1","1970s",80,156
"BD11_1","BD11","1","1970s",60,156
"BD12_1","BD12","1","1970s",46,156
"BD13_1","BD13","1","1970s",48,156
"BD18_1","BD18","1","1970s",79,156
"BD19_1","BD19","1","1970s",67,156
"BD21_1","BD21","1","1970s",52,156
"BD26_1","BD26","1","1970s",65,156
"BD27_1","BD27","1","1970s",56,156
"BD28_1","BD28","1","1970s",59,156
"BD35_1","BD35","1","1970s",42,156
"BD36_1","BD36","1","1970s",59,156
"BD37_1","BD37","1","1970s",66,156
"BD39_1","BD39","1","1970s",62,156
"BD43_1","BD43","1","1970s",41,156
"BD45_1","BD45","1","1970s",52,156
"BD46_1","BD46","1","1970s",50,156
"BD47_1","BD47","1","1970s",64,156
"BD48_1","BD48","1","1970s",67,156
"BD49_1","BD49","1","1970s",57,156
"BD50_1","BD50","1","1970s",44,156
"BD51_1","BD51","1","1970s",60,156
"BD55_1","BD55","1","1970s",54,156
"BD56_1","BD56","1","1970s",62,156
"BD57_1","BD57","1","1970s",68,156
"BD58_1","BD58","1","1970s",51,156
"BD59_1","BD59","1","1970s",73,156
"BD61_1","BD61","1","1970s",60,156
"BD66_1","BD66","1","1970s",52,156
"BD67_1","BD67","1","1970s",44,156
"BD68_1","BD68","1","1970s",51,156
"BD70_1","BD70","1","1970s",58,156
"BD73_1","BD73","1","1970s",55,156
"BD76_1","BD76","1","1970s",74,156
"BD77_1","BD77","1","1970s",75,156
"BD78_1","BD78","1","1970s",74,156
"BD80_1","BD80","1","1970s",45,156
"BD81_1","BD81","1","1970s",58,156
"BD82_1","BD82","1","1970s",59,156
"BD84_1","BD84","1","1970s",39,156
"BD86_1","BD86","1","1970s",57,156
"BD87_1","BD87","1","1970s",51,156
"BD88_1","BD88","1","1970s",60,156
"BD89_1","BD89","1","1970s",47,156
"BD91_1","BD91","1","1970s",62,156
"BD93_1","BD93","1","1970s",48,156
"BD96_1","BD96","1","1970s",47,156
"BD97_1","BD97","1","1970s",60,156
"BD98_1","BD98","1","1970s",49,156
"BE03_1","BE03","1","1970s",47,156
"BE05_1","BE05","1","1970s",52,156
"BE07_1","BE07","1","1970s",61,156
"BE08_1","BE08","1","1970s",60,156
"BE09_1","BE09","1","1970s",51,156
"BE11_1","BE11","1","1970s",61,156
"BE12_1","BE12","1","1970s",40,156
"BE13_1","BE13","1","1970s",41,156
"BE14_1","BE14","1","1970s",46,156
"BE15_1","BE15","1","1970s",45,156
"BE16_1","BE16","1","1970s",44,156
"BE17_1","BE17","1","1970s",71,156
"BE18_1","BE18","1","1970s",59,156
"BE20_1","BE20","1","1970s",58,156
"BE22_1","BE22","1","1970s",52,156
"BE23_1","BE23","1","1970s",54,156
"BE25_1","BE25","1","1970s",63,156
"BE27_1","BE27","1","1970s",43,156
"BE28_1","BE28","1","1970s",46,156
"BE29_1","BE29","1","1970s",48,156
"BE30_1","BE30","1","1970s",58,156
"BE31_1","BE31","1","1970s",58,156
"BE32_1","BE32","1","1970s",49,156
"BE33_1","BE33","1","1970s",57,156
"BE34_1","BE34","1","1970s",61,156
"BE36_1","BE36","1","1970s",38,156
"BE40_1","BE40","1","1970s",61,156
"BE41_1","BE41","1","1970s",49,156
"BE43_1","BE43","1","1970s",46,156
"BE45_1","BE45","1","1970s",47,156
"BE50_1","BE50","1","1970s",59,156
"BE52_1","BE52","1","1970s",49,156
"BE53_1","BE53","1","1970s",52,156
"BE54_1","BE54","1","1970s",46,156
"BE55_1","BE55","1","1970s",54,156
"BE59_1","BE59","1","1970s",43,156
"BE60_1","BE60","1","1970s",61,156
"BE62_1","BE62","1","1970s",54,156
"BE63_1","BE63","1","1970s",45,156
"BE65_1","BE65","1","1970s",46,156
"BE70_1","BE70","1","1970s",53,156
"BE71_1","BE71","1","1970s",59,156
"BE78_1","BE78","1","1970s",47,156
"BE80_1","BE80","1","1970s",59,156
"BE82_1","BE82","1","1970s",53,156
"BE84_1","BE84","1","1970s",51,156
"BE85_1","BE85","1","1970s",42,156
"BE86_1","BE86","1","1970s",50,156
"BE89_1","BE89","1","1970s",72,156
"BE90_1","BE90","1","1970s",57,156
"BE91_1","BE91","1","1970s",62,156
"BE92_1","BE92","1","1970s",55,156
"BE94_1","BE94","1","1970s",56,156
"BE95_1","BE95","1","1970s",47,156
"BE96_1","BE96","1","1970s",38,156
"BE99_1","BE99","1","1970s",62,156
"BF00_1","BF00","1","1970s",57,156
"BF02_1","BF02","1","1970s",54,156
"BF03_1","BF03","1","1970s",63,156
"BF04_1","BF04","1","1970s",48,156
"BF05_1","BF05","1","1970s",59,156
"BF06_1","BF06","1","1970s",54,156
"BF07_1","BF07","1","1970s",52,156
"BF08_1","BF08","1","1970s",44,156
"BF11_1","BF11","1","1970s",58,156
"BF12_1","BF12","1","1970s",61,156
"BF15_1","BF15","1","1970s",38,156
"BF16_1","BF16","1","1970s",43,156
"BF18_1","BF18","1","1970s",33,156
"BF21_1","BF21","1","1970s",50,156
"BF29_1","BF29","1","1970s",58,156
"BF31_1","BF31","1","1970s",54,156
"BF32_1","BF32","1","1970s",71,156
"BF33_1","BF33","1","1970s",63,156
"BF38_1","BF38","1","1970s",47,156
"BF39_1","BF39","1","1970s",60,156
"BF40_1","BF40","1","1970s",55,156
"BF41_1","BF41","1","1970s",57,156
"BF43_1","BF43","1","1970s",48,156
"BF44_1","BF44","1","1970s",62,156
"BF49_1","BF49","1","1970s",66,156
"BF50_1","BF50","1","1970s",55,156
"BF58_1","BF58","1","1970s",43,156
"BF59_1","BF59","1","1970s",61,156
"BF60_1","BF60","1","1970s",59,156
"BF61_1","BF61","1","1970s",45,156
"BF62_1","BF62","1","1970s",57,156
"BF68_1","BF68","1","1970s",57,156
"BF69_1","BF69","1","1970s",57,156
"BF72_1","BF72","1","1970s",53,156
"BF77_1","BF77","1","1970s",51,156
"BF78_1","BF78","1","1970s",53,156
"BF79_1","BF79","1","1970s",53,156
"BF80_1","BF80","1","1970s",52,156
"BF81_1","BF81","1","1970s",55,156
"BF82_1","BF82","1","1970s",64,156
"BF83_1","BF83","1","1970s",60,156
"BF88_1","BF88","1","1970s",53,156
"BF89_1","BF89","1","1970s",53,156
"BF94_1","BF94","1","1970s",50,156
"BF97_1","BF97","1","1970s",47,156
"BG27_1","BG27","1","1970s",64,156
"BG28_1","BG28","1","1970s",59,156
"BG29_1","BG29","1","1970s",87,156
"BG30_1","BG30","1","1970s",37,156
"BG31_1","BG31","1","1970s",85,156
"BG32_1","BG32","1","1970s",92,156
"BG33_1","BG33","1","1970s",17,156
"BG39_1","BG39","1","1970s",54,156
"BG41_1","BG41","1","1970s",61,156
"BG42_1","BG42","1","1970s",72,156
"BG43_1","BG43","1","1970s",39,156
"BG45_1","BG45","1","1970s",35,156
"BG49_1","BG49","1","1970s",66,156
"BG50_1","BG50","1","1970s",47,156
"BG54_1","BG54","1","1970s",41,156
"BG55_1","BG55","1","1970s",73,156
"BG60_1","BG60","1","1970s",63,156
"BG61_1","BG61","1","1970s",60,156
"BG62_1","BG62","1","1970s",68,156
"BG63_1","BG63","1","1970s",73,156
"BG64_1","BG64","1","1970s",60,156
"BG65_1","BG65","1","1970s",60,156
"BG66_1","BG66","1","1970s",65,156
"BG70_1","BG70","1","1970s",50,156
"BG71_1","BG71","1","1970s",52,156
"BG72_1","BG72","1","1970s",59,156
"BG73_1","BG73","1","1970s",65,156
"BG74_1","BG74","1","1970s",55,156
"BG75_1","BG75","1","1970s",54,156
"BG76_1","BG76","1","1970s",80,156
"BG79_1","BG79","1","1970s",47,156
"BG80_1","BG80","1","1970s",59,156
"BG81_1","BG81","1","1970s",51,156
"BG82_1","BG82","1","1970s",50,156
"BG83_1","BG83","1","1970s",65,156
"BG84_1","BG84","1","1970s",56,156
"BG85_1","BG85","1","1970s",74,156
"BG86_1","BG86","1","1970s",52,156
"BG90_1","BG90","1","1970s",61,156
"BG91_1","BG91","1","1970s",52,156
"BG92_1","BG92","1","1970s",57,156
"BG93_1","BG93","1","1970s",65,156
"BH57_1","BH57","1","1970s",67,156
"BH58_1","BH58","1","1970s",57,156
"BH59_1","BH59","1","1970s",55,156
"BH66_1","BH66","1","1970s",57,156
"BH67_1","BH67","1","1970s",66,156
"BH68_1","BH68","1","1970s",55,156
"BH69_1","BH69","1","1970s",61,156
"BH76_1","BH76","1","1970s",75,156
"BH77_1","BH77","1","1970s",86,156
"BH78_1","BH78","1","1970s",63,156
"BH79_1","BH79","1","1970s",63,156
"BH86_1","BH86","1","1970s",47,156
"BH87_1","BH87","1","1970s",82,156
"BH88_1","BH88","1","1970s",60,156
"BH89_1","BH89","1","1970s",59,156
"BH96_1","BH96","1","1970s",51,156
"BH97_1","BH97","1","1970s",62,156
"BH99_1","BH99","1","1970s",91,156
"CC04_1","CC04","1","1970s",67,156
"CC05_1","CC05","1","1970s",48,156
"CC06_1","CC06","1","1970s",61,156
"CC14_1","CC14","1","1970s",38,156
"CC16_1","CC16","1","1970s",50,156
"CC23_1","CC23","1","1970s",57,156
"CC24_1","CC24","1","1970s",55,156
"CC25_1","CC25","1","1970s",45,156
"CC31_1","CC31","1","1970s",54,156
"CC35_1","CC35","1","1970s",43,156
"CC36_1","CC36","1","1970s",59,156
"CC41_1","CC41","1","1970s",52,156
"CC46_1","CC46","1","1970s",72,156
"CC50_1","CC50","1","1970s",55,156
"CC53_1","CC53","1","1970s",71,156
"CC54_1","CC54","1","1970s",62,156
"CC56_1","CC56","1","1970s",73,156
"CC57_1","CC57","1","1970s",50,156
"CC60_1","CC60","1","1970s",55,156
"CC61_1","CC61","1","1970s",75,156
"CC62_1","CC62","1","1970s",65,156
"CC64_1","CC64","1","1970s",57,156
"CC65_1","CC65","1","1970s",48,156
"CC68_1","CC68","1","1970s",43,156
"CC70_1","CC70","1","1970s",71,156
"CC72_1","CC72","1","1970s",65,156
"CC75_1","CC75","1","1970s",96,156
"CC77_1","CC77","1","1970s",61,156
"CC80_1","CC80","1","1970s",83,156
"CC83_1","CC83","1","1970s",59,156
"CC84_1","CC84","1","1970s",41,156
"CC85_1","CC85","1","1970s",84,156
"CC86_1","CC86","1","1970s",50,156
"CC88_1","CC88","1","1970s",46,156
"CC92_1","CC92","1","1970s",58,156
"CC93_1","CC93","1","1970s",62,156
"CC94_1","CC94","1","1970s",62,156
"CC95_1","CC95","1","1970s",30,156
"CC96_1","CC96","1","1970s",60,156
"CC97_1","CC97","1","1970s",79,156
"CC98_1","CC98","1","1970s",55,156
"CD03_1","CD03","1","1970s",72,156
"CD04_1","CD04","1","1970s",60,156
"CD08_1","CD08","1","1970s",60,156
"CD09_1","CD09","1","1970s",55,156
"CD11_1","CD11","1","1970s",61,156
"CD12_1","CD12","1","1970s",46,156
"CD15_1","CD15","1","1970s",47,156
"CD17_1","CD17","1","1970s",46,156
"CD18_1","CD18","1","1970s",43,156
"CD20_1","CD20","1","1970s",64,156
"CD21_1","CD21","1","1970s",54,156
"CD22_1","CD22","1","1970s",57,156
"CD31_1","CD31","1","1970s",46,156
"CD32_1","CD32","1","1970s",45,156
"CD33_1","CD33","1","1970s",74,156
"CD36_1","CD36","1","1970s",42,156
"CD40_1","CD40","1","1970s",68,156
"CD42_1","CD42","1","1970s",59,156
"CD43_1","CD43","1","1970s",59,156
"CD47_1","CD47","1","1970s",60,156
"CD50_1","CD50","1","1970s",52,156
"CD51_1","CD51","1","1970s",54,156
"CD54_1","CD54","1","1970s",60,156
"CD57_1","CD57","1","1970s",47,156
"CD59_1","CD59","1","1970s",43,156
"CD60_1","CD60","1","1970s",65,156
"CD62_1","CD62","1","1970s",69,156
"CD63_1","CD63","1","1970s",55,156
"CD64_1","CD64","1","1970s",50,156
"CD67_1","CD67","1","1970s",57,156
"CD69_1","CD69","1","1970s",52,156
"CD70_1","CD70","1","1970s",52,156
"CD71_1","CD71","1","1970s",61,156
"CD73_1","CD73","1","1970s",72,156
"CD74_1","CD74","1","1970s",70,156
"CD75_1","CD75","1","1970s",56,156
"CD79_1","CD79","1","1970s",66,156
"CD80_1","CD80","1","1970s",52,156
"CD82_1","CD82","1","1970s",56,156
"CD83_1","CD83","1","1970s",68,156
"CD84_1","CD84","1","1970s",74,156
"CD85_1","CD85","1","1970s",60,156
"CD89_1","CD89","1","1970s",62,156
"CD90_1","CD90","1","1970s",62,156
"CD92_1","CD92","1","1970s",63,156
"CD95_1","CD95","1","1970s",70,156
"CD98_1","CD98","1","1970s",56,156
"CE00_1","CE00","1","1970s",67,156
"CE02_1","CE02","1","1970s",57,156
"CE03_1","CE03","1","1970s",43,156
"CE09_1","CE09","1","1970s",50,156
"CE10_1","CE10","1","1970s",60,156
"CE11_1","CE11","1","1970s",41,156
"CE15_1","CE15","1","1970s",41,156
"CE17_1","CE17","1","1970s",67,156
"CE18_1","CE18","1","1970s",63,156
"CE19_1","CE19","1","1970s",55,156
"CE20_1","CE20","1","1970s",51,156
"CE22_1","CE22","1","1970s",59,156
"CE25_1","CE25","1","1970s",44,156
"CE27_1","CE27","1","1970s",47,156
"CE28_1","CE28","1","1970s",52,156
"CE29_1","CE29","1","1970s",44,156
"CE30_1","CE30","1","1970s",74,156
"CE31_1","CE31","1","1970s",71,156
"CE34_1","CE34","1","1970s",39,156
"CE35_1","CE35","1","1970s",55,156
"CE37_1","CE37","1","1970s",40,156
"CE38_1","CE38","1","1970s",61,156
"CE42_1","CE42","1","1970s",47,156
"CE44_1","CE44","1","1970s",58,156
"CE45_1","CE45","1","1970s",51,156
"CE46_1","CE46","1","1970s",38,156
"CE47_1","CE47","1","1970s",55,156
"CE48_1","CE48","1","1970s",41,156
"CE49_1","CE49","1","1970s",73,156
"CE51_1","CE51","1","1970s",85,156
"CE52_1","CE52","1","1970s",66,156
"CE60_1","CE60","1","1970s",81,156
"CE61_1","CE61","1","1970s",60,156
"CE62_1","CE62","1","1970s",64,156
"CE64_1","CE64","1","1970s",72,156
"CE66_1","CE66","1","1970s",50,156
"CE67_1","CE67","1","1970s",57,156
"CE68_1","CE68","1","1970s",57,156
"CE69_1","CE69","1","1970s",48,156
"CE70_1","CE70","1","1970s",58,156
"CE71_1","CE71","1","1970s",57,156
"CE72_1","CE72","1","1970s",83,156
"CE74_1","CE74","1","1970s",54,156
"CE75_1","CE75","1","1970s",55,156
"CE76_1","CE76","1","1970s",48,156
"CE77_1","CE77","1","1970s",56,156
"CE78_1","CE78","1","1970s",65,156
"CE79_1","CE79","1","1970s",60,156
"CE80_1","CE80","1","1970s",68,156
"CE81_1","CE81","1","1970s",75,156
"CE82_1","CE82","1","1970s",74,156
"CE84_1","CE84","1","1970s",53,156
"CE85_1","CE85","1","1970s",51,156
"CE86_1","CE86","1","1970s",56,156
"CE87_1","CE87","1","1970s",55,156
"CE88_1","CE88","1","1970s",70,156
"CE89_1","CE89","1","1970s",45,156
"CE90_1","CE90","1","1970s",69,156
"CE91_1","CE91","1","1970s",76,156
"CE92_1","CE92","1","1970s",71,156
"CE97_1","CE97","1","1970s",54,156
"CE99_1","CE99","1","1970s",51,156
"CF00_1","CF00","1","1970s",69,156
"CF03_1","CF03","1","1970s",57,156
"CF04_1","CF04","1","1970s",57,156
"CF07_1","CF07","1","1970s",49,156
"CF10_1","CF10","1","1970s",70,156
"CF13_1","CF13","1","1970s",74,156
"CF14_1","CF14","1","1970s",56,156
"CF15_1","CF15","1","1970s",57,156
"CF16_1","CF16","1","1970s",47,156
"CF17_1","CF17","1","1970s",41,156
"CF18_1","CF18","1","1970s",48,156
"CF19_1","CF19","1","1970s",62,156
"CF23_1","CF23","1","1970s",56,156
"CF28_1","CF28","1","1970s",42,156
"CF29_1","CF29","1","1970s",62,156
"CF30_1","CF30","1","1970s",58,156
"CF32_1","CF32","1","1970s",62,156
"CF33_1","CF33","1","1970s",73,156
"CF34_1","CF34","1","1970s",74,156
"CF35_1","CF35","1","1970s",68,156
"CF38_1","CF38","1","1970s",56,156
"CF39_1","CF39","1","1970s",53,156
"CF40_1","CF40","1","1970s",66,156
"CF41_1","CF41","1","1970s",60,156
"CF42_1","CF42","1","1970s",38,156
"CF43_1","CF43","1","1970s",54,156
"CF44_1","CF44","1","1970s",63,156
"CF45_1","CF45","1","1970s",62,156
"CF49_1","CF49","1","1970s",71,156
"CF50_1","CF50","1","1970s",72,156
"CF51_1","CF51","1","1970s",75,156
"CF52_1","CF52","1","1970s",56,156
"CF54_1","CF54","1","1970s",66,156
"CF55_1","CF55","1","1970s",62,156
"CF58_1","CF58","1","1970s",52,156
"CF59_1","CF59","1","1970s",65,156
"CF60_1","CF60","1","1970s",74,156
"CF61_1","CF61","1","1970s",61,156
"CF62_1","CF62","1","1970s",51,156
"CF64_1","CF64","1","1970s",67,156
"CF65_1","CF65","1","1970s",61,156
"CF69_1","CF69","1","1970s",65,156
"CF70_1","CF70","1","1970s",67,156
"CF71_1","CF71","1","1970s",55,156
"CF73_1","CF73","1","1970s",50,156
"CF75_1","CF75","1","1970s",52,156
"CF76_1","CF76","1","1970s",52,156
"CF78_1","CF78","1","1970s",79,156
"CF79_1","CF79","1","1970s",58,156
"CF82_1","CF82","1","1970s",76,156
"CF84_1","CF84","1","1970s",67,156
"CF85_1","CF85","1","1970s",62,156
"CF86_1","CF86","1","1970s",63,156
"CF87_1","CF87","1","1970s",65,156
"CF88_1","CF88","1","1970s",55,156
"CF89_1","CF89","1","1970s",68,156
"CF90_1","CF90","1","1970s",56,156
"CF91_1","CF91","1","1970s",52,156
"CF92_1","CF92","1","1970s",67,156
"CF94_1","CF94","1","1970s",55,156
"CF95_1","CF95","1","1970s",70,156
"CF96_1","CF96","1","1970s",65,156
"CF97_1","CF97","1","1970s",66,156
"CF98_1","CF98","1","1970s",65,156
"CF99_1","CF99","1","1970s",69,156
"CG02_1","CG02","1","1970s",59,156
"CG05_1","CG05","1","1970s",61,156
"CG06_1","CG06","1","1970s",60,156
"CG07_1","CG07","1","1970s",67,156
"CG08_1","CG08","1","1970s",66,156
"CG09_1","CG09","1","1970s",72,156
"CG13_1","CG13","1","1970s",55,156
"CG15_1","CG15","1","1970s",58,156
"CG18_1","CG18","1","1970s",71,156
"CG19_1","CG19","1","1970s",60,156
"CG22_1","CG22","1","1970s",61,156
"CG23_1","CG23","1","1970s",53,156
"CG25_1","CG25","1","1970s",53,156
"CG27_1","CG27","1","1970s",75,156
"CG28_1","CG28","1","1970s",65,156
"CG29_1","CG29","1","1970s",60,156
"CG33_1","CG33","1","1970s",45,156
"CG37_1","CG37","1","1970s",53,156
"CG38_1","CG38","1","1970s",63,156
"CG39_1","CG39","1","1970s",68,156
"CG40_1","CG40","1","1970s",71,156
"CG41_1","CG41","1","1970s",58,156
"CG42_1","CG42","1","1970s",59,156
"CG44_1","CG44","1","1970s",65,156
"CG45_1","CG45","1","1970s",52,156
"CG46_1","CG46","1","1970s",68,156
"CG47_1","CG47","1","1970s",65,156
"CG48_1","CG48","1","1970s",82,156
"CG49_1","CG49","1","1970s",64,156
"CG50_1","CG50","1","1970s",58,156
"CG51_1","CG51","1","1970s",79,156
"CG53_1","CG53","1","1970s",65,156
"CG54_1","CG54","1","1970s",52,156
"CG56_1","CG56","1","1970s",50,156
"CG57_1","CG57","1","1970s",53,156
"CG58_1","CG58","1","1970s",86,156
"CG59_1","CG59","1","1970s",76,156
"CG60_1","CG60","1","1970s",51,156
"CG61_1","CG61","1","1970s",67,156
"CG62_1","CG62","1","1970s",53,156
"CG64_1","CG64","1","1970s",51,156
"CG65_1","CG65","1","1970s",62,156
"CG66_1","CG66","1","1970s",54,156
"CG67_1","CG67","1","1970s",67,156
"CG68_1","CG68","1","1970s",69,156
"CG69_1","CG69","1","1970s",81,156
"CG73_1","CG73","1","1970s",57,156
"CG75_1","CG75","1","1970s",54,156
"CG77_1","CG77","1","1970s",80,156
"CG78_1","CG78","1","1970s",54,156
"CG79_1","CG79","1","1970s",72,156
"CG80_1","CG80","1","1970s",50,156
"CG83_1","CG83","1","1970s",60,156
"CG84_1","CG84","1","1970s",44,156
"CG85_1","CG85","1","1970s",35,156
"CG89_1","CG89","1","1970s",75,156
"CG90_1","CG90","1","1970s",38,156
"CG99_1","CG99","1","1970s",56,156
"CH06_1","CH06","1","1970s",53,156
"CH16_1","CH16","1","1970s",72,156
"CH18_1","CH18","1","1970s",54,156
"CH26_1","CH26","1","1970s",72,156
"CH27_1","CH27","1","1970s",79,156
"CH28_1","CH28","1","1970s",55,156
"CH34_1","CH34","1","1970s",60,156
"CH35_1","CH35","1","1970s",60,156
"CH36_1","CH36","1","1970s",68,156
"CH37_1","CH37","1","1970s",76,156
"CH45_1","CH45","1","1970s",57,156
"CH46_1","CH46","1","1970s",76,156
"CH47_1","CH47","1","1970s",45,156
"CH48_1","CH48","1","1970s",71,156
"CH55_1","CH55","1","1970s",87,156
"CH56_1","CH56","1","1970s",87,156
"CH57_1","CH57","1","1970s",68,156
"CH58_1","CH58","1","1970s",72,156
"CH59_1","CH59","1","1970s",63,156
"CH65_1","CH65","1","1970s",44,156
"CH66_1","CH66","1","1970s",71,156
"CH67_1","CH67","1","1970s",70,156
"CH68_1","CH68","1","1970s",55,156
"CH76_1","CH76","1","1970s",49,156
"CH77_1","CH77","1","1970s",102,156
"CH78_1","CH78","1","1970s",54,156
"CH86_1","CH86","1","1970s",72,156
"CH87_1","CH87","1","1970s",49,156
"CH88_1","CH88","1","1970s",62,156
"CH95_1","CH95","1","1970s",77,156
"CH96_1","CH96","1","1970s",81,156
"CH97_1","CH97","1","1970s",75,156
"CH98_1","CH98","1","1970s",55,156
"CH99_1","CH99","1","1970s",46,156
"DB11_1","DB11","1","1970s",57,156
"DB14_1","DB14","1","1970s",37,156
"DB16_1","DB16","1","1970s",53,156
"DB24_1","DB24","1","1970s",51,156
"DB25_1","DB25","1","1970s",49,156
"DB26_1","DB26","1","1970s",48,156
"DB32_1","DB32","1","1970s",43,156
"DB33_1","DB33","1","1970s",52,156
"DB34_1","DB34","1","1970s",63,156
"DB35_1","DB35","1","1970s",48,156
"DB40_1","DB40","1","1970s",64,156
"DB43_1","DB43","1","1970s",49,156
"DB44_1","DB44","1","1970s",59,156
"DB45_1","DB45","1","1970s",47,156
"DB53_1","DB53","1","1970s",43,156
"DB54_1","DB54","1","1970s",53,156
"DB55_1","DB55","1","1970s",60,156
"DB60_1","DB60","1","1970s",48,156
"DB62_1","DB62","1","1970s",44,156
"DB64_1","DB64","1","1970s",53,156
"DB65_1","DB65","1","1970s",46,156
"DB68_1","DB68","1","1970s",27,156
"DB70_1","DB70","1","1970s",41,156
"DB72_1","DB72","1","1970s",55,156
"DB74_1","DB74","1","1970s",46,156
"DB75_1","DB75","1","1970s",46,156
"DB78_1","DB78","1","1970s",50,156
"DB79_1","DB79","1","1970s",35,156
"DB80_1","DB80","1","1970s",29,156
"DB81_1","DB81","1","1970s",38,156
"DB82_1","DB82","1","1970s",54,156
"DB83_1","DB83","1","1970s",64,156
"DB89_1","DB89","1","1970s",60,156
"DC00_1","DC00","1","1970s",74,156
"DC01_1","DC01","1","1970s",52,156
"DC02_1","DC02","1","1970s",51,156
"DC04_1","DC04","1","1970s",67,156
"DC07_1","DC07","1","1970s",91,156
"DC08_1","DC08","1","1970s",88,156
"DC09_1","DC09","1","1970s",46,156
"DC10_1","DC10","1","1970s",53,156
"DC11_1","DC11","1","1970s",72,156
"DC15_1","DC15","1","1970s",55,156
"DC18_1","DC18","1","1970s",53,156
"DC19_1","DC19","1","1970s",55,156
"DC23_1","DC23","1","1970s",76,156
"DC25_1","DC25","1","1970s",49,156
"DC26_1","DC26","1","1970s",74,156
"DC27_1","DC27","1","1970s",54,156
"DC28_1","DC28","1","1970s",66,156
"DC32_1","DC32","1","1970s",57,156
"DC33_1","DC33","1","1970s",63,156
"DC40_1","DC40","1","1970s",73,156
"DC41_1","DC41","1","1970s",58,156
"DC42_1","DC42","1","1970s",66,156
"DC53_1","DC53","1","1970s",58,156
"DC57_1","DC57","1","1970s",49,156
"DC69_1","DC69","1","1970s",46,156
"DC89_1","DC89","1","1970s",42,156
"DD00_1","DD00","1","1970s",44,156
"DD01_1","DD01","1","1970s",68,156
"DD03_1","DD03","1","1970s",49,156
"DD05_1","DD05","1","1970s",66,156
"DD08_1","DD08","1","1970s",60,156
"DD09_1","DD09","1","1970s",80,156
"DD10_1","DD10","1","1970s",54,156
"DD11_1","DD11","1","1970s",78,156
"DD12_1","DD12","1","1970s",69,156
"DD13_1","DD13","1","1970s",42,156
"DD16_1","DD16","1","1970s",66,156
"DD17_1","DD17","1","1970s",65,156
"DD18_1","DD18","1","1970s",69,156
"DD19_1","DD19","1","1970s",63,156
"DD20_1","DD20","1","1970s",52,156
"DD21_1","DD21","1","1970s",53,156
"DD26_1","DD26","1","1970s",70,156
"DD28_1","DD28","1","1970s",53,156
"DD29_1","DD29","1","1970s",67,156
"DD30_1","DD30","1","1970s",63,156
"DD37_1","DD37","1","1970s",57,156
"DD43_1","DD43","1","1970s",55,156
"DD47_1","DD47","1","1970s",56,156
"DD51_1","DD51","1","1970s",67,156
"DD52_1","DD52","1","1970s",47,156
"DD53_1","DD53","1","1970s",58,156
"DD57_1","DD57","1","1970s",61,156
"DD61_1","DD61","1","1970s",56,156
"DD62_1","DD62","1","1970s",55,156
"DD63_1","DD63","1","1970s",52,156
"DD64_1","DD64","1","1970s",55,156
"DD70_1","DD70","1","1970s",63,156
"DD72_1","DD72","1","1970s",48,156
"DD80_1","DD80","1","1970s",63,156
"DD90_1","DD90","1","1970s",40,156
"DD91_1","DD91","1","1970s",59,156
"DE00_1","DE00","1","1970s",64,156
"DE01_1","DE01","1","1970s",79,156
"DE03_1","DE03","1","1970s",57,156
"DE05_1","DE05","1","1970s",42,156
"DE07_1","DE07","1","1970s",69,156
"DE10_1","DE10","1","1970s",60,156
"DE11_1","DE11","1","1970s",59,156
"DE15_1","DE15","1","1970s",55,156
"DE16_1","DE16","1","1970s",53,156
"DE18_1","DE18","1","1970s",64,156
"DE20_1","DE20","1","1970s",65,156
"DE21_1","DE21","1","1970s",55,156
"DE23_1","DE23","1","1970s",63,156
"DE24_1","DE24","1","1970s",83,156
"DE25_1","DE25","1","1970s",64,156
"DE30_1","DE30","1","1970s",78,156
"DE31_1","DE31","1","1970s",53,156
"DE34_1","DE34","1","1970s",87,156
"DE35_1","DE35","1","1970s",41,156
"DE36_1","DE36","1","1970s",59,156
"DE37_1","DE37","1","1970s",69,156
"DE38_1","DE38","1","1970s",60,156
"DE40_1","DE40","1","1970s",80,156
"DE43_1","DE43","1","1970s",54,156
"DE44_1","DE44","1","1970s",86,156
"DE50_1","DE50","1","1970s",54,156
"DE51_1","DE51","1","1970s",83,156
"DE52_1","DE52","1","1970s",69,156
"DE53_1","DE53","1","1970s",69,156
"DE55_1","DE55","1","1970s",45,156
"DE66_1","DE66","1","1970s",67,156
"DE67_1","DE67","1","1970s",63,156
"DE68_1","DE68","1","1970s",61,156
"DE78_1","DE78","1","1970s",54,156
"DE79_1","DE79","1","1970s",75,156
"DE84_1","DE84","1","1970s",62,156
"DE86_1","DE86","1","1970s",43,156
"DE87_1","DE87","1","1970s",84,156
"DE90_1","DE90","1","1970s",44,156
"DE94_1","DE94","1","1970s",47,156
"DE96_1","DE96","1","1970s",64,156
"DE97_1","DE97","1","1970s",75,156
"DE98_1","DE98","1","1970s",61,156
"DE99_1","DE99","1","1970s",48,156
"DF00_1","DF00","1","1970s",57,156
"DF01_1","DF01","1","1970s",49,156
"DF05_1","DF05","1","1970s",45,156
"DF07_1","DF07","1","1970s",71,156
"DF08_1","DF08","1","1970s",37,156
"DF10_1","DF10","1","1970s",48,156
"DF14_1","DF14","1","1970s",71,156
"DF15_1","DF15","1","1970s",65,156
"DF16_1","DF16","1","1970s",67,156
"DF17_1","DF17","1","1970s",65,156
"DF18_1","DF18","1","1970s",76,156
"DF19_1","DF19","1","1970s",56,156
"DF20_1","DF20","1","1970s",58,156
"DF24_1","DF24","1","1970s",52,156
"DF25_1","DF25","1","1970s",79,156
"DF26_1","DF26","1","1970s",46,156
"DF28_1","DF28","1","1970s",76,156
"DF29_1","DF29","1","1970s",54,156
"DF30_1","DF30","1","1970s",60,156
"DF31_1","DF31","1","1970s",64,156
"DF37_1","DF37","1","1970s",79,156
"DF38_1","DF38","1","1970s",93,156
"DF39_1","DF39","1","1970s",71,156
"DF40_1","DF40","1","1970s",62,156
"DF41_1","DF41","1","1970s",55,156
"DF48_1","DF48","1","1970s",60,156
"DF49_1","DF49","1","1970s",46,156
"DF51_1","DF51","1","1970s",54,156
"DF59_1","DF59","1","1970s",74,156
"DF61_1","DF61","1","1970s",62,156
"DF62_1","DF62","1","1970s",62,156
"DF71_1","DF71","1","1970s",52,156
"DF80_1","DF80","1","1970s",63,156
"DF81_1","DF81","1","1970s",63,156
"DF96_1","DF96","1","1970s",64,156
"DF97_1","DF97","1","1970s",40,156
"DG00_1","DG00","1","1970s",45,156
"DG07_1","DG07","1","1970s",74,156
"DG08_1","DG08","1","1970s",49,156
"DG09_1","DG09","1","1970s",68,156
"DG14_1","DG14","1","1970s",60,156
"DG15_1","DG15","1","1970s",51,156
"DG16_1","DG16","1","1970s",55,156
"DG17_1","DG17","1","1970s",40,156
"DG22_1","DG22","1","1970s",50,156
"DG23_1","DG23","1","1970s",58,156
"DG24_1","DG24","1","1970s",52,156
"DG25_1","DG25","1","1970s",52,156
"DG27_1","DG27","1","1970s",51,156
"DG28_1","DG28","1","1970s",63,156
"DG29_1","DG29","1","1970s",60,156
"DG33_1","DG33","1","1970s",58,156
"DG34_1","DG34","1","1970s",46,156
"DG35_1","DG35","1","1970s",65,156
"DG38_1","DG38","1","1970s",52,156
"DG41_1","DG41","1","1970s",44,156
"DG42_1","DG42","1","1970s",73,156
"DG43_1","DG43","1","1970s",49,156
"DG44_1","DG44","1","1970s",54,156
"DG46_1","DG46","1","1970s",61,156
"DG47_1","DG47","1","1970s",52,156
"DG48_1","DG48","1","1970s",57,156
"DG49_1","DG49","1","1970s",53,156
"DG51_1","DG51","1","1970s",81,156
"DG52_1","DG52","1","1970s",73,156
"DG53_1","DG53","1","1970s",56,156
"DG56_1","DG56","1","1970s",55,156
"DG57_1","DG57","1","1970s",76,156
"DG58_1","DG58","1","1970s",72,156
"DG59_1","DG59","1","1970s",60,156
"DG61_1","DG61","1","1970s",87,156
"DG62_1","DG62","1","1970s",89,156
"DG63_1","DG63","1","1970s",55,156
"DG64_1","DG64","1","1970s",70,156
"DG67_1","DG67","1","1970s",62,156
"DG69_1","DG69","1","1970s",62,156
"DG71_1","DG71","1","1970s",68,156
"DG72_1","DG72","1","1970s",71,156
"DG73_1","DG73","1","1970s",65,156
"DG74_1","DG74","1","1970s",48,156
"DG75_1","DG75","1","1970s",74,156
"DG76_1","DG76","1","1970s",48,156
"DG77_1","DG77","1","1970s",54,156
"DG78_1","DG78","1","1970s",68,156
"DG79_1","DG79","1","1970s",51,156
"DG81_1","DG81","1","1970s",48,156
"DG83_1","DG83","1","1970s",49,156
"DG85_1","DG85","1","1970s",55,156
"DG86_1","DG86","1","1970s",57,156
"DG87_1","DG87","1","1970s",54,156
"DG88_1","DG88","1","1970s",71,156
"DG89_1","DG89","1","1970s",67,156
"DG90_1","DG90","1","1970s",56,156
"DG91_1","DG91","1","1970s",55,156
"DG92_1","DG92","1","1970s",55,156
"DG94_1","DG94","1","1970s",73,156
"DG95_1","DG95","1","1970s",66,156
"DG96_1","DG96","1","1970s",59,156
"DG97_1","DG97","1","1970s",72,156
"DG98_1","DG98","1","1970s",62,156
"DG99_1","DG99","1","1970s",43,156
"DH06_1","DH06","1","1970s",76,156
"DH07_1","DH07","1","1970s",73,156
"DH08_1","DH08","1","1970s",39,156
"DH16_1","DH16","1","1970s",86,156
"DH17_1","DH17","1","1970s",83,156
"DH18_1","DH18","1","1970s",60,156
"DH19_1","DH19","1","1970s",64,156
"DH26_1","DH26","1","1970s",53,156
"DH27_1","DH27","1","1970s",69,156
"DH28_1","DH28","1","1970s",61,156
"DH36_1","DH36","1","1970s",67,156
"DH37_1","DH37","1","1970s",45,156
"DH67_1","DH67","1","1970s",41,156
"DH75_1","DH75","1","1970s",38,156
"DH76_1","DH76","1","1970s",59,156
"DH85_1","DH85","1","1970s",44,156
"DH86_1","DH86","1","1970s",66,156
"DH98_1","DH98","1","1970s",61,156
"DH99_1","DH99","1","1970s",65,156
"EB03_1","EB03","1","1970s",65,156
"EB04_1","EB04","1","1970s",50,156
"EB06_1","EB06","1","1970s",29,156
"EB07_1","EB07","1","1970s",62,156
"EB08_1","EB08","1","1970s",48,156
"EB10_1","EB10","1","1970s",48,156
"ED00_1","ED00","1","1970s",71,156
"ED01_1","ED01","1","1970s",92,156
"ED13_1","ED13","1","1970s",58,156
"ED23_1","ED23","1","1970s",64,156
"ED30_1","ED30","1","1970s",55,156
"EE05_1","EE05","1","1970s",55,156
"EE07_1","EE07","1","1970s",57,156
"EE08_1","EE08","1","1970s",59,156
"EE09_1","EE09","1","1970s",50,156
"EE15_1","EE15","1","1970s",37,156
"EE16_1","EE16","1","1970s",67,156
"EE17_1","EE17","1","1970s",69,156
"EE19_1","EE19","1","1970s",56,156
"EE27_1","EE27","1","1970s",63,156
"EE39_1","EE39","1","1970s",55,156
"EF00_1","EF00","1","1970s",43,156
"EF01_1","EF01","1","1970s",73,156
"EF02_1","EF02","1","1970s",71,156
"EF06_1","EF06","1","1970s",56,156
"EF07_1","EF07","1","1970s",53,156
"EF08_1","EF08","1","1970s",47,156
"EF09_1","EF09","1","1970s",58,156
"EF10_1","EF10","1","1970s",52,156
"EF11_1","EF11","1","1970s",70,156
"EF45_1","EF45","1","1970s",43,156
"EF54_1","EF54","1","1970s",52,156
"EF55_1","EF55","1","1970s",53,156
"EF63_1","EF63","1","1970s",43,156
"EF64_1","EF64","1","1970s",56,156
"EF69_1","EF69","1","1970s",41,156
"EF70_1","EF70","1","1970s",55,156
"EF71_1","EF71","1","1970s",72,156
"EF74_1","EF74","1","1970s",71,156
"EF75_1","EF75","1","1970s",83,156
"EF81_1","EF81","1","1970s",70,156
"EF82_1","EF82","1","1970s",56,156
"EF83_1","EF83","1","1970s",61,156
"EF84_1","EF84","1","1970s",71,156
"EF85_1","EF85","1","1970s",45,156
"EF90_1","EF90","1","1970s",58,156
"EF91_1","EF91","1","1970s",70,156
"EF92_1","EF92","1","1970s",75,156
"EF93_1","EF93","1","1970s",80,156
"EF94_1","EF94","1","1970s",63,156
"EF95_1","EF95","1","1970s",63,156
"EG00_1","EG00","1","1970s",62,156
"EG01_1","EG01","1","1970s",50,156
"EG02_1","EG02","1","1970s",52,156
"EG04_1","EG04","1","1970s",88,156
"EG05_1","EG05","1","1970s",59,156
"EG06_1","EG06","1","1970s",57,156
"EG07_1","EG07","1","1970s",59,156
"EG08_1","EG08","1","1970s",58,156
"EG09_1","EG09","1","1970s",51,156
"EG10_1","EG10","1","1970s",52,156
"EG11_1","EG11","1","1970s",67,156
"EG13_1","EG13","1","1970s",75,156
"EG14_1","EG14","1","1970s",47,156
"EG15_1","EG15","1","1970s",54,156
"EG16_1","EG16","1","1970s",48,156
"EG17_1","EG17","1","1970s",68,156
"EG18_1","EG18","1","1970s",65,156
"EG19_1","EG19","1","1970s",45,156
"EG21_1","EG21","1","1970s",60,156
"EG22_1","EG22","1","1970s",66,156
"EG23_1","EG23","1","1970s",67,156
"EG24_1","EG24","1","1970s",64,156
"EG25_1","EG25","1","1970s",90,156
"EG26_1","EG26","1","1970s",88,156
"EG27_1","EG27","1","1970s",68,156
"EG30_1","EG30","1","1970s",38,156
"EG40_1","EG40","1","1970s",44,156
"EG41_1","EG41","1","1970s",65,156
"EG42_1","EG42","1","1970s",59,156
"EG76_1","EG76","1","1970s",76,156
"EG77_1","EG77","1","1970s",82,156
"EG84_1","EG84","1","1970s",76,156
"EG85_1","EG85","1","1970s",53,156
"EG86_1","EG86","1","1970s",55,156
"EG87_1","EG87","1","1970s",66,156
"EG88_1","EG88","1","1970s",66,156
"EG89_1","EG89","1","1970s",48,156
"EG94_1","EG94","1","1970s",90,156
"EG95_1","EG95","1","1970s",51,156
"EG96_1","EG96","1","1970s",47,156
"EG97_1","EG97","1","1970s",56,156
"EG99_1","EG99","1","1970s",52,156
"EH08_1","EH08","1","1970s",79,156
"EH09_1","EH09","1","1970s",62,156
"EH13_1","EH13","1","1970s",60,156
"EH14_1","EH14","1","1970s",69,156
"EH15_1","EH15","1","1970s",62,156
"EH16_1","EH16","1","1970s",51,156
"EH17_1","EH17","1","1970s",46,156
"EH23_1","EH23","1","1970s",50,156
"EH24_1","EH24","1","1970s",66,156
"EH25_1","EH25","1","1970s",54,156
"EH26_1","EH26","1","1970s",61,156
"EH27_1","EH27","1","1970s",81,156
"EH37_1","EH37","1","1970s",37,156
"EH38_1","EH38","1","1970s",63,156
"EH39_1","EH39","1","1970s",51,156
"EH49_1","EH49","1","1970s",39,156
"EH54_1","EH54","1","1970s",34,156
"EH64_1","EH64","1","1970s",48,156
"EH73_1","EH73","1","1970s",47,156
"EH75_1","EH75","1","1970s",48,156
"EH88_1","EH88","1","1970s",47,156
"EH92_1","EH92","1","1970s",32,156
"EH96_1","EH96","1","1970s",71,156
"FE00_1","FE00","1","1970s",51,156
"FE10_1","FE10","1","1970s",82,156
"FE20_1","FE20","1","1970s",75,156
"FE30_1","FE30","1","1970s",101,156
"FE40_1","FE40","1","1970s",92,156
"FE60_1","FE60","1","1970s",69,156
"FE61_1","FE61","1","1970s",59,156
"FE71_1","FE71","1","1970s",61,156
"FE72_1","FE72","1","1970s",78,156
"FE80_1","FE80","1","1970s",77,156
"FE81_1","FE81","1","1970s",69,156
"FE82_1","FE82","1","1970s",87,156
"FE83_1","FE83","1","1970s",74,156
"FE90_1","FE90","1","1970s",47,156
"FE91_1","FE91","1","1970s",63,156
"FE92_1","FE92","1","1970s",52,156
"FE93_1","FE93","1","1970s",60,156
"FE94_1","FE94","1","1970s",62,156
"FF00_1","FF00","1","1970s",59,156
"FF01_1","FF01","1","1970s",57,156
"FF03_1","FF03","1","1970s",67,156
"FF08_1","FF08","1","1970s",55,156
"FF10_1","FF10","1","1970s",83,156
"FF11_1","FF11","1","1970s",60,156
"FF13_1","FF13","1","1970s",62,156
"FF14_1","FF14","1","1970s",61,156
"FF16_1","FF16","1","1970s",36,156
"FF18_1","FF18","1","1970s",73,156
"FF19_1","FF19","1","1970s",67,156
"FF20_1","FF20","1","1970s",55,156
"FF21_1","FF21","1","1970s",66,156
"FF22_1","FF22","1","1970s",66,156
"FF23_1","FF23","1","1970s",62,156
"FF24_1","FF24","1","1970s",58,156
"FF25_1","FF25","1","1970s",51,156
"FF26_1","FF26","1","1970s",60,156
"FF27_1","FF27","1","1970s",58,156
"FF28_1","FF28","1","1970s",53,156
"FF29_1","FF29","1","1970s",55,156
"FF30_1","FF30","1","1970s",60,156
"FF31_1","FF31","1","1970s",63,156
"FF33_1","FF33","1","1970s",62,156
"FF34_1","FF34","1","1970s",35,156
"FF36_1","FF36","1","1970s",53,156
"FF37_1","FF37","1","1970s",50,156
"FF40_1","FF40","1","1970s",71,156
"FF41_1","FF41","1","1970s",74,156
"FF42_1","FF42","1","1970s",67,156
"FF43_1","FF43","1","1970s",70,156
"FF44_1","FF44","1","1970s",65,156
"FF45_1","FF45","1","1970s",47,156
"FF46_1","FF46","1","1970s",53,156
"FF50_1","FF50","1","1970s",63,156
"FF51_1","FF51","1","1970s",62,156
"FF52_1","FF52","1","1970s",61,156
"FF53_1","FF53","1","1970s",53,156
"FF54_1","FF54","1","1970s",70,156
"FF55_1","FF55","1","1970s",53,156
"FF57_1","FF57","1","1970s",59,156
"FF60_1","FF60","1","1970s",85,156
"FF62_1","FF62","1","1970s",78,156
"FF63_1","FF63","1","1970s",70,156
"FF64_1","FF64","1","1970s",72,156
"FF65_1","FF65","1","1970s",45,156
"FF66_1","FF66","1","1970s",55,156
"FF67_1","FF67","1","1970s",48,156
"FF69_1","FF69","1","1970s",54,156
"FF70_1","FF70","1","1970s",92,156
"FF71_1","FF71","1","1970s",70,156
"FF72_1","FF72","1","1970s",56,156
"FF73_1","FF73","1","1970s",74,156
"FF74_1","FF74","1","1970s",66,156
"FF75_1","FF75","1","1970s",78,156
"FF76_1","FF76","1","1970s",79,156
"FF77_1","FF77","1","1970s",51,156
"FF78_1","FF78","1","1970s",68,156
"FF79_1","FF79","1","1970s",70,156
"FF80_1","FF80","1","1970s",72,156
"FF81_1","FF81","1","1970s",62,156
"FF82_1","FF82","1","1970s",60,156
"FF83_1","FF83","1","1970s",50,156
"FF84_1","FF84","1","1970s",57,156
"FF86_1","FF86","1","1970s",75,156
"FF87_1","FF87","1","1970s",62,156
"FF89_1","FF89","1","1970s",71,156
"FF90_1","FF90","1","1970s",61,156
"FF91_1","FF91","1","1970s",41,156
"FF92_1","FF92","1","1970s",37,156
"FF93_1","FF93","1","1970s",47,156
"FF94_1","FF94","1","1970s",41,156
"FF95_1","FF95","1","1970s",60,156
"FF96_1","FF96","1","1970s",68,156
"FF98_1","FF98","1","1970s",48,156
"FF99_1","FF99","1","1970s",47,156
"FG04_1","FG04","1","1970s",68,156
"FG05_1","FG05","1","1970s",59,156
"FG08_1","FG08","1","1970s",68,156
"FG09_1","FG09","1","1970s",57,156
"FG14_1","FG14","1","1970s",40,156
"FG15_1","FG15","1","1970s",48,156
"FG18_1","FG18","1","1970s",65,156
"FG19_1","FG19","1","1970s",56,156
"FG26_1","FG26","1","1970s",52,156
"FG27_1","FG27","1","1970s",68,156
"FG28_1","FG28","1","1970s",81,156
"FG29_1","FG29","1","1970s",77,156
"FG33_1","FG33","1","1970s",57,156
"FG34_1","FG34","1","1970s",65,156
"FG36_1","FG36","1","1970s",71,156
"FG37_1","FG37","1","1970s",79,156
"FG43_1","FG43","1","1970s",89,156
"FG44_1","FG44","1","1970s",74,156
"FG45_1","FG45","1","1970s",64,156
"FG46_1","FG46","1","1970s",78,156
"FG47_1","FG47","1","1970s",66,156
"FG48_1","FG48","1","1970s",48,156
"FG49_1","FG49","1","1970s",46,156
"FG53_1","FG53","1","1970s",63,156
"FG54_1","FG54","1","1970s",64,156
"FG55_1","FG55","1","1970s",72,156
"FG56_1","FG56","1","1970s",50,156
"FG59_1","FG59","1","1970s",55,156
"FG60_1","FG60","1","1970s",56,156
"FG65_1","FG65","1","1970s",67,156
"FG66_1","FG66","1","1970s",80,156
"FG68_1","FG68","1","1970s",50,156
"FG70_1","FG70","1","1970s",53,156
"FG73_1","FG73","1","1970s",48,156
"FG75_1","FG75","1","1970s",64,156
"FG76_1","FG76","1","1970s",72,156
"FG77_1","FG77","1","1970s",60,156
"FG78_1","FG78","1","1970s",63,156
"FG79_1","FG79","1","1970s",70,156
"FG81_1","FG81","1","1970s",62,156
"FG82_1","FG82","1","1970s",59,156
"FG85_1","FG85","1","1970s",54,156
"FG86_1","FG86","1","1970s",73,156
"FG87_1","FG87","1","1970s",70,156
"FG89_1","FG89","1","1970s",69,156
"FG91_1","FG91","1","1970s",62,156
"FG92_1","FG92","1","1970s",59,156
"FG93_1","FG93","1","1970s",82,156
"FG95_1","FG95","1","1970s",59,156
"FG96_1","FG96","1","1970s",65,156
"FG98_1","FG98","1","1970s",56,156
"FG99_1","FG99","1","1970s",60,156
"FH01_1","FH01","1","1970s",31,156
"FH07_1","FH07","1","1970s",31,156
"FH08_1","FH08","1","1970s",35,156
"FH11_1","FH11","1","1970s",62,156
"FH12_1","FH12","1","1970s",55,156
"FH14_1","FH14","1","1970s",52,156
"FH15_1","FH15","1","1970s",54,156
"FH18_1","FH18","1","1970s",36,156
"FH21_1","FH21","1","1970s",74,156
"FH22_1","FH22","1","1970s",49,156
"FH23_1","FH23","1","1970s",78,156
"FH24_1","FH24","1","1970s",73,156
"FH25_1","FH25","1","1970s",76,156
"FH29_1","FH29","1","1970s",41,156
"FH32_1","FH32","1","1970s",84,156
"FH33_1","FH33","1","1970s",74,156
"FH34_1","FH34","1","1970s",55,156
"FH35_1","FH35","1","1970s",68,156
"FH36_1","FH36","1","1970s",59,156
"FH42_1","FH42","1","1970s",81,156
"FH43_1","FH43","1","1970s",64,156
"FH44_1","FH44","1","1970s",83,156
"FH45_1","FH45","1","1970s",73,156
"FH46_1","FH46","1","1970s",69,156
"FH52_1","FH52","1","1970s",72,156
"FH54_1","FH54","1","1970s",63,156
"FH55_1","FH55","1","1970s",36,156
"FH56_1","FH56","1","1970s",86,156
"FH58_1","FH58","1","1970s",85,156
"FH62_1","FH62","1","1970s",59,156
"FH65_1","FH65","1","1970s",15,156
"FH66_1","FH66","1","1970s",77,156
"FH68_1","FH68","1","1970s",71,156
"FH71_1","FH71","1","1970s",45,156
"FH72_1","FH72","1","1970s",48,156
"FH73_1","FH73","1","1970s",46,156
"FH74_1","FH74","1","1970s",59,156
"FH75_1","FH75","1","1970s",62,156
"FH76_1","FH76","1","1970s",54,156
"FH79_1","FH79","1","1970s",48,156
"FH80_1","FH80","1","1970s",65,156
"FH81_1","FH81","1","1970s",54,156
"FH83_1","FH83","1","1970s",31,156
"FH84_1","FH84","1","1970s",45,156
"FH85_1","FH85","1","1970s",54,156
"FH86_1","FH86","1","1970s",55,156
"FH87_1","FH87","1","1970s",57,156
"FH95_1","FH95","1","1970s",64,156
"FH96_1","FH96","1","1970s",51,156
"FH98_1","FH98","1","1970s",78,156
"GE00_1","GE00","1","1970s",61,156
"GE01_1","GE01","1","1970s",69,156
"GE02_1","GE02","1","1970s",63,156
"GE03_1","GE03","1","1970s",68,156
"GE04_1","GE04","1","1970s",53,156
"GE10_1","GE10","1","1970s",74,156
"GE11_1","GE11","1","1970s",86,156
"GE12_1","GE12","1","1970s",65,156
"GE13_1","GE13","1","1970s",71,156
"GE14_1","GE14","1","1970s",44,156
"GE20_1","GE20","1","1970s",62,156
"GE21_1","GE21","1","1970s",68,156
"GE24_1","GE24","1","1970s",60,156
"GE30_1","GE30","1","1970s",89,156
"GE31_1","GE31","1","1970s",54,156
"GE32_1","GE32","1","1970s",68,156
"GE34_1","GE34","1","1970s",42,156
"GE43_1","GE43","1","1970s",68,156
"GF00_1","GF00","1","1970s",74,156
"GF01_1","GF01","1","1970s",60,156
"GF02_1","GF02","1","1970s",52,156
"GF03_1","GF03","1","1970s",38,156
"GF04_1","GF04","1","1970s",54,156
"GF06_1","GF06","1","1970s",67,156
"GF07_1","GF07","1","1970s",66,156
"GF08_1","GF08","1","1970s",67,156
"GF09_1","GF09","1","1970s",65,156
"GF12_1","GF12","1","1970s",37,156
"GF13_1","GF13","1","1970s",44,156
"GF14_1","GF14","1","1970s",48,156
"GF15_1","GF15","1","1970s",59,156
"GF16_1","GF16","1","1970s",53,156
"GF17_1","GF17","1","1970s",72,156
"GF18_1","GF18","1","1970s",58,156
"GF19_1","GF19","1","1970s",63,156
"GF23_1","GF23","1","1970s",62,156
"GF25_1","GF25","1","1970s",50,156
"GF26_1","GF26","1","1970s",59,156
"GF27_1","GF27","1","1970s",72,156
"GF28_1","GF28","1","1970s",58,156
"GF29_1","GF29","1","1970s",72,156
"GF33_1","GF33","1","1970s",51,156
"GF34_1","GF34","1","1970s",56,156
"GF35_1","GF35","1","1970s",61,156
"GF36_1","GF36","1","1970s",65,156
"GF37_1","GF37","1","1970s",67,156
"GF38_1","GF38","1","1970s",80,156
"GF39_1","GF39","1","1970s",73,156
"GF43_1","GF43","1","1970s",58,156
"GF44_1","GF44","1","1970s",60,156
"GF45_1","GF45","1","1970s",52,156
"GF46_1","GF46","1","1970s",61,156
"GF47_1","GF47","1","1970s",93,156
"GF48_1","GF48","1","1970s",70,156
"GF49_1","GF49","1","1970s",69,156
"GF52_1","GF52","1","1970s",75,156
"GF53_1","GF53","1","1970s",68,156
"GF54_1","GF54","1","1970s",57,156
"GF55_1","GF55","1","1970s",36,156
"GF63_1","GF63","1","1970s",41,156
"GF74_1","GF74","1","1970s",46,156
"GG05_1","GG05","1","1970s",60,156
"GG06_1","GG06","1","1970s",60,156
"GG08_1","GG08","1","1970s",63,156
"GG09_1","GG09","1","1970s",81,156
"GG10_1","GG10","1","1970s",73,156
"GG15_1","GG15","1","1970s",55,156
"GG16_1","GG16","1","1970s",59,156
"GG20_1","GG20","1","1970s",42,156
"GG25_1","GG25","1","1970s",65,156
"GG27_1","GG27","1","1970s",53,156
"GG28_1","GG28","1","1970s",71,156
"GG30_1","GG30","1","1970s",57,156
"GG36_1","GG36","1","1970s",56,156
"GG37_1","GG37","1","1970s",46,156
"GG40_1","GG40","1","1970s",54,156
"GH06_1","GH06","1","1970s",59,156
"GH07_1","GH07","1","1970s",65,156
"GH08_1","GH08","1","1970s",62,156
"GH09_1","GH09","1","1970s",52,156
"GH17_1","GH17","1","1970s",54,156
"GH18_1","GH18","1","1970s",50,156
"GH19_1","GH19","1","1970s",52,156
"GH29_1","GH29","1","1970s",47,156
"GH39_1","GH39","1","1970s",52,156
"GH49_1","GH49","1","1970s",82,156
"GH59_1","GH59","1","1970s",78,156
"HA03_1","HA03","1","1970s",52,156
"HA04_1","HA04","1","1970s",67,156
"HA05_1","HA05","1","1970s",50,156
"HA06_1","HA06","1","1970s",45,156
"HA07_1","HA07","1","1970s",58,156
"HA13_1","HA13","1","1970s",51,156
"HA14_1","HA14","1","1970s",49,156
"HA15_1","HA15","1","1970s",41,156
"HA17_1","HA17","1","1970s",51,156
"HA22_1","HA22","1","1970s",31,156
"HA23_1","HA23","1","1970s",35,156
"HA24_1","HA24","1","1970s",66,156
"HA25_1","HA25","1","1970s",68,156
"HA26_1","HA26","1","1970s",67,156
"HA32_1","HA32","1","1970s",53,156
"HA33_1","HA33","1","1970s",49,156
"HA34_1","HA34","1","1970s",68,156
"HA35_1","HA35","1","1970s",57,156
"HA36_1","HA36","1","1970s",64,156
"HA42_1","HA42","1","1970s",43,156
"HA43_1","HA43","1","1970s",57,156
"HA44_1","HA44","1","1970s",62,156
"HA45_1","HA45","1","1970s",41,156
"HA52_1","HA52","1","1970s",67,156
"HA53_1","HA53","1","1970s",71,156
"HA54_1","HA54","1","1970s",67,156
"AD93_2","AD93","2","1990s",63,156
"AD94_2","AD94","2","1990s",56,156
"AD95_2","AD95","2","1990s",65,156
"AE93_2","AE93","2","1990s",54,156
"AE97_2","AE97","2","1990s",58,156
"AE98_2","AE98","2","1990s",75,156
"AF91_2","AF91","2","1990s",68,156
"AF92_2","AF92","2","1990s",67,156
"AF93_2","AF93","2","1990s",70,156
"AF94_2","AF94","2","1990s",67,156
"AF95_2","AF95","2","1990s",59,156
"AF98_2","AF98","2","1990s",50,156
"AF99_2","AF99","2","1990s",38,156
"BC20_2","BC20","2","1990s",60,156
"BC21_2","BC21","2","1990s",59,156
"BC22_2","BC22","2","1990s",84,156
"BC32_2","BC32","2","1990s",75,156
"BC33_2","BC33","2","1990s",70,156
"BC42_2","BC42","2","1990s",69,156
"BC44_2","BC44","2","1990s",72,156
"BC54_2","BC54","2","1990s",84,156
"BC55_2","BC55","2","1990s",80,156
"BC60_2","BC60","2","1990s",56,156
"BC64_2","BC64","2","1990s",71,156
"BC65_2","BC65","2","1990s",67,156
"BC72_2","BC72","2","1990s",56,156
"BC75_2","BC75","2","1990s",66,156
"BC82_2","BC82","2","1990s",62,156
"BC83_2","BC83","2","1990s",88,156
"BC84_2","BC84","2","1990s",86,156
"BC85_2","BC85","2","1990s",52,156
"BC94_2","BC94","2","1990s",95,156
"BC95_2","BC95","2","1990s",62,156
"BC96_2","BC96","2","1990s",67,156
"BD02_2","BD02","2","1990s",42,156
"BD04_2","BD04","2","1990s",60,156
"BD05_2","BD05","2","1990s",62,156
"BD06_2","BD06","2","1990s",46,156
"BD07_2","BD07","2","1990s",60,156
"BD08_2","BD08","2","1990s",70,156
"BD11_2","BD11","2","1990s",64,156
"BD12_2","BD12","2","1990s",48,156
"BD13_2","BD13","2","1990s",72,156
"BD19_2","BD19","2","1990s",49,156
"BD21_2","BD21","2","1990s",63,156
"BD22_2","BD22","2","1990s",55,156
"BD23_2","BD23","2","1990s",43,156
"BD30_2","BD30","2","1990s",50,156
"BD31_2","BD31","2","1990s",56,156
"BD32_2","BD32","2","1990s",67,156
"BD33_2","BD33","2","1990s",50,156
"BD35_2","BD35","2","1990s",62,156
"BD36_2","BD36","2","1990s",62,156
"BD39_2","BD39","2","1990s",76,156
"BD40_2","BD40","2","1990s",48,156
"BD42_2","BD42","2","1990s",86,156
"BD43_2","BD43","2","1990s",62,156
"BD44_2","BD44","2","1990s",65,156
"BD45_2","BD45","2","1990s",71,156
"BD46_2","BD46","2","1990s",50,156
"BD49_2","BD49","2","1990s",58,156
"BD50_2","BD50","2","1990s",42,156
"BD51_2","BD51","2","1990s",65,156
"BD56_2","BD56","2","1990s",51,156
"BD57_2","BD57","2","1990s",65,156
"BD60_2","BD60","2","1990s",63,156
"BD61_2","BD61","2","1990s",77,156
"BD64_2","BD64","2","1990s",56,156
"BD66_2","BD66","2","1990s",57,156
"BD68_2","BD68","2","1990s",57,156
"BD70_2","BD70","2","1990s",65,156
"BD71_2","BD71","2","1990s",60,156
"BD72_2","BD72","2","1990s",63,156
"BD73_2","BD73","2","1990s",96,156
"BD74_2","BD74","2","1990s",51,156
"BD75_2","BD75","2","1990s",57,156
"BD76_2","BD76","2","1990s",59,156
"BD77_2","BD77","2","1990s",73,156
"BD80_2","BD80","2","1990s",64,156
"BD81_2","BD81","2","1990s",70,156
"BD82_2","BD82","2","1990s",80,156
"BD83_2","BD83","2","1990s",81,156
"BD88_2","BD88","2","1990s",66,156
"BD90_2","BD90","2","1990s",58,156
"BD91_2","BD91","2","1990s",58,156
"BD92_2","BD92","2","1990s",62,156
"BD94_2","BD94","2","1990s",24,156
"BE03_2","BE03","2","1990s",68,156
"BE04_2","BE04","2","1990s",67,156
"BE06_2","BE06","2","1990s",76,156
"BE07_2","BE07","2","1990s",78,156
"BE08_2","BE08","2","1990s",78,156
"BE09_2","BE09","2","1990s",48,156
"BE11_2","BE11","2","1990s",69,156
"BE12_2","BE12","2","1990s",67,156
"BE13_2","BE13","2","1990s",61,156
"BE14_2","BE14","2","1990s",63,156
"BE15_2","BE15","2","1990s",57,156
"BE16_2","BE16","2","1990s",63,156
"BE17_2","BE17","2","1990s",71,156
"BE19_2","BE19","2","1990s",55,156
"BE20_2","BE20","2","1990s",63,156
"BE22_2","BE22","2","1990s",57,156
"BE24_2","BE24","2","1990s",67,156
"BE26_2","BE26","2","1990s",51,156
"BE27_2","BE27","2","1990s",54,156
"BE30_2","BE30","2","1990s",57,156
"BE32_2","BE32","2","1990s",56,156
"BE34_2","BE34","2","1990s",69,156
"BE35_2","BE35","2","1990s",57,156
"BE36_2","BE36","2","1990s",62,156
"BE37_2","BE37","2","1990s",68,156
"BE44_2","BE44","2","1990s",56,156
"BE45_2","BE45","2","1990s",52,156
"BE46_2","BE46","2","1990s",58,156
"BE47_2","BE47","2","1990s",60,156
"BE55_2","BE55","2","1990s",47,156
"BE58_2","BE58","2","1990s",74,156
"BE59_2","BE59","2","1990s",54,156
"BE61_2","BE61","2","1990s",49,156
"BE62_2","BE62","2","1990s",55,156
"BE63_2","BE63","2","1990s",63,156
"BE66_2","BE66","2","1990s",54,156
"BE69_2","BE69","2","1990s",76,156
"BE73_2","BE73","2","1990s",62,156
"BE76_2","BE76","2","1990s",54,156
"BE77_2","BE77","2","1990s",63,156
"BE78_2","BE78","2","1990s",58,156
"BE79_2","BE79","2","1990s",49,156
"BE80_2","BE80","2","1990s",79,156
"BE82_2","BE82","2","1990s",72,156
"BE83_2","BE83","2","1990s",66,156
"BE84_2","BE84","2","1990s",57,156
"BE86_2","BE86","2","1990s",56,156
"BE87_2","BE87","2","1990s",66,156
"BE88_2","BE88","2","1990s",73,156
"BE89_2","BE89","2","1990s",48,156
"BE92_2","BE92","2","1990s",70,156
"BE93_2","BE93","2","1990s",49,156
"BE94_2","BE94","2","1990s",68,156
"BE95_2","BE95","2","1990s",55,156
"BE96_2","BE96","2","1990s",56,156
"BE98_2","BE98","2","1990s",68,156
"BE99_2","BE99","2","1990s",80,156
"BF01_2","BF01","2","1990s",58,156
"BF02_2","BF02","2","1990s",83,156
"BF03_2","BF03","2","1990s",85,156
"BF04_2","BF04","2","1990s",91,156
"BF05_2","BF05","2","1990s",91,156
"BF06_2","BF06","2","1990s",64,156
"BF07_2","BF07","2","1990s",59,156
"BF08_2","BF08","2","1990s",58,156
"BF11_2","BF11","2","1990s",77,156
"BF13_2","BF13","2","1990s",53,156
"BF16_2","BF16","2","1990s",57,156
"BF18_2","BF18","2","1990s",48,156
"BF20_2","BF20","2","1990s",72,156
"BF21_2","BF21","2","1990s",65,156
"BF25_2","BF25","2","1990s",56,156
"BF27_2","BF27","2","1990s",43,156
"BF28_2","BF28","2","1990s",66,156
"BF31_2","BF31","2","1990s",61,156
"BF32_2","BF32","2","1990s",79,156
"BF33_2","BF33","2","1990s",73,156
"BF34_2","BF34","2","1990s",61,156
"BF38_2","BF38","2","1990s",72,156
"BF48_2","BF48","2","1990s",53,156
"BF49_2","BF49","2","1990s",69,156
"BF50_2","BF50","2","1990s",58,156
"BF51_2","BF51","2","1990s",61,156
"BF56_2","BF56","2","1990s",47,156
"BF57_2","BF57","2","1990s",47,156
"BF58_2","BF58","2","1990s",44,156
"BF59_2","BF59","2","1990s",57,156
"BF60_2","BF60","2","1990s",68,156
"BF61_2","BF61","2","1990s",60,156
"BF66_2","BF66","2","1990s",59,156
"BF70_2","BF70","2","1990s",49,156
"BF72_2","BF72","2","1990s",69,156
"BF73_2","BF73","2","1990s",54,156
"BF76_2","BF76","2","1990s",59,156
"BF80_2","BF80","2","1990s",56,156
"BF81_2","BF81","2","1990s",60,156
"BF83_2","BF83","2","1990s",69,156
"BF85_2","BF85","2","1990s",59,156
"BF86_2","BF86","2","1990s",63,156
"BF87_2","BF87","2","1990s",51,156
"BF90_2","BF90","2","1990s",71,156
"BF91_2","BF91","2","1990s",58,156
"BF92_2","BF92","2","1990s",68,156
"BF93_2","BF93","2","1990s",64,156
"BF96_2","BF96","2","1990s",60,156
"BF97_2","BF97","2","1990s",64,156
"BF98_2","BF98","2","1990s",54,156
"BF99_2","BF99","2","1990s",63,156
"BG27_2","BG27","2","1990s",61,156
"BG28_2","BG28","2","1990s",69,156
"BG29_2","BG29","2","1990s",76,156
"BG30_2","BG30","2","1990s",28,156
"BG31_2","BG31","2","1990s",99,156
"BG32_2","BG32","2","1990s",85,156
"BG33_2","BG33","2","1990s",23,156
"BG41_2","BG41","2","1990s",68,156
"BG42_2","BG42","2","1990s",65,156
"BG43_2","BG43","2","1990s",38,156
"BG49_2","BG49","2","1990s",64,156
"BG55_2","BG55","2","1990s",78,156
"BG57_2","BG57","2","1990s",44,156
"BG58_2","BG58","2","1990s",77,156
"BG59_2","BG59","2","1990s",47,156
"BG64_2","BG64","2","1990s",66,156
"BG65_2","BG65","2","1990s",73,156
"BG66_2","BG66","2","1990s",73,156
"BG67_2","BG67","2","1990s",55,156
"BG68_2","BG68","2","1990s",56,156
"BG70_2","BG70","2","1990s",57,156
"BG72_2","BG72","2","1990s",54,156
"BG73_2","BG73","2","1990s",71,156
"BG75_2","BG75","2","1990s",66,156
"BG76_2","BG76","2","1990s",68,156
"BG77_2","BG77","2","1990s",55,156
"BG78_2","BG78","2","1990s",42,156
"BG79_2","BG79","2","1990s",70,156
"BG86_2","BG86","2","1990s",61,156
"BG87_2","BG87","2","1990s",64,156
"BG90_2","BG90","2","1990s",65,156
"BG92_2","BG92","2","1990s",63,156
"BG93_2","BG93","2","1990s",63,156
"BG95_2","BG95","2","1990s",78,156
"BG98_2","BG98","2","1990s",60,156
"BH57_2","BH57","2","1990s",64,156
"BH76_2","BH76","2","1990s",44,156
"BH77_2","BH77","2","1990s",95,156
"BH78_2","BH78","2","1990s",66,156
"BH79_2","BH79","2","1990s",77,156
"BH86_2","BH86","2","1990s",82,156
"BH87_2","BH87","2","1990s",86,156
"BH89_2","BH89","2","1990s",84,156
"BH98_2","BH98","2","1990s",70,156
"BH99_2","BH99","2","1990s",101,156
"CB80_2","CB80","2","1990s",53,156
"CB81_2","CB81","2","1990s",39,156
"CB91_2","CB91","2","1990s",50,156
"CB93_2","CB93","2","1990s",46,156
"CC04_2","CC04","2","1990s",101,156
"CC05_2","CC05","2","1990s",89,156
"CC06_2","CC06","2","1990s",77,156
"CC14_2","CC14","2","1990s",84,156
"CC15_2","CC15","2","1990s",62,156
"CC16_2","CC16","2","1990s",63,156
"CC23_2","CC23","2","1990s",51,156
"CC24_2","CC24","2","1990s",54,156
"CC25_2","CC25","2","1990s",57,156
"CC30_2","CC30","2","1990s",67,156
"CC34_2","CC34","2","1990s",71,156
"CC35_2","CC35","2","1990s",78,156
"CC36_2","CC36","2","1990s",72,156
"CC41_2","CC41","2","1990s",58,156
"CC44_2","CC44","2","1990s",65,156
"CC46_2","CC46","2","1990s",82,156
"CC52_2","CC52","2","1990s",60,156
"CC53_2","CC53","2","1990s",78,156
"CC54_2","CC54","2","1990s",73,156
"CC55_2","CC55","2","1990s",72,156
"CC61_2","CC61","2","1990s",75,156
"CC63_2","CC63","2","1990s",67,156
"CC64_2","CC64","2","1990s",73,156
"CC65_2","CC65","2","1990s",72,156
"CC66_2","CC66","2","1990s",66,156
"CC67_2","CC67","2","1990s",71,156
"CC68_2","CC68","2","1990s",55,156
"CC75_2","CC75","2","1990s",91,156
"CC77_2","CC77","2","1990s",83,156
"CC80_2","CC80","2","1990s",81,156
"CC85_2","CC85","2","1990s",87,156
"CC86_2","CC86","2","1990s",72,156
"CC91_2","CC91","2","1990s",61,156
"CC92_2","CC92","2","1990s",67,156
"CC93_2","CC93","2","1990s",58,156
"CC94_2","CC94","2","1990s",69,156
"CC95_2","CC95","2","1990s",68,156
"CC97_2","CC97","2","1990s",60,156
"CC98_2","CC98","2","1990s",53,156
"CC99_2","CC99","2","1990s",45,156
"CD03_2","CD03","2","1990s",77,156
"CD04_2","CD04","2","1990s",73,156
"CD05_2","CD05","2","1990s",42,156
"CD09_2","CD09","2","1990s",56,156
"CD10_2","CD10","2","1990s",47,156
"CD11_2","CD11","2","1990s",56,156
"CD13_2","CD13","2","1990s",73,156
"CD14_2","CD14","2","1990s",35,156
"CD16_2","CD16","2","1990s",76,156
"CD17_2","CD17","2","1990s",68,156
"CD18_2","CD18","2","1990s",56,156
"CD21_2","CD21","2","1990s",78,156
"CD23_2","CD23","2","1990s",65,156
"CD24_2","CD24","2","1990s",74,156
"CD29_2","CD29","2","1990s",65,156
"CD31_2","CD31","2","1990s",75,156
"CD32_2","CD32","2","1990s",73,156
"CD33_2","CD33","2","1990s",62,156
"CD34_2","CD34","2","1990s",83,156
"CD40_2","CD40","2","1990s",70,156
"CD41_2","CD41","2","1990s",79,156
"CD42_2","CD42","2","1990s",74,156
"CD43_2","CD43","2","1990s",69,156
"CD44_2","CD44","2","1990s",49,156
"CD45_2","CD45","2","1990s",45,156
"CD47_2","CD47","2","1990s",53,156
"CD50_2","CD50","2","1990s",80,156
"CD51_2","CD51","2","1990s",67,156
"CD52_2","CD52","2","1990s",70,156
"CD54_2","CD54","2","1990s",66,156
"CD55_2","CD55","2","1990s",61,156
"CD56_2","CD56","2","1990s",63,156
"CD57_2","CD57","2","1990s",63,156
"CD60_2","CD60","2","1990s",66,156
"CD61_2","CD61","2","1990s",55,156
"CD62_2","CD62","2","1990s",67,156
"CD63_2","CD63","2","1990s",73,156
"CD64_2","CD64","2","1990s",46,156
"CD65_2","CD65","2","1990s",54,156
"CD66_2","CD66","2","1990s",57,156
"CD67_2","CD67","2","1990s",81,156
"CD68_2","CD68","2","1990s",60,156
"CD69_2","CD69","2","1990s",54,156
"CD70_2","CD70","2","1990s",49,156
"CD71_2","CD71","2","1990s",61,156
"CD72_2","CD72","2","1990s",50,156
"CD74_2","CD74","2","1990s",69,156
"CD75_2","CD75","2","1990s",59,156
"CD76_2","CD76","2","1990s",72,156
"CD80_2","CD80","2","1990s",45,156
"CD81_2","CD81","2","1990s",75,156
"CD82_2","CD82","2","1990s",64,156
"CD83_2","CD83","2","1990s",64,156
"CD84_2","CD84","2","1990s",69,156
"CD87_2","CD87","2","1990s",59,156
"CD88_2","CD88","2","1990s",52,156
"CD90_2","CD90","2","1990s",69,156
"CD91_2","CD91","2","1990s",78,156
"CD92_2","CD92","2","1990s",74,156
"CD95_2","CD95","2","1990s",75,156
"CD96_2","CD96","2","1990s",83,156
"CD98_2","CD98","2","1990s",72,156
"CE01_2","CE01","2","1990s",52,156
"CE02_2","CE02","2","1990s",75,156
"CE06_2","CE06","2","1990s",54,156
"CE11_2","CE11","2","1990s",69,156
"CE13_2","CE13","2","1990s",38,156
"CE15_2","CE15","2","1990s",66,156
"CE16_2","CE16","2","1990s",55,156
"CE17_2","CE17","2","1990s",64,156
"CE19_2","CE19","2","1990s",49,156
"CE20_2","CE20","2","1990s",77,156
"CE21_2","CE21","2","1990s",78,156
"CE22_2","CE22","2","1990s",73,156
"CE23_2","CE23","2","1990s",58,156
"CE24_2","CE24","2","1990s",69,156
"CE27_2","CE27","2","1990s",39,156
"CE30_2","CE30","2","1990s",65,156
"CE31_2","CE31","2","1990s",71,156
"CE34_2","CE34","2","1990s",39,156
"CE35_2","CE35","2","1990s",47,156
"CE38_2","CE38","2","1990s",67,156
"CE42_2","CE42","2","1990s",64,156
"CE49_2","CE49","2","1990s",72,156
"CE51_2","CE51","2","1990s",76,156
"CE52_2","CE52","2","1990s",80,156
"CE54_2","CE54","2","1990s",77,156
"CE55_2","CE55","2","1990s",62,156
"CE57_2","CE57","2","1990s",49,156
"CE60_2","CE60","2","1990s",72,156
"CE61_2","CE61","2","1990s",68,156
"CE62_2","CE62","2","1990s",72,156
"CE63_2","CE63","2","1990s",74,156
"CE64_2","CE64","2","1990s",91,156
"CE65_2","CE65","2","1990s",65,156
"CE67_2","CE67","2","1990s",57,156
"CE69_2","CE69","2","1990s",70,156
"CE72_2","CE72","2","1990s",77,156
"CE74_2","CE74","2","1990s",76,156
"CE75_2","CE75","2","1990s",74,156
"CE77_2","CE77","2","1990s",64,156
"CE78_2","CE78","2","1990s",84,156
"CE80_2","CE80","2","1990s",66,156
"CE81_2","CE81","2","1990s",58,156
"CE82_2","CE82","2","1990s",94,156
"CE83_2","CE83","2","1990s",68,156
"CE84_2","CE84","2","1990s",76,156
"CE85_2","CE85","2","1990s",70,156
"CE86_2","CE86","2","1990s",60,156
"CE88_2","CE88","2","1990s",90,156
"CE89_2","CE89","2","1990s",77,156
"CE90_2","CE90","2","1990s",59,156
"CE91_2","CE91","2","1990s",65,156
"CE92_2","CE92","2","1990s",69,156
"CE93_2","CE93","2","1990s",79,156
"CE94_2","CE94","2","1990s",67,156
"CE95_2","CE95","2","1990s",57,156
"CE96_2","CE96","2","1990s",56,156
"CE99_2","CE99","2","1990s",82,156
"CF02_2","CF02","2","1990s",65,156
"CF06_2","CF06","2","1990s",57,156
"CF07_2","CF07","2","1990s",41,156
"CF10_2","CF10","2","1990s",75,156
"CF13_2","CF13","2","1990s",78,156
"CF14_2","CF14","2","1990s",61,156
"CF15_2","CF15","2","1990s",64,156
"CF19_2","CF19","2","1990s",61,156
"CF21_2","CF21","2","1990s",68,156
"CF23_2","CF23","2","1990s",63,156
"CF25_2","CF25","2","1990s",56,156
"CF29_2","CF29","2","1990s",82,156
"CF31_2","CF31","2","1990s",71,156
"CF32_2","CF32","2","1990s",88,156
"CF33_2","CF33","2","1990s",81,156
"CF34_2","CF34","2","1990s",75,156
"CF36_2","CF36","2","1990s",67,156
"CF38_2","CF38","2","1990s",62,156
"CF40_2","CF40","2","1990s",75,156
"CF41_2","CF41","2","1990s",69,156
"CF42_2","CF42","2","1990s",56,156
"CF43_2","CF43","2","1990s",64,156
"CF44_2","CF44","2","1990s",74,156
"CF49_2","CF49","2","1990s",71,156
"CF50_2","CF50","2","1990s",90,156
"CF51_2","CF51","2","1990s",84,156
"CF52_2","CF52","2","1990s",69,156
"CF53_2","CF53","2","1990s",64,156
"CF54_2","CF54","2","1990s",86,156
"CF55_2","CF55","2","1990s",80,156
"CF56_2","CF56","2","1990s",64,156
"CF57_2","CF57","2","1990s",55,156
"CF58_2","CF58","2","1990s",52,156
"CF59_2","CF59","2","1990s",60,156
"CF60_2","CF60","2","1990s",77,156
"CF61_2","CF61","2","1990s",79,156
"CF62_2","CF62","2","1990s",73,156
"CF63_2","CF63","2","1990s",72,156
"CF64_2","CF64","2","1990s",87,156
"CF65_2","CF65","2","1990s",69,156
"CF66_2","CF66","2","1990s",64,156
"CF67_2","CF67","2","1990s",47,156
"CF68_2","CF68","2","1990s",62,156
"CF69_2","CF69","2","1990s",73,156
"CF70_2","CF70","2","1990s",78,156
"CF71_2","CF71","2","1990s",52,156
"CF72_2","CF72","2","1990s",61,156
"CF73_2","CF73","2","1990s",68,156
"CF74_2","CF74","2","1990s",59,156
"CF75_2","CF75","2","1990s",55,156
"CF77_2","CF77","2","1990s",51,156
"CF78_2","CF78","2","1990s",74,156
"CF79_2","CF79","2","1990s",56,156
"CF81_2","CF81","2","1990s",63,156
"CF82_2","CF82","2","1990s",92,156
"CF83_2","CF83","2","1990s",72,156
"CF84_2","CF84","2","1990s",50,156
"CF86_2","CF86","2","1990s",57,156
"CF87_2","CF87","2","1990s",66,156
"CF89_2","CF89","2","1990s",65,156
"CF90_2","CF90","2","1990s",53,156
"CF91_2","CF91","2","1990s",60,156
"CF92_2","CF92","2","1990s",58,156
"CF93_2","CF93","2","1990s",75,156
"CF95_2","CF95","2","1990s",63,156
"CF98_2","CF98","2","1990s",68,156
"CG05_2","CG05","2","1990s",77,156
"CG07_2","CG07","2","1990s",74,156
"CG09_2","CG09","2","1990s",74,156
"CG13_2","CG13","2","1990s",55,156
"CG17_2","CG17","2","1990s",67,156
"CG29_2","CG29","2","1990s",47,156
"CG39_2","CG39","2","1990s",81,156
"CG40_2","CG40","2","1990s",85,156
"CG42_2","CG42","2","1990s",64,156
"CG43_2","CG43","2","1990s",70,156
"CG44_2","CG44","2","1990s",92,156
"CG47_2","CG47","2","1990s",74,156
"CG48_2","CG48","2","1990s",76,156
"CG49_2","CG49","2","1990s",67,156
"CG50_2","CG50","2","1990s",74,156
"CG51_2","CG51","2","1990s",89,156
"CG52_2","CG52","2","1990s",80,156
"CG53_2","CG53","2","1990s",75,156
"CG54_2","CG54","2","1990s",94,156
"CG56_2","CG56","2","1990s",64,156
"CG57_2","CG57","2","1990s",71,156
"CG58_2","CG58","2","1990s",80,156
"CG59_2","CG59","2","1990s",80,156
"CG61_2","CG61","2","1990s",69,156
"CG63_2","CG63","2","1990s",62,156
"CG65_2","CG65","2","1990s",54,156
"CG66_2","CG66","2","1990s",68,156
"CG68_2","CG68","2","1990s",74,156
"CG69_2","CG69","2","1990s",70,156
"CG73_2","CG73","2","1990s",66,156
"CG75_2","CG75","2","1990s",57,156
"CG76_2","CG76","2","1990s",50,156
"CG78_2","CG78","2","1990s",72,156
"CG79_2","CG79","2","1990s",73,156
"CG80_2","CG80","2","1990s",56,156
"CG83_2","CG83","2","1990s",61,156
"CG84_2","CG84","2","1990s",75,156
"CG85_2","CG85","2","1990s",68,156
"CG89_2","CG89","2","1990s",73,156
"CG90_2","CG90","2","1990s",67,156
"CH06_2","CH06","2","1990s",59,156
"CH07_2","CH07","2","1990s",58,156
"CH08_2","CH08","2","1990s",62,156
"CH25_2","CH25","2","1990s",18,156
"CH34_2","CH34","2","1990s",74,156
"CH35_2","CH35","2","1990s",81,156
"CH45_2","CH45","2","1990s",80,156
"CH46_2","CH46","2","1990s",67,156
"CH48_2","CH48","2","1990s",75,156
"CH49_2","CH49","2","1990s",78,156
"CH55_2","CH55","2","1990s",61,156
"CH56_2","CH56","2","1990s",82,156
"CH57_2","CH57","2","1990s",92,156
"CH58_2","CH58","2","1990s",82,156
"CH59_2","CH59","2","1990s",81,156
"CH66_2","CH66","2","1990s",50,156
"CH69_2","CH69","2","1990s",64,156
"CH76_2","CH76","2","1990s",33,156
"CH77_2","CH77","2","1990s",77,156
"CH79_2","CH79","2","1990s",82,156
"CH86_2","CH86","2","1990s",51,156
"CH87_2","CH87","2","1990s",58,156
"CH88_2","CH88","2","1990s",60,156
"CH89_2","CH89","2","1990s",78,156
"CH95_2","CH95","2","1990s",37,156
"CH96_2","CH96","2","1990s",47,156
"CH97_2","CH97","2","1990s",79,156
"CH99_2","CH99","2","1990s",66,156
"DB04_2","DB04","2","1990s",67,156
"DB05_2","DB05","2","1990s",69,156
"DB10_2","DB10","2","1990s",60,156
"DB13_2","DB13","2","1990s",74,156
"DB14_2","DB14","2","1990s",53,156
"DB15_2","DB15","2","1990s",63,156
"DB16_2","DB16","2","1990s",46,156
"DB20_2","DB20","2","1990s",65,156
"DB22_2","DB22","2","1990s",67,156
"DB24_2","DB24","2","1990s",63,156
"DB34_2","DB34","2","1990s",74,156
"DB35_2","DB35","2","1990s",62,156
"DB36_2","DB36","2","1990s",66,156
"DB40_2","DB40","2","1990s",72,156
"DB42_2","DB42","2","1990s",66,156
"DB45_2","DB45","2","1990s",54,156
"DB46_2","DB46","2","1990s",69,156
"DB50_2","DB50","2","1990s",72,156
"DB52_2","DB52","2","1990s",59,156
"DB54_2","DB54","2","1990s",69,156
"DB55_2","DB55","2","1990s",78,156
"DB61_2","DB61","2","1990s",56,156
"DB62_2","DB62","2","1990s",47,156
"DB63_2","DB63","2","1990s",72,156
"DB64_2","DB64","2","1990s",79,156
"DB65_2","DB65","2","1990s",60,156
"DB66_2","DB66","2","1990s",53,156
"DB67_2","DB67","2","1990s",61,156
"DB68_2","DB68","2","1990s",65,156
"DB72_2","DB72","2","1990s",66,156
"DB73_2","DB73","2","1990s",74,156
"DB74_2","DB74","2","1990s",55,156
"DB77_2","DB77","2","1990s",54,156
"DB78_2","DB78","2","1990s",68,156
"DB79_2","DB79","2","1990s",62,156
"DB82_2","DB82","2","1990s",46,156
"DB83_2","DB83","2","1990s",75,156
"DB89_2","DB89","2","1990s",61,156
"DC00_2","DC00","2","1990s",92,156
"DC01_2","DC01","2","1990s",73,156
"DC04_2","DC04","2","1990s",72,156
"DC05_2","DC05","2","1990s",75,156
"DC06_2","DC06","2","1990s",83,156
"DC07_2","DC07","2","1990s",78,156
"DC09_2","DC09","2","1990s",58,156
"DC10_2","DC10","2","1990s",60,156
"DC11_2","DC11","2","1990s",68,156
"DC12_2","DC12","2","1990s",48,156
"DC13_2","DC13","2","1990s",75,156
"DC14_2","DC14","2","1990s",76,156
"DC15_2","DC15","2","1990s",75,156
"DC16_2","DC16","2","1990s",62,156
"DC17_2","DC17","2","1990s",65,156
"DC18_2","DC18","2","1990s",63,156
"DC19_2","DC19","2","1990s",59,156
"DC23_2","DC23","2","1990s",67,156
"DC24_2","DC24","2","1990s",49,156
"DC25_2","DC25","2","1990s",63,156
"DC26_2","DC26","2","1990s",71,156
"DC27_2","DC27","2","1990s",63,156
"DC29_2","DC29","2","1990s",68,156
"DC32_2","DC32","2","1990s",51,156
"DC33_2","DC33","2","1990s",57,156
"DC34_2","DC34","2","1990s",52,156
"DC35_2","DC35","2","1990s",68,156
"DC36_2","DC36","2","1990s",71,156
"DC37_2","DC37","2","1990s",80,156
"DC38_2","DC38","2","1990s",65,156
"DC39_2","DC39","2","1990s",69,156
"DC40_2","DC40","2","1990s",94,156
"DC41_2","DC41","2","1990s",71,156
"DC42_2","DC42","2","1990s",70,156
"DC46_2","DC46","2","1990s",74,156
"DC47_2","DC47","2","1990s",64,156
"DC48_2","DC48","2","1990s",54,156
"DC49_2","DC49","2","1990s",68,156
"DC50_2","DC50","2","1990s",68,156
"DC52_2","DC52","2","1990s",74,156
"DC53_2","DC53","2","1990s",68,156
"DC54_2","DC54","2","1990s",70,156
"DC56_2","DC56","2","1990s",75,156
"DC57_2","DC57","2","1990s",88,156
"DC58_2","DC58","2","1990s",77,156
"DC64_2","DC64","2","1990s",80,156
"DC65_2","DC65","2","1990s",75,156
"DC66_2","DC66","2","1990s",87,156
"DC67_2","DC67","2","1990s",51,156
"DC77_2","DC77","2","1990s",74,156
"DC78_2","DC78","2","1990s",82,156
"DC88_2","DC88","2","1990s",80,156
"DC89_2","DC89","2","1990s",68,156
"DD00_2","DD00","2","1990s",57,156
"DD01_2","DD01","2","1990s",88,156
"DD02_2","DD02","2","1990s",65,156
"DD03_2","DD03","2","1990s",81,156
"DD04_2","DD04","2","1990s",54,156
"DD05_2","DD05","2","1990s",73,156
"DD06_2","DD06","2","1990s",69,156
"DD07_2","DD07","2","1990s",62,156
"DD08_2","DD08","2","1990s",83,156
"DD09_2","DD09","2","1990s",70,156
"DD10_2","DD10","2","1990s",64,156
"DD11_2","DD11","2","1990s",73,156
"DD12_2","DD12","2","1990s",69,156
"DD13_2","DD13","2","1990s",54,156
"DD14_2","DD14","2","1990s",66,156
"DD15_2","DD15","2","1990s",62,156
"DD16_2","DD16","2","1990s",59,156
"DD17_2","DD17","2","1990s",62,156
"DD18_2","DD18","2","1990s",96,156
"DD19_2","DD19","2","1990s",73,156
"DD21_2","DD21","2","1990s",81,156
"DD22_2","DD22","2","1990s",51,156
"DD24_2","DD24","2","1990s",73,156
"DD25_2","DD25","2","1990s",67,156
"DD26_2","DD26","2","1990s",68,156
"DD28_2","DD28","2","1990s",72,156
"DD29_2","DD29","2","1990s",65,156
"DD30_2","DD30","2","1990s",68,156
"DD31_2","DD31","2","1990s",81,156
"DD32_2","DD32","2","1990s",60,156
"DD35_2","DD35","2","1990s",61,156
"DD36_2","DD36","2","1990s",68,156
"DD37_2","DD37","2","1990s",76,156
"DD38_2","DD38","2","1990s",76,156
"DD39_2","DD39","2","1990s",64,156
"DD40_2","DD40","2","1990s",75,156
"DD41_2","DD41","2","1990s",80,156
"DD42_2","DD42","2","1990s",77,156
"DD43_2","DD43","2","1990s",75,156
"DD45_2","DD45","2","1990s",72,156
"DD46_2","DD46","2","1990s",71,156
"DD47_2","DD47","2","1990s",88,156
"DD48_2","DD48","2","1990s",75,156
"DD49_2","DD49","2","1990s",77,156
"DD50_2","DD50","2","1990s",63,156
"DD51_2","DD51","2","1990s",78,156
"DD52_2","DD52","2","1990s",76,156
"DD53_2","DD53","2","1990s",72,156
"DD54_2","DD54","2","1990s",66,156
"DD55_2","DD55","2","1990s",59,156
"DD56_2","DD56","2","1990s",59,156
"DD57_2","DD57","2","1990s",66,156
"DD58_2","DD58","2","1990s",58,156
"DD59_2","DD59","2","1990s",74,156
"DD60_2","DD60","2","1990s",53,156
"DD61_2","DD61","2","1990s",61,156
"DD63_2","DD63","2","1990s",65,156
"DD64_2","DD64","2","1990s",63,156
"DD65_2","DD65","2","1990s",73,156
"DD70_2","DD70","2","1990s",78,156
"DD71_2","DD71","2","1990s",52,156
"DD72_2","DD72","2","1990s",60,156
"DD80_2","DD80","2","1990s",76,156
"DD81_2","DD81","2","1990s",53,156
"DD82_2","DD82","2","1990s",57,156
"DD90_2","DD90","2","1990s",79,156
"DD91_2","DD91","2","1990s",72,156
"DE01_2","DE01","2","1990s",64,156
"DE02_2","DE02","2","1990s",81,156
"DE03_2","DE03","2","1990s",76,156
"DE06_2","DE06","2","1990s",72,156
"DE07_2","DE07","2","1990s",75,156
"DE08_2","DE08","2","1990s",64,156
"DE09_2","DE09","2","1990s",73,156
"DE11_2","DE11","2","1990s",90,156
"DE12_2","DE12","2","1990s",88,156
"DE13_2","DE13","2","1990s",73,156
"DE14_2","DE14","2","1990s",78,156
"DE15_2","DE15","2","1990s",69,156
"DE16_2","DE16","2","1990s",85,156
"DE17_2","DE17","2","1990s",75,156
"DE18_2","DE18","2","1990s",67,156
"DE19_2","DE19","2","1990s",82,156
"DE21_2","DE21","2","1990s",61,156
"DE22_2","DE22","2","1990s",72,156
"DE23_2","DE23","2","1990s",68,156
"DE24_2","DE24","2","1990s",76,156
"DE25_2","DE25","2","1990s",68,156
"DE26_2","DE26","2","1990s",69,156
"DE27_2","DE27","2","1990s",72,156
"DE28_2","DE28","2","1990s",68,156
"DE29_2","DE29","2","1990s",51,156
"DE30_2","DE30","2","1990s",63,156
"DE31_2","DE31","2","1990s",57,156
"DE32_2","DE32","2","1990s",56,156
"DE34_2","DE34","2","1990s",90,156
"DE35_2","DE35","2","1990s",65,156
"DE36_2","DE36","2","1990s",79,156
"DE37_2","DE37","2","1990s",76,156
"DE38_2","DE38","2","1990s",71,156
"DE39_2","DE39","2","1990s",55,156
"DE40_2","DE40","2","1990s",60,156
"DE41_2","DE41","2","1990s",55,156
"DE42_2","DE42","2","1990s",57,156
"DE43_2","DE43","2","1990s",55,156
"DE44_2","DE44","2","1990s",64,156
"DE46_2","DE46","2","1990s",52,156
"DE48_2","DE48","2","1990s",62,156
"DE49_2","DE49","2","1990s",76,156
"DE50_2","DE50","2","1990s",53,156
"DE51_2","DE51","2","1990s",82,156
"DE52_2","DE52","2","1990s",69,156
"DE53_2","DE53","2","1990s",75,156
"DE55_2","DE55","2","1990s",48,156
"DE57_2","DE57","2","1990s",65,156
"DE58_2","DE58","2","1990s",59,156
"DE68_2","DE68","2","1990s",87,156
"DE75_2","DE75","2","1990s",54,156
"DE78_2","DE78","2","1990s",58,156
"DE79_2","DE79","2","1990s",79,156
"DE84_2","DE84","2","1990s",73,156
"DE85_2","DE85","2","1990s",65,156
"DE86_2","DE86","2","1990s",68,156
"DE87_2","DE87","2","1990s",83,156
"DE88_2","DE88","2","1990s",77,156
"DE89_2","DE89","2","1990s",81,156
"DE90_2","DE90","2","1990s",63,156
"DE94_2","DE94","2","1990s",61,156
"DE96_2","DE96","2","1990s",88,156
"DE97_2","DE97","2","1990s",85,156
"DE98_2","DE98","2","1990s",74,156
"DE99_2","DE99","2","1990s",57,156
"DF02_2","DF02","2","1990s",65,156
"DF04_2","DF04","2","1990s",63,156
"DF05_2","DF05","2","1990s",50,156
"DF06_2","DF06","2","1990s",53,156
"DF08_2","DF08","2","1990s",84,156
"DF09_2","DF09","2","1990s",66,156
"DF10_2","DF10","2","1990s",39,156
"DF14_2","DF14","2","1990s",46,156
"DF15_2","DF15","2","1990s",54,156
"DF16_2","DF16","2","1990s",69,156
"DF17_2","DF17","2","1990s",62,156
"DF18_2","DF18","2","1990s",77,156
"DF19_2","DF19","2","1990s",48,156
"DF20_2","DF20","2","1990s",71,156
"DF25_2","DF25","2","1990s",64,156
"DF27_2","DF27","2","1990s",56,156
"DF28_2","DF28","2","1990s",77,156
"DF29_2","DF29","2","1990s",59,156
"DF30_2","DF30","2","1990s",63,156
"DF31_2","DF31","2","1990s",78,156
"DF37_2","DF37","2","1990s",75,156
"DF38_2","DF38","2","1990s",93,156
"DF41_2","DF41","2","1990s",81,156
"DF48_2","DF48","2","1990s",86,156
"DF49_2","DF49","2","1990s",53,156
"DF51_2","DF51","2","1990s",58,156
"DF59_2","DF59","2","1990s",74,156
"DF61_2","DF61","2","1990s",58,156
"DF70_2","DF70","2","1990s",56,156
"DF71_2","DF71","2","1990s",66,156
"DF72_2","DF72","2","1990s",60,156
"DF80_2","DF80","2","1990s",71,156
"DF96_2","DF96","2","1990s",58,156
"DF97_2","DF97","2","1990s",63,156
"DF98_2","DF98","2","1990s",56,156
"DG00_2","DG00","2","1990s",51,156
"DG07_2","DG07","2","1990s",61,156
"DG08_2","DG08","2","1990s",72,156
"DG09_2","DG09","2","1990s",58,156
"DG16_2","DG16","2","1990s",53,156
"DG17_2","DG17","2","1990s",83,156
"DG22_2","DG22","2","1990s",55,156
"DG23_2","DG23","2","1990s",64,156
"DG27_2","DG27","2","1990s",67,156
"DG28_2","DG28","2","1990s",71,156
"DG34_2","DG34","2","1990s",68,156
"DG35_2","DG35","2","1990s",41,156
"DG37_2","DG37","2","1990s",65,156
"DG41_2","DG41","2","1990s",68,156
"DG42_2","DG42","2","1990s",64,156
"DG43_2","DG43","2","1990s",59,156
"DG47_2","DG47","2","1990s",74,156
"DG48_2","DG48","2","1990s",74,156
"DG49_2","DG49","2","1990s",61,156
"DG51_2","DG51","2","1990s",77,156
"DG56_2","DG56","2","1990s",60,156
"DG57_2","DG57","2","1990s",63,156
"DG58_2","DG58","2","1990s",77,156
"DG60_2","DG60","2","1990s",73,156
"DG61_2","DG61","2","1990s",91,156
"DG62_2","DG62","2","1990s",95,156
"DG63_2","DG63","2","1990s",71,156
"DG64_2","DG64","2","1990s",57,156
"DG65_2","DG65","2","1990s",45,156
"DG67_2","DG67","2","1990s",54,156
"DG68_2","DG68","2","1990s",61,156
"DG69_2","DG69","2","1990s",75,156
"DG70_2","DG70","2","1990s",59,156
"DG71_2","DG71","2","1990s",91,156
"DG72_2","DG72","2","1990s",80,156
"DG73_2","DG73","2","1990s",74,156
"DG74_2","DG74","2","1990s",66,156
"DG75_2","DG75","2","1990s",55,156
"DG76_2","DG76","2","1990s",50,156
"DG78_2","DG78","2","1990s",51,156
"DG79_2","DG79","2","1990s",66,156
"DG80_2","DG80","2","1990s",59,156
"DG82_2","DG82","2","1990s",74,156
"DG83_2","DG83","2","1990s",66,156
"DG84_2","DG84","2","1990s",61,156
"DG85_2","DG85","2","1990s",42,156
"DG86_2","DG86","2","1990s",49,156
"DG87_2","DG87","2","1990s",61,156
"DG88_2","DG88","2","1990s",55,156
"DG89_2","DG89","2","1990s",58,156
"DG91_2","DG91","2","1990s",64,156
"DG92_2","DG92","2","1990s",62,156
"DG93_2","DG93","2","1990s",62,156
"DG94_2","DG94","2","1990s",67,156
"DG95_2","DG95","2","1990s",58,156
"DG96_2","DG96","2","1990s",82,156
"DG97_2","DG97","2","1990s",64,156
"DH06_2","DH06","2","1990s",62,156
"DH07_2","DH07","2","1990s",73,156
"DH08_2","DH08","2","1990s",65,156
"DH09_2","DH09","2","1990s",50,156
"DH16_2","DH16","2","1990s",74,156
"DH17_2","DH17","2","1990s",82,156
"DH18_2","DH18","2","1990s",72,156
"DH19_2","DH19","2","1990s",70,156
"DH26_2","DH26","2","1990s",52,156
"DH86_2","DH86","2","1990s",61,156
"DH98_2","DH98","2","1990s",52,156
"DH99_2","DH99","2","1990s",68,156
"EB03_2","EB03","2","1990s",50,156
"EB04_2","EB04","2","1990s",61,156
"EB06_2","EB06","2","1990s",51,156
"EB07_2","EB07","2","1990s",70,156
"EB08_2","EB08","2","1990s",71,156
"EB10_2","EB10","2","1990s",70,156
"ED00_2","ED00","2","1990s",69,156
"ED01_2","ED01","2","1990s",86,156
"ED02_2","ED02","2","1990s",65,156
"ED03_2","ED03","2","1990s",65,156
"ED10_2","ED10","2","1990s",56,156
"ED12_2","ED12","2","1990s",58,156
"ED13_2","ED13","2","1990s",53,156
"ED20_2","ED20","2","1990s",68,156
"ED21_2","ED21","2","1990s",48,156
"ED22_2","ED22","2","1990s",71,156
"ED23_2","ED23","2","1990s",88,156
"ED30_2","ED30","2","1990s",75,156
"ED31_2","ED31","2","1990s",58,156
"EE05_2","EE05","2","1990s",63,156
"EE06_2","EE06","2","1990s",54,156
"EE07_2","EE07","2","1990s",85,156
"EE08_2","EE08","2","1990s",59,156
"EE09_2","EE09","2","1990s",64,156
"EE15_2","EE15","2","1990s",66,156
"EE16_2","EE16","2","1990s",74,156
"EE17_2","EE17","2","1990s",92,156
"EE18_2","EE18","2","1990s",66,156
"EE19_2","EE19","2","1990s",61,156
"EE27_2","EE27","2","1990s",82,156
"EE28_2","EE28","2","1990s",75,156
"EE29_2","EE29","2","1990s",57,156
"EE39_2","EE39","2","1990s",72,156
"EF00_2","EF00","2","1990s",60,156
"EF01_2","EF01","2","1990s",76,156
"EF02_2","EF02","2","1990s",81,156
"EF06_2","EF06","2","1990s",70,156
"EF07_2","EF07","2","1990s",46,156
"EF08_2","EF08","2","1990s",69,156
"EF09_2","EF09","2","1990s",73,156
"EF10_2","EF10","2","1990s",66,156
"EF11_2","EF11","2","1990s",54,156
"EF54_2","EF54","2","1990s",57,156
"EF65_2","EF65","2","1990s",77,156
"EF70_2","EF70","2","1990s",65,156
"EF71_2","EF71","2","1990s",80,156
"EF74_2","EF74","2","1990s",62,156
"EF75_2","EF75","2","1990s",79,156
"EF80_2","EF80","2","1990s",59,156
"EF81_2","EF81","2","1990s",84,156
"EF82_2","EF82","2","1990s",80,156
"EF83_2","EF83","2","1990s",49,156
"EF85_2","EF85","2","1990s",64,156
"EF90_2","EF90","2","1990s",81,156
"EF91_2","EF91","2","1990s",92,156
"EF92_2","EF92","2","1990s",95,156
"EF93_2","EF93","2","1990s",102,156
"EF94_2","EF94","2","1990s",94,156
"EF96_2","EF96","2","1990s",50,156
"EG00_2","EG00","2","1990s",55,156
"EG01_2","EG01","2","1990s",58,156
"EG02_2","EG02","2","1990s",60,156
"EG03_2","EG03","2","1990s",50,156
"EG04_2","EG04","2","1990s",80,156
"EG05_2","EG05","2","1990s",60,156
"EG06_2","EG06","2","1990s",60,156
"EG07_2","EG07","2","1990s",48,156
"EG08_2","EG08","2","1990s",64,156
"EG10_2","EG10","2","1990s",63,156
"EG11_2","EG11","2","1990s",56,156
"EG12_2","EG12","2","1990s",63,156
"EG13_2","EG13","2","1990s",64,156
"EG14_2","EG14","2","1990s",68,156
"EG15_2","EG15","2","1990s",69,156
"EG17_2","EG17","2","1990s",66,156
"EG18_2","EG18","2","1990s",58,156
"EG19_2","EG19","2","1990s",74,156
"EG21_2","EG21","2","1990s",48,156
"EG22_2","EG22","2","1990s",61,156
"EG23_2","EG23","2","1990s",57,156
"EG24_2","EG24","2","1990s",62,156
"EG25_2","EG25","2","1990s",73,156
"EG26_2","EG26","2","1990s",69,156
"EG30_2","EG30","2","1990s",61,156
"EG40_2","EG40","2","1990s",50,156
"EG42_2","EG42","2","1990s",65,156
"EG76_2","EG76","2","1990s",65,156
"EG84_2","EG84","2","1990s",80,156
"EG85_2","EG85","2","1990s",84,156
"EG88_2","EG88","2","1990s",79,156
"EG94_2","EG94","2","1990s",96,156
"EG95_2","EG95","2","1990s",66,156
"EG96_2","EG96","2","1990s",73,156
"EG99_2","EG99","2","1990s",82,156
"EH08_2","EH08","2","1990s",67,156
"EH13_2","EH13","2","1990s",84,156
"EH17_2","EH17","2","1990s",71,156
"EH23_2","EH23","2","1990s",95,156
"EH27_2","EH27","2","1990s",57,156
"EH28_2","EH28","2","1990s",55,156
"EH37_2","EH37","2","1990s",31,156
"EH39_2","EH39","2","1990s",79,156
"EH49_2","EH49","2","1990s",44,156
"EH54_2","EH54","2","1990s",57,156
"EH64_2","EH64","2","1990s",62,156
"EH66_2","EH66","2","1990s",72,156
"EH67_2","EH67","2","1990s",67,156
"EH73_2","EH73","2","1990s",62,156
"EH74_2","EH74","2","1990s",52,156
"EH75_2","EH75","2","1990s",88,156
"EH76_2","EH76","2","1990s",55,156
"EH77_2","EH77","2","1990s",65,156
"EH78_2","EH78","2","1990s",62,156
"EH83_2","EH83","2","1990s",66,156
"EH84_2","EH84","2","1990s",46,156
"EH85_2","EH85","2","1990s",68,156
"EH86_2","EH86","2","1990s",63,156
"EH87_2","EH87","2","1990s",57,156
"EH88_2","EH88","2","1990s",65,156
"EH92_2","EH92","2","1990s",65,156
"EH93_2","EH93","2","1990s",54,156
"EH94_2","EH94","2","1990s",48,156
"EH95_2","EH95","2","1990s",56,156
"EH96_2","EH96","2","1990s",72,156
"EH97_2","EH97","2","1990s",71,156
"FE10_2","FE10","2","1990s",65,156
"FE20_2","FE20","2","1990s",74,156
"FE30_2","FE30","2","1990s",105,156
"FE40_2","FE40","2","1990s",75,156
"FE60_2","FE60","2","1990s",94,156
"FE61_2","FE61","2","1990s",88,156
"FE80_2","FE80","2","1990s",76,156
"FE82_2","FE82","2","1990s",80,156
"FE83_2","FE83","2","1990s",73,156
"FE90_2","FE90","2","1990s",69,156
"FE91_2","FE91","2","1990s",82,156
"FF02_2","FF02","2","1990s",86,156
"FF04_2","FF04","2","1990s",57,156
"FF07_2","FF07","2","1990s",55,156
"FF08_2","FF08","2","1990s",35,156
"FF10_2","FF10","2","1990s",99,156
"FF12_2","FF12","2","1990s",86,156
"FF13_2","FF13","2","1990s",56,156
"FF14_2","FF14","2","1990s",71,156
"FF17_2","FF17","2","1990s",63,156
"FF18_2","FF18","2","1990s",71,156
"FF19_2","FF19","2","1990s",55,156
"FF22_2","FF22","2","1990s",88,156
"FF23_2","FF23","2","1990s",60,156
"FF24_2","FF24","2","1990s",60,156
"FF25_2","FF25","2","1990s",57,156
"FF27_2","FF27","2","1990s",67,156
"FF29_2","FF29","2","1990s",56,156
"FF30_2","FF30","2","1990s",71,156
"FF31_2","FF31","2","1990s",64,156
"FF32_2","FF32","2","1990s",62,156
"FF33_2","FF33","2","1990s",54,156
"FF35_2","FF35","2","1990s",61,156
"FF36_2","FF36","2","1990s",58,156
"FF38_2","FF38","2","1990s",60,156
"FF39_2","FF39","2","1990s",76,156
"FF40_2","FF40","2","1990s",76,156
"FF41_2","FF41","2","1990s",59,156
"FF42_2","FF42","2","1990s",52,156
"FF43_2","FF43","2","1990s",56,156
"FF46_2","FF46","2","1990s",52,156
"FF50_2","FF50","2","1990s",66,156
"FF53_2","FF53","2","1990s",57,156
"FF54_2","FF54","2","1990s",90,156
"FF55_2","FF55","2","1990s",54,156
"FF57_2","FF57","2","1990s",65,156
"FF61_2","FF61","2","1990s",67,156
"FF62_2","FF62","2","1990s",81,156
"FF67_2","FF67","2","1990s",88,156
"FF69_2","FF69","2","1990s",84,156
"FF70_2","FF70","2","1990s",78,156
"FF72_2","FF72","2","1990s",65,156
"FF73_2","FF73","2","1990s",69,156
"FF74_2","FF74","2","1990s",71,156
"FF75_2","FF75","2","1990s",64,156
"FF76_2","FF76","2","1990s",79,156
"FF78_2","FF78","2","1990s",82,156
"FF79_2","FF79","2","1990s",98,156
"FF80_2","FF80","2","1990s",88,156
"FF81_2","FF81","2","1990s",73,156
"FF82_2","FF82","2","1990s",51,156
"FF83_2","FF83","2","1990s",66,156
"FF84_2","FF84","2","1990s",80,156
"FF86_2","FF86","2","1990s",95,156
"FF87_2","FF87","2","1990s",72,156
"FF88_2","FF88","2","1990s",60,156
"FF89_2","FF89","2","1990s",59,156
"FF90_2","FF90","2","1990s",78,156
"FF91_2","FF91","2","1990s",52,156
"FF92_2","FF92","2","1990s",50,156
"FF93_2","FF93","2","1990s",56,156
"FF95_2","FF95","2","1990s",79,156
"FF97_2","FF97","2","1990s",61,156
"FF98_2","FF98","2","1990s",67,156
"FF99_2","FF99","2","1990s",65,156
"FG04_2","FG04","2","1990s",61,156
"FG08_2","FG08","2","1990s",75,156
"FG09_2","FG09","2","1990s",51,156
"FG14_2","FG14","2","1990s",70,156
"FG18_2","FG18","2","1990s",70,156
"FG19_2","FG19","2","1990s",72,156
"FG27_2","FG27","2","1990s",67,156
"FG28_2","FG28","2","1990s",82,156
"FG29_2","FG29","2","1990s",79,156
"FG37_2","FG37","2","1990s",83,156
"FG38_2","FG38","2","1990s",76,156
"FG43_2","FG43","2","1990s",101,156
"FG45_2","FG45","2","1990s",80,156
"FG47_2","FG47","2","1990s",70,156
"FG48_2","FG48","2","1990s",59,156
"FG51_2","FG51","2","1990s",61,156
"FG53_2","FG53","2","1990s",83,156
"FG54_2","FG54","2","1990s",75,156
"FG56_2","FG56","2","1990s",76,156
"FG58_2","FG58","2","1990s",66,156
"FG59_2","FG59","2","1990s",51,156
"FG60_2","FG60","2","1990s",58,156
"FG62_2","FG62","2","1990s",59,156
"FG63_2","FG63","2","1990s",66,156
"FG68_2","FG68","2","1990s",67,156
"FG69_2","FG69","2","1990s",77,156
"FG70_2","FG70","2","1990s",74,156
"FG74_2","FG74","2","1990s",69,156
"FG75_2","FG75","2","1990s",75,156
"FG76_2","FG76","2","1990s",79,156
"FG79_2","FG79","2","1990s",64,156
"FG80_2","FG80","2","1990s",69,156
"FG82_2","FG82","2","1990s",55,156
"FG83_2","FG83","2","1990s",37,156
"FG84_2","FG84","2","1990s",57,156
"FG85_2","FG85","2","1990s",71,156
"FG86_2","FG86","2","1990s",87,156
"FG91_2","FG91","2","1990s",75,156
"FG92_2","FG92","2","1990s",88,156
"FG93_2","FG93","2","1990s",78,156
"FG97_2","FG97","2","1990s",77,156
"FG99_2","FG99","2","1990s",63,156
"FH01_2","FH01","2","1990s",67,156
"FH04_2","FH04","2","1990s",61,156
"FH05_2","FH05","2","1990s",62,156
"FH07_2","FH07","2","1990s",66,156
"FH08_2","FH08","2","1990s",57,156
"FH11_2","FH11","2","1990s",75,156
"FH12_2","FH12","2","1990s",56,156
"FH13_2","FH13","2","1990s",52,156
"FH14_2","FH14","2","1990s",57,156
"FH15_2","FH15","2","1990s",58,156
"FH16_2","FH16","2","1990s",61,156
"FH18_2","FH18","2","1990s",36,156
"FH21_2","FH21","2","1990s",76,156
"FH22_2","FH22","2","1990s",52,156
"FH23_2","FH23","2","1990s",92,156
"FH24_2","FH24","2","1990s",85,156
"FH25_2","FH25","2","1990s",64,156
"FH29_2","FH29","2","1990s",59,156
"FH32_2","FH32","2","1990s",76,156
"FH33_2","FH33","2","1990s",90,156
"FH34_2","FH34","2","1990s",63,156
"FH35_2","FH35","2","1990s",53,156
"FH36_2","FH36","2","1990s",61,156
"FH42_2","FH42","2","1990s",74,156
"FH43_2","FH43","2","1990s",72,156
"FH44_2","FH44","2","1990s",72,156
"FH45_2","FH45","2","1990s",49,156
"FH46_2","FH46","2","1990s",59,156
"FH52_2","FH52","2","1990s",71,156
"FH54_2","FH54","2","1990s",75,156
"FH55_2","FH55","2","1990s",63,156
"FH56_2","FH56","2","1990s",55,156
"FH58_2","FH58","2","1990s",75,156
"FH62_2","FH62","2","1990s",73,156
"FH63_2","FH63","2","1990s",76,156
"FH64_2","FH64","2","1990s",82,156
"FH65_2","FH65","2","1990s",68,156
"FH67_2","FH67","2","1990s",62,156
"FH71_2","FH71","2","1990s",67,156
"FH72_2","FH72","2","1990s",52,156
"FH74_2","FH74","2","1990s",75,156
"FH75_2","FH75","2","1990s",67,156
"FH76_2","FH76","2","1990s",64,156
"FH77_2","FH77","2","1990s",64,156
"FH79_2","FH79","2","1990s",60,156
"FH80_2","FH80","2","1990s",61,156
"FH81_2","FH81","2","1990s",66,156
"FH83_2","FH83","2","1990s",68,156
"FH84_2","FH84","2","1990s",59,156
"FH85_2","FH85","2","1990s",78,156
"FH86_2","FH86","2","1990s",75,156
"FH87_2","FH87","2","1990s",65,156
"FH88_2","FH88","2","1990s",61,156
"FH89_2","FH89","2","1990s",77,156
"FH95_2","FH95","2","1990s",69,156
"FH96_2","FH96","2","1990s",52,156
"FH97_2","FH97","2","1990s",61,156
"FH98_2","FH98","2","1990s",57,156
"FH99_2","FH99","2","1990s",66,156
"GE00_2","GE00","2","1990s",74,156
"GE01_2","GE01","2","1990s",105,156
"GE02_2","GE02","2","1990s",84,156
"GE03_2","GE03","2","1990s",76,156
"GE04_2","GE04","2","1990s",73,156
"GE10_2","GE10","2","1990s",85,156
"GE11_2","GE11","2","1990s",86,156
"GE12_2","GE12","2","1990s",77,156
"GE13_2","GE13","2","1990s",83,156
"GE14_2","GE14","2","1990s",62,156
"GE20_2","GE20","2","1990s",75,156
"GE21_2","GE21","2","1990s",74,156
"GE22_2","GE22","2","1990s",71,156
"GE23_2","GE23","2","1990s",82,156
"GE24_2","GE24","2","1990s",65,156
"GE30_2","GE30","2","1990s",85,156
"GE32_2","GE32","2","1990s",93,156
"GE33_2","GE33","2","1990s",85,156
"GE34_2","GE34","2","1990s",58,156
"GE42_2","GE42","2","1990s",54,156
"GE43_2","GE43","2","1990s",83,156
"GF00_2","GF00","2","1990s",82,156
"GF01_2","GF01","2","1990s",67,156
"GF02_2","GF02","2","1990s",70,156
"GF03_2","GF03","2","1990s",63,156
"GF04_2","GF04","2","1990s",61,156
"GF05_2","GF05","2","1990s",68,156
"GF06_2","GF06","2","1990s",77,156
"GF07_2","GF07","2","1990s",68,156
"GF08_2","GF08","2","1990s",78,156
"GF09_2","GF09","2","1990s",75,156
"GF12_2","GF12","2","1990s",54,156
"GF13_2","GF13","2","1990s",55,156
"GF15_2","GF15","2","1990s",75,156
"GF16_2","GF16","2","1990s",67,156
"GF17_2","GF17","2","1990s",83,156
"GF18_2","GF18","2","1990s",89,156
"GF19_2","GF19","2","1990s",76,156
"GF23_2","GF23","2","1990s",79,156
"GF24_2","GF24","2","1990s",60,156
"GF25_2","GF25","2","1990s",75,156
"GF26_2","GF26","2","1990s",79,156
"GF27_2","GF27","2","1990s",78,156
"GF28_2","GF28","2","1990s",76,156
"GF29_2","GF29","2","1990s",83,156
"GF33_2","GF33","2","1990s",63,156
"GF34_2","GF34","2","1990s",61,156
"GF36_2","GF36","2","1990s",72,156
"GF37_2","GF37","2","1990s",73,156
"GF38_2","GF38","2","1990s",71,156
"GF43_2","GF43","2","1990s",72,156
"GF44_2","GF44","2","1990s",60,156
"GF45_2","GF45","2","1990s",48,156
"GF46_2","GF46","2","1990s",81,156
"GF47_2","GF47","2","1990s",70,156
"GF48_2","GF48","2","1990s",71,156
"GF49_2","GF49","2","1990s",59,156
"GF52_2","GF52","2","1990s",83,156
"GF53_2","GF53","2","1990s",72,156
"GF54_2","GF54","2","1990s",68,156
"GF55_2","GF55","2","1990s",54,156
"GF63_2","GF63","2","1990s",53,156
"GF74_2","GF74","2","1990s",62,156
"GG00_2","GG00","2","1990s",58,156
"GG02_2","GG02","2","1990s",54,156
"GG05_2","GG05","2","1990s",64,156
"GG06_2","GG06","2","1990s",64,156
"GG07_2","GG07","2","1990s",69,156
"GG08_2","GG08","2","1990s",83,156
"GG09_2","GG09","2","1990s",80,156
"GG10_2","GG10","2","1990s",79,156
"GG15_2","GG15","2","1990s",72,156
"GG17_2","GG17","2","1990s",56,156
"GG18_2","GG18","2","1990s",80,156
"GG20_2","GG20","2","1990s",63,156
"GG25_2","GG25","2","1990s",80,156
"GG26_2","GG26","2","1990s",58,156
"GG27_2","GG27","2","1990s",69,156
"GG28_2","GG28","2","1990s",87,156
"GG30_2","GG30","2","1990s",66,156
"GG36_2","GG36","2","1990s",51,156
"GG37_2","GG37","2","1990s",67,156
"GG40_2","GG40","2","1990s",60,156
"GH06_2","GH06","2","1990s",62,156
"GH07_2","GH07","2","1990s",68,156
"GH08_2","GH08","2","1990s",66,156
"GH09_2","GH09","2","1990s",55,156
"GH17_2","GH17","2","1990s",55,156
"GH18_2","GH18","2","1990s",56,156
"GH19_2","GH19","2","1990s",61,156
"GH39_2","GH39","2","1990s",60,156
"GH49_2","GH49","2","1990s",91,156
"GH59_2","GH59","2","1990s",80,156
"HA03_2","HA03","2","1990s",60,156
"HA04_2","HA04","2","1990s",64,156
"HA05_2","HA05","2","1990s",69,156
"HA06_2","HA06","2","1990s",63,156
"HA07_2","HA07","2","1990s",56,156
"HA13_2","HA13","2","1990s",73,156
"HA16_2","HA16","2","1990s",54,156
"HA17_2","HA17","2","1990s",64,156
"HA22_2","HA22","2","1990s",47,156
"HA23_2","HA23","2","1990s",62,156
"HA24_2","HA24","2","1990s",65,156
"HA25_2","HA25","2","1990s",72,156
"HA26_2","HA26","2","1990s",70,156
"HA32_2","HA32","2","1990s",62,156
"HA33_2","HA33","2","1990s",43,156
"HA34_2","HA34","2","1990s",75,156
"HA35_2","HA35","2","1990s",62,156
"HA36_2","HA36","2","1990s",67,156
"HA43_2","HA43","2","1990s",58,156
"HA44_2","HA44","2","1990s",87,156
"HA45_2","HA45","2","1990s",61,156
"HA52_2","HA52","2","1990s",78,156
"HA53_2","HA53","2","1990s",66,156
"HA54_2","HA54","2","1990s",87,156
"AD90_3","AD90","3","2010s",66,156
"AD91_3","AD91","3","2010s",69,156
"AD92_3","AD92","3","2010s",37,156
"AD93_3","AD93","3","2010s",42,156
"AD94_3","AD94","3","2010s",63,156
"AD95_3","AD95","3","2010s",63,156
"AE93_3","AE93","3","2010s",59,156
"AE94_3","AE94","3","2010s",56,156
"AE95_3","AE95","3","2010s",74,156
"AE96_3","AE96","3","2010s",52,156
"AE97_3","AE97","3","2010s",68,156
"AE98_3","AE98","3","2010s",77,156
"AF81_3","AF81","3","2010s",54,156
"AF82_3","AF82","3","2010s",40,156
"AF91_3","AF91","3","2010s",53,156
"AF92_3","AF92","3","2010s",51,156
"AF93_3","AF93","3","2010s",58,156
"AF94_3","AF94","3","2010s",57,156
"AF95_3","AF95","3","2010s",41,156
"AF96_3","AF96","3","2010s",43,156
"AF97_3","AF97","3","2010s",63,156
"AF98_3","AF98","3","2010s",61,156
"AF99_3","AF99","3","2010s",65,156
"BC10_3","BC10","3","2010s",47,156
"BC11_3","BC11","3","2010s",31,156
"BC20_3","BC20","3","2010s",74,156
"BC21_3","BC21","3","2010s",70,156
"BC22_3","BC22","3","2010s",61,156
"BC30_3","BC30","3","2010s",40,156
"BC31_3","BC31","3","2010s",61,156
"BC32_3","BC32","3","2010s",59,156
"BC33_3","BC33","3","2010s",54,156
"BC34_3","BC34","3","2010s",46,156
"BC40_3","BC40","3","2010s",41,156
"BC41_3","BC41","3","2010s",37,156
"BC42_3","BC42","3","2010s",40,156
"BC43_3","BC43","3","2010s",59,156
"BC44_3","BC44","3","2010s",62,156
"BC45_3","BC45","3","2010s",8,156
"BC50_3","BC50","3","2010s",56,156
"BC51_3","BC51","3","2010s",53,156
"BC52_3","BC52","3","2010s",47,156
"BC53_3","BC53","3","2010s",45,156
"BC54_3","BC54","3","2010s",64,156
"BC55_3","BC55","3","2010s",56,156
"BC60_3","BC60","3","2010s",42,156
"BC62_3","BC62","3","2010s",42,156
"BC63_3","BC63","3","2010s",51,156
"BC64_3","BC64","3","2010s",68,156
"BC65_3","BC65","3","2010s",56,156
"BC70_3","BC70","3","2010s",52,156
"BC71_3","BC71","3","2010s",35,156
"BC72_3","BC72","3","2010s",58,156
"BC73_3","BC73","3","2010s",57,156
"BC74_3","BC74","3","2010s",59,156
"BC75_3","BC75","3","2010s",72,156
"BC81_3","BC81","3","2010s",65,156
"BC82_3","BC82","3","2010s",68,156
"BC83_3","BC83","3","2010s",57,156
"BC84_3","BC84","3","2010s",75,156
"BC85_3","BC85","3","2010s",73,156
"BC93_3","BC93","3","2010s",48,156
"BC94_3","BC94","3","2010s",89,156
"BC95_3","BC95","3","2010s",59,156
"BC96_3","BC96","3","2010s",63,156
"BD00_3","BD00","3","2010s",67,156
"BD01_3","BD01","3","2010s",48,156
"BD02_3","BD02","3","2010s",45,156
"BD03_3","BD03","3","2010s",42,156
"BD04_3","BD04","3","2010s",50,156
"BD05_3","BD05","3","2010s",60,156
"BD06_3","BD06","3","2010s",56,156
"BD07_3","BD07","3","2010s",43,156
"BD08_3","BD08","3","2010s",58,156
"BD10_3","BD10","3","2010s",53,156
"BD11_3","BD11","3","2010s",62,156
"BD12_3","BD12","3","2010s",64,156
"BD13_3","BD13","3","2010s",74,156
"BD17_3","BD17","3","2010s",28,156
"BD18_3","BD18","3","2010s",47,156
"BD19_3","BD19","3","2010s",61,156
"BD20_3","BD20","3","2010s",56,156
"BD21_3","BD21","3","2010s",55,156
"BD22_3","BD22","3","2010s",66,156
"BD23_3","BD23","3","2010s",35,156
"BD26_3","BD26","3","2010s",65,156
"BD27_3","BD27","3","2010s",59,156
"BD28_3","BD28","3","2010s",43,156
"BD29_3","BD29","3","2010s",56,156
"BD30_3","BD30","3","2010s",53,156
"BD31_3","BD31","3","2010s",59,156
"BD32_3","BD32","3","2010s",57,156
"BD33_3","BD33","3","2010s",41,156
"BD35_3","BD35","3","2010s",58,156
"BD36_3","BD36","3","2010s",66,156
"BD37_3","BD37","3","2010s",70,156
"BD38_3","BD38","3","2010s",36,156
"BD39_3","BD39","3","2010s",50,156
"BD40_3","BD40","3","2010s",41,156
"BD41_3","BD41","3","2010s",57,156
"BD42_3","BD42","3","2010s",71,156
"BD43_3","BD43","3","2010s",46,156
"BD44_3","BD44","3","2010s",52,156
"BD45_3","BD45","3","2010s",60,156
"BD46_3","BD46","3","2010s",48,156
"BD47_3","BD47","3","2010s",47,156
"BD48_3","BD48","3","2010s",52,156
"BD49_3","BD49","3","2010s",52,156
"BD50_3","BD50","3","2010s",54,156
"BD51_3","BD51","3","2010s",61,156
"BD55_3","BD55","3","2010s",57,156
"BD56_3","BD56","3","2010s",41,156
"BD57_3","BD57","3","2010s",48,156
"BD58_3","BD58","3","2010s",54,156
"BD59_3","BD59","3","2010s",62,156
"BD60_3","BD60","3","2010s",45,156
"BD61_3","BD61","3","2010s",71,156
"BD64_3","BD64","3","2010s",47,156
"BD66_3","BD66","3","2010s",40,156
"BD67_3","BD67","3","2010s",46,156
"BD68_3","BD68","3","2010s",41,156
"BD69_3","BD69","3","2010s",46,156
"BD70_3","BD70","3","2010s",63,156
"BD71_3","BD71","3","2010s",67,156
"BD72_3","BD72","3","2010s",62,156
"BD73_3","BD73","3","2010s",76,156
"BD74_3","BD74","3","2010s",56,156
"BD75_3","BD75","3","2010s",75,156
"BD76_3","BD76","3","2010s",62,156
"BD77_3","BD77","3","2010s",49,156
"BD78_3","BD78","3","2010s",57,156
"BD79_3","BD79","3","2010s",38,156
"BD80_3","BD80","3","2010s",61,156
"BD81_3","BD81","3","2010s",87,156
"BD82_3","BD82","3","2010s",78,156
"BD83_3","BD83","3","2010s",64,156
"BD84_3","BD84","3","2010s",57,156
"BD85_3","BD85","3","2010s",47,156
"BD86_3","BD86","3","2010s",46,156
"BD87_3","BD87","3","2010s",60,156
"BD88_3","BD88","3","2010s",55,156
"BD89_3","BD89","3","2010s",31,156
"BD90_3","BD90","3","2010s",58,156
"BD91_3","BD91","3","2010s",62,156
"BD92_3","BD92","3","2010s",72,156
"BD93_3","BD93","3","2010s",62,156
"BD94_3","BD94","3","2010s",41,156
"BD95_3","BD95","3","2010s",44,156
"BD96_3","BD96","3","2010s",53,156
"BD97_3","BD97","3","2010s",48,156
"BD98_3","BD98","3","2010s",63,156
"BD99_3","BD99","3","2010s",42,156
"BE03_3","BE03","3","2010s",69,156
"BE04_3","BE04","3","2010s",55,156
"BE05_3","BE05","3","2010s",75,156
"BE06_3","BE06","3","2010s",72,156
"BE07_3","BE07","3","2010s",71,156
"BE08_3","BE08","3","2010s",66,156
"BE09_3","BE09","3","2010s",47,156
"BE11_3","BE11","3","2010s",51,156
"BE12_3","BE12","3","2010s",56,156
"BE13_3","BE13","3","2010s",70,156
"BE14_3","BE14","3","2010s",62,156
"BE15_3","BE15","3","2010s",55,156
"BE16_3","BE16","3","2010s",49,156
"BE17_3","BE17","3","2010s",61,156
"BE18_3","BE18","3","2010s",73,156
"BE19_3","BE19","3","2010s",47,156
"BE20_3","BE20","3","2010s",61,156
"BE21_3","BE21","3","2010s",64,156
"BE22_3","BE22","3","2010s",60,156
"BE23_3","BE23","3","2010s",55,156
"BE24_3","BE24","3","2010s",67,156
"BE25_3","BE25","3","2010s",67,156
"BE26_3","BE26","3","2010s",62,156
"BE27_3","BE27","3","2010s",60,156
"BE28_3","BE28","3","2010s",63,156
"BE29_3","BE29","3","2010s",59,156
"BE30_3","BE30","3","2010s",66,156
"BE31_3","BE31","3","2010s",62,156
"BE32_3","BE32","3","2010s",48,156
"BE33_3","BE33","3","2010s",48,156
"BE34_3","BE34","3","2010s",60,156
"BE35_3","BE35","3","2010s",63,156
"BE36_3","BE36","3","2010s",63,156
"BE37_3","BE37","3","2010s",69,156
"BE38_3","BE38","3","2010s",75,156
"BE39_3","BE39","3","2010s",66,156
"BE40_3","BE40","3","2010s",50,156
"BE41_3","BE41","3","2010s",39,156
"BE42_3","BE42","3","2010s",59,156
"BE43_3","BE43","3","2010s",43,156
"BE44_3","BE44","3","2010s",53,156
"BE45_3","BE45","3","2010s",57,156
"BE46_3","BE46","3","2010s",42,156
"BE47_3","BE47","3","2010s",56,156
"BE48_3","BE48","3","2010s",64,156
"BE49_3","BE49","3","2010s",50,156
"BE50_3","BE50","3","2010s",61,156
"BE51_3","BE51","3","2010s",47,156
"BE52_3","BE52","3","2010s",43,156
"BE53_3","BE53","3","2010s",53,156
"BE54_3","BE54","3","2010s",53,156
"BE55_3","BE55","3","2010s",53,156
"BE56_3","BE56","3","2010s",40,156
"BE57_3","BE57","3","2010s",48,156
"BE58_3","BE58","3","2010s",59,156
"BE59_3","BE59","3","2010s",61,156
"BE60_3","BE60","3","2010s",56,156
"BE61_3","BE61","3","2010s",47,156
"BE62_3","BE62","3","2010s",42,156
"BE63_3","BE63","3","2010s",45,156
"BE64_3","BE64","3","2010s",48,156
"BE65_3","BE65","3","2010s",66,156
"BE66_3","BE66","3","2010s",61,156
"BE67_3","BE67","3","2010s",43,156
"BE68_3","BE68","3","2010s",66,156
"BE69_3","BE69","3","2010s",65,156
"BE70_3","BE70","3","2010s",46,156
"BE71_3","BE71","3","2010s",47,156
"BE72_3","BE72","3","2010s",38,156
"BE73_3","BE73","3","2010s",40,156
"BE74_3","BE74","3","2010s",49,156
"BE75_3","BE75","3","2010s",57,156
"BE76_3","BE76","3","2010s",65,156
"BE77_3","BE77","3","2010s",72,156
"BE78_3","BE78","3","2010s",62,156
"BE79_3","BE79","3","2010s",40,156
"BE80_3","BE80","3","2010s",73,156
"BE81_3","BE81","3","2010s",48,156
"BE82_3","BE82","3","2010s",46,156
"BE83_3","BE83","3","2010s",44,156
"BE84_3","BE84","3","2010s",60,156
"BE85_3","BE85","3","2010s",62,156
"BE86_3","BE86","3","2010s",72,156
"BE87_3","BE87","3","2010s",70,156
"BE88_3","BE88","3","2010s",80,156
"BE89_3","BE89","3","2010s",74,156
"BE90_3","BE90","3","2010s",72,156
"BE91_3","BE91","3","2010s",65,156
"BE92_3","BE92","3","2010s",50,156
"BE93_3","BE93","3","2010s",66,156
"BE94_3","BE94","3","2010s",60,156
"BE95_3","BE95","3","2010s",66,156
"BE96_3","BE96","3","2010s",62,156
"BE97_3","BE97","3","2010s",58,156
"BE98_3","BE98","3","2010s",68,156
"BE99_3","BE99","3","2010s",60,156
"BF00_3","BF00","3","2010s",50,156
"BF01_3","BF01","3","2010s",55,156
"BF02_3","BF02","3","2010s",80,156
"BF03_3","BF03","3","2010s",68,156
"BF04_3","BF04","3","2010s",90,156
"BF05_3","BF05","3","2010s",60,156
"BF06_3","BF06","3","2010s",64,156
"BF07_3","BF07","3","2010s",76,156
"BF08_3","BF08","3","2010s",53,156
"BF11_3","BF11","3","2010s",68,156
"BF12_3","BF12","3","2010s",55,156
"BF13_3","BF13","3","2010s",61,156
"BF14_3","BF14","3","2010s",56,156
"BF15_3","BF15","3","2010s",58,156
"BF16_3","BF16","3","2010s",63,156
"BF17_3","BF17","3","2010s",55,156
"BF18_3","BF18","3","2010s",54,156
"BF20_3","BF20","3","2010s",71,156
"BF21_3","BF21","3","2010s",58,156
"BF22_3","BF22","3","2010s",63,156
"BF23_3","BF23","3","2010s",67,156
"BF24_3","BF24","3","2010s",65,156
"BF25_3","BF25","3","2010s",68,156
"BF26_3","BF26","3","2010s",62,156
"BF27_3","BF27","3","2010s",60,156
"BF28_3","BF28","3","2010s",61,156
"BF29_3","BF29","3","2010s",76,156
"BF30_3","BF30","3","2010s",65,156
"BF31_3","BF31","3","2010s",58,156
"BF32_3","BF32","3","2010s",85,156
"BF33_3","BF33","3","2010s",77,156
"BF34_3","BF34","3","2010s",59,156
"BF35_3","BF35","3","2010s",70,156
"BF36_3","BF36","3","2010s",67,156
"BF37_3","BF37","3","2010s",67,156
"BF38_3","BF38","3","2010s",69,156
"BF39_3","BF39","3","2010s",86,156
"BF40_3","BF40","3","2010s",68,156
"BF41_3","BF41","3","2010s",62,156
"BF42_3","BF42","3","2010s",63,156
"BF43_3","BF43","3","2010s",62,156
"BF44_3","BF44","3","2010s",59,156
"BF45_3","BF45","3","2010s",65,156
"BF46_3","BF46","3","2010s",47,156
"BF47_3","BF47","3","2010s",64,156
"BF48_3","BF48","3","2010s",48,156
"BF49_3","BF49","3","2010s",87,156
"BF50_3","BF50","3","2010s",47,156
"BF51_3","BF51","3","2010s",52,156
"BF52_3","BF52","3","2010s",53,156
"BF53_3","BF53","3","2010s",56,156
"BF54_3","BF54","3","2010s",66,156
"BF55_3","BF55","3","2010s",42,156
"BF56_3","BF56","3","2010s",55,156
"BF57_3","BF57","3","2010s",48,156
"BF58_3","BF58","3","2010s",48,156
"BF59_3","BF59","3","2010s",64,156
"BF60_3","BF60","3","2010s",59,156
"BF61_3","BF61","3","2010s",59,156
"BF62_3","BF62","3","2010s",45,156
"BF63_3","BF63","3","2010s",50,156
"BF64_3","BF64","3","2010s",50,156
"BF65_3","BF65","3","2010s",62,156
"BF66_3","BF66","3","2010s",58,156
"BF67_3","BF67","3","2010s",57,156
"BF68_3","BF68","3","2010s",55,156
"BF69_3","BF69","3","2010s",61,156
"BF70_3","BF70","3","2010s",50,156
"BF71_3","BF71","3","2010s",52,156
"BF72_3","BF72","3","2010s",52,156
"BF73_3","BF73","3","2010s",62,156
"BF74_3","BF74","3","2010s",48,156
"BF75_3","BF75","3","2010s",54,156
"BF76_3","BF76","3","2010s",40,156
"BF77_3","BF77","3","2010s",62,156
"BF78_3","BF78","3","2010s",47,156
"BF79_3","BF79","3","2010s",60,156
"BF80_3","BF80","3","2010s",50,156
"BF81_3","BF81","3","2010s",51,156
"BF82_3","BF82","3","2010s",61,156
"BF83_3","BF83","3","2010s",56,156
"BF84_3","BF84","3","2010s",52,156
"BF85_3","BF85","3","2010s",57,156
"BF86_3","BF86","3","2010s",45,156
"BF87_3","BF87","3","2010s",57,156
"BF88_3","BF88","3","2010s",49,156
"BF89_3","BF89","3","2010s",56,156
"BF90_3","BF90","3","2010s",46,156
"BF91_3","BF91","3","2010s",48,156
"BF92_3","BF92","3","2010s",63,156
"BF93_3","BF93","3","2010s",51,156
"BF94_3","BF94","3","2010s",56,156
"BF95_3","BF95","3","2010s",62,156
"BF96_3","BF96","3","2010s",60,156
"BF97_3","BF97","3","2010s",52,156
"BF98_3","BF98","3","2010s",48,156
"BF99_3","BF99","3","2010s",52,156
"BG27_3","BG27","3","2010s",58,156
"BG28_3","BG28","3","2010s",60,156
"BG29_3","BG29","3","2010s",86,156
"BG30_3","BG30","3","2010s",36,156
"BG31_3","BG31","3","2010s",73,156
"BG32_3","BG32","3","2010s",68,156
"BG33_3","BG33","3","2010s",16,156
"BG39_3","BG39","3","2010s",75,156
"BG41_3","BG41","3","2010s",52,156
"BG42_3","BG42","3","2010s",57,156
"BG43_3","BG43","3","2010s",43,156
"BG45_3","BG45","3","2010s",74,156
"BG49_3","BG49","3","2010s",71,156
"BG50_3","BG50","3","2010s",61,156
"BG54_3","BG54","3","2010s",48,156
"BG55_3","BG55","3","2010s",65,156
"BG57_3","BG57","3","2010s",51,156
"BG58_3","BG58","3","2010s",72,156
"BG59_3","BG59","3","2010s",53,156
"BG60_3","BG60","3","2010s",57,156
"BG61_3","BG61","3","2010s",58,156
"BG62_3","BG62","3","2010s",68,156
"BG63_3","BG63","3","2010s",64,156
"BG64_3","BG64","3","2010s",48,156
"BG65_3","BG65","3","2010s",70,156
"BG66_3","BG66","3","2010s",56,156
"BG67_3","BG67","3","2010s",57,156
"BG68_3","BG68","3","2010s",53,156
"BG69_3","BG69","3","2010s",55,156
"BG70_3","BG70","3","2010s",52,156
"BG71_3","BG71","3","2010s",57,156
"BG72_3","BG72","3","2010s",61,156
"BG73_3","BG73","3","2010s",76,156
"BG74_3","BG74","3","2010s",45,156
"BG75_3","BG75","3","2010s",51,156
"BG76_3","BG76","3","2010s",77,156
"BG77_3","BG77","3","2010s",41,156
"BG78_3","BG78","3","2010s",61,156
"BG79_3","BG79","3","2010s",56,156
"BG80_3","BG80","3","2010s",65,156
"BG81_3","BG81","3","2010s",51,156
"BG82_3","BG82","3","2010s",72,156
"BG83_3","BG83","3","2010s",72,156
"BG84_3","BG84","3","2010s",52,156
"BG85_3","BG85","3","2010s",65,156
"BG86_3","BG86","3","2010s",50,156
"BG87_3","BG87","3","2010s",51,156
"BG88_3","BG88","3","2010s",54,156
"BG89_3","BG89","3","2010s",49,156
"BG90_3","BG90","3","2010s",58,156
"BG91_3","BG91","3","2010s",65,156
"BG92_3","BG92","3","2010s",77,156
"BG93_3","BG93","3","2010s",79,156
"BG94_3","BG94","3","2010s",67,156
"BG95_3","BG95","3","2010s",72,156
"BG96_3","BG96","3","2010s",45,156
"BG97_3","BG97","3","2010s",49,156
"BG98_3","BG98","3","2010s",50,156
"BG99_3","BG99","3","2010s",44,156
"BH57_3","BH57","3","2010s",47,156
"BH58_3","BH58","3","2010s",58,156
"BH59_3","BH59","3","2010s",55,156
"BH66_3","BH66","3","2010s",43,156
"BH67_3","BH67","3","2010s",48,156
"BH68_3","BH68","3","2010s",62,156
"BH69_3","BH69","3","2010s",61,156
"BH76_3","BH76","3","2010s",45,156
"BH77_3","BH77","3","2010s",70,156
"BH78_3","BH78","3","2010s",52,156
"BH79_3","BH79","3","2010s",65,156
"BH86_3","BH86","3","2010s",70,156
"BH87_3","BH87","3","2010s",77,156
"BH88_3","BH88","3","2010s",57,156
"BH89_3","BH89","3","2010s",72,156
"BH96_3","BH96","3","2010s",37,156
"BH97_3","BH97","3","2010s",61,156
"BH98_3","BH98","3","2010s",59,156
"BH99_3","BH99","3","2010s",72,156
"CB80_3","CB80","3","2010s",62,156
"CB81_3","CB81","3","2010s",68,156
"CB90_3","CB90","3","2010s",59,156
"CB91_3","CB91","3","2010s",44,156
"CB92_3","CB92","3","2010s",46,156
"CB93_3","CB93","3","2010s",57,156
"CC04_3","CC04","3","2010s",94,156
"CC05_3","CC05","3","2010s",76,156
"CC06_3","CC06","3","2010s",71,156
"CC14_3","CC14","3","2010s",64,156
"CC15_3","CC15","3","2010s",52,156
"CC16_3","CC16","3","2010s",55,156
"CC20_3","CC20","3","2010s",68,156
"CC21_3","CC21","3","2010s",63,156
"CC23_3","CC23","3","2010s",38,156
"CC24_3","CC24","3","2010s",60,156
"CC25_3","CC25","3","2010s",48,156
"CC26_3","CC26","3","2010s",50,156
"CC30_3","CC30","3","2010s",71,156
"CC31_3","CC31","3","2010s",78,156
"CC32_3","CC32","3","2010s",61,156
"CC33_3","CC33","3","2010s",57,156
"CC34_3","CC34","3","2010s",50,156
"CC35_3","CC35","3","2010s",58,156
"CC36_3","CC36","3","2010s",65,156
"CC40_3","CC40","3","2010s",56,156
"CC41_3","CC41","3","2010s",62,156
"CC42_3","CC42","3","2010s",49,156
"CC43_3","CC43","3","2010s",49,156
"CC44_3","CC44","3","2010s",54,156
"CC45_3","CC45","3","2010s",51,156
"CC46_3","CC46","3","2010s",76,156
"CC50_3","CC50","3","2010s",59,156
"CC51_3","CC51","3","2010s",59,156
"CC52_3","CC52","3","2010s",55,156
"CC53_3","CC53","3","2010s",56,156
"CC54_3","CC54","3","2010s",62,156
"CC55_3","CC55","3","2010s",56,156
"CC56_3","CC56","3","2010s",58,156
"CC57_3","CC57","3","2010s",52,156
"CC60_3","CC60","3","2010s",69,156
"CC61_3","CC61","3","2010s",86,156
"CC62_3","CC62","3","2010s",70,156
"CC63_3","CC63","3","2010s",62,156
"CC64_3","CC64","3","2010s",53,156
"CC65_3","CC65","3","2010s",54,156
"CC66_3","CC66","3","2010s",55,156
"CC67_3","CC67","3","2010s",61,156
"CC68_3","CC68","3","2010s",44,156
"CC70_3","CC70","3","2010s",67,156
"CC71_3","CC71","3","2010s",89,156
"CC72_3","CC72","3","2010s",79,156
"CC75_3","CC75","3","2010s",84,156
"CC76_3","CC76","3","2010s",52,156
"CC77_3","CC77","3","2010s",61,156
"CC78_3","CC78","3","2010s",41,156
"CC79_3","CC79","3","2010s",56,156
"CC80_3","CC80","3","2010s",87,156
"CC81_3","CC81","3","2010s",64,156
"CC82_3","CC82","3","2010s",62,156
"CC83_3","CC83","3","2010s",55,156
"CC84_3","CC84","3","2010s",39,156
"CC85_3","CC85","3","2010s",64,156
"CC86_3","CC86","3","2010s",61,156
"CC87_3","CC87","3","2010s",64,156
"CC88_3","CC88","3","2010s",56,156
"CC89_3","CC89","3","2010s",55,156
"CC90_3","CC90","3","2010s",80,156
"CC91_3","CC91","3","2010s",99,156
"CC92_3","CC92","3","2010s",65,156
"CC93_3","CC93","3","2010s",62,156
"CC94_3","CC94","3","2010s",61,156
"CC95_3","CC95","3","2010s",61,156
"CC96_3","CC96","3","2010s",75,156
"CC97_3","CC97","3","2010s",69,156
"CC98_3","CC98","3","2010s",69,156
"CC99_3","CC99","3","2010s",52,156
"CD00_3","CD00","3","2010s",53,156
"CD01_3","CD01","3","2010s",56,156
"CD02_3","CD02","3","2010s",58,156
"CD03_3","CD03","3","2010s",87,156
"CD04_3","CD04","3","2010s",66,156
"CD05_3","CD05","3","2010s",63,156
"CD06_3","CD06","3","2010s",49,156
"CD07_3","CD07","3","2010s",53,156
"CD08_3","CD08","3","2010s",59,156
"CD09_3","CD09","3","2010s",58,156
"CD10_3","CD10","3","2010s",60,156
"CD11_3","CD11","3","2010s",62,156
"CD12_3","CD12","3","2010s",68,156
"CD13_3","CD13","3","2010s",57,156
"CD14_3","CD14","3","2010s",62,156
"CD15_3","CD15","3","2010s",60,156
"CD16_3","CD16","3","2010s",41,156
"CD17_3","CD17","3","2010s",68,156
"CD18_3","CD18","3","2010s",50,156
"CD20_3","CD20","3","2010s",74,156
"CD21_3","CD21","3","2010s",68,156
"CD22_3","CD22","3","2010s",52,156
"CD23_3","CD23","3","2010s",75,156
"CD24_3","CD24","3","2010s",62,156
"CD26_3","CD26","3","2010s",56,156
"CD28_3","CD28","3","2010s",64,156
"CD29_3","CD29","3","2010s",56,156
"CD30_3","CD30","3","2010s",63,156
"CD31_3","CD31","3","2010s",62,156
"CD32_3","CD32","3","2010s",70,156
"CD33_3","CD33","3","2010s",72,156
"CD34_3","CD34","3","2010s",64,156
"CD36_3","CD36","3","2010s",63,156
"CD37_3","CD37","3","2010s",53,156
"CD38_3","CD38","3","2010s",54,156
"CD39_3","CD39","3","2010s",69,156
"CD40_3","CD40","3","2010s",69,156
"CD41_3","CD41","3","2010s",77,156
"CD42_3","CD42","3","2010s",54,156
"CD43_3","CD43","3","2010s",90,156
"CD44_3","CD44","3","2010s",56,156
"CD45_3","CD45","3","2010s",55,156
"CD46_3","CD46","3","2010s",53,156
"CD47_3","CD47","3","2010s",65,156
"CD48_3","CD48","3","2010s",53,156
"CD49_3","CD49","3","2010s",51,156
"CD50_3","CD50","3","2010s",77,156
"CD51_3","CD51","3","2010s",67,156
"CD52_3","CD52","3","2010s",70,156
"CD53_3","CD53","3","2010s",58,156
"CD54_3","CD54","3","2010s",76,156
"CD55_3","CD55","3","2010s",64,156
"CD56_3","CD56","3","2010s",61,156
"CD57_3","CD57","3","2010s",61,156
"CD58_3","CD58","3","2010s",42,156
"CD59_3","CD59","3","2010s",53,156
"CD60_3","CD60","3","2010s",83,156
"CD61_3","CD61","3","2010s",75,156
"CD62_3","CD62","3","2010s",64,156
"CD63_3","CD63","3","2010s",69,156
"CD64_3","CD64","3","2010s",52,156
"CD65_3","CD65","3","2010s",55,156
"CD66_3","CD66","3","2010s",69,156
"CD67_3","CD67","3","2010s",69,156
"CD68_3","CD68","3","2010s",45,156
"CD69_3","CD69","3","2010s",61,156
"CD70_3","CD70","3","2010s",73,156
"CD71_3","CD71","3","2010s",103,156
"CD72_3","CD72","3","2010s",78,156
"CD73_3","CD73","3","2010s",68,156
"CD74_3","CD74","3","2010s",66,156
"CD75_3","CD75","3","2010s",62,156
"CD76_3","CD76","3","2010s",57,156
"CD77_3","CD77","3","2010s",51,156
"CD78_3","CD78","3","2010s",51,156
"CD79_3","CD79","3","2010s",60,156
"CD80_3","CD80","3","2010s",72,156
"CD81_3","CD81","3","2010s",91,156
"CD82_3","CD82","3","2010s",58,156
"CD83_3","CD83","3","2010s",69,156
"CD84_3","CD84","3","2010s",77,156
"CD85_3","CD85","3","2010s",54,156
"CD86_3","CD86","3","2010s",53,156
"CD87_3","CD87","3","2010s",44,156
"CD88_3","CD88","3","2010s",64,156
"CD89_3","CD89","3","2010s",66,156
"CD90_3","CD90","3","2010s",68,156
"CD91_3","CD91","3","2010s",93,156
"CD92_3","CD92","3","2010s",74,156
"CD93_3","CD93","3","2010s",71,156
"CD94_3","CD94","3","2010s",60,156
"CD95_3","CD95","3","2010s",89,156
"CD96_3","CD96","3","2010s",65,156
"CD97_3","CD97","3","2010s",50,156
"CD98_3","CD98","3","2010s",68,156
"CD99_3","CD99","3","2010s",71,156
"CE00_3","CE00","3","2010s",74,156
"CE01_3","CE01","3","2010s",72,156
"CE02_3","CE02","3","2010s",82,156
"CE03_3","CE03","3","2010s",53,156
"CE04_3","CE04","3","2010s",52,156
"CE05_3","CE05","3","2010s",52,156
"CE06_3","CE06","3","2010s",46,156
"CE07_3","CE07","3","2010s",50,156
"CE08_3","CE08","3","2010s",62,156
"CE09_3","CE09","3","2010s",56,156
"CE10_3","CE10","3","2010s",65,156
"CE11_3","CE11","3","2010s",83,156
"CE12_3","CE12","3","2010s",72,156
"CE13_3","CE13","3","2010s",77,156
"CE14_3","CE14","3","2010s",60,156
"CE15_3","CE15","3","2010s",48,156
"CE16_3","CE16","3","2010s",58,156
"CE17_3","CE17","3","2010s",60,156
"CE18_3","CE18","3","2010s",69,156
"CE19_3","CE19","3","2010s",54,156
"CE20_3","CE20","3","2010s",53,156
"CE21_3","CE21","3","2010s",75,156
"CE22_3","CE22","3","2010s",71,156
"CE23_3","CE23","3","2010s",61,156
"CE24_3","CE24","3","2010s",62,156
"CE25_3","CE25","3","2010s",51,156
"CE26_3","CE26","3","2010s",53,156
"CE27_3","CE27","3","2010s",64,156
"CE28_3","CE28","3","2010s",72,156
"CE29_3","CE29","3","2010s",57,156
"CE30_3","CE30","3","2010s",72,156
"CE31_3","CE31","3","2010s",64,156
"CE32_3","CE32","3","2010s",61,156
"CE33_3","CE33","3","2010s",61,156
"CE34_3","CE34","3","2010s",49,156
"CE35_3","CE35","3","2010s",67,156
"CE36_3","CE36","3","2010s",57,156
"CE37_3","CE37","3","2010s",56,156
"CE38_3","CE38","3","2010s",74,156
"CE39_3","CE39","3","2010s",59,156
"CE40_3","CE40","3","2010s",73,156
"CE41_3","CE41","3","2010s",49,156
"CE42_3","CE42","3","2010s",65,156
"CE43_3","CE43","3","2010s",58,156
"CE44_3","CE44","3","2010s",70,156
"CE45_3","CE45","3","2010s",71,156
"CE46_3","CE46","3","2010s",51,156
"CE47_3","CE47","3","2010s",52,156
"CE48_3","CE48","3","2010s",65,156
"CE49_3","CE49","3","2010s",79,156
"CE50_3","CE50","3","2010s",63,156
"CE51_3","CE51","3","2010s",70,156
"CE52_3","CE52","3","2010s",77,156
"CE53_3","CE53","3","2010s",57,156
"CE54_3","CE54","3","2010s",50,156
"CE55_3","CE55","3","2010s",63,156
"CE56_3","CE56","3","2010s",58,156
"CE57_3","CE57","3","2010s",49,156
"CE58_3","CE58","3","2010s",55,156
"CE59_3","CE59","3","2010s",52,156
"CE60_3","CE60","3","2010s",74,156
"CE61_3","CE61","3","2010s",78,156
"CE62_3","CE62","3","2010s",92,156
"CE63_3","CE63","3","2010s",69,156
"CE64_3","CE64","3","2010s",81,156
"CE65_3","CE65","3","2010s",77,156
"CE66_3","CE66","3","2010s",54,156
"CE67_3","CE67","3","2010s",61,156
"CE68_3","CE68","3","2010s",50,156
"CE69_3","CE69","3","2010s",57,156
"CE70_3","CE70","3","2010s",64,156
"CE71_3","CE71","3","2010s",53,156
"CE72_3","CE72","3","2010s",78,156
"CE73_3","CE73","3","2010s",67,156
"CE74_3","CE74","3","2010s",81,156
"CE75_3","CE75","3","2010s",84,156
"CE76_3","CE76","3","2010s",44,156
"CE77_3","CE77","3","2010s",54,156
"CE78_3","CE78","3","2010s",60,156
"CE79_3","CE79","3","2010s",61,156
"CE80_3","CE80","3","2010s",85,156
"CE81_3","CE81","3","2010s",94,156
"CE82_3","CE82","3","2010s",99,156
"CE83_3","CE83","3","2010s",69,156
"CE84_3","CE84","3","2010s",62,156
"CE85_3","CE85","3","2010s",71,156
"CE86_3","CE86","3","2010s",81,156
"CE87_3","CE87","3","2010s",55,156
"CE88_3","CE88","3","2010s",54,156
"CE89_3","CE89","3","2010s",60,156
"CE90_3","CE90","3","2010s",65,156
"CE91_3","CE91","3","2010s",55,156
"CE92_3","CE92","3","2010s",65,156
"CE93_3","CE93","3","2010s",54,156
"CE94_3","CE94","3","2010s",49,156
"CE95_3","CE95","3","2010s",40,156
"CE96_3","CE96","3","2010s",81,156
"CE97_3","CE97","3","2010s",65,156
"CE98_3","CE98","3","2010s",51,156
"CE99_3","CE99","3","2010s",65,156
"CF00_3","CF00","3","2010s",70,156
"CF01_3","CF01","3","2010s",40,156
"CF02_3","CF02","3","2010s",63,156
"CF03_3","CF03","3","2010s",59,156
"CF04_3","CF04","3","2010s",73,156
"CF05_3","CF05","3","2010s",50,156
"CF06_3","CF06","3","2010s",59,156
"CF07_3","CF07","3","2010s",55,156
"CF08_3","CF08","3","2010s",72,156
"CF09_3","CF09","3","2010s",61,156
"CF10_3","CF10","3","2010s",75,156
"CF11_3","CF11","3","2010s",50,156
"CF12_3","CF12","3","2010s",58,156
"CF13_3","CF13","3","2010s",74,156
"CF14_3","CF14","3","2010s",55,156
"CF15_3","CF15","3","2010s",44,156
"CF16_3","CF16","3","2010s",60,156
"CF17_3","CF17","3","2010s",45,156
"CF18_3","CF18","3","2010s",64,156
"CF19_3","CF19","3","2010s",50,156
"CF20_3","CF20","3","2010s",47,156
"CF21_3","CF21","3","2010s",48,156
"CF22_3","CF22","3","2010s",46,156
"CF23_3","CF23","3","2010s",68,156
"CF24_3","CF24","3","2010s",67,156
"CF25_3","CF25","3","2010s",65,156
"CF26_3","CF26","3","2010s",65,156
"CF27_3","CF27","3","2010s",58,156
"CF28_3","CF28","3","2010s",51,156
"CF29_3","CF29","3","2010s",78,156
"CF30_3","CF30","3","2010s",59,156
"CF31_3","CF31","3","2010s",67,156
"CF32_3","CF32","3","2010s",78,156
"CF33_3","CF33","3","2010s",76,156
"CF34_3","CF34","3","2010s",76,156
"CF35_3","CF35","3","2010s",66,156
"CF36_3","CF36","3","2010s",57,156
"CF37_3","CF37","3","2010s",54,156
"CF38_3","CF38","3","2010s",56,156
"CF39_3","CF39","3","2010s",69,156
"CF40_3","CF40","3","2010s",80,156
"CF41_3","CF41","3","2010s",79,156
"CF42_3","CF42","3","2010s",57,156
"CF43_3","CF43","3","2010s",60,156
"CF44_3","CF44","3","2010s",71,156
"CF45_3","CF45","3","2010s",71,156
"CF46_3","CF46","3","2010s",58,156
"CF47_3","CF47","3","2010s",71,156
"CF48_3","CF48","3","2010s",56,156
"CF49_3","CF49","3","2010s",84,156
"CF50_3","CF50","3","2010s",79,156
"CF51_3","CF51","3","2010s",89,156
"CF52_3","CF52","3","2010s",62,156
"CF53_3","CF53","3","2010s",67,156
"CF54_3","CF54","3","2010s",76,156
"CF55_3","CF55","3","2010s",78,156
"CF56_3","CF56","3","2010s",68,156
"CF57_3","CF57","3","2010s",70,156
"CF58_3","CF58","3","2010s",68,156
"CF59_3","CF59","3","2010s",59,156
"CF60_3","CF60","3","2010s",71,156
"CF61_3","CF61","3","2010s",67,156
"CF62_3","CF62","3","2010s",74,156
"CF63_3","CF63","3","2010s",67,156
"CF64_3","CF64","3","2010s",76,156
"CF65_3","CF65","3","2010s",67,156
"CF66_3","CF66","3","2010s",58,156
"CF67_3","CF67","3","2010s",77,156
"CF68_3","CF68","3","2010s",62,156
"CF69_3","CF69","3","2010s",66,156
"CF70_3","CF70","3","2010s",72,156
"CF71_3","CF71","3","2010s",63,156
"CF72_3","CF72","3","2010s",63,156
"CF73_3","CF73","3","2010s",75,156
"CF74_3","CF74","3","2010s",78,156
"CF75_3","CF75","3","2010s",71,156
"CF76_3","CF76","3","2010s",56,156
"CF77_3","CF77","3","2010s",52,156
"CF78_3","CF78","3","2010s",74,156
"CF79_3","CF79","3","2010s",60,156
"CF80_3","CF80","3","2010s",66,156
"CF81_3","CF81","3","2010s",48,156
"CF82_3","CF82","3","2010s",69,156
"CF83_3","CF83","3","2010s",74,156
"CF84_3","CF84","3","2010s",72,156
"CF85_3","CF85","3","2010s",49,156
"CF86_3","CF86","3","2010s",66,156
"CF87_3","CF87","3","2010s",62,156
"CF88_3","CF88","3","2010s",52,156
"CF89_3","CF89","3","2010s",72,156
"CF90_3","CF90","3","2010s",60,156
"CF91_3","CF91","3","2010s",70,156
"CF92_3","CF92","3","2010s",80,156
"CF93_3","CF93","3","2010s",73,156
"CF94_3","CF94","3","2010s",52,156
"CF95_3","CF95","3","2010s",75,156
"CF96_3","CF96","3","2010s",62,156
"CF97_3","CF97","3","2010s",59,156
"CF98_3","CF98","3","2010s",72,156
"CF99_3","CF99","3","2010s",63,156
"CG00_3","CG00","3","2010s",43,156
"CG01_3","CG01","3","2010s",44,156
"CG02_3","CG02","3","2010s",50,156
"CG03_3","CG03","3","2010s",60,156
"CG04_3","CG04","3","2010s",58,156
"CG05_3","CG05","3","2010s",89,156
"CG06_3","CG06","3","2010s",66,156
"CG07_3","CG07","3","2010s",65,156
"CG08_3","CG08","3","2010s",58,156
"CG09_3","CG09","3","2010s",73,156
"CG10_3","CG10","3","2010s",47,156
"CG11_3","CG11","3","2010s",50,156
"CG12_3","CG12","3","2010s",56,156
"CG13_3","CG13","3","2010s",62,156
"CG14_3","CG14","3","2010s",53,156
"CG15_3","CG15","3","2010s",80,156
"CG16_3","CG16","3","2010s",51,156
"CG17_3","CG17","3","2010s",56,156
"CG18_3","CG18","3","2010s",50,156
"CG19_3","CG19","3","2010s",69,156
"CG20_3","CG20","3","2010s",49,156
"CG21_3","CG21","3","2010s",42,156
"CG22_3","CG22","3","2010s",61,156
"CG23_3","CG23","3","2010s",68,156
"CG24_3","CG24","3","2010s",64,156
"CG25_3","CG25","3","2010s",62,156
"CG26_3","CG26","3","2010s",58,156
"CG27_3","CG27","3","2010s",60,156
"CG28_3","CG28","3","2010s",56,156
"CG29_3","CG29","3","2010s",71,156
"CG30_3","CG30","3","2010s",54,156
"CG31_3","CG31","3","2010s",54,156
"CG32_3","CG32","3","2010s",49,156
"CG33_3","CG33","3","2010s",78,156
"CG34_3","CG34","3","2010s",80,156
"CG35_3","CG35","3","2010s",53,156
"CG36_3","CG36","3","2010s",68,156
"CG37_3","CG37","3","2010s",63,156
"CG38_3","CG38","3","2010s",64,156
"CG39_3","CG39","3","2010s",85,156
"CG40_3","CG40","3","2010s",72,156
"CG41_3","CG41","3","2010s",61,156
"CG42_3","CG42","3","2010s",69,156
"CG43_3","CG43","3","2010s",71,156
"CG44_3","CG44","3","2010s",83,156
"CG45_3","CG45","3","2010s",58,156
"CG46_3","CG46","3","2010s",84,156
"CG47_3","CG47","3","2010s",75,156
"CG48_3","CG48","3","2010s",76,156
"CG49_3","CG49","3","2010s",74,156
"CG50_3","CG50","3","2010s",73,156
"CG51_3","CG51","3","2010s",71,156
"CG52_3","CG52","3","2010s",63,156
"CG53_3","CG53","3","2010s",71,156
"CG54_3","CG54","3","2010s",97,156
"CG55_3","CG55","3","2010s",73,156
"CG56_3","CG56","3","2010s",59,156
"CG57_3","CG57","3","2010s",59,156
"CG58_3","CG58","3","2010s",63,156
"CG59_3","CG59","3","2010s",74,156
"CG60_3","CG60","3","2010s",54,156
"CG61_3","CG61","3","2010s",54,156
"CG62_3","CG62","3","2010s",77,156
"CG63_3","CG63","3","2010s",61,156
"CG64_3","CG64","3","2010s",69,156
"CG65_3","CG65","3","2010s",83,156
"CG66_3","CG66","3","2010s",62,156
"CG67_3","CG67","3","2010s",59,156
"CG68_3","CG68","3","2010s",47,156
"CG69_3","CG69","3","2010s",66,156
"CG73_3","CG73","3","2010s",72,156
"CG74_3","CG74","3","2010s",69,156
"CG75_3","CG75","3","2010s",69,156
"CG76_3","CG76","3","2010s",57,156
"CG77_3","CG77","3","2010s",63,156
"CG78_3","CG78","3","2010s",68,156
"CG79_3","CG79","3","2010s",63,156
"CG80_3","CG80","3","2010s",47,156
"CG83_3","CG83","3","2010s",70,156
"CG84_3","CG84","3","2010s",75,156
"CG85_3","CG85","3","2010s",66,156
"CG89_3","CG89","3","2010s",58,156
"CG90_3","CG90","3","2010s",59,156
"CG99_3","CG99","3","2010s",56,156
"CH06_3","CH06","3","2010s",61,156
"CH07_3","CH07","3","2010s",52,156
"CH08_3","CH08","3","2010s",49,156
"CH09_3","CH09","3","2010s",50,156
"CH16_3","CH16","3","2010s",53,156
"CH17_3","CH17","3","2010s",53,156
"CH18_3","CH18","3","2010s",51,156
"CH19_3","CH19","3","2010s",56,156
"CH25_3","CH25","3","2010s",25,156
"CH26_3","CH26","3","2010s",62,156
"CH27_3","CH27","3","2010s",45,156
"CH28_3","CH28","3","2010s",49,156
"CH29_3","CH29","3","2010s",44,156
"CH34_3","CH34","3","2010s",54,156
"CH35_3","CH35","3","2010s",77,156
"CH36_3","CH36","3","2010s",49,156
"CH37_3","CH37","3","2010s",72,156
"CH38_3","CH38","3","2010s",56,156
"CH39_3","CH39","3","2010s",44,156
"CH45_3","CH45","3","2010s",89,156
"CH46_3","CH46","3","2010s",70,156
"CH47_3","CH47","3","2010s",53,156
"CH48_3","CH48","3","2010s",79,156
"CH49_3","CH49","3","2010s",61,156
"CH55_3","CH55","3","2010s",59,156
"CH56_3","CH56","3","2010s",81,156
"CH57_3","CH57","3","2010s",83,156
"CH58_3","CH58","3","2010s",67,156
"CH59_3","CH59","3","2010s",69,156
"CH65_3","CH65","3","2010s",25,156
"CH66_3","CH66","3","2010s",57,156
"CH67_3","CH67","3","2010s",52,156
"CH68_3","CH68","3","2010s",73,156
"CH69_3","CH69","3","2010s",66,156
"CH76_3","CH76","3","2010s",50,156
"CH77_3","CH77","3","2010s",85,156
"CH78_3","CH78","3","2010s",63,156
"CH79_3","CH79","3","2010s",67,156
"CH86_3","CH86","3","2010s",65,156
"CH87_3","CH87","3","2010s",62,156
"CH88_3","CH88","3","2010s",61,156
"CH89_3","CH89","3","2010s",49,156
"CH95_3","CH95","3","2010s",61,156
"CH96_3","CH96","3","2010s",62,156
"CH97_3","CH97","3","2010s",71,156
"CH98_3","CH98","3","2010s",71,156
"CH99_3","CH99","3","2010s",56,156
"DB00_3","DB00","3","2010s",48,156
"DB01_3","DB01","3","2010s",50,156
"DB02_3","DB02","3","2010s",41,156
"DB03_3","DB03","3","2010s",57,156
"DB04_3","DB04","3","2010s",62,156
"DB05_3","DB05","3","2010s",68,156
"DB10_3","DB10","3","2010s",49,156
"DB11_3","DB11","3","2010s",57,156
"DB12_3","DB12","3","2010s",47,156
"DB13_3","DB13","3","2010s",74,156
"DB14_3","DB14","3","2010s",58,156
"DB15_3","DB15","3","2010s",70,156
"DB16_3","DB16","3","2010s",70,156
"DB20_3","DB20","3","2010s",53,156
"DB21_3","DB21","3","2010s",51,156
"DB22_3","DB22","3","2010s",67,156
"DB23_3","DB23","3","2010s",56,156
"DB24_3","DB24","3","2010s",61,156
"DB25_3","DB25","3","2010s",51,156
"DB26_3","DB26","3","2010s",67,156
"DB30_3","DB30","3","2010s",53,156
"DB31_3","DB31","3","2010s",70,156
"DB32_3","DB32","3","2010s",73,156
"DB33_3","DB33","3","2010s",69,156
"DB34_3","DB34","3","2010s",70,156
"DB35_3","DB35","3","2010s",55,156
"DB36_3","DB36","3","2010s",87,156
"DB40_3","DB40","3","2010s",55,156
"DB41_3","DB41","3","2010s",53,156
"DB42_3","DB42","3","2010s",78,156
"DB43_3","DB43","3","2010s",74,156
"DB44_3","DB44","3","2010s",79,156
"DB45_3","DB45","3","2010s",78,156
"DB46_3","DB46","3","2010s",85,156
"DB50_3","DB50","3","2010s",55,156
"DB51_3","DB51","3","2010s",55,156
"DB52_3","DB52","3","2010s",64,156
"DB53_3","DB53","3","2010s",67,156
"DB54_3","DB54","3","2010s",76,156
"DB55_3","DB55","3","2010s",84,156
"DB56_3","DB56","3","2010s",73,156
"DB57_3","DB57","3","2010s",83,156
"DB60_3","DB60","3","2010s",47,156
"DB61_3","DB61","3","2010s",59,156
"DB62_3","DB62","3","2010s",60,156
"DB63_3","DB63","3","2010s",61,156
"DB64_3","DB64","3","2010s",69,156
"DB65_3","DB65","3","2010s",70,156
"DB66_3","DB66","3","2010s",68,156
"DB67_3","DB67","3","2010s",84,156
"DB68_3","DB68","3","2010s",48,156
"DB70_3","DB70","3","2010s",53,156
"DB71_3","DB71","3","2010s",59,156
"DB72_3","DB72","3","2010s",62,156
"DB73_3","DB73","3","2010s",63,156
"DB74_3","DB74","3","2010s",66,156
"DB75_3","DB75","3","2010s",63,156
"DB77_3","DB77","3","2010s",68,156
"DB78_3","DB78","3","2010s",72,156
"DB79_3","DB79","3","2010s",52,156
"DB80_3","DB80","3","2010s",55,156
"DB81_3","DB81","3","2010s",51,156
"DB82_3","DB82","3","2010s",43,156
"DB83_3","DB83","3","2010s",71,156
"DB89_3","DB89","3","2010s",65,156
"DC00_3","DC00","3","2010s",105,156
"DC01_3","DC01","3","2010s",99,156
"DC02_3","DC02","3","2010s",79,156
"DC03_3","DC03","3","2010s",73,156
"DC04_3","DC04","3","2010s",80,156
"DC05_3","DC05","3","2010s",63,156
"DC06_3","DC06","3","2010s",53,156
"DC07_3","DC07","3","2010s",68,156
"DC08_3","DC08","3","2010s",66,156
"DC09_3","DC09","3","2010s",73,156
"DC10_3","DC10","3","2010s",70,156
"DC11_3","DC11","3","2010s",78,156
"DC12_3","DC12","3","2010s",65,156
"DC13_3","DC13","3","2010s",86,156
"DC14_3","DC14","3","2010s",85,156
"DC15_3","DC15","3","2010s",76,156
"DC16_3","DC16","3","2010s",62,156
"DC17_3","DC17","3","2010s",59,156
"DC18_3","DC18","3","2010s",60,156
"DC19_3","DC19","3","2010s",65,156
"DC20_3","DC20","3","2010s",56,156
"DC21_3","DC21","3","2010s",70,156
"DC22_3","DC22","3","2010s",49,156
"DC23_3","DC23","3","2010s",66,156
"DC24_3","DC24","3","2010s",78,156
"DC25_3","DC25","3","2010s",68,156
"DC26_3","DC26","3","2010s",78,156
"DC27_3","DC27","3","2010s",60,156
"DC28_3","DC28","3","2010s",59,156
"DC29_3","DC29","3","2010s",61,156
"DC30_3","DC30","3","2010s",66,156
"DC31_3","DC31","3","2010s",66,156
"DC32_3","DC32","3","2010s",54,156
"DC33_3","DC33","3","2010s",55,156
"DC34_3","DC34","3","2010s",62,156
"DC35_3","DC35","3","2010s",66,156
"DC36_3","DC36","3","2010s",72,156
"DC37_3","DC37","3","2010s",62,156
"DC38_3","DC38","3","2010s",55,156
"DC39_3","DC39","3","2010s",62,156
"DC40_3","DC40","3","2010s",91,156
"DC41_3","DC41","3","2010s",94,156
"DC42_3","DC42","3","2010s",83,156
"DC43_3","DC43","3","2010s",57,156
"DC44_3","DC44","3","2010s",53,156
"DC45_3","DC45","3","2010s",56,156
"DC46_3","DC46","3","2010s",53,156
"DC47_3","DC47","3","2010s",59,156
"DC48_3","DC48","3","2010s",67,156
"DC49_3","DC49","3","2010s",75,156
"DC50_3","DC50","3","2010s",78,156
"DC51_3","DC51","3","2010s",74,156
"DC52_3","DC52","3","2010s",58,156
"DC53_3","DC53","3","2010s",62,156
"DC54_3","DC54","3","2010s",64,156
"DC55_3","DC55","3","2010s",54,156
"DC56_3","DC56","3","2010s",64,156
"DC57_3","DC57","3","2010s",76,156
"DC58_3","DC58","3","2010s",73,156
"DC59_3","DC59","3","2010s",65,156
"DC64_3","DC64","3","2010s",81,156
"DC65_3","DC65","3","2010s",68,156
"DC66_3","DC66","3","2010s",78,156
"DC67_3","DC67","3","2010s",56,156
"DC68_3","DC68","3","2010s",57,156
"DC69_3","DC69","3","2010s",66,156
"DC77_3","DC77","3","2010s",62,156
"DC78_3","DC78","3","2010s",64,156
"DC79_3","DC79","3","2010s",52,156
"DC88_3","DC88","3","2010s",81,156
"DC89_3","DC89","3","2010s",67,156
"DD00_3","DD00","3","2010s",54,156
"DD01_3","DD01","3","2010s",80,156
"DD02_3","DD02","3","2010s",80,156
"DD03_3","DD03","3","2010s",65,156
"DD04_3","DD04","3","2010s",58,156
"DD05_3","DD05","3","2010s",70,156
"DD06_3","DD06","3","2010s",61,156
"DD07_3","DD07","3","2010s",56,156
"DD08_3","DD08","3","2010s",73,156
"DD09_3","DD09","3","2010s",82,156
"DD10_3","DD10","3","2010s",66,156
"DD11_3","DD11","3","2010s",72,156
"DD12_3","DD12","3","2010s",63,156
"DD13_3","DD13","3","2010s",56,156
"DD14_3","DD14","3","2010s",63,156
"DD15_3","DD15","3","2010s",61,156
"DD16_3","DD16","3","2010s",74,156
"DD17_3","DD17","3","2010s",70,156
"DD18_3","DD18","3","2010s",85,156
"DD19_3","DD19","3","2010s",68,156
"DD20_3","DD20","3","2010s",62,156
"DD21_3","DD21","3","2010s",85,156
"DD22_3","DD22","3","2010s",52,156
"DD23_3","DD23","3","2010s",55,156
"DD24_3","DD24","3","2010s",69,156
"DD25_3","DD25","3","2010s",63,156
"DD26_3","DD26","3","2010s",75,156
"DD27_3","DD27","3","2010s",69,156
"DD28_3","DD28","3","2010s",66,156
"DD29_3","DD29","3","2010s",77,156
"DD30_3","DD30","3","2010s",58,156
"DD31_3","DD31","3","2010s",79,156
"DD32_3","DD32","3","2010s",53,156
"DD33_3","DD33","3","2010s",60,156
"DD34_3","DD34","3","2010s",56,156
"DD35_3","DD35","3","2010s",81,156
"DD36_3","DD36","3","2010s",80,156
"DD37_3","DD37","3","2010s",79,156
"DD38_3","DD38","3","2010s",76,156
"DD39_3","DD39","3","2010s",69,156
"DD40_3","DD40","3","2010s",67,156
"DD41_3","DD41","3","2010s",74,156
"DD42_3","DD42","3","2010s",63,156
"DD43_3","DD43","3","2010s",67,156
"DD44_3","DD44","3","2010s",55,156
"DD45_3","DD45","3","2010s",80,156
"DD46_3","DD46","3","2010s",71,156
"DD47_3","DD47","3","2010s",86,156
"DD48_3","DD48","3","2010s",73,156
"DD49_3","DD49","3","2010s",72,156
"DD50_3","DD50","3","2010s",56,156
"DD51_3","DD51","3","2010s",65,156
"DD52_3","DD52","3","2010s",57,156
"DD53_3","DD53","3","2010s",63,156
"DD54_3","DD54","3","2010s",61,156
"DD55_3","DD55","3","2010s",64,156
"DD56_3","DD56","3","2010s",69,156
"DD57_3","DD57","3","2010s",79,156
"DD58_3","DD58","3","2010s",71,156
"DD59_3","DD59","3","2010s",74,156
"DD60_3","DD60","3","2010s",51,156
"DD61_3","DD61","3","2010s",68,156
"DD62_3","DD62","3","2010s",54,156
"DD63_3","DD63","3","2010s",55,156
"DD64_3","DD64","3","2010s",58,156
"DD65_3","DD65","3","2010s",83,156
"DD66_3","DD66","3","2010s",57,156
"DD70_3","DD70","3","2010s",74,156
"DD71_3","DD71","3","2010s",49,156
"DD72_3","DD72","3","2010s",52,156
"DD80_3","DD80","3","2010s",73,156
"DD81_3","DD81","3","2010s",50,156
"DD82_3","DD82","3","2010s",69,156
"DD90_3","DD90","3","2010s",74,156
"DD91_3","DD91","3","2010s",53,156
"DD92_3","DD92","3","2010s",46,156
"DE00_3","DE00","3","2010s",57,156
"DE01_3","DE01","3","2010s",64,156
"DE02_3","DE02","3","2010s",62,156
"DE03_3","DE03","3","2010s",60,156
"DE04_3","DE04","3","2010s",40,156
"DE05_3","DE05","3","2010s",47,156
"DE06_3","DE06","3","2010s",68,156
"DE07_3","DE07","3","2010s",78,156
"DE08_3","DE08","3","2010s",54,156
"DE09_3","DE09","3","2010s",74,156
"DE10_3","DE10","3","2010s",61,156
"DE11_3","DE11","3","2010s",77,156
"DE12_3","DE12","3","2010s",71,156
"DE13_3","DE13","3","2010s",67,156
"DE14_3","DE14","3","2010s",67,156
"DE15_3","DE15","3","2010s",58,156
"DE16_3","DE16","3","2010s",81,156
"DE17_3","DE17","3","2010s",51,156
"DE18_3","DE18","3","2010s",68,156
"DE19_3","DE19","3","2010s",74,156
"DE20_3","DE20","3","2010s",57,156
"DE21_3","DE21","3","2010s",57,156
"DE22_3","DE22","3","2010s",60,156
"DE23_3","DE23","3","2010s",69,156
"DE24_3","DE24","3","2010s",74,156
"DE25_3","DE25","3","2010s",79,156
"DE26_3","DE26","3","2010s",81,156
"DE27_3","DE27","3","2010s",44,156
"DE28_3","DE28","3","2010s",44,156
"DE29_3","DE29","3","2010s",67,156
"DE30_3","DE30","3","2010s",67,156
"DE31_3","DE31","3","2010s",51,156
"DE32_3","DE32","3","2010s",58,156
"DE33_3","DE33","3","2010s",56,156
"DE34_3","DE34","3","2010s",87,156
"DE35_3","DE35","3","2010s",59,156
"DE36_3","DE36","3","2010s",74,156
"DE37_3","DE37","3","2010s",73,156
"DE38_3","DE38","3","2010s",48,156
"DE39_3","DE39","3","2010s",37,156
"DE40_3","DE40","3","2010s",69,156
"DE41_3","DE41","3","2010s",57,156
"DE42_3","DE42","3","2010s",64,156
"DE43_3","DE43","3","2010s",61,156
"DE44_3","DE44","3","2010s",71,156
"DE45_3","DE45","3","2010s",48,156
"DE46_3","DE46","3","2010s",64,156
"DE47_3","DE47","3","2010s",54,156
"DE48_3","DE48","3","2010s",54,156
"DE49_3","DE49","3","2010s",56,156
"DE50_3","DE50","3","2010s",40,156
"DE51_3","DE51","3","2010s",58,156
"DE52_3","DE52","3","2010s",59,156
"DE53_3","DE53","3","2010s",69,156
"DE55_3","DE55","3","2010s",46,156
"DE56_3","DE56","3","2010s",75,156
"DE57_3","DE57","3","2010s",58,156
"DE58_3","DE58","3","2010s",53,156
"DE59_3","DE59","3","2010s",53,156
"DE66_3","DE66","3","2010s",48,156
"DE67_3","DE67","3","2010s",56,156
"DE68_3","DE68","3","2010s",84,156
"DE69_3","DE69","3","2010s",73,156
"DE75_3","DE75","3","2010s",53,156
"DE78_3","DE78","3","2010s",64,156
"DE79_3","DE79","3","2010s",74,156
"DE84_3","DE84","3","2010s",65,156
"DE85_3","DE85","3","2010s",71,156
"DE86_3","DE86","3","2010s",73,156
"DE87_3","DE87","3","2010s",70,156
"DE88_3","DE88","3","2010s",80,156
"DE89_3","DE89","3","2010s",79,156
"DE90_3","DE90","3","2010s",45,156
"DE94_3","DE94","3","2010s",77,156
"DE96_3","DE96","3","2010s",74,156
"DE97_3","DE97","3","2010s",81,156
"DE98_3","DE98","3","2010s",74,156
"DE99_3","DE99","3","2010s",70,156
"DF00_3","DF00","3","2010s",61,156
"DF01_3","DF01","3","2010s",61,156
"DF02_3","DF02","3","2010s",72,156
"DF04_3","DF04","3","2010s",64,156
"DF05_3","DF05","3","2010s",46,156
"DF06_3","DF06","3","2010s",57,156
"DF07_3","DF07","3","2010s",70,156
"DF08_3","DF08","3","2010s",96,156
"DF09_3","DF09","3","2010s",68,156
"DF10_3","DF10","3","2010s",60,156
"DF14_3","DF14","3","2010s",66,156
"DF15_3","DF15","3","2010s",73,156
"DF16_3","DF16","3","2010s",81,156
"DF17_3","DF17","3","2010s",66,156
"DF18_3","DF18","3","2010s",78,156
"DF19_3","DF19","3","2010s",52,156
"DF20_3","DF20","3","2010s",59,156
"DF24_3","DF24","3","2010s",57,156
"DF25_3","DF25","3","2010s",71,156
"DF26_3","DF26","3","2010s",57,156
"DF27_3","DF27","3","2010s",66,156
"DF28_3","DF28","3","2010s",89,156
"DF29_3","DF29","3","2010s",67,156
"DF30_3","DF30","3","2010s",46,156
"DF31_3","DF31","3","2010s",74,156
"DF37_3","DF37","3","2010s",89,156
"DF38_3","DF38","3","2010s",85,156
"DF39_3","DF39","3","2010s",65,156
"DF40_3","DF40","3","2010s",52,156
"DF41_3","DF41","3","2010s",92,156
"DF48_3","DF48","3","2010s",64,156
"DF49_3","DF49","3","2010s",52,156
"DF50_3","DF50","3","2010s",30,156
"DF51_3","DF51","3","2010s",74,156
"DF52_3","DF52","3","2010s",56,156
"DF59_3","DF59","3","2010s",45,156
"DF60_3","DF60","3","2010s",51,156
"DF61_3","DF61","3","2010s",54,156
"DF62_3","DF62","3","2010s",80,156
"DF70_3","DF70","3","2010s",56,156
"DF71_3","DF71","3","2010s",70,156
"DF72_3","DF72","3","2010s",48,156
"DF80_3","DF80","3","2010s",77,156
"DF81_3","DF81","3","2010s",64,156
"DF96_3","DF96","3","2010s",64,156
"DF97_3","DF97","3","2010s",62,156
"DF98_3","DF98","3","2010s",52,156
"DG00_3","DG00","3","2010s",51,156
"DG07_3","DG07","3","2010s",80,156
"DG08_3","DG08","3","2010s",71,156
"DG09_3","DG09","3","2010s",64,156
"DG14_3","DG14","3","2010s",75,156
"DG15_3","DG15","3","2010s",78,156
"DG16_3","DG16","3","2010s",58,156
"DG17_3","DG17","3","2010s",64,156
"DG18_3","DG18","3","2010s",56,156
"DG19_3","DG19","3","2010s",45,156
"DG22_3","DG22","3","2010s",58,156
"DG23_3","DG23","3","2010s",81,156
"DG24_3","DG24","3","2010s",80,156
"DG25_3","DG25","3","2010s",72,156
"DG26_3","DG26","3","2010s",60,156
"DG27_3","DG27","3","2010s",60,156
"DG28_3","DG28","3","2010s",60,156
"DG29_3","DG29","3","2010s",62,156
"DG33_3","DG33","3","2010s",77,156
"DG34_3","DG34","3","2010s",64,156
"DG35_3","DG35","3","2010s",58,156
"DG36_3","DG36","3","2010s",58,156
"DG37_3","DG37","3","2010s",71,156
"DG38_3","DG38","3","2010s",69,156
"DG39_3","DG39","3","2010s",48,156
"DG41_3","DG41","3","2010s",58,156
"DG42_3","DG42","3","2010s",66,156
"DG43_3","DG43","3","2010s",86,156
"DG44_3","DG44","3","2010s",58,156
"DG45_3","DG45","3","2010s",56,156
"DG46_3","DG46","3","2010s",59,156
"DG47_3","DG47","3","2010s",52,156
"DG48_3","DG48","3","2010s",71,156
"DG49_3","DG49","3","2010s",58,156
"DG51_3","DG51","3","2010s",87,156
"DG52_3","DG52","3","2010s",70,156
"DG53_3","DG53","3","2010s",65,156
"DG54_3","DG54","3","2010s",52,156
"DG55_3","DG55","3","2010s",62,156
"DG56_3","DG56","3","2010s",57,156
"DG57_3","DG57","3","2010s",62,156
"DG58_3","DG58","3","2010s",62,156
"DG59_3","DG59","3","2010s",56,156
"DG60_3","DG60","3","2010s",62,156
"DG61_3","DG61","3","2010s",86,156
"DG62_3","DG62","3","2010s",98,156
"DG63_3","DG63","3","2010s",71,156
"DG64_3","DG64","3","2010s",71,156
"DG65_3","DG65","3","2010s",64,156
"DG66_3","DG66","3","2010s",53,156
"DG67_3","DG67","3","2010s",54,156
"DG68_3","DG68","3","2010s",60,156
"DG69_3","DG69","3","2010s",59,156
"DG70_3","DG70","3","2010s",81,156
"DG71_3","DG71","3","2010s",81,156
"DG72_3","DG72","3","2010s",94,156
"DG73_3","DG73","3","2010s",67,156
"DG74_3","DG74","3","2010s",60,156
"DG75_3","DG75","3","2010s",64,156
"DG76_3","DG76","3","2010s",63,156
"DG77_3","DG77","3","2010s",56,156
"DG78_3","DG78","3","2010s",68,156
"DG79_3","DG79","3","2010s",59,156
"DG80_3","DG80","3","2010s",64,156
"DG81_3","DG81","3","2010s",81,156
"DG82_3","DG82","3","2010s",78,156
"DG83_3","DG83","3","2010s",84,156
"DG84_3","DG84","3","2010s",76,156
"DG85_3","DG85","3","2010s",61,156
"DG86_3","DG86","3","2010s",62,156
"DG87_3","DG87","3","2010s",82,156
"DG88_3","DG88","3","2010s",59,156
"DG89_3","DG89","3","2010s",65,156
"DG90_3","DG90","3","2010s",77,156
"DG91_3","DG91","3","2010s",76,156
"DG92_3","DG92","3","2010s",72,156
"DG93_3","DG93","3","2010s",63,156
"DG94_3","DG94","3","2010s",86,156
"DG95_3","DG95","3","2010s",87,156
"DG96_3","DG96","3","2010s",89,156
"DG97_3","DG97","3","2010s",72,156
"DG98_3","DG98","3","2010s",72,156
"DG99_3","DG99","3","2010s",52,156
"DH06_3","DH06","3","2010s",67,156
"DH07_3","DH07","3","2010s",70,156
"DH08_3","DH08","3","2010s",71,156
"DH09_3","DH09","3","2010s",58,156
"DH16_3","DH16","3","2010s",65,156
"DH17_3","DH17","3","2010s",71,156
"DH18_3","DH18","3","2010s",78,156
"DH19_3","DH19","3","2010s",62,156
"DH26_3","DH26","3","2010s",55,156
"DH27_3","DH27","3","2010s",62,156
"DH28_3","DH28","3","2010s",64,156
"DH36_3","DH36","3","2010s",54,156
"DH37_3","DH37","3","2010s",52,156
"DH67_3","DH67","3","2010s",79,156
"DH75_3","DH75","3","2010s",40,156
"DH76_3","DH76","3","2010s",57,156
"DH85_3","DH85","3","2010s",63,156
"DH86_3","DH86","3","2010s",66,156
"DH98_3","DH98","3","2010s",58,156
"DH99_3","DH99","3","2010s",72,156
"EB03_3","EB03","3","2010s",72,156
"EB04_3","EB04","3","2010s",76,156
"EB06_3","EB06","3","2010s",45,156
"EB07_3","EB07","3","2010s",75,156
"EB08_3","EB08","3","2010s",74,156
"EB10_3","EB10","3","2010s",64,156
"ED00_3","ED00","3","2010s",74,156
"ED01_3","ED01","3","2010s",61,156
"ED02_3","ED02","3","2010s",61,156
"ED03_3","ED03","3","2010s",46,156
"ED10_3","ED10","3","2010s",47,156
"ED11_3","ED11","3","2010s",45,156
"ED12_3","ED12","3","2010s",61,156
"ED13_3","ED13","3","2010s",59,156
"ED20_3","ED20","3","2010s",72,156
"ED21_3","ED21","3","2010s",47,156
"ED22_3","ED22","3","2010s",71,156
"ED23_3","ED23","3","2010s",69,156
"ED30_3","ED30","3","2010s",64,156
"ED31_3","ED31","3","2010s",44,156
"EE05_3","EE05","3","2010s",72,156
"EE06_3","EE06","3","2010s",64,156
"EE07_3","EE07","3","2010s",75,156
"EE08_3","EE08","3","2010s",56,156
"EE09_3","EE09","3","2010s",63,156
"EE15_3","EE15","3","2010s",65,156
"EE16_3","EE16","3","2010s",75,156
"EE17_3","EE17","3","2010s",90,156
"EE18_3","EE18","3","2010s",61,156
"EE19_3","EE19","3","2010s",38,156
"EE27_3","EE27","3","2010s",66,156
"EE28_3","EE28","3","2010s",74,156
"EE29_3","EE29","3","2010s",45,156
"EE39_3","EE39","3","2010s",73,156
"EF00_3","EF00","3","2010s",52,156
"EF01_3","EF01","3","2010s",64,156
"EF02_3","EF02","3","2010s",81,156
"EF06_3","EF06","3","2010s",49,156
"EF07_3","EF07","3","2010s",48,156
"EF08_3","EF08","3","2010s",52,156
"EF09_3","EF09","3","2010s",66,156
"EF10_3","EF10","3","2010s",57,156
"EF11_3","EF11","3","2010s",51,156
"EF45_3","EF45","3","2010s",57,156
"EF54_3","EF54","3","2010s",49,156
"EF55_3","EF55","3","2010s",57,156
"EF63_3","EF63","3","2010s",55,156
"EF64_3","EF64","3","2010s",64,156
"EF65_3","EF65","3","2010s",86,156
"EF69_3","EF69","3","2010s",53,156
"EF70_3","EF70","3","2010s",64,156
"EF71_3","EF71","3","2010s",74,156
"EF72_3","EF72","3","2010s",60,156
"EF73_3","EF73","3","2010s",48,156
"EF74_3","EF74","3","2010s",67,156
"EF75_3","EF75","3","2010s",73,156
"EF80_3","EF80","3","2010s",52,156
"EF81_3","EF81","3","2010s",73,156
"EF82_3","EF82","3","2010s",66,156
"EF83_3","EF83","3","2010s",40,156
"EF84_3","EF84","3","2010s",55,156
"EF85_3","EF85","3","2010s",63,156
"EF90_3","EF90","3","2010s",49,156
"EF91_3","EF91","3","2010s",78,156
"EF92_3","EF92","3","2010s",73,156
"EF93_3","EF93","3","2010s",111,156
"EF94_3","EF94","3","2010s",52,156
"EF95_3","EF95","3","2010s",48,156
"EF96_3","EF96","3","2010s",68,156
"EG00_3","EG00","3","2010s",64,156
"EG01_3","EG01","3","2010s",69,156
"EG02_3","EG02","3","2010s",66,156
"EG03_3","EG03","3","2010s",64,156
"EG04_3","EG04","3","2010s",83,156
"EG05_3","EG05","3","2010s",79,156
"EG06_3","EG06","3","2010s",64,156
"EG07_3","EG07","3","2010s",70,156
"EG08_3","EG08","3","2010s",67,156
"EG09_3","EG09","3","2010s",60,156
"EG10_3","EG10","3","2010s",87,156
"EG11_3","EG11","3","2010s",63,156
"EG12_3","EG12","3","2010s",79,156
"EG13_3","EG13","3","2010s",67,156
"EG14_3","EG14","3","2010s",67,156
"EG15_3","EG15","3","2010s",75,156
"EG16_3","EG16","3","2010s",70,156
"EG17_3","EG17","3","2010s",63,156
"EG18_3","EG18","3","2010s",55,156
"EG19_3","EG19","3","2010s",54,156
"EG21_3","EG21","3","2010s",47,156
"EG22_3","EG22","3","2010s",56,156
"EG23_3","EG23","3","2010s",58,156
"EG24_3","EG24","3","2010s",72,156
"EG25_3","EG25","3","2010s",81,156
"EG26_3","EG26","3","2010s",96,156
"EG27_3","EG27","3","2010s",76,156
"EG30_3","EG30","3","2010s",54,156
"EG40_3","EG40","3","2010s",63,156
"EG41_3","EG41","3","2010s",67,156
"EG42_3","EG42","3","2010s",70,156
"EG76_3","EG76","3","2010s",61,156
"EG77_3","EG77","3","2010s",66,156
"EG84_3","EG84","3","2010s",86,156
"EG85_3","EG85","3","2010s",79,156
"EG86_3","EG86","3","2010s",58,156
"EG87_3","EG87","3","2010s",59,156
"EG88_3","EG88","3","2010s",61,156
"EG89_3","EG89","3","2010s",52,156
"EG94_3","EG94","3","2010s",81,156
"EG95_3","EG95","3","2010s",75,156
"EG96_3","EG96","3","2010s",56,156
"EG97_3","EG97","3","2010s",55,156
"EG98_3","EG98","3","2010s",59,156
"EG99_3","EG99","3","2010s",52,156
"EH08_3","EH08","3","2010s",63,156
"EH09_3","EH09","3","2010s",64,156
"EH13_3","EH13","3","2010s",72,156
"EH14_3","EH14","3","2010s",77,156
"EH15_3","EH15","3","2010s",67,156
"EH16_3","EH16","3","2010s",51,156
"EH17_3","EH17","3","2010s",50,156
"EH23_3","EH23","3","2010s",60,156
"EH24_3","EH24","3","2010s",62,156
"EH25_3","EH25","3","2010s",68,156
"EH26_3","EH26","3","2010s",61,156
"EH27_3","EH27","3","2010s",60,156
"EH28_3","EH28","3","2010s",59,156
"EH37_3","EH37","3","2010s",63,156
"EH38_3","EH38","3","2010s",58,156
"EH39_3","EH39","3","2010s",80,156
"EH49_3","EH49","3","2010s",58,156
"EH54_3","EH54","3","2010s",52,156
"EH64_3","EH64","3","2010s",60,156
"EH66_3","EH66","3","2010s",54,156
"EH67_3","EH67","3","2010s",47,156
"EH73_3","EH73","3","2010s",56,156
"EH74_3","EH74","3","2010s",44,156
"EH75_3","EH75","3","2010s",79,156
"EH76_3","EH76","3","2010s",39,156
"EH77_3","EH77","3","2010s",43,156
"EH78_3","EH78","3","2010s",43,156
"EH83_3","EH83","3","2010s",43,156
"EH84_3","EH84","3","2010s",55,156
"EH85_3","EH85","3","2010s",46,156
"EH86_3","EH86","3","2010s",52,156
"EH87_3","EH87","3","2010s",42,156
"EH88_3","EH88","3","2010s",44,156
"EH92_3","EH92","3","2010s",88,156
"EH93_3","EH93","3","2010s",59,156
"EH94_3","EH94","3","2010s",52,156
"EH95_3","EH95","3","2010s",53,156
"EH96_3","EH96","3","2010s",51,156
"EH97_3","EH97","3","2010s",60,156
"FE00_3","FE00","3","2010s",55,156
"FE10_3","FE10","3","2010s",66,156
"FE20_3","FE20","3","2010s",76,156
"FE30_3","FE30","3","2010s",104,156
"FE40_3","FE40","3","2010s",78,156
"FE60_3","FE60","3","2010s",81,156
"FE61_3","FE61","3","2010s",72,156
"FE71_3","FE71","3","2010s",78,156
"FE72_3","FE72","3","2010s",93,156
"FE80_3","FE80","3","2010s",81,156
"FE81_3","FE81","3","2010s",82,156
"FE82_3","FE82","3","2010s",99,156
"FE83_3","FE83","3","2010s",87,156
"FE90_3","FE90","3","2010s",73,156
"FE91_3","FE91","3","2010s",94,156
"FE92_3","FE92","3","2010s",66,156
"FE93_3","FE93","3","2010s",54,156
"FE94_3","FE94","3","2010s",61,156
"FF00_3","FF00","3","2010s",55,156
"FF01_3","FF01","3","2010s",64,156
"FF02_3","FF02","3","2010s",57,156
"FF03_3","FF03","3","2010s",52,156
"FF04_3","FF04","3","2010s",64,156
"FF05_3","FF05","3","2010s",44,156
"FF06_3","FF06","3","2010s",60,156
"FF07_3","FF07","3","2010s",61,156
"FF08_3","FF08","3","2010s",44,156
"FF10_3","FF10","3","2010s",65,156
"FF11_3","FF11","3","2010s",64,156
"FF12_3","FF12","3","2010s",74,156
"FF13_3","FF13","3","2010s",62,156
"FF14_3","FF14","3","2010s",67,156
"FF15_3","FF15","3","2010s",57,156
"FF16_3","FF16","3","2010s",62,156
"FF17_3","FF17","3","2010s",46,156
"FF18_3","FF18","3","2010s",79,156
"FF19_3","FF19","3","2010s",56,156
"FF20_3","FF20","3","2010s",66,156
"FF21_3","FF21","3","2010s",44,156
"FF22_3","FF22","3","2010s",65,156
"FF23_3","FF23","3","2010s",52,156
"FF24_3","FF24","3","2010s",84,156
"FF25_3","FF25","3","2010s",72,156
"FF26_3","FF26","3","2010s",81,156
"FF27_3","FF27","3","2010s",71,156
"FF28_3","FF28","3","2010s",47,156
"FF29_3","FF29","3","2010s",66,156
"FF30_3","FF30","3","2010s",74,156
"FF31_3","FF31","3","2010s",62,156
"FF32_3","FF32","3","2010s",46,156
"FF33_3","FF33","3","2010s",63,156
"FF34_3","FF34","3","2010s",58,156
"FF35_3","FF35","3","2010s",65,156
"FF36_3","FF36","3","2010s",66,156
"FF37_3","FF37","3","2010s",57,156
"FF38_3","FF38","3","2010s",58,156
"FF39_3","FF39","3","2010s",75,156
"FF40_3","FF40","3","2010s",78,156
"FF41_3","FF41","3","2010s",56,156
"FF42_3","FF42","3","2010s",46,156
"FF43_3","FF43","3","2010s",57,156
"FF44_3","FF44","3","2010s",54,156
"FF45_3","FF45","3","2010s",64,156
"FF46_3","FF46","3","2010s",69,156
"FF50_3","FF50","3","2010s",75,156
"FF51_3","FF51","3","2010s",65,156
"FF52_3","FF52","3","2010s",50,156
"FF53_3","FF53","3","2010s",65,156
"FF54_3","FF54","3","2010s",80,156
"FF55_3","FF55","3","2010s",63,156
"FF56_3","FF56","3","2010s",60,156
"FF57_3","FF57","3","2010s",64,156
"FF60_3","FF60","3","2010s",85,156
"FF61_3","FF61","3","2010s",84,156
"FF62_3","FF62","3","2010s",90,156
"FF63_3","FF63","3","2010s",63,156
"FF64_3","FF64","3","2010s",65,156
"FF65_3","FF65","3","2010s",37,156
"FF66_3","FF66","3","2010s",71,156
"FF67_3","FF67","3","2010s",71,156
"FF69_3","FF69","3","2010s",75,156
"FF70_3","FF70","3","2010s",83,156
"FF71_3","FF71","3","2010s",57,156
"FF72_3","FF72","3","2010s",53,156
"FF73_3","FF73","3","2010s",78,156
"FF74_3","FF74","3","2010s",73,156
"FF75_3","FF75","3","2010s",91,156
"FF76_3","FF76","3","2010s",78,156
"FF77_3","FF77","3","2010s",58,156
"FF78_3","FF78","3","2010s",77,156
"FF79_3","FF79","3","2010s",90,156
"FF80_3","FF80","3","2010s",61,156
"FF81_3","FF81","3","2010s",74,156
"FF82_3","FF82","3","2010s",70,156
"FF83_3","FF83","3","2010s",66,156
"FF84_3","FF84","3","2010s",88,156
"FF86_3","FF86","3","2010s",89,156
"FF87_3","FF87","3","2010s",64,156
"FF88_3","FF88","3","2010s",74,156
"FF89_3","FF89","3","2010s",64,156
"FF90_3","FF90","3","2010s",67,156
"FF91_3","FF91","3","2010s",52,156
"FF92_3","FF92","3","2010s",59,156
"FF93_3","FF93","3","2010s",69,156
"FF94_3","FF94","3","2010s",62,156
"FF95_3","FF95","3","2010s",51,156
"FF96_3","FF96","3","2010s",63,156
"FF97_3","FF97","3","2010s",75,156
"FF98_3","FF98","3","2010s",62,156
"FF99_3","FF99","3","2010s",60,156
"FG04_3","FG04","3","2010s",69,156
"FG05_3","FG05","3","2010s",49,156
"FG06_3","FG06","3","2010s",59,156
"FG07_3","FG07","3","2010s",69,156
"FG08_3","FG08","3","2010s",83,156
"FG09_3","FG09","3","2010s",61,156
"FG14_3","FG14","3","2010s",69,156
"FG15_3","FG15","3","2010s",58,156
"FG16_3","FG16","3","2010s",46,156
"FG17_3","FG17","3","2010s",70,156
"FG18_3","FG18","3","2010s",67,156
"FG19_3","FG19","3","2010s",65,156
"FG24_3","FG24","3","2010s",46,156
"FG25_3","FG25","3","2010s",45,156
"FG26_3","FG26","3","2010s",58,156
"FG27_3","FG27","3","2010s",72,156
"FG28_3","FG28","3","2010s",85,156
"FG29_3","FG29","3","2010s",76,156
"FG33_3","FG33","3","2010s",62,156
"FG34_3","FG34","3","2010s",52,156
"FG35_3","FG35","3","2010s",45,156
"FG36_3","FG36","3","2010s",60,156
"FG37_3","FG37","3","2010s",80,156
"FG38_3","FG38","3","2010s",59,156
"FG39_3","FG39","3","2010s",55,156
"FG43_3","FG43","3","2010s",65,156
"FG44_3","FG44","3","2010s",64,156
"FG45_3","FG45","3","2010s",61,156
"FG46_3","FG46","3","2010s",84,156
"FG47_3","FG47","3","2010s",77,156
"FG48_3","FG48","3","2010s",66,156
"FG49_3","FG49","3","2010s",56,156
"FG51_3","FG51","3","2010s",73,156
"FG52_3","FG52","3","2010s",81,156
"FG53_3","FG53","3","2010s",85,156
"FG54_3","FG54","3","2010s",66,156
"FG55_3","FG55","3","2010s",60,156
"FG56_3","FG56","3","2010s",85,156
"FG57_3","FG57","3","2010s",61,156
"FG58_3","FG58","3","2010s",49,156
"FG59_3","FG59","3","2010s",57,156
"FG60_3","FG60","3","2010s",65,156
"FG61_3","FG61","3","2010s",41,156
"FG62_3","FG62","3","2010s",56,156
"FG63_3","FG63","3","2010s",80,156
"FG64_3","FG64","3","2010s",47,156
"FG65_3","FG65","3","2010s",63,156
"FG66_3","FG66","3","2010s",87,156
"FG67_3","FG67","3","2010s",45,156
"FG68_3","FG68","3","2010s",47,156
"FG69_3","FG69","3","2010s",46,156
"FG70_3","FG70","3","2010s",75,156
"FG71_3","FG71","3","2010s",47,156
"FG72_3","FG72","3","2010s",60,156
"FG73_3","FG73","3","2010s",40,156
"FG74_3","FG74","3","2010s",45,156
"FG75_3","FG75","3","2010s",60,156
"FG76_3","FG76","3","2010s",67,156
"FG77_3","FG77","3","2010s",78,156
"FG78_3","FG78","3","2010s",57,156
"FG79_3","FG79","3","2010s",54,156
"FG80_3","FG80","3","2010s",63,156
"FG81_3","FG81","3","2010s",52,156
"FG82_3","FG82","3","2010s",51,156
"FG83_3","FG83","3","2010s",41,156
"FG84_3","FG84","3","2010s",36,156
"FG85_3","FG85","3","2010s",41,156
"FG86_3","FG86","3","2010s",59,156
"FG87_3","FG87","3","2010s",49,156
"FG88_3","FG88","3","2010s",51,156
"FG89_3","FG89","3","2010s",57,156
"FG90_3","FG90","3","2010s",62,156
"FG91_3","FG91","3","2010s",63,156
"FG92_3","FG92","3","2010s",88,156
"FG93_3","FG93","3","2010s",59,156
"FG94_3","FG94","3","2010s",68,156
"FG95_3","FG95","3","2010s",42,156
"FG96_3","FG96","3","2010s",39,156
"FG97_3","FG97","3","2010s",42,156
"FG98_3","FG98","3","2010s",43,156
"FG99_3","FG99","3","2010s",52,156
"FH01_3","FH01","3","2010s",78,156
"FH02_3","FH02","3","2010s",51,156
"FH03_3","FH03","3","2010s",44,156
"FH04_3","FH04","3","2010s",55,156
"FH05_3","FH05","3","2010s",70,156
"FH06_3","FH06","3","2010s",61,156
"FH07_3","FH07","3","2010s",73,156
"FH08_3","FH08","3","2010s",73,156
"FH11_3","FH11","3","2010s",85,156
"FH12_3","FH12","3","2010s",62,156
"FH13_3","FH13","3","2010s",59,156
"FH14_3","FH14","3","2010s",58,156
"FH15_3","FH15","3","2010s",59,156
"FH16_3","FH16","3","2010s",58,156
"FH18_3","FH18","3","2010s",61,156
"FH21_3","FH21","3","2010s",74,156
"FH22_3","FH22","3","2010s",52,156
"FH23_3","FH23","3","2010s",74,156
"FH24_3","FH24","3","2010s",94,156
"FH25_3","FH25","3","2010s",63,156
"FH29_3","FH29","3","2010s",47,156
"FH32_3","FH32","3","2010s",67,156
"FH33_3","FH33","3","2010s",76,156
"FH34_3","FH34","3","2010s",56,156
"FH35_3","FH35","3","2010s",70,156
"FH36_3","FH36","3","2010s",73,156
"FH42_3","FH42","3","2010s",55,156
"FH43_3","FH43","3","2010s",56,156
"FH44_3","FH44","3","2010s",68,156
"FH45_3","FH45","3","2010s",60,156
"FH46_3","FH46","3","2010s",78,156
"FH52_3","FH52","3","2010s",68,156
"FH53_3","FH53","3","2010s",34,156
"FH54_3","FH54","3","2010s",68,156
"FH55_3","FH55","3","2010s",59,156
"FH56_3","FH56","3","2010s",72,156
"FH57_3","FH57","3","2010s",71,156
"FH58_3","FH58","3","2010s",68,156
"FH62_3","FH62","3","2010s",79,156
"FH63_3","FH63","3","2010s",79,156
"FH64_3","FH64","3","2010s",73,156
"FH65_3","FH65","3","2010s",48,156
"FH66_3","FH66","3","2010s",67,156
"FH67_3","FH67","3","2010s",62,156
"FH68_3","FH68","3","2010s",57,156
"FH71_3","FH71","3","2010s",80,156
"FH72_3","FH72","3","2010s",55,156
"FH73_3","FH73","3","2010s",69,156
"FH74_3","FH74","3","2010s",77,156
"FH75_3","FH75","3","2010s",62,156
"FH76_3","FH76","3","2010s",57,156
"FH77_3","FH77","3","2010s",60,156
"FH79_3","FH79","3","2010s",75,156
"FH80_3","FH80","3","2010s",65,156
"FH81_3","FH81","3","2010s",61,156
"FH83_3","FH83","3","2010s",65,156
"FH84_3","FH84","3","2010s",56,156
"FH85_3","FH85","3","2010s",58,156
"FH86_3","FH86","3","2010s",71,156
"FH87_3","FH87","3","2010s",66,156
"FH88_3","FH88","3","2010s",64,156
"FH89_3","FH89","3","2010s",73,156
"FH95_3","FH95","3","2010s",55,156
"FH96_3","FH96","3","2010s",55,156
"FH97_3","FH97","3","2010s",54,156
"FH98_3","FH98","3","2010s",66,156
"FH99_3","FH99","3","2010s",76,156
"GE00_3","GE00","3","2010s",77,156
"GE01_3","GE01","3","2010s",103,156
"GE02_3","GE02","3","2010s",82,156
"GE03_3","GE03","3","2010s",66,156
"GE04_3","GE04","3","2010s",51,156
"GE10_3","GE10","3","2010s",85,156
"GE11_3","GE11","3","2010s",95,156
"GE12_3","GE12","3","2010s",85,156
"GE13_3","GE13","3","2010s",93,156
"GE14_3","GE14","3","2010s",67,156
"GE20_3","GE20","3","2010s",76,156
"GE21_3","GE21","3","2010s",90,156
"GE22_3","GE22","3","2010s",75,156
"GE23_3","GE23","3","2010s",101,156
"GE24_3","GE24","3","2010s",66,156
"GE30_3","GE30","3","2010s",89,156
"GE31_3","GE31","3","2010s",70,156
"GE32_3","GE32","3","2010s",92,156
"GE33_3","GE33","3","2010s",79,156
"GE34_3","GE34","3","2010s",40,156
"GE42_3","GE42","3","2010s",67,156
"GE43_3","GE43","3","2010s",88,156
"GF00_3","GF00","3","2010s",87,156
"GF01_3","GF01","3","2010s",71,156
"GF02_3","GF02","3","2010s",61,156
"GF03_3","GF03","3","2010s",82,156
"GF04_3","GF04","3","2010s",58,156
"GF05_3","GF05","3","2010s",70,156
"GF06_3","GF06","3","2010s",71,156
"GF07_3","GF07","3","2010s",75,156
"GF08_3","GF08","3","2010s",82,156
"GF09_3","GF09","3","2010s",79,156
"GF12_3","GF12","3","2010s",32,156
"GF13_3","GF13","3","2010s",72,156
"GF14_3","GF14","3","2010s",56,156
"GF15_3","GF15","3","2010s",67,156
"GF16_3","GF16","3","2010s",77,156
"GF17_3","GF17","3","2010s",91,156
"GF18_3","GF18","3","2010s",84,156
"GF19_3","GF19","3","2010s",76,156
"GF23_3","GF23","3","2010s",76,156
"GF24_3","GF24","3","2010s",65,156
"GF25_3","GF25","3","2010s",81,156
"GF26_3","GF26","3","2010s",76,156
"GF27_3","GF27","3","2010s",83,156
"GF28_3","GF28","3","2010s",79,156
"GF29_3","GF29","3","2010s",72,156
"GF33_3","GF33","3","2010s",61,156
"GF34_3","GF34","3","2010s",70,156
"GF35_3","GF35","3","2010s",70,156
"GF36_3","GF36","3","2010s",69,156
"GF37_3","GF37","3","2010s",76,156
"GF38_3","GF38","3","2010s",91,156
"GF39_3","GF39","3","2010s",84,156
"GF43_3","GF43","3","2010s",81,156
"GF44_3","GF44","3","2010s",65,156
"GF45_3","GF45","3","2010s",52,156
"GF46_3","GF46","3","2010s",69,156
"GF47_3","GF47","3","2010s",67,156
"GF48_3","GF48","3","2010s",66,156
"GF49_3","GF49","3","2010s",59,156
"GF52_3","GF52","3","2010s",81,156
"GF53_3","GF53","3","2010s",65,156
"GF54_3","GF54","3","2010s",61,156
"GF55_3","GF55","3","2010s",55,156
"GF63_3","GF63","3","2010s",52,156
"GF74_3","GF74","3","2010s",39,156
"GG00_3","GG00","3","2010s",74,156
"GG02_3","GG02","3","2010s",62,156
"GG05_3","GG05","3","2010s",34,156
"GG06_3","GG06","3","2010s",44,156
"GG07_3","GG07","3","2010s",37,156
"GG08_3","GG08","3","2010s",52,156
"GG09_3","GG09","3","2010s",73,156
"GG10_3","GG10","3","2010s",75,156
"GG15_3","GG15","3","2010s",36,156
"GG16_3","GG16","3","2010s",60,156
"GG17_3","GG17","3","2010s",62,156
"GG18_3","GG18","3","2010s",67,156
"GG20_3","GG20","3","2010s",60,156
"GG25_3","GG25","3","2010s",71,156
"GG26_3","GG26","3","2010s",60,156
"GG27_3","GG27","3","2010s",68,156
"GG28_3","GG28","3","2010s",70,156
"GG30_3","GG30","3","2010s",52,156
"GG36_3","GG36","3","2010s",61,156
"GG37_3","GG37","3","2010s",73,156
"GG40_3","GG40","3","2010s",54,156
"GH06_3","GH06","3","2010s",38,156
"GH07_3","GH07","3","2010s",89,156
"GH08_3","GH08","3","2010s",55,156
"GH09_3","GH09","3","2010s",55,156
"GH17_3","GH17","3","2010s",61,156
"GH18_3","GH18","3","2010s",57,156
"GH19_3","GH19","3","2010s",75,156
"GH29_3","GH29","3","2010s",64,156
"GH39_3","GH39","3","2010s",57,156
"GH49_3","GH49","3","2010s",79,156
"GH59_3","GH59","3","2010s",74,156
"HA03_3","HA03","3","2010s",67,156
"HA04_3","HA04","3","2010s",59,156
"HA05_3","HA05","3","2010s",78,156
"HA06_3","HA06","3","2010s",56,156
"HA07_3","HA07","3","2010s",87,156
"HA13_3","HA13","3","2010s",61,156
"HA14_3","HA14","3","2010s",54,156
"HA15_3","HA15","3","2010s",52,156
"HA16_3","HA16","3","2010s",58,156
"HA17_3","HA17","3","2010s",60,156
"HA22_3","HA22","3","2010s",48,156
"HA23_3","HA23","3","2010s",65,156
"HA24_3","HA24","3","2010s",82,156
"HA25_3","HA25","3","2010s",67,156
"HA26_3","HA26","3","2010s",69,156
"HA32_3","HA32","3","2010s",74,156
"HA33_3","HA33","3","2010s",54,156
"HA34_3","HA34","3","2010s",83,156
"HA35_3","HA35","3","2010s",56,156
"HA36_3","HA36","3","2010s",49,156
"HA42_3","HA42","3","2010s",59,156
"HA43_3","HA43","3","2010s",64,156
"HA44_3","HA44","3","2010s",60,156
"HA45_3","HA45","3","2010s",49,156
"HA52_3","HA52","3","2010s",69,156
"HA53_3","HA53","3","2010s",64,156
"HA54_3","HA54","3","2010s",71,156
