survey,site,atlas,period,X,Y,dominant_model_land_use,hh,perc_urban,perc_cropland,perc_pasture,perc_forest,perc_grass_shrub,tmean_breeding,prec_breeding
AD90_1,AD90,1,1970s,447500.0709493527,6252499.57832838,Pasture,0.618778363356389,0,0.0933377430831709,0.282515181253616,0,0.0630141046866698,8.47988972508823,135.417750659986
AD91_1,AD91,1,1970s,447500.05017916387,6257499.546271402,Cropland,0.465245858862076,0,0.686550491533318,0.0100498965630508,0,0.0587592307418494,8.45706600924897,135.973779142099
AD92_1,AD92,1,1970s,447500.02377636905,6262499.551973275,Cropland,0.35911557826827,0,0.765409515401888,0,0,0,8.35523413943628,141.833916765378
AD93_1,AD93,1,1970s,447499.9924736935,6267499.595406948,Cropland,0.684781123399938,0.024354667090847,0.46262620628773,0.0928095473411112,0,0.024354667090847,8.38690245283115,137.581365380505
AD94_1,AD94,1,1970s,447499.9570043505,6272499.676545255,Cropland,0.671527383503677,0,0.323908395632869,0.107350482562949,0,0.119449672080683,8.45299477768267,132.909518286882
AD95_1,AD95,1,1970s,447499.9167107371,6277499.684056323,Urban,0.51149601532412,0.0463856708146477,0.0362481191793552,0.043386640969695,0,0.0358300882384936,8.43499115059932,133.451441332893
AE93_1,AE93,1,1970s,447500.1701742312,6217499.746982312,Pasture,0.621691950187603,0,0.164776611581978,0.267973353628069,0,0.0184453502582338,8.52242180386939,131.322362343124
AE94_1,AE94,1,1970s,447500.1510277113,6222499.78450804,Pasture,0.756679131484106,0.0730640012684725,0.245253799657739,0.375251820547168,0,0.0730640012684725,8.51371379896814,132.596517577008
AE95_1,AE95,1,1970s,447500.18198725476,6227499.747924402,Cropland,0.732970374468581,0,0.404580547734799,0.2047691509229,0,0.0487093341811538,8.5168810188315,132.909869287577
AE96_1,AE96,1,1970s,447500.139576756,6232499.638727918,Pasture,0.761504054704857,0.0232868478271317,0.19904061933138,0.237909668925871,0,0.196754077490452,8.49797003164103,134.024450716166
AE97_1,AE97,1,1970s,447500.1513174165,6237499.67796077,Pasture,0.768620653373905,0.0334407731488741,0.0474534900703358,0.294391643590816,0.265663485452003,0.124460123138197,8.45987645164354,137.514326170635
AE98_1,AE98,1,1970s,447500.15313399426,6242499.6437634,Pasture,0.736490545700444,0.036043720626647,0,0.280608480392262,0.177647357173422,0.0585630043599876,8.47879870646434,135.143847071318
AF81_1,AF81,1,1970s,442500.1384771916,6157499.787446427,Pasture,0.542041051569938,0,0,0.233454083847035,0,0.0851631910489606,8.52129170899646,127.527184552289
AF82_1,AF82,1,1970s,442500.15165183047,6162499.8084204225,Pasture,0.364014863454494,0,0,0.211848399256095,0,0.0196428247798178,8.52620434496228,127.293445417597
AF91_1,AF91,1,1970s,447500.16279772675,6157499.807246089,Pasture,0.485432138107201,0,0,0.676821502493962,0.155321044167828,0.107086579036576,8.51953995971227,126.86610741572
AF92_1,AF92,1,1970s,447500.2057250942,6162499.834014087,Pasture,0.440558857035078,0,0,0.696897430094562,0.128780239979252,0.174322329926185,8.51867831318454,126.653111471449
AF93_1,AF93,1,1970s,447500.1653840631,6167499.788514787,Pasture,0.456261358047516,0,0,0.701720201338416,0.0806025310869514,0.12048590284045,8.51470698167725,127.835317930828
AF94_1,AF94,1,1970s,447500.1697669054,6172499.780493908,Forest,0.654479600749046,0,0,0.263099871933481,0.298336148798784,0.00608866677233008,8.51939834551958,128.103598390175
AF96_1,AF96,1,1970s,447500.12389998813,6182499.65648123,Pasture,0.610155502954433,0,0,0.252884950173074,0.0413778219260443,0,8.51061165729971,130.26159364061
AF97_1,AF97,1,1970s,447500.13908220717,6187499.650967309,Pasture,0.474917151687391,0,0,0.255842963185316,0.00268418551038751,0.0110155018608449,8.54161102422078,128.323703426271
AF98_1,AF98,1,1970s,447500.13873657817,6192499.683587027,Pasture,0.464712421207272,0,0,0.221665486279843,0,0,8.54637254719238,128.117911276935
AF99_1,AF99,1,1970s,447500.1235891788,6197499.754315107,Pasture,0.474758153387068,0,0,0.387657117241607,0,0,8.54436782993506,128.890239244196
BC10_1,BC10,1,1970s,457500.06312543934,6302499.745828598,Pasture,0.595505549096321,0,0,0.411457968206845,0.0744125014939774,0.257464753724383,8.31374268728592,141.546839788868
BC11_1,BC11,1,1970s,457500.0287272008,6307499.784091797,Pasture,0.546799254461468,0,0,0.257758363356234,0,0.0969945417455595,8.33515191154878,141.498078077144
BC20_1,BC20,1,1970s,462500.0832758646,6302499.782276433,Forest,0.75369206484551,0.00543142722909764,0.229882244893078,0.0543837498299692,0.353208044589856,0.202912706972045,8.33884311995448,134.693639481393
BC21_1,BC21,1,1970s,462500.08463837503,6307499.738256342,Forest,0.689908880456291,0,0.0834584985144627,0.259555293773208,0.436564417651838,0.203622491358314,8.31924583708412,139.221090998178
BC30_1,BC30,1,1970s,467500.03225555073,6302499.688678854,Cropland,0.250445664164378,0.121879289794346,0.85688315468945,0,0,0.0212375555162041,8.34355824971507,136.25171559602
BC31_1,BC31,1,1970s,467500.0700814336,6307499.683991895,Cropland,0.540072795191187,0.0391467763495599,0.648477699454678,0.156855622600465,0.0911844471039307,0.0643354544913657,8.34858359141039,135.479707249559
BC32_1,BC32,1,1970s,467500.03942602925,6312499.716500132,Forest,0.679787461262237,0,0.315541611290894,0.182128609520623,0.41303556023193,0.0892942189565536,8.31007795012647,138.897920562531
BC33_1,BC33,1,1970s,467500.06162332307,6317499.67391025,Forest,0.6434092761478,0,0,0.329435791324981,0.462620738298279,0.100593959241116,8.29229347103908,142.769119000363
BC34_1,BC34,1,1970s,467500.01645873167,6322499.668462578,Forest,0.390122416826543,0,0,0.094630230697258,0.114629039926166,0.0257094916917212,8.36689726659117,140.992629439072
BC40_1,BC40,1,1970s,472500.05137193855,6302499.68679326,Cropland,0.155340491034104,0.0848738089653363,0.915126191034664,0,0,0,8.32582930437392,138.592216548935
BC41_1,BC41,1,1970s,472500.0641984955,6307499.732148187,Cropland,0.478571105804336,0.396489386544993,0.603510613455007,0,0,0,8.3209457992336,137.542639851999
BC43_1,BC43,1,1970s,472500.07431792136,6317499.709834675,Forest,0.674901705732427,0,0.178747751098121,0.0514605518786043,0.503002375537109,0.104435591895765,8.23502131185067,141.533540811344
BC44_1,BC44,1,1970s,472500.07316175365,6322499.753427244,Forest,0.668385114668699,0,0.00255678731890827,0.366993160831666,0.415713124655777,0.0444262095937246,8.33098264980287,140.205607508722
BC45_1,BC45,1,1970s,472500.04746136797,6327499.722303724,Pasture,0.441293153790489,0,0,0.310055027688158,0,0.0103717918924028,8.36681423778945,141.934548442117
BC50_1,BC50,1,1970s,477500.03517784266,6302499.666388486,Cropland,0.662769755139725,0.0974186720438042,0.471301388764753,0,0,0.0361644753147433,8.38339300690578,134.208360840745
BC51_1,BC51,1,1970s,477500.0219923793,6307499.660629535,Cropland,0.589488272496726,0.0775932457830977,0.551944793614417,0,0,0.0504907275334045,8.35821479461151,134.445458290462
BC52_1,BC52,1,1970s,477500.0270955203,6312499.691159323,Cropland,0.485280040340072,0.240429564880964,0.674088165061542,0,0.0358003979050109,0.0246341641694599,8.29930752795384,138.977862892165
BC53_1,BC53,1,1970s,477500.050134716,6317499.646637439,Cropland,0.476955922497581,0.101869109892906,0.683514982377652,0.00137392512027463,0.213241982609168,0,8.24466670808225,139.240166729572
BC54_1,BC54,1,1970s,477500.091967421,6322499.63835183,Forest,0.753401808141167,0.00951001994633482,0.185202355770386,0.0920375396111083,0.380266684018824,0.186855392596871,8.28383805059077,140.145938489551
BC55_1,BC55,1,1970s,477500.0922437846,6327499.666607962,Pasture,0.670313814489396,0.00855788797426621,0.157880139762441,0.478804956903946,0.107329005468121,0.247428009891226,8.29372597303044,143.842954226777
BC60_1,BC60,1,1970s,482500.0626082632,6302499.738540966,Cropland,0.0926734719016129,0.0487093352957614,0.951290664704239,0,0,0,8.31364602231722,140.976502388593
BC62_1,BC62,1,1970s,482500.04548227973,6312499.681136523,Urban,0.631948624410224,0.418096200742103,0.125139134882386,0,0,0.0369794062374888,8.39345470895456,135.371760548296
BC64_1,BC64,1,1970s,482500.09264614136,6322499.657199486,Cropland,0.421723465665492,0.0229735896390526,0.740947505070021,0.123753837139164,0.0157967798002267,0.0965282883515356,8.38658283821346,132.076485098438
BC65_1,BC65,1,1970s,482500.0574243303,6327499.644156614,Cropland,0.73784718151351,0.0157967798011419,0.351807972777676,0.260192893053685,0.0487093352958359,0.208962968558604,8.35515421152899,137.160949163586
BC70_1,BC70,1,1970s,487500.0281488765,6302499.681272506,Cropland,0.265530668714558,0,0.852167099691532,0.073064003025229,0,0.0517287876611988,8.41072791897799,133.631653850023
BC71_1,BC71,1,1970s,487500.02372481115,6307499.714883644,Cropland,0.652467623791772,0.0974186706939372,0.197039722044869,0,0,0.157857935110041,8.4368639816993,134.090177866645
BC72_1,BC72,1,1970s,487500.06305016344,6312499.673261789,Cropland,0.63242295935351,0.109148599765803,0.201666507720864,0.0662791442520898,0,0.0195424551863951,8.43677982631469,134.400515884846
BC73_1,BC73,1,1970s,487500.0249803983,6317499.668063927,Cropland,0.379532457563268,0,0.765568256027276,0.0554941940851705,0,0.170803848738138,8.4031242438789,134.487296039617
BC74_1,BC74,1,1970s,487500.03132666176,6322499.698896714,Cropland,0.351726122094395,0,0.789528280327533,0.145177515211902,0.035643685422409,0.0296505190381563,8.41561321924812,135.867421472631
BC75_1,BC75,1,1970s,487500.08176904864,6327499.654417714,Pasture,0.666705326696223,0,0,0.496278236352236,0.181549725175261,0.146141543995023,8.4270665076016,135.030350387991
BC81_1,BC81,1,1970s,492500.041047909,6307499.729905474,Cropland,0.568578343239753,0.174045457358607,0.610601649883605,0.0325050907508262,0.00178139149686473,0.00178139149677921,8.42507147091946,137.440112660284
BC82_1,BC82,1,1970s,492500.03649829555,6312499.667744995,Pasture,0.574245270098892,0.0451465525280213,0.0225732762639852,0.146128006602209,0.022573276263956,0.0810398946221903,8.46078593459166,133.675441544982
BC83_1,BC83,1,1970s,492499.997856006,6317499.641786334,Grass/Shrubland,0.746987555073223,0.0487093355347059,0.072604938323953,0.0974186710694118,0,0.129170037809085,8.47246782731253,132.583684981742
BC84_1,BC84,1,1970s,492500.0467049848,6322499.651782474,Forest,0.596427188630747,0.0243546677664559,0.0631206298712461,0.270868020781239,0.567909834113156,0.0229974644555695,8.4190079433796,136.597494482486
BC85_1,BC85,1,1970s,492500.0614262203,6327499.586613408,Forest,0.544825241907151,0,0,0.405115249144637,0.521820747551264,0.0730640033040986,8.40601143901458,136.810377676006
BC93_1,BC93,1,1970s,497500.0048648076,6317499.628014286,Pasture,0.480941097045024,0.0243546676858827,0.0103560025906056,0.137999064278121,0,0.0667116932738714,8.48959777940595,133.81860411033
BC94_1,BC94,1,1970s,497500.0354478817,6322499.62760691,Pasture,0.69853961141487,0.0179478601011821,0.0788878184145125,0.487980239816509,0.121710180593743,0.154820273413786,8.45895070168003,133.097493391644
BC95_1,BC95,1,1970s,497500.0144291096,6327499.551978993,Pasture,0.637662997215637,0.0478609602733503,0.112980210204883,0.419645740929251,0.413424421670874,0.00608866692164076,8.4286207926116,134.690118214492
BC96_1,BC96,1,1970s,497500.0027015511,6332499.623702109,Forest,0.628106445041363,0,0,0.103064753478357,0.54660307644349,0.0239304801350646,8.42157121548466,136.044299457838
BD00_1,BD00,1,1970s,452500.055170292,6252499.551853021,Cropland,0.39921083983177,0.0143047711355446,0.764322402487813,0.0796177738914347,0,0.0686910479923048,8.47947623218767,135.334695771074
BD01_1,BD01,1,1970s,452500.062128352,6257499.642154956,Cropland,0.101168389227505,0.0100498970061024,0.947377061821588,0,0.0227875583882972,0.0197854827840125,8.43725978290516,136.596977826599
BD02_1,BD02,1,1970s,452500.0451360465,6262499.658862274,Cropland,0.312232878122389,0.178090825842576,0.809694952356518,0,3.68877194836126e-5,0.0121773340814216,8.30569073752138,140.550074848328
BD03_1,BD03,1,1970s,452500.00491227995,6267499.601946497,Cropland,0.152684414648183,0.0487093363285939,0.918215502344006,0,0,0.0330751613274001,8.31959226244577,134.991180586439
BD04_1,BD04,1,1970s,452500.0060987118,6272499.69329495,Cropland,0.389430930830572,0.048709336326083,0.766736291609034,0,0,0.0596112602736734,8.4167892495707,132.260243634541
BD05_1,BD05,1,1970s,452499.98535578116,6277499.71096541,Grass/Shrubland,0.489849413574101,0.00232366346977032,0.0404444778605873,0.0730640044932855,0,0.144851356750077,8.44827833819331,132.28809582597
BD06_1,BD06,1,1970s,452500.00592764583,6282499.765541134,Urban,0.536210744684642,0.122604995395968,0,0,0,0.0190685606332033,8.43385239878983,133.200634265342
BD07_1,BD07,1,1970s,452500.0058695333,6287499.746381921,Pasture,0.383421760760305,0.0235230135783356,0,0.132536810042142,0,0.0487093363263895,8.4330032935128,133.240180345008
BD08_1,BD08,1,1970s,452499.9871680592,6292499.764766518,Pasture,0.446195758994075,0,0,0.150580837142159,0,0.0243546681640824,8.41492012414542,134.006569788207
BD10_1,BD10,1,1970s,457500.0642796085,6252499.626853711,Cropland,0.180601745218519,0.048709335326563,0.902581329346874,0,0.048709335326563,0,8.4696102457731,136.535289901623
BD11_1,BD11,1,1970s,457500.03424585843,6257499.62756949,Forest,0.622203863621672,0.0487093353236198,0.352162695798104,0.0175399637245844,0.491777483052546,0.0898105221011457,8.4057717217507,138.187997396861
BD12_1,BD12,1,1970s,457500.0261392312,6262499.665304576,Cropland,0.557102739782818,0.0654558544393135,0.498307627680523,0,0.436236517880163,0,8.30719870291332,137.892126392565
BD13_1,BD13,1,1970s,457500.03933642176,6267499.628727978,Cropland,0.650263989143008,0.316610679623003,0.482633795929533,0.044100214196084,0,0.0441002141960563,8.29145359392921,135.558975239373
BD17_1,BD17,1,1970s,457500.0192793853,6287499.743606095,Cropland,0.471510325348269,0.0277044842592141,0.276697693233995,0,0,0,8.23421985819209,145.804547578601
BD18_1,BD18,1,1970s,457500.0290933364,6292499.781524262,Cropland,0.654638866023693,0.0379458662984409,0.536353730552765,0.0334930382325311,0,0.110795185704405,8.3453197314883,136.596562557909
BD19_1,BD19,1,1970s,457500.063487968,6297499.744964002,Pasture,0.780667321190935,0.0243546676620339,0.18459861776607,0.299502133768088,0.118682525024116,0.235774732630159,8.37309115174707,136.040808322755
BD20_1,BD20,1,1970s,462500.0521724849,6252499.692892568,Cropland,0.456609538436764,0,0.707453295854463,0.0397231566957469,0.190873160276152,0.0619503871736378,8.4199740830689,140.23582035852
BD21_1,BD21,1,1970s,462500.04652625887,6257499.613366459,Forest,0.338739335334111,0,0.123910046025522,0.0705988839020436,0.800466121712524,0.00502494835991016,8.36335238952656,141.259652939168
BD22_1,BD22,1,1970s,462500.04672205047,6262499.682150681,Forest,0.523163207561323,0,0.475539849675417,0,0.500105482855181,0.0243546674694014,8.31476915010112,137.611592998638
BD26_1,BD26,1,1970s,462500.0396707308,6282499.770858137,Grass/Shrubland,0.719488971064998,0.0322337320053182,0.198995612546924,0.0974186698777999,0.00322355450138304,0.393956505929734,8.41134597433726,136.237286712056
BD27_1,BD27,1,1970s,462500.0084153306,6287499.80222181,Cropland,0.156903662508531,0.0791037284559225,0.914768488697125,0,0.00612778284695296,0,8.15834354885979,143.795057234824
BD28_1,BD28,1,1970s,462500.04522956035,6292499.758577253,Cropland,0.140264354023409,0.0758917319972467,0.924108268002753,0,0,0,8.22861053472078,137.057999950213
BD29_1,BD29,1,1970s,462500.0292985126,6297499.752303558,Cropland,0.307185699609043,0.17128546995562,0.814414574679007,0,0.0142999553653733,0,8.33839478362866,134.977495713681
BD31_1,BD31,1,1970s,467500.0543298067,6257499.600372754,Forest,0.495589795438939,0,0.365681246668798,0,0.608284169479602,0.0260345838516002,8.30752583789895,141.770392841805
BD32_1,BD32,1,1970s,467500.06232946395,6262499.710226541,Cropland,0.354545594780667,0,0.789402677178916,0,0.113115383626075,0.09748193919501,8.32243426888259,137.61517952963
BD35_1,BD35,1,1970s,467500.0749060298,6277499.704398919,Cropland,0.584092960613199,0,0.427618835760579,0,0,0.0438111254833878,8.44353404099895,137.606725693294
BD36_1,BD36,1,1970s,467500.0370856172,6282499.739297631,Cropland,0.643516088922241,0.0243546680370046,0.288134232458349,0,0.0723354132674092,0.109577173170116,8.4212198011527,134.81560612184
BD37_1,BD37,1,1970s,467500.0506595336,6287499.810571126,Cropland,0.725852878723522,0.0455922235524419,0.46821400194159,0.0487093360746787,0.123914062625918,0.100459447788187,8.37244803913861,129.82361136374
BD38_1,BD38,1,1970s,467500.0539126969,6292499.807359152,Cropland,0.529684055482819,0,0.604265460072931,0,0.0379458668829788,0,8.3696317933182,128.73270751911
BD39_1,BD39,1,1970s,467500.0473273079,6297499.729633846,Cropland,0.187770822266152,0.0180144933417306,0.897898899037629,0,0,0.0748071869740112,8.35285088382143,134.151717324744
BD40_1,BD40,1,1970s,472500.0931846446,6252499.686959085,Cropland,0.34999223713472,0.087545524063279,0.792424322097066,0,0.120030153839655,0,8.30287169789077,146.173771793358
BD41_1,BD41,1,1970s,472500.0753691514,6257499.700065501,Cropland,0.476985626400195,0.14303256813952,0.688637005758031,0,0,0.168330426102449,8.34382649623329,139.075439596429
BD42_1,BD42,1,1970s,472500.0892348051,6262499.638397401,Cropland,0.740007472339113,0.262753225956763,0.387432562190849,0,0.0341683992744618,0.170891733687316,8.42679030212823,134.602629159394
BD43_1,BD43,1,1970s,472500.0750117887,6267499.724942416,Cropland,0.667437006372565,0.0487093346605009,0.211713539513441,0.121773336651252,0.0145409353620445,0,8.4709039000898,135.184056463071
BD44_1,BD44,1,1970s,472500.09313145553,6272499.736661749,Grass/Shrubland,0.660454826485372,0.108064055813768,0.0593547211559057,0,0,0.226789272056496,8.485123012964,137.163795624952
BD45_1,BD45,1,1970s,472500.082515051,6277499.673930096,Cropland,0.539799141813629,0.135482617452647,0.653836768582684,0,0.0487093346607335,0.0856996279490469,8.3985885698916,139.571973256013
BD46_1,BD46,1,1970s,472500.04509961524,6282499.759338391,Cropland,0.520943297941821,0.0243546673288098,0.24990069682658,0,0,0.0116918067406765,8.47152139340736,132.697539318963
BD47_1,BD47,1,1970s,472500.0410912281,6287499.769842108,Cropland,0.668520604980916,0.0243546673291354,0.190028482055911,0.0487093346582709,0,0.139507723704013,8.46039126377166,133.012059226842
BD48_1,BD48,1,1970s,472500.0707461879,6292499.705413405,Cropland,0.523538268644371,0,0.215757312012923,0,0,0.0875584884735187,8.46407360973118,131.051207067819
BD49_1,BD49,1,1970s,472500.07474827545,6297499.789050161,Cropland,0.561449211710307,0.0368995276500053,0.485526002044409,0,0,0.0297238151771288,8.41871930109623,134.169409414917
BD50_1,BD50,1,1970s,477500.11881933274,6252499.615843311,Cropland,0.0683191678958939,0.0354137151700957,0.964586284829904,0,0,0,8.32015320068165,144.667072937765
BD51_1,BD51,1,1970s,477500.0634254692,6257499.690373675,Cropland,0.565742475186093,0.0699402274077894,0.596965216814343,0,0,0.0729459216663058,8.43679626070204,135.058442411173
BD55_1,BD55,1,1970s,477500.05691394093,6277499.685499792,Grass/Shrubland,0.540184558551589,0.0730640040325817,0.00412177536110573,0.0487093360217211,0,0.122846994927237,8.5148180165837,133.163479926071
BD56_1,BD56,1,1970s,477500.0801616678,6282499.719876353,Cropland,0.589290082824253,0.00855788797354995,0.280565427444406,0.121773340046478,0,0.0251863225859547,8.49821062809072,134.740868612636
BD57_1,BD57,1,1970s,477500.05835724296,6287499.679689139,Cropland,0.505459189468833,0.0487093360192388,0.679061570321295,0,0,0.123689535708957,8.42579345089306,138.809796739365
BD58_1,BD58,1,1970s,477500.0542861005,6292499.787203539,Cropland,0.405900685103767,0,0.759991556333497,0.0694046197757962,0.0329125559845247,0.09264131614082,8.37068292453533,139.463994266796
BD59_1,BD59,1,1970s,477500.06639862224,6297499.708461465,Urban,0.621770110850443,0.123092335958638,0.044482535852777,0.101078056281914,0,0.117488738827246,8.46704173405403,132.007162826374
BD60_1,BD60,1,1970s,482500.06846866757,6252499.64834874,Cropland,0.0712238595052497,0.0369794062383672,0.963020593761633,0,0,0,8.36718019690026,140.700054635616
BD61_1,BD61,1,1970s,482500.09796961857,6257499.682375004,Cropland,0.625749581317094,0.0586411505645026,0.55120094373112,0.0485912529324447,0,0.115684671319417,8.44681978884064,137.474431612511
BD64_1,BD64,1,1970s,482500.05279373936,6272499.67016245,Cropland,0.71944298826472,0.0243546676463976,0.369171729533743,0.175805366843179,0.022530613085557,0.0837093895757019,8.44430637635177,143.284136267816
BD66_1,BD66,1,1970s,482500.0376611929,6282499.732977217,Cropland,0.565716936986862,0.0157967798003142,0.574099250739824,0,0,0.104178444647102,8.48431464448716,136.968459022954
BD67_1,BD67,1,1970s,482500.0596615541,6287499.763232267,Cropland,0,0,1,0,0,0,8.39123815920757,139.91707251579
BD68_1,BD68,1,1970s,482500.01980244165,6292499.718820099,Cropland,0.122645902738755,0.0243546676474782,0.93549388490402,0,0.0401514474485018,0,8.28790365266214,139.652320269151
BD69_1,BD69,1,1970s,482500.0410989809,6297499.710512316,Cropland,0.164184814494043,0.0902347101657117,0.909765289834288,0,0,0,8.42785901624685,134.972523522097
BD70_1,BD70,1,1970s,487500.0817826781,6252499.672654292,Cropland,0.281675730465197,0.100402686943393,0.839417641666359,0,0.0601796713902481,0,8.27827115583641,149.564007901326
BD71_1,BD71,1,1970s,487500.07274000347,6257499.676720983,Cropland,0.257288842063494,0.151638723494914,0.848361276505086,0,0,0,8.34056720890038,144.200706252175
BD72_1,BD72,1,1970s,487500.10657854204,6262499.717117674,Cropland,0.600058570582414,0.102859446352856,0.587296966221499,0.0791642788817249,0.0682955091493803,0.16238379939454,8.50399594465845,139.206837789215
BD73_1,BD73,1,1970s,487500.0600253826,6267499.6828794535,Cropland,0.734890936993999,0.0679774743780186,0.432875350891307,0.182212602794036,0.0332364478683682,0.180414488833771,8.51935427324344,137.116474272314
BD74_1,BD74,1,1970s,487500.05668077216,6272499.684921809,Cropland,0.0141913437633938,0,0.992853252112942,0,0.00714674788705828,0,8.42767170544023,139.311391712202
BD75_1,BD75,1,1970s,487500.09656343656,6277499.723220508,Cropland,0.683037882927135,0.246093942207738,0.475434294568285,0,0.0350921967278904,0.151992970584754,8.47416536043518,136.577570949139
BD76_1,BD76,1,1970s,487500.05683605693,6282499.686808519,Pasture,0.624265533798956,0.00558643568750831,0.0403517213833543,0.271968194982006,0.0912643227774131,0.0185654215421855,8.52394770099571,133.136305339307
BD77_1,BD77,1,1970s,487500.0606638972,6287499.686602905,Cropland,0.705370699606967,0,0.39641441639236,0.0365320015106029,0.131122942552184,0.104581843902113,8.44172349561431,135.127130889626
BD78_1,BD78,1,1970s,487500.04695056047,6292499.722763024,Cropland,0.290750804929992,0.0527761859240494,0.836574193907514,0.0284215182493749,0.0758917326325923,0,8.38326635847201,133.669935527266
BD79_1,BD79,1,1970s,487500.0155984107,6297499.6839520885,Cropland,0.0137414499793115,0.00586496453463228,0.993087637204582,0,0,0.00104739826078591,8.40862247481071,135.970008327976
BD80_1,BD80,1,1970s,492500.052342845,6252499.689303762,Cropland,0.430483828624507,0.062708000677874,0.71996823507791,0,0.217323764244216,0,8.2994537609779009,141.540756013086
BD81_1,BD81,1,1970s,492500.0663517555,6257499.67318747,Cropland,0.64972673766717,0.097418671065345,0.502400776016505,0,0.264526631305416,0.135653921612734,8.40391513746425,134.53668361469
BD82_1,BD82,1,1970s,492500.0446139241,6262499.693544938,Forest,0.510889064190418,0,3.34529163144711e-4,0.0669637274139526,0.61914077400557,0.313560969417333,8.48890661932704,137.638507882225
BD83_1,BD83,1,1970s,492500.04863837245,6267499.638934148,Cropland,0.619434855731103,0.024354667767805,0.482686170224384,0.024354667767805,0.369164006816937,0.099440487423069,8.50377055083074,136.896478967968
BD84_1,BD84,1,1970s,492500.0788364224,6272499.731946048,Cropland,0,0,1,0,0,0,8.39815948540098,142.203242726221
BD85_1,BD85,1,1970s,492500.0734845984,6277499.750050906,Cropland,0.025091536713161,0.0127072423651059,0.987292757634894,0,0,0,8.40743039192386,137.426977594278
BD86_1,BD86,1,1970s,492500.0328117953,6282499.693222406,Cropland,0.757615838029026,0.0283464134295399,0.388626093949255,0.120201451947274,0,0.0997747613973061,8.48748110408287,133.945845431502
BD87_1,BD87,1,1970s,492500.0796249006,6287499.672523582,Grass/Shrubland,0.794995227924735,0.173647315422757,0.208309333330787,0.2138693165213,0,0.268175022964031,8.44662041053593,136.64001902339
BD88_1,BD88,1,1970s,492500.0303709486,6292499.688262614,Cropland,0.511901520108044,0.0446424849449744,0.117979124559178,0.0961795500996191,0,0.0379458664610273,8.49303216375528,130.325604698729
BD89_1,BD89,1,1970s,492500.00758350815,6297499.740193662,Urban,0.490597987087511,0.194837342131914,0.124775227038904,0,0,0.00522503200845312,8.50546869092166,130.503261144702
BD90_1,BD90,1,1970s,497500.0588251114,6252499.698183741,Cropland,0.382480644020066,0.054344358193771,0.776844397144015,0,0.0671376998932074,0.0773188770827243,8.4357082600002,133.206267692713
BD91_1,BD91,1,1970s,497500.03416951664,6257499.671954378,Cropland,0.463158105894675,0.0485912530096913,0.713469433012535,0.0243546676848591,0.0861343668960227,0.127450279396891,8.4913127963848,133.099011943583
BD92_1,BD92,1,1970s,497500.0799421015,6262499.6820673505,Cropland,0.691026196763868,0.0342864821336414,0.457751462551742,0.276271587272875,0.121855759446378,0.0414979090473759,8.51701930741137,134.26127236775
BD93_1,BD93,1,1970s,497500.07296910265,6267499.728574473,Cropland,0.207093139553346,0.0628260833973447,0.887621327361923,0.0142876747248524,0.00618304336654868,0,8.495913067844,136.488825102436
BD94_1,BD94,1,1970s,497500.0748110663,6272499.700105536,Cropland,0.249549223881136,0.146128006110356,0.853871993889644,0,0,0,8.36817365753734,140.943112652062
BD95_1,BD95,1,1970s,497500.02420617704,6277499.707981611,Cropland,0.0475230356966316,0.0243546676864324,0.975645332313568,0,0,0,8.36745107883143,135.38376979248
BD96_1,BD96,1,1970s,497500.0438990338,6282499.752103166,Cropland,0.0673833290962575,0.0242841132432259,0.965359884166565,0,0,0,8.41784035706618,136.683910178798
BD97_1,BD97,1,1970s,497500.0724178304,6287499.721172826,Cropland,0.169389269904832,0.093422375126737,0.906577624873263,0,0,0,8.39018253075024,136.686526215881
BD98_1,BD98,1,1970s,497500.04871990596,6292499.726513864,Cropland,0.58995889184973,0,0.471849130229277,0.418878270505966,0,0,8.49733791257484,131.444517617624
BD99_1,BD99,1,1970s,497500.0340011228,6297499.6567514995,Pasture,0.454877206533698,0,0,0.1566818210129,0.054691955403818,0,8.49788468752292,134.88345980291
BE03_1,BE03,1,1970s,452500.11633685895,6217499.746191076,Cropland,0.669581018952709,0.132420452849044,0.31618117200181,0,0,0.0957915238788568,8.53115924399717,131.834831985118
BE04_1,BE04,1,1970s,452500.11632998136,6222499.685172294,Cropland,0.583659058682551,0,0.468584614688954,0,0,0.0990458214269829,8.53393691947412,131.403943108264
BE05_1,BE05,1,1970s,452500.15106356906,6227499.661355034,Cropland,0.455970991349845,0,0.648372855755618,0,0,0,8.52397437872006,132.910791890013
BE06_1,BE06,1,1970s,452500.1590520394,6232499.675403499,Cropland,0.398765061068916,0.0559839092217922,0.766288253488915,0.074319848649956,0,0.0557664716223449,8.50671575011594,134.336546748527
BE07_1,BE07,1,1970s,452500.1397759422,6237499.615993101,Cropland,0.602042680405072,0.00878743269171646,0.57293191432493,0.177639163487051,0.00116183173489595,0.184696162992153,8.48958662544708,134.143445950295
BE08_1,BE08,1,1970s,452500.095196037,6242499.594395928,Cropland,0.704514240928708,0.0281562869191765,0.144203451290806,0.0639256337348912,0,0.107350484830742,8.50013824376431,133.428513439301
BE09_1,BE09,1,1970s,452500.0878081365,6247499.609894695,Cropland,0.656738543620485,0.0243546681630352,0.49020448867317,0.116101894784209,0,0.083525628016862,8.49474965330873,135.672701118218
BE11_1,BE11,1,1970s,457500.10127285187,6207499.743524788,Cropland,0.570678369929484,0,0.393005316074859,0.0906039667125107,0,0,8.56970725605464,132.073574518291
BE12_1,BE12,1,1970s,457500.1500305779,6212499.741318243,Cropland,0.602347388434655,0.0243546676619466,0.55621735941305,0.0487093353238932,0,0.0645378517844266,8.54942549329327,133.474391312737
BE13_1,BE13,1,1970s,457500.15345753945,6217499.776981724,Cropland,0.480187639675388,0.134641038038487,0.699400210794467,0,0.0669753360746418,0.0876788210684523,8.49981418034252,134.907294665335
BE14_1,BE14,1,1970s,457500.1111617552,6222499.739193365,Cropland,0.278453830324004,0.061726525254995,0.845204143029199,0.0487093353239785,0.0243546676619892,0.0200053287298386,8.49403031511029,136.084346605296
BE15_1,BE15,1,1970s,457500.1490842873,6227499.737989361,Cropland,0.437013241239502,0.0730640029892378,0.734138853711045,0.0100162754369025,0.0623260897047298,0.120454778158085,8.49227963508951,136.513598765637
BE16_1,BE16,1,1970s,457500.14241573645,6232499.663280108,Cropland,0.676183853229903,0.0160122756290268,0.426922307307664,0.0691363944488252,0.157829332291153,0.330099690323332,8.45517901011424,138.315947991455
BE17_1,BE17,1,1970s,457500.0929771521,6237499.626338543,Cropland,0.562815731971868,0.19405210314927,0.622708778112493,0.0913300037321129,0.0358489591499523,0.0411011867778557,8.46095627600056,136.3672064013
BE18_1,BE18,1,1970s,457500.12517345103,6242499.625902592,Cropland,0.549494578288123,0.0810416802387253,0.638600832866705,0.155266376551197,0,0.0167465191168501,8.50095107582487,135.610966271091
BE19_1,BE19,1,1970s,457500.1157411464,6247499.663183419,Cropland,0.626245175500206,0.00956228644901416,0.516973768185615,0.0182660007465047,0.261086640344756,0.19411130427411,8.47049769738554,138.247282891744
BE20_1,BE20,1,1970s,462500.11838367645,6202499.747712504,Cropland,0.249230898979404,0,0.860153851685067,0.0379840752386113,0.00470484529064739,0,8.55755653302013,136.555074758423
BE21_1,BE21,1,1970s,462500.0952010719,6207499.74191438,Cropland,0.296507087603498,0.0933835574820237,0.831118572977312,0.00681470388403649,0.0627071643429232,0.00597600131370421,8.49696238463041,140.131667257058
BE22_1,BE22,1,1970s,462500.1342590039,6212499.772833126,Cropland,0.0167424022823118,0.00403511238475841,0.991576619145264,0,0.00413004488584836,2.58223584129353e-4,8.41769572616246,143.269456136056
BE23_1,BE23,1,1970s,462500.11044103146,6217499.730235226,Cropland,0.0576567707333311,0.0243546674710718,0.97042404006913,0,0.00522129245979853,0,8.39626723551254,140.967188243923
BE24_1,BE24,1,1970s,462500.1496938069,6222499.724303068,Cropland,0.471651212307661,0,0.672759758416144,0.0487093349391385,0.270758348301162,0.00777255834355572,8.39254457065692,141.714707783355
BE25_1,BE25,1,1970s,462500.12816557044,6227499.756101517,Forest,0.489193658347628,0,0.190346304961373,0.0133550338102572,0.678406271715886,0.117892389512484,8.36175608578873,143.220642716655
BE26_1,BE26,1,1970s,462500.1075739042,6232499.713761374,Forest,0.427789876871839,0,0.0487093349396601,0.205836973396123,0.725943801359158,0.0195098903050586,8.35796467998742,143.081598479024
BE27_1,BE27,1,1970s,462500.0893851709,6237499.708556035,Forest,0.470785250761571,0,0.126081707885446,0.179346667371375,0.69343713709456,0.00113448764861852,8.36720318374129,141.99095330046
BE28_1,BE28,1,1970s,462500.13495159394,6242499.628613053,Cropland,0.626585372236506,0.00525927425886935,0.503282300399057,0.126146293692774,0.31950366303647,0.0458084686128306,8.44465002241206,138.854469005064
BE29_1,BE29,1,1970s,462500.12296665786,6247499.697601233,Cropland,0.125558817098725,0.0290272095395675,0.934396481928912,0.0111177159940059,0.0075261726600574,0.0179324198774573,8.46295591384009,138.472965022664
BE30_1,BE30,1,1970s,467500.10730380483,6202499.828305079,Cropland,0.51405555581585,0.252066562572046,0.645287796089712,0,0.0320551198193073,0.0705905215189355,8.523901067138,140.13206491591
BE31_1,BE31,1,1970s,467500.0896561928,6207499.754043788,Cropland,0.576559676650401,0,0.573675548159867,0.0350188348719453,0.284118890549532,0.107186726418655,8.37713866255131,144.34184781832
BE32_1,BE32,1,1970s,467500.1185248302,6212499.827834143,Cropland,0.272172950516475,0,0.838396631166166,0.00151316717954453,0.157826479945277,0.00226372170901212,8.23700357780271,147.551861402594
BE33_1,BE33,1,1970s,467500.1294375103,6217499.716232078,Cropland,0.173402731911206,0.0178460729547804,0.905785064217372,0,0.0763688628278476,0,8.25912727471765,144.081765619623
BE34_1,BE34,1,1970s,467500.1254063341,6222499.7531053685,Cropland,0.450007475817697,0.0552179311401602,0.720249572173369,0,0.14972530971342,0.0748071869730501,8.329983651172,141.748959606452
BE35_1,BE35,1,1970s,467500.1052226283,6227499.715833131,Cropland,0.549320498573161,0,0.60911328194646,0.0730640041147274,0.267648163241814,0.0501745506969984,8.33754994412898,138.869590946305
BE36_1,BE36,1,1970s,467500.1322030665,6232499.715216365,Forest,0.378410828552694,0,0.0353543019312699,0.13656544849844,0.77378355641002,0.0542966931602706,8.27795663122645,144.631190886719
BE37_1,BE37,1,1970s,467500.08192916744,6237499.640875189,Forest,0.279195028396027,0,0.00664799646863247,0.089200519814286,0.84144598821610594,0.062705495500976,8.30426959475378,142.577874617341
BE38_1,BE38,1,1970s,467500.0804897086,6242499.714440874,Forest,0.714634664005589,0.0974186721544561,0.189944991162864,0.0464933372489293,0.417231190904551,0.248911808529199,8.37269743361896,142.003996515047
BE39_1,BE39,1,1970s,467500.1255944229,6247499.601982121,Cropland,0.069972123608815,0.0256105119797434,0.963983240560292,0,0.0104062474599642,0,8.44471989546684,140.074242472079
BE40_1,BE40,1,1970s,472500.1127389596,6202499.801765352,Cropland,0.0633903948950703,0.032769005145779,0.967230994854221,0,0,0,8.51673539715854,143.165137686937
BE41_1,BE41,1,1970s,472500.10111836577,6207499.780096917,Cropland,0.0876980528762088,0.0459614844950975,0.954038515504902,0,0,0,8.40626420513326,144.565759646418
BE42_1,BE42,1,1970s,472500.118605587,6212499.79520641,Cropland,0.179024471033807,0.0993907583653413,0.900609241634659,0,0,0,8.32221883493212,142.685053792603
BE43_1,BE43,1,1970s,472500.102536274,6217499.736171087,Cropland,0.136360885791911,0.0155129528510754,0.927358053429886,0,0,0.0571289937190386,8.25035518460739,144.614161373582
BE44_1,BE44,1,1970s,472500.11623195955,6222499.713864509,Cropland,0.162376735753531,0,0.908372912081429,0,0,0.0916270879185714,8.26905772022686,146.551918503881
BE45_1,BE45,1,1970s,472500.0978888087,6227499.728662689,Cropland,0.300115952800905,0.0487093346599078,0.830359988118768,0,0.0426504592450416,0.0782802179762821,8.2482437372618,146.878395182513
BE46_1,BE46,1,1970s,472500.10925229813,6232499.668840696,Cropland,0.726333246059607,0,0.342564343689356,0.149601896590932,0.212801561307049,0.295032198412663,8.25105625842889,145.181346098969
BE47_1,BE47,1,1970s,472500.08938047354,6237499.6460741,Forest,0.61521416964598,0,0.327505630916214,0.0403394745854385,0.511127073682108,0.121027820816239,8.27500702386586,144.283292915777
BE48_1,BE48,1,1970s,472500.10059309157,6242499.6599383075,Pasture,0.729146059397177,0.0689422267449813,0.278382486124597,0.387103161889649,0.120037641046791,0.145534484193981,8.37815433388009,141.425729027273
BE50_1,BE50,1,1970s,477500.0897044176,6202499.779935578,Cropland,0.446650941532099,0.189890378897851,0.71471458275495,0.0529428910789658,0,0.0424521472682329,8.4886839793968,146.841040359772
BE51_1,BE51,1,1970s,477500.0837171829,6207499.820620244,Cropland,0.276608430514101,0.0758118542711168,0.84326481405858,0,0.0809233316703032,0,8.3882002339671,146.872958410037
BE52_1,BE52,1,1970s,477500.0896873518,6212499.786792553,Cropland,0.0626625980623149,0.0302968372475696,0.96768560651552,0,0.00201755623691008,0,8.3698502906898,142.755855751085
BE53_1,BE53,1,1970s,477500.10844758886,6217499.789725573,Cropland,0.260005014164949,0.153144131431326,0.846352491394844,0,0,5.03377173829982e-4,8.35525764516624,140.181574990783
BE54_1,BE54,1,1970s,477500.0775276706,6222499.718423463,Cropland,0.222010803445691,0.0243546680094729,0.878306436139078,0,0.046096534695847,0.0512423611556015,8.30875007852435,144.150017114185
BE55_1,BE55,1,1970s,477500.12210260506,6227499.683505938,Cropland,0.413333303192316,0,0.74584270083725,0.0365320020157905,0.159180373051043,0.0584449240959166,8.17999096035537,151.210130551491
BE56_1,BE56,1,1970s,477500.11822783895,6232499.6856043795,Cropland,0.451617014688826,0.0465736974135842,0.724221532138067,0.0243546680097226,0.110854651434392,0.0939954510042343,8.17441834420909,148.237531189595
BE57_1,BE57,1,1970s,477500.12828789,6237499.724367468,Cropland,0.478219011292762,0.148263646654347,0.691554756834987,0,0.0140535884545636,0.146128008056103,8.28036642330411,141.762850795435
BE58_1,BE58,1,1970s,477500.09009941894,6242499.688796431,Cropland,0.49443187452837,0.153228924559607,0.684457839002467,0,0.0732644304265168,0.0890488060114086,8.37733099813722,141.595808125565
BE59_1,BE59,1,1970s,477500.06649092725,6247499.689840795,Urban,0.406250454417809,0.727196539756538,0.254423578295108,0,0.00726216570800151,0.011117716240353,8.38789148810244,145.281985796816
BE60_1,BE60,1,1970s,482500.1170935474,6202499.762600222,Grass/Shrubland,0.49963498474122,0,0.486490461540448,0,0,0.513509538459552,8.49848281084599,146.239643106651
BE61_1,BE61,1,1970s,482500.11583061574,6207499.764099555,Cropland,0.60225539044125,0.0730640029409282,0.573290980719943,0,0.201432604343818,0.15221241199531,8.44136193410875,144.708307740907
BE62_1,BE62,1,1970s,482500.11054156657,6212499.802375257,Cropland,0.246224822318437,0.113247187035713,0.860380589111061,0,0.026372223853226,0,8.39990333751623,145.350677598602
BE63_1,BE63,1,1970s,482500.1010131544,6217499.766104947,Cropland,0.377064234406192,0.252072827635001,0.747927172364999,0,0,0,8.38322869575448,144.527771034694
BE64_1,BE64,1,1970s,482500.08794277866,6222499.766563116,Cropland,0.311077807009648,0.0243546676463605,0.821377082140887,0,0.106877910810769,0.0473903394019836,8.33681285265076,144.806888265019
BE65_1,BE65,1,1970s,482500.0711159684,6227499.692425571,Cropland,0.33062360547768,0.106533844818759,0.808040341722016,0,0.069629033657863,0.0157967798013626,8.27813264007125,141.283058621837
BE66_1,BE66,1,1970s,482500.11322061473,6232499.654712963,Cropland,0.319312344894237,0.143772605667465,0.811677605585025,0,0.0229312968567589,0.0216184918907514,8.25578559609329,142.845926500613
BE67_1,BE67,1,1970s,482500.0904503339,6237499.653912236,Cropland,0.0447714472863399,0.00672941389026028,0.977206851488546,0,0.0157967798004184,2.66954820775609e-4,8.28342718680345,146.139391586893
BE68_1,BE68,1,1970s,482500.0651098611,6242499.689744695,Cropland,0.158776534318369,0.0361149568604553,0.915175707843942,0,0.0243546676478014,0.0243546676478014,8.38720758385874,141.134213094193
BE69_1,BE69,1,1970s,482500.0987530567,6247499.650626864,Cropland,0.147708679930963,0.0803028948938077,0.919697105106192,0,0,0,8.37425647892858,144.873056146968
BE70_1,BE70,1,1970s,487500.0865301826,6202499.750414935,Cropland,0.0153221186619983,0,0.992279331953923,0,0,0.00772066804607683,8.45271648709165,149.611095691637
BE71_1,BE71,1,1970s,487500.08995137503,6207499.722487243,Cropland,0.281625900188723,0.00372995007706707,0.838412114807936,0,0.11546096906877,0.0423969660462274,8.39394948932155,150.418658955538
BE72_1,BE72,1,1970s,487500.07277842105,6212499.73131084,Cropland,0.257821219802165,0.036672676978385,0.853708100604498,0,0.109619222417117,0,8.2941056976802,152.644625860822
BE73_1,BE73,1,1970s,487500.09745280247,6217499.776680447,Cropland,0.235521792560956,0.0164404094203991,0.864673185154347,0,0,0.118886405425254,8.32009326346538,149.750941088958
BE74_1,BE74,1,1970s,487500.10153235553,6222499.747455017,Cropland,0.257226269680392,0.0324163621138401,0.85338909072582,0,0,0.11419454716034,8.29702603284334,150.52086961214
BE75_1,BE75,1,1970s,487500.08557870064,6227499.754910266,Cropland,0.398085767975866,0.240925759946895,0.736431182121345,0,0,0.0226430579317599,8.3083796506722,145.851492779276
BE76_1,BE76,1,1970s,487500.0494996909,6232499.6877210885,Cropland,0.0454891421559647,0.0232868483857218,0.976713151614278,0,0,0,8.31912736896706,143.518751217195
BE77_1,BE77,1,1970s,487500.0557743558,6237499.656981816,Cropland,0.256575526797811,0.149330406586387,0.849189444134255,0,0.00148014927935819,0,8.34579958435893,141.702060086514
BE78_1,BE78,1,1970s,487500.10442118364,6242499.66266886,Cropland,0.139084839907357,0.052439718618382,0.926177770474545,0,0.00258670129173203,0.0187958096153408,8.41668120805605,140.671628547736
BE79_1,BE79,1,1970s,487500.07191723434,6247499.705124563,Cropland,0.0376431929919927,0.0128127633732311,0.980898162902277,0,7.30215681182462e-4,0.00555885804330956,8.39212657451624,143.399434121876
BE80_1,BE80,1,1970s,492500.0769083233,6202499.743162796,Cropland,0.654038579709672,0.0121773338836359,0.472343185496276,0.0470310005073462,0.228828299887039,0.239620180225702,8.45071441356628,148.204580450594
BE81_1,BE81,1,1970s,492500.0851086948,6207499.806863972,Cropland,0.421664159216581,0.111990720073067,0.745295974885783,0,0.0798503414158957,0.0628629636252549,8.33942795408066,151.785725293742
BE82_1,BE82,1,1970s,492500.0559510994,6212499.795978415,Forest,0.577116749443077,0.0747129208622049,0.233479525516731,0,0.594388882555386,0.0974186710656774,8.25908231699311,152.079393627211
BE83_1,BE83,1,1970s,492500.0518686798,6217499.710370969,Cropland,0.175274888360747,0.0356921455130959,0.905536947259227,0,0.058770907227677,0,8.2894664229323,145.824577346088
BE84_1,BE84,1,1970s,492500.07326583227,6222499.77261727,Cropland,0.353844933244783,0.229671434403227,0.770328565596773,0,0,0,8.28594367628395,144.891470883008
BE85_1,BE85,1,1970s,492500.0576986846,6227499.760204127,Cropland,0.214828790356411,0.122394908903767,0.877605091096233,0,0,0,8.3199800944575,143.317514988745
BE86_1,BE86,1,1970s,492500.0673832763,6232499.672995943,Cropland,0.387636071691238,0.0353543015381796,0.767093766220974,0,0.136665262823919,0.0608866694169276,8.36837148867456,140.923210828274
BE87_1,BE87,1,1970s,492500.0408101817,6237499.733683195,Cropland,0.152858974396379,0,0.918334544891427,0.00509487962284513,0.0588425850992462,0.0177279903864821,8.39083783693899,141.179236831698
BE88_1,BE88,1,1970s,492500.0396555708,6242499.719527307,Cropland,0.577851580053985,0.0974186710717414,0.605185931662215,0.00890378550699303,0.184446263349118,0.104045348409933,8.40902692660054,141.878631830368
BE89_1,BE89,1,1970s,492500.0641284463,6247499.741806999,Forest,0.615054738223005,0.117706488242423,0.393842761563251,0.0243546677665094,0.464096082427816,0,8.35473279205368,145.364335498449
BE90_1,BE90,1,1970s,497500.0422758438,6202499.741026654,Cropland,0.723671941213888,0,0.375086325037102,0.183775911018273,0.251916862574424,0.189220901370201,8.42249807235838,148.209322464092
BE91_1,BE91,1,1970s,497500.0549127382,6207499.7948163375,Cropland,0.745616110340859,0.0546919554051641,0.320029640482821,0.114868493582383,0.266627778636431,0.2437821318932,8.38346834444758,146.516345857496
BE92_1,BE92,1,1970s,497500.07603090524,6212499.773925238,Forest,0.278115614553282,0,0.135767261316983,0,0.83831984230514,0.0259128963778776,8.28050703717781,147.198355545455
BE93_1,BE93,1,1970s,497500.0434951054,6217499.78966552,Cropland,0.670899194586721,0.253611591922714,0.450774349622259,0,0.242386667100072,0.0532273913549549,8.3069860709298,144.695979854364
BE94_1,BE94,1,1970s,497500.0817259047,6222499.730638592,Urban,0.470030607750754,0.687759262150655,0.220188498243708,0,0,0.0920522396056365,8.32000807166118,142.781839966731
BE95_1,BE95,1,1970s,497500.06645494024,6227499.708195655,Cropland,0.310478491246277,0.192167652159716,0.807832347840284,0,0,0,8.33002874620246,142.459756356085
BE96_1,BE96,1,1970s,497500.0598918972,6232499.722276111,Cropland,0.428687681048987,0.0347385322091025,0.743013630609966,0.073064003055875,0.102610137331592,0.046573696793464,8.36580240803503,143.060455832293
BE97_1,BE97,1,1970s,497500.06204059086,6237499.7728568325,Cropland,0.167433741511219,0,0.908408056358935,0.0037691155576826,0.0856871895138173,0.0021356385695652,8.37120415255453,143.610356766526
BE98_1,BE98,1,1970s,497500.0728370326,6242499.748610737,Forest,0.68573990091595,0.164075440642816,0.278489761554834,0.0065868870240653,0.445751146533099,0.105096764245186,8.3783182688692,141.542486743478
BE99_1,BE99,1,1970s,497500.0305140985,6247499.6495497795,Forest,0.501575983114383,0.00985565025232967,0.0972058413155334,0,0.657494112678723,0.235444395753413,8.37088436094641,139.875872754384
BF00_1,BF00,1,1970s,452500.16255789786,6152499.84979633,Pasture,0.732973046128121,0,0,0.201692170854827,0.104581474556686,0.19953081532678,8.5687316849411,124.79413875128
BF01_1,BF01,1,1970s,452500.1443555164,6157499.855121321,Pasture,0.616908845877433,0,0,0.26652110494257,0.142162620882778,0.0151701542989159,8.5421876263124,124.342614435204
BF02_1,BF02,1,1970s,452500.1523084943,6162499.7866961,Pasture,0.567858797967803,0.00948710573037899,0,0.61300097311527,0.193705985670478,0.114513719976687,8.53523305780088,125.698773447656
BF03_1,BF03,1,1970s,452500.1251936091,6167499.75646735,Forest,0.651685439769635,0.0285536377755953,0.0319628168669509,0.366481727707618,0.43838402696236,0.134617790687476,8.47364498393141,129.447728269278
BF04_1,BF04,1,1970s,452500.1265854016,6172499.763725036,Cropland,0.735343938054198,0,0.307941841482328,0.25175481399417,0.00464732694008083,0.143399999627682,8.55547453319264,124.322056904651
BF05_1,BF05,1,1970s,452500.0929818788,6177499.69784097,Forest,0.696436215968098,0,0.277153543637074,0.140423651823785,0.426365034988289,0.156057769550852,8.48635184852119,129.981668868574
BF06_1,BF06,1,1970s,452500.08902709355,6182499.669392232,Forest,0.664949282047998,0.0228244461070029,0.359434065402301,0.212327216338231,0.400067428412355,0.00534684374011029,8.53487890484377,126.702212796741
BF07_1,BF07,1,1970s,452500.1152225344,6187499.678353518,Pasture,0.674818222613309,0,0.340125593027514,0.381217281355399,0.00250857746022598,0.196741000337975,8.5645138424372,127.197785657856
BF08_1,BF08,1,1970s,452500.10950070026,6192499.7253870675,Pasture,0.589816169464146,0,0,0.283045977058352,0,0.158305343069901,8.56907568826816,128.376275882486
BF11_1,BF11,1,1970s,457500.09805196273,6157499.819878605,Pasture,0.778249032089905,0.048928771950364,0.195168946638597,0.274416254833516,0,0.12786200523143,8.51877972975744,130.317818697537
BF12_1,BF12,1,1970s,457500.1359493549,6162499.887689657,Cropland,0.601367607467029,0.0208823465077823,0.563317016148416,0.269140137817549,0,0.0745942250121026,8.55600229066015,127.073956158977
BF14_1,BF14,1,1970s,457500.1182257726,6172499.803160674,Cropland,0.475234326585934,0.108874230710541,0.701884367257448,0.0414680474188116,0.12177333830933,0.0260000163038702,8.50492941390424,131.267694975159
BF15_1,BF15,1,1970s,457500.127743533,6177499.761444724,Cropland,0.328400036612025,0.094371179390928,0.808210149959256,0,0,0.0974186706498164,8.50275917818625,130.53292706987
BF16_1,BF16,1,1970s,457500.08782064816,6182499.757772771,Cropland,0.261273570596329,0.0989488926770843,0.851364133035043,0,0,0.0496869742878727,8.53633097991496,129.455735549191
BF17_1,BF17,1,1970s,457500.1244502372,6187499.790891147,Cropland,0.152471751233143,0,0.918880192170674,0.0167465191164184,0.0526198911722302,0,8.56208266064455,130.892416893474
BF18_1,BF18,1,1970s,457500.11167777673,6192499.750712315,Cropland,0.597482979851496,0.0243546676635252,0.232123339269465,0.0350799274506823,0,0.0487093353270505,8.5837138723764,130.424297521468
BF21_1,BF21,1,1970s,462500.1042798301,6157499.812390076,Cropland,0.558121553051144,0.0944806845248403,0.637617973297497,0.0669753355444156,0.0730640024120897,0.127862004221157,8.51343853138773,130.396723283847
BF24_1,BF24,1,1970s,462500.0968862839,6172499.788392592,Cropland,0.11413723332396,0.0354247720371119,0.940220560493447,0,0,0.0243546674694411,8.46993652633645,134.837430614554
BF27_1,BF27,1,1970s,462500.11824307253,6187499.766874204,Cropland,0.187337629717381,0.00993181435965641,0.896560071579681,0,0.093508114060663,0,8.5187655210731,134.624102604134
BF28_1,BF28,1,1970s,462500.0991430791,6192499.760439191,Cropland,0.536860725835367,0.0173901462014008,0.624511427803327,0.243629083760977,0.02435466747109,0.0853868941798779,8.54531145881255,134.491269075364
BF29_1,BF29,1,1970s,462500.07854237576,6197499.791339589,Cropland,0.660104481079519,0,0.50178269206882,0.129231669178737,0,0.170482672286593,8.58230827785117,133.267918569713
BF31_1,BF31,1,1970s,467500.0528761789,6157499.8339712275,Cropland,0.445636723545194,0.0607856907201706,0.728657217712941,0.0613129137259207,0.0262784583017193,0.122965719539248,8.5066947997859,132.039686014122
BF32_1,BF32,1,1970s,467500.0828731935,6162499.869694816,Grass/Shrubland,0.749190047141829,0.285945701830793,0.182621482115701,0.106052649979116,0.0836339567225079,0.341746209351881,8.52158453307273,134.853411795226
BF33_1,BF33,1,1970s,467500.09141173307,6167499.831571815,Cropland,0.431166723533888,0.152438322797825,0.733282584675153,0.0243546680387017,0.00491313970672891,0.0850112847815915,8.49840468504347,136.021992060501
BF34_1,BF34,1,1970s,467500.07979854086,6172499.830867704,Cropland,0.187610418606341,0.104785133507317,0.895214866492683,0,0,0,8.41707920718202,138.752810727074
BF35_1,BF35,1,1970s,467500.11046438524,6177499.755797745,Cropland,0.441992084237959,0.214787254202259,0.71352267134564,0,0.0455922235534787,0.0260978508986225,8.38769281651892,138.938019418917
BF36_1,BF36,1,1970s,467500.05907752085,6182499.718568934,Cropland,0.111762778418777,0.0538731032843727,0.94081750783659,0,0,0.0053093888790373,8.4112072573961,139.274570550615
BF37_1,BF37,1,1970s,467500.11425610323,6187499.71774681,Cropland,0.0197076788540617,0.00296729317827211,0.990068185408773,0,0.00696452141295451,0,8.43546053461709,140.541528324195
BF38_1,BF38,1,1970s,467500.08834202494,6192499.754719362,Cropland,0.594827649597323,0.132569367818563,0.599679104781408,0.0974186721549598,0.127857744211688,0.042475111033381,8.4814410008133,138.799202145182
BF39_1,BF39,1,1970s,467500.1070246964,6197499.8285216,Cropland,0.644668537080674,0.24599561027927,0.514218451806227,0,0,0.148601490809604,8.5695470528987,136.168652204552
BF40_1,BF40,1,1970s,472500.05446232,6152499.831390551,Cropland,0.286947023480266,0.0968446606215019,0.837328021612109,0,0.0237806586349441,0.0420466591314445,8.47154766403029,137.335932147795
BF41_1,BF41,1,1970s,472500.085972153,6157499.883806649,Cropland,0.141945661929548,0.0243546673300185,0.925282650279297,0,0.0299250450765291,0.0204376373141557,8.49387197030674,135.749075623684
BF42_1,BF42,1,1970s,472500.07961185457,6162499.862346774,Cropland,0.444259619915569,0.0229807422468685,0.719445106859525,0,0.170610668975006,0.0869634819185999,8.46799916752551,138.052197990387
BF43_1,BF43,1,1970s,472500.098778225,6167499.766588567,Cropland,0.686022467816647,0.137719935261299,0.4543251548862,0.0716900769086541,0.0560474112784334,0.280217421665413,8.54250642936514,133.04352035595
BF44_1,BF44,1,1970s,472500.0822753295,6172499.819486889,Cropland,0.303774571338717,0.070718094187077,0.82624257476391,0,0.0229807422466639,0.0800585888023493,8.49603847175723,135.616175108159
BF45_1,BF45,1,1970s,472500.09195236844,6177499.798039483,Cropland,0.334450720657967,0.113613430007046,0.803610190906931,0,0,0.0827763790860233,8.42285681995244,139.088900703356
BF46_1,BF46,1,1970s,472500.06605603127,6182499.813911805,Cropland,0.119190690117497,0.0201808436894107,0.937218538025166,0.0243546673297902,0,0.0182459509556332,8.37874822150893,142.987380699559
BF47_1,BF47,1,1970s,472500.06699141755,6187499.755388988,Cropland,0.0941743206073443,0.0487613830427504,0.950496793684248,0,0,7.41823273001823e-4,8.39429637707846,140.794502578032
BF48_1,BF48,1,1970s,472500.0957205096,6192499.73373965,Cropland,0.182214404765994,0.0534357177904544,0.901465868904354,0,0.0450984133051913,0,8.50351597117725,138.045654213224
BF49_1,BF49,1,1970s,472500.0900039778,6197499.749339143,Cropland,0.480113735028795,0.109848518811009,0.692574812646722,0,0.16104466754901,0.0365320009932598,8.56684288781417,139.45981582037
BF50_1,BF50,1,1970s,477500.08187685715,6152499.846936376,Cropland,0.21560128203731,0.0487093360191345,0.881569681382463,0,0.0697209825984022,0,8.53464192427209,136.54011957162
BF51_1,BF51,1,1970s,477500.02976028406,6157499.8520273,Cropland,0.224321059318279,0.0974186720427136,0.874883638560721,0,0.0276976893965651,0,8.4681672475315,140.160136245325
BF53_1,BF53,1,1970s,477500.08021795313,6167499.7500125235,Cropland,0.40350257995222,0.114534447991229,0.759540376529097,0.0257285931314816,0.0484919513079038,0.0517046310402884,8.51848721979998,139.224010766459
BF54_1,BF54,1,1970s,477500.057860584,6172499.75480094,Cropland,0.487479883200617,0.0846055221581212,0.698199417524557,0.0487093360187916,0.0685666468448703,0.0999190774536597,8.49565918648762,141.337559790393
BF55_1,BF55,1,1970s,477500.0461591174,6177499.796539538,Cropland,0.231797669882999,0.0498474812186315,0.864911180746545,0,0,0.0852413380348241,8.42980166899797,142.466284279423
BF56_1,BF56,1,1970s,477500.10749606375,6182499.763586155,Cropland,0.366630625602485,0.0926906162446296,0.785536043703304,0.0487093360208266,0,0.0730640040312399,8.41713495984534,140.757583818603
BF57_1,BF57,1,1970s,477500.05456016917,6187499.768187857,Cropland,0.216138588632615,0.0575591671570729,0.881554162819234,0,0.0121773340047385,0.048709336018954,8.38258899197991,144.091302182958
BF58_1,BF58,1,1970s,477500.0757376356,6192499.809343387,Cropland,0.141689835423764,0.00137392512047095,0.924884155998939,0.0506890079844475,0.0171157759474797,0.00593713494866311,8.48800658287287,140.395200768155
BF59_1,BF59,1,1970s,477500.10798379144,6197499.776060057,Pasture,0.626164346297378,0.0049469651675895,0.282145960147607,0.489606791926721,0,0.223300282758082,8.54756822710748,142.501654035571
BF60_1,BF60,1,1970s,482500.0368470739,6152499.882651542,Cropland,0,0,1,0,0,0,8.56078331625383,139.760698083827
BF61_1,BF61,1,1970s,482500.0271999943,6157499.849245702,Cropland,0.0784089740835261,0.040875275161273,0.959124724838727,0,0,0,8.50528609157829,141.005497892734
BF62_1,BF62,1,1970s,482500.07425727736,6162499.852593689,Cropland,0.167834719775446,0.072340175202444,0.909170121679569,0,0.0184897031179872,0,8.4664102114866,143.946644356749
BF63_1,BF63,1,1970s,482500.0517386565,6167499.781888844,Cropland,0.446395343390145,0.0803028948992188,0.724483271235164,0,0.057789151600987,0.13742468226463,8.4773182922485,143.305571090078
BF64_1,BF64,1,1970s,482500.08626133483,6172499.7478915425,Cropland,0.331709717396311,0.101485521329021,0.806442455780203,0,0.0858537767706783,0.00621824612009698,8.49120872480745,143.475984693469
BF65_1,BF65,1,1970s,482500.0522818646,6177499.751086633,Cropland,0.0475230356212208,0.0243546676467962,0.975645332353204,0,0,0,8.45569554336454,143.53742158276
BF67_1,BF67,1,1970s,482500.09339765523,6187499.756401075,Cropland,0.558059620283323,0,0.61811138948379,0.10169336714906,0.209989173748555,0.0702060696185938,8.45668696263172,141.787676548391
BF68_1,BF68,1,1970s,482500.106118653,6192499.758727317,Cropland,0.723171037960932,0,0.372876651355767,0.271968370922764,0.1951117118184,0.160043265903068,8.50841142554902,142.304462632257
BF69_1,BF69,1,1970s,482500.11408775987,6197499.797900253,Pasture,0.432564805262007,0,0.00682479642481433,0.615904922985227,0.0243546676463047,0.352915612943654,8.51057040657966,145.244848812936
BF70_1,BF70,1,1970s,487500.0613181969,6152499.826749672,Cropland,0.182098593954428,0.0730640030207764,0.900790628865449,0,0,0.0261453681137752,8.51113401006008,146.929761538092
BF71_1,BF71,1,1970s,487500.03120470024,6157499.875939318,Cropland,0.0675026906852532,0.0243546676746953,0.965258698944954,0,0,0.0103866333803505,8.514784840834,145.102428551889
BF72_1,BF72,1,1970s,487500.0414117519,6162499.85063891,Cropland,0.409304379363421,0.146128006041228,0.750712905911893,0,0.0666038686502529,0.0365552193966265,8.46845583396106,146.193585427494
BF73_1,BF73,1,1970s,487500.02902736043,6167499.751005261,Cropland,0.521999162811158,0.14612800605019,0.660109701156122,0,0.128376334393904,0.0653859583997843,8.45054353252094,146.886946039884
BF75_1,BF75,1,1970s,487500.06427121063,6177499.773449097,Cropland,0.137823908318757,0.0487093353479663,0.92693599697805,0,0,0.0243546676739832,8.46413644426017,146.009180656815
BF76_1,BF76,1,1970s,487500.0490462398,6182499.784371457,Cropland,0.0920445319791004,0,0.952074854521715,0,0.0158440836821712,0.0320810617961134,8.47141698436037,145.227802040394
BF77_1,BF77,1,1970s,487500.0746598672,6187499.7206850415,Forest,0.546539525218014,0,0.0193291856308403,0.117498641799179,0.605004853292346,0.258167319277636,8.47424418389072,144.830854626715
BF78_1,BF78,1,1970s,487500.07920825994,6192499.805137645,Cropland,0.511873057877441,0,0.651103123540775,0.0157988168639518,0.101491734393366,0.231606325201907,8.46916325769003,147.662566599016
BF79_1,BF79,1,1970s,487500.06227952236,6197499.815116662,Cropland,0.567950923973362,0.194837341388061,0.612485341730921,0.122674605570344,0.00813370114878509,0.0618690101618893,8.49705226372692,145.871391295105
BF80_1,BF80,1,1970s,492500.0457424066,6152499.90235705,Cropland,0.186960239543542,0.104374065273485,0.895625934726515,0,0,0,8.47359987069911,148.173841188733
BF81_1,BF81,1,1970s,492500.0575680637,6157499.820932193,Cropland,0.503157041140341,0.0487093355353095,0.651753196235906,0,0.261184135319058,0.038353332909726597,8.4405882301137,151.709074112984
BF82_1,BF82,1,1970s,492500.03082487086,6162499.776445566,Forest,0.69489039980811,0,0.162064439779755,0.191682184859327,0.432611862512223,0.213641512848694,8.40618962285721,150.70338416013
BF83_1,BF83,1,1970s,492500.0286680475,6167499.768765947,Forest,0.696550330188572,0,0.227478149843385,0.0850398243809352,0.377235407058718,0.310246618716962,8.40766524718342,149.29135219705
BF85_1,BF85,1,1970s,492500.0351787714,6177499.752555744,Cropland,0.171534849151622,0.053850256795519,0.907796410295967,0,0,0.0383533329085144,8.42500503204291,149.442617405733
BF87_1,BF87,1,1970s,492500.07761814806,6187499.77211941,Cropland,0.692610135557959,0.0974186710659331,0.389302041408653,0,0.204813916684109,0.308465370841305,8.43439115963091,148.785538775448
BF88_1,BF88,1,1970s,492500.07324634277,6192499.725767915,Cropland,0.53362297774445,0.0243546677680264,0.608957603773185,0,0.301082057096337,0.0656056713624524,8.39856057869882,151.525314633664
BF89_1,BF89,1,1970s,492500.0313184269,6197499.716196409,Cropland,0.558071534358504,0,0.558942876947529,0,0.347218677683305,0.0938384453691661,8.44126178492608,147.940954241762
BF90_1,BF90,1,1970s,497500.06872812915,6152499.8867905075,Cropland,0.471217375019373,0.138598603223953,0.704011573335557,0,0.104581472504422,0.0528083509360687,8.3951800680357,152.34824580067001
BF91_1,BF91,1,1970s,497500.05965140025,6157499.795699069,Cropland,0.602167955814003,0,0.565702180408442,0.0487093353723635,0.20307829715443,0.182510187064765,8.32070460037679,154.397078796932
BF92_1,BF92,1,1970s,497500.05900778656,6162499.852742528,Cropland,0.740682957777685,0.121773338425052,0.387057222156587,0.073064003055031,0.239235856298721,0.178869580064609,8.34900429383533,151.118671474255
BF93_1,BF93,1,1970s,497500.06666914717,6167499.835318215,Cropland,0.700482448104172,0,0.336918188206351,0.0764206731027473,0.330176282376431,0.25648485631447,8.35739324429346,151.425397365667
BF94_1,BF94,1,1970s,497500.0197826457,6172499.743439123,Cropland,0.212281867599031,0.0239304801350741,0.88466563353962,0,0.0327627365074567,0.0586411498178492,8.32110711684987,154.528187241219
BF95_1,BF95,1,1970s,497500.0442688116,6177499.79959253,Cropland,0.662951918499143,0.0879471068966174,0.490039660590827,0.0239304801355841,0.267477156990152,0.13060559538682,8.37533879030744,150.472243812168
BF97_1,BF97,1,1970s,497500.0556179109,6187499.799593099,Cropland,0.446692556009097,0,0.715429774116378,0,0.159829594323256,0.124740631560366,8.39545210706074,149.47495604784
BF98_1,BF98,1,1970s,497500.0426321929,6192499.743392498,Cropland,0,0,1,0,0,0,8.3834503954004,148.783500486068
BF99_1,BF99,1,1970s,497500.03818358126,6197499.723877846,Cropland,0.158829675919156,0.0487093353699401,0.9153187726368,0,0.0310680077710214,0.0049038842222389,8.41975989413747,146.447991243837
BG27_1,BG27,1,1970s,462500.03912906913,6137499.887313023,Pasture,0.618072609442392,0,0,0.202764327421751,0.108197031511817,0.137067783531551,8.57891360641167,129.94844871632301
BG28_1,BG28,1,1970s,462500.0656512389,6142499.951349777,Pasture,0.638111050725558,0,0,0.496231718419583,0.083814311829764,0.0800798173682731,8.58384108158232,128.026592610357
BG29_1,BG29,1,1970s,462500.0848712415,6147499.9416772155,Urban,0.547493798735573,0.284634921798203,0,0.0431437451968786,0,0.0680742701546036,8.58691543859214,128.58544110223
BG30_1,BG30,1,1970s,467499.9967437505,6102499.680064469,Grass/Shrubland,0.617091240390806,0,0,0.0548399926316193,0,0.165307590228836,8.68181272561106,127.145895776301
BG31_1,BG31,1,1970s,467499.9036355267,6107499.750328558,Pasture,0.664234005835862,0,0,0.33183928939341,0.0130489254493717,0.239867165375237,8.66658353194058,127.757253516907
BG32_1,BG32,1,1970s,467499.9121467563,6112499.746075479,Pasture,0.648167857075446,0,0,0.298847186719491,0,0.238627887815389,8.66371305401917,127.969793788265
BG33_1,BG33,1,1970s,467499.8958406751,6117499.779495673,Pasture,0.381462845974752,0,0,0.0636161806995282,0,0.0179196893456902,8.65632708049784,127.999544875039
BG39_1,BG39,1,1970s,467500.05551854515,6147499.874007825,Urban,0.552273934902562,0.64428650922659,0.114835518687962,0.0866134718705981,0,0,8.54215734041099,134.428895306606
BG41_1,BG41,1,1970s,472499.9268347365,6107499.810952676,Pasture,0.593189791093656,0,0,0.23872475155282,0.0600150769209653,0.0672865710057815,8.66533212838893,130.086900652199
BG42_1,BG42,1,1970s,472499.93091908237,6112499.750577684,Pasture,0.560182332232623,0,0,0.233127197034256,0,0.182321460862175,8.66621054342695,129.196774203858
BG43_1,BG43,1,1970s,472499.9588106177,6117499.838705269,Grass/Shrubland,0.515576988221081,0,0,0.118875228324587,0,0.160456407860335,8.67334229249836,129.04924173737
BG45_1,BG45,1,1970s,472500.0200716098,6127499.904365897,Pasture,0.557158091550035,0,0,0.194837338629181,0,0.0243546673286476,8.66051817152373,130.816021365795
BG49_1,BG49,1,1970s,472500.049228468,6147499.927300755,Cropland,0.697184045211373,0.19403742223912,0.483832244237634,0.133079078902714,0.0736380106778245,0.0829958162895573,8.57788476268386,134.453849154296
BG50_1,BG50,1,1970s,477499.9973141816,6102499.728152928,Cropland,0.495257237699908,0,0.548696828952674,0,0,0,8.69371824662969,135.232764911761
BG54_1,BG54,1,1970s,477500.0126907495,6122499.818980278,Cropland,0.545912884731127,0,0.118967615688724,0.103731040586342,0,0.109596006042686,8.6861287890745,133.902976772602
BG55_1,BG55,1,1970s,477500.03509173164,6127499.82340314,Grass/Shrubland,0.551872046744863,0.0329125559821742,0.061792350203539,0.0925519049601829,0,0.179700061992859,8.67267147873393,134.661443250639
BG57_1,BG57,1,1970s,477500.0412068564,6137499.9440165525,Pasture,0.630278744891714,0,0.154415930052287,0.165839610561577,0,0.125028664560726,8.64929166052039,135.499023302969
BG58_1,BG58,1,1970s,477500.0244174642,6142499.837590013,Cropland,0.541735158360476,0.0487093360217985,0.642717223805537,0.0206635455872509,0,0.122347348730928,8.63349104232441,136.719019517487
BG60_1,BG60,1,1970s,482499.9798820725,6102499.8077321,Cropland,0.0978707845621308,0,0.948271346008175,0,0,0.0517286539918249,8.7110423203875,134.779453343435
BG61_1,BG61,1,1970s,482499.98409018014,6107499.848415741,Cropland,0.553091333606376,0.0184897031189729,0.591591054887109,0.284089229684315,0,0.105830012309603,8.72521280823333,135.547296949269
BG62_1,BG62,1,1970s,482499.97930829576,6112499.815047499,Cropland,0.636598819716839,0.0798237769998588,0.548352191677732,0.2125849966458,0.0257292964762584,0.0861193987970405,8.70109253651358,137.581712875102
BG63_1,BG63,1,1970s,482500.02986176877,6117499.818634525,Cropland,0.580797479252634,0.121773338237665,0.603111912706825,0.180976485838566,0.078449148151393,0.0156891150655505,8.68949025952627,137.841727715808
BG64_1,BG64,1,1970s,482500.00862455415,6122499.859659715,Cropland,0.163524664737226,0,0.91256160365944,0.047882104440528,0.0369794062356103,0.00257688566442107,8.6594221705468,139.024994624284
BG65_1,BG65,1,1970s,482500.0426166273,6127499.826312609,Cropland,0.412919562467977,0.20539162574109401,0.736626721638894,0,0.0184897031177478,0.0394919495022642,8.64148499215589,139.108181782984
BG66_1,BG66,1,1970s,482500.00588300487,6132499.941644865,Cropland,0.388724306294861,0.0295971628336935,0.764259753284673,0.15336689784209,0,0.0527761860395438,8.66944322021409,137.208127330463
BG67_1,BG67,1,1970s,482500.02427016397,6137499.871273607,Cropland,0.31886208494386997,0.168882839374568,0.80742199092401,0.0157967798009157,0,0.00789838990050614,8.65733830941033,139.280014471364
BG68_1,BG68,1,1970s,482500.03539951664,6142499.837998828,Cropland,0.0741817651428036,0.0385792403580023,0.961420759641998,0,0,0,8.59877923265346,142.391129534609
BG69_1,BG69,1,1970s,482500.039511587,6147499.841798756,Cropland,0.425296348523794,0.306733795664884,0.693266204335117,0,0,0,8.57752057401097,141.044027877894
BG70_1,BG70,1,1970s,487500.0348421291,6102499.812978593,Cropland,0.148524006161614,0.0487093353468664,0.92061677628406,0,0,0.0306738883690734,8.71763547481386,139.073736347992
BG71_1,BG71,1,1970s,487499.98586005956,6107499.825717422,Cropland,0.0821497943896444,0.00586496453541056,0.956814751381523,0,0,0.0373202840830662,8.71621757359231,140.257708008283
BG72_1,BG72,1,1970s,487500.04020037403,6112499.875297073,Cropland,0.174271737581642,0.0501801823470694,0.906263226140039,0,0.0435565915128913,0,8.63698825455503,144.836054165287
BG73_1,BG73,1,1970s,487500.0064094621,6117499.850954274,Cropland,0.383957321581341,0.089188049604648,0.766290974622612,0,0.14452097577274,0,8.63557443193386,142.823144895536
BG74_1,BG74,1,1970s,487500.0124000873,6122499.863588602,Cropland,0.114715433564802,0.0487093353470034,0.939560735582998,0,0.0117299290699986,0,8.62437014213776,143.995273174618
BG75_1,BG75,1,1970s,487500.058190043,6127499.913178598,Cropland,0.112122507514838,0.0284215182476264,0.941358849544027,0,0.030219632208347,0,8.61775691190975,143.045387606504
BG76_1,BG76,1,1970s,487500.01661631186,6132499.888778622,Cropland,0.500208021500985,0.418916950153761,0.569353120775573,0,0,0.0117299290706663,8.67287030277075,140.972725629588
BG79_1,BG79,1,1970s,487500.069157074,6147499.925851864,Cropland,0.249549223781798,0.146128006040177,0.853871993959823,0,0,0,8.54181104139208,145.606099337266
BG80_1,BG80,1,1970s,492500.05033699406,6102499.744442296,Cropland,0.0737647095249141,0,0.961646667092424,0,0.0383533329075765,0,8.6975941611559,145.302223982146
BG81_1,BG81,1,1970s,492500.01211780054,6107499.849601752,Cropland,0.43841919390349,0,0.706655334807583,0,0.244635329656493,0.0487093355359239,8.62080507684374,150.85625255741
BG82_1,BG82,1,1970s,492500.06132339203,6112499.880421333,Cropland,0.381679874158796,0.0041153105499545,0.757774590665913,0,0.207747355230552,0.0303627435535808,8.61578606636414,147.262270790989
BG83_1,BG83,1,1970s,492500.0068079907,6117499.837203838,Cropland,0.165951361457637,0.0445940249724799,0.911508057195749,0,0.0182660008257807,0.0256319170059901,8.60216033349491,146.737817851639
BG84_1,BG84,1,1970s,492500.03992750257,6122499.830883491,Cropland,0,0,1,0,0,0,8.54270255074374,150.02957877295
BG85_1,BG85,1,1970s,492500.03347061033,6127499.861656778,Cropland,0.473720190735457,0.0446424849428469,0.675057337224918,0,0.261188005320612,0.0191121725116233,8.62153516852056,143.253831976075
BG86_1,BG86,1,1970s,492500.0510949549,6132499.929393534,Cropland,0.0574423418463792,0,0.970402837020367,0,0,0.0295971629796325,8.65373884018431,146.12635727407
BG87_1,BG87,1,1970s,492500.02925978525,6137499.922894773,Cropland,0.135451309442796,0.0730640032995552,0.926935996700445,0,0,0,8.60712420782413,148.084726173298
BG89_1,BG89,1,1970s,492500.05814519007,6147499.909344381,Cropland,0.144388985448011,0.0788579278978546,0.921142072102145,0,0,0,8.45984246181085,152.261607981932
BG90_1,BG90,1,1970s,497500.04236272007,6102499.824620573,Cropland,0.463404365065009,0.296232407669009,0.669056922055705,0,0.0347106702752862,0,8.67549977324066,147.205288762153
BG91_1,BG91,1,1970s,497500.01451139763,6107499.808974277,Cropland,0,0,1,0,0,0,8.62575978403322,146.949822068494
BG92_1,BG92,1,1970s,497500.05856603594,6112499.830354991,Cropland,0.496910469384141,0.0487093353700382,0.682819508275867,0.0487093353700382,0.17294525084482,0.0468165701392364,8.548680339703,151.366253923387
BG93_1,BG93,1,1970s,497500.04702172836,6117499.888816063,Cropland,0.507790383648568,0,0.632179118999961,0.0243546676862024,0.30014943772444,0.0433167755893961,8.52274031046154,151.81741332288
BG94_1,BG94,1,1970s,497500.04360713303,6122499.873015075,Cropland,0.294867181045821,0.0730640030548817,0.831020239110169,0,0.0959157578349497,0,8.54296540340662,147.429145458468
BG95_1,BG95,1,1970s,497500.0483908097,6127499.894213497,Cropland,0.402880231522007,0,0.742148403245081,0.0487093353696239,0.209142261385295,0,8.60520090010117,146.922356550112
BG96_1,BG96,1,1970s,497500.0613110999,6132499.841104226,Cropland,0,0,1,0,0,0,8.55942389681068,153.326482517717
BG98_1,BG98,1,1970s,497500.04848340026,6142499.845767268,Cropland,0.0926734720406575,0.0487093353727874,0.951290664627213,0,0,0,8.53087563192139,149.804002667246
BG99_1,BG99,1,1970s,497500.0228864452,6147499.903496731,Cropland,0.0606632778811458,0.0313120856482139,0.968687914351786,0,0,0,8.37400937329867,155.719752345994
BH57_1,BH57,1,1970s,477500.0575189135,6087499.717403076,Grass/Shrubland,0.641655443141313,0,0.0183276003128858,0.153099874559554,0,0.202295639192417,8.75532628774087,132.573790129948
BH58_1,BH58,1,1970s,477500.0309492611,6092499.683684505,Cropland,0.55141561402326,0,0.17721398171894,0.0455437623576262,0,0.157296517298689,8.71489068610415,135.375394525683
BH59_1,BH59,1,1970s,477500.0107989607,6097499.687274866,Cropland,0.63510427049422,0.0243546680098882,0.415576954172036,0.0329125559828053,0.0243546680098882,0.0732017204477118,8.68751591371895,136.313863905983
BH66_1,BH66,1,1970s,482500.0001891313,6082499.794663963,Cropland,0.29492074535093,0,0.824560105035944,0.154468347738605,0,0.020971547225451,8.78160204403449,134.693810383909
BH67_1,BH67,1,1970s,482500.0408449325,6087499.686214566,Cropland,0.359729560530034,0,0.772322769604063,0.122705313680975,0,0.104971916714962,8.76286260359135,134.795701080035
BH68_1,BH68,1,1970s,482500.0724313329,6092499.726358123,Cropland,0.336172617697374,0.0374520556894327,0.804633289693812,0.0557180564250012,0,0.102196598191754,8.73270694204929,136.162859827968
BH69_1,BH69,1,1970s,482500.03038015234,6097499.692768536,Cropland,0.188937131986724,0.0112572795823459,0.898071231265144,0.0453200601186572,0,0.0453514290338528,8.7056432870213,135.304760893183
BH76_1,BH76,1,1970s,487500.048187175,6082499.800443771,Cropland,0.492856297352608,0,0.559764967361289,0.440235032638712,0,0,8.8002747955036,137.87469212939
BH77_1,BH77,1,1970s,487500.03415061906,6087499.77562375,Cropland,0.103543107183651,0.0406220699705731,0.945845448362248,0.0135324816671788,0,0,8.77016447184002,139.275394258218
BH78_1,BH78,1,1970s,487500.0592190939,6092499.787910184,Cropland,0,0,1,0,0,0,8.71312587529034,142.607098708421
BH79_1,BH79,1,1970s,487500.0591634151,6097499.726182375,Cropland,0.0926734719954676,0.0487093353477538,0.951290664652246,0,0,0,8.70331151044686,140.503549561036
BH86_1,BH86,1,1970s,492500.0572634925,6082499.806664651,Cropland,0.476299821534567,0.131758054080597,0.684978558325212,0.183263387594191,0,0,8.80674975542701,141.440142822201
BH87_1,BH87,1,1970s,492500.0521481735,6087499.763193937,Cropland,0.409343901909328,0.275988610838669,0.717245148301922,0.00676624085940896,0,0,8.8003757449759,141.769837668243
BH88_1,BH88,1,1970s,492500.0706003756,6092499.756857703,Cropland,0.0926734723333915,0.0487093355349522,0.951290664465048,0,0,0,8.73151194642258,143.887226959346
BH89_1,BH89,1,1970s,492500.0486974856,6097499.7877438655,Cropland,0.0475230358496315,0.0243546677668493,0.975645332233151,0,0,0,8.70217698684188,143.986582651231
BH96_1,BH96,1,1970s,497500.0428692315,6082499.813263592,Pasture,0.652755136335701,0.0310680077734351,0.335325034953201,0.445465585214956,0.188141372058408,0,8.79962131307468,144.98271158468
BH97_1,BH97,1,1970s,497500.0466593011,6087499.76039121,Cropland,0.0604075798229309,0.0243546676849902,0.968996939734652,0.00664839258035801,0,0,8.79535626250141,146.630241934341
BH98_1,BH98,1,1970s,497500.05847944214,6092499.74466746,Cropland,0,0,1,0,0,0,8.74622751642575,147.123428927999
BH99_1,BH99,1,1970s,497500.0144000943,6097499.766108859,Cropland,0.423762929979172,0.0690876075916414,0.736075050925419,0,0.170482673797572,0.0243546676853675,8.68518780382632,148.06296153345
CB80_1,CB80,1,1970s,542499.6620958119,6352499.629923955,Cropland,0.525395833111601,0.121773337883753,0.657378471055558,0.160195147901821,0,0.0288805971969786,8.48555101126713,123.598819231554
CB81_1,CB81,1,1970s,542499.628879245,6357499.699695451,Cropland,0.720737447670315,0.0243546675752542,0.319143169125741,0.242146220667312,0,0.0807154068891039,8.52393846209783,122.83148928751
CB93_1,CB93,1,1970s,547499.6398579371,6367499.76725467,Cropland,0.772607364484391,0.0492149749401575,0.344611852834315,0.145317836402486,0,0.17835397427714,8.38300198132339,125.785386434562
CC04_1,CC04,1,1970s,502500.0151027321,6322499.626328963,Cropland,0.766194739542895,3.18140662494747e-4,0.356808033824473,0.222750031572633,0.092463504090949,0.160059593946551,8.48587976573139,132.252459887597
CC05_1,CC05,1,1970s,502500.0189406716,6327499.550508512,Cropland,0.748768847752436,0.0495577104814113,0.30115050338903,0.206950682925926,0.0414871681829993,0.0716017933597958,8.48173079065056,131.138134893175
CC06_1,CC06,1,1970s,502500.0141727327,6332499.622039415,Forest,0.693940731965585,0,0.0946660611658821,0.123859147685639,0.492109943590456,0.0431861689013936,8.42001753825057,135.560105411728
CC14_1,CC14,1,1970s,507499.94254047045,6322499.647839415,Grass/Shrubland,0.716999208776929,0,0.263454268812125,0.024354667747392,0,0.392640360080863,8.52690741310817,130.212743716799
CC15_1,CC15,1,1970s,507499.9713143852,6327499.582203945,Cropland,0.266273080772182,0.0415086494283502,0.851561409840782,0.0296940805201,0,0.077235860210767407,8.51279963816115,131.490718148126
CC16_1,CC16,1,1970s,507499.97378503287,6332499.552584106,Forest,0.74125304526645,0.00720068605015392,0.0345501976818977,0.197184224666456,0.313615907342505,0.0983893772070429,8.46775845844535,132.196922647136
CC20_1,CC20,1,1970s,512499.9740781955,6302499.678350093,Cropland,0.625677784387875,0.0230988267361123,0.332125690299941,0,0,0.064937730462176,8.54926412443308,131.456628363807
CC23_1,CC23,1,1970s,512499.9200418585,6317499.662266049,Cropland,0.43360413765421,0,0.176845365237517,0.0487093354232613,0,0.0459996881414377,8.54702044864471,129.633653962944
CC24_1,CC24,1,1970s,512499.9569946417,6322499.581005044,Cropland,0.212079456941337,0.0243546677107709,0.885248520218026,0.0487093354215418,0,0.0308060992272714,8.52932800660323,130.68169105416
CC25_1,CC25,1,1970s,512499.94971320574,6327499.647067015,Cropland,0.405787510622895,0.0758964956791108,0.758068906856904,0.0830172987319687,0,0.0830172987320165,8.51713698634856,130.449428527972
CC26_1,CC26,1,1970s,512499.89918050665,6332499.526474841,Pasture,0.721240409977953,0.00720068603919638,0.0101371203047897,0.354820193762465,0.126688564139618,0.166618045270779,8.4900735143545,129.902436148763
CC30_1,CC30,1,1970s,517499.937743111,6302499.734448258,Cropland,0.362000796966434,0.0680474135620039,0.791141697799642,0.0649135798885291,0.0243546676140363,0,8.50422560520747,130.667269576508
CC31_1,CC31,1,1970s,517499.9573913391,6307499.68638883,Cropland,0.163978687040243,0.0243546676124437,0.912313980380532,0.00815042293284573,0,0,8.50007234874286,130.525529525761
CC33_1,CC33,1,1970s,517499.9351837722,6317499.698844893,Cropland,0.558367104967359,0,0.512586027617044,0,0,0.0703543555691633,8.53671160014171,129.24570593629
CC34_1,CC34,1,1970s,517499.8934505895,6322499.647993909,Cropland,0.00871631908602866,0,0.995627225790076,0,0,0.0027096472618969,8.46869133468466,134.306406415158
CC35_1,CC35,1,1970s,517499.91156198527,6327499.6336058555,Cropland,0.395021594716181,0.16044949473821,0.75653320686465,0,0.0830172983971394,0,8.40086215999943,135.776470152988
CC36_1,CC36,1,1970s,517499.868461167,6332499.543827721,Forest,0.752040992483078,0,0.0560938460931208,0.150416316168394,0.339325263829407,0.188202148991457,8.39925466674033,133.804351782882
CC40_1,CC40,1,1970s,522499.9010986991,6302499.772105485,Cropland,0.0529797043739378,9.15746430753005e-4,0.972803265011332,0,0.0259307958475687,3.5019271034639e-4,8.42490111198893,131.957787171992
CC41_1,CC41,1,1970s,522499.8946037454,6307499.76462174,Cropland,0.320048017865199,0,0.814536363162263,0.0487093361589918,0.11235566308313,0.0243986375956158,8.45654054658726,130.51169606166
CC44_1,CC44,1,1970s,522499.89160933683,6322499.626510591,Cropland,0.46374521643845,0.0243546680795357,0.722388063125302,0.0487093361590714,0.0638350676069313,0.0514774549805796,8.511373910238,129.989027663142
CC45_1,CC45,1,1970s,522499.87422067544,6327499.653039125,Cropland,0.578592699394882,0,0.545585414966369,8.95715589263689e-4,0.328992919460863,0.124525949983504,8.35150909832342,134.604262354374
CC46_1,CC46,1,1970s,522499.83866884856,6332499.604435725,Pasture,0.776435734508679,0,0.170511116852312,0.298091987139972,0.113460127391632,0.272046706093534,8.37837490329465,128.870877048322
CC50_1,CC50,1,1970s,527499.8816415456,6302499.791260103,Cropland,0.600209272246199,0.0839580623952247,0.563272466408254,0,0.235789065597876,0.116980405598646,8.38950669636415,132.209611491439
CC52_1,CC52,1,1970s,527499.9046872742,6312499.692205453,Cropland,0.411125362079281,0.0234264114934924,0.74607727217465,0.158323010222869,0,0.0721733061089893,8.45659296874515,130.042547622507
CC53_1,CC53,1,1970s,527499.86315966025,6317499.697063427,Cropland,0.605668652442289,0.144346612195189,0.579831994089433,0,0.0487093345624187,0.18111237182461,8.51654817242118,128.828333082374
CC54_1,CC54,1,1970s,527499.8473306855,6322499.627229618,Cropland,0.720071724115517,0.0757736490661309,0.346819000000839,0,0.0624722718399275,0.0440459684170158,8.55334779005997,127.946174456559
CC56_1,CC56,1,1970s,527499.8281139306,6332499.59692409,Pasture,0.741544133922003,0.0274464859856005,0.203046167414868,0.331083753282201,0.148859132052877,0.289564461264454,8.45010724637587,125.683320397733
CC57_1,CC57,1,1970s,527499.7634533717,6337499.635998681,Pasture,0.664686512168009,0,0,0.507830107928021,0.128673983777024,0.0468725814003438,8.54747753547894,126.618606997284
CC60_1,CC60,1,1970s,532499.8968679683,6302499.791890076,Cropland,0.198488045859843,0,0.890910772137433,0.0848738111825642,0.0242154166800026,0,8.44773663536995,125.12731524453
CC61_1,CC61,1,1970s,532499.8393510462,6307499.784713652,Cropland,0.217820235344358,0.0260746345670087,0.881234715734213,0.0271952036982456,0,0.0622227135460581,8.44583643269088,126.06450146468801
CC62_1,CC62,1,1970s,532499.8518622435,6312499.703415073,Pasture,0.814314039928942,0.149910239420127,0.10786999681381,0.296698559403925,0.0487093359313683,0.138239169257871,8.49309856892901,124.271942200121
CC63_1,CC63,1,1970s,532499.8104598847,6317499.769646129,Cropland,0.698338872429843,0.0613507977991294,0.319919091342331,0,0,0.209372555406238,8.5177409154531,125.53255017575
CC64_1,CC64,1,1970s,532499.8388375221,6322499.6503872825,Cropland,0.622386269012828,0.0407783614805494,0.360282577983596,0,0.00604623613936911,0.108896668607704,8.59034294020594,125.658351228853
CC65_1,CC65,1,1970s,532499.8124718731,6327499.678605539,Cropland,0.370453145739886,0.197104271126594,0.768163603546191,0,0.0143429445857071,0.0203891807415079,8.57544291839343,124.203905209035
CC66_1,CC66,1,1970s,532499.7933676881,6332499.632118677,Cropland,0.480559966055177,0.0185102395513738,0.693173511052276,0.0398104095447386,0.0700757638265898,0.178430076025022,8.56805121171443,123.892738774648
CC67_1,CC67,1,1970s,532499.7801655097,6337499.62221521,Forest,0.519602138291704,0,0,0.175370338192613,0.643972742716131,0.180656919091255,8.50843851387148,128.555503428304
CC68_1,CC68,1,1970s,532499.7119922304,6342499.6483931905,Pasture,0.608794499327429,0,0,0.330906285359972,0.112871147272166,0.0392400125341483,8.53736206457348,127.459125641696
CC70_1,CC70,1,1970s,537499.842333892,6302499.772919597,Cropland,0.335329406307248,0.0424369049224884,0.803381267884587,0.0243546675827827,0.129827159610142,0,8.41660522438807,129.264658952374
CC71_1,CC71,1,1970s,537499.8212735428,6307499.726024116,Cropland,0.473979223224596,0.0487093351624017,0.675254948453748,0.00396548716237525,0.259847521657036,0.0119326570008476,8.42304933397971,129.37837364842
CC72_1,CC72,1,1970s,537499.8517914551,6312499.716416673,Cropland,0.619729966960737,0.180354855282089,0.548298575491733,0.0365320013727597,0,0.0243546675818398,8.47595568194217,127.13073702027
CC75_1,CC75,1,1970s,537499.7628460178,6327499.684050063,Cropland,0.770760414697207,0.0658633167279383,0.333785574368897,0.0119326570013584,0.231891897552591,0.0283201547455268,8.57854578962491,125.315262441999
CC76_1,CC76,1,1970s,537499.7520002894,6332499.709823327,Cropland,0.416304822228615,0.0802646887448791,0.752810359102046,0.0744859389608434,0.031495972224294,0.0609430409679383,8.58288729339021,125.931914797022
CC77_1,CC77,1,1970s,537499.7302975287,6337499.660885921,Pasture,0.634861337054402,0.0831036764860308,0.0535172469887135,0.540411195924045,0.098208340000112,0.224759540601099,8.54256611586321,125.934077869336
CC79_1,CC79,1,1970s,537499.7096245649,6347499.673264503,Pasture,0.589976768558297,0,0.032264706600368,0.573932316284302,0.0783437337557082,0.0625242408953379,8.49571483733873,127.574459120857
CC80_1,CC80,1,1970s,542499.8563424866,6302499.84651723,Cropland,0.54158388598706,0.155753719418007,0.641967319146587,0,0.129214958705156,0.0730640027302501,8.36561189734223,129.008900085336
CC81_1,CC81,1,1970s,542499.811273352,6307499.769589547,Cropland,0.0708483081929114,0,0.963223321847621,0,0,0.0367766781523793,8.31119146045122,131.793846190076
CC82_1,CC82,1,1970s,542499.7992118956,6312499.841340819,Cropland,0.0175310608595365,0.00884374220597396,0.991156257794026,0,0,0,8.29441037164435,131.704851395997
CC83_1,CC83,1,1970s,542499.7620913137,6317499.727188424,Cropland,0.320930291521473,0.0597292243279112,0.816797249533543,0.0427430066528971,0,0,8.52114552367428,124.845231558505
CC84_1,CC84,1,1970s,542499.7566802504,6322499.7616613405,Cropland,0.612780606419197,0.050735626899604,0.182075152391106,0,0,0.153350172596495,8.5943647905769,125.435357275092
CC85_1,CC85,1,1970s,542499.7239279284,6327499.721485542,Cropland,0.637408609155455,0.216150813815739,0.541322055859893,0.0367766781549386,0,0.0901965031426402,8.59853550662469,125.629268432297
CC86_1,CC86,1,1970s,542499.7227246305,6332499.718567566,Cropland,0.199075501477904,0.112105363196334,0.887894636803666,0,0,0,8.60379159375069,125.099039366826
CC88_1,CC88,1,1970s,542499.6924473802,6342499.711836177,Cropland,0.295254360927787,0.142292586064179,0.827059952897727,0.0147493168400333,0,0.0158981441980601,8.56365449092079,122.224952687774
CC89_1,CC89,1,1970s,542499.7225329417,6347499.708588393,Cropland,0.20073636252204,0.0487093351504141,0.891500686646091,0.0170469715518506,0,0.042743006651644,8.49563919344164,125.514015065712
CC90_1,CC90,1,1970s,547499.8365771989,6302499.788772783,Cropland,0.294547056471049,0.0758269676172479,0.831625358255021,0.00257062193668813,0.0899770521910428,0,8.25987292476892,127.953911082178
CC91_1,CC91,1,1970s,547499.8277234574,6307499.803976223,Cropland,0.320707008058981,0.134843340826028,0.81130134375391,0,0.0538553154200622,0,8.30263278724729,126.312229222951
CC92_1,CC92,1,1970s,547499.7746032869,6312499.855917229,Cropland,0.53050553411635,0.149078585196295,0.631902483980325,0,0.21901893082338,0,8.3690400699764,122.250833184581
CC93_1,CC93,1,1970s,547499.7994806129,6317499.834643529,Cropland,0.617051232002068,0.114331720497129,0.574542062085025,0.087686549594962,0.171410933940131,0.0520287338827531,8.45583018752128,123.429984477537
CC94_1,CC94,1,1970s,547499.719378153,6322499.738043602,Cropland,0.734041220332976,0.0755717142536571,0.301270496319396,0.156966599202724,0.0243546683075331,0.0349648948846744,8.60670529772632,121.414848335051
CC95_1,CC95,1,1970s,547499.7132742624,6327499.790795946,Cropland,0.672396065157736,0.0253762542610036,0.311933100800278,0,0.0243546683090698,0.0698302166982906,8.6210908269449,122.817147251874
CC96_1,CC96,1,1970s,547499.7222361609,6332499.769553138,Cropland,0.398470205204551,0.263319513820798,0.729479799963405,0,0,0,8.5900541833677,125.064307552346
CC97_1,CC97,1,1970s,547499.6838005685,6337499.784904589,Cropland,0.476793676249519,0.105941786285174,0.700620681226153,0.111940433936973,0,0.0814970985517001,8.55643053389816,124.401108345024
CC98_1,CC98,1,1970s,547499.7195078448,6342499.7268970525,Cropland,0.64383606055096,0,0.449118798088852,0.275330674232972,0,0.275550527678177,8.56317663969089,122.759126192582
CC99_1,CC99,1,1970s,547499.706504553,6347499.705425574,Cropland,0.372094564210404,0.0568812409269838,0.781061516917256,0.108246190252517,0,0.0538110519032434,8.56072878372045,121.084312518628
CD00_1,CD00,1,1970s,502500.05650963914,6252499.699439128,Cropland,0.386292692454803,0.170712614796435,0.761562794890542,0,0.0677245903130232,0,8.41152879284143,140.071826412523
CD01_1,CD01,1,1970s,502500.0548085185,6257499.673018353,Cropland,0.277584016325926,0.165991635034432,0.83358417741557,0,0,4.24187549998074e-4,8.40112987908878,141.80152842458
CD02_1,CD02,1,1970s,502500.0449077099,6262499.682977954,Cropland,0.535537321294015,0.0976548354748141,0.656571485659328,0.111219156488357,0.0489214291528997,0.0856330932246011,8.4738415164823,136.285316790077
CD03_1,CD03,1,1970s,502500.0268036657,6267499.729294267,Urban,0.787849168230457,0.285401372320813,0.143590549505241,0.228313365967564,0,0.198076639474142,8.53045664596806,132.735336679456
CD04_1,CD04,1,1970s,502500.06196320115,6272499.700669883,Grass/Shrubland,0.743522376324247,0.126382459567313,0.21813265126924,0.0579275776212823,0,0.224514702530286,8.50034864370021,130.655108251904
CD05_1,CD05,1,1970s,502500.0274329878,6277499.708317954,Cropland,0.36265582411004,0.0305090155686845,0.784363177977878,0,0,0.0475548567454641,8.45811359005857,133.235120818328
CD06_1,CD06,1,1970s,502500.04595014855,6282499.752284697,Cropland,0.125599992648869,0.0673338426967446,0.932666157303255,0,0,0,8.35957205182515,138.285348852876
CD07_1,CD07,1,1970s,502500.0561681533,6287499.721199877,Cropland,0.0188344649711438,0,0.990492372534403,0,0,0.00950762746559648,8.44481334229185,130.528726025992
CD08_1,CD08,1,1970s,502499.9969046276,6292499.726313779,Cropland,0.528955434933608,0.0487093353805504,0.66295573489167,0.0706134456723982,0.00950762746606488,0,8.47355796251419,133.236667126119
CD09_1,CD09,1,1970s,502499.9905232744,6297499.656359702,Grass/Shrubland,0.76738877040646,0.121773338445824,0.0818113297190425,0.0966438271833266,0.0124671440631481,0.194837341513318,8.48649506921847,133.086822528691
CD10_1,CD10,1,1970s,507500.00067667133,6252499.692961532,Cropland,0.669398579950226,0.0386594386404454,0.483828361489829,0.163482383564247,0.0597576491074868,0.254272167197991,8.34427356898949,139.170367257934
CD11_1,CD11,1,1970s,507500.0220085052,6257499.676381406,Cropland,0.469667785908404,0.146017036270514,0.704529096731686,0,0.0478049301310112,0.101648936866789,8.38593140465764,135.376187939756
CD12_1,CD12,1,1970s,507500.0180652209,6262499.696165513,Cropland,0.268732694711457,0.136627971157372,0.843932586688474,0,0.0194394421541543,0,8.41241596824428,135.038752826943
CD13_1,CD13,1,1970s,507500.05031551485,6267499.752397923,Cropland,0.545838914852683,0.234039049998339,0.626521575568643,0.0487093354974215,0,0.0589472546106011,8.51557819328418,133.766134057074
CD14_1,CD14,1,1970s,507499.9959119025,6272499.733530455,Cropland,0.694085087609796,0,0.406959501774616,0.145461255572921,0,0.12638245986971,8.54126418692664,132.67381824153
CD15_1,CD15,1,1970s,507500.0388689106,6277499.7511699125,Grass/Shrubland,0.531039735126302,0,0.00929942030400864,0.0589850773658947,0,0.215532626062396,8.57024080165579,129.054999303709
CD16_1,CD16,1,1970s,507499.99515133403,6282499.693658245,Cropland,0.613533900188529,0,0.415905806522246,6.63811185276171e-4,0.0730640032417888,0.0578094954006089,8.47378941460488,131.439452790649
CD17_1,CD17,1,1970s,507499.98714753694,6287499.67249593,Cropland,0.52795712454744,0,0.647052367092603,0.0625697408689557,0.0351181367903636,0.0392017080067435,8.46888792713452,130.605249389977
CD18_1,CD18,1,1970s,507500.0146276354,6292499.687658906,Cropland,0.492646036828966,0,0.166945014637047,0,0.052792906691261,0.0243546677485229,8.51378596670517,129.694095213312
CD20_1,CD20,1,1970s,512500.031700168,6252499.678930431,Pasture,0.709016281292839,0.00102896126791143,0.210108568507618,0.369641404044913,0.181950978069312,0.237270088110246,8.32726127582928,134.272177662145
CD21_1,CD21,1,1970s,512500.01438471023,6257499.682042768,Cropland,0.669457145777499,0.0828706230832854,0.424971226086284,0.022169877511007,0.108372973023826,0.361615300295598,8.37987379457492,133.093467444095
CD22_1,CD22,1,1970s,512500.0164166468,6262499.721667139,Cropland,0.638189282999856,0.00985428239084423,0.500027966506732,0.11928702006193,0.297530563189483,0.073300167851011,8.49723620400123,128.581088575811
CD23_1,CD23,1,1970s,512499.9764066874,6267499.686291468,Cropland,0.683856179570213,0.00501658930045338,0.44173094495344,0.228989399283777,0.0727046779498454,0.247491188793804,8.49356575217244,132.947450935606
CD24_1,CD24,1,1970s,512500.01682432264,6272499.687559193,Cropland,0.438310902304859,0.0487093354216378,0.728717841474215,0.157252122138792,0,0.0593547220863246,8.42620540427883,136.643359578232
CD26_1,CD26,1,1970s,512500.0311430825,6282499.687715276,Grass/Shrubland,0.746376270871651,0,0,0.180614577610357,0.0312749892047746,0.307204416286658,8.52320784927823,132.752341292434
CD29_1,CD29,1,1970s,512500.0070516916,6297499.681986718,Forest,0.719244961410594,0.0549817656804648,0.0125810185671002,0.256635796994238,0.312322369730007,0.0109781525975164,8.48965451746504,134.011514244029
CD30_1,CD30,1,1970s,517499.9810075786,6252499.76818393,Forest,0.623225931414386,0.0333165619558582,0.154907986072398,0.0525487192399636,0.552907896429888,0.206318836301892,8.29239790157397,131.977310932963
CD31_1,CD31,1,1970s,517499.9873017802,6257499.689823826,Cropland,0.429793336678447,0.109596004255592,0.739772617767309,0.0545617111115594,0.0200997935572741,0.0759698733082664,8.43982707797638,129.191268180434
CD32_1,CD32,1,1970s,517499.99541134556,6262499.759304405,Cropland,0.569950161593178,0.00524296898928221,0.547204726322195,0.346396533050493,0,0.10115577163803,8.46388712133301,132.56716814942
CD33_1,CD33,1,1970s,517500.0060077057,6267499.753989291,Cropland,0.768057523494427,0.0459239793324721,0.165176698184994,0.128012612676464,0.0734725984103883,0.15123125249436,8.52592647848186,129.090374848283
CD34_1,CD34,1,1970s,517499.95698225294,6272499.784906531,Cropland,0.762840857764227,0,0.228568054112888,0.212702513213666,0.0538428815389142,0.106636912663884,8.54632216961797,129.151371177385
CD36_1,CD36,1,1970s,517499.98719161353,6282499.733989379,Pasture,0.54736044383195,0.0448452142658107,0.0329022260306284,0.226999799348795,0,0.0680474135571461,8.57136500665077,129.831784806599
CD40_1,CD40,1,1970s,522499.9897546972,6252499.738438926,Forest,0.526178617985642,0.0706920424273665,0.0802058819623485,0.0810047142391509,0.670143747101714,0.0776632198704289,8.44808963200057,124.48477081031
CD41_1,CD41,1,1970s,522499.9577492953,6257499.699618638,Urban,0.67086489478331,0.431670361703178,0.240687936105564,0.00502494848576789,0.287528813369086,0.034345523869843,8.39911789362694,133.377437333982
CD42_1,CD42,1,1970s,522499.9726405925,6262499.6976654865,Cropland,0.327271746162377,0.0277153883527556,0.805796026895195,0.0169520902542718,4.72329445808525e-4,0.149064165051969,8.37856138461756,133.477907547543
CD43_1,CD43,1,1970s,522499.9724788307,6267499.732229277,Pasture,0.771837973917356,0.0257586686055102,0.279790355571299,0.32779196913896,0.0611326056422023,0.0487093361618053,8.5682238884532,125.774696879137
CD44_1,CD44,1,1970s,522499.95701237884,6272499.803285507,Cropland,0.305808358921212,0,0.826147043087408,0.0629525270205298,0.066384387653144,0.0445160422389179,8.45181686770426,135.677113648941
CD45_1,CD45,1,1970s,522499.9265822344,6277499.799500932,Cropland,0.73196066094231,0.00608866702025055,0.374948164875052,0.189047450532696,0.259243302118353,0.151859889377438,8.44510224623891,135.67491855586
CD47_1,CD47,1,1970s,522499.94102253095,6287499.790575308,Cropland,0.308098775490104,0.0594728053491033,0.825790313438201,0.0240306168501703,0.0730640042393141,0.0176422601232108,8.46901266709617,132.359190434064
CD49_1,CD49,1,1970s,522499.95187649434,6297499.704918779,Cropland,0.139962834180935,0.025541120190162,0.925749543650673,0,0,0.0487093361591649,8.45941765234406,129.720361582066
CD50_1,CD50,1,1970s,527499.9511970772,6252499.700352971,Cropland,0.678407968830676,0.112967092726033,0.479082030488628,0.131713589943513,0.0264821042581326,0.23575909475996,8.46868024207125,127.711348407659
CD51_1,CD51,1,1970s,527499.9427165891,6257499.711358914,Urban,0.732962706680922,0.328232497069626,0.267344570678244,0.0501580902214749,0.0100498966415903,0.261843463349343,8.39349981775946,131.123430411072
CD52_1,CD52,1,1970s,527499.9640577937,6262499.75929551,Cropland,0.307911297463531,1.15534257217441e-4,0.809945633474868,0,0,0.189938832267914,8.37174710588175,131.337132286235
CD53_1,CD53,1,1970s,527499.9539858935,6267499.732432754,Cropland,0.550183979521957,0.0487093345632424,0.589208233652235,0.310950454366231,0,0.0511319774182921,8.50238642870899,127.932188684827
CD54_1,CD54,1,1970s,527499.9115217607,6272499.742050619,Cropland,0.261376261728607,0.0243546672803568,0.855985310387962,0.0289637883245161,0.0587143129664099,0.0319819210407556,8.48164455942029,130.314587930838
CD57_1,CD57,1,1970s,527499.8945820702,6287499.768916321,Cropland,0.152565809280074,0.0101002726182048,0.919006637985604,0.0465384221156736,0.0243546672805179,0,8.44404428683386,130.202501565346
CD58_1,CD58,1,1970s,527499.9036695738,6292499.81409373,Cropland,0.0926734705786407,0,0.951290665437121,0.0487093345628789,0,0,8.44827771086205,129.513011597996
CD59_1,CD59,1,1970s,527499.9404047114,6297499.784713762,Cropland,0.279208370816362,0.136709245498693,0.837595281351023,0,0.0026932457679077,0.023002227382376,8.40667972358363,133.115475637371
CD60_1,CD60,1,1970s,532499.9431598982,6252499.765451516,Cropland,0.218275864043001,0.0632457444066341,0.880062592736429,0,0.0566916628569372,0,8.37168158754437,129.770440549434
CD61_1,CD61,1,1970s,532499.8975667739,6257499.724542583,Cropland,0.0310708649003097,0.0157845855924812,0.984215414407519,0,0,0,8.34138856420777,132.043681286907
CD62_1,CD62,1,1970s,532499.9264218447,6262499.721080979,Cropland,0.308182075987384,0.024354667964966,0.824430795604154,0,0.082877736096899,0.0683368003339811,8.36659965598986,127.761728560373
CD63_1,CD63,1,1970s,532499.9060614218,6267499.754098765,Cropland,0.358752517071513,0.0730640038993923,0.793825491458625,0.0590443624580153,0.0145409357419651,0.0351705384755385,8.4927998390875,124.593418148911
CD64_1,CD64,1,1970s,532499.8984825077,6272499.712735584,Cropland,0.102225138252188,0.0540320293183538,0.945967970681646,0,0,0,8.45434405395203,130.476026613096
CD66_1,CD66,1,1970s,532499.9171695623,6282499.740681873,Cropland,0.438063827477276,0.32402248364816,0.675977516351839,0,0,0,8.44372711152514,127.830534310453
CD67_1,CD67,1,1970s,532499.8812754106,6287499.809468063,Cropland,0.32991890634486,0.147596912989858,0.803693751079475,0,0.0487093359306663,0,8.4289595536305,128.111704004012
CD68_1,CD68,1,1970s,532499.9174908885,6292499.804240393,Cropland,0.233768743459424,0.135149855049655,0.864850144950345,0,0,0,8.44061774898753,128.52580059694
CD69_1,CD69,1,1970s,532499.9030293231,6297499.72402499,Cropland,0.491875520798262,0.348366003251701,0.621612651034713,0.0125448606484713,0.00357918448070886,0.0138973005844059,8.4196276045503,128.588436413485
CD70_1,CD70,1,1970s,537499.9224899263,6252499.710588921,Cropland,0.138349546539563,0.00793097432465716,0.926701415262376,0,0.051062839618792,0.0143047707941751,8.32776177239317,128.682245232494
CD71_1,CD71,1,1970s,537499.9009141074,6257499.739502609,Cropland,0.630662635297905,0.0971825056053118,0.558429239356633,0.121773337905455,0.176277695784307,0.0463372213482937,8.43022785326684,124.136018405511
CD72_1,CD72,1,1970s,537499.8761429818,6262499.694117894,Cropland,0.297212810123064,0.0733001674614801,0.832769240686312,0,0.0303209960817722,0.0537958637230537,8.3560450208821,127.320955790177
CD73_1,CD73,1,1970s,537499.8457173071,6267499.797017795,Cropland,0.593589189558727,0.0243546675825728,0.568846543814605,0.0168804670763494,0.274095751558759,0.052572299289861,8.45862807277281,125.229251375218
CD74_1,CD74,1,1970s,537499.8735113181,6272499.714805415,Cropland,0.414286360627009,0.139672323408552,0.745238100430888,0,0.0117045773346875,0.103384998825872,8.44708102188896,127.044526078941
CD75_1,CD75,1,1970s,537499.8945203188,6277499.780826929,Cropland,0.0919547977184084,0,0.951875257605155,0,0.0283201547451671,0.0198045876496779,8.3815259769004,129.879365515215
CD76_1,CD76,1,1970s,537499.8489667726,6282499.771897683,Cropland,0.274740945476828,0.159020448922181,0.836429471155732,0,0,0.00455007992208724,8.42652675710305,126.241294639581
CD77_1,CD77,1,1970s,537499.8579666234,6287499.800388882,Cropland,0.230347980877761,0.132954689738973,0.867045310261027,0,0,0,8.37430961265058,130.637500954927
CD78_1,CD78,1,1970s,537499.8606860194,6292499.754419795,Cropland,0,0,1,0,0,0,8.41221844537001,127.642265480865
CD79_1,CD79,1,1970s,537499.8556398308,6297499.745272113,Cropland,0.0124661736887286,0.00627243022529555,0.993727569774704,0,0,0,8.42356019074516,128.13587554439
CD80_1,CD80,1,1970s,542499.9043316353,6252499.758197298,Cropland,0.478001823085572,0.0886727575155055,0.680326143326672,0,0.226332193124714,0.00466890603310867,8.24861021371476,131.573170300595
CD81_1,CD81,1,1970s,542499.9081204964,6257499.755666731,Cropland,0.491851499380067,0,0.681320025582737,0.0974186703001434,0.181204459906326,0.0400568442107929,8.47972776187115,119.878318392004
CD82_1,CD82,1,1970s,542499.8906583615,6262499.790154996,Cropland,0.036100416123714,0,0.981611660924176,0,0.0183883390758246,0,8.36242134582496,126.647193722039
CD83_1,CD83,1,1970s,542499.8525639324,6267499.7503311,Cropland,0.502928619005383,0.121773337882596,0.677209864456668,0.027582508615416,0.121497112853453,0.0519371761918674,8.44134084957295,123.10857073719001
CD84_1,CD84,1,1970s,542499.8536315641,6272499.748089695,Cropland,0.651967041570814,0.1525836875291,0.408266717547219,0.0243546675752533,0.396406588272382,0.0183883390760455,8.48720802168286,124.118279688076
CD85_1,CD85,1,1970s,542499.8318074815,6277499.782787062,Cropland,0.0760805770448365,0.0396091752895355,0.960390824710465,0,0,0,8.37610083922759,129.344124139809
CD86_1,CD86,1,1970s,542499.848977515,6282499.74370801,Cropland,0.0180346938654605,0.00910015984187799,0.990899840158122,0,0,0,8.3853847299596609,127.452816298363
CD89_1,CD89,1,1970s,542499.8153189467,6297499.848290001,Cropland,0.155482581563319,0.00627243022385044,0.915630327002629,0,0.0780972427735205,0,8.37574074432002,127.690126832684
CD90_1,CD90,1,1970s,547499.9077536316,6252499.685534189,Cropland,0.398588082725556,0.09135844303495,0.76384510375777,0.0250333496359214,0.0893487630205646,0.0304143405507938,8.34433971964454,123.818907440557
CD91_1,CD91,1,1970s,547499.8745462188,6257499.772209364,Cropland,0.571871668889223,0,0.605775082722509,0.163715329709433,0.177542994311795,0.0529665932562633,8.45266148163194,122.223470435925
CD92_1,CD92,1,1970s,547499.8659603776,6262499.785287277,Cropland,0.184447973545227,0.101844536251373,0.897317677862932,0,8.37785885694692e-4,0,8.35949217581306,128.930029454838
CD94_1,CD94,1,1970s,547499.7944576344,6272499.811765392,Cropland,0.201063518136654,0.108343258364024,0.887230878614426,0,0,0.00442586302155003,8.4166336893053,129.009740242882
CD95_1,CD95,1,1970s,547499.7917206177,6277499.825801136,Cropland,0.544984919666078,0.466548141430542,0.484742521951462,0.0487093366179961,0,0,8.40049246717546,126.601727855106
CD98_1,CD98,1,1970s,547499.8457579509,6292499.870075763,Forest,0.427187498752307,0,0.301790641487382,0,0.693981096696764,0.00422826181585377,8.20400527794306,130.098286647226
CD99_1,CD99,1,1970s,547499.8016743321,6297499.8103351565,Forest,0.57900755659516,0.0243546683075781,0.381792779302311,0.00185524108373686,0.51893330638364,0.0730640049227343,8.23971330646062,128.470171362705
CE00_1,CE00,1,1970s,502500.06152683037,6202499.744005174,Cropland,0.647738988373435,0,0.478894155708153,0.0757691769010797,0.138197882489364,0.307138784901404,8.36614358838709,148.844874291235
CE01_1,CE01,1,1970s,502500.0785219833,6207499.797640791,Cropland,0.664939532679574,1.06046887500894e-4,0.45421253601297,0.115433436453936,0.31952288596278,0.110725094682813,8.3647658783824,147.690613039814
CE02_1,CE02,1,1970s,502500.02528104605,6212499.776561091,Forest,0.596231251114507,0.04177655339406,0.330107769079005,0.0131861119497571,0.534813179017801,0.0801163865593769,8.33118336102003,145.06828245595
CE03_1,CE03,1,1970s,502500.0263673985,6217499.792110339,Cropland,0.217793696392037,0.0956058578713394,0.878880272602291,0,0.0252030427907267,3.10826735642771e-4,8.29058465250757,145.272647221511
CE04_1,CE04,1,1970s,502500.08162276645,6222499.732965122,Cropland,0.462467035925751,0.361763695215782,0.637698756420167,0,0,5.37548364050305e-4,8.2898031617257,144.89121759793
CE05_1,CE05,1,1970s,502500.0666420697,6227499.710331745,Cropland,0.162866571205942,0.089431230611693,0.910568769388307,0,0,0,8.33947966128941,142.42706246678
CE06_1,CE06,1,1970s,502500.04362767225,6232499.724222039,Cropland,0.246347281713215,0.10667867348857,0.860943708231872,0,0.032377618279558,0,8.3326547170002,143.482135447343
CE07_1,CE07,1,1970s,502500.07449190767,6237499.774647816,Cropland,0.536151249228556,0.0730640030670473,0.643515882797047,0.0332368800355605,0.201239487254475,0.0489437468458697,8.32365197007009,142.621200262726
CE08_1,CE08,1,1970s,502500.0353899611,6242499.750212144,Pasture,0.6046447533035,8.48375100037021e-4,0.0553519311893928,0.525291895242405,0.121240801189926,0.297266997278239,8.36490265665607,139.733532478189
CE09_1,CE09,1,1970s,502500.05001462775,6247499.762263852,Cropland,0.242005388319588,0.00444912059744374,0.863409678557904,0.00416914353515736,0.0809577698824692,0.0470142874270256,8.42418441719081,135.549754699115
CE10_1,CE10,1,1970s,507500.0262864438,6202499.752100389,Grass/Shrubland,0.691586127852911,0.238599712350681,0.161399233925953,0.0655164835973607,0.0744220543191583,0.460062515806847,8.32673481502969,146.203139678081
CE11_1,CE11,1,1970s,507500.04771768564,6207499.815339364,Forest,0.711632825711445,0.0730640032441232,0.258644931720629,0.0249028544330131,0.386952740111765,0.25643547049047,8.30429559475471,148.767828597724
CE12_1,CE12,1,1970s,507500.04475203936,6212499.8038825905,Cropland,0.266580172947204,0.0148470402590281,0.850200311835066,0,0.0424492025094935,0.0925034453964118,8.29093940324087,146.039029595453
CE13_1,CE13,1,1970s,507500.07958559337,6217499.717812039,Cropland,0.182694499050868,0.0499365483388538,0.901354116163281,0,0.0487093354978652,0,8.26165497421242,145.570258437745
CE14_1,CE14,1,1970s,507500.0273397176,6222499.77948883,Cropland,0.42798743252889,0.310246782015284,0.689753217984716,0,0,0,8.22003283363874,145.389785610134
CE15_1,CE15,1,1970s,507500.07478817966,6227499.766611712,Cropland,0.0834814738236492,0,0.956545784529852,0,0.0381243457941538,0.00532986967599453,8.27288780740479,142.869493440171
CE16_1,CE16,1,1970s,507500.0353278538,6232499.79013519,Forest,0.550262509713653,0.0243546677476725,0.458903204415311,0,0.485595360954754,0.0311467668822631,8.26916553877309,143.450172600191
CE17_1,CE17,1,1970s,507500.0331905386,6237499.73894793,Forest,0.690821274647884,0.110231435768625,0.105447423595449,0.134643987787466,0.49318679185028,0.156490360998181,8.29757705308826,139.610693313613
CE18_1,CE18,1,1970s,507500.06795502856,6242499.724328115,Pasture,0.66771748042134,0.0309813450819299,0.304031810965389,0.40096502332727,0,0.264021820625411,8.37945537261984,134.993802522513
CE19_1,CE19,1,1970s,507500.01585132466,6247499.746037214,Cropland,0.690202524349806,0.0974186709897023,0.423997089613429,0.294119617783778,0,0.184464621613091,8.38350833890276,139.254663552294
CE20_1,CE20,1,1970s,512500.0778718726,6202499.765489041,Cropland,0.619844449032237,0,0.459731294691024,0.0462358528612305,0.395264624201933,0.0987682282458121,8.27248794546472,146.293033059732
CE21_1,CE21,1,1970s,512500.0416534956,6207499.736611552,Forest,0.600582933532283,0,0.122079665420297,0.199752567276912,0.578134289071588,0.100033478231204,8.24301327482438,147.92457711788
CE22_1,CE22,1,1970s,512500.08898064535,6212499.744663644,Forest,0.45933907263206,0,0.0759450081340634,0.0487093354214254,0.70955860317977,0.165787053264741,8.17303680943979,149.41754738357
CE23_1,CE23,1,1970s,512500.03278298484,6217499.789083581,Cropland,0.616137094814333,0.243054193371004,0.538284792333357,0,0.179314771620827,0.0393462426748125,8.2072048248883,144.277170128967
CE24_1,CE24,1,1970s,512500.0599824369,6222499.759086974,Cropland,0.220913406525011,0.127402508060471,0.872597491939529,0,0,0,8.21071925614618,141.907786721492
CE25_1,CE25,1,1970s,512500.045683016,6227499.765589996,Cropland,0.130394458007328,0,0.931201876704197,0,0.0273853741644111,0.0414127491313915,8.21910331948925,141.623469123774
CE26_1,CE26,1,1970s,512500.05217830365,6232499.697447278,Forest,0.678294184540019,0,0.263255273311692,0.0426206684943219,0.407761247530264,0.286362810663723,8.24902622781348,139.166709371198
CE27_1,CE27,1,1970s,512500.0166706834,6237499.77705867,Pasture,0.709092085834236,0.00713122437876068,0.103694689087315,0.381798463210596,0.306555236766635,0.20082038655669401,8.30988935334434,135.98682538067
CE28_1,CE28,1,1970s,512500.06347564154,6242499.782156218,Cropland,0.665506260206476,0.0626151821549731,0.488801136840848,0.0492096236761543,0.248339184172058,0.151034873155967,8.29104603519562,140.703107748879
CE29_1,CE29,1,1970s,512500.0068288046,6247499.712173496,Cropland,0.729678984713146,0.121998524610492,0.37321369943044,0.278620845904417,0.0326929547885964,0.193473975266054,8.25326242964536,141.303215791679
CE30_1,CE30,1,1970s,517500.0454849072,6202499.78370307,Cropland,0.514503151941726,0.0735199291570277,0.66909177657313,0.0453917392727214,0.167860025573395,0.0441365294237253,8.2107091231106,145.420110178886
CE31_1,CE31,1,1970s,517500.0763001169,6207499.784124023,Cropland,0.602669269622873,0.0238987412505665,0.545027839699602,0.0393030723691859,0.0924020811721899,0.299368265508456,8.21677229617327,143.573461528298
CE32_1,CE32,1,1970s,517500.0498415911,6212499.709770298,Forest,0.685984332987076,0,0.272686999749714,0.0730640028373227,0.427867347985917,0.226381649427046,8.15589798951098,144.457339525628
CE33_1,CE33,1,1970s,517500.0895961484,6217499.78371891,Cropland,0.616215828973237,0.0487093352280031,0.450061825354656,0.0487093352280031,0.418495797408481,0.0340237067808568,8.13557174341724,143.321790145965
CE34_1,CE34,1,1970s,517500.07173813885,6222499.7828447055,Cropland,0.384128914247309,0.219192008512425,0.753030104409138,0,0.0277778870784364,0,8.12129876725855,143.596931848658
CE35_1,CE35,1,1970s,517500.0583055991,6227499.707374013,Forest,0.597010745947275,0,0.302912458325987,0,0.532274030047385,0.164813511626628,8.17774576093983,138.869849914987
CE37_1,CE37,1,1970s,517500.0419372872,6237499.777750103,Forest,0.530763449664455,0.0149484047553488,0.469974642917108,0,0.495743132336534,0.0193338199910101,8.22555459978871,137.650307159246
CE38_1,CE38,1,1970s,517500.03942366596,6242499.700944795,Forest,0.727111717491292,0.135234921469284,0.271685658787921,0.0749835262109055,0.399737258261623,0.118358635270266,8.21044728167151,139.560922771075
CE39_1,CE39,1,1970s,517500.0394573879,6247499.77205085,Cropland,0.731238139552908,0.106328535125579,0.354163950797562,0.0283190206474683,0.24667487876624,0.264513614663152,8.20199280188451,136.931359625059
CE40_1,CE40,1,1970s,522500.0704425728,6202499.807062485,Forest,0.722173385339167,0.024354668080415202,0.112051440505607,0.211016164189702,0.38544476654548,0.267132960678796,8.11192845337162,146.132184602531
CE41_1,CE41,1,1970s,522500.0442081195,6207499.734739026,Forest,0.712356303753271,0,0.159978367599756,0.191382384082586,0.411086449560776,0.237552798756883,8.13711768866358,144.882529971263
CE42_1,CE42,1,1970s,522500.0678054823,6212499.810822077,Forest,0.427598169310352,0,0.0770991167242765,0.121773340397844,0.740215166607251,0.0609123762706284,8.08228964128866,145.022739938176
CE44_1,CE44,1,1970s,522500.07970485423,6222499.739352608,Forest,0.707587913646073,0.0660214994964846,0.323345910966405,0.170474316527194,0.388025717319086,0.052132555690830903,8.04690166766294,140.804606506055
CE45_1,CE45,1,1970s,522500.06692997954,6227499.703048657,Forest,0.652342332529739,0.0689802741988298,0.0931980026551778,0.165873396886204,0.539484976392874,0.10810868178624,8.13728475656612,136.819309180491
CE46_1,CE46,1,1970s,522500.041145187,6232499.703433006,Cropland,0.535664955717286,0.105757116051083,0.637888339564001,0,0.210000608479103,0.0463539359058125,8.15479794396913,135.730613499423
CE47_1,CE47,1,1970s,522500.0640162797,6237499.74080711,Cropland,0.153118949337687,0.0835380865779484,0.916461913422052,0,0,0,8.21709545228905,132.718370390978
CE48_1,CE48,1,1970s,522500.0119734386,6242499.703193641,Cropland,0.307755878478544,0.189278486496028,0.810195963868501,0,5.25549635471347e-4,0,8.22571449653433,133.016407863315
CE49_1,CE49,1,1970s,522500.0079419588,6247499.702520713,Cropland,0.528062955531994,0.00555885813603503,0.63093975345606,0,0.259003543102594,0.0270608845943042,8.33455699859282,126.838481486753
CE50_1,CE50,1,1970s,527500.0450754714,6202499.723619567,Cropland,0.69360245600289006,0,0.413020196649587,0.09454530808057,0.200246846839916,0.292187648429927,7.98564008113908,144.843540852253
CE51_1,CE51,1,1970s,527500.0855328589,6207499.811552569,Forest,0.316846514566608,0,0.0726080754863704,0.0789996954141287,0.816633200060397,0.0317590290391042,8.05603165374823,141.693091326093
CE52_1,CE52,1,1970s,527500.0988265752,6212499.713670329,Forest,0.0409885983950949,0,0,0.0212610432682801,0.97873895673172,0,8.06674550737444,139.652134955031
CE54_1,CE54,1,1970s,527500.1000764947,6222499.739837737,Forest,0.687005276076167,0.0974186691210769,0.198260557661358,0.101769481574168,0.484794949566905,0.117756342076492,8.1009155466982,133.593476408227
CE55_1,CE55,1,1970s,527500.0880835521,6227499.752541096,Cropland,0.657584570044559,0.0610132690329172,0.500844534495982,0.144303592846464,0.25612890263666,0.0377097009879765,8.11290847803851,135.534072015063
CE56_1,CE56,1,1970s,527500.0470532825,6232499.690624631,Cropland,0.448647950615082,0.191939671602676,0.715065643674643,0.0232868480096315,0.024354667280545,0.0453531694325046,8.20230049032955,129.851582419096
CE57_1,CE57,1,1970s,527500.0379328128,6237499.66576125,Cropland,0.487003167257588,0.414029343762786,0.584444338484788,0.00106781926712115,0,4.58498485305445e-4,8.25600381499688,129.226827423507
CE58_1,CE58,1,1970s,527499.9984027212,6242499.67752908,Cropland,0.0465225816300392,0,0.976170882336352,0,0.0238291176636475,0,8.32904267596485,126.54720736099
CE59_1,CE59,1,1970s,527499.989976083,6247499.726301877,Cropland,0.00870766716336457,0.00437295632873515,0.995627043671265,0,0,0,8.3932509213887,125.86225729921
CE60_1,CE60,1,1970s,532500.0469924002,6202499.756178573,Cropland,0.371163262563983,0,0.775526519880192,0,0.0827678552932223,0.141705624826586,8.02358948477097,139.034687622639
CE61_1,CE61,1,1970s,532500.0933404423,6207499.791210008,Forest,0.746843910187415,0.0700376695369415,0.160702847166985,0.17191426592543,0.342027666646611,0.255317550724033,8.06071511794278,137.298492541
CE62_1,CE62,1,1970s,532500.0953795096,6212499.751701555,Pasture,0.525664769976782,0.00302633435002478,0,0.527664225268817,0.43773213688852203,0.031577303492636,8.11297022012398,135.571630153517
CE63_1,CE63,1,1970s,532500.0520095888,6217499.748924329,Pasture,0.64513676370189,0,0.020389180741936,0.413789383479216,0.382627668527446,0.183193767251402,7.96174129143742,138.6364570375
CE64_1,CE64,1,1970s,532500.088076029,6222499.6724942615,Forest,0.459860077906612,0.107688330406987,0,0.0297479643032237,0.703198078200448,0.131587739608716,8.30957667058967,123.255883729105
CE65_1,CE65,1,1970s,532500.0770745723,6227499.744045095,Urban,0.601560177365739,0.560735823909026,0.271040885647365,0.0397385386123456,0.0831986354254059,0,8.2690446077402,128.897549189284
CE66_1,CE66,1,1970s,532500.0204245233,6232499.74095347,Cropland,0.457447044951405,0.10789275290194,0.717467310308742,0,0.0660689237463725,0.108571013042946,8.25959406393711,128.877852622481
CE67_1,CE67,1,1970s,532500.0416984205,6237499.664132946,Cropland,0.269802283176435,0.00106781929713629,0.84702962060488,0,0.100448264774719,0.0514542953232641,8.28209918468178,130.656432410944
CE68_1,CE68,1,1970s,532500.0148175734,6242499.735220286,Cropland,0.329581424461762,0.0807420974870893,0.810974395255754,0,0.0675051457734065,0.0407783614837502,8.32408855981867,128.502881985285
CE69_1,CE69,1,1970s,532499.9412093535,6247499.731587012,Cropland,0.233341327503805,0.114095246190903,0.867939041920084,0,0.0179657118890129,0,8.34123984424985,131.798164309171
CE70_1,CE70,1,1970s,537500.0308170322,6202499.79289711,Cropland,0.494057647569604,0.256407899085675,0.659841769968406,0,0.0243546675820443,0.0593956633638743,7.98539283652218,142.539585703427
CE71_1,CE71,1,1970s,537500.0835327087,6207499.784787841,Cropland,0.552407052675123,0.163587778240869,0.635553577074003,0.0407206873437004,0.0581301814962909,0.102007775845137,7.94916732743121,141.454298492206
CE72_1,CE72,1,1970s,537500.0755039781,6212499.702100726,Forest,0.147965095050049,0,0.0324248923871968,0.0181307526277024,0.92187611936147,0.0275682356236314,8.20291046065767,128.905346106716
CE74_1,CE74,1,1970s,537500.0596364432,6222499.648403606,Forest,0.0616917705066217,0,0,0.0277778870427898,0.968256625795241,0.00396548716196981,8.32532532343385,127.352056993638
CE75_1,CE75,1,1970s,537500.0508192427,6227499.677344484,Forest,0.74792362571463,0.265374952973117,0.256059049370469,0.191414121185841,0.275219219468082,0.0119326570024908,8.29913941559261,131.890559691999
CE76_1,CE76,1,1970s,537500.0417347807,6232499.63214553,Cropland,0.29518318920741,0.0487093351629983,0.829996981878398,0,0.0969390153771049,0.0243546675814991,8.19869227447904,133.179388196743
CE77_1,CE77,1,1970s,537500.0299457153,6237499.735380851,Cropland,0.516103260960102,0.0265919853767909,0.669718762308883,0.0508808083131356,0.127220708548765,0.125587735452427,8.33850511970383,125.15067446225
CE78_1,CE78,1,1970s,537499.9560459278,6242499.652580182,Forest,0.788019281233893,0.119536020054534,0.233226562488847,0.0529116609729432,0.317425619499991,0.111976321943565,8.45299258838656,122.315512515538
CE79_1,CE79,1,1970s,537499.9403775054,6247499.718706845,Cropland,0.543577831937585,0.298222339476141,0.599217962346252,0.00555885802244043,0.0914419821327765,0,8.40747740701436,125.960251158287
CE80_1,CE80,1,1970s,542500.0765360219,6202499.722907818,Cropland,0.373428906618748,0.0476944325985463,0.781822894369383,0.0182660006820075,0.0974186703040401,0.0547980020460226,8.17510518778656,130.776423339532
CE81_1,CE81,1,1970s,542500.0725898192,6207499.792100813,Forest,0.530754922421941,0.042743006651706,0.26094914420415,0,0.627979559381785,0.0683282897623598,8.1998967353958,126.607937781599
CE82_1,CE82,1,1970s,542500.0549823554,6212499.675981395,Forest,0.192785875510772,0,0,0.0663047453157805,0.893442442910238,0,8.33788725652972,126.319304429811
CE83_1,CE83,1,1970s,542500.0821386847,6217499.709024412,Forest,0.354825187421882,0,0.0206607250175818,0.0266391785868762,0.783897135623643,0,8.0746400313832,134.038643465767
CE84_1,CE84,1,1970s,542500.0312720044,6222499.667383468,Forest,0.65920898589439,0.177924293848838,0.21293640291136,0.04870933515039,0.510040920745224,0.024354667575195,8.20588005045671,132.138186087878
CE85_1,CE85,1,1970s,542500.0251304065,6227499.663558211,Cropland,0.724217564781483,0.237580347263045,0.39261268642948,0.0487093351525555,0.235611617849491,0.0854860133054278,8.30981680917151,127.177301161211
CE86_1,CE86,1,1970s,542500.0010096645,6232499.696908841,Cropland,0.431935855209996,0,0.68447783713769506,0,0.315522162862305,0,8.3484056762996,124.709844791149
CE87_1,CE87,1,1970s,542499.9595191028,6237499.656109798,Cropland,0.572252578665819,0.0889621469239122,0.605804633376287,0.00669252197300683,0.208787774070665,0.0897529236561287,8.39541184122786,123.690010703162
CE88_1,CE88,1,1970s,542499.960902843,6242499.653049735,Cropland,0.334194243936841,0,0.804739150512031,0.0300841561645219,0.125331353315265,0.0398453400081831,8.38014965025839,128.675014476821
CE89_1,CE89,1,1970s,542499.9426731234,6247499.687087541,Urban,0.628949120745165,0.441163600617687,0.403283211280275,0,0.106843852951607,0.0487093351504311,8.40176004231639,126.102965942698
CE90_1,CE90,1,1970s,547500.0112863941,6202499.766809329,Cropland,0.478536219018135,0.147142912434656,0.687321374650916,0,0.165535712914428,0,8.18027748234951,135.21869147148
CE91_1,CE91,1,1970s,547500.0158636335,6207499.701018751,Cropland,0.527857767396542,0.093383560695668,0.658065449647719,0,0.158771910297906,0.0402589374353849,8.18777999964898,129.872195407094
CE92_1,CE92,1,1970s,547500.0503056952,6212499.673195112,Forest,0.732332219423071,0.0556950244866233,0.0287805313296282,0.117663239071194,0.403632304149059,0.138610636548958,8.41761093864286,123.712766190605
CE93_1,CE93,1,1970s,547500.0516845292,6217499.682626755,Forest,0.616677413573844,0.170482678164133,0.141623658741448,0.0101987695394397,0.571750068930104,0.0328808196973899,8.30468411766792,127.423726422977
CE94_1,CE94,1,1970s,547500.0194965032,6222499.7292875815,Cropland,0.338133637132633,0.073678828498849,0.800355204231139,0,0.125965967270012,0,8.10225862397819,135.061392671312
CE96_1,CE96,1,1970s,547499.9788540612,6232499.712970672,Cropland,0.269811370516761,0.134248263229381,0.843608749003883,0,0.022142987766737,0,8.27998779971265,124.787654160982
CE97_1,CE97,1,1970s,547499.9691090817,6237499.649938437,Cropland,0.053992323401902,0.0261845144106186,0.972275514600945,0,0.00153997098843606,0,8.27387366456844,127.632621749255
CE98_1,CE98,1,1970s,547499.9234977771,6242499.624028113,Cropland,0.190321511705625,0.0796906824131731,0.895954649277771,0,0.0243546683090559,0,8.28129849769431,129.289353581689
CE99_1,CE99,1,1970s,547499.9032871589,6247499.63590194,Cropland,0.357876314386298,0.0090108055205691,0.770278784566858,0,0.220710409912572,0,8.28286250561951,126.329571510737
CF00_1,CF00,1,1970s,502500.02028222225,6152499.89145135,Cropland,0.259261460187828,0.120051312338404,0.851856918766404,0.00950762746580689,0,0.0185841414293853,8.38672719681635,150.028051989363
CF02_1,CF02,1,1970s,502500.07869880326,6162499.857095068,Cropland,0.718386396151778,0,0.369435207447879,0.281523726161757,0.144337552390037,0.204703514000327,8.24456211735848,155.153174857124
CF03_1,CF03,1,1970s,502500.03324409283,6167499.839482369,Grass/Shrubland,0.707219384892491,0,0.219003237596428,0.287049737756661,0.120670383787538,0.373276640859373,8.27438356695885,152.570345358462
CF04_1,CF04,1,1970s,502500.04300302034,6172499.747412451,Cropland,0.384054681121354,4.24187549994462e-4,0.770059070118915,0.044893668246237,0.136447045877639,0.0481760282072145,8.27822901112624,151.065728322357
CF05_1,CF05,1,1970s,502500.04484904365,6177499.803412706,Cropland,0.52686901170973,0,0.647384593561409,0.0719644449876105,0.209110704013433,0.0715402574375474,8.3260526721137,149.057688093209
CF06_1,CF06,1,1970s,502500.0389016604,6182499.78487528,Cropland,0.0418599095089522,0.0213873745443776,0.978612625455622,0,0,0,8.320235029744,151.871720386776
CF07_1,CF07,1,1970s,502500.0250959793,6187499.803070416,Cropland,0.263800318930048,0.0516766285140521,0.850904700729407,0,0.0487093353782705,0.0487093353782705,8.35150005667423,150.278323162435
CF08_1,CF08,1,1970s,502500.0660579465,6192499.746714847,Cropland,0,0,1,0,0,0,8.31582724539056,151.213615525019
CF09_1,CF09,1,1970s,502500.0365151213,6197499.727010743,Cropland,0.0542938007339592,0.0243546676891017,0.972163165450867,0,0.00343908598055713,4.30808794737188e-5,8.35792171907326,148.95854375753
CF10_1,CF10,1,1970s,507500.04285710165,6152499.805047145,Cropland,0.387880984862108,0.0914712736375398,0.771781041979961,0.0148470402590178,0.0608947850062772,0.0610058591172037,8.3649981486818,151.417600735302
CF13_1,CF13,1,1970s,507500.0706404502,6167499.781255058,Grass/Shrubland,0.663376420866532,0,0.0586411499620145,0.159910164430684,0.380051592467313,0.401397093139989,8.22963784626381,150.459281694727
CF14_1,CF14,1,1970s,507500.0739329783,6172499.809900087,Cropland,0.670507351333829,0.112643496121986,0.509696955095001,0.0624568171092641,0.11848339538435,0.196719336289398,8.26948122237697,148.858922276048
CF15_1,CF15,1,1970s,507500.0533334287,6177499.764015607,Cropland,0.681397744169325,0.279378070518727,0.438378259556103,0,0.186348744568602,0.095894925356568,8.2582647957135,152.224905239246
CF16_1,CF16,1,1970s,507500.07135441876,6182499.754977835,Cropland,0.237354910007194,0.0700967100922097,0.868294846790984,0,0.0616084431168062,0,8.26167671492783,150.599451201091
CF17_1,CF17,1,1970s,507500.0651289864,6187499.782657654,Cropland,0.00591697662863377,0.00296729314291284,0.997032706857087,0,0,0,8.27588587631277,150.836103757744
CF18_1,CF18,1,1970s,507500.03483679594,6192499.735736998,Cropland,0.151390851889164,0,0.917497992875915,0,0.0825020071240845,0,8.3098978502565,146.98895757125
CF19_1,CF19,1,1970s,507500.0425821252,6197499.836890889,Cropland,0.597349943844891,0.158337079879619,0.59430474937203,0.111942887550882,0.0676073610097532,0.0678079221877154,8.26786769681192,149.751209065499
CF21_1,CF21,1,1970s,512500.0804062962,6157499.787179069,Cropland,0.157353310671224,0,0.915882795152908,0,0.0304926438374883,0.0536245610096041,8.34357555494327,149.109363991686
CF23_1,CF23,1,1970s,512500.06907642435,6167499.771820084,Grass/Shrubland,0.63713699591216,0,0,0.344120505211849,0.219637742603209,0.436241752184942,8.20655984538609,151.392227972019
CF25_1,CF25,1,1970s,512500.02303446684,6177499.792549392,Cropland,0.614909896281719,0.155958457438532,0.56714222310274,0,0.1581734721676,0.118725847291128,8.13451266111358,156.164512589463
CF26_1,CF26,1,1970s,512500.0651124667,6182499.802702072,Cropland,0.0463489828943387,0.0100331786011319,0.97640347228641,0,0.0135633491124579,0,8.18267354173496,148.84550322313
CF27_1,CF27,1,1970s,512500.06655589637,6187499.849542149,Cropland,0.37381275612442,0.108886405790295,0.779765880727247,0.0487093354214967,0.0626383780609602,0,8.16049923249007,153.823451871661
CF28_1,CF28,1,1970s,512500.0276656862,6192499.82175148,Cropland,0.0930538410116596,0.013615211551455,0.951604495701431,0,0.034780292747114,0,8.18894349368165,149.699844465181
CF29_1,CF29,1,1970s,512500.0730969767,6197499.830959868,Cropland,0.646217912750953,0.0292698932962847,0.504053326182913,0.127988605350478,0.28091749541609,0.0577706797542347,8.25989349827094,145.225886293609
CF30_1,CF30,1,1970s,517500.0490080542,6152499.803977083,Cropland,0.249549223265149,0,0.85387199432482,0,0.14612800567518,0,8.3805529250691,150.179007661785
CF31_1,CF31,1,1970s,517500.08229393145,6157499.880785225,Cropland,0.194096410575927,0.0353860423088369,0.895466984911666,0,0.0487093352272903,0.0204376375522068,8.30205783843941,151.367256194155
CF32_1,CF32,1,1970s,517500.05984277924,6162499.883060531,Cropland,0.52587144763766,0.125563348342938,0.662895250743264,0.0193380783324584,0.0974186704499094,0.0947846521314302,8.2645921833002909,147.614263096405
CF33_1,CF33,1,1970s,517500.0445604493,6167499.811028843,Grass/Shrubland,0.583674078121533,0.0159465987952503,0.295538941284475,0.0636577399847771,0.0580142350006613,0.566842484934837,8.35536595384926,140.258026218842
CF34_1,CF34,1,1970s,517500.0357638052,6172499.775957468,Forest,0.728509499339738,0.0979442220115007,0.268374384055887,0.036532001418561,0.363664373999486,0.233485018514565,8.19610675442866,150.314893235678
CF35_1,CF35,1,1970s,517500.0332116384,6177499.777824086,Cropland,0.376176726181729,0.0471855895994542,0.773131453519394,0,0.150721391763704,0.0289615651174471,8.04094663144327,154.338175338806
CF37_1,CF37,1,1970s,517500.04632165184,6187499.780987112,Cropland,0.404025224481982,0.0471734147418436,0.740809012783786,0,0.212017572474371,0,8.07852770000948,152.468327710498
CF38_1,CF38,1,1970s,517500.061502076,6192499.782236776,Cropland,0.132856353537862,0.0524842700350545,0.929367805824622,0,0.0181479241403238,0,8.06377524923718,150.346250993441
CF39_1,CF39,1,1970s,517500.08196195716,6197499.820332571,Cropland,0.609222713248092,0.0243546676124406,0.547018727642768,0.0487093352248812,0.279727528120752,0.100189741399158,8.18294473617985,143.755597768699
CF40_1,CF40,1,1970s,522500.0642822681,6152499.88918984,Cropland,0.135692247266114,0.0480868683716083,0.928132472260355,0,0.0237806593680363,0,8.41603597342597,143.454234231122
CF41_1,CF41,1,1970s,522500.0773326165,6157499.892575038,Cropland,0.344361975810536,0.0596922481057052,0.794179743409376,0,0.146128008484918,0,8.28229300870945,147.508946942327
CF42_1,CF42,1,1970s,522500.08171073144,6162499.821689351,Cropland,0.158343720267193,0.0869450069563336,0.913054993043666,0,0,0,8.24274069126654,147.957456332089
CF43_1,CF43,1,1970s,522500.0766004052,6167499.787798728,Cropland,0.235362469638844,0.00105109927101612,0.868204066714914,0.0984168663823429,0.0323279676317274,0,8.2607162917451,145.773979625797
CF44_1,CF44,1,1970s,522500.0617534066,6172499.790880593,Cropland,0.251875299583496,0.0769071498913498,0.859250848754423,0.032762737038402,0.0210845000377817,0.00999476427804312,8.19854672543887,148.460135789207
CF45_1,CF45,1,1970s,522500.0369213511,6177499.830912278,Cropland,0.131688080986689,0.0259313169865335,0.930964440466265,0,0,0.0187495744670968,8.12954887472794,145.04698009117
CF47_1,CF47,1,1970s,522500.02009768866,6187499.799469306,Cropland,0.350327952904767,0.100385965501966,0.792547443441024,0,0.10706659105701,0,8.03981487839497,148.568401498872
CF48_1,CF48,1,1970s,522500.02689213475,6192499.839240847,Cropland,0.459106855102614,0.0243546680811706,0.667022793632412,0,0.308622538286417,0,7.95259198389982,150.015362126626
CF49_1,CF49,1,1970s,522500.0856363534,6197499.8048974695,Forest,0.527602949918237,0,0.30466088825258,0.0243546680795971,0.612868844471378,0.058115599196444,8.08012201388171,144.025527570921
CF50_1,CF50,1,1970s,527500.0886990835,6152499.883027053,Urban,0.556266490151901,0.508470739317007,0.427133875491161,0.0261090257758558,0,0.0382863594159759,8.43222368678704,142.680941818074
CF51_1,CF51,1,1970s,527500.0818896274,6157499.8224678775,Cropland,0.396508349850925,0.263147734136195,0.730763599043461,0,0,0.00608866682034398,8.39104426606377,141.228950242204
CF52_1,CF52,1,1970s,527500.0497756924,6162499.798923867,Cropland,0.498248074441882,0.311883131464882,0.633392749687817,0,0.0547241188473016,0,8.27264748642285,144.706381075314
CF54_1,CF54,1,1970s,527500.0343271294,6172499.863579813,Cropland,0.407442287195857,0.232042660163085,0.733145305469369,0,0.0348120343675463,0,8.35388370508559,138.037539866211
CF55_1,CF55,1,1970s,527500.0508941073,6177499.840442368,Cropland,0.577914917264878,0.222534126184276,0.58659401829414,0,0.167042737859173,0.0238291176624106,8.10870742576493,148.683317292199
CF56_1,CF56,1,1970s,527500.0408488035,6182499.854226997,Cropland,0.0110158430043161,0.00553859756514673,0.994461402434853,0,0,0,8.04855515119223,146.205081594306
CF57_1,CF57,1,1970s,527500.0672787909,6187499.794012441,Cropland,0.0197116702708264,0.00995493588386514,0.990045064116135,0,0,0,8.08927444138561,140.19306476519
CF58_1,CF58,1,1970s,527500.0664424137,6192499.770672006,Cropland,0.136308825909228,0.0735664330222277,0.926433566977772,0,0,0,8.10847758102776,138.701449949658
CF59_1,CF59,1,1970s,527500.0380833544,6197499.784182167,Cropland,0.268956006639741,0,0.847556023330792,0.0365320009202875,0.101261159599151,0.0146508161497696,8.00719270307363,146.788411959565
CF60_1,CF60,1,1970s,532500.0746473216,6152499.896262771,Urban,0.744363003636545,0.402385497101633,0.233759414294822,0.0834869793335556,0.0447438487063662,0.144373649246596,8.46533782096771,140.097361741759
CF61_1,CF61,1,1970s,532500.0476127628,6157499.892527556,Cropland,0.284685917561564,0.146964568170928,0.832646251087123,0,0.0203891807419489,0,8.31548441149122,145.184522060434
CF62_1,CF62,1,1970s,532500.0430350703,6162499.81496773,Cropland,0.175856548467399,0,0.902581328139173,0,0.0974186718608274,0,8.24918619949538,144.025967151086
CF63_1,CF63,1,1970s,532500.058788367,6167499.886138109,Cropland,0.181471118066521,0.0255274683482542,0.902278066606563,0,0.0243546679666853,0.0478397970784974,8.1910007901377,141.92747395179
CF64_1,CF64,1,1970s,532500.0331872304,6172499.882969435,Urban,0.726625417512732,0.432440707771947,0.161594019766916,0.109596005842824,0.185903721982361,0.110465544635952,8.38224693208539,133.565948959283
CF65_1,CF65,1,1970s,532500.028758022,6177499.805903052,Urban,0.654226182361718,0.380468973882066,0.242282806422231,0,0.377248219695702,0,8.17467094382883,143.304801689352
CF66_1,CF66,1,1970s,532500.0433655721,6182499.877498317,Cropland,0.236982001279324,0.0446142857165614,0.867979055144056,0,0.0874066591393821,0,8.10539618959841,141.78127971238
CF67_1,CF67,1,1970s,532500.016379806,6187499.763386833,Cropland,0.193231990876133,0.108357299874065,0.891642700125935,0,0,0,8.16987833898601,134.262495052971
CF68_1,CF68,1,1970s,532500.0701839877,6192499.798358294,Cropland,0.0531346438767113,0.0273133405080651,0.972686659491935,0,0,0,8.19563772309064,137.367646549072
CF69_1,CF69,1,1970s,532500.0807532563,6197499.758865873,Cropland,0.424622585922922,0.0487093359302518,0.721132450736834,0,0.230158213332914,0,8.04793729085623,141.30319007217
CF70_1,CF70,1,1970s,537500.1021949608,6152499.817917419,Urban,0.757609636148694,0.236286625628052,0.17089836959827,0.0243546675813025,0.0922130052981189,0.048709335162605,8.58444091074178,132.608972736683
CF71_1,CF71,1,1970s,537500.0550795781,6157499.88048536,Cropland,0.380220124083043,0.131131143581006,0.772024193553437,0,0.0178143316166522,0.0790303312489051,8.43382718892927,135.518038838019
CF72_1,CF72,1,1970s,537500.0774855074,6162499.869807724,Cropland,0.172816278764417,0.100515207742409,0.899484792257591,0,0,0,8.32967552124633,137.086824776427
CF73_1,CF73,1,1970s,537500.0419040467,6167499.89607103,Cropland,0.409983441816952,0.191076842046889,0.741230216133582,0,0.00390654672058495,0.0637863950989433,8.27473292104561,136.618086666393
CF74_1,CF74,1,1970s,537500.0118776582,6172499.848500056,Forest,0.767569942103793,0.192925425453466,0,0.0869258511830064,0.234676029134131,0.156929358672155,8.3918286859521,133.876251814066
CF75_1,CF75,1,1970s,537500.0487537576,6177499.838899511,Cropland,0.653980812713774,0.307264109888432,0.48494408315231,0.105930553755398,0.0546756636648308,0.0471855895390289,8.14784930912566,147.556249033243
CF76_1,CF76,1,1970s,537500.0264034058,6182499.866166838,Cropland,0.135451308498273,0.0730640027464729,0.926935997253527,0,0,0,8.11492543832042,139.434915451464
CF77_1,CF77,1,1970s,537500.0707976818,6187499.82006512,Cropland,0,0,1,0,0,0,8.22302074706167,132.340930566611
CF78_1,CF78,1,1970s,537500.0551390985,6192499.810781486,Cropland,0.135451308501467,0.0730640027483437,0.926935997251656,0,0,0,8.26608796525819,136.302943300167
CF79_1,CF79,1,1970s,537500.0416532608,6197499.838831865,Cropland,0.303240607346718,0,0.813655378284258,0,0.186344621715742,0,8.18756080784811,135.468117412795
CF80_1,CF80,1,1970s,542500.0592552546,6152499.8693641145,Urban,0.74754066052239,0.135220082127421,0.103923976592439,0.05615095597427,0.130123746289935,0.0697209813550702,8.57425397013322,133.671147002383
CF81_1,CF81,1,1970s,542500.0565058092,6157499.897039448,Cropland,0.503672839912587,0.251343142760241,0.653861494108355,0,0.0365320013644939,0.0582633617669096,8.50797917949577,132.296021154521
CF82_1,CF82,1,1970s,542500.0441988781,6162499.850954939,Cropland,0.565851202482224,0.215793708821816,0.598840376504652,0,0,0.169467770474165,8.53202542215688,127.461884570301
CF83_1,CF83,1,1970s,542500.0207665939,6167499.842372999,Cropland,0.670003897265669,0.287753889054717,0.48084854824841,0.0665405664153396,0.0279381962516141,0.0787179002036685,8.4240820084108,131.519927145008
CF84_1,CF84,1,1970s,542500.048573576,6172499.871880924,Forest,0.664661899193237,0.0168928088767271,0.076111493962748,0.106828828791182,0.174066624659932,0.065042248738975,8.49778410662631,128.709291651103
CF85_1,CF85,1,1970s,542500.0024235704,6177499.826941581,Cropland,0.449037060515666,0.0855453268002031,0.718883350689561,0.0356262148526288,0.159945107657607,0,8.22749557721902,139.673449982151
CF86_1,CF86,1,1970s,542500.0063853149,6182499.82004259,Urban,0.498816504639802,0.524325864426553,0.475674135573447,0,0,0,8.22617224263761,132.235658810879
CF87_1,CF87,1,1970s,542500.0597483467,6187499.851160479,Cropland,0.0234565904646464,0.0118691724878703,0.98813082751213,0,0,0,8.30388805937952,128.387980581964
CF88_1,CF88,1,1970s,542500.0377536514,6192499.807753425,Cropland,0,0,1,0,0,0,8.31391331489921,134.379021932139
CF89_1,CF89,1,1970s,542500.064030432,6197499.802313068,Cropland,0.0312907864200285,0,0.984101855801014,0,0.015898144198986,0,8.18137915873397,137.925009007514
CF90_1,CF90,1,1970s,547500.0889142159,6152499.94029991,Urban,0.721036491118623,0.458698215009539,0.00734166770698805,0.088217790335822,0.0693431943995538,0.0962750823701252,8.57354478857536,129.707216173928
CF91_1,CF91,1,1970s,547500.0678756869,6157499.942027305,Urban,0.647949067879536,0.37437143554518,0,0.0283268616224576,0,0.103643181718724,8.59018403657652,126.891478849881
CF92_1,CF92,1,1970s,547500.021346869,6162499.870003907,Urban,0.794658638814385,0.297646196302241,0.252003206707472,0.155383833671409,0.077489867945628,0.113757708350195,8.52290018990424,130.862555583013
CF93_1,CF93,1,1970s,547500.0105560533,6167499.836173768,Urban,0.608715776366889,0.201205392975292,0.0253695708920262,0.0377907087033093,0.00845652363075007,0.0914038886789267,8.56264363728106,124.455209866507
CF94_1,CF94,1,1970s,547500.0347869882,6172499.840513072,Cropland,0.740036218610252,0.037814593907531,0.386635217895039,0.0365320024613661,0.173481711491705,0.0328111919378297,8.36303607738805,141.057365900394
CF95_1,CF95,1,1970s,547500.030537062,6177499.882314021,Cropland,0.447020373532641,0.116256538550081,0.714784528962758,0,0.168958932487161,0,8.33346586130283,131.40622494203
CF96_1,CF96,1,1970s,547499.9985196197,6182499.850260958,Cropland,0.158885639837998,0.0870143100772122,0.912985689922788,0,0,0,8.28482118501541,129.17438548407
CF97_1,CF97,1,1970s,547499.999664888,6187499.856302122,Cropland,0.295595486880572,0.180309123433724,0.819690876566276,0,0,0,8.36187924637885,125.728481285315
CF98_1,CF98,1,1970s,547500.0344730752,6192499.789121118,Cropland,0.485439213212567,0.311632596261383,0.644617613462109,0,0,0.0437497902765087,8.43672472039677,126.569553578186
CF99_1,CF99,1,1970s,547500.0385143282,6197499.759298731,Cropland,0.142924445748062,0.029833328351496,0.924498392813099,0,0.0377581571661537,0.00791012166925119,8.38138073363249,127.91071253795
CG00_1,CG00,1,1970s,502500.0261580071,6102499.830919192,Cropland,0.163377528684866,0.0487093353780364,0.91241583676868,0,0,0.038874827853283,8.6594904609332,151.971688672122
CG01_1,CG01,1,1970s,502500.07264854916,6107499.815118513,Cropland,0,0,1,0,0,0,8.62363628358601,152.350399270099
CG02_1,CG02,1,1970s,502500.04775678914,6112499.836347805,Cropland,0.0379411426274125,0.0193447923029506,0.980655207697049,0,0,0,8.52220977164511,154.647180125162
CG03_1,CG03,1,1970s,502500.0153410255,6117499.894620556,Cropland,0.241460619149484,0.140459055982134,0.859540944017866,0,0,0,8.54491493019058,148.986991088125
CG04_1,CG04,1,1970s,502500.03903347667,6122499.878665998,Cropland,0.0926734720504057,0,0.951290664621812,0,0,0.0487093353781876,8.61315570530743,146.685405830085
CG05_1,CG05,1,1970s,502500.0550520218,6127499.899711133,Cropland,0.57985636347057,0.281674104271755,0.562641803369113,0,0.155684092359132,0,8.52758618259226,154.734607362215
CG06_1,CG06,1,1970s,502500.0634538295,6132499.846448853,Cropland,0.330348556485787,0.0295971628856326,0.809476249528682,0,0.0635079168237688,0.0974186707619163,8.40705287788269,159.471531911219
CG07_1,CG07,1,1970s,502500.0641750675,6137499.830142095,Cropland,0.256667428282433,0.151193053597289,0.848806946402711,0,0,0,8.47946483173621,151.753692807508
CG08_1,CG08,1,1970s,502500.0572123166,6142499.850769465,Cropland,0.167648863101266,0.0923536232843875,0.907646376715613,0,0,0,8.47087560531735,151.118631641973
CG09_1,CG09,1,1970s,502500.0425621639,6147499.908309469,Cropland,0.433993988623467,0.318332706057843,0.681667293942158,0,0,0,8.38128513547309,154.440337467476
CG10_1,CG10,1,1970s,507500.0814512452,6102499.76344352,Cropland,0.156423637682807,0.0487093354946174,0.91643875663302,0,0,0.0348519078723628,8.62850635425311,154.315829193324
CG11_1,CG11,1,1970s,507500.0744522167,6107499.868036532,Cropland,0,0,1,0,0,0,8.52358517129217,159.430568611473
CG12_1,CG12,1,1970s,507500.0445943599,6112499.787116632,Cropland,0.0420202173888424,0.0214711175847598,0.97852888241524,0,0,0,8.45161240362271,156.07938740319
CG13_1,CG13,1,1970s,507500.0549592401,6117499.854614016,Cropland,0.244729939921765,0.0866263789294274,0.86328258321254,0,0.0500910378580329,0,8.54241406590514,149.687344926069
CG14_1,CG14,1,1970s,507500.0421171495,6122499.847835636,Cropland,0.19057276464935,0.0974186709894785,0.894354040420092,0,0.00822728859042954,0,8.56027167491243,152.899282915422
CG15_1,CG15,1,1970s,507500.0693758277,6127499.878149052,Cropland,0.288302311137344,0.117282300321011,0.834008364184531,0,0.0487093354944581,0,8.51130677491909,152.605039030635
CG17_1,CG17,1,1970s,507500.0535864384,6137499.82707415,Cropland,0.175856547064615,0.0974186709897082,0.902581329010292,0,0,0,8.41668649543954,151.981034741925
CG18_1,CG18,1,1970s,507500.073619542,6142499.857033516,Cropland,0.135451309351922,0.0730640032463428,0.926935996753657,0,0,0,8.46729191807065,148.627161376065
CG19_1,CG19,1,1970s,507500.0701088966,6147499.8126028655,Urban,0.485440060940383,0.585322737472542,0.414677262527458,0,0,0,8.39958066902447,151.323294563842
CG20_1,CG20,1,1970s,512500.0319054312,6102499.844468651,Cropland,0,0,1,0,0,0,8.58370656262333,156.531711405092
CG21_1,CG21,1,1970s,512500.0357352239,6107499.856263293,Cropland,0,0,1,0,0,0,8.40966231563379,161.706972370637
CG22_1,CG22,1,1970s,512500.0646570594,6112499.793975682,Cropland,0,0,1,0,0,0,8.43933018831805,152.328076655185
CG23_1,CG23,1,1970s,512500.05417142104,6117499.879970967,Cropland,0.230768158838339,0.00791002467163292,0.86823312093675,0,0.123856854391618,0,8.51971386208277,148.937806076086
CG24_1,CG24,1,1970s,512500.06845735124,6122499.891840113,Cropland,0.0485014429727422,0.00212315392524898,0.975181506597978,0,0.0226953394767734,0,8.48758803660339,155.712289583783
CG25_1,CG25,1,1970s,512500.04378025915,6127499.829381491,Cropland,0.374423052633025,0.165991636035364,0.770726353009096,0,0.06328201095554,0,8.52987671685664,148.392886027134
CG26_1,CG26,1,1970s,512500.0432435217,6132499.804034855,Cropland,0.375201691404452,0.0681972361304422,0.770876176140992,0,0.160926587728566,0,8.46408592441104,149.312051384621
CG27_1,CG27,1,1970s,512500.0666142674,6137499.81577886,Cropland,0.320734256463703,0.0779307701234494,0.814617380432417,0,0.0974186708431769,0.0100331786009566,8.39763272971415,151.200741743041
CG28_1,CG28,1,1970s,512500.05037127464,6142499.864413771,Cropland,0,0,1,0,0,0,8.4744363879172,145.715460680093
CG29_1,CG29,1,1970s,512500.0580272434,6147499.838808023,Cropland,0.353727110545926,0.229562493860343,0.770437506139657,0,0,0,8.48514521485206,146.420872327271
CG30_1,CG30,1,1970s,517500.0850923214,6102499.851813918,Cropland,0.225551810283284,0.0958188432816377,0.874284347206264,0,0,0.0298968095120984,8.56925149613768,153.944575800825
CG31_1,CG31,1,1970s,517500.03616525023,6107499.779897026,Cropland,0.200756123153474,0.0802059718681083,0.889897218618032,0,0.0298968095138594,0,8.48695316711091,151.250458256889
CG32_1,CG32,1,1970s,517500.05973960727,6112499.856739236,Cropland,0,0,1,0,0,0,8.48093765411177,149.123191507929
CG33_1,CG33,1,1970s,517500.09258431836,6117499.859506801,Cropland,0.236253649093117,0.0932482280966405,0.868075615237086,0,0.0386761566662735,0,8.5000283771709,149.879230779486
CG34_1,CG34,1,1970s,517500.0708866396,6122499.7879263675,Urban,0.483895772738555,0.589733570255075,0.410266429744925,0,0,0,8.48284090175262,150.533079515631
CG37_1,CG37,1,1970s,517500.0558418394,6137499.796071852,Cropland,0.084047615484929,0.00506504744643374,0.956258795889008,0,0,0.0386761566645586,8.42709514401467,147.253309059216
CG38_1,CG38,1,1970s,517500.06670979614,6142499.873010728,Cropland,0.446142576350257,0.33590029913229,0.66409970086771,0,0,0,8.46367339480702,145.466927200387
CG39_1,CG39,1,1970s,517500.085559445,6147499.875737379,Cropland,0.337208929073049,0.214700971849752,0.785299028150247,0,0,0,8.43743364035363,148.41778825974
CG40_1,CG40,1,1970s,522500.06529288803,6102499.784827596,Cropland,0.690323513303896,0.361354528094427,0.396724584770763,0.0519144183646054,0.0730640042387687,0.116942464531436,8.53135398173877,153.058137025983
CG41_1,CG41,1,1970s,522500.09106030304,6107499.750314869,Cropland,0.129493592118926,5.25549635536289e-4,0.93056165572504,0,0.0675218622371959,0.00139093240222755,8.48716137293833,151.348895998532
CG42_1,CG42,1,1970s,522500.10963438044,6112499.8643271355,Cropland,0.0335680407703154,0.0170755963767805,0.98292440362322,0,0,0,8.46420432666441,149.834909749197
CG43_1,CG43,1,1970s,522500.0588031039,6117499.7926761545,Cropland,0.32572278301857,0.203693065205713,0.795478262097773,0,8.28672696513526e-4,0,8.45483308999399,149.829449088913
CG44_1,CG44,1,1970s,522500.06400440924,6122499.869828019,Cropland,0.243764029601325,0.038150601783099,0.86315720005333,0,0.0986921981635707,0,8.49183539299921,147.847519828624
CG45_1,CG45,1,1970s,522500.0623966084,6127499.872873877,Cropland,0.0993086394686136,0.0524000890687162,0.947599910931284,0,0,0,8.4311847047805,150.97164693744
CG46_1,CG46,1,1970s,522500.1171677176,6132499.802111141,Cropland,0.0231768455623677,0.00571551011915292,0.988195822860594,0,0.0060886670202536,0,8.4180480357254,149.317568108561
CG47_1,CG47,1,1970s,522500.100007084,6137499.879444241,Cropland,0.0769802224549428,0.0395498107102193,0.959924639654293,0,5.25549635487944e-4,0,8.42420051602187,145.779078071409
CG48_1,CG48,1,1970s,522500.0753009223,6142499.8826015685,Cropland,0.295603487564298,0.179642201972264,0.819832248392218,0,5.25549635518151e-4,0,8.4140140068227,148.499033615391
CG49_1,CG49,1,1970s,522500.10602128954,6147499.8118807655,Cropland,0.252797845392201,0.044315211572513,0.857692107399917,0,0.09799268102757,0,8.34834708503213,151.097051177682
CG50_1,CG50,1,1970s,527500.1154138149,6102499.755272231,Cropland,0.691645870196455,0.279498180863662,0.43773392643627,0.176616783358485,0.0321001655102028,0.0630244507010464,8.52284551504188,152.528950178657
CG51_1,CG51,1,1970s,527500.0883420453,6107499.766859397,Cropland,0.659306209455517,0.364154652376074,0.416193256533833,0.0243546672816314,0,0.184840056720093,8.49902921205645,147.911358516577
CG52_1,CG52,1,1970s,527500.1027918415,6112499.816082941,Cropland,0.357436435960908,0.0915774615512553,0.790089135152426,0,0.0974186691207283,0,8.45158595138094,147.37489540046
CG53_1,CG53,1,1970s,527500.0953342962,6117499.791246452,Cropland,0.447155761190726,0.114638075777114,0.712675438208683,0,0.172686486014203,0,8.54274290522441,141.848830404009
CG54_1,CG54,1,1970s,527500.065031351,6122499.803608584,Cropland,0.693037500403212,0.211625260126657,0.488247412461007,0.0487093345602405,0.0809353218912542,0.0974186691204811,8.5743227691303,140.487940580738
CG55_1,CG55,1,1970s,527500.0751332948,6127499.853540434,Cropland,3.22607077977821e-4,1.61329566217748e-4,0.999838670433782,0,0,0,8.40151759327727,148.507501863395
CG56_1,CG56,1,1970s,527500.1258612206,6132499.829735632,Cropland,0,0,1,0,0,0,8.43757006647781,142.079569849236
CG57_1,CG57,1,1970s,527500.08933677,6137499.84266833,Cropland,0.0465225816267669,0,0.97617088233807,0,0.0238291176619296,0,8.40663630544311,143.468601448839
CG58_1,CG58,1,1970s,527500.0920983198,6142499.893103182,Cropland,0.256403461709071,0.0393515289482381,0.857666684723438,0,0.0299177844835985,0.0730640018447253,8.38137190013771,144.611062339224
CG59_1,CG59,1,1970s,527500.0711528321,6147499.869337009,Cropland,0.653080160076205,0.378503842100458,0.390126818739348,0,0.0243546672800205,0.207014671880174,8.4040519582022,139.421227178946
CG60_1,CG60,1,1970s,532500.1232226893,6102499.762378928,Pasture,0.697887868467675,0.0188082697930978,0.28094166468718,0.392859034268581,0.057315685327324,0,8.60571139121235,145.416127174025
CG61_1,CG61,1,1970s,532500.1073029817,6107499.829724232,Pasture,0.751247555622875,0.0821712454129578,0.164077543347848,0.206094623421001,0.137521658381671,0.0185381639712955,8.66141610434421,135.899775114667
CG62_1,CG62,1,1970s,532500.1180077677,6112499.823483339,Cropland,0.726785324417047,0.0415709915894687,0.293342664164702,0.0603423438874294,0.0669753369043518,0.0505603526849329,8.6710570571179,137.238898429333
CG63_1,CG63,1,1970s,532500.0904061167,6117499.8544495115,Cropland,0,0,1,0,0,0,8.51880194321969,147.468535869702
CG64_1,CG64,1,1970s,532500.0886268184,6122499.8117822,Urban,0.463863368830172,0.634418434691503,0.365581565308496,0,0,0,8.57387303785073,139.663849131278
CG65_1,CG65,1,1970s,532500.1113832879,6127499.806740552,Cropland,0.265955289237676,0.00971745231671745,0.844154539893055,0,0.146128007790228,0,8.52741809823115,138.319920257272
CG66_1,CG66,1,1970s,532500.094766791,6132499.8388373265,Cropland,0.14818425762476,0.0805862768248757,0.919413723175124,0,0,0,8.54144655326341,136.828509203125
CG67_1,CG67,1,1970s,532500.1018768129,6137499.908515113,Cropland,0.110404731922196,0.0586411504921398,0.94135884950786,0,0,0,8.47793980619841,140.027603465713
CG68_1,CG68,1,1970s,532500.0697665747,6142499.904000014,Cropland,0.0834789289769375,0.0436442883982592,0.956355711601741,0,0,0,8.39164731101653,140.730501347135
CG69_1,CG69,1,1970s,532500.0613956221,6147499.825732477,Cropland,0.502195296118009,0.498888718109632,0.49890870857876,0,0,0,8.50715473096805,132.850452315654
CG73_1,CG73,1,1970s,537500.1241257496,6117499.871302983,Cropland,0.453361725002123,0.0730640027472981,0.713280729732949,0.010924501403686,0.0243546675824327,0,8.60776537829576,138.900206779128
CG74_1,CG74,1,1970s,537500.0867475496,6122499.893791251,Cropland,0.30470368192147,0.0283201547426926,0.826303296219679,0.0487093351622823,0,0.0966672138753459,8.58727012722861,137.376346575486
CG75_1,CG75,1,1970s,537500.1226220047,6127499.843201579,Cropland,0.236871824156864,0.0259106131486719,0.867611912176183,0,0,0.098170126770714,8.59610811413284,134.189361880183
CG77_1,CG77,1,1970s,537500.0917174451,6137499.853859212,Cropland,0.665397680904741,0.131903432785677,0.473705043647982,0,0.00506504743968817,0,8.60663681511675,133.139059217787
CG78_1,CG78,1,1970s,537500.0875472084,6142499.915597486,Cropland,0.742171916867528,0.0779307696898584,0.391304067940475,0.0306034020653737,0.244120684492446,0.0487093351651931,8.50412164910582,133.914341037491
CG79_1,CG79,1,1970s,537500.0911996434,6147499.90362536,Cropland,0.414461384274157,0.0337124732895016,0.731929216208029,0.011650250995361,0.22031856320064,0,8.53577846246237,134.0095511394
CG80_1,CG80,1,1970s,542500.137730461,6102499.88626088,Cropland,0.497434188776777,0.0646074793501214,0.152499746150933,0.0439736221871952,0.0243546675750723,0,8.73459450627897,138.396454412434
CG83_1,CG83,1,1970s,542500.0850949779,6117499.84060306,Cropland,0.790031750995605,0.0487093351527719,0.293043727068624,0.161259364968259,0.0730640027291578,0.038401792502296,8.66913370196725,135.346286377118
CG84_1,CG84,1,1970s,542500.1406307713,6122499.827476624,Cropland,0.654863020796255,0.129214958699762,0.551317629070461,0.034662210202876,0.102661948688886,0.0586411495534179,8.63462125032383,133.336061304077
CG85_1,CG85,1,1970s,542500.1254578183,6127499.851438005,Cropland,0.607871326574579,0.0487093351500366,0.214656241165825,0,0.0252000560771936,3.75728223091243e-4,8.67178108742906,128.86097723997
CG89_1,CG89,1,1970s,542500.0518607163,6147499.879240843,Forest,0.6990322657404,0,0.0183883390750575,0.162551171575893,0.442831351858802,0.0487093351499552,8.60221614468275,131.340407204196
CG90_1,CG90,1,1970s,547500.1127290743,6102499.8908402715,Cropland,0.705831262285829,0.157465576585693,0.409184405495885,0.0169130472591529,0,0.12177334153844,8.6976259200434,135.641925277728
CG99_1,CG99,1,1970s,547500.0849558257,6147499.864848793,Cropland,0.714038659501242,0.221488049627495,0.307549747038447,0.0273052436558619,0.025369570889839,0.0187156119754596,8.6094128018676,130.068946208213
CH06_1,CH06,1,1970s,502500.0846030401,6082499.8202431435,Cropland,0.588965246839344,0.0166980552967668,0.601157492427962,0.113818920128098,0.146552193693923,0.121773338453251,8.81186307730054,147.724216566863
CH07_1,CH07,1,1970s,502500.03314556536,6087499.76718363,Cropland,0.0136733968235438,0,0.993115910905568,0.00688408909443211,0,0,8.7726126971052,150.978461437392
CH08_1,CH08,1,1970s,502500.03832823853,6092499.7513073785,Cropland,0,0,1,0,0,0,8.73386309797311,150.759435140017
CH09_1,CH09,1,1970s,502500.03600017546,6097499.772559454,Cropland,0.0562134486488029,0.0243546676894932,0.971150237544148,0,0,0.00449509476635842,8.69865277193032,150.777034190634
CH16_1,CH16,1,1970s,507500.0696210863,6082499.827605381,Cropland,0.0475230358155336,0.0243546677489276,0.975645332251073,0,0,0,8.78685382287902,152.41521414741
CH17_1,CH17,1,1970s,507500.09114466637,6087499.783676402,Cropland,0.0381231004867384,0,0.980560557845347,0,0.0194394421546533,0,8.76125957759375,153.255159114901
CH18_1,CH18,1,1970s,507500.02561870846,6092499.77677686,Cropland,0,0,1,0,0,0,8.70949936283728,153.664926689033
CH19_1,CH19,1,1970s,507500.06504692393,6097499.807203647,Cropland,0.0138419191483399,0,0.992980493482327,0,0,0.00701950651767326,8.66703932674111,153.991803788887
CH26_1,CH26,1,1970s,512500.0775220187,6082499.835343886,Cropland,0.353972432111864,0,0.778934767267596,0,0.196710565020124,0.0243546677122805,8.74333341526461,154.674663487023
CH27_1,CH27,1,1970s,512500.0438897538,6087499.809582861,Cropland,0.234628749486784,0.0637591033232609,0.871290806798344,0,0.0374298485536135,0.0275202413247819,8.73593630629797,154.619474479142
CH28_1,CH28,1,1970s,512500.0358227975,6092499.82110677,Cropland,0.23752071237564,0,0.854951809891145,0,0,0.145048190108855,8.69525718659682,154.581848947773
CH29_1,CH29,1,1970s,512500.05339827476,6097499.758615106,Cropland,0.0254018001973925,0,0.987035989576852,0,0,0.0129640104231478,8.64625082093989,154.862347365666
CH34_1,CH34,1,1970s,517500.0764450698,6072499.728976444,Cropland,0.66549280859889,0.0570522307599998,0.516783970608302,0.16355816529851,0.169737367033148,0.0928682663000407,8.74172439173185,157.0698170419
CH35_1,CH35,1,1970s,517500.094920755,6077499.767569357,Cropland,0.664150278441145,0,0.472396284145186,0.0864506592368177,0.25587470586609,0.185278350751907,8.700924352129,157.098055610268
CH36_1,CH36,1,1970s,517500.0596092466,6082499.843271963,Cropland,0.290395846564969,0.090652429620574,0.834100845743804,0,0.0752467246356219,0,8.72436555197122,154.225403574379
CH37_1,CH37,1,1970s,517500.0990708113,6087499.845282487,Cropland,0.459446603378928,0.179090516377186,0.705263379044483,0,0.0121387672254315,0.1035073373529,8.70825764648456,154.283956431413
CH38_1,CH38,1,1970s,517500.08484500466,6092499.773080584,Cropland,0.280072903072664,0.132754764937251,0.837507576674612,0,0,0.0297376583881373,8.65954457289244,156.169806337552
CH39_1,CH39,1,1970s,517500.08040979074,6097499.738171189,Cropland,0.270868789997523,0.101120703871525,0.846248051923577,0,0,0.0526312442048976,8.61511443067706,154.426553193298
CH45_1,CH45,1,1970s,522500.10633223125,6077499.739130003,Urban,0.740364859594401,0.318915569829001,0.0182703628560288,0.14923576687242,0.221511423692346,0.292066876750205,8.66070726424252,157.526749242213
CH46_1,CH46,1,1970s,522500.095481355,6082499.851588371,Forest,0.637464675562234,0.0415782732813871,0.395468103533337,0,0.431087740459887,0.131865882725389,8.68377803794499,155.654105325516
CH47_1,CH47,1,1970s,522500.08047616767,6087499.778844974,Cropland,0.175132913266746,0.0386746626808385,0.905690994253227,0,0,0.0556343430659342,8.66955825653756,155.33616339307
CH48_1,CH48,1,1970s,522500.0599631547,6092499.743431038,Cropland,0.575435407947363,0.168915777197223,0.616189468826631,0.0741151035130991,0.0487093361613506,0.0920703143016966,8.60779715576255,156.638492236702
CH49_1,CH49,1,1970s,522500.09763021604,6097499.74564588,Cropland,0.53860718343567,0.0551929445295805,0.65260282291137,0.0957902390118848,0.141615990366994,0.0547980031801709,8.51127864826101,158.46264232442
CH55_1,CH55,1,1970s,527500.1220357711,6077499.812824085,Pasture,0.780102578600545,0.0365320009201276,0.0696240687360335,0.28099704301518,0.153969042787646,0.201488131643677,8.68805270012522,154.519967516523
CH56_1,CH56,1,1970s,527500.1371200755,6082499.748749458,Cropland,0.702018045873481,0.0481837849449824,0.365656048798168,0.0250470825245647,0.315816755328814,0.245296328403471,8.62965243636816,156.407229953365
CH57_1,CH57,1,1970s,527500.06665524,6087499.8329139035,Cropland,0.640456370662406,0.16995712134268,0.543741956790005,0.0487093345602568,0.0825607225148162,0.155030864792242,8.60029836770301,154.471469142244
CH58_1,CH58,1,1970s,527500.1039774861,6092499.843916504,Cropland,0.718257491469504,0.0609985441207199,0.424226105633645,0.0963675698880673,0.234049952105726,0.184357828251842,8.58297684177701,152.045332317929
CH59_1,CH59,1,1970s,527500.0566075259,6097499.78055875,Forest,0.825150049877112,0.183415117514134,0.158538698357097,0.0879879413087165,0.208149891881308,0.111913370194757,8.63662500890748,143.578857964684
CH65_1,CH65,1,1970s,532500.1587029257,6077499.766040378,Forest,0.671513259575957,0.0470190508081502,0.0765039370964751,0.0755536689479246,0.184509157092489,0.0418254502050081,8.81842795122289,142.724302493563
CH66_1,CH66,1,1970s,532500.1337911482,6082499.8680635905,Cropland,0.77184633568608,0.0407783614851891,0.37362541603167,0.146128007800451,0.16376895542721,0.122138158550957,8.65039475827489,150.94412207893
CH67_1,CH67,1,1970s,532500.1383813849,6087499.785338982,Cropland,0.298560919618152,0,0.827881304085881,0,0.0611675422238396,0.11095115369028,8.5622629425151,151.027537754581
CH68_1,CH68,1,1970s,532500.1055866433,6092499.851210683,Cropland,0.117797570778435,0.024354667966209,0.938193275854037,0,0.037452056179754,0,8.54475403757282,149.468313778877
CH69_1,CH69,1,1970s,532500.1006905059,6097499.843565278,Cropland,0.753054260847403,0.117807852603706,0.170753986124774,0.0730640038966917,0.0251545803131429,0.125213273029083,8.66318008041741,141.201618819598
CH76_1,CH76,1,1970s,537500.1671288088,6082499.875993361,Urban,0.695900992467221,0.154395392164124,0.0487723726096603,0.0725100435596395,0,0.0252803036534992,8.80552006434615,140.055994140408
CH77_1,CH77,1,1970s,537500.117400458,6087499.857259013,Cropland,0.711661278989786,0.0665165850783806,0.417301429249215,0.0294293481872054,0.304152472458462,0.0537500275800408,8.6770015433273,140.523618829047
CH78_1,CH78,1,1970s,537500.0797039657,6092499.876351775,Cropland,0,0,1,0,0,0,8.56877787507953,143.168040232711
CH79_1,CH79,1,1970s,537500.1184237195,6097499.822506665,Cropland,0.614051291553531,0.0526748223245814,0.552735861735285,0,0,0.0487093351631026,8.67242548633906,137.756317226682
CH86_1,CH86,1,1970s,542500.1236062861,6082499.882608107,Cropland,0.775167200693595,0.27939890927014,0.283886425446051,0.0730640027300021,0,0.0308680970201842,8.78245235188224,144.346275749521
CH87_1,CH87,1,1970s,542500.149057873,6087499.82690813,Cropland,0.524919038411335,0.143547352619531,0.643284715106012,0,0,0.0118749095996343,8.70902682017279,143.508730417035
CH88_1,CH88,1,1970s,542500.106858969,6092499.808460251,Cropland,0.116136536865483,0,0.938100138743711,0,0,0,8.66231547197875,136.520376086816
CH89_1,CH89,1,1970s,542500.1246051298,6097499.828453947,Cropland,0.618936063549796,0.024354667575488,0.311797807421946,0,0,0,8.76580482420317,134.468762506242
CH95_1,CH95,1,1970s,547500.1578898588,6077499.78884103,Pasture,0.470113242071712,0,0.03919056156358,0.190316624876386,0.048709336615536,0.0229698377043806,8.82186048856267,140.759792650101
CH96_1,CH96,1,1970s,547500.1469696249,6082499.888868037,Pasture,0.637955653587204,0.0520899018212089,0.107628367365976,0.162826065576973,0,0.123158172091202,8.77143239536693,140.512754928498
CH97_1,CH97,1,1970s,547500.118677858,6087499.915520176,Cropland,0.580035421322913,0.260586309554747,0.586759665497404,0.0516599119642047,0,0,8.69439233120642,138.775070005098
CH98_1,CH98,1,1970s,547500.1365322527,6092499.869449572,Cropland,0.667384892600244,0.144030970371491,0.397006758735211,0,0.073064004926366,0,8.75053365291482,131.218357415908
CH99_1,CH99,1,1970s,547500.1347144407,6097499.861230696,Cropland,0.525472457032555,0.123318161448523,0.632034815670801,0,0,0,8.73026348721021,135.818666873451
DB00_1,DB00,1,1970s,552499.6775389926,6352499.672118262,Cropland,0.106240970551375,0.056288928778746,0.943711071221254,0,0,0,8.4642888497277209,123.643645074512
DB01_1,DB01,1,1970s,552499.6678686532,6357499.717959825,Cropland,0.0447118267860636,0.0228793793945098,0.97712062060549,0,0,0,8.47274001880565,120.606416303173
DB02_1,DB02,1,1970s,552499.6512258302,6362499.689666688,Cropland,0.0715263439160121,0.0371427563038533,0.962857243696147,0,0,0,8.46340729773889,118.810990872846
DB03_1,DB03,1,1970s,552499.6240161804,6367499.80984399,Cropland,0.188304604493201,0.105224497019636,0.894775502980364,0,0,0,8.40009595271233,119.851282436128
DB04_1,DB04,1,1970s,552499.6497318089,6372499.74527787,Cropland,0.584744140814505,8.10173396395462e-4,0.536884338328074,0.342500305554243,0,0.0243546669880559,8.4156757342774,118.223676648524
DB05_1,DB05,1,1970s,552499.6646834601,6377499.717803373,Pasture,0.501961462574883,0,0.00713476218197868,0.298169902369755,0.0427766505592449,0.0142588835197483,8.45091976514644,119.247157455197
DB11_1,DB11,1,1970s,557499.6898730142,6357499.755865983,Cropland,0.449415964138006,0.340965356192441,0.659034643807558,0,0,0,8.42796743326567,120.616290811715
DB13_1,DB13,1,1970s,557499.6790873646,6367499.744899912,Cropland,0.514697585721414,0.304787664869584,0.6221483302317,0,0.0730640048987164,0,8.40398419705715,120.547049347749
DB14_1,DB14,1,1970s,557499.6920318474,6372499.795985679,Cropland,0.463604071781248,0.188930470791353,0.70143907252622,0.0913871741649368,0,0.01824328251749,8.38211620111851,119.34811944413
DB15_1,DB15,1,1970s,557499.6776623846,6377499.772861233,Cropland,0.582794077276637,0.121773341504319,0.583357364408126,0.0291827575865975,0.0485533532657787,0.217133183235179,8.31896655100977,122.930284291606
DB16_1,DB16,1,1970s,557499.6934591797,6382499.787658613,Urban,0.742930829363211,0.26186985226138,0.025849631837939,0.251666154555742,0.021338918783007,0.0243546682994634,8.37739569851295,119.151223128812
DB20_1,DB20,1,1970s,562499.6596629414,6352499.822055593,Cropland,0.00399967395610012,0.00200385240250115,0.997996147597499,0,0,0,8.37252824588468,123.321345281843
DB21_1,DB21,1,1970s,562499.6778171846,6357499.774650563,Cropland,0.236517515100911,0.105380003563523,0.866955724239629,0,0,0.0276642721968487,8.36348870107653,120.866381959335
DB22_1,DB22,1,1970s,562499.6515363256,6362499.764446196,Cropland,0.349788643169907,0.0844860453843664,0.793740618184347,0.109596002788158,0,0.0121773336431286,8.40296755641202,118.347386778617
DB23_1,DB23,1,1970s,562499.6400820935,6367499.792328508,Cropland,0.395316810693855,0.271217145194242,0.728782854805758,0,0,0,8.38819294107368,118.164764455608
DB24_1,DB24,1,1970s,562499.6441820732,6372499.746949654,Cropland,0.324990386208849,0.184260842141569,0.80058601819827,0.00603149878149053,0.0091216408786708,0,8.32827241826743,119.621226198067
DB25_1,DB25,1,1970s,562499.6611575983,6377499.739594084,Cropland,0.27595472663145,0.118763081017121,0.84164922531038,0,0.0395876936724988,0,8.28720809155285,118.742769346228
DB26_1,DB26,1,1970s,562499.6900292314,6382499.770230629,Forest,0.742081599861568,0.0547408333519209,0.291347912348479,0.111250805238404,0.350897159431752,0,8.43371555015878,112.823529367313
DB31_1,DB31,1,1970s,567499.6497347835,6357499.773935058,Cropland,0.392149450952612,0.0200741984473685,0.764043397622899,0,0.121773338273127,0.0941090656566056,8.21465138148638,124.441296594044
DB32_1,DB32,1,1970s,567499.649767541,6362499.788996397,Cropland,0.227090882742906,0.111226729487682,0.871925387134855,0,0.0168478833774628,0,8.2995226565043,121.006791996966
DB33_1,DB33,1,1970s,567499.6483663965,6367499.730884405,Cropland,0.301866765050602,0.0845814759538851,0.828497613464905,0,0.0235444942331443,0.0633764163480659,8.3545476229885,119.532711297237
DB34_1,DB34,1,1970s,567499.6427126657,6372499.710880268,Cropland,0.503431575990147,0.0487093353091472,0.671057245643149,0,0.188140730377178,0.0920926886705255,8.22950339211411,124.367188791054
DB35_1,DB35,1,1970s,567499.6318198992,6377499.728951592,Cropland,0.0118807589097009,0,0.99391133308599,0,0,0.00608866691400947,8.36706875667248,113.151839602963
DB36_1,DB36,1,1970s,567499.676348217,6382499.674741831,Cropland,0.748237773630956,0.0487093353093166,0.362936629077277,0.263410306991677,0.11485727011933,0.0243546676546583,8.45221645641861,113.945373136004
DB40_1,DB40,1,1970s,572499.6344654928,6352499.8530826,Cropland,0.658383370165717,0.0323655280344346,0.451095713240902,0.0466860250577761,0.345654365375363,0.124198368291525,8.16915032351451,123.155301567544
DB41_1,DB41,1,1970s,572499.6216895938,6357499.864695008,Cropland,0.240544935093931,0.099843699915006,0.865247401727971,0.00687336454375045,0,0.0280355338132729,8.27733388517769,117.776705540057
DB42_1,DB42,1,1970s,572499.5906535387,6362499.80320541,Cropland,0.460316391136923,0,0.679563392149373,0,0.275408136567144,0.0450284712834821,8.18405816692163,122.888813286962
DB43_1,DB43,1,1970s,572499.5984189146,6367499.780956781,Cropland,0.207822499805906,0,0.8856241542001,0,0.031629747688971,0.0827460981109288,8.35099788805443,115.515538964211
DB44_1,DB44,1,1970s,572499.5838254265,6372499.796851205,Cropland,0.323462147534762,0.124198368283288,0.811829008050408,0,0.0318614528668199,0.0321111707994842,8.35229748222564,115.509601311661
DB45_1,DB45,1,1970s,572499.6077339851,6377499.740606079,Cropland,0.253956214714498,0.121773341850552,0.854850997947474,0.00242502644009758,0,0.020950633761877,8.40159978169639,115.083634382768
DB46_1,DB46,1,1970s,572499.6071544627,6382499.722435604,Cropland,0.741103002367625,0.0243546683687208,0.367271084657154,0.282914921052509,0.18064385952664,0.0837431190170756,8.4199889097286,117.521309403123
DB52_1,DB52,1,1970s,577499.5523310879,6362499.807698655,Cropland,0.162026394128512,0.0487093336274749,0.913323320252847,0,0,0.0379673461196783,8.20087258153994,121.283888683061
DB53_1,DB53,1,1970s,577499.5700187528,6367499.831857608,Cropland,0.534469277934668,0,0.611766000841342,0,0.283308544101669,0.104925455056989,8.1492180963394,124.58292745604
DB54_1,DB54,1,1970s,577499.5493575014,6372499.782863706,Forest,0.749925135237468,0.168057641402693,0.202397080826276,0.132646849269273,0.389547947159566,0.107350481342191,8.28386084797935,120.874942686535
DB55_1,DB55,1,1970s,577499.5492296974,6377499.66181914,Forest,0.680398839283318,0,0.214086509060198,0.267379273421922,0.442736792615579,0.0757974249023002,8.39829495790694,117.000101042989
DB56_1,DB56,1,1970s,577499.5641771164,6382499.691316109,Pasture,0.714364554495508,0,0.280976234112854,0.384766371474342,0.195082204198134,0.139175190214671,8.42548885507607,118.159121417044
DB57_1,DB57,1,1970s,577499.537492288,6387499.64755162,Forest,0.677035557435691,0,0,0.215400352731379,0.430660348337752,0,8.41906385066548,119.472867025434
DB60_1,DB60,1,1970s,582499.5631405126,6352499.870773819,Cropland,0.0355519493992693,0.0181037193540863,0.981896280645914,0,0,0,8.33689381870117,123.801395645677
DB62_1,DB62,1,1970s,582499.4927491389,6362499.801014301,Cropland,0.0670784908996616,0,0.965253430455025,0,0,0.0347465695449746,8.18881349363584,123.220878411343
DB63_1,DB63,1,1970s,582499.5234498292,6367499.770816479,Cropland,0.380493252862508,0.0215472099474648,0.776163185591841,0.0235444952925857,0.0958503600981134,0.0828947490699955,8.26044736361438,116.201067225868
DB64_1,DB64,1,1970s,582499.4955886239,6372499.778775646,Forest,0.763035794577781,0.047384771182355,0.221622539118894,0.185888702237706,0.307755337635082,0.237348649825963,8.38104591623557,113.324941635997
DB65_1,DB65,1,1970s,582499.4702860015,6377499.714756137,Forest,0.583005458531842,0.0668659685768223,0,0.284870188814148,0.546619651869102,0.101644190739929,8.45224521989521,115.654902991302
DB66_1,DB66,1,1970s,582499.5038627629,6382499.691246823,Forest,0.607797101749335,0.0265264435098768,0.0843437747874063,0.312180065639589,0.532465894317843,0.0444838217452851,8.44840654601047,118.883596236635
DB67_1,DB67,1,1970s,582499.4776775325,6387499.594470724,Pasture,0.43462393330737,0.018050868860276,0,0.699344640064491,0.269341951740206,0.00608866718794495,8.4111943794314,121.708563493001
DB68_1,DB68,1,1970s,582499.4481154357,6392499.536917151,Pasture,0.540767775289231,0,0,0.371870317751896,0.0653971485850729,0,8.42923387121705,120.465438355947
DB70_1,DB70,1,1970s,587499.5384229121,6352499.942973814,Cropland,0.430589691873921,0.167706560297307,0.728339475111022,0,0.103953964591671,0,8.40938558438243,119.834966435541
DB71_1,DB71,1,1970s,587499.4899705768,6357499.898755164,Cropland,0.443607832198571,0.0994375313937015,0.728843552515502,0,0.102408295416033,0.0693106206747641,8.31247677422288,123.957116572234
DB72_1,DB72,1,1970s,587499.4900431393,6362499.784009084,Cropland,0.685701348944308,0.0565751414684938,0.453090836071985,0.0515800254456644,0.272796401003341,0.165957596010516,8.19468240071135,124.712725892831
DB73_1,DB73,1,1970s,587499.4724052523,6367499.8200299665,Cropland,0.647443567421141,0.162027823938864,0.517727198277956,0.0214839749787797,0.230532628399955,0.0682283744044461,8.24765321311072,118.399875314063
DB74_1,DB74,1,1970s,587499.4405852477,6372499.784163884,Pasture,0.713157433673185,0.0275612408881929,0.223242868354874,0.440959291498353,0.0776248208191837,0.170592038237528,8.46448605508734,113.634014312196
DB75_1,DB75,1,1970s,587499.4508390957,6377499.788968703,Pasture,0.556871884532894,0.0792620376589478,0,0.189995282576221,0.107101192738966,0,8.50255983317786,115.032405513343
DB77_1,DB77,1,1970s,587499.4197526195,6387499.582648063,Pasture,0.429625563328046,0.00167319727593064,0,0.175149121431269,0.0946649218174657,0,8.46632426041489,119.022194423164
DB78_1,DB78,1,1970s,587499.3735523641,6392499.482754864,Pasture,0.669949304253618,0,0,0.456754766532457,0.10547700718813,0.176571334459262,8.43568923703368,120.029981705399
DB79_1,DB79,1,1970s,587499.3020525747,6397499.533405255,Pasture,0.563728293273563,0,0,0.258814518644845,0.153097001892611,0,8.44963450950165,120.964892889882
DB80_1,DB80,1,1970s,592499.4685152426,6352499.8696485795,Forest,0.699011371314266,0.067864142479647,0.0164888596980553,0.0866417925704851,0.173718147214339,0.113601435081986,8.46280598242156,117.274316989991
DB81_1,DB81,1,1970s,592499.4687914647,6357499.903263027,Urban,0.501015774708288,0.121641776723826,0.0329777193944475,0.00836907722791849,0.118219056871582,0.0354697785328804,8.45600522625452,116.098868184859
DB82_1,DB82,1,1970s,592499.4395459738,6362499.8651057985,Pasture,0.438270673401742,0.0651981954018573,0.0329777193960846,0.0937378060295879,0.0421939226358038,0.0276094804374223,8.37785865664468,116.214556286399
DB83_1,DB83,1,1970s,592499.43704912,6367499.867802329,Urban,0.595041638598805,0.445595457046064,0,0,0.00727265644304673,0.0272308476403484,8.45819926678841,113.217805947599
DB89_1,DB89,1,1970s,592499.276854376,6397499.389086184,Pasture,0.688510462299869,0.0421522900498117,0,0.174799325904124,0.13901944234356,0.163559230153439,8.45519678233065,121.469415949045
DC00_1,DC00,1,1970s,552499.7981343176,6302499.822003722,Cropland,0.658657985331289,0.103015627346373,0.405865201360469,0.0398662820913845,0.40254355522265,0.0487093339791226,8.39647255562379,118.95607391474
DC01_1,DC01,1,1970s,552499.82723216,6307499.828336293,Cropland,0.488273065711767,0.233189022382974,0.669194113871964,0,0.0976168637450611,0,8.46780736757072,119.827265538456
DC02_1,DC02,1,1970s,552499.7944827778,6312499.871378481,Cropland,0.619511308319893,0.42911461699992,0.430856727242616,0,0.0913193217801651,0.0487093339772989,8.43412251291645,121.245858713501
DC03_1,DC03,1,1970s,552499.7615257066,6317499.840557125,Urban,0.595750582027171,0.502672092222155,0.379980435614789,0.0658688685241041,0,0.0514786036389525,8.51245919434617,120.461101401798
DC04_1,DC04,1,1970s,552499.7262227507,6322499.847153073,Urban,0.687524194261282,0.485342397467919,0.17697218561675,0,0,0.171628610780197,8.56946177665223,123.044801467124
DC05_1,DC05,1,1970s,552499.6892463007,6327499.779825433,Urban,0.751514064979997,0.32604250897733,0.100918438367066,0.237458003148819,0,0.265467623725709,8.60996316424726,123.343861456128
DC07_1,DC07,1,1970s,552499.6635607927,6337499.75798567,Cropland,0.484335759246344,0,0.685164527923002,0.151086264785874,0.0243546669890004,0.139394540302124,8.57004428726733,122.153901493196
DC08_1,DC08,1,1970s,552499.6732267597,6342499.8034165995,Cropland,0.484029756078728,0,0.671284313103558,0.0948608528321295,0,0.233854834064312,8.55948252481249,121.653857738028
DC09_1,DC09,1,1970s,552499.6781305044,6347499.774804628,Cropland,0.189512668041235,0.0266417256378665,0.896596436937485,0,0,0.0767618374246486,8.54262216520824,122.022766439701
DC10_1,DC10,1,1970s,557499.8206087413,6302499.8354761265,Cropland,0.0441031207320077,0,0.977439461747766,0,0.0225605382522345,0,8.346234410269,123.399435350955
DC11_1,DC11,1,1970s,557499.7664055785,6307499.841569215,Cropland,0.291523834410337,9.47033031118674e-4,0.828570288872974,0.0243546682994154,0.146128009796492,0,8.42755624543722,125.181628135466
DC12_1,DC12,1,1970s,557499.7547180243,6312499.886004784,Cropland,0.201080533097065,0.037895649574521,0.89141900484769,0,0.021976008977602,0.048709336600187,8.36330278257144,129.085814624699
DC13_1,DC13,1,1970s,557499.7253695964,6317499.856604637,Cropland,0.587189048200389,0.343430456288214,0.536053536240315,0,0.0663954156325999,0.0541205918388709,8.45801033873002,124.167357563191
DC14_1,DC14,1,1970s,557499.73675981,6322499.865488209,Urban,0.238920579310338,0.867014956038872,0,0,0,6.77411834600117e-4,8.5116055618038,123.879169177033
DC15_1,DC15,1,1970s,557499.7273178204,6327499.9117859565,Urban,0.640639007513268,0.560240397188507,0.114453989008273,0.0902179869711229,0.0487093366020738,0,8.5641390244729,123.158953710608
DC16_1,DC16,1,1970s,557499.6978451451,6332499.884155993,Cropland,0.557272370313509,0.246277811479469,0.608271553877442,0.00720068621360875,0.106694593916605,0.0243546682994594,8.54190318295452,124.86477221685
DC17_1,DC17,1,1970s,557499.7080623058,6337499.783408084,Cropland,0.280510790695686,0.168722767682177,0.831277232317823,0,0,0,8.54107451900482,122.304040478448
DC18_1,DC18,1,1970s,557499.693518839,6342499.831295908,Cropland,0.133790833750698,0.0720927867812335,0.927907213218766,0,0,0,8.5424624377975409,122.12261130906
DC19_1,DC19,1,1970s,557499.6565704292,6347499.805162802,Urban,0.4922282818556,0.562336659135696,0.437663340864304,0,0,0,8.47489595648069,124.519976760159
DC20_1,DC20,1,1970s,562499.7978840575,6302499.938668321,Cropland,0.0475230349358651,0.0243546672865722,0.975645332713428,0,0,0,8.46183032506275,120.091188018759
DC21_1,DC21,1,1970s,562499.7828758188,6307499.956366545,Cropland,0.0475230349327562,0.024354667284938,0.975645332715062,0,0,0,8.47067365216683,121.886462410196
DC22_1,DC22,1,1970s,562499.7944753097,6312499.901183143,Cropland,0.0259806571545396,0,0.986836390815981,0,0.0131636091840197,0,8.41653855771675,122.749874301037
DC23_1,DC23,1,1970s,562499.7692934149,6317499.883481737,Cropland,0.510105517069275,0.266080575824566,0.640617116069952,0,0.0933023081054822,0,8.5057902538065,120.666648188196
DC24_1,DC24,1,1970s,562499.7065775642,6322499.903231546,Urban,0.598337986912993,0.540410521774826,0.315846059832153,0,0,0.00722216705881737,8.5827452509801,118.708175471084
DC25_1,DC25,1,1970s,562499.7284663095,6327499.850920295,Cropland,0.596401036919398,0.118274730977216,0.575612392508328,0,0,0.0658418347816224,8.58901035135706,121.908223903338
DC26_1,DC26,1,1970s,562499.7110273131,6332499.835998577,Forest,0.647233567500237,0.134613045531338,0.168377523535244,0,0.526526759938195,0.170482670995223,8.38451171000104,129.868584087778
DC27_1,DC27,1,1970s,562499.653506505,6337499.858435164,Cropland,0,0,1,0,0,0,8.50333940167781,120.756128358638
DC28_1,DC28,1,1970s,562499.677609729,6342499.808717862,Cropland,0,0,1,0,0,0,8.48733642448124,124.088328390328
DC30_1,DC30,1,1970s,567499.8116184272,6302499.909548791,Cropland,0.297027663109559,0.129791089625328,0.827772005324223,0.02435466765615,0.0180822373942991,0,8.4568581309054,122.884020408497
DC31_1,DC31,1,1970s,567499.7755507686,6307499.948179211,Cropland,0.294273174830978,0.179276735199158,0.820723264800842,0,0,0,8.5102094736353,120.52503238728
DC32_1,DC32,1,1970s,567499.8096190846,6312499.914980982,Cropland,0.0695339641538593,0.03606787358163,0.96393212641837,0,0,0,8.5623719304985,119.493741014763
DC33_1,DC33,1,1970s,567499.7285674406,6317499.918270218,Cropland,0.326050734426239,0.158769467638823,0.804612087411644,0,0,0,8.53545147626108,120.356386368497
DC34_1,DC34,1,1970s,567499.7138947316,6322499.9609747855,Cropland,0.675000686846381,0.0460211691596311,0.376289806424202,0,0,0.170482673582443,8.60238101941146,121.136109548539
DC35_1,DC35,1,1970s,567499.7056084871,6327499.930768742,Cropland,0.532339877785416,0.311892854388307,0.605702043543056,0,0.0336957667563072,0.0487093353123295,8.52460849537671,126.25522923744
DC36_1,DC36,1,1970s,567499.7009201018,6332499.938928539,Cropland,0.137514834716737,0.0742740521865837,0.925725947813416,0,0,0,8.51378978195898,121.422342127927
DC37_1,DC37,1,1970s,567499.6402083595,6337499.873123914,Cropland,0.285949287805704,0.172852699694545,0.827147300305455,0,0,0,8.48175734997646,122.502444005109
DC39_1,DC39,1,1970s,567499.6437902323,6347499.858365299,Cropland,0.0629371877552967,0.0325265717472793,0.967473428252721,0,0,0,8.32273073095392,125.888671013656
DC40_1,DC40,1,1970s,572499.8148650045,6302499.969526697,Grass/Shrubland,0.685199574497028,0.00557344740940445,0.101169671883127,0.348922577888598,0.106685325565464,0.413294308883082,8.5757774144571,118.501785568546
DC41_1,DC41,1,1970s,572499.821296516,6307499.929013042,Grass/Shrubland,0.65568686768864,0.0318614528658996,0.172300339908226,0.35199429046688,0.013879578337469,0.429964338421525,8.58112706256568,118.773735556521
DC42_1,DC42,1,1970s,572499.8176624437,6312499.927039073,Cropland,0.712050109702856,0.120845086017097,0.449205247079126,0.0491755961272978,0.167114754389432,0.200779810725542,8.57227279164079,121.631967050243
DC43_1,DC43,1,1970s,572499.74222273,6317499.962513002,Cropland,0.741137581815268,0.147056266002084,0.387282080725517,0,0.00242502644039459,0.126623394728781,8.59009939765607,120.832649578375
DC45_1,DC45,1,1970s,572499.6797881541,6327499.928359153,Cropland,0.199442568526814,0.0954838392976613,0.889502591706266,0,0.015013568996072,0,8.50085831187654,123.59190125726
DC48_1,DC48,1,1970s,572499.603288505,6342499.944623605,Cropland,0.396325207662336,0,0.727678273378976,0,0.272321726621023,0,8.26479885494516,129.172981416456
DC49_1,DC49,1,1970s,572499.6280012622,6347499.879714389,Forest,0.531422698134181,0.0163438086644951,0.418058043043522,0,0.541243479923247,0.0243546683687351,8.19713963378508,128.109509327068
DC50_1,DC50,1,1970s,577499.8267759397,6302500.006971771,Forest,0.511991479072192,0,0,0.0243546668139943,0.412081452421421,0,8.56944885607148,121.291690820898
DC51_1,DC51,1,1970s,577499.8137447787,6307500.007805302,Grass/Shrubland,0.498798443876854,0,0,0.120308688851647,0.0398439638129213,0.162563953971297,8.57794552259099,121.548891170617
DC52_1,DC52,1,1970s,577499.834045176,6312500.04834203,Forest,0.74794252507505,0.0234264110423625,0.0706389741537754,0.134228900517111,0.1912258960663,0.1443466094455,8.56982384575485,121.511361093791
DC53_1,DC53,1,1970s,577499.7670313121,6317500.014979401,Cropland,0.810966822200948,0.122701589791784,0.176424228269703,0.0367115133746097,0.119348307780881,0.103550665409924,8.57249214501427,122.266824554035
DC56_1,DC56,1,1970s,577499.6899038834,6332500.0401362395,Cropland,0.0108648407771283,0.00546225663612321,0.994537743363877,0,0,0,8.51010320561743,122.766116742901
DC57_1,DC57,1,1970s,577499.6237474973,6337499.940236413,Cropland,0.283926703855822,0.0919564105993425,0.838304070227088,0,0.0697395191735697,0,8.31263781389278,130.447660608456
DC58_1,DC58,1,1970s,577499.5821444269,6342499.991146208,Cropland,0.532353813311897,0,0.555634774804831,0,0.395655891569176,0.0487093336259935,8.26659740740062,121.806600396699
DC59_1,DC59,1,1970s,577499.5701581707,6347499.85890772,Cropland,0.0926734688856821,0.0487093336250362,0.951290666374964,0,0,0,8.43039491283232,114.69574787951
DC64_1,DC64,1,1970s,582499.7765719168,6322500.023200316,Grass/Shrubland,0.724824491106517,0.0239956424127688,0.0555724786562307,0.2092816849908,0.0586411523832738,0.250790010667791,8.53457045022031,122.791999235649
DC65_1,DC65,1,1970s,582499.6844180265,6327500.009486454,Pasture,0.80962219166347,0.0343079647710262,0.186461497388489,0.220446489570641,0.211969851255877,0.153849930373998,8.53234340268414,122.033501485166
DC69_1,DC69,1,1970s,582499.5463454451,6347499.907984794,Cropland,0.0926734758824292,0.048709337501001,0.951290662498999,0,0,0,8.45053070529186,120.879523710331
DC79_1,DC79,1,1970s,587499.5162126686,6347499.914135292,Cropland,0.597585896441511,0,0.518773191818918,0,0.175015867449014,0.306210940732068,8.34932712291729,125.384947321686
DC89_1,DC89,1,1970s,592499.4952561076,6347499.988268283,Pasture,0.751730716132352,0.0748239139090567,0.0816870550954655,0.368839838474432,0.0585977515610296,0.13777612555872,8.46489618589696,118.396159617487
DD00_1,DD00,1,1970s,552499.8856748668,6252499.714341889,Cropland,0.174598270585011,0.096638047521219,0.903361952478781,0,0,0,8.3851823831118,123.250714262156
DD01_1,DD01,1,1970s,552499.8788040339,6257499.789576381,Cropland,0.553705507264093,0,0.613741079953564,0,0.240367082832966,0.0484731692623207,8.41928155974017,122.0992445783
DD02_1,DD02,1,1970s,552499.8180619746,6262499.790504193,Cropland,0.307361802972544,0.0686381381817638,0.825799207116789,0.0228142136328241,0.00944827539284246,0.0733001656757803,8.46135115164612,118.888589203113
DD03_1,DD03,1,1970s,552499.8245235039,6267499.829924205,Cropland,0.226587517788169,0.114492836949274,0.87184704721324,0,0.013660115837487,0,8.46227557702616,123.065306875162
DD04_1,DD04,1,1970s,552499.8372124677,6272499.79574306,Cropland,0.667183949859163,0.0773939237600525,0.427761265766845,0,0,0.348716808544875,8.42261505027184,124.688186634535
DD05_1,DD05,1,1970s,552499.7926802624,6277499.7984718,Cropland,0.703227942067875,0.226146028216803,0.454584742815171,0,0.0487093339788976,0.137379453224865,8.40176840278009,124.758067172516
DD06_1,DD06,1,1970s,552499.8129379287,6282499.83961058,Cropland,0.205885748068987,0.0816129170564165,0.886824320673747,0,0,0.0315627622698364,8.26662372439989,130.943506108042
DD07_1,DD07,1,1970s,552499.8372333928,6287499.807062139,Cropland,0.0323557813270927,0.0164484419046366,0.983551558095363,0,0,0,8.21335762575828,127.515263744774
DD08_1,DD08,1,1970s,552499.8023283664,6292499.811338297,Forest,0.585409207873965,0.0794297726849815,0.357081769198941,0.0228142136332796,0.529267137666199,0.011407106816599,8.19623423377442,126.751002588189
DD09_1,DD09,1,1970s,552499.8297948928,6297499.853941188,Forest,0.182930630524498,0,0,0.101835857041658,0.898164142958342,0,8.18441166607455,128.13106177464
DD10_1,DD10,1,1970s,557499.856180533,6252499.733037651,Cropland,0.471836634450634,0.166570143432978,0.700420716337422,0,0.0443363800765028,0.088672760153098,8.46794847779085,118.170027545953
DD11_1,DD11,1,1970s,557499.8762522964,6257499.80687196,Cropland,0.276124623950019,0.108885319266843,0.842405344134432,0,0.0487093365987257,0,8.47933554724765,121.573980336313
DD12_1,DD12,1,1970s,557499.8255147779,6262499.806363893,Cropland,0.0506791501392964,1.18082362608353e-4,0.973986795899956,0.0258951217374356,0,0,8.42271638227431,124.59099134059
DD13_1,DD13,1,1970s,557499.8249050891,6267499.844455846,Cropland,0.0475230368656434,0.024354668300867,0.975645331699133,0,0,0,8.3852604496422,126.115841827231
DD14_1,DD14,1,1970s,557499.8135712934,6272499.808981645,Cropland,0.0905985236322778,0.00466360379354266,0.952658558638894,0,0,0.0426778375675628,8.37216619136184,125.251020290898
DD16_1,DD16,1,1970s,557499.812499,6282499.851962599,Cropland,0.554420102097513,0.0487093365987598,0.634124563047322,0.0487093365987598,0.182651499289432,0.0139380365939358,8.38974821382138,122.18875053447
DD17_1,DD17,1,1970s,557499.8226555676,6287499.819056403,Cropland,0.036642274584251,0.0186696947958975,0.981330305204103,0,0,0,8.37977191072373,118.906960061085
DD18_1,DD18,1,1970s,557499.815944289,6292499.935076535,Forest,0.691232948350217,0.0955968515853629,0.312003821051875,0.0989591266412973,0.434799052766565,0.0586411479548999,8.38552089176138,121.138188419477
DD19_1,DD19,1,1970s,557499.7962017705,6297499.866076322,Forest,0.537623895308925,0.0487093365991107,0.292696243572204,0,0.609885083229574,0,8.3186301448087,122.710731681076
DD20_1,DD20,1,1970s,562499.8979436193,6252499.742285932,Cropland,0.186958855391761,0.104373190615045,0.895626809384955,0,0,0,8.3556115184196,122.758441730859
DD21_1,DD21,1,1970s,562499.8222470335,6257499.8229469415,Urban,0.455906172817866,0.686884844692012,0.264405820738412,0.0487093345695759,0,0,8.51118754742592,120.58612128699
DD22_1,DD22,1,1970s,562499.8437607648,6262499.831936724,Cropland,0.511556724688871,0.299914101816668,0.627021896328679,0,0,0.0730640018546528,8.37170180364281,126.375667106003
DD24_1,DD24,1,1970s,562499.8019624483,6272499.851935544,Cropland,0.445353175201657,0.00598178287895449,0.717327756613735,0,0.108659349377215,0.168031111130096,8.32233548448327,124.897174907648
DD26_1,DD26,1,1970s,562499.825335824,6282499.914256911,Forest,0.679315216466755,0.161859616354847,0.018250388646311,0.0160162277838455,0.336821496576767,0.0190319740197306,8.53777780315118,117.538503274808
DD27_1,DD27,1,1970s,562499.8219761638,6287499.891081318,Cropland,0.537169668526253,0.0780805933532552,0.636367675599551,0,0.21693797955546,0.0686137514917336,8.44171218165558,123.686374947207
DD28_1,DD28,1,1970s,562499.7860176418,6292499.905539777,Cropland,0.536941026893626,0.0821112500295425,0.640698478315099,0,0.199369370748871,0.0778209009064878,8.3961041130646,124.130688935557
DD29_1,DD29,1,1970s,562499.8388001381,6297499.959425464,Cropland,0.544622063528821,0.166876207860103,0.617164290380971,0,0.215959501758926,0,8.40065095509145,120.053872872708
DD30_1,DD30,1,1970s,567499.9045343413,6252499.740139163,Cropland,0.27367688527243,0.16360505746402,0.83639494253598,0,0,0,8.44073885472618,116.460963358885
DD31_1,DD31,1,1970s,567499.8570273767,6257499.839340627,Urban,0.58961607201592,0.537574694463102,0.316297299610684,0.146128005926213,0,0,8.52991156754787,117.243540619617
DD35_1,DD35,1,1970s,567499.839200209,6277499.844712948,Cropland,0.451191965631708,0,0.696160697606891,0,0.246410667330744,0.0574286350623645,8.45235707878966,117.193293550062
DD37_1,DD37,1,1970s,567499.854039139,6287499.911641263,Cropland,0.802631030939305,0.141562776020391,0.336087010240055,0.109596004446868,0.181005204928908,0.0771115539012262,8.48970735337206,122.239217302701
DD38_1,DD38,1,1970s,567499.8490636005,6292499.946900631,Cropland,0.53055515903541,0.0094020141336381,0.617604941174283,0,0.280580713619743,0.0924123310723364,8.50555032606686,120.987938444968
DD39_1,DD39,1,1970s,567499.7951241602,6297499.908455915,Cropland,0.645261574404862,0.232175641510817,0.438938419982606,0,0.328885938506577,0,8.43758753462475,123.78105894808
DD40_1,DD40,1,1970s,572499.8910228461,6252499.837507532,Cropland,0.0638568746588952,0.0330186698908055,0.966981330109194,0,0,0,8.44658000050086,119.77337611405
DD41_1,DD41,1,1970s,572499.874319164,6257499.853998432,Cropland,0.374718614970313,0.235473393676888,0.754838258176978,0,0.00121251322034703,0.00606256610172573,8.50262148742713,119.438165338271
DD42_1,DD42,1,1970s,572499.8594056569,6262499.798046281,Cropland,0.429886743183077,0.0978913064637432,0.740441600792497,0,0.0852413392905464,0.0681617502438267,8.43243944767483,124.612049243857
DD43_1,DD43,1,1970s,572499.8414943474,6267499.892215765,Cropland,0.345506525278925,0.0632502727236696,0.801403393053954,0,0.0730640051103729,0.0535593896218058,8.45502767854613,117.056173606424
DD46_1,DD46,1,1970s,572499.840314927,6282499.96321855,Forest,0.773534382954477,0.00910016013885948,0.161668713781714,0.190209178507853,0.287830662509134,0.121314763123616,8.49033057457872,119.877122736559
DD47_1,DD47,1,1970s,572499.8119906547,6287499.989774233,Forest,0.767789655888181,0.12368558192166,0.17773312406165,0.0156135221981437,0.328135875371516,0.0924059917523932,8.58958673694237,118.637868406552
DD48_1,DD48,1,1970s,572499.8407176494,6292499.944752331,Cropland,0.538940667329132,0.0693174500813899,0.647783198294404,0.0135911990300797,0.125083533610013,0.144224618984114,8.57595472631932,119.712856159231
DD49_1,DD49,1,1970s,572499.8623283049,6297499.938366378,Cropland,0.695945760397067,0.00944012157993736,0.377612269886237,0.0730640051065374,0.198183192920595,0.341700410506694,8.55643462694572,118.274070187806
DD50_1,DD50,1,1970s,577499.9397466873,6252499.812573781,Cropland,0.0926734688898401,0.0487093336273395,0.95129066637266,0,0,0,8.50502659324147,116.052306317031
DD51_1,DD51,1,1970s,577499.8911025693,6257499.866573606,Cropland,0.500631623045811,0.0586411539002488,0.683382023404971,0.0243546668121217,0.0231421536692681,0.140065435158523,8.51248492375586,118.25999921249
DD52_1,DD52,1,1970s,577499.8890167333,6262499.849300526,Cropland,0.496376096640266,0.0247136931236126,0.68851949021954,0.121773334061356,0,0.0657889215798566,8.61085611400601,117.479851922424
DD53_1,DD53,1,1970s,577499.8687690438,6267499.87089236,Cropland,0.471742395777338,0,0.700857871752717,0,0,0.122841464430101,8.5718012009835,118.953023768466
DD54_1,DD54,1,1970s,577499.8907825949,6272499.932445059,Cropland,0.622571147850793,0,0.558792855581614,0.0123568465616722,0,0.182603050706605,8.56213738216794,117.467346316858
DD57_1,DD57,1,1970s,577499.8373202452,6287500.015885937,Cropland,0.777911901011095,0.0734230267486007,0.310955209455697,0.0438592810541858,0.0829958207142029,0.14258756486934,8.60127606322724,120.235464321231
DD59_1,DD59,1,1970s,577499.8764129576,6297499.934571228,Cropland,0.669337925639379,0.0974186672498818,0.272474396357547,0,0.159470684257232,0,8.58261898207034,120.74532840693
DD61_1,DD61,1,1970s,582499.9243567707,6257499.87675696,Cropland,0.428848911150371,0.311385195637207,0.688614804362792,0,0,0,8.54396284329502,117.803129104086
DD62_1,DD62,1,1970s,582499.9358377454,6262499.908196272,Cropland,0.294191215834013,0.121414317412843,0.829876345086039,0,0.0487093375011182,0,8.54194189136292,123.310288144683
DD63_1,DD63,1,1970s,582499.9142568866,6267499.867230073,Cropland,0.43629619125652,0.0243546687519249,0.729444396323405,0,0,0.141995987393739,8.50338284635935,122.65100188227
DD64_1,DD64,1,1970s,582499.9156895869,6272499.97761661,Cropland,0.631048967333633,0,0.259285612927446,0.0363524899561693,0,0.182121476120695,8.54571657423293,119.71703799601799
DD65_1,DD65,1,1970s,582499.8841101133,6277499.904232946,Cropland,0.666135670190122,0,0.183433793163545,0.0243546687520813,0.170482681264569,0.0639638459526365,8.59291042082132,119.772522964858
DD70_1,DD70,1,1970s,587499.9756611895,6252499.834294763,Forest,0.532827726216938,0.0662935935872185,0.0220477229589776,0.0807624207702357,0.6503579901362,0.180538272547368,8.42538532282907,123.936381049636
DD71_1,DD71,1,1970s,587499.9294289971,6257499.883005279,Cropland,0.590391188780302,0.0859143621533267,0.480295973711021,0,0.41368987122914,0.0200997929065125,8.4584352566589,121.566491368804
DD72_1,DD72,1,1970s,587499.9576007758,6262499.861898324,Cropland,0.245662351140545,0.0244727491773644,0.863208323393377,0.0256262989221329,0,0.0866926285071258,8.54959091755635,118.959114356632
DD80_1,DD80,1,1970s,592499.9965185599,6252499.880145047,Forest,0.65718792954991,0.171727617779527,0.270103411253462,0.0135282335976263,0.48594054596147,0.0587001914079139,8.3628912419393,124.561659954915
DD81_1,DD81,1,1970s,592499.9849260056,6257499.886210558,Forest,0.390697195320953,0,0.05803954395629,0,0.755057454205336,0.186903001838374,8.39383658781271,120.388694967735
DD90_1,DD90,1,1970s,597499.9603299614,6252499.909862781,Cropland,0.355377195810354,0.146128009588262,0.786603008565843,0,0,0.0672689818458953,8.39978820278535,121.746766422992
DD91_1,DD91,1,1970s,597499.9845591482,6257499.88334208,Cropland,0.607704416498479,0.00337476580999793,0.458149160818486,0.006749531619973,0.408991582400691,0.122734959350852,8.3653908313,121.932157525861
DD92_1,DD92,1,1970s,597499.985225495,6262499.8971402,Forest,0.736492760672564,0.0781942061287369,0.104228245917686,0.116332715485227,0.409446032700729,0.248431186786815,8.39080566657114,120.420857031041
DE00_1,DE00,1,1970s,552500.0397736444,6202499.815031244,Cropland,0.0483900555076624,0.0248105932934016,0.975189406706598,0,0,0,8.05300650992948,137.500689118513
DE01_1,DE01,1,1970s,552500.0522177635,6207499.735317095,Cropland,0.478132335760921,0.0457679822631532,0.709634558529108,0.0487093339770166,0.0586411532003021,0.0466917778175926,8.17809939905539,122.609372038137
DE02_1,DE02,1,1970s,552500.0156842017,6212499.692870375,Cropland,0.59073617526204,0.204238839538799,0.591471291030093,0.0706265167451489,0.0074348506488517,0.0263722231403498,8.32552663954906,129.227400693458
DE03_1,DE03,1,1970s,552499.9918704326,6217499.688423337,Forest,0.622347902554024,0.104167231656369,0.337127219044778,0.0328808179155389,0.501470064393876,0,8.2078695441597,129.236386430435
DE04_1,DE04,1,1970s,552500.0421838384,6222499.722709725,Cropland,0.210808552321813,0.112274312413869,0.881217092800689,0,0.00650859478544148,0,8.18413640656639,125.078431898725
DE05_1,DE05,1,1970s,552499.9808522139,6227499.682127924,Cropland,0.207464097479613,0.0425429014270804,0.885900968080069,0,0.0715561304928508,0,8.15771457133176,126.529353757658
DE07_1,DE07,1,1970s,552499.9514282229,6237499.715456871,Cropland,0.577394478111556,0.123908973448058,0.546406818143242,0,0.3296842084087,0,8.2023353017137,126.909630657146
DE10_1,DE10,1,1970s,557499.9926700045,6202499.753927617,Cropland,0,0,1,0,0,0,8.08484455283275,131.785634344073
DE11_1,DE11,1,1970s,557500.0121679712,6207499.781346942,Cropland,0.762662465443819,0.24199699596389,0.325556617035543,0,0.155040458133695,0.0670325058697613,8.34472094538071,115.201496951016
DE12_1,DE12,1,1970s,557500.0298874964,6212499.735544217,Urban,0.677497420096665,0.445374482179041,0.30124088013349,0,0.0588331161962971,0.16439401102228,8.26538797652423,128.574254176194
DE13_1,DE13,1,1970s,557499.9814049272,6217499.726953041,Cropland,0.370625104327052,0.192520984530253,0.768636332862507,0,0.0388426826072394,0,8.13372435154632,127.263394769106
DE14_1,DE14,1,1970s,557499.9919643814,6222499.645914316,Cropland,0.424252927084567,0.305388755572252,0.694611244427748,0,0,0,8.3683133918097,116.726185143766
DE15_1,DE15,1,1970s,557499.9955708939,6227499.714159249,Cropland,0.214080469089978,0.0426778375701955,0.882310230694197,0,0.0750119317356076,0,8.19592412776533,126.941179627652
DE16_1,DE16,1,1970s,557499.9944713496,6232499.709069772,Cropland,0.546635202193111,0.0258951217370017,0.48329890503196,0,0.467519124246703,0.0232868489843354,8.13202961456715,126.386615886359
DE17_1,DE17,1,1970s,557499.9260181622,6237499.629782909,Forest,0.555275824277048,0.00886399538692048,0.457874902699522,0.0243546682995083,0.483483946002663,0.0254224876113871,8.12153895295492,125.549537120077
DE18_1,DE18,1,1970s,557499.9103897591,6242499.700531681,Cropland,0.609957583637719,0.0398453411935411,0.521755449836302,0.0487093366020892,0.331582630716985,0.0581072416510829,8.32277167870178,115.934403759083
DE19_1,DE19,1,1970s,557499.8878559844,6247499.697860005,Cropland,0.529773044624745,0.0997434480593335,0.63808111445026106,0,0.220206759999352,0.0419686774910537,8.38259716722166,120.938517029279
DE20_1,DE20,1,1970s,562500.0084597974,6202499.807410175,Cropland,0.283261622870663,0.0705905193388227,0.838773159431542,0,0.0906363212296357,0,8.1929682876102,121.521745906824
DE21_1,DE21,1,1970s,562499.9761553103,6207499.728242607,Cropland,0.150127663710154,0.0223371111015245,0.920156132762281,0,0,0.00603149877969945,8.24344644916743,125.463730307639
DE22_1,DE22,1,1970s,562499.9864572511,6212499.688075669,Cropland,0.61469111097995,0.323627911783127,0.51172825743996,0,0,0.0426206677486337,8.11965764033779,126.846026889654
DE23_1,DE23,1,1970s,562499.9761974189,6217499.685978896,Cropland,0.527777508233765,0.402244957073463,0.555554303236718,0,0.0422007396898193,0,8.20982099528596,118.345889143068
DE24_1,DE24,1,1970s,562500.0067694888,6222499.722828891,Cropland,0.309129400842217,0.182647269499078,0.810844135635942,0,0.0065085948649803,0,8.44505700740226,114.882670922226
DE25_1,DE25,1,1970s,562499.9547079823,6227499.685494073,Cropland,0.33763004412016,0.215070222791791,0.784929777208209,0,0,0,8.31610252323805,122.583626206088
DE26_1,DE26,1,1970s,562499.9418520522,6232499.687049095,Cropland,0.454992293347977,0.173606269988928,0.707649977717686,0,0.118743752293386,0,8.17571760243172,122.972176959084
DE27_1,DE27,1,1970s,562499.9672399207,6237499.727467009,Cropland,0.519052930003923,0.0207482041517364,0.512533780678003,0,0.466718015170261,0,8.16679849646217,121.094617204118
DE29_1,DE29,1,1970s,562499.8850704462,6247499.698559415,Cropland,0.117260070234553,0.0625414706709636,0.937458529329036,0,0,0,8.31567249876056,123.870145693262
DE30_1,DE30,1,1970s,567499.9818457006,6202499.750937081,Cropland,0.0959798993524872,0,0.949455281784246,0,0.0505447182157536,0,8.18483048774554,122.393038571102
DE31_1,DE31,1,1970s,567499.95756106,6207499.79836426,Cropland,0.0926734719279549,0,0.951290664689646,0,0.0487093353103539,0,8.10060349596395,125.194988463142
DE32_1,DE32,1,1970s,567499.9610612297,6212499.773586951,Cropland,0.397270043113531,0.236630608390011,0.739014723955401,0,0,0,8.21181209581956,116.444547331443
DE33_1,DE33,1,1970s,567499.991388455,6217499.67657536,Cropland,0.501214233176346,0.404375503719699,0.578776612900624,0,0,0.0168478833796771,8.21998307425669,121.334596731746
DE34_1,DE34,1,1970s,567499.981947577,6222499.728908503,Urban,0.658074093170941,0.5122826162828,0.21798172469049,0,0.0974186706182666,0.147962320753877,8.42187352236952,116.200789417297
DE35_1,DE35,1,1970s,567499.9354850466,6227499.707971843,Urban,0.496799584216596,0.54000259856187,0.45999740143813,0,0,0,8.27522638149616,125.507427706412
DE36_1,DE36,1,1970s,567499.9734866512,6232499.726984239,Cropland,0.553885452584795,0.324776105777169,0.574963347851647,0,0.100260546371184,0,8.31635490504444,117.66920051586
DE37_1,DE37,1,1970s,567499.910766697,6237499.671688164,Cropland,0.526211130153721,0.420839271166049,0.543518942402845,0,0.0356417864311066,0,8.29828633790209,118.3818828439
DE38_1,DE38,1,1970s,567499.9288161611,6242499.767579349,Cropland,0.287564218471227,0.174089136780643,0.825910863219357,0,0,0,8.30493715910636,121.469711024114
DE39_1,DE39,1,1970s,567499.9064195943,6247499.790080435,Cropland,0.153199651180275,0.0835865343077119,0.916413465692288,0,0,0,8.31432345319952,121.342335955917
DE40_1,DE40,1,1970s,572499.9259428019,6202499.806681671,Cropland,0.457414227732546,0.147039862878894,0.706832126902544,0,0.146128010218562,0,8.44996942066228,111.606188412637
DE41_1,DE41,1,1970s,572499.9762135199,6207499.768940775,Cropland,0.310158562579963,0.191907937930854,0.808092062069146,0,0,0,8.36620314028979,113.705375424217
DE42_1,DE42,1,1970s,572499.9735447941,6212499.769307227,Cropland,0.443932053334155,0.332566510718667,0.667433489281333,0,0,0,8.248364755109,116.70010996614
DE43_1,DE43,1,1970s,572499.9812662832,6217499.697508556,Urban,0.474114173883196,0.668566250011514,0.27521762875108,0,0,0.056216121237406,8.21844165922681,120.379503607165
DE44_1,DE44,1,1970s,572499.9325161695,6222499.7750477465,Urban,0.19053954094124,0.897140562082112,0,0.0487093367377512,0.00485005288186855,0.0468750218573286,8.46659701680475,113.445072589028
DE45_1,DE45,1,1970s,572499.9563057558,6227499.670118789,Urban,0.158932341741817,0.912957418057953,0.0870425819420467,0,0,0,8.2596305243191,123.783152420596
DE46_1,DE46,1,1970s,572499.9838101824,6232499.715519001,Urban,0.599516617307401,0.490206167865699,0.376110110934044,0,0.133683721200257,0,8.2862196052517,123.044830847171
DE47_1,DE47,1,1970s,572499.9559022341,6237499.687581973,Cropland,0.0134672429669068,0.00651108409566627,0.993221961075584,0,2.66954828750107e-4,0,8.27045078674147,119.43559614027
DE49_1,DE49,1,1970s,572499.9104865338,6247499.748605974,Cropland,0.175856551067597,0.097418673475531,0.902581326524469,0,0,0,8.33374121201286,116.756605724781
DE50_1,DE50,1,1970s,577499.9212493428,6202499.864100323,Cropland,0.516911303491499,0.0124052965570053,0.645004215390223,0,0.0705905179691308,0,8.53085983865217,111.811368789426
DE51_1,DE51,1,1970s,577499.9222648653,6207499.748870433,Cropland,0.67097644386466,0.178396925633115,0.47497747402367,0,0,0,8.5419455625581,111.327972011975
DE52_1,DE52,1,1970s,577499.9764963645,6212499.785257158,Urban,0.746458144405929,0.281740956307578,0.193392484321099,0,0.26531087749589,0.00197856448844183,8.38694587111335,115.047233352639
DE53_1,DE53,1,1970s,577499.9623265731,6217499.7484121,Forest,0.662761070651574,0.174426651398184,0.0312438244945154,0,0.306603864503904,0.0284647690237156,8.3518820039415,114.512661471948
DE55_1,DE55,1,1970s,577499.9679888003,6227499.7932537105,Urban,0.499245535011111,0.37777856836691,0,0,0,0.0243546668134152,8.50147111761169,113.106575505735
DE56_1,DE56,1,1970s,577499.9877266791,6232499.7635885775,Urban,0.460727318559863,0.678720972701624,0.278986621255596,0,0,0.0123568465624394,8.47344575143856,117.58440258218
DE57_1,DE57,1,1970s,577499.9334297109,6237499.771854244,Cropland,0.112104133455857,0.0596047987635748,0.940395201236425,0,0,0,8.14698980850686,128.202123083951
DE66_1,DE66,1,1970s,582499.9419179015,6232499.758382413,Urban,0.524681901027644,0.300691361868388,0.0711111215813658,0,0,0.0119978212047609,8.57118645026151,114.981473654218
DE67_1,DE67,1,1970s,582499.9858796117,6237499.815066368,Urban,0.673914705768997,0.490296833008547,0.233465617730962,0.0434705217930061,0.0664373286025986,0,8.37180657161755,118.694305733048
DE68_1,DE68,1,1970s,582499.940157057,6242499.798316628,Cropland,0.715271507366886,0.331387012086586,0.373790603550884,0.101134592762097,0.150537312402315,0.0431504791981184,8.37335824169536,114.789967555567
DE69_1,DE69,1,1970s,582499.925380716,6247499.821784631,Cropland,0.380060127512236,0.0581695930633192,0.771497712208382,0.0111177165797031,0.141511292361359,0.0177036857872367,8.3948624173765,119.804931676176
DE75_1,DE75,1,1970s,587499.9822943644,6227499.740914788,Cropland,0.592737643024708,0.208192368039384,0.585482922660763,0.0243546668231139,0,0.0174870582446277,8.48362277865113,119.805674546885
DE78_1,DE78,1,1970s,587499.9809427367,6242499.8550773095,Cropland,0.487440492441175,0.189874748917926,0.687166503491077,0.0161477107149219,0.0243546668234459,0,8.30824567401212,124.053814458621
DE79_1,DE79,1,1970s,587499.9718824326,6247499.824550713,Grass/Shrubland,0.757588457389906,0.0248262261048343,0.236424790316776,0.20445836016459,0.260987751039464,0.273302872374336,8.48880736357899,113.778416492519
DE84_1,DE84,1,1970s,592499.9550939988,6222499.799698218,Pasture,0.365924834040263,0,0,0.0599499122549004,0.0469085657647846,0.055217930717804,8.43390660976165,119.169963333873
DE85_1,DE85,1,1970s,592500.0141816582,6227499.78733749,Cropland,0.643674849548356,0,0.325474676333843,0,0.0851788408809776,0.0177976222029543,8.46261818265522,119.933377903268
DE86_1,DE86,1,1970s,592500.0119548003,6232499.814113551,Cropland,0.690218618642215,0.0719961842564361,0.448533693801584,0,0.198646612878622,0.0177976222021297,8.36013904610339,123.390577125119
DE87_1,DE87,1,1970s,592500.011741156,6237499.7700439,Cropland,0.747708444165643,0.00993181451544719,0.295400131751797,0.0553573321185892,0.163855997550102,0.0266964333028532,8.49581755954214,118.405222876792
DE88_1,DE88,1,1970s,592500.0074987623,6242499.877671048,Cropland,0.703967347424469,0.145887063408161,0.452759375940621,0.0653980386506897,0.220259829931192,0.105208029959685,8.40222888542926,117.62969195582
DE89_1,DE89,1,1970s,592500.0052482311,6247499.803093614,Grass/Shrubland,0.76947543990822,0.157060398180904,0.238770117425591,0.113253897830588,0.196903349165341,0.294012237397577,8.52035091826861,115.345543215552
DE90_1,DE90,1,1970s,597499.937235394,6202499.867768866,Pasture,0.74010808443398,0.0730640047929476,0.107350487735491,0.25347849732126,0.0437623712935355,0.0367599655601094,8.48617465979096,109.946066372806
DE94_1,DE94,1,1970s,597499.973766844,6222499.817559282,Grass/Shrubland,0.492974010013479,0,0,0.0618234280459257,0.0878819650109024,0.103927268180333,8.49061855456002,110.962679189149
DE96_1,DE96,1,1970s,597499.9776650518,6232499.7592064515,Forest,0.665644186268599,0,0.052843252980097,0.102990504539861,0.51406082047637,0.139330021074277,8.28573764808657,118.87572912787
DE97_1,DE97,1,1970s,597500.0164649216,6237499.792208735,Forest,0.381840410859651,0,0.196515633623615,0.0418076915342245,0.751841106202295,0.00983556863986618,8.3713114550895,117.212814805388
DE98_1,DE98,1,1970s,597499.9749128878,6242499.864260202,Forest,0.62848442399673,0,0.28667662213535,0.173687124583213,0.506989034885982,0.0326472183954549,8.45706775196576,115.374555142883
DE99_1,DE99,1,1970s,597499.9781003586,6247499.86686593,Cropland,0.170456220369247,0.0730640047901462,0.907764612934861,0.00149662015748649,0.0111177163574386,0.00655704576006771,8.50535259796707,116.658494470561
DF00_1,DF00,1,1970s,552500.0821818158,6152499.918017617,Cropland,0.417518860929007,0.0487093339758449,0.75046373830081,0.0245616078393666,0,0.0186930254618776,8.53190495806854,127.179150506775
DF01_1,DF01,1,1970s,552500.0434295452,6157499.903279973,Grass/Shrubland,0.389001058972804,0.0472340463836619,0.027697688235076,0.00975746123596462,0,0.0658106651741085,8.48754053318899,128.792594002051
DF04_1,DF04,1,1970s,552500.0484365653,6172499.866101065,Cropland,0.655192965182168,0.0944680927625789,0.472616256671696,0,0.312858750507579,0,8.3408952233894,136.06131363007
DF05_1,DF05,1,1970s,552500.0248900052,6177499.8923083795,Cropland,0.089670725312032,0.0243546669883507,0.953544803069113,0,0.0221005299425364,0,8.1866407803004,133.535616818205
DF06_1,DF06,1,1970s,552500.0201864875,6182499.845409598,Cropland,0,0,1,0,0,0,8.26622842050247,129.118784577828
DF07_1,DF07,1,1970s,552500.0322634379,6187499.836667846,Urban,0.513207060356526,0.61301158598893,0.331133461007657,0,0.0342213204520045,0.0114071068173225,8.3531371190187,124.996086036113
DF08_1,DF08,1,1970s,552499.9978258526,6192499.865300811,Urban,0.649260245240357,0.529998526129607,0.170181572724714,0.0487093339788526,0,0.189813545313911,8.54307265785909,122.194114368132
DF09_1,DF09,1,1970s,552500.0427085381,6197499.8215051675,Cropland,0.328790776151294,0.167133332041534,0.80150545884367,0,0.0243546669878352,0.00700654212696045,8.31909384113493,133.622432072675
DF10_1,DF10,1,1970s,557500.0539540383,6152499.913491488,Cropland,0.602560919316381,0.194837346398344,0.269663984526315,0,0,0,8.49519307411949,121.799954825011
DF14_1,DF14,1,1970s,557500.0426793615,6172499.947726307,Forest,0.649912188631976,0,0.233554832771238,0,0.413395868760853,0,8.42730296206562,128.371816667119
DF15_1,DF15,1,1970s,557500.0018913269,6177499.856621167,Cropland,0.30654084592629,0.0213389187848936,0.816527001985302,0,0.162134079229804,0,8.19585433430749,129.980962361533
DF16_1,DF16,1,1970s,557500.0236227086,6182499.915863126,Cropland,0.211379934655245,0.0487093366010861,0.884161244937647,0,0.0671294184612673,0,8.33613563367792,121.198117830468
DF17_1,DF17,1,1970s,557499.9860512931,6187499.789903091,Cropland,0.533777979478774,0,0.632762313936893,0,0.215259947121988,0.0129475608679193,8.44411756710735,117.520540461508
DF18_1,DF18,1,1970s,557500.0093904075,6192499.814239048,Cropland,0.797052488997693,0.183430238976995,0.197737924240812,0.024354668301182,0.0640167563569292,0.141194682809067,8.48495373491568,127.647087332839
DF19_1,DF19,1,1970s,557500.0331405934,6197499.765436237,Cropland,0.245262282478152,0.143112260282138,0.856887739717862,0,0,0,8.24631427732991,133.698898483047
DF20_1,DF20,1,1970s,562500.08334866,6152499.927340711,Cropland,0.497739298338248,0.104581470785238,0.683070243479422,0,0,0.0730640018551172,8.54254983955924,118.093643511859
DF24_1,DF24,1,1970s,562500.0367152442,6172499.862543065,Urban,0.522235424223754,0.146128003708754,0.00622017862474717,0.019408809664007,0.0901363406560815,0.0730640018543772,8.53318586803061,121.518792215005
DF25_1,DF25,1,1970s,562499.9763535939,6177499.886270679,Forest,0.771076276187566,0.0875353111331712,0.233498047011291,0.04684475161107,0.329867333913831,0.0832331396713017,8.5194499236149,115.180263748301
DF26_1,DF26,1,1970s,562499.9653456258,6182499.837874897,Cropland,0.466997967762164,0.18041448528001,0.702295134999398,0.0372537746614684,0,0.00366299828149065,8.48608208836443,118.050923781305
DF27_1,DF27,1,1970s,562500.0011427227,6187499.828616493,Cropland,0.637936683467598,0.0585926957079066,0.330297348039046,0.0243546672849642,0,0,8.52053351032396,115.823621874978
DF28_1,DF28,1,1970s,562499.9576474453,6192499.856666409,Cropland,0.415737356699077,0.016896335491954,0.235717642005476,0,0.020761419381742,0,8.56405160587762,120.891674998763
DF29_1,DF29,1,1970s,562499.9609393289,6197499.812510072,Cropland,0.139548900094229,0.0373022309595452,0.926133184048368,0,0.0365645849920871,0,8.2309007665905,130.474830054911
DF30_1,DF30,1,1970s,567500.0600414778,6152499.957596392,Cropland,0.0475230356362932,0.0243546676547184,0.975645332345282,0,0,0,8.45349321685547,119.547219442094
DF31_1,DF31,1,1970s,567500.0347013446,6157499.951350236,Cropland,0.686824368176474,0.204178440350596,0.40086025770673,0.0243546676557338,0.0412025510361207,0,8.58366757629916,114.351341070515
DF37_1,DF37,1,1970s,567499.9700276025,6187499.839556279,Urban,0.621582190478804,0.212275940735162,0.0404568253934109,0,0.0273219607864454,0,8.59219554114176,116.272591202727
DF38_1,DF38,1,1970s,567499.9855262494,6192499.88279332,Cropland,0.693213218827382,0,0.222653112594417,0.0337442191284244,0.190316761694789,0.0159125002298028,8.57323292506726,119.445766711086
DF39_1,DF39,1,1970s,567499.9689031657,6197499.852938899,Cropland,0.52478311791183,0.0243546676545258,0.64824959916204,0.0744336679379684,0.216912797993734,0.0360492672517312,8.32067380167428,122.924381992629
DF40_1,DF40,1,1970s,572500.0649841583,6152499.8935916675,Cropland,0,0,1,0,0,0,8.38839339709711,118.729393248302
DF41_1,DF41,1,1970s,572500.0874127243,6157499.909943095,Cropland,0.46192333431629,0.114857268913247,0.716521941616211,0,0.080570789606056,0,8.54731318152537,112.191872762899
DF48_1,DF48,1,1970s,572499.9843263607,6192499.890549853,Cropland,0.644364600518693,0.0487093367409294,0.486646434775092,0.00750678449628352,0.0478334823070832,0.0295625879787254,8.57820194491817,115.919903002014
DF49_1,DF49,1,1970s,572499.9503513994,6197499.773365588,Cropland,0.0194189972360064,0,0.990194350622278,0,0,0.00980564937772206,8.48728026136435,115.953329461194
DF51_1,DF51,1,1970s,577500.0572356211,6157499.892787818,Cropland,0.165563323912878,0.0910766110338505,0.90892338896615,0,0,0,8.51149015760554,110.776596916824
DF52_1,DF52,1,1970s,577500.0677353318,6162499.979763222,Cropland,0.541137956370213,0.00391702992065357,0.41157523396421,0,0,0.0487093336244661,8.58544125174447,112.004720370878
DF59_1,DF59,1,1970s,577499.9181351293,6197499.795993284,Cropland,0.687359134397919,0.170482667685228,0.397576515635046,0,0.0207394825709855,0,8.525264819323,113.997002033165
DF60_1,DF60,1,1970s,582500.0903572468,6152499.924879827,Cropland,0,0,1,0,0,0,8.45996409213285,113.365607419457
DF61_1,DF61,1,1970s,582500.0863001315,6157499.901682529,Cropland,0,0,1,0,0,0,8.48210528574495,112.293390736947
DF62_1,DF62,1,1970s,582500.0688732299,6162499.91803773,Cropland,0.579921094267116,0,0.379371458044457,0,0.0243546687508823,0,8.57477810511698,109.95409701091
DF70_1,DF70,1,1970s,587500.0815321453,6152499.907091927,Cropland,0.323229156923679,0.202703142401134,0.797296857598866,0,0,0,8.531949227975,111.338682221343
DF71_1,DF71,1,1970s,587500.064427627,6157499.934001944,Cropland,0.190279136755127,0.0796647281787816,0.895980604998242,0,0.0121773334114883,0.0121773334114883,8.53778188969197,109.541828980602
DF72_1,DF72,1,1970s,587500.0831289394,6162499.89047789,Cropland,0.572519387247814,0.0743290805769903,0.302065859162356,0,0,0,8.56529970582504,109.29544943041
DF80_1,DF80,1,1970s,592500.1000892023,6152499.904054666,Cropland,0.710122075358268,0.123839345611199,0.450571430211074,0.0665069579052409,0.0243546678508959,0.0697209821424129,8.55687567954827,111.544143990594
DF81_1,DF81,1,1970s,592500.1360954175,6157499.880622524,Cropland,0.691327972161818,0.173813761482679,0.338710092379075,0,0,0.0764070249212445,8.55971536547474,110.569958944318
DF96_1,DF96,1,1970s,597500.0114531335,6182499.907238431,Cropland,0.58974546351387,0,0.335027071421288,0.0495242817183436,0.0277294340752564,0.0243546682642741,8.50354195108778,107.863730187971
DF97_1,DF97,1,1970s,597499.9710038947,6187499.863307686,Cropland,0.625749634307747,0.0831883022229484,0.546566132800351,0.042466588807749,9.6505642012949e-4,0.250511204112023,8.43490966863399,110.056208468119
DF98_1,DF98,1,1970s,597499.9873134624,6192499.861592982,Cropland,0.607568191964376,0.0730640047949111,0.280610897695534,0.0273568161022338,0.00240970938822841,0.0660994832989363,8.51568810834388,104.746137393334
DG00_1,DG00,1,1970s,552500.1089325006,6102499.820040352,Cropland,0.502759638402498,0.101164950557954,0.143027604255144,0,0.0487093339753511,0.0263009462595562,8.69329275334903,129.177700248459
DG07_1,DG07,1,1970s,552500.0776589774,6137499.8553233305,Cropland,0.723285428779768,0.0487093339756559,0.33871631716183,0.0243546669878279,0.174072428636792,0.0101300946326813,8.6371723605521,126.854492688846
DG08_1,DG08,1,1970s,552500.0980597695,6142499.949654789,Cropland,0.633069180880732,0.0487093339784144,0.449692566957761,0,0.01928961965771,0.0385792393152783,8.6167462196358091,126.566826954682
DG09_1,DG09,1,1970s,552500.0800114883,6147499.859026643,Cropland,0.242746473503839,0.0228142136355086,0.864568933107582,0.0944680927618706,0,0,8.55534129213055,128.059586884711
DG14_1,DG14,1,1970s,557500.0859443847,6122499.842967669,Cropland,0.620688197089812,0.0723125484274115,0.325557405438111,0.0239789400638828,0,0,8.59009974733208,129.484545656358
DG15_1,DG15,1,1970s,557500.1128352805,6127499.926189727,Cropland,0.643326812833941,0.122524797966702,0.457659786100562,0.0247303965339703,0,0.0339107547642895,8.547507253155,127.705071421073
DG16_1,DG16,1,1970s,557500.0859944862,6132499.9357982185,Cropland,0.509181310824795,0,0.673112218380264,0.0487093366020565,0,0.0391532501151916,8.62731468327888,123.163905816532
DG17_1,DG17,1,1970s,557500.0682798454,6137499.872589368,Cropland,0.251818010443464,0,0.860585331040336,0.032008378177004,0.0514845028054213,0.048467723739217,8.53648061526589,126.716380352986
DG18_1,DG18,1,1970s,557500.0560698126,6142499.959101104,Cropland,0.163282947537404,0.048709336602199,0.912711422004341,0,0.0337568362192966,0.00482240517416336,8.48928791669215,125.281796888244
DG19_1,DG19,1,1970s,557500.051534985,6147499.972744273,Cropland,0.13807726626056,0.0746044583335178,0.925395541666482,0,0,0,8.47362317796504,125.842620298041
DG22_1,DG22,1,1970s,562500.0912223725,6112499.9040538985,Pasture,0.510308275777033,0.0138321361041617,0.0329224654036396,0.14612800370925,0,0.0730640018546248,8.66484456727652,124.961956261437
DG23_1,DG23,1,1970s,562500.0828425015,6117499.910760884,Cropland,0.657995816899608,0.0487093345722462,0.167688726279459,0.0243546672861231,0.052233928149074,0.122121444185596,8.65346017398805,123.350618072259
DG24_1,DG24,1,1970s,562500.1336018639,6122499.845666463,Cropland,0.461190521028449,0.146128003708734,0.710931062446748,0,0.0346622097899333,0.103986629369767,8.47283016610057,129.547712717281
DG25_1,DG25,1,1970s,562500.112409009,6127499.929512105,Cropland,0,0,1,0,0,0,8.40801429703989,126.10445573045
DG26_1,DG26,1,1970s,562500.085315404,6132499.940609023,Cropland,0,0,1,0,0,0,8.43110060725346,125.977292751763
DG27_1,DG27,1,1970s,562500.1149576314,6137499.879825633,Cropland,0.434807371228868,0.112689141967032,0.735151355544671,0.00452362408402092,0.0974186691397349,0.0502172092645411,8.34857166937844,127.604429321515
DG28_1,DG28,1,1970s,562500.0706574302,6142499.967904787,Cropland,0.0244803862264626,0.012393799376209,0.987606200623791,0,0,0,8.4286014992475,119.984716530966
DG29_1,DG29,1,1970s,562500.0814846822,6147499.984051399,Cropland,0,0,1,0,0,0,8.51216210699684,116.30781137959
DG33_1,DG33,1,1970s,567500.1053109345,6117499.863251292,Cropland,0.427901447185447,0,0.744930461197067,0,0.0835865343086003,0.0417932671543587,8.56230702997418,124.827571079334
DG34_1,DG34,1,1970s,567500.1228144517,6122499.919391854,Cropland,0,0,1,0,0,0,8.34464706492008,128.8618880402
DG35_1,DG35,1,1970s,567500.1194090074,6127499.9028383605,Cropland,0,0,1,0,0,0,8.22008793961236,129.056957772329
DG36_1,DG36,1,1970s,567500.0926647738,6132499.924840984,Cropland,0,0,1,0,0,0,8.25582071913646,122.791917081444
DG37_1,DG37,1,1970s,567500.1069042278,6137499.875061364,Cropland,0.327719393337496,0.18463191563274,0.798125703085147,0,0.0172423812821131,0,8.3008456589262,120.291309282124
DG38_1,DG38,1,1970s,567500.0944806039,6142499.975064417,Cropland,0.223631849250673,0.0799598235895933,0.87639588856841,0,0.0436442878419965,0,8.25319077310077,122.163472867143
DG39_1,DG39,1,1970s,567500.0597612784,6147499.890981247,Cropland,0,0,1,0,0,0,8.42062662421659,117.396547463407
DG41_1,DG41,1,1970s,572500.1270477285,6107499.844195573,Cropland,0.754661730644878,0.0730640051114192,0.31987688798091,0.179229181280695,0.0487093367409461,0.0644576555508024,8.54832964028721,126.37299134954
DG42_1,DG42,1,1970s,572500.1240832573,6112499.841285639,Cropland,0.589980253643657,0.126623394728434,0.196909117824954,0,0.0552496738310481,0,8.60450134453147,121.845335401545
DG43_1,DG43,1,1970s,572500.0844316228,6117499.87702596,Cropland,0.325359722881925,0.0950695887849446,0.813619338155002,0,0.0202393577059333,0,8.41765736169653,126.88642540836
DG44_1,DG44,1,1970s,572500.1345045101,6122499.95346573,Cropland,0.12903709417611,0.0693244226660336,0.930675577333966,0,0,0,8.4522840894257,119.390821665023
DG45_1,DG45,1,1970s,572500.0844221165,6127499.956186771,Cropland,0.325256649642149,0.0974186734756984,0.810405148434291,0,0.0921761780900101,0,8.27689440066082,121.398570764214
DG46_1,DG46,1,1970s,572500.123968225,6132499.888275696,Cropland,0.378443148879237,0.0969173688059206,0.771216741116651,0,0.131865890077428,0,8.17025051303219,122.380802828048
DG47_1,DG47,1,1970s,572500.1215920995,6137499.970183186,Cropland,0.381096905722195,0.256173120557018,0.743826879442982,0,0,0,8.17245505184001,123.600100012291
DG48_1,DG48,1,1970s,572500.0801946897,6142499.979324352,Cropland,0.27557012031853,0.040844788063456,0.846397376385621,0,0.0591984459269249,0.0535593896239976,8.20322983241434,117.915942586906
DG49_1,DG49,1,1970s,572500.0622560608,6147499.916709808,Cropland,0.227446905017773,0.0127146015359868,0.871151112965982,0,0.116134285498031,0,8.35899888110292,114.635122962838
DG51_1,DG51,1,1970s,577500.0918429886,6107499.86185285,Cropland,0.739212307531329,0.301329103665122,0.373672832395941,0.0400300148515952,0.066881401665918,0.0247136931306588,8.55354850658608,120.526484387389
DG52_1,DG52,1,1970s,577500.0899779424,6112499.887439063,Cropland,0.551787726841957,0.177624648835145,0.634872446598446,0.027305790896865,0.0768145041701544,0.0833826094993898,8.30689420252534,130.870866100929
DG53_1,DG53,1,1970s,577500.1013102453,6117499.841510532,Cropland,0.331533944713458,0.146487027197054,0.802765401706716,0,0,0.0507475710962304,8.26381023400651,121.838834384853
DG54_1,DG54,1,1970s,577500.1209952927,6122499.946588742,Cropland,0.13542278143139,0.0730472985396331,0.926952701460367,0,0,0,8.43146369802628,115.228004732498
DG56_1,DG56,1,1970s,577500.129765069,6132499.940893321,Cropland,0.38445439380609,0.198320978378757,0.757819740567821,0,0.0438592810534217,0,8.29785693815843,117.84901310438
DG57_1,DG57,1,1970s,577500.1151194031,6137499.9413368525,Cropland,0.531886524270111,0.167589765249309,0.632507852973765,0,0.199902381776926,0,8.1856173944748,119.256400533386
DG58_1,DG58,1,1970s,577500.1070374141,6142499.981399613,Cropland,0.604873411842985,0.123638144251725,0.541523575727705,0,0.290978998966417,0.043859281054153,8.38713642192513,108.440314926737
DG59_1,DG59,1,1970s,577500.1065061892,6147499.949774658,Cropland,0.395613756385785,0.141064225722364,0.757798357601585,0,0.101137416676051,0,8.43901654594598,112.437252930515
DG60_1,DG60,1,1970s,582500.1033814047,6102499.898955876,Cropland,0.504380593533728,0.0622897279142791,0.188639312334006,0,0,0.0172126993483529,8.59276178378249,121.815895888655
DG61_1,DG61,1,1970s,582500.1087734731,6107499.811257644,Urban,0.731310316616804,0.344823550416053,0.0243546687524035,0.157489258939711,0.16072965392786,0.312602867963972,8.3223652656268,129.84346516178
DG62_1,DG62,1,1970s,582500.1086388057,6112499.874676149,Forest,0.733083574452765,0.115216279735318,0.0706270600702637,0.0330365527641761,0.386781996090174,0.296919436336283,8.28375622103238,118.326396017979
DG63_1,DG63,1,1970s,582500.106121318,6117499.866638746,Cropland,0.110803139858324,0.0483503111590322,0.941679189906788,0,0,0.0099704989341797,8.37945647087395,113.778430008765
DG64_1,DG64,1,1970s,582500.0981873247,6122499.898389105,Cropland,0.0468397031025263,0.0239956424057266,0.976004357594273,0,0,0,8.42265710596426,116.196575119626
DG65_1,DG65,1,1970s,582500.1494407246,6127499.859806266,Cropland,0.0475230377217692,0.0243546687508482,0.975645331249152,0,0,0,8.44307231983014,116.685359197351
DG66_1,DG66,1,1970s,582500.1276752406,6132499.971046642,Cropland,0.430409766361801,0.313465507696031,0.686534492303969,0,0,0,8.41552701687549,115.067068843248
DG67_1,DG67,1,1970s,582500.1017190362,6137499.899436134,Cropland,0.488328069963744,0.359984787028671,0.617726556778395,0,0,0.0222886561929337,8.34442165790149,114.935216674127
DG68_1,DG68,1,1970s,582500.127661447,6142499.979957241,Urban,0.430473942993964,0.69562940665474,0.292372772141263,0,0.0119978212039971,0,8.49307102179327,109.804698483197
DG69_1,DG69,1,1970s,582500.0820257012,6147499.987659226,Cropland,0.416240226433239,0.25627923829143,0.719366092957941,0,0.0243546687506293,0,8.4870349315155,113.334397814567
DG70_1,DG70,1,1970s,587500.1040743836,6102499.842870175,Cropland,0.693474381321415,0.0666521103362267,0.455917868281415,0.0974186672870325,0,0.0730640004652744,8.57789375949984,118.996052626777
DG71_1,DG71,1,1970s,587500.1277292037,6107499.8022988215,Cropland,0.679442551010313,0.158737928208435,0.505706252682115,0.115454314406939,0.0789059580391653,0.141195546663345,8.36030365920178,122.672770914174
DG72_1,DG72,1,1970s,587500.1300347799,6112499.912887864,Forest,0.711043370836499,0.030552704004516502,0.344289521466098,0.0408943780120745,0.38242759531036,0.104417133919888,8.32144728117269,116.825080857003
DG73_1,DG73,1,1970s,587500.1165678317,6117499.840793578,Cropland,0.12057662670286,0.0644409492978361,0.935559050702164,0,0,0,8.34922320486193,117.48798005514
DG74_1,DG74,1,1970s,587500.1433676686,6122499.921054047,Cropland,0,0,1,0,0,0,8.32786943969684,120.134301529085
DG75_1,DG75,1,1970s,587500.1501098787,6127499.929842266,Cropland,0.307297272695792,0.189594839520823,0.810405160479178,0,0,0,8.31877389939373,120.308022261232
DG76_1,DG76,1,1970s,587500.1358212815,6132499.8671259945,Cropland,0.492248795845714,0.437745666197903,0.562254333802097,0,0,0,8.39037355668749,116.226560262251
DG77_1,DG77,1,1970s,587500.0951186153,6137499.955423165,Urban,0.066738121753296,0.96571351295855,0.00786580782513694,0.0243546668218692,0,0.0020660123944437,8.45674804462321,112.596957888496
DG78_1,DG78,1,1970s,587500.0947161396,6142499.973410007,Urban,0.212436345293548,0.884452754429101,0.0312659102181622,0.0157316156508686,0,0.0637061950302081,8.51278376314763,112.427290709161
DG79_1,DG79,1,1970s,587500.133423215,6147499.921055779,Cropland,0.338076723180578,0.158110799937721,0.797288636851805,0,0,0.0337124722389731,8.53146350672616,112.235059722212
DG81_1,DG81,1,1970s,592500.1642016799,6107499.834659493,Cropland,0.266650039239395,0,0.850147545763328,0.0370763277672055,0.0942379625857497,0.0185381638837167,8.31361736461237,122.868587672779
DG82_1,DG82,1,1970s,592500.1719790371,6112499.890489254,Cropland,0.324301573179027,0,0.807372617624637,0.0116330079035412,0.126468534818811,0.0545258396530105,8.23771942708654,119.994691173912
DG83_1,DG83,1,1970s,592500.1462224028,6117499.874937038,Cropland,0.0637803788232509,0.032977719387635,0.967022280612365,0,0,0,8.21705906007439,121.846417343279
DG84_1,DG84,1,1970s,592500.1472162764,6122499.900566232,Cropland,0.326777599391468,0.205702191132408,0.794297808867592,0,0,0,8.18163780989216,122.954915931711
DG85_1,DG85,1,1970s,592500.1125679152,6127499.854749453,Cropland,0.155112632014121,0.0847366088938979,0.915263391106102,0,0,0,8.1909122561708,120.829847499925
DG86_1,DG86,1,1970s,592500.165847554,6132499.851379236,Cropland,0.46671278944669,0.370989902423668,0.629010097576332,0,0,0,8.33303288450606,115.532022578697
DG87_1,DG87,1,1970s,592500.1155330035,6137499.886446235,Urban,0.388541350294938,0.736070592943151,0.263929407056849,0,0,0,8.45241389112343,113.521187704497
DG88_1,DG88,1,1970s,592500.1507311421,6142499.963900514,Urban,0.695607078400543,0.427647982994161,0.298750837442303,0.160390114831613,0,0.0487093357042892,8.51887713397233,112.824399756141
DG89_1,DG89,1,1970s,592500.1459106059,6147499.969781486,Cropland,0.702876891663862,0.0586411502177908,0.156752275624502,0.0365132338289974,0,0.0487093357008586,8.55533458713769,112.659233560612
DG90_1,DG90,1,1970s,597500.1713315928,6102499.826306785,Cropland,0.659482036780447,0.190620328890104,0.526588531984291,0.0385202001680304,0.0898842661571538,0.125148107129449,8.42555757862008,121.761018524568
DG91_1,DG91,1,1970s,597500.1723162967,6107499.795391971,Cropland,0.592235922391465,0.113166991801951,0.472750080084843,0,0.414082928113206,0,8.17254364974851,125.003097138471
DG92_1,DG92,1,1970s,597500.1866216981,6112499.805806173,Cropland,0.333377499124374,0.150243320214384,0.801047343258614,0,0.0487093365270022,0,8.14568445145753,121.86530107101
DG93_1,DG93,1,1970s,597500.1493824713,6117499.856123005,Cropland,0.128389543446632,0.0689486941480353,0.931051305851965,0,0,0,8.03808954019508,124.87697382823
DG94_1,DG94,1,1970s,597500.1256288488,6122499.836436391,Cropland,0.156880643408049,0.0858023680705359,0.914197631929464,0,0,0,8.08642746661061,119.49648558748
DG95_1,DG95,1,1970s,597500.1752226814,6127499.859382003,Cropland,0.145827226380324,0.0288102329868571,0.922480430486211,0,0.0487093365269318,0,8.16650612098036,116.233838707925
DG96_1,DG96,1,1970s,597500.1698570813,6132499.922134469,Cropland,0.36991052013773,0.187854844398083,0.769524486138544,0,0,0.0426206694633729,8.3230945834427,113.817727816477
DG97_1,DG97,1,1970s,597500.1743571849,6137499.9147871975,Cropland,0.304864511991217,0.187641641692764,0.812358358307236,0,0,0,8.4597536471109,112.960179358842
DG98_1,DG98,1,1970s,597500.1217638251,6142499.947179923,Cropland,0.336340025042956,0.0427262963476717,0.805506637785271,0,0.0487093365298213,0,8.49713109038007,114.063165543776
DG99_1,DG99,1,1970s,597500.1399889182,6147499.910806376,Urban,0.772079678744197,0.179840483813649,0.0972802023978496,0.103975718810958,0,0.0487093365263412,8.51378162985981,114.069832838969
DH06_1,DH06,1,1970s,552500.1885183516,6082499.894090945,Forest,0.515205609311007,0.0351768526544535,0,0.0794690587597743,0.150476407515732,0,8.76261663176378,137.063273897282
DH07_1,DH07,1,1970s,552500.1080240731,6087499.900931246,Urban,0.806492920414911,0.341723334762232,0.121780721498865,0.104403468496338,0.133765362874551,0.0518749074954012,8.75706097175051,132.622514164897
DH08_1,DH08,1,1970s,552500.1224177002,6092499.835871966,Cropland,0.746774445277895,0.17914928525658,0.265477519437325,0,0,0.0942530944245622,8.7315023448223,134.077706865861
DH09_1,DH09,1,1970s,552500.1002956021,6097499.919942602,Cropland,0.600402553795244,0.287666200962836,0.549185342611711,0,0.0114071068185774,0.118286602310648,8.61344167185929,138.727328099519
DH16_1,DH16,1,1970s,557500.1353999713,6082499.896520629,Pasture,0.627530096583447,0.0487093366025676,0.156604941906499,0.199254474521543,0.00647378043373453,0.0243546683012838,8.78611305758175,132.813451616598
DH17_1,DH17,1,1970s,557500.1315025091,6087499.894301601,Cropland,0.561632696232834,0.361784517877921,0.551122302452563,0.0279517740459096,0.0258951217332281,0,8.68451192606144,134.592056499432
DH18_1,DH18,1,1970s,557500.14150952,6092499.930770529,Cropland,0.346892392619913,0.159857155456468,0.791433507941996,0.0243546683007678,0,0.0243546683007678,8.66546331372757,133.226891444156
DH19_1,DH19,1,1970s,557500.1021907555,6097499.893807441,Forest,0.693247144656618,0.0515284157311552,0.202560914855417,0,0.323526749738396,0.0251904707409991,8.62487352416659,128.474229049082
DH26_1,DH26,1,1970s,562500.1313600574,6082499.897424985,Cropland,0.582816239211245,0.0487093345727187,0.581319311797538,0,0,0.0312707353391996,8.73282952632918,133.159424486318
DH27_1,DH27,1,1970s,562500.1404915752,6087499.894655372,Cropland,0.0743169470281124,0.0344363088958041,0.961499180109841,0,0,0.00406451099435454,8.56677231854873,136.963709778797
DH28_1,DH28,1,1970s,562500.1479966408,6092499.930620275,Cropland,0.648439265691126,0.142962430146279,0.544304811000526,0.0365320009288292,0.0618067224190406,0.0532156940789208,8.54119472845672,131.961418960397
DH36_1,DH36,1,1970s,567500.1276941404,6082499.895786983,Cropland,0.524913491872957,0.0730640029682823,0.246214446445099,0.0243546676560941,0,0.0174385994980771,8.75206619267374,127.12919603866
DH37_1,DH37,1,1970s,567500.1504468835,6087499.901725202,Cropland,0.50969264674883,0.0905026024608654,0.227343628504762,0,0,0.0266213038119228,8.62170748569996,126.587439248459
DH67_1,DH67,1,1970s,582500.150456362,6087499.846226105,Cropland,0.71421181862267,0.0487093375018973,0.249953902296698,0.0839564940580264,0,0.159660494772786,8.60047008583041,123.553358510853
DH75_1,DH75,1,1970s,587500.1331639127,6077499.873700988,Cropland,0.395672044390839,0,0.235045197521065,0,0,0,8.60680159436815,125.64465335699
DH76_1,DH76,1,1970s,587500.1690374067,6082499.854533708,Cropland,0.547924831975026,0.0322204746498094,0.613428640519248,0.00149203053369656,0,0.0974186672929982,8.5567939639747,121.868012069301
DH85_1,DH85,1,1970s,592500.1356770925,6077499.908513531,Cropland,0.594423756704005,0,0.53249305961047,0.153922351242047,0,0,8.61982958356444,120.695266741704
DH86_1,DH86,1,1970s,592500.1422768618,6082499.831678937,Cropland,0.67782706142184,0.0408435275455098,0.281348517693896,0.112105480336039,0,0,8.62337560821675,115.572503770775
DH98_1,DH98,1,1970s,597500.1549924235,6092499.78831973,Cropland,0.593652798295512,0,0.107823185697595,0.0243546682646141,0,0.083188302229868,8.60469849756537,116.048458157498
DH99_1,DH99,1,1970s,597500.1873019559,6097499.787314182,Cropland,0.572538687223555,0.0115146015386255,0.258989323748257,0.0345438046158766,0.0243546682637614,0.0487093365275227,8.57601120714226,115.990478680462
EB03_1,EB03,1,1970s,617499.4041724587,6347499.787013219,Pasture,0.499045567022886,0,0,0.673427387738696,0.0144623466021797,0.18923003771881,8.52246215943083,117.524055338505
EB04_1,EB04,1,1970s,617499.3770303854,6352499.760663346,Forest,0.598105937703408,0,0,0.123765554338558,0.401492449970991,0,8.52383656112879,117.13109504488
EB06_1,EB06,1,1970s,622499.452476495,6342499.958876019,Pasture,0.393655818981444,0,0,0.104708272589582,0,0.0487093359829355,8.56686699634775,116.139162376901
EB07_1,EB07,1,1970s,622499.340247113,6347499.802468584,Pasture,0.616480824127291,0,0,0.518859146509509,0.144800223033338,0.300309319095468,8.52167749195522,117.307103831069
EB08_1,EB08,1,1970s,622499.3295501823,6352499.804013868,Forest,0.572886608345608,0,0,0.164304830943102,0.61435329137978,0.0212256373899975,8.49481990079943,117.726590384908
EB10_1,EB10,1,1970s,627499.3598611797,6352499.809865731,Forest,0.591207352044709,0,0,0.046513968657574,0.391592636188962,0.0638949139770027,8.5300859637677,116.209684702032
ED00_1,ED00,1,1970s,602500.0074655657,6252499.92582771,Cropland,0.0555820695992313,0,0.971390459386255,0,0.0286095406137453,0,8.4193621945632,121.318842601263
ED01_1,ED01,1,1970s,602500.0069320137,6257499.875294123,Cropland,0.344980142263703,0.142635152562455,0.79530525228222,0.0419598023048987,0.0200997928504258,0,8.4060847962728,118.287842865572
ED02_1,ED02,1,1970s,602499.9632342183,6262499.97639951,Forest,0.62269104612894,0.0134246685854939,0.122411899466697,0.0576013704732396,0.527740433981491,0.278821627493078,8.40628979124488,117.553151927357
ED03_1,ED03,1,1970s,602500.0034894047,6267500.009511617,Forest,0.376670215563035,0,0,0.0565116413062265,0.15558240709706,0.0161612675726143,8.53881437624339,114.254321641898
ED12_1,ED12,1,1970s,607499.9846502618,6262499.948752708,Forest,0.512053301680382,0.0597574203233473,0.0247624824795486,0.121603071752505,0.663244337329563,0.130632688115036,8.36232178771621,121.75011108402
ED13_1,ED13,1,1970s,607500.0289460056,6267499.969510026,Forest,0.559183674636037,0,0,0.0321852668965122,0.312236074619229,0.0487093386391967,8.44264192899937,118.914647723301
ED21_1,ED21,1,1970s,612499.9999244057,6257499.948716197,Cropland,0.261025242311895,0.152973955379212,0.84591518052622,0,0,0.00111086409456806,8.42777957808025,119.737636063694
ED22_1,ED22,1,1970s,612500.0638923836,6262499.925191073,Forest,0.552755331769831,0.0664585101228088,0.240546405291375,0,0.616094372996774,0.0733484798615186,8.44453300503418,116.404851687852
ED23_1,ED23,1,1970s,612500.0489246127,6267500.053278171,Forest,0.541181574963587,0.0487093323873611,0.0632502670721647,0.0487093323873611,0.19849330520848,0,8.53455131774567,113.144227509433
ED30_1,ED30,1,1970s,617500.0131436305,6252499.979232868,Urban,0.788174107458478,0.242317922642527,0.124730461718029,0.184975808383264,0.186091432318337,0,8.51217796397244,116.443038162723
ED31_1,ED31,1,1970s,617500.0689346831,6257499.919604393,Cropland,0.527177675976213,0.25261527562592,0.63502431205217,0,0,0.024236585800703,8.47475460499438,119.02389229207
EE05_1,EE05,1,1970s,602500.0291128291,6227499.796893536,Forest,0.648879504068812,0,0.0487093335091099,0.163308116957591,0.25949993110283,0,8.47730048029374,117.290421586455
EE06_1,EE06,1,1970s,602500.0177116019,6232499.873435614,Forest,0.666314988589529,0.0133065862310333,0,0.134340225461686,0.336333027983454,0,8.42692475413534,117.048271680422
EE07_1,EE07,1,1970s,602500.0370459903,6237499.880717993,Forest,0.285589185086785,0,0,0.089982794502876,0.833626880283987,0,8.43856200648372,112.634114832373
EE08_1,EE08,1,1970s,602500.0238220977,6242499.8172161,Cropland,0.543937203263468,0.11072525325094,0.616348670505888,0,0.251946175089553,0.0209799011536191,8.40868490656477,117.926519384357
EE09_1,EE09,1,1970s,602500.0332308657,6247499.906951615,Cropland,0,0,1,0,0,0,8.52376019702202,113.429428889639
EE15_1,EE15,1,1970s,607500.0429033731,6227499.870408693,Grass/Shrubland,0.680016865725791,0,0,0.0723243002167198,0.0536875230052206,0.367675440120936,8.43207471700092,116.277946689782
EE16_1,EE16,1,1970s,607500.0326255038,6232499.819688625,Grass/Shrubland,0.735392982654965,0.011048081685902,0,0.145607887392239,0.23640964447268,0.263410323412121,8.50191507375232,112.453571182597
EE17_1,EE17,1,1970s,607500.0336967214,6237499.811088578,Forest,0.768614794651999,0.0697151786164804,0.190041720664006,0.267142743721918,0.327095208319747,0.0508449773502748,8.45559972175551,117.073553068115
EE18_1,EE18,1,1970s,607500.0446534248,6242499.84457169,Cropland,0.210015773261045,0.0110480816867891,0.882322074428054,0,0.106629843885157,0,8.3964250469883,117.441412097416
EE19_1,EE19,1,1970s,607500.0022517216,6247499.918539914,Cropland,0.0886333882621595,0.0464767857441911,0.953523214255809,0,0,0,8.44424141812532,117.472447810979
EE27_1,EE27,1,1970s,612500.0178630335,6237499.805356083,Cropland,0.719640985073966,0.0033488289091029,0.228462264329602,0.0521071039186478,0.0575733270037771,0.174855619450848,8.42475378764456,118.613598708411
EE28_1,EE28,1,1970s,612500.0568845634,6242499.83450955,Cropland,0.569308843054771,0.130588878662674,0.622591583130837,0,0.0486608854407521,0.143890679434573,8.41422147357427,117.719826667343
EE29_1,EE29,1,1970s,612500.0256645977,6247499.904153242,Cropland,0.00445513662993702,0.00223255260610744,0.997767447393892,0,0,0,8.37360266858016,120.272977870587
EE39_1,EE39,1,1970s,617500.0586333661,6247499.861813668,Cropland,0.703718327839386,0.0487093363268725,0.303154817713631,0.0542681944832099,0.190346306429415,0,8.45304951782661,114.845806438229
EF00_1,EF00,1,1970s,602500.1568967437,6152499.938279047,Cropland,0.692133826148837,0.0620159197398904,0.38235694976345,0.0300299581685142,0,0.132279156514184,8.50902324875,112.242966648714
EF01_1,EF01,1,1970s,602500.110434067,6157499.949953882,Cropland,0.765067891922041,0.0581857587658927,0.281069412580481,0.182412511396486,0,0.0851674510887867,8.5125853654603,110.891637917932
EF02_1,EF02,1,1970s,602500.11502745,6162499.892898545,Urban,0.398887815304483,0.07306400025999,0,0,0.02435466675333,0.0565433933297768,8.51810007989121,109.065414460496
EF06_1,EF06,1,1970s,602500.0299051435,6182499.853612516,Pasture,0.493435294869923,0,0.131295233210314,0.139378469321475,0.0453345679066263,0,8.50005755654807,105.699164443572
EF07_1,EF07,1,1970s,602500.0078381761,6187499.891590624,Cropland,0.68207064767968,0.160358370469036,0.356228081507749,0,0.0860279859896884,0,8.46958335124557,104.603795427849
EF08_1,EF08,1,1970s,602499.9662049786,6192499.859152391,Cropland,0.811295788394401,0.0730640002646146,0.292557328880034,0.122120522924713,0.0567252488980743,0.146128000529229,8.5160002182173,103.904048653217
EF09_1,EF09,1,1970s,602499.963655327,6197499.869020305,Forest,0.450805850749689,0.0243546667532184,0,0.0138831807626115,0.129254172512315,0.0209799011517814,8.55325580991564,104.384645279343
EF10_1,EF10,1,1970s,607500.16663707,6152499.862016589,Cropland,0.560845866214498,0.0110480816842419,0.623680001887828,0.0724899992159713,0,0.0702574463241542,8.45473367265966,113.501238973337
EF11_1,EF11,1,1970s,607500.176405482,6157499.852075477,Cropland,0.487808918355266,0.0331442450544521,0.289117016871123,0,0,0.0243546693197825,8.48126418680389,110.998320302928
EF45_1,EF45,1,1970s,622500.1133564778,6177499.906438245,Cropland,0.584204103185783,0.0550679336266231,0.167595580832374,0.0243546679918553,0.0401347338675786,0.0440550116307377,8.38294738675971,110.162067087829
EF54_1,EF54,1,1970s,627500.173708827,6172499.894058021,Urban,0.534429897736481,0.115277730871414,0.0187930237262486,0.062965659353163,0.0168161370449383,0.0121773334054058,8.41167205269504,110.403437599701
EF55_1,EF55,1,1970s,627500.1632006445,6177499.839703479,Cropland,0.745181477734849,0.247119884870428,0.339660138701385,0,0.0200301613638619,0.0528673182757585,8.39187458038882,107.528711898778
EF63_1,EF63,1,1970s,632500.2244002955,6167499.81615931,Cropland,0.540205158909033,0.0478398010768534,0.579014655302455,0,0,0,8.40779912719304,110.17996030776
EF64_1,EF64,1,1970s,632500.1982281193,6172499.854965836,Urban,0.621846582057163,0.507493458648392,0.304471825579956,0.011611668546628,0,0,8.42301667515082,107.404427595494
EF65_1,EF65,1,1970s,632500.1855857152,6177499.827314664,Cropland,0.723986912864871,0,0.42597554492262,0.0341303637477793,0.146128020022592,0.239055632298487,8.45568001539316,103.895091550868
EF69_1,EF69,1,1970s,632500.1501958598,6197499.82822393,Urban,0.490748637986899,0.073064010008435,0.0728974687374665,0.0487093400056233,0,0.05611667129929,8.48724198377741,108.254558624577
EF70_1,EF70,1,1970s,637500.234482398,6152499.829759564,Cropland,0.579857349943508,0.0968446529355819,0.489780898453372,0,0,0,8.43803268608266,109.687051252478
EF71_1,EF71,1,1970s,637500.2314522653,6157499.769810148,Cropland,0.51919277591265,0,0.665801581034241,0.146127992380043,0,0.0487093307933475,8.45285988399512,107.387373415237
EF72_1,EF72,1,1970s,637500.2274973425,6162499.754893564,Cropland,0.381606691210042,0.0571358124325601,0.763521437674442,0,0,0,8.40050435583524,111.381588417868
EF73_1,EF73,1,1970s,637500.2209097057,6167499.784967061,Cropland,0.112471556978225,0.0598134242041366,0.940186575795863,0,0,0,8.3375133057644,111.690489949588
EF74_1,EF74,1,1970s,637500.2099802837,6172499.859987579,Cropland,0.287189806557849,6.66164958034782e-4,0.838500789392972,0.0801503220537085,0.048709330790841,0.00152374548193794,8.39449802812835,107.469859772251
EF75_1,EF75,1,1970s,637500.1965109793,6177499.868648433,Pasture,0.416774875317042,0,0.00976528753668258,0.127147981936301,0,0.0889918630931986,8.49036188747651,104.441405320637
EF80_1,EF80,1,1970s,642500.2088201805,6152499.8108049715,Cropland,0.0911947122683769,0.0478908938477222,0.952109106152278,0,0,0,8.40052115465063,109.503996360777
EF81_1,EF81,1,1970s,642500.2076575521,6157499.794391641,Cropland,0.247448496150586,0.0355550699646349,0.862988727906368,0,0,0.0243546685939988,8.42580149124415,107.483597342204
EF82_1,EF82,1,1970s,642500.2525552853,6162499.825148337,Cropland,0.375034492700747,0.00961787108108769,0.754463723270738,0,0,0,8.42081161152284,107.8245156772
EF83_1,EF83,1,1970s,642500.2193219239,6167499.787668911,Cropland,0.272972983426766,0.124518093095606,0.842887825837133,0,0.0325940810672611,0,8.27679111374299,112.793841331864
EF84_1,EF84,1,1970s,642500.2285859047,6172499.797269886,Cropland,0.517745250086038,0.0959688112022052,0.669399894960732,0.136772801440197,0.02649721415195,0.0713612782449154,8.42010058711936,104.262962799466
EF85_1,EF85,1,1970s,642500.21561393,6177499.851854328,Cropland,0.484156519393358,0,0.698541226688914,0.0725791406802233,0,0.103131065121806,8.43928264803704,107.886640466165
EF90_1,EF90,1,1970s,647500.1968096502,6152499.796485673,Cropland,0.131127228336686,0.0705394245898035,0.929460575410197,0,0,0,8.28432504433787,112.668153996963
EF91_1,EF91,1,1970s,647500.2025785598,6157499.7218825305,Cropland,0.131712200328464,0.0164972879888787,0.93014435714377,0,0,0,8.26537079665562,114.896956559766
EF92_1,EF92,1,1970s,647500.2346433615,6162499.805848634,Cropland,0.294385753841788,0,0.830575594567235,0,0.0243546675523089,0.0243546675523089,8.25746352245444,114.106220301154
EF93_1,EF93,1,1970s,647500.2356114537,6167499.82370214,Cropland,0.739305462629796,0.048709335107575,0.362879108090342,0.113365268968867,0.215676874730578,0.259369413102639,8.32394686755693,109.220215143542
EF94_1,EF94,1,1970s,647500.2037785846,6172499.7753932625,Cropland,0.470142921809814,0,0.68432255162532,0.0327627363307449,0.243970658672533,0.00931513996506405,8.2386239870566,115.876699988821
EF95_1,EF95,1,1970s,647500.2592736807,6177499.776383813,Cropland,0.0269201832186237,0,0.986353686519068,0.0136463134809317,0,0,8.28760467754691,112.057368142656
EF96_1,EF96,1,1970s,647500.2117523269,6182499.820248794,Cropland,0.681892494976733,0,0.307577959211342,0.0740070749711468,0.0243546675529546,0.0870107915946566,8.43329900672734,108.682357441303
EG00_1,EG00,1,1970s,602500.2075383858,6102499.752554977,Urban,0.67074761136721,0.531389575052615,0.0370000387138659,0.0256801318528364,0.0663144690547092,0.0926684583938416,8.42693706954606,117.784745103331
EG01_1,EG01,1,1970s,602500.1653777973,6107499.795298992,Cropland,0.6357046685119,0.38373086205672,0.424650945079527,0,0.191618192863752,0,8.14403399988321,122.99985951558
EG02_1,EG02,1,1970s,602500.1872741627,6112499.769644517,Cropland,0.400260944226154,0.0466557023538941,0.741560966966946,0,0.21178333067916,0,8.06046418609218,121.956391298182
EG03_1,EG03,1,1970s,602500.1419317244,6117499.7838923335,Cropland,0.119004622027807,0.0140471244509,0.937243542040151,0,0.0487093335089492,0,7.94653907231283,122.76133070664
EG04_1,EG04,1,1970s,602500.155513311,6122499.8409451125,Cropland,0.176881717620762,0.083371542539787,0.903321871226744,0,0.0133065862334691,0,8.08018149437013,115.61148559801
EG05_1,EG05,1,1970s,602500.1656467885,6127499.828034153,Cropland,0.142737732196415,0.0515158881591086,0.924129445087702,0,0.0243546667531893,0,8.19381179911975,113.910478789863
EG06_1,EG06,1,1970s,602500.1685459674,6132499.856394926,Cropland,0.312516464738829,0.193827225850198,0.806172774149802,0,0,0,8.35890993323954,112.138910648036
EG07_1,EG07,1,1970s,602500.1629894912,6137499.92599472,Cropland,0.284406746711596,0.171676034008783,0.828323965991217,0,0,0,8.43713178328186,114.259083841917
EG08_1,EG08,1,1970s,602500.1503424796,6142499.925529002,Cropland,0.232034795771469,0.133963660117926,0.866036339882074,0,0,0,8.46863590707751,114.764275652212
EG09_1,EG09,1,1970s,602500.129395011,6147499.854962473,Cropland,0.534537242614326,0.210402425968958,0.628744733843199,0,0,0,8.49652684970395,113.133759921571
EG10_1,EG10,1,1970s,607500.1768091201,6102499.818051623,Cropland,0.801958014512348,0.145331902456052,0.163294354478882,0.0730640079566884,0.0489185274315124,0.105091976560036,8.45299770767036,116.817923881955
EG11_1,EG11,1,1970s,607500.1588724807,6107499.833944355,Cropland,0.377615690979834,0.186219391833037,0.765071269526373,0,0.0487093386405901,0,8.22601236475383,119.08565331597
EG12_1,EG12,1,1970s,607500.1894330485,6112499.781570623,Cropland,0.240432835095548,0.11110531724906,0.864036498963676,0,0.024858183787264,0,8.16546199023328,116.62141226986
EG13_1,EG13,1,1970s,607500.2007176884,6117499.770624214,Cropland,0.299444876243336,0.0974186772805266,0.829517314759078,0,0.0487093386402633,0.0243546693201316,8.05533369240941,117.628731345891
EG14_1,EG14,1,1970s,607500.191500505,6122499.801071322,Cropland,0.197961449708232,0.0726882797041731,0.891908969293902,0,0.0354027510019244,0,8.1593960423229,113.132234126793
EG15_1,EG15,1,1970s,607500.1605547919,6127499.872877927,Cropland,0.110404737676402,0.0586411537515094,0.941358846248491,0,0,0,8.2759930864156,111.72205550528
EG16_1,EG16,1,1970s,607500.1727981393,6132499.876283166,Cropland,0.101765403567167,0.0537743864182423,0.946225613581758,0,0,0,8.42291867239271,110.292821654534
EG17_1,EG17,1,1970s,607500.1607226082,6137499.920979434,Cropland,0.260018298562704,0.15360304458808,0.84639695541192,0,0,0,8.44566326438039,113.544779385299
EG18_1,EG18,1,1970s,607500.1891095479,6142499.897205671,Cropland,0.632699885107294,0.0796210308021771,0.542177958174539,0,0.11991397166219,0.0318531007806683,8.48783567195807,112.013290195435
EG19_1,EG19,1,1970s,607500.1905837624,6147499.914653578,Cropland,0.591129732627382,0.0331442450516675,0.281233510152428,0.0492833473755553,0.0140367095655468,0.0539622505639808,8.48485373334482,113.702421192724
EG21_1,EG21,1,1970s,612500.2348921587,6107499.801269529,Cropland,0.524095753275676,0,0.386519991406633,0,0.0185381626206049,0.0243546661933688,8.44154757783838,110.58023177699
EG22_1,EG22,1,1970s,612500.2114052242,6112499.729918555,Cropland,0.674193099689009,0.0771793088588185,0.479447617672722,0,0.127589834515608,0.0487093323838748,8.37282535476926,110.81051368809
EG23_1,EG23,1,1970s,612500.2139353334,6117499.81291228,Cropland,0.442453922985195,0.158004785056051,0.723579206723792,0,0.0908507047673073,0,8.36467691057822,109.84245678767
EG24_1,EG24,1,1970s,612500.1830770366,6122499.826076767,Cropland,0.513492010366965,0.0301776171772857,0.589254882939657,0,0.371887952815094,0,8.34116569847589,111.390745427766
EG25_1,EG25,1,1970s,612500.1782985982,6127499.882253152,Cropland,0.689350117740691,0.0416833153797278,0.457347320723861,0,0.219191995728227,0.0243546661920253,8.40465128173787,109.374635987835
EG26_1,EG26,1,1970s,612500.200980525,6132499.870141038,Urban,0.707971721864298,0.386615319801947,0.338582948142934,0.0365319992899337,0.146127997159735,0,8.44485459973517,112.868095359513
EG27_1,EG27,1,1970s,612500.1834815647,6137499.899357621,Cropland,0.509173709943979,0,0.57235441123736,0,0,0.0243546661920597,8.45076571481856,112.597909004798
EG30_1,EG30,1,1970s,617500.2479844969,6102499.703469929,Grass/Shrubland,0.425842619042115,0,0.0949436548798133,0.0182660011227256,0.00102029612686442,0.149378911984971,8.49573191143757,114.874204468412
EG40_1,EG40,1,1970s,622500.2477358868,6102499.741840948,Grass/Shrubland,0.625699106357988,0,0.134313420212812,0,0.0246598370387755,0.40047091001048,8.48186517480977,114.131140777042
EG41_1,EG41,1,1970s,622500.2452251216,6107499.731631616,Grass/Shrubland,0.787618036154322,0.115956835960767,0.0243546679926531,0.189020839938668,0.140583666948755,0.251741951209186,8.47438112727447,114.004271639973
EG42_1,EG42,1,1970s,622500.1778913485,6112499.7629739335,Forest,0.63523912868359,0.0058165039857143,0,0.00581650398574821,0.32824369185718,0.0487093359823924,8.47921614918032,112.832671380628
EG76_1,EG76,1,1970s,637500.1687954454,6132499.737980937,Urban,0.768151770528789,0.23411292360098,0.0877704809468955,0.0438425642489015,0.0974186615871085,0,8.45019549485509,109.692582227792
EG77_1,EG77,1,1970s,637500.2055718829,6137499.833220863,Urban,0.774584478291959,0.327043627916577,0.20471971759967,0.00689765627462489,0,0.0974186615823185,8.46103967601012,107.943208114046
EG84_1,EG84,1,1970s,642500.1821270094,6122499.752851817,Pasture,0.634163582102551,0.0445155903259441,0.0881035340098086,0.112082474361953,0.048709337185351,0.0974186743707019,8.48774008627034,109.386641826348
EG85_1,EG85,1,1970s,642500.1759146599,6127499.685259293,Cropland,0.702296524940808,0.132155301016874,0.23637365820333,0.0977944026116743,0.0487093371863641,0,8.4504758052304,110.841276186119
EG86_1,EG86,1,1970s,642500.1595471228,6132499.774305279,Cropland,0.222746993652303,0.0881035340150808,0.876768168772504,0,0,0,8.38829612850313,110.774391376798
EG87_1,EG87,1,1970s,642500.2018560335,6137499.799481912,Cropland,0.113464938298639,0.0487093371861118,0.940276077496002,0.00303415763740406,0,0.00506504764883918,8.43941179688526,107.57089805616
EG88_1,EG88,1,1970s,642500.1743270823,6142499.756653693,Cropland,0.22717765036501,0,0.876677680430032,0.0359098907222271,0,0.0436442895249193,8.44734527081195,107.945226907967
EG89_1,EG89,1,1970s,642500.1983442176,6147499.761124632,Cropland,0.028753059542115,0.0145893797732249,0.985410620226775,0,0,0,8.40290466637028,110.647808021302
EG94_1,EG94,1,1970s,647500.1901655146,6122499.657195898,Cropland,0.408160521518029,0.00662877738907846,0.756511494136428,0.058024475066724,0,0.0974186702072659,8.46390809666139,109.876910614506
EG95_1,EG95,1,1970s,647500.2152539153,6127499.751259625,Cropland,0.550167528249276,0.281874053021563,0.596280755207828,0,0,0,8.39895930718164,111.045502909525
EG96_1,EG96,1,1970s,647500.1581773825,6132499.777421652,Cropland,0.0184567362627626,0.00931513996392884,0.990684860036071,0,0,0,8.38402385273834,108.956591412669
EG97_1,EG97,1,1970s,647500.2075852172,6137499.741983493,Cropland,0.0299284998946008,0.0151951422967179,0.984804857703282,0,0,0,8.28417127891775,114.029767058947
EG98_1,EG98,1,1970s,647500.1677108221,6142499.749803021,Urban,0.501653951255699,0.560784948959408,0.428666559329649,0.0105484917109434,0,0,8.25483434482692,113.039104006401
EG99_1,EG99,1,1970s,647500.2267514672,6147499.807189792,Cropland,0,0,1,0,0,0,8.33134645432062,110.293061990908
EH08_1,EH08,1,1970s,602500.1620083671,6092499.788471238,Cropland,0.509379223637425,0,0.667838510072964,0,0,0.136003703717165,8.57952351484239,115.973810722902
EH09_1,EH09,1,1970s,602500.1847436636,6097499.749779848,Cropland,0.637159275468043,0.0473838684024331,0.563932721256158,0.0473838684023649,0.148386506235264,0.0230292016491294,8.49563023445025,118.97473415967
EH13_1,EH13,1,1970s,607500.2490966875,6067499.876797193,Cropland,0.512604354894734,0.0708314550682625,0.118924650548467,0.0365023212701465,0,0,8.66977294704696,119.917780222063
EH14_1,EH14,1,1970s,607500.1881287517,6072499.820997513,Cropland,0.612725997886964,0,0.448819600400635,0.0563659515133113,0,0.0220794670833222,8.63801664553526,119.227634268475
EH15_1,EH15,1,1970s,607500.1822916985,6077499.808419616,Cropland,0.578518923326683,0.105091976558721,0.61592752299166,0.101969081732909,0,0.00227520222844888,8.59627926015919,117.984584085947
EH16_1,EH16,1,1970s,607500.1659957448,6082499.837500439,Cropland,0.482127484852406,0.0475930621952829,0.25863168550831,0,0,0,8.61780075368869,113.554000049359
EH17_1,EH17,1,1970s,607500.2047700058,6087499.798479977,Pasture,0.455734777815349,0,0.0464767857462135,0.167133855895164,0,0.0730640079565097,8.59841462584632,113.536067207528
EH23_1,EH23,1,1970s,612500.2034834018,6067499.887341654,Cropland,0.486722193646654,0.0509418849898916,0.173212628209867,0,0,0.036502316583111,8.6607415310726,119.524234455417
EH24_1,EH24,1,1970s,612500.212235677,6072499.811950394,Cropland,0.69140927436181,0.0464341304408104,0.343627162588839,0,0,0.202493941430248,8.6293928049972,117.717399331007
EH25_1,EH25,1,1970s,612500.1963975141,6077499.778303541,Cropland,0.503255723461565,0.0110480901405964,0.683476212973372,0.0365319992878731,0.0441886111898324,0.117282292444246,8.5810237869722,116.454056565598
EH26_1,EH26,1,1970s,612500.2189002938,6082499.787972259,Cropland,0.362584032881303,0.0728900653946619,0.790770336194478,0.0175884257516277,0.0410527204647316,0.0686156296895887,8.55546767847016,116.598634389801
EH27_1,EH27,1,1970s,612500.2170047599,6087499.728058776,Cropland,0.407467191568672,0.15807386265538,0.750409336110017,0.0588244017136873,0,0.0311209066148987,8.5285844427857,117.178489439801
EH28_1,EH28,1,1970s,612500.1867045197,6092499.709788004,Cropland,0.692494903043753,0.0900139213912924,0.381124087498482,0.170482663351049,0.00474080166685835,0,8.5242893064481,115.227366412122
EH37_1,EH37,1,1970s,617500.189780661,6087499.7680580225,Cropland,0.593131701187159,0.0386035783229169,0.290091809200162,0.0374520564790577,0,0.0730640044904397,8.54757377852192,112.517749939668
EH38_1,EH38,1,1970s,617500.2326236423,6092499.741423128,Cropland,0.82671060479546,0.153967846556337,0.190725622867949,0.165991638260324,0.130129927091569,0.133695354736871,8.51627716892176,113.935361153088
EH39_1,EH39,1,1970s,617500.2301707517,6097499.75643296,Pasture,0.774521011618101,0.0112572798228963,0.119122410456413,0.273593986694564,0.214139635645819,0.0973112464936272,8.50652502233224,114.411507093285
EH49_1,EH49,1,1970s,622500.2536596373,6097499.68413302,Grass/Shrubland,0.478870930629131,0.0487093359827797,0.0717385388023672,0.0168219226334306,0.0109094460405137,0.151676209831757,8.54031302357694,110.830109509308
EH54_1,EH54,1,1970s,627500.2315571259,6072499.726827907,Cropland,0.48662771284015,0,0.352107469806951,0,0,0,8.64424289874037,113.548928655219
EH64_1,EH64,1,1970s,632500.2489600373,6072499.714002534,Cropland,0.176728565310446,0,0.90434544814993,0,0,0,8.64298451367845,113.843334480733
EH66_1,EH66,1,1970s,632500.2653655324,6082499.7089617625,Cropland,0.526178156245793,0.0344530124061441,0.649307591872794,0,0,0.00729280968671365,8.58653863305381,113.837449161048
EH67_1,EH67,1,1970s,632500.240557838,6087499.660661096,Cropland,0.328395599532025,0,0.800877850515534,0.0031439271919197,0,0.0129038751070604,8.56244641316473,113.166968339238
EH73_1,EH73,1,1970s,637500.2350246185,6067499.714042777,Cropland,0.603914583816473,0,0.35084876756257,0,0.121939868220166,0,8.64917661296704,115.279722302757
EH74_1,EH74,1,1970s,637500.223421336,6072499.668808251,Cropland,0,0,1,0,0,0,8.62984579980877,113.941988219816
EH75_1,EH75,1,1970s,637500.2391012611,6077499.669303549,Cropland,0.554435966617495,0.452009000706288,0.486438170847461,0,0,0.0365319980930991,8.59966609000132,113.206351463472
EH77_1,EH77,1,1970s,637500.2241880391,6087499.580903596,Cropland,0.0535678513855127,0,0.972458114577378,2.16467151003309e-5,0,0,8.5550410721214,112.170657062137
EH78_1,EH78,1,1970s,637500.2511288846,6092499.605141959,Cropland,0.362250898712387,0,0.197270758041802,1.44894524303316e-4,0,0,8.55463421340813,111.026786840044
EH83_1,EH83,1,1970s,642500.2303255753,6067499.715175096,Cropland,0.501064426902131,0,0.663134946000747,0.228007790367273,0,0,8.64847645836856,114.49542035645
EH84_1,EH84,1,1970s,642500.2311327682,6072499.703858004,Cropland,0,0,1,0,0,0,8.61788345288211,113.958915926618
EH85_1,EH85,1,1970s,642500.2474008938,6077499.627137704,Cropland,0.056654719069519,0.0291787595432417,0.970821240456758,0,0,0,8.59214942142584,113.861616942202
EH87_1,EH87,1,1970s,642500.2449209422,6087499.609035659,Cropland,0.185616296642182,0.0243546685929749,0.900021134057016,0,0.0390921944605472,0.0365320028894623,8.50849552794571,114.036314810086
EH88_1,EH88,1,1970s,642500.2264585433,6092499.556320992,Cropland,0.480908665376112,0,0.274698375235056,0,0.0171369068345744,0,8.52914125883747,111.534668473525
EH92_1,EH92,1,1970s,647500.1957499915,6062499.687774925,Cropland,0.545032631870493,0,0.266283336483733,0.0247784226430541,0,0,8.65076741537554,115.185477197166
EH93_1,EH93,1,1970s,647500.2119518482,6067499.673581073,Cropland,0.0176246562873816,0,0.991108615131428,0.00889138486857186,0,0,8.6396724634641,115.101300919117
EH94_1,EH94,1,1970s,647500.2300924656,6072499.59413029,Cropland,0.120735368544275,0,0.935467927324002,0,0.0645320726759977,0,8.59604750891861,115.297016514321
EH95_1,EH95,1,1970s,647500.2412025952,6077499.671872045,Cropland,0.137823907671947,0.0243546675523583,0.926935997342925,0,0.0487093351047165,0,8.56138866516584,115.172049095972
EH96_1,EH96,1,1970s,647500.2545091603,6082499.573025044,Cropland,0,0,1,0,0,0,8.52221374243216,115.008401281016
EH97_1,EH97,1,1970s,647500.2573792844,6087499.631286464,Cropland,0.420841526257123,0.00527424585635033,0.747866467875874,0,0.076834958379474,0.00633114718473447,8.50659759930716,113.433571031122
FE00_1,FE00,1,1970s,652500.2204548502,6202499.884181068,Forest,0.474911531802431,0,0,0,0.0456181949050988,0.0221241027304948,8.44517506738895,114.495455301588
FE10_1,FE10,1,1970s,657500.2140283118,6202499.844869955,Grass/Shrubland,0.730210257955974,0,0.00148685301399749,0.0730640101702848,0.294604919576074,0.337419983541549,8.41378680497598,116.605865627056
FE20_1,FE20,1,1970s,662500.2220386828,6202499.902415118,Forest,0.78067247651671,0.0315079823302153,0.254047052769122,0.148806747981577,0.273587995203612,0.0235714676935606,8.42779286044155,113.183421390028
FE30_1,FE30,1,1970s,667500.2691536737,6202499.833699634,Forest,0.746914007185098,0.0341355718522724,0.0437623728687431,0.0706691721469227,0.364426266398397,0.0462358555744247,8.44843696437423,112.156911163957
FE40_1,FE40,1,1970s,672500.3008507392,6202499.858164246,Forest,0.649674195649836,0.0243546669477677,0,0.0252124466939994,0.328646022502979,0.0705905183603456,8.4466767561739,115.69127023052
FE60_1,FE60,1,1970s,682500.2713181422,6202499.84461653,Forest,0.675419081315622,0.020573903235153,0,0.0611146376968231,0.359171919652264,0.061114637696802,8.45854332162481,118.449107622608
FE61_1,FE61,1,1970s,682500.341989624,6207499.920597611,Pasture,0.803461126225957,0.115393364931007,0.172215626680162,0.30218785300293,0.204028616004039,0.0606587113209997,8.45979071238282,118.670204915103
FE71_1,FE71,1,1970s,687500.2984424902,6207499.905692995,Urban,0.762660044588683,0.301261373742586,0.0226217275174114,0.146127991305803,0.184293648173951,0.0350531159739969,8.4368497389791,120.454374100932
FE72_1,FE72,1,1970s,687500.363131253,6212499.947936701,Forest,0.641694881455783,0.00590911035582413,0,0.202249075675114,0.469585813720106,0.0126310843328011,8.44629694215061,120.116758970478
FE80_1,FE80,1,1970s,692500.3264155694,6202499.858064589,Urban,0.763596277810834,0.330549108412008,0.198545821212227,0.0243546698028,0,0.181423282134623,8.42612442402585,119.614579116251
FE81_1,FE81,1,1970s,692500.373541418,6207499.882120019,Grass/Shrubland,0.501425347644143,0.110530684525634,0,0,0.0497344699215368,0.163855346899097,8.45623642447783,117.761914442599
FE82_1,FE82,1,1970s,692500.3463343331,6212499.956222788,Forest,0.738971552120636,0.0809782683278337,0.113499055852534,0.101678572891648,0.391486265520037,0.0353377115613348,8.43461831930932,122.005922783836
FE83_1,FE83,1,1970s,692500.3720132804,6217499.974638728,Forest,0.723529051137584,0.208519671565269,0.086386288335161,0.0145785806629672,0.370744176108701,0.0243546698029955,8.40328661353374,123.757962455811
FE90_1,FE90,1,1970s,697500.3555868408,6202499.883863147,Cropland,0.513597698018234,0.173982583760862,0.665624613876021,0.101089896611388,0,0.0183799812020983,8.42595036679834,121.015222018134
FE91_1,FE91,1,1970s,697500.3965691917,6207499.840916168,Cropland,0.705996362313934,0.0759373594230026,0.261865215282425,0.131364492241341,0,0.0912160165729882,8.45576624382926,120.689830165925
FE92_1,FE92,1,1970s,697500.4091896428,6212499.850916306,Cropland,0.533409788284856,0.320950901280424,0.60022699468048,0.0036543646936484,0.00950489087040899,0.00993182410382814,8.36009283825185,126.262703767249
FE93_1,FE93,1,1970s,697500.3909917022,6217499.9137929315,Cropland,0.31656759215009,0.0936681674226899,0.819048409485635,0.00186182992058493,0.0408064142046484,0.0446151789664422,8.42869984241596,121.410508474109
FE94_1,FE94,1,1970s,697500.4689643438,6222499.923962992,Forest,0.661997371946255,0.0695653805102942,0.0327803832773244,0.0143474535903559,0.244627397813492,0.125867484212299,8.45684013269407,123.188807314444
FF00_1,FF00,1,1970s,652500.2143912867,6152499.7862611525,Cropland,0.0589744645834129,0,0.969587870060858,0,0.0304121299391416,0,8.28837227237234,109.895824817962
FF01_1,FF01,1,1970s,652500.2248090926,6157499.774261067,Cropland,0.24413999543015,0.0974186679462186,0.86302060009742,0,0.0395607319563614,0,8.21553678743245,112.629983107938
FF02_1,FF02,1,1970s,652500.2492441322,6162499.809702141,Cropland,0.0660001954271447,0.0341675169264947,0.965832483073505,0,0,0,8.26879700965309,108.878835955814
FF03_1,FF03,1,1970s,652500.2266870057,6167499.7790860785,Cropland,0.691487403270798,0.0920532087101665,0.402838279784089,0,0.310147314422569,0.194961197083176,8.16614175657597,115.105441027188
FF04_1,FF04,1,1970s,652500.2144126588,6172499.795813887,Cropland,0.592785002536333,0.16294413907812,0.566848152265474,0,0.24271921881975,0.00840806858334193,8.30350205074421,106.495741017043
FF05_1,FF05,1,1970s,652500.2143685349,6177499.748581729,Cropland,0.209193464501214,0.118682195866239,0.88131780413376,0,0,0,8.39572807729338,105.421364393101
FF06_1,FF06,1,1970s,652500.2168219197,6182499.859854026,Cropland,0.252775319575799,0.0834501155876807,0.859326364169592,0.0190804212545143,0,0.0381430989882132,8.40562315296146,110.269045158351
FF07_1,FF07,1,1970s,652500.231527698,6187499.795811617,Cropland,0.629871152936631,0.0930900162498039,0.565948283081581,0.0991703766706901,0.0974375637561204,0.144353760241805,8.30288317474293,114.738549482387
FF08_1,FF08,1,1970s,652500.2487440347,6192499.778918769,Cropland,0.552759552174091,0.0243546669871703,0.109553391480463,0.0834896256902597,0.0901089647086603,0.0482558048851276,8.30896257383538,114.470447133582
FF10_1,FF10,1,1970s,657500.2143405195,6152499.777359325,Cropland,0.512786232265916,0.12255654792727,0.661559373548751,0,0.0913699912401877,0.124514087283791,8.24730179901933,110.809884398192
FF11_1,FF11,1,1970s,657500.2348184625,6157499.726247546,Cropland,0.401763910068695,0.121773350284431,0.75339336377523,0,0.124833285940339,0,8.25403156405382,111.362757891451
FF12_1,FF12,1,1970s,657500.2533010718,6162499.722690075,Cropland,0.437760518376011,0.0205566038484113,0.717852340680902,0.0243546700559625,0.212881715358762,0.0243546700559625,8.26762907222982,110.388648166972
FF13_1,FF13,1,1970s,657500.2678361252,6167499.766637617,Cropland,0.482328310527288,0.106657478821271,0.678155689155509,0,0.21518683202322,0,8.16260474882957,113.807959295624
FF14_1,FF14,1,1970s,657500.2804860991,6172499.746787113,Cropland,0.10736876528011,0.0243546700554393,0.943931023250163,0,0.0317143066943975,0,8.36905170949336,106.2281370954
FF15_1,FF15,1,1970s,657500.2224905242,6177499.772069843,Cropland,0.0533850741044366,0.0274458095119867,0.972554190488013,0,0,0,8.40352743731311,109.864852651555
FF16_1,FF16,1,1970s,657500.2175718555,6182499.846975895,Cropland,0.0159388452368023,0.00803396724814545,0.991966032751855,0,0,0,8.46810291121517,107.694801413199
FF17_1,FF17,1,1970s,657500.2675925975,6187499.860202954,Cropland,0.354457430884029,0.230238467238219,0.769761532761781,0,0,0,8.36016546865286,115.765142848204
FF18_1,FF18,1,1970s,657500.2452246804,6192499.807152677,Forest,0.767037857155262,0.0860245428457502,0.270385333291346,0.0168963374120988,0.284797708042063,0.0943899483718088,8.33582135818637,111.597308866214
FF19_1,FF19,1,1970s,657500.2697239395,6197499.803575764,Forest,0.491564407238554,0,0.00188578267818147,0.106443408137623,0.1825992717923,0.0286832649389421,8.46239917816827,112.682849995707
FF20_1,FF20,1,1970s,662500.2125909128,6152499.769090225,Cropland,0.425455452145675,0.0235714676927986,0.73792742624957,0.072489986900848,0.0175397133521624,0.148471405804621,8.23689016162086,111.824736540341
FF21_1,FF21,1,1970s,662500.2406863412,6157499.799661659,Cropland,0.0630319131768209,0.0243546651818807,0.96760906415248,0,0.00803627066563901,0,8.24654840972981,112.579135375188
FF22_1,FF22,1,1970s,662500.2548913385,6162499.766637423,Cropland,0.189907760667425,0.030369448947172,0.896566555509679,0,0.0730639955431489,0,8.26988293671244,111.105173701848
FF23_1,FF23,1,1970s,662500.2491310743,6167499.781214133,Cropland,0.610531676936333,0.186472945210915,0.515811749138715,0,0.29771530565037,0,8.17346151949797,114.63588678743
FF24_1,FF24,1,1970s,662500.2884650016,6172499.734430286,Cropland,0.233227029975968,0.0304433314757289,0.868552788666103,0,0.101003879858168,0,8.3502546844084,108.222204712023
FF25_1,FF25,1,1970s,662500.2368262114,6177499.844051934,Cropland,0.130439704152445,0.0701393854703858,0.929860614529614,0,0,0,8.43324305789153,109.645701897574
FF26_1,FF26,1,1970s,662500.2303838229,6182499.780956389,Cropland,0.466932049716623,0.0487093303634068,0.714941404688622,0.070096702703812,0.0365319977725551,0.109595993317665,8.46931808608104,110.587262994827
FF27_1,FF27,1,1970s,662500.2586700729,6187499.767595499,Cropland,0.497257545502053,0.145344793598812,0.679610369793891,0.00296729283164075,0.135702367093959,0,8.26469676329179,118.383263090144
FF28_1,FF28,1,1970s,662500.2569147471,6192499.801572185,Cropland,0.302442369892905,0.0904295013918309,0.82608087910328,0,0.0834896195048888,0,8.37042724454383,111.798732484939
FF29_1,FF29,1,1970s,662500.2231507814,6197499.882831992,Cropland,0.523406299394306,0.188040745975764,0.658249025341025,0.0471429353849583,0.057857962936539,0.048709330361714,8.37667834579763,115.890233975797
FF30_1,FF30,1,1970s,667500.2250742009,6152499.760797058,Cropland,0.2657972529366,0.0475613208062337,0.853164474540222,0,0.0243546691396024,0.0555073285251326,8.21834773280097,114.114203429321
FF31_1,FF31,1,1970s,667500.2664735457,6157499.77134995,Cropland,0.21726438775257,0,0.880975953159644,0,0.010229729883293,0.0382035144836209,8.21990813024496,113.811679078082
FF32_1,FF32,1,1970s,667500.2781001843,6162499.71839387,Cropland,0.0475230384605967,0,0.975645330860823,0,0.0243546691391772,0,8.24505449530131,113.35302701595501
FF33_1,FF33,1,1970s,667500.2537457212,6167499.713120071,Cropland,0.129091790072525,0,0.930643826106607,0,0.069356173893393,0,8.10126561611076,120.025757777365
FF34_1,FF34,1,1970s,667500.2543204613,6172499.757887186,Cropland,0.00561516871047685,0.00281551146001978,0.99718448853998,0,0,0,8.28964364723667,111.126280731686
FF35_1,FF35,1,1970s,667500.2819172617,6177499.741394598,Cropland,0.665687534399336,0.256886959033284,0.382092070537117,0,0,0.011455560756814,8.3809351791608009,112.556288188825
FF36_1,FF36,1,1970s,667500.2673523247,6182499.7724213265,Cropland,0.465860520472755,0.0450015047506247,0.708235774171317,0.0213873758160779,0,0.0128991083602689,8.36835932685874,115.584486386551
FF37_1,FF37,1,1970s,667500.2713154595,6187499.853328593,Cropland,0.65471554885838,0.048709338278401,0.284362808556401,0.107721885943264,0.010323417805246,0.048709338278401,8.44750550015244,110.473700341575
FF38_1,FF38,1,1970s,667500.2333278777,6192499.870393818,Cropland,0.457989069898535,0.0231022996349746,0.696509721957027,0.0110569613718585,0.234360197558061,0,8.30862952561619,117.675490808585
FF39_1,FF39,1,1970s,667500.2764708342,6197499.828398651,Forest,0.731073176774261,0.07038469529003,0.115673195397868,0.0433905829183577,0.238310322334515,0.0511828209747487,8.37128231688802,112.663759854866
FF40_1,FF40,1,1970s,672500.2677202892,6152499.75185617,Cropland,0.422875409758474,0.146128001682505,0.740640234091518,0,0,0.0767718340354562,8.24947331209832,113.312851652066
FF41_1,FF41,1,1970s,672500.2610297143,6157499.749462805,Cropland,0.321806057207196,0.146128001685095,0.809852261300457,0,0.0243546669475159,0,8.13890569290109,118.45834782083
FF42_1,FF42,1,1970s,672500.2674698508,6162499.797357992,Cropland,0.135451305242631,0.073064000840074,0.926935999159926,0,0,0,8.21140168600442,113.668440613272
FF43_1,FF43,1,1970s,672500.289242156,6167499.784242888,Cropland,0.192421299643141,0.103642654069577,0.892649512735695,0,0.00370783319472846,0,8.16891182831304,113.752231222436
FF44_1,FF44,1,1970s,672500.2569006486,6172499.818821288,Cropland,0.371624489495199,0.149407472784687,0.776597845579434,0,0.00311199313812612,0.0522107296689546,8.27575825299546,110.530440000564
FF45_1,FF45,1,1970s,672500.298489102,6177499.7947630705,Cropland,0.764552571638444,0.178326697097021,0.188742353243903,0.0487093338948927,0.116090626618912,0.0120585699130687,8.35628971016432,112.013135213399
FF46_1,FF46,1,1970s,672500.2817369283,6182499.818284865,Cropland,0.72014668178643,0.0589305535284826,0.261634085163441,0.00546567612135335,0.0213873738906953,0.0730640008417256,8.42635535105532,111.909755291134
FF50_1,FF50,1,1970s,677500.2932886138,6152499.739124405,Cropland,0.564778641337825,0.0719159844467517,0.613739170128718,0,0.120343262540365,0.194001582884166,8.1708678328851,119.874077242601
FF51_1,FF51,1,1970s,677500.3033863106,6157499.735752224,Cropland,0.60295370543039,0.016155803851959,0.521799037985082,0.0303828533470934,0.333589322631845,0.0980729821840216,8.00265407215437,124.671145611812
FF52_1,FF52,1,1970s,677500.247585791,6162499.780240425,Cropland,0.227459455206635,0.0666709998345797,0.874429145006427,0,0.0588998551589929,0,8.05022177791412,119.463000047179
FF53_1,FF53,1,1970s,677500.2543300018,6167499.7663993435,Cropland,0.282854219476349,0.11350156557191,0.837789099871457,0,0.0487093345566329,0,8.19076187686362,114.53455369222701
FF54_1,FF54,1,1970s,677500.2538217055,6172499.802859116,Cropland,0.712307117953576,0.0405104711266477,0.448028586711876,0,0.183526481603893,0.0497791755262144,8.30520944759634,112.994089160687
FF55_1,FF55,1,1970s,677500.2483948858,6177499.778318752,Grass/Shrubland,0.655304991057354,0.024354667277641,0.120278705271956,0,0.0543920427506781,0.153852864053184,8.37953258541773,113.036963643635
FF57_1,FF57,1,1970s,677500.2630915587,6187499.882293927,Grass/Shrubland,0.38965976098337,0,0.042478841482852,0.0265636502015641,0.00890187926145247,0.084970696386843,8.44838868792141,113.28042554848
FF60_1,FF60,1,1970s,682500.2545312074,6152499.719203852,Cropland,0.540321881476869,0.0730640094245846,0.63363490458394,0,0.21677120051172,0.0765298854797553,8.16802884268467,119.200441318162
FF61_1,FF61,1,1970s,682500.2832841513,6157499.724413432,Forest,0.633050788972314,0.0325535340862151,0.178622956643693,0.00614914820834206,0.504159609376444,0.278514751685306,7.99692521701503,121.997740416937
FF62_1,FF62,1,1970s,682500.2931610722,6162499.780151567,Forest,0.690288924085314,0.0979293442589732,0.339472229971517,0,0.394726073183653,0.167872352585857,8.02772088737704,116.110959859953
FF63_1,FF63,1,1970s,682500.286603715,6167499.775118978,Cropland,0.24303677225415601,0.061838275952468,0.865097714620132,0,0.0669753419751172,0.00608866745228338,8.12717222441692,116.754310349319
FF64_1,FF64,1,1970s,682500.2567777862,6172499.820493967,Cropland,0.344162802678121,0.0622154389457084,0.802613533659372,0,0.0325535340848697,0.0243546698070414,8.27021467462489,112.653847037853
FF65_1,FF65,1,1970s,682500.2689476068,6177499.807606941,Cropland,0.277562135166204,0.147752535905638,0.836935452035329,0,0,0.011455561070644,8.34583890652435,115.993054582855
FF66_1,FF66,1,1970s,682500.253306334,6182499.845007382,Cropland,0.274396225782437,0.0424853363923675,0.84734552757447,0,0.0278205458626505,0.0698073126096203,8.31185548173562,121.184295072807
FF67_1,FF67,1,1970s,682500.2749867147,6187499.824026549,Cropland,0.591126853243822,0.0752925027160287,0.594301840680296,0.03131919172387,0.0260876078348928,0.0243546698076946,8.32435360593158,118.524737075086
FF69_1,FF69,1,1970s,682500.286269831,6197499.823893157,Forest,0.556511151903889,0.048709339614213,0.0051988140810807,0.0587945751063827,0.127487549457512,0,8.45161095515471,119.28743804679
FF70_1,FF70,1,1970s,687500.2937067151,6152499.696531474,Cropland,0.6790052171315,0.142784970251729,0.397370919950574,0,0.365891324328616,0.0939527854690808,8.18884862067802,118.275185182256
FF71_1,FF71,1,1970s,687500.2797492278,6157499.717192857,Cropland,0.564696087482005,0.121199317422612,0.570681181713043,0,0.308119500864344,0,8.1086491464061,117.295484711723
FF72_1,FF72,1,1970s,687500.2940864991,6162499.791177767,Cropland,0.314418009678188,0.16663626480262,0.810742007681,0,0,0.0226217275163809,8.20742987846378,111.419578664851
FF73_1,FF73,1,1970s,687500.276108928,6167499.804490101,Cropland,0.413471959446438,0.291999951257744,0.708000048742256,0,0,0,8.26792547872783,112.493001148792
FF74_1,FF74,1,1970s,687500.2865121333,6172499.759767374,Cropland,0.718862172466218,0.118247651767871,0.430091583527434,0,7.29804189609936e-4,0.121260761022711,8.3889540059654,110.3342809317
FF75_1,FF75,1,1970s,687500.3181023151,6177499.768186162,Cropland,0.601051274903349,0.0455610682116903,0.232623304691878,0.0601648893479182,0.0109349633556226,0,8.41809902185946,113.286266046329
FF76_1,FF76,1,1970s,687500.3057092606,6182499.826981119,Cropland,0.517417811190033,0.156059821154118,0.66785822276326,0.0372537715018275,0.0452434550346043,0,8.39252191646338,115.777944946819
FF77_1,FF77,1,1970s,687500.3145880764,6187499.827555462,Cropland,0.338811245791072,0.139413264902145,0.799635019017053,0,0.0459512626110859,0,8.37293367461521,115.73318169481
FF78_1,FF78,1,1970s,687500.2749215045,6192499.878377509,Cropland,0.770682929359401,0.215327041490298,0.344426416416476,0.115735540020808,0.06237141684145,0.0613815809786856,8.39139151287817,119.502590718374
FF79_1,FF79,1,1970s,687500.3143556966,6197499.873560948,Forest,0.764720394294018,0,0.0678651825498709,0.0521710942916616,0.320637404426257,0.169987738573523,8.44616134554541,117.647799986471
FF80_1,FF80,1,1970s,692500.3003915065,6152499.665078906,Cropland,0.369576745742426,0.214137895496029,0.764265532419395,0,0,0.0215965720845751,8.21166128746114,118.216448613662
FF81_1,FF81,1,1970s,692500.3087101678,6157499.713388103,Cropland,0.064578914353432,0.0204376393869952,0.966872460554839,0,0.0126899000581657,0,8.17075733109027,118.259049106322
FF82_1,FF82,1,1970s,692500.3342172247,6162499.7039436465,Cropland,0.143842415091664,0.0780061701231071,0.921993829876893,0,0,0,8.21378334269163,116.975114758317
FF83_1,FF83,1,1970s,692500.3066476895,6167499.745143122,Cropland,0.484351124695383,0.411544148569421,0.588455851430578,0,0,0,8.19814876040184,121.391873271649
FF84_1,FF84,1,1970s,692500.2915752039,6172499.7284601815,Urban,0.71511292052025,0.408164873202991,0.147153149121882,0,0.0510270267895139,0.0126899000580192,8.35381066207943,114.781164293893
FF86_1,FF86,1,1970s,692500.3421648205,6182499.746437445,Urban,0.698746689721302,0.231239221587717,0.156354790132761,0,0.048709339604453,0.0297538128232,8.42820075399621,117.041843267635
FF87_1,FF87,1,1970s,692500.3401528873,6187499.778193614,Cropland,0.715570784700584,0.118180598204674,0.301844647880951,0,0.0253798001182869,0.0487093396037973,8.42525006803295,117.036754274606
FF88_1,FF88,1,1970s,692500.3360075087,6192499.8630453255,Urban,0.64376932224781,0.433893017257467,0.220888511790821,0,0,0,8.41761357344899,118.67994985939
FF89_1,FF89,1,1970s,692500.3322349075,6197499.889691258,Cropland,0.59874781318136,0.176932242951814,0.574752997726566,0,0,0.0621234158852802,8.42807017525721,120.216622884327
FF90_1,FF90,1,1970s,697500.3486702319,6152499.738025841,Cropland,0.55168683668868,0.256422204195745,0.61376374248749,0.0307853086426554,0.0481353236835594,0.0508934209905507,8.29282041659896,115.827061868508
FF91_1,FF91,1,1970s,697500.3229910781,6157499.709487912,Cropland,0.28229349302389,0.170070835650961,0.829929164349039,0,0,0,8.27559319524349,117.019768643287
FF92_1,FF92,1,1970s,697500.293774317,6162499.734567302,Cropland,0.46914332169858,0.375789134329118,0.624210865670883,0,0,0,8.20166698465394,121.58707672744
FF93_1,FF93,1,1970s,697500.3265644838,6167499.704813483,Cropland,0.496789800735561,0.459936305309928,0.540063694690072,0,0,0,8.14432843902552,123.952398974616
FF94_1,FF94,1,1970s,697500.3508075213,6172499.728548656,Urban,0.505638814467257,0.497991428617641,0.496319816880528,0,0,0,8.25093956436186,119.089755350712
FF95_1,FF95,1,1970s,697500.3012456638,6177499.8028586125,Cropland,0.21444449848891,0.0730639985259607,0.882271004034779,0,0,0.00263699749253545,8.36260689908095,119.174987835909
FF96_1,FF96,1,1970s,697500.3061860544,6182499.82213949,Cropland,0.538522039304421,0.363668684925952,0.571123512143188,0,0,0.00952148847422857,8.37978190652341,120.756211169731
FF97_1,FF97,1,1970s,697500.3003211509,6187499.7834761925,Cropland,0.521733562893821,0.444214108681093,0.529379808398111,0,0.026406082920796,0,8.35026086112746,123.426323542918
FF98_1,FF98,1,1970s,697500.3387565847,6192499.800885114,Cropland,0.401517807094454,0.269880999737602,0.724996690217259,0,0.00512231004513898,0,8.35060661831766,122.796388622956
FF99_1,FF99,1,1970s,697500.3563003049,6197499.871448284,Cropland,0.0760322434337304,0.0248484767104091,0.960804069697281,0,0.0143474535923095,0,8.38985494384727,120.852023801253
FG04_1,FG04,1,1970s,652500.2116871931,6122499.731481395,Cropland,0.322969107332067,0.00643561085110943,0.81255372405975,0,0.103986628096749,0,8.44766263993836,109.85618283938
FG05_1,FG05,1,1970s,652500.2171045082,6127499.660736048,Cropland,0.0556927776661686,0.0286682578407055,0.971331742159295,0,0,0,8.35862532626172,111.433078215321
FG06_1,FG06,1,1970s,652500.1805834217,6132499.7467744155,Cropland,0.207325905099833,0.117459744013674,0.882540255986326,0,0,0,8.28259106159446,113.561450018504
FG07_1,FG07,1,1970s,652500.1714465149,6137499.7692362005,Cropland,0.103483727964263,0.0304121299396328,0.94616527096301,0.00506504731417822,0.0183575517831793,0,8.23900087035574,112.29807974282
FG08_1,FG08,1,1970s,652500.1877744175,6142499.728074739,Forest,0.702084105135676,0.27643326664609,0.20962022436409,0.106159796140171,0.407786712849649,0,8.12698222189491,113.823397259062
FG09_1,FG09,1,1970s,652500.2237905464,6147499.734495867,Cropland,0,0,1,0,0,0,8.2992429004729,108.132678204393
FG14_1,FG14,1,1970s,657500.2100665862,6122499.639163951,Cropland,0.524327225794605,0.0385341457535468,0.657277090324093,0,0.170106962126191,0,8.38742148121353,113.352084207918
FG15_1,FG15,1,1970s,657500.1898129255,6127499.635449556,Cropland,0.176461324310839,0,0.902205591513321,0,0.0977944084866788,0,8.32476243404221,112.799936361167
FG16_1,FG16,1,1970s,657500.1792098745,6132499.679580689,Cropland,0,0,1,0,0,0,8.23402285821289,113.68598294752
FG17_1,FG17,1,1970s,657500.1763130119,6137499.771510345,Cropland,0.389485465606232,0.0198636016292657,0.752843230646094,0,0.204822854944704,0.0224703127799361,8.16571578606052,114.926646387992
FG18_1,FG18,1,1970s,657500.1871278463,6142499.68869132,Forest,0.490787055991343,0.0243546700574631,0.0790622317281827,0,0.670638517581231,0.225462311398645,8.08030940038235,115.0480041738
FG19_1,FG19,1,1970s,657500.1978004752,6147499.764823828,Cropland,0.552528510291013,0.0259210653463235,0.519584516874071,0,0.419109962017455,0.0343003297063788,8.14587579734128,114.596814584723
FG24_1,FG24,1,1970s,662500.1893252225,6122499.713272569,Cropland,0.039950034095419,0,0.979716386759638,0,0,0.0103075416169578,8.3972324163779,112.355132845168
FG25_1,FG25,1,1970s,662500.212405978,6127499.6770139495,Cropland,0,0,1,0,0,0,8.3280457950074709,113.506811702822
FG26_1,FG26,1,1970s,662500.2293112001,6132499.688712805,Cropland,0.335208574179812,0.0243546651819843,0.794625834299429,0,0.181019500518587,0,8.20082625148917,115.322935794937
FG27_1,FG27,1,1970s,662500.2380894625,6137499.748319519,Cropland,0.732009565273653,0.0471429353841205,0.371764215222871,0,0.274588781426129,0.102320825848207,8.25177428819515,109.636365652617
FG28_1,FG28,1,1970s,662500.2408897995,6142499.744536591,Forest,0.673129179364626,0.121773325911754,0.156059821160247,0.0243546651823509,0.519586863135506,0.0758481579486322,8.1709271882361,112.407593526537
FG29_1,FG29,1,1970s,662500.2357788663,6147499.677311915,Cropland,0.787677335205118,0.217625591645139,0.298103968799795,0.0249286738213574,0.164034497972649,0.0978353229716546,8.19913544956232,109.86089832528
FG33_1,FG33,1,1970s,667500.2205645419,6117499.620359663,Forest,0.59973225257662,0.097418676562417,0.0900111568513571,0,0.146128014843626,0,8.42544035516378,114.153581658371
FG34_1,FG34,1,1970s,667500.2407739353,6122499.62178409,Cropland,0.122677271538537,0,0.934351659638514,0,0.0656483403614863,0,8.38687252149136,114.110024419714
FG35_1,FG35,1,1970s,667500.2410699656,6127499.67131439,Cropland,0,0,1,0,0,0,8.32358435962274,115.000852266715
FG36_1,FG36,1,1970s,667500.223709299,6132499.657654755,Cropland,0.494449176869335,0.0438425709874668,0.630574841624212,0,0.325582587388322,0,8.23542832067935,114.040671786923
FG37_1,FG37,1,1970s,667500.2459156871,6137499.694400441,Cropland,0.632020254116947,0.0911619432520912,0.548669855410481,0,0.214279632692448,0.0669753401327319,8.2699793326575,113.123123012741
FG38_1,FG38,1,1970s,667500.246432031,6142499.6678515,Cropland,0.220135309966221,0,0.877530228034021,0,0.0951904922773772,0.027279279688602,8.19247463715579,114.968120356253
FG39_1,FG39,1,1970s,667500.2190836334,6147499.6891986625,Cropland,0.129908416600967,0.0498573557457843,0.931262238992994,0,0.018880405261222,0,8.22027883808855,112.37023037976
FG43_1,FG43,1,1970s,672500.2258820928,6117499.596572478,Cropland,0.746509652885282,0.0279444968026849,0.156599243455581,0.0566677917190895,0.103507334528737,0.0611573064526618,8.42754999127576,114.621365655317
FG44_1,FG44,1,1970s,672500.2404861517,6122499.693047497,Cropland,0.774845098020094,0.258698328705734,0.331451141690635,0.107726210148768,0.153167939847581,0,8.39016343024114,115.174986426141
FG45_1,FG45,1,1970s,672500.2238220301,6127499.726472702,Cropland,0.354946526767454,0.110429896835682,0.791775707163205,0,0.0247303951606856,0.0730640008404279,8.3364483808979,114.125866507761
FG46_1,FG46,1,1970s,672500.2374023632,6132499.69926705,Cropland,0.167375041082431,0.0921857292114652,0.907814270788535,0,0,0,8.31277991629793,113.193247122753
FG47_1,FG47,1,1970s,672500.2747216006,6137499.722619677,Cropland,0.313111785768596,0.108542167367902,0.818393831792354,0,0.0730640008397443,0,8.23061106736439,118.004899195452
FG48_1,FG48,1,1970s,672500.2746404527,6142499.682758598,Cropland,0,0,1,0,0,0,8.27299312865942,112.575120360371
FG49_1,FG49,1,1970s,672500.2308515612,6147499.690869135,Cropland,0.0123704965435014,0.00622398627692615,0.993776013723074,0,0,0,8.20379596815933,116.476531747218
FG51_1,FG51,1,1970s,677500.2769194953,6107499.589955671,Cropland,0.688506649314307,0,0.445062221099898,0.0868646225664934,0.0157483181061718,0.0974186691121993,8.41208935224763,116.032545478254
FG52_1,FG52,1,1970s,677500.260739334,6112499.577837041,Cropland,0.565602495376499,0.0484674115586599,0.54065294671922,0.0224607410841237,0.00205765523258167,0.00617296569778045,8.4080613144278,115.675647865709
FG53_1,FG53,1,1970s,677500.2611837294,6117499.616630811,Cropland,0.677905365050558,0.0732137541540281,0.513572987028364,0,0.167435711429374,0.127507065225989,8.38538142856047,116.914345165325
FG54_1,FG54,1,1970s,677500.2760694259,6122499.706284379,Urban,0.692052984576967,0.466699190923841,0.193206435023089,0.210501977663029,0.0576555792221815,0.0719368171678591,8.30125674314731,120.537319414694
FG55_1,FG55,1,1970s,677500.2485989162,6127499.621722549,Urban,0.634706982393236,0.450059534665793,0.352630113434707,2.49241401466832e-4,0.195933925841528,0.00112718465650472,8.17692494485442,122.673673564539
FG56_1,FG56,1,1970s,677500.2903632673,6132499.70169495,Forest,0.648051667967621,0.1279351791837,0.374132652299643,0,0.43704550032196,0.0608866681946974,8.19342150694082,118.032533016238
FG57_1,FG57,1,1970s,677500.2811134357,6137499.718577848,Cropland,0.249549220413371,0.146128003660484,0.853871996339516,0,0,0,8.20338695469207,117.49633488918
FG58_1,FG58,1,1970s,677500.2822108439,6142499.674861006,Cropland,0,0,1,0,0,0,8.2145227179965,118.159716497477
FG59_1,FG59,1,1970s,677500.2869998979,6147499.681728301,Urban,0.478454975822677,0.603790712921057,0.396209287078943,0,0,0,8.2001207121794,118.47743536714
FG60_1,FG60,1,1970s,682500.2334478453,6102499.59563694,Cropland,0.770478383364005,0.283533782521309,0.306405022424732,0.0487093396162733,0.0894617379755737,0,8.40183123804806,118.225179628329
FG62_1,FG62,1,1970s,682500.2601156291,6112499.636107586,Cropland,0.0479832008975294,0.0245965928274857,0.975403407172514,0,0,0,8.3020828893898,121.477874226551
FG63_1,FG63,1,1970s,682500.2782719862,6117499.677322921,Cropland,0.184348245736237,0.097418679236828,0.897852433770341,0,0.00472888699283101,0,8.27331273081412,120.458207606765
FG64_1,FG64,1,1970s,682500.2997839985,6122499.658293756,Cropland,0.0855063586110295,0,0.955662188174824,0.0326689702732291,0.0116688415519468,0,8.16031115120556,123.201848478568
FG65_1,FG65,1,1970s,682500.2543705795,6127499.687580657,Cropland,0.420762979638903,0.103749269705768,0.745295231209706,0.101858757414514,0.0490967416700131,0,8.11820970666711,119.010560947118
FG66_1,FG66,1,1970s,682500.2715598893,6132499.659124765,Cropland,0.500411998145937,0.0487093396176904,0.68264954890197,0.14181442743639,0.102472014235104,0.0243546698088452,8.21715927594901,114.659456784858
FG68_1,FG68,1,1970s,682500.2850436782,6142499.643376395,Cropland,0,0,1,0,0,0,8.21522998571373,117.935781153835
FG69_1,FG69,1,1970s,682500.2769601031,6147499.655967729,Cropland,0.232830984407951,0,0.86549214464339,0,0.13450785535661,0,8.20452492279214,117.391925621451
FG70_1,FG70,1,1970s,687500.2749447277,6102499.555240454,Cropland,0.634571801806916,0.267112286041884,0.526085289768648,0.0243546652172609,0.0974186608690436,0.0850290981031634,8.31226039746716,121.084792634889
FG71_1,FG71,1,1970s,687500.2711367387,6107499.614428979,Cropland,0.2439889319684,0,0.856591666737461,0,0.143408333262539,0,8.19485089947139,125.839515943487
FG72_1,FG72,1,1970s,687500.2596549657,6112499.613608101,Cropland,0.0615917308441861,0.0243546652168798,0.96837470562694,0,0.00727062915618033,0,8.23130501823959,119.89716344992
FG73_1,FG73,1,1970s,687500.2973089004,6117499.666636524,Cropland,0.0475230310011083,0.0243546652184571,0.975645334781543,0,0,0,8.16816664241229,123.217689236046
FG74_1,FG74,1,1970s,687500.3227844504,6122499.659540088,Cropland,0.428549630356271,0.097418660865633,0.740374660904206,0,0.066368832239144,0.0958378459910167,7.87064877836906,133.263590640775
FG75_1,FG75,1,1970s,687500.2656673533,6127499.700801892,Cropland,0.531000850280209,0.0243546652174375,0.545471221113892,0,0.41160871253015,0.0185654011385213,7.87384591489373,124.879562962471
FG76_1,FG76,1,1970s,687500.3190664198,6132499.68719706,Cropland,0.485129096002067,0.21138968847319,0.677403914422628,0,0.105117730799631,0.00608866630455048,8.12164376755316,119.275092653246
FG77_1,FG77,1,1970s,687500.2854871633,6137499.721830154,Cropland,0.324817927322728,0.116885726850038,0.810050277498539,0,0.0730639956514234,0,8.1825915229681,120.061569795606
FG78_1,FG78,1,1970s,687500.294305089,6142499.698789443,Cropland,0.0859328575666469,0,0.955009418821937,0,0.0449905811780632,0,8.1686319519441,121.109001055963
FG79_1,FG79,1,1970s,687500.2751403373,6147499.7265565675,Cropland,0.547824463127204,0,0.553862379088534,0,0.373073625262136,0.0730639956493304,8.18959363459538,118.038179141143
FG80_1,FG80,1,1970s,692500.2601699218,6102499.523256032,Cropland,0.576825513929158,0.0360022436196916,0.606227194174222,0.146128018814201,0.0329610198449373,0.178681523546948,8.09485828884836,126.619935987279
FG81_1,FG81,1,1970s,692500.2449257197,6107499.60061101,Cropland,0.304840219381731,0.015748319739784,0.816576210754117,0,0.167675469506099,0,8.1596616259337,120.882629714622
FG82_1,FG82,1,1970s,692500.270379107,6112499.620822028,Cropland,0.547836616801355,0.0581285767874882,0.632621369957818,0,0.00515780168705705,0.178713310396007,8.29617992975459,115.514067024871
FG83_1,FG83,1,1970s,692500.2704610613,6117499.581073102,Cropland,0.706934888764696,0,0.410005639563291,0,0.182753202004793,0.137897397011688,8.26038766182847,117.719589364252
FG84_1,FG84,1,1970s,692500.3017700722,6122499.5952903135,Cropland,0.346125004475079,0,0.785826878477215,0,0.188989093067391,0.0251840284553939,7.92792587025646,126.033008203619
FG85_1,FG85,1,1970s,692500.2983532327,6127499.660655089,Cropland,0.54062390373348,0.219192028220726,0.623208577048293,0,0.151058673046492,0.00654072168448881,8.02899873264218,116.01856506593
FG86_1,FG86,1,1970s,692500.3263061603,6132499.668636978,Cropland,0.298059977016932,0.165715908367624,0.821161406689855,0,0.0131226849425214,0,8.11178240120086,117.759371835568
FG87_1,FG87,1,1970s,692500.3198407196,6137499.6164119765,Cropland,0.317927803167035,0.130955736139244,0.813536528576832,0,0.0555077352839234,0,8.18699808245671,117.981749302162
FG88_1,FG88,1,1970s,692500.3303715999,6142499.729143381,Cropland,0.157898769326892,0,0.913904793844593,0,0.0823459903515147,0.00374921580389265,8.15738379585841,121.45236206624
FG89_1,FG89,1,1970s,692500.3068019298,6147499.670310448,Cropland,0.481699294410442,0.148424053805882,0.686455627083534,0,0.156692200018952,0.00842811909163265,8.15482128215145,121.298597712303
FG90_1,FG90,1,1970s,697500.2684456746,6102499.501563041,Cropland,0.45468018890701,0.048709332348974,0.68986813316945494,0,0,0.258887513294831,8.16488031439354,119.366145827025
FG91_1,FG91,1,1970s,697500.2484837822,6107499.495144536,Cropland,0.557180051145615,0,0.635234673208338,0,0.118056221976157,0.11595682730681,8.24722063912799,117.353000765997
FG92_1,FG92,1,1970s,697500.24892862665,6112499.542973782,Cropland,0.80748291709412,0.100176762002436,0.319917982562331,0.0548822977654522,0.0795392047109947,0.119640276987653,8.3305859860272,116.224610075541
FG93_1,FG93,1,1970s,697500.2722987161,6117499.533765045,Pasture,0.611935580480653,0.0140471241137828,0.0542675126446072,0.119112146469761,0.0785801931400968,0.0222970110300119,8.34523487953702,117.144657685374
FG94_1,FG94,1,1970s,697500.3112419588,6122499.578683486,Cropland,0.394831151879029,0.0418359350112247,0.766540164816578,0.00257688550969575,0.0882919086564526,0.0730639985205023,8.23902697173194,117.520586245559
FG95_1,FG95,1,1970s,697500.3047563492,6127499.563608582,Cropland,0.420895422349774,0.26745020097132,0.712150824292841,0,0.0203989747358388,0,8.14490773777866,118.486232167912
FG96_1,FG96,1,1970s,697500.3091473787,6132499.602535079,Cropland,0.284500050420542,0.110206856131722,0.836998904880222,0,0.0527942389880556,0,8.19858589214027,116.125111476974
FG97_1,FG97,1,1970s,697500.3219843409,6137499.695401272,Cropland,0.0953031564099881,0.0346393471596466,0.950406936841365,0,0.014953715998988,0,8.2593212979554,115.915707998335
FG98_1,FG98,1,1970s,697500.3508036272,6142499.619688079,Cropland,0.631906618308768,0.21547324617566,0.518315201601946,0,0.226860025064941,0.0393515271574529,8.23213999592395,118.25803162001
FG99_1,FG99,1,1970s,697500.3149968215,6147499.706177678,Cropland,0.738644631889974,0.296459395481221,0.301003885467299,0.0250977505011627,0.251822490390073,0.125616478160245,8.22237506928604,117.47290787692
FH01_1,FH01,1,1970s,652500.1476911665,6057499.672137209,Cropland,0.504033981883166,0.0819867128213446,0.201170803600406,0,0,0,8.64684635791546,116.355693791557
FH02_1,FH02,1,1970s,652500.1450141938,6062499.66186962,Cropland,0.305474780792607,0.188130460603,0.811869539397,0,0,0,8.63441229711415,116.156783680364
FH04_1,FH04,1,1970s,652500.1604771961,6072499.670583969,Forest,0.491968302850831,0,0.436629276676178,0,0.563370723323822,0,8.52879549719703,118.30058005428
FH05_1,FH05,1,1970s,652500.1788386654,6077499.578235263,Cropland,0.163327713346163,0,0.910779511312926,0,0.0844400110114799,0.00478047767559429,8.52717398917445,115.518732479671
FH06_1,FH06,1,1970s,652500.2371696586,6082499.645297011,Cropland,0.464361119217425,0,0.709726770824309,0,0.121773334934743,0.122341542500162,8.52643240491725,113.757484821316
FH07_1,FH07,1,1970s,652500.2166753336,6087499.533638527,Grass/Shrubland,0.491877527201547,0.043435088236973,0.102405811407524,0.0094967205558295,0,0.128539575571126,8.52289840585841,113.081186529722
FH08_1,FH08,1,1970s,652500.2325856738,6092499.581303407,Cropland,0.6152160784817,0,0.186678602228292,0.0635672803728597,0,0,8.50987730580357,113.025538204394
FH11_1,FH11,1,1970s,657500.1262107163,6057499.645298414,Cropland,0.51893081375561,0,0.663850122744188,0.115066474173207,0,0.0738472078196953,8.64888656945662,117.349779982851
FH12_1,FH12,1,1970s,657500.1704044837,6062499.696315981,Cropland,0,0,1,0,0,0,8.61059064526284,117.556920860575
FH13_1,FH13,1,1970s,657500.1879686262,6067499.682293598,Cropland,0.135451321178986,0.073064010171891,0.926935989828109,0,0,0,8.55661298988727,118.321509613251
FH14_1,FH14,1,1970s,657500.1772087506,6072499.60318349,Cropland,0.171068799471519,0.02592106534838,0.907781195217785,0,0.0647313441421227,0,8.52382585165272,116.929058432599
FH15_1,FH15,1,1970s,657500.1967778043,6077499.572426094,Cropland,0.524502373409238,0.0243546700564369,0.619877817612047,0,0.297664033558384,0.042544031125059,8.51877433603529,115.276087849719
FH16_1,FH16,1,1970s,657500.1805786046,6082499.587730882,Cropland,0.591405079552486,0,0.197821340526261,0,0.0487093401154564,0.140178401843936,8.52386286628413,114.206201987863
FH18_1,FH18,1,1970s,657500.2338967368,6092499.540600677,Cropland,0.571913283776259,0,0.321603871512042,0,0,0,8.49607519527895,114.391573532285
FH21_1,FH21,1,1970s,662500.1301028883,6057499.666921422,Cropland,0.682219695689383,0,0.371781566130099,0.0423900151974246,0,0.113274151429135,8.63300287095708,117.868229888116
FH22_1,FH22,1,1970s,662500.1620149246,6062499.674904235,Cropland,0.32642294675602,0.0730639955403812,0.810616244186082,0.00339470509104108,0.105209078211092,0.00771597697140443,8.59009331962355,119.178218393442
FH23_1,FH23,1,1970s,662500.1522521604,6067499.6179124275,Cropland,0.477281407369993,0.0107150275573532,0.68544547129015,0,0.209404815906199,0,8.50600547003887,119.405700749197
FH24_1,FH24,1,1970s,662500.1594183256,6072499.609451599,Cropland,0.6602771429417,0.277049949568499,0.463332840049661,0.0243546651808716,0.0175775881840256,0,8.50743539747717,116.87636722888
FH25_1,FH25,1,1970s,662500.1815777237,6077499.649476749,Cropland,0.632329124113309,0,0.545890667072618,0,0.175140283797877,0.146127991084276,8.5127355676727,114.881168152194
FH29_1,FH29,1,1970s,662500.2137666696,6097499.619101521,Cropland,0.466669992233955,0,0.22860915678158,0,0,0,8.47343971598164,114.936045102957
FH32_1,FH32,1,1970s,667500.1352127434,6062499.596899727,Cropland,0.312922385138566,0,0.823343468020247,0.0120372508086431,0.0652735886602055,0.0619405068387496,8.56664511632308,119.244422893792
FH33_1,FH33,1,1970s,667500.1600240769,6067499.619644241,Cropland,0.526604131518037,0.0136396398412455,0.645008957459646,0,0.216653446454907,0.0974186765614546,8.4901047116043,118.929500353711
FH34_1,FH34,1,1970s,667500.1262541488,6072499.577417303,Cropland,0.315720806781931,0.118652833351543,0.817242835784707,0,0.0434574952505489,0.0206468356132002,8.49552595208209,117.503044383266
FH35_1,FH35,1,1970s,667500.156540169,6077499.58618157,Cropland,0.646852122314874,0.10741695429076,0.545360165790824,0,0.113982926942397,0.00516170890328281,8.4987149007103,116.326965056404
FH36_1,FH36,1,1970s,667500.1845546081,6082499.643502697,Cropland,0.576307354055696,0,0.315291792268418,0,0,0.0900030095096031,8.50174976574218,116.666746565439
FH42_1,FH42,1,1970s,672500.1655806476,6062499.575288157,Cropland,0.160102490520516,0,0.915079396995498,0,0.00197186594243583,0.0354781665228893,8.52546868674055,120.851828457961
FH43_1,FH43,1,1970s,672500.1619102128,6067499.684537786,Cropland,0.0240001706916193,0,0.987852349235084,0,0.0121476507649162,0,8.48542041717199,118.807709965269
FH44_1,FH44,1,1970s,672500.1531629068,6072499.620077815,Cropland,0.340848041840012,0.0388396156105723,0.794331957967829,0,0.163120593229099,0.00370783319250012,8.50541807722715,117.104023286436
FH45_1,FH45,1,1970s,672500.128911406,6077499.604325416,Cropland,0.0896864763548441,0.0348975923318388,0.953401059075653,0,0.0107743902943428,9.26958298165842e-4,8.47974505129141,118.950591740747
FH46_1,FH46,1,1970s,672500.1513759971,6082499.63969187,Cropland,0.548943306430542,0,0.481326666797927,0,0.466387682168484,0.0378590000707449,8.45937777842169,119.720134984566
FH52_1,FH52,1,1970s,677500.1392029081,6062499.604546833,Cropland,0.28285698744478,0.153843981293632,0.832695929403539,0,0.00574411166681918,0,8.49903441454021,121.783043045442
FH53_1,FH53,1,1970s,677500.1172675767,6067499.586923023,Cropland,0.328592955321154,0.0243546672777257,0.805283623273095,0,0.146128003666354,0.024233705782825,8.48166602541132,119.367786798512
FH54_1,FH54,1,1970s,677500.1309098973,6072499.62068056,Cropland,0.432362146235784,0.15408494409411,0.727601960429592,0,0.118313095476298,0,8.48611615519796,118.787016199117
FH55_1,FH55,1,1970s,677500.1823433801,6077499.594537913,Cropland,0.628775445208226,0.0323116077087082,0.566226535894454,0,0.0972543547343098,0.129429948625594,8.47242876323133,118.445657615928
FH56_1,FH56,1,1970s,677500.1366827373,6082499.614611358,Cropland,0.582808347123548,0,0.406523700164711,0.0243546672781456,0.0362613618285779,0.016698055017086,8.46319243425476,118.330467122536
FH57_1,FH57,1,1970s,677500.1888842597,6087499.577212903,Cropland,0.480218458746659,0,0.672286843793253,0,0,0.0243546672764572,8.44734156259107,118.646981518924
FH58_1,FH58,1,1970s,677500.2041166634,6092499.588457644,Cropland,0.695808143014486,0,0.391068285222428,0,0.0799374033101195,0.0487093345559339,8.44586404010346,118.208492461583
FH62_1,FH62,1,1970s,682500.1400127035,6062499.575180733,Forest,0.676507644437022,0.0487093396151977,0.108961994140827,0,0.445031567169047,0.0716220731900715,8.50650083517844,120.963264742558
FH63_1,FH63,1,1970s,682500.1571327308,6067499.664842146,Cropland,0.698904238733633,0,0.21230559280521,0.0730640094271249,0.115125838390062,0.0731849709345013,8.51374960228331,118.398921634017
FH64_1,FH64,1,1970s,682500.1391901771,6072499.580977525,Cropland,0.780412125074583,0.213616434563386,0.314614872694971,0.0182660023561827,0.214117612517063,0.0320143849987877,8.47488998268824,120.207601597815
FH65_1,FH65,1,1970s,682500.1394981287,6077499.54859203,Cropland,0.535630969194213,0.0731233487727232,0.662990232712823,0.048709339616339,0.0479370109189375,0.0732258997139474,8.44483097072575,120.39292442859
FH66_1,FH66,1,1970s,682500.1558782132,6082499.567633862,Cropland,0.123230176449934,0.0260876078378569,0.935195298828629,0,0,0,8.42373841035947,120.76475401632
FH68_1,FH68,1,1970s,682500.2371930047,6092499.537326161,Cropland,0.633163258502693,0.097418679236622,0.426523804603669,0,0.0618067288192724,0,8.4102230452611,118.855261549891
FH71_1,FH71,1,1970s,687500.123673068,6057499.554574321,Cropland,0.608612754500464,0,0.540234307657037,0.140093507056028,0,0.0398094402125625,8.54778684067132,121.994150080419
FH72_1,FH72,1,1970s,687500.1143025191,6062499.595132073,Cropland,0.424995823930212,0.0732295718837213,0.746048698963877,0.0357662412631962,0,0.0976538625605213,8.52705565391879,121.566356360109
FH73_1,FH73,1,1970s,687500.1168201703,6067499.576189147,Cropland,0.642997753612254,0.192621485275592,0.490326163436736,0,0.0242952998031332,0.0121476499016164,8.48959425609016,121.611011937927
FH74_1,FH74,1,1970s,687500.1244441366,6072499.608917633,Cropland,0.679641355543995,0.1143290102216,0.50457090263416,0.02435466521706,0.143912154817891,0.166666089907979,8.45016425223799,122.193920874283
FH75_1,FH75,1,1970s,687500.139621074,6077499.58203556,Cropland,0.389669494666064,0.0452434550305692,0.754273504587632,0,0.198369728794639,0.0021133115871596,8.40894410434842,122.041757287735
FH76_1,FH76,1,1970s,687500.1555507714,6082499.606715107,Cropland,0.440244123330632,0.0713310579530906,0.712784420590161,0,0.215884521456749,0,8.37252777613254,121.820274545212
FH79_1,FH79,1,1970s,687500.2046274128,6097499.544650838,Urban,0.424463277074449,0.171513699065695,0,0,0.0233295351011357,0.0230292001955277,8.35555967118662,122.617672596481
FH80_1,FH80,1,1970s,692500.0947199763,6052499.611192662,Urban,0.588767347897647,0.134463249065562,0.110108579263315,0.0892484994981035,0.00670687602670208,0.0243546698024225,8.58091844053048,124.417725087336
FH81_1,FH81,1,1970s,692500.0242031823,6057499.60869983,Forest,0.396676572338819,0,0,0.0813143316457376,0.163775812580989,0,8.5459839478608,123.398810777058
FH83_1,FH83,1,1970s,692500.131364359,6067499.547898819,Cropland,0.675573428749512,0,0.417967827523908,0.168266851738642,0,0.0730640094098317,8.47919924696785,122.011557179823
FH84_1,FH84,1,1970s,692500.1064229409,6072499.592479514,Cropland,0.182702761327396,0.01268990005421,0.899700360487457,0,0.0876097394583326,0,8.41962125002255,124.04829364733
FH85_1,FH85,1,1970s,692500.1382373512,6077499.580319139,Cropland,0.0650577227126359,0,0.966338009006002,0,0.0336619909939979,0,8.38444104800486,122.349155681959
FH86_1,FH86,1,1970s,692500.160248557,6082499.508615752,Cropland,0.209386892949257,0,0.88119096726624,0,0.11880903273376,0,8.35459616460058,121.756889016581
FH87_1,FH87,1,1970s,692500.1607475667,6087499.599762127,Cropland,0.532959668217218,0.0735204694193999,0.590622872621508,0,0,0,8.39199104098748,119.261290418533
FH88_1,FH88,1,1970s,692500.2158820927,6092499.522771814,Cropland,0.506576949785038,0.113042595833221,0.181958260138456,0,0,0,8.39025720567594,120.655706227889
FH89_1,FH89,1,1970s,692500.2497555495,6097499.497289627,Cropland,0.651867650554882,0.059383146186333,0.496696551540345,0,0.141636953685924,0,8.15218109292037,131.937996713751
FH95_1,FH95,1,1970s,697500.150730151,6077499.542688702,Cropland,0.522584317560929,0.0563659442424755,0.642465995063705,0,0.241934376649467,0.00358686340035243,8.34830331055447,124.92148930506
FH96_1,FH96,1,1970s,697500.1759652141,6082499.495040286,Cropland,0.0564168952689241,0.0290524951063676,0.970947504893632,0,0,0,8.37458840915354,120.26030881668
FH98_1,FH98,1,1970s,697500.1920739731,6092499.557689017,Forest,0.482751543258762,0.0551170907660631,0.0545431556001421,0,0.115442184031498,0,8.35435720187558,121.052972320468
FH99_1,FH99,1,1970s,697500.2472731089,6097499.559464772,Cropland,0.6831105141041,0,0.277506962156647,0,0.127289525481579,0.09476773454854,8.24522140575537,122.611582593669
GE00_1,GE00,1,1970s,702500.3468220314,6202499.881296357,Cropland,0.492628476570109,0.292082740784987,0.647030590000527,0,0.0487093353715896,0.0121773338428974,8.35154723481739,124.688275455889
GE01_1,GE01,1,1970s,702500.378710623,6207499.892304815,Cropland,0.694377884300183,0.329247659627475,0.378658493511026,0.0171809404439604,0.226203571048166,0.0487093353693726,8.37494800196818,124.951342947659
GE02_1,GE02,1,1970s,702500.4334288082,6212499.848059619,Forest,0.660814428384188,0.224708184769611,0.356355554526294,0,0.401755320259814,0.0171809404442807,8.35317916126053,125.633321110133
GE03_1,GE03,1,1970s,702500.4408437889,6217499.856788846,Forest,0.668982348330467,0.190936037975935,0.261727718130785,0,0.468666544382246,0.0786696995110333,8.34327514814716,126.072415471295
GE04_1,GE04,1,1970s,702500.4606550329,6222499.921351904,Cropland,0.650576815481692,0.178327754661734,0.542260922434043,0.1013372170207,0.0125972618960493,0.0175885127037978,8.45379529492173,122.392903450075
GE10_1,GE10,1,1970s,707500.3789717224,6202499.852386592,Forest,0.726746007440698,0.268986487469483,0.0672470058575362,0.174190201917517,0.396762980217678,0.0928133245377859,8.21062531784335,130.606946058074
GE11_1,GE11,1,1970s,707500.409073655,6207499.815850618,Forest,0.0919589098300088,0.0108058360067261,0,0.00501119021910367,0.952349662172963,0.00167039673970122,8.23805632684002,128.476757088239
GE12_1,GE12,1,1970s,707500.4404434582,6212499.835447987,Forest,0.236461939197363,0.0144982518189337,0,0.0487093387855596,0.869747206105116,0,8.20450424485093,130.760965632608
GE13_1,GE13,1,1970s,707500.4081545363,6217499.908100328,Forest,0.714229050747773,0.124531413078861,0.15746549485722,0.123739100846089,0.460810466445658,0.13345352477217,8.38631628961528,122.320767929984
GE14_1,GE14,1,1970s,707500.444826527,6222499.8172854865,Cropland,0.612820456374614,0.313879098649103,0.529107082344264,0.00608228278100984,0,0.0279716540832709,8.46745837969323,125.158546078624
GE20_1,GE20,1,1970s,712500.4059752157,6202499.793334916,Forest,0.666813857216559,0.0124052958185006,0.0182659990287344,0.311197781137006,0.407014924949575,0.251115999066185,8.23266827306664,123.3359709561
GE21_1,GE21,1,1970s,712500.431105092,6207499.830216896,Pasture,0.713677464307939,0.0858877150148755,0.0241840209001175,0.394318110840598,0.243193955401468,0.189195558294925,8.32917472851769,124.389695587232
GE22_1,GE22,1,1970s,712500.4466481479,6212499.812149445,Pasture,0.699675145758888,0.00791425748133319,0.152135692401971,0.160045016550492,0.0509146080671369,0.156197867519846,8.38919505215368,123.250630107806
GE23_1,GE23,1,1970s,712500.4444375301,6217499.850279269,Cropland,0.753597787422329,0.0841390470983241,0.360828942196748,0.133894891629336,0.213950294810956,0.207186824264637,8.39387527137857,125.736864333169
GE24_1,GE24,1,1970s,712500.427285722,6222499.833303753,Forest,0.698757336288122,0.0956103324094729,0.0617265194540371,0.11086216277489,0.13165304991166701,0.0730639961107081,8.47888408828481,123.509155355253
GE30_1,GE30,1,1970s,717500.4386215332,6202499.814452954,Urban,0.731135177285027,0.370304908648942,0.0974186823283415,0.265819253872703,0,0.221364539673898,8.3765891870719,121.638112302141
GE31_1,GE31,1,1970s,717500.4664293623,6207499.823270025,Cropland,0.757507539181749,0.228458694909172,0.337100919720663,0.172318401556875,0.209463252481229,0.0526587313320623,8.32772651075172,130.303639730657
GE32_1,GE32,1,1970s,717500.4628353314,6212499.888487851,Forest,0.548473755643511,0.0694472860552438,0.0625652709524843,0.0659569195359569,0.651387078170409,0.101934104123681,8.2455736959303,133.184043178995
GE33_1,GE33,1,1970s,717500.4363954787,6217499.7875834415,Forest,0.481303606639422,0.0343670576509299,0.237038110053642,0.0513253580759177,0.67726947421951,0,8.29265488829702,131.069159292158
GE34_1,GE34,1,1970s,717500.4297171882,6222499.857289503,Forest,0.561375561133312,0.107269890552139,0.0308632663298683,0,0.193145947635834,0,8.42720576479922,126.208932520663
GE42_1,GE42,1,1970s,722500.4542082316,6212499.8379352,Urban,0.661913908704309,0.376239067949201,0,0.00239600534081965,0.268985172494759,0,8.32443791100885,129.588729398617
GE43_1,GE43,1,1970s,722500.4569293238,6217499.833379672,Forest,0.623288036066562,0.196983516281055,0,0.00122071955235838,0.491644078623488,0,8.32682315856616,128.064626945998
GF00_1,GF00,1,1970s,702500.3379804895,6152499.686444453,Urban,0.607514686292975,0.309688490386792,0,0.0167760074147799,0,0.022683156987898,8.38114644571193,114.528769204315
GF01_1,GF01,1,1970s,702500.3385118302,6157499.704640133,Urban,0.743445395724307,0.308040429909086,0.214261661695249,0.0730640030561387,0,0.0138488445177568,8.3659173162961,116.063728184942
GF02_1,GF02,1,1970s,702500.3195119632,6162499.776580491,Cropland,0.586933144843896,0.389084817309838,0.5042210576709,0,0,0.0829204199407634,8.27892788594598,118.867649237939
GF03_1,GF03,1,1970s,702500.351800605,6167499.682659319,Cropland,0.355796696861317,0.231482492992837,0.768517507007163,0,0,0,8.23489832451357,118.765408449663
GF04_1,GF04,1,1970s,702500.3543900581,6172499.753574929,Urban,0.468409227081869,0.625679697879433,0.374320302120567,0,0,0,8.24478923591103,120.166532826749
GF05_1,GF05,1,1970s,702500.3351455712,6177499.7668023845,Cropland,0.237025515674942,0.130106009683559,0.863578431033258,0,0,0.00631555928318299,8.32540814837229,119.396394606282
GF06_1,GF06,1,1970s,702500.3492048995,6182499.8364209505,Cropland,0.390656080441607,0.225377800512329,0.746664678904191,0,0,0.0279575205834809,8.37204597102178,120.207698508226
GF07_1,GF07,1,1970s,702500.3364148074,6187499.84821207,Cropland,0.593647325929555,0.369181940633054,0.504910031221321,0,0.122940735008291,0.00296729313733412,8.29765095584795,125.751700652184
GF08_1,GF08,1,1970s,702500.3569451347,6192499.805028212,Urban,0.660936827384002,0.383033201215371,0.340301035865081,0,0.276665762919548,0,8.23377439627494,126.760205502861
GF09_1,GF09,1,1970s,702500.3404156363,6197499.815104434,Cropland,0.110537830989227,0,0.941283451429335,0,0.0587165485706647,0,8.31592647035371,122.592680416519
GF12_1,GF12,1,1970s,707500.3696013235,6162499.715173889,Urban,0.462169412949081,0.324851613695053,0,0.00333865816413135,0,0.0144982518147564,8.37119374406002,117.231953215061
GF13_1,GF13,1,1970s,707500.3300529267,6167499.786107193,Urban,0.467351432422682,0.640625243460368,0.349194740572334,0.0101800159672985,0,0,8.36426407708273,117.974201769554
GF14_1,GF14,1,1970s,707500.3864467979,6172499.694285468,Urban,0.365993529878907,0.770882496340927,0.196714797604608,0.0324027060544651,0,0,8.30768766798298,120.147428026267
GF15_1,GF15,1,1970s,707500.3944162552,6177499.767333329,Cropland,0.696946108769996,0.237182335105038,0.438158926116049,0.129821383630575,0,0.194837355148338,8.29807864848843,122.750805913018
GF16_1,GF16,1,1970s,707500.3620901112,6182499.782727323,Urban,0.489244729229443,0.586237998345009,0.408723492711913,0,0.00503850894307901,0,8.28236605765386,125.404970677214
GF17_1,GF17,1,1970s,707500.3497072838,6187499.7433876665,Urban,0.643266097344705,0.469297914327775,0.184549608164462,0,0.319115129227672,0.0243546693927888,8.29473715115285,124.55337436216
GF18_1,GF18,1,1970s,707500.4065654634,6192499.874692895,Urban,0.643529643483432,0.457924639773526,0.0557181767973637,0.130492053353869,0.355865130075241,0,8.19255753806422,128.194267774065
GF19_1,GF19,1,1970s,707500.358158152,6197499.833901825,Cropland,0.645030784564346,0.312538055326488,0.485328802991046,0,0.0754128292772998,0.126720312405167,8.20942407514851,127.475198019538
GF23_1,GF23,1,1970s,712500.3560583256,6167499.683554069,Urban,0.647943548201373,0.437894394199912,0,0.00815986725704504,0,0,8.3921126167864,119.861682254726
GF24_1,GF24,1,1970s,712500.3895823077,6172499.769300189,Urban,0.304891992696509,0.812336362999484,0,0.187663637000516,0,0,8.3456187066516,122.881954237767
GF25_1,GF25,1,1970s,712500.3693780791,6177499.797558002,Urban,0.547733822454499,0.614967401494134,0.0216719869269248,0.229409952036683,0,0.133950659542258,8.29120396309169,124.00033860167
GF26_1,GF26,1,1970s,712500.4185002823,6182499.774381583,Urban,0.270512346424387,0.843457729111392,0,0.0243546653707429,0.132187605517866,0,8.22954996022014,127.568045838777
GF27_1,GF27,1,1970s,712500.403282234,6187499.804788459,Forest,0.535930068465974,0.151201424265091,0,0,0.625618757290059,0,8.21825141998849,127.479754196246
GF28_1,GF28,1,1970s,712500.3893101846,6192499.780546682,Forest,0.684176330386679,0.222233818020744,0,0.315960282968267,0.405403870743786,0.0126145073735587,8.18586525890829,127.649073194053
GF29_1,GF29,1,1970s,712500.4309910986,6197499.815875246,Pasture,0.654293735825967,0.10424903038568,0,0.430852328556877,0.380779346553606,0.0471501217616786,8.18880632458833,126.19280113728
GF33_1,GF33,1,1970s,717500.3669444381,6167499.70479759,Urban,0.441672231447442,0.222147594029182,0,0,0,0,8.37182740788623,121.704555987655
GF34_1,GF34,1,1970s,717500.390443028,6172499.75522035,Urban,0.288757918706752,0.830391655502164,0,0.145253673917562,0,0.0243546705802733,8.34148809895243,123.736916697268
GF35_1,GF35,1,1970s,717500.4071713447,6177499.751367931,Urban,0,1,0,0,0,0,8.30209783226682,124.107900418212
GF36_1,GF36,1,1970s,717500.4089050895,6182499.80438197,Urban,0,1,0,0,0,0,8.23238219390273,127.602245053823
GF37_1,GF37,1,1970s,717500.398525072,6187499.802966663,Urban,0.601033247108084,0.568321065024831,0,0,0.240008662342704,0.0974186823246884,8.23727299987311,125.604603150537
GF38_1,GF38,1,1970s,717500.4359702461,6192499.750185389,Forest,0.469136071788949,0.0551055158066116,0,0.197595708204133,0.697608216740908,0.0239174958012329,8.17575083623787,130.805367702053
GF39_1,GF39,1,1970s,717500.4446435908,6197499.865260167,Pasture,0.671486882962042,0.10756006802366,0.022546307736633,0.501089215233666,0.095452403116263,0.164193163059101,8.23312474752074,126.008924460166
GF43_1,GF43,1,1970s,722500.3839188339,6167499.73768856,Pasture,0.649968180904726,0.0598409503902261,0,0.53076594875102,0.0304719091235353,0.0993771757704197,8.36677219397489,120.462205415876
GF44_1,GF44,1,1970s,722500.3996769824,6172499.762351516,Urban,0.687600833692253,0.473838381627218,0,0.230570460666615,0,0.0427668986657468,8.36724465933936,122.283351527274
GF45_1,GF45,1,1970s,722500.392806392,6177499.732873452,Urban,0,1,0,0,0,0,8.30376204287691,124.677379522815
GF46_1,GF46,1,1970s,722500.4176988797,6182499.763599473,Urban,0,1,0,0,0,0,8.29310092285753,124.572045850549
GF47_1,GF47,1,1970s,722500.4144617681,6187499.740026254,Urban,0.49509713703212,0.581913563173459,0,0,0.40763996263821,0,8.2441408936936,127.663055089605
GF48_1,GF48,1,1970s,722500.4373197008,6192499.776501604,Forest,0.48183166181703,0.0412509993029018,0,0.0797436556663501,0.68828213742771,0,8.30552691665975,123.400431141833
GF49_1,GF49,1,1970s,722500.4265400727,6197499.758516749,Forest,0.642802472827382,0.00745833115151142,0.00180836244696466,0.11440379874178,0.390420908659727,0.00247348230012667,8.3500542316238,121.450405080883
GF52_1,GF52,1,1970s,727500.4398205662,6162499.722201364,Pasture,0.499800860118202,0,0.060738905442195,0.150034109995679,0.0202397607938292,0.0303694527210603,8.33968454242701,120.005959104192
GF53_1,GF53,1,1970s,727500.422905934,6167499.781335341,Pasture,0.638437676214943,0.39872122774835,0.0366797673628327,0.43142964556355,0.0122226390480638,0.107350487493757,8.35516448156064,121.010307587252
GF54_1,GF54,1,1970s,727500.4332192165,6172499.789807921,Urban,0.313550253565315,0.821190510350544,0,0.0851697407366311,0,0.0124658689901233,8.36241244395929,122.33496627332
GF55_1,GF55,1,1970s,727500.4050477121,6177499.7442593165,Urban,0.570068596561149,0.414521974285691,0,0,0,0,8.37139785666438,121.382917826556
GF63_1,GF63,1,1970s,732500.4427733541,6167499.720322601,Urban,0.415454144742629,0.206790636438123,0,0.0555614768844686,0,0,8.34579323752077,120.210387993233
GF74_1,GF74,1,1970s,737500.391410232,6172499.777421679,Pasture,0.70415953449709,0,0,0.295296821561016,0,0.152434044926124,8.36549443949352,119.709211681334
GG00_1,GG00,1,1970s,702500.2513107894,6102499.486564997,Cropland,0.58676441018821,0.0513602656720625,0.136874548853915,0,0.073064003054826,0.0732921837773215,8.28909649526352,116.893840862875
GG02_1,GG02,1,1970s,702500.2698174989,6112499.49328954,Pasture,0.595121966009815,0.0243546676844354,0.0800007273910436,0.133406346251634,0.0243546676844354,0.107425883933751,8.33944697114535,118.801064107593
GG05_1,GG05,1,1970s,702500.2956471718,6127499.520004621,Forest,0.626354235464618,0.0587165485675383,0.407715005231301,0.0243546676850092,0.448881219997707,0.0247303959101271,8.25264840500378,118.315199213721
GG06_1,GG06,1,1970s,702500.3418263504,6132499.602145045,Cropland,0.263310363742339,0.0487093353712956,0.851038507931922,0,0.100252156696782,0,8.24836751259909,116.716997576098
GG07_1,GG07,1,1970s,702500.3223454107,6137499.624233186,Cropland,0.104120455966864,0.0513166268595694,0.945110247863522,0,0.00357312527690906,0,8.27103112650274,117.229989355802
GG08_1,GG08,1,1970s,702500.3565356643,6142499.703241566,Cropland,0.234551092361128,0.0105330714796368,0.870617307953075,0,0.0579629513519779,0.0608866692153101,8.25326419423383,118.848405745667
GG09_1,GG09,1,1970s,702500.3203636502,6147499.722061222,Urban,0.731514586706713,0.395737619489918,0.158632275246451,4.0493302608604e-4,0.0824218088036719,0,8.33036463241913,114.387876926858
GG10_1,GG10,1,1970s,707500.2241910483,6102499.477378527,Forest,0.545063729828652,1.46000652764518e-4,0.00268267888899221,0.0513920176752879,0.107489407768635,0.0757328298895542,8.33842708061784,117.520296463498
GG15_1,GG15,1,1970s,707500.2865024854,6127499.528984483,Cropland,0.563846021721491,0,0.573555837270609,0,0.0875622599920015,0,8.29986828239007,117.473574656477
GG16_1,GG16,1,1970s,707500.318123319,6132499.54965108,Cropland,0.135451317779518,0,0.926935991818728,0,0.073064008181272,0,8.23952074505601,118.874401103768
GG17_1,GG17,1,1970s,707500.3267206545,6137499.624520913,Cropland,0.171644374003173,0.0948113858973654,0.905188614102635,0,0,0,8.26728797960809,116.738255466838
GG18_1,GG18,1,1970s,707500.3150847398,6142499.642302799,Cropland,0.169586895009912,0.0438153231020146,0.909542176130823,0,0,0,8.29467223172139,115.592887782726
GG20_1,GG20,1,1970s,712500.2716980586,6102499.364975292,Cropland,0.718069710209993,0.0394741021690626,0.369500036664468,0.0460266522948616,0,0.134387834229004,8.30351433514618,117.067850016037
GG25_1,GG25,1,1970s,712500.2981323673,6127499.478503297,Cropland,0.622543745683945,0.0487093307411426,0.404082590821441,0,0.0974186614822852,0,8.27763069435953,117.569398224392
GG26_1,GG26,1,1970s,712500.3120173198,6132499.558293428,Cropland,0.159866013006129,0.0665508355343567,0.913961265635886,0,0.0194878988297568,0,8.19800152157467,119.826501637362
GG27_1,GG27,1,1970s,712500.3559583894,6137499.584229157,Cropland,0.224426665074933,0.0443566826828036,0.877712554680167,0,0.0292214318968381,0.0487093307401914,8.19788405192472,117.726788338179
GG28_1,GG28,1,1970s,712500.3586284099,6142499.664407933,Cropland,0.593805438431669,0,0.536834440265142,0,0.304870491836388,0,8.27007242242295,115.745766050433
GG30_1,GG30,1,1970s,717500.2710031869,6102499.364961077,Cropland,0.660927933570167,0.0604495016691286,0.416223276384338,0,0.097418682327277,0.0117401605054667,8.21945859936618,118.134287497268
GG36_1,GG36,1,1970s,717500.3444608465,6132499.516067203,Cropland,0.567263754253941,0.119918381956,0.604893910399937,0,0,0.052408986965701,8.16661211339563,118.631840061558
GG37_1,GG37,1,1970s,717500.3570528256,6137499.610675284,Cropland,0.61878644249562,0.0968837310051587,0.558741643182551,0,0.0974186823246768,0,8.17268493850347,116.581437693839
GG40_1,GG40,1,1970s,722500.2426872866,6102499.365112122,Cropland,0.619440610133111,0.0256801302537222,0.337327052270108,0,0.0811874630012275,0,8.16707549880754,116.711709299853
GH06_1,GH06,1,1970s,702500.1535418842,6082499.562371342,Forest,0.62561563650477,0.0417659867451618,0.129212699187963,0,0.207360882961132,0.016351847667376702,8.3503985248376,122.740927358024
GH07_1,GH07,1,1970s,702500.2055944144,6087499.491482163,Cropland,0.669602640033181,0.00477322796506485,0.515501180950466,0.0658902758076121,0,0.0974186707371241,8.34815527397016,122.791034211096
GH08_1,GH08,1,1970s,702500.2079264515,6092499.47235032,Cropland,0.428617534194486,0.0171809404403434,0.741622229188129,0.0487093353718303,0.0171055422893674,0.0487093353718303,8.31488439748002,121.943351256876
GH09_1,GH09,1,1970s,702500.2222932067,6097499.507805596,Cropland,0.617199409484158,0.0460584050571215,0.349622032678735,0,0,0,8.34087795882707,118.356374511993
GH17_1,GH17,1,1970s,707500.1620744534,6087499.459011547,Forest,0.493386086694188,0,0.0985594912936889,0,0.170482685747698,0.0487093387850565,8.31142228332662,122.90171434406
GH18_1,GH18,1,1970s,707500.2048840352,6092499.4855571035,Cropland,0.281304770011372,0.0243546693941928,0.842571979380282,0,0.0072491259051356,0.0730640081825783,8.2718711769544,122.466106234201
GH19_1,GH19,1,1970s,707500.2494126634,6097499.455617712,Cropland,0.573890058310505,0.0052193571246569,0.464567164108367,0,0,0,8.31374192869189,119.352568469333
GH29_1,GH29,1,1970s,712500.2161125919,6097499.396182269,Cropland,0.567964942085279,0.0895483751566633,0.629953323427552,0,0,0.0730639961088182,8.29227563027844,118.801178514357
GH39_1,GH39,1,1970s,717500.2017694439,6097499.331568221,Cropland,0.634546857346019,0,0.473234672170892,0.0694472860580635,0,0.0730640117431043,8.25207839998929,119.167408896488
GH49_1,GH49,1,1970s,722500.216261824,6097499.372189741,Cropland,0.658648655267349,0.0230292002121162,0.504837668235369,0.183516551719247,0.0649562650575633,0.219207723760599,8.12828567060082,121.946870643884
GH59_1,GH59,1,1970s,727500.227613787,6097499.180401683,Forest,0.64221644298159,0,0.118428834889136,0,0.225974280329949,0.0486935997679034,7.8884353303012,127.286018755539
HA03_1,HA03,1,1970s,865472.2272740616,6117457.74120337,Forest,0.608931873398071,0.089094944711213,0,0.0663694259070302,0.229671084619721,0.0135029934600758,7.76415326135886,116.274280247199
HA04_1,HA04,1,1970s,865042.1703744105,6122447.22532909,Urban,0.77807686737635,0.347861749052162,0.193282362127738,0.0610759558988761,0.136822793596225,0.0423932287044556,7.67917271497596,117.785274179908
HA05_1,HA05,1,1970s,864612.115336128,6127436.838485431,Cropland,0.686978979849175,0.0522417167633541,0.442222005246054,0,0.224937295635717,0.0243643350849986,7.69821675205843,115.904260126564
HA06_1,HA06,1,1970s,864181.8076420787,6132426.559736473,Cropland,0.690270069639041,0.0808286862434538,0.475373043531187,0,0,0.116384890447437,7.44251162746185,124.759407662765
HA07_1,HA07,1,1970s,863751.2660785005,6137416.166926846,Forest,0.599838655809837,0.0648265216309686,0.114649690423014,0,0.131056806987022,0.0826818530405153,7.45376496541673,125.149065085624
HA13_1,HA13,1,1970s,870461.7980367357,6117887.195561998,Cropland,0.545799780736198,0.0422039970151969,0.655540154613886,0.0970917971197726,0.0874514480303673,0.0593171166177639,7.60969912483417,119.938041039598
HA14_1,HA14,1,1970s,870031.9513802049,6122877.127863388,Cropland,0.248579491236992,0,0.860714960976676,0,0.0907387711462877,0.0485462678770368,7.41786856544656,119.936909376024
HA15_1,HA15,1,1970s,869601.845051859,6127867.055503114,Cropland,0.0909333228751738,0.0477651364338692,0.952234863566131,0,0,0,7.30115910232277,122.566966291675
HA16_1,HA16,1,1970s,869171.5430810943,6132856.983802248,Cropland,0.364542410635846,0.00315969470851367,0.78261135144342,0,0.105798283952624,0.108430669895443,7.20642574117537,122.914242583032
HA17_1,HA17,1,1970s,868741.0008366904,6137846.685305342,Cropland,0.767920068996579,0.13166835450251,0.353119398627054,0,0.158313779590791,0.203930157462257,7.38401905884545,118.544550318764
HA22_1,HA22,1,1970s,875881.8221458339,6113327.073579225,Cropland,0.456985301381833,0.0257186585134117,0.303101024147805,0,0,0,7.75584590455192,116.303158829923
HA23_1,HA23,1,1970s,875451.795731092,6118316.966683082,Cropland,0.15774386833791,0.0863237185539341,0.913676281446066,0,0,0,7.50426886755114,119.281478158265
HA24_1,HA24,1,1970s,875021.9214742357,6123307.113310843,Forest,0.571382591351144,0.0670410779167324,0.381279547657441,0,0.527408507792213,0.0242708666336135,7.16284303265391,122.874832374031
HA25_1,HA25,1,1970s,874591.8354984492,6128297.258993814,Cropland,0.544999996339989,0,0.477679888623569,0,0.473777997417555,0.0485421139588758,7.18149062373549,118.295824006695
HA26_1,HA26,1,1970s,874161.4745486901,6133287.398365342,Forest,0.680464850009598,0.145627498139309,0.180540031390981,0.0732913909789062,0.498302098169105,0.0904924846035497,7.24942976809902,115.7476844452
HA32_1,HA32,1,1970s,880871.8114806362,6113756.340020944,Cropland,0.601834746448454,0.0298204778778676,0.57026169275953,0,0.13400804068365,0.0360904746689809,7.70730429247696,118.545031869535
HA33_1,HA33,1,1970s,880442.1265315809,6118746.823881969,Cropland,0.433046907028077,0.0156506098893361,0.70943256316388,0,0.250648428129055,0.0242683988177288,7.41204192777902,120.882834357449
HA34_1,HA34,1,1970s,880012.2234439113,6123737.194118903,Forest,0.253656670214145,0.00577098149679362,0.142104400281806,0,0.8521246182214,0,7.13013713761208,121.615010188578
HA35_1,HA35,1,1970s,879582.029386323,6128727.556359625,Cropland,0.259378047130997,0.0485375741557606,0.853886867625746,0,0.0956000599741168,0,7.19087383641817,115.729105531332
HA36_1,HA36,1,1970s,879151.6814159437,6133717.810436713,Cropland,0.733420262761867,0.121344931162339,0.177407385322,0.0116568957516528,0.103075413248088,0.138476964147497,7.48080031726696,109.349022798471
HA42_1,HA42,1,1970s,885862.3873392998,6114185.928670378,Cropland,0.418453644060515,0.128749438927194,0.745082716674414,0,0.0968636747524338,0.0124447603533831,7.70020570427514,117.269874287886
HA43_1,HA43,1,1970s,885432.6339030144,6119176.530447572,Cropland,0.509583930073038,0,0.525823071237788,0,0.462043865925785,0.0121330628364274,7.40694912966978,120.155095501092
HA44_1,HA44,1,1970s,885002.6913537935,6124167.24465621,Cropland,0.51491649275057,0,0.542204691812543,0,0.436140893538288,0.0216544146491694,7.23459891889977,116.587418859233
HA45_1,HA45,1,1970s,884572.525051827,6129157.732566417,Cropland,0.639698687512899,0.0485330460440464,0.535191172171314,0,0,0.145599138132139,7.41708819218694,110.763381354707
HA52_1,HA52,1,1970s,890853.2009991016,6114615.586654353,Urban,0.627015279953055,0.234420834244263,0.134380375864479,0,0.0634679314078315,0.024263652526553,7.79209897890092,112.42435998528
HA53_1,HA53,1,1970s,890423.4322463954,6119606.432185382,Cropland,0.75675995147585,0.150859583091039,0.364039775840609,0,0.208743862517085,0.0485276962771535,7.63189046384834,113.791907425994
HA54_1,HA54,1,1970s,889993.4047017333,6124597.271928037,Cropland,0.609968759116752,0.0587447147852784,0.580459149689765,0,0.200120386822552,0.0492243487064593,7.4865541052863,113.293781411853
AD90_3,AD90,3,2010s,447500.0709493527,6252499.57832838,Pasture,0.56490884344611,0,0.0459864669930725,0.37857579152538,0,0.0143047705050037,9.53574431702078,196.760619024112
AD91_3,AD91,3,2010s,447500.05017916387,6257499.546271402,Cropland,0.46167590948259,0,0.688677928514806,0.0566317937602494,0,0.010049896563162,9.51773525566579,197.585678964939
AD92_3,AD92,3,2010s,447500.02377636905,6262499.551973275,Cropland,0.35911557826827,0,0.765409515401888,0,0,0,9.4164774135172,205.748814248969
AD93_3,AD93,3,2010s,447499.9924736935,6267499.595406948,Cropland,0.684781123399938,0.024354667090847,0.46262620628773,0.0928095473411112,0,0.024354667090847,9.43999581796044,200.670802934712
AD94_3,AD94,3,2010s,447499.9570043505,6272499.676545255,Cropland,0.668016529420152,0,0.246145809869359,0.231498739138354,0,0,9.50055410730533,192.352564954999
AD95_3,AD95,3,2010s,447499.9167107371,6277499.684056323,Pasture,0.504079734813482,0.0463856708146477,0.0090620297948388,0.106402818592705,0,0,9.48853976418937,191.601454649853
AE93_3,AE93,3,2010s,447500.1701742312,6217499.746982312,Pasture,0.615968298204112,0.0243546670910123,0.13312605706855,0.293714591308718,0,0,9.5968545629041,194.678521931305
AE94_3,AE94,3,2010s,447500.1510277113,6222499.78450804,Pasture,0.734302276751256,0.0730640012684725,0.28908168772727,0.380133266656619,0,0.0243546670894908,9.57632422180502,196.322081249916
AE95_3,AE95,3,2010s,447500.18198725476,6227499.747924402,Cropland,0.719195817709949,0,0.380225880644222,0.277833152194631,0,0,9.56915016175862,196.315004690952
AE96_3,AE96,3,2010s,447500.139576756,6232499.638727918,Cropland,0.671794244000371,0,0.352907074598933,0.304084138975903,0,0,9.55884503091599,197.745587450135
AE97_3,AE97,3,2010s,447500.1513174165,6237499.67796077,Forest,0.766989335513065,0.0141069535730726,0.167253732934461,0.209951173221885,0.317083655982969,0.0570139996878382,9.52145759900594,202.144468640191
AE98_3,AE98,3,2010s,447500.15313399426,6242499.6437634,Pasture,0.734836424852048,0.0580747243501769,0.0243546670909719,0.286697147165005,0.173774689142721,0.00996133480344407,9.53736057857733,198.854502768896
AF81_3,AF81,3,2010s,442500.1384771916,6157499.787446427,Pasture,0.523921930954848,0.0241983715431819,0,0.294418903352814,0,0,9.66887919683771,190.740688135104
AF82_3,AF82,3,2010s,442500.15165183047,6162499.8084204225,Pasture,0.376063198949711,0.00754363900866076,0,0.17555084194273,0.0483967430845215,0,9.66402018107294,191.597065631795
AF91_3,AF91,3,2010s,447500.16279772675,6157499.807246089,Forest,0.654178306820982,0.134106965872082,0,0.380703334956054,0.421286941190134,0.00313188368009412,9.6624830265597,193.615506870335
AF92_3,AF92,3,2010s,447500.2057250942,6162499.834014087,Pasture,0.497687482361419,0.00764108706944922,0,0.565863210090243,0.426495702840308,0,9.6520807116914,193.665351505975
AF93_3,AF93,3,2010s,447500.1653840631,6167499.788514787,Pasture,0.512264292109657,0.00461439490825975,0,0.642106031334025,0.256088209023532,0,9.64637633036197,195.333174067195
AF94_3,AF94,3,2010s,447500.1697669054,6172499.780493908,Forest,0.588030193140901,0,0,0.105026819195053,0.462497868309541,0,9.64792945355784,195.535244848208
AF95_3,AF95,3,2010s,447500.15525057766,6177499.699395254,Pasture,0.611041028482924,0,0,0.237375598570483,0.180104056457683,0,9.63628339141532,198.213967456488
AF96_3,AF96,3,2010s,447500.12389998813,6182499.65648123,Forest,0.62632989075619006,0,0,0.0914840822159712,0.202778689883147,0,9.6182340518584,199.018140055844
AF97_3,AF97,3,2010s,447500.13908220717,6187499.650967309,Pasture,0.511141682435051,0.049285398300197,0,0.14973892529484,0.0687771966760554,0.00174113028545517,9.63417025185354,194.862985441888
AF98_3,AF98,3,2010s,447500.13873657817,6192499.683587027,Pasture,0.485786425980842,0.0556632768568694,0,0.155566006167684,0,0.0104362032552896,9.61680218971684,193.483751985964
AF99_3,AF99,3,2010s,447500.1235891788,6197499.754315107,Pasture,0.483013113804253,0,0,0.375479783696907,0,0.0121773335447009,9.61506583316981,193.708406372519
BC10_3,BC10,3,2010s,457500.06312543934,6302499.745828598,Pasture,0.573891791319865,0,0,0.611443404741129,0.131891818684077,0,9.38039313801377,201.727877865982
BC11_3,BC11,3,2010s,457500.0287272008,6307499.784091797,Pasture,0.559640314739713,0,0,0.267556290359603,0.0263099455873743,0.0608866691548162,9.40498370192227,201.030281188321
BC20_3,BC20,3,2010s,462500.0832758646,6302499.782276433,Forest,0.695624957633604,0.00543142722909764,0.214282961224235,0.140571027894074,0.458060977245698,0.0274717799209413,9.40491990749084,194.359551816398
BC21_3,BC21,3,2010s,462500.08463837503,6307499.738256342,Forest,0.488187443920148,0,0.0122865437952942,0.255354748785947,0.665291517552715,0.0502678911638674,9.38020063721433,198.812263774321
BC22_3,BC22,3,2010s,462500.0351017802,6312499.731527806,Pasture,0.672534034568877,0.0243546674701888,0,0.377249600568483,0.236671222441566,0.00330308978068017,9.3861773147527,202.226590937683
BC30_3,BC30,3,2010s,467500.03225555073,6302499.688678854,Cropland,0.250445664164378,0.121879289794346,0.85688315468945,0,0,0.0212375555162041,9.40183440015615,200.472878158155
BC31_3,BC31,3,2010s,467500.0700814336,6307499.683991895,Cropland,0.545728876548502,0.0391467763495599,0.627685169187457,0.117092509388116,0.181102099280503,0.0349734457943635,9.40541944204627,197.033192036031
BC32_3,BC32,3,2010s,467500.03942602925,6312499.716500132,Forest,0.509470981650787,0,0.281681696518492,0.0801482672212898,0.63561652306254,0.0025535131976774,9.3652098868568,200.263648147133
BC33_3,BC33,3,2010s,467500.06162332307,6317499.67391025,Forest,0.533338534255413,0,0,0.256168054609147,0.62310778082121,0.0133746534340184,9.34781737831899,205.108533149164
BC34_3,BC34,3,2010s,467500.01645873167,6322499.668462578,Pasture,0.38271105023832,0,0,0.166339411153957,0.0653671197986961,0.00326223136249251,9.41602629207949,201.702029407936
BC40_3,BC40,3,2010s,472500.05137193855,6302499.68679326,Cropland,0.0812720272412415,0.042436904482694,0.957563095517306,0,0,0,9.38432953337764,206.389785830476
BC41_3,BC41,3,2010s,472500.0641984955,6307499.732148187,Cropland,0.455845153649602,0.347780051887205,0.650539050667606,0,0.00168089744518877,0,9.38187357529286,203.186060169045
BC42_3,BC42,3,2010s,472500.05119154515,6312499.702867677,Cropland,0.238201862836453,0.045961484495204,0.86939600431658,0.00543741713527093,0.0212998447964937,0.0579052492564513,9.35569536633975,201.280532769565
BC43_3,BC43,3,2010s,472500.07431792136,6317499.709834675,Forest,0.714344408083849,0.0243546673298177,0.0939043190728447,0.0623117261707087,0.449827316741008,0.207248241095219,9.28822501518729,206.206414850281
BC44_3,BC44,3,2010s,472500.07316175365,6322499.753427244,Pasture,0.666521040171359,0,0.00191759048918121,0.424235900919608,0.358775650141922,0.0447601408493654,9.38290764989452,203.679526676781
BC45_3,BC45,3,2010s,472500.04746136797,6327499.722303724,Pasture,0.435506945748095,0,0,0.320426819580561,0,0,9.41277623712028,205.42511123908
BC50_3,BC50,3,2010s,477500.03517784266,6302499.666388486,Cropland,0.705974210989138,0.0974186720438042,0.41691377309905,0.0543876156657036,0,0.0361644753147433,9.44309510865104,201.147377338603
BC51_3,BC51,3,2010s,477500.0219923793,6307499.660629535,Cropland,0.59894403864896,0.0775932457830977,0.543234104755382,0.00682880332212871,0.00188188553690636,0.0504907275334045,9.41674351716106,199.758431399167
BC52_3,BC52,3,2010s,477500.0270955203,6312499.691159323,Cropland,0.51261182817213,0.240429564880964,0.652302345154986,0,0.0472731197816485,0.0349472621993776,9.34925561601443,205.058521888833
BC53_3,BC53,3,2010s,477500.050134716,6317499.646637439,Cropland,0.571609888897108,0.101869109892906,0.615890897768565,0.020288673709048,0.17415878208223,0.0877925365472511,9.29755486739808,204.656501393577
BC54_3,BC54,3,2010s,477500.091967421,6322499.63835183,Forest,0.788762030538706,0.0338646879557476,0.173596192858301,0.216116095180288,0.306515717430417,0.12377929851877,9.33227894124364,205.868754508434
BC55_3,BC55,3,2010s,477500.0922437846,6327499.666607962,Pasture,0.653086521293115,0.00855788797426621,0.160890199718809,0.518470472949444,0.197546991365126,0.114534447992355,9.34006444518431,209.842942937096
BC60_3,BC60,3,2010s,482500.0626082632,6302499.738540966,Cropland,0.171354517007055,0.0487093352957614,0.906046601466606,0.026754360118255,0,0.0184897031193777,9.37079010285627,214.59841584715
BC62_3,BC62,3,2010s,482500.04548227973,6312499.681136523,Urban,0.631718469139199,0.417636253624859,0.122670780518915,0.0029283014807147,0,0.0369794062374888,9.44382254311665,202.242989944298
BC63_3,BC63,3,2010s,482500.06870340253,6317499.706708531,Cropland,0.259756420065405,0.137405183515564,0.847257117235424,0.0153376992490126,0,0,9.39311825037472,200.06060318308
BC64_3,BC64,3,2010s,482500.09264614136,6322499.657199486,Cropland,0.50355680892527,0.0229735896390526,0.680137545379257,0.129747003516746,0.0584174481813552,0.108724413283589,9.43704768371593,195.382233109916
BC65_3,BC65,3,2010s,482500.0574243303,6327499.644156614,Grass/Shrubland,0.7786258360984,0.0157967798011419,0.250245742000806,0.25859845006854,0.10079855762302,0.260030419993435,9.39933472865079,201.218375626138
BC70_3,BC70,3,2010s,487500.0281488765,6302499.681272506,Cropland,0.341405062306283,0,0.785415465968923,0.182660007563072,0,0.00888441684596485,9.46669583008151,203.743395736602
BC71_3,BC71,3,2010s,487500.02372481115,6307499.714883644,Cropland,0.644476744541905,0.121773338367422,0.245749057391838,0,0,0.084793932089588,9.49126932319615,205.767038912696
BC72_3,BC72,3,2010s,487500.06305016344,6312499.673261789,Cropland,0.624143327383353,0.106216117498462,0.228025401860031,0.0487093353482197,0.00195592314904601,0.0117299290693924,9.4952662806993,203.569752373166
BC73_3,BC73,3,2010s,487500.0249803983,6317499.668063927,Cropland,0.320786481681012,0,0.803028513295859,0,0.00617777799650277,0.182660007558223,9.45701312258393,203.313259621139
BC74_3,BC74,3,2010s,487500.03132666176,6322499.698896714,Cropland,0.526190688783526,0.048709335347059,0.660091863465426,0.11224500717923,0.131580179516852,0.0473736144914329,9.46540204218275,205.381012961473
BC75_3,BC75,3,2010s,487500.08176904864,6327499.654417714,Pasture,0.682455721770789,0,0,0.427370132462134,0.338985676155202,0.0576136969051824,9.47509080647489,202.980099387879
BC81_3,BC81,3,2010s,492500.041047909,6307499.729905474,Cropland,0.540460178284031,0.175381500981237,0.633620274027402,0.00815042298440071,0.00178139149686473,0.00178139149677921,9.48496057220353,211.391118329013
BC82_3,BC82,3,2010s,492500.03649829555,6312499.667744995,Pasture,0.573667153220979,0.0620765097260102,0.0056433190659963,0.146128006602209,0.0323305590880345,0.0712826117981118,9.52494407140548,206.283757729672
BC83_3,BC83,3,2010s,492499.997856006,6317499.641786334,Pasture,0.740989158055408,0.0487093355347059,0.06210593946736,0.178272025939808,0.0308183515111081,0.027997330284173,9.52552638537347,203.401908803944
BC84_3,BC84,3,2010s,492500.0467049848,6322499.651782474,Forest,0.579055977164362,0.0243546677664559,0.0834084470476761,0.208169657393442,0.605135818861575,0.0281820259185185,9.47223992846134,208.434739335038
BC85_3,BC85,3,2010s,492500.0614262203,6327499.586613408,Forest,0.529451736554068,0,0,0.430287174544912,0.529003745684728,0.04070907977036,9.45837757936996,208.976188773932
BC93_3,BC93,3,2010s,497500.0048648076,6317499.628014286,Pasture,0.485048396724595,0.0703543557785823,0.0370887667171814,0.111266300151545,0,0.0207120051811717,9.54375395098174,207.582425435347
BC94_3,BC94,3,2010s,497500.0354478817,6322499.62760691,Pasture,0.689268922180673,0.0266401274048868,0.13071391331395,0.488568994729132,0.166714001521737,0.0487093353700269,9.51435552895859,205.583478485001
BC95_3,BC95,3,2010s,497500.0144291096,6327499.551978993,Forest,0.574994023001486,0.0478609602733503,0.0580521058344307,0.31131364459292,0.565417954160583,0.017355335138717,9.48469981667292,206.877812930514
BC96_3,BC96,3,2010s,497500.0027015511,6332499.623702109,Forest,0.55213898539811,0,0,0.0547796056581801,0.618818704398731,0,9.47595151472922,209.484180903601
BD00_3,BD00,3,2010s,452500.055170292,6252499.551853021,Cropland,0.672354210565275,0.0143047711355446,0.464767750867215,0.302873228816952,0.0443363798280038,0.100653864859381,9.53896449071347,202.148711337698
BD01_3,BD01,3,2010s,452500.062128352,6257499.642154956,Cropland,0.0785772041294207,0.0100498970061024,0.959554395902997,0,0.0227875583882972,0.00760814870260364,9.49756005857088,203.410674473185
BD02_3,BD02,3,2010s,452500.0451360465,6262499.658862274,Cropland,0.292809601175278,0.178090825842576,0.82187228643794,0,3.68877194836126e-5,0,9.36270805239285,207.754103528405
BD03_3,BD03,3,2010s,452500.00491227995,6267499.601946497,Cropland,0.0926734737660433,0.0487093363285939,0.951290663671406,0,0,0,9.36847227951856,201.037937027978
BD04_3,BD04,3,2010s,452500.0060987118,6272499.69329495,Cropland,0.329734382502461,0.048709336326083,0.807431699390531,0.0135931590610344,0,0.00532269343114171,9.46638089475317,195.493439625
BD05_3,BD05,3,2010s,452499.98535578116,6277499.71096541,Pasture,0.49658146598631,0.081542015960403,0.0290019192408126,0.106752924490634,0,0.0433866428818698,9.50319597607185,192.027289970291
BD06_3,BD06,3,2010s,452500.00592764583,6282499.765541134,Urban,0.531779448865229,0.14080531551933,0,8.68240509841608e-4,0,0,9.48803445641184,192.071041527756
BD07_3,BD07,3,2010s,452500.0058695333,6287499.746381921,Pasture,0.370510200648366,0.0235230135783356,0,0.181246146368531,0,0,9.49231411128926,192.014200336059
BD08_3,BD08,3,2010s,452499.9871680592,6292499.764766518,Pasture,0.438861066353141,0,0,0.174935505306242,0,0,9.48383727691975,191.929664609797
BD10_3,BD10,3,2010s,457500.0642796085,6252499.626853711,Cropland,0.490430701430325,0.048709335326563,0.689811566566583,0.0167465191168541,0.146128005979689,0.0986045730103112,9.52706895800653,207.660795662271
BD11_3,BD11,3,2010s,457500.03424585843,6257499.62756949,Forest,0.62468744826117,0.0487093353236198,0.230389357489055,0,0.53367211443894,0.187229192748385,9.46405798879842,208.604115680498
BD12_3,BD12,3,2010s,457500.0261392312,6262499.665304576,Forest,0.558404426089828,0.0654558544393135,0.449598292356874,0,0.484945853203813,0,9.3631044442041,207.424999981197
BD13_3,BD13,3,2010s,457500.03933642176,6267499.628727978,Cropland,0.640990813824883,0.292256011959695,0.506988463592841,0.044100214196084,0,0.0441002141960563,9.34184221392785,205.574337226572
BD17_3,BD17,3,2010s,457500.0192793853,6287499.743606095,Cropland,0.465918559443751,0.0169410152542819,0.287461162238927,0,0,0,9.29726286033277,216.251489613184
BD18_3,BD18,3,2010s,457500.0290933364,6292499.781524262,Cropland,0.568113353800594,0,0.61934954797363,0.0334930382325311,0,0.0657452345819813,9.41404941316378,200.589048614312
BD19_3,BD19,3,2010s,457500.063487968,6297499.744964002,Pasture,0.783077156857857,0.0243546676620339,0.195072705895275,0.295968334295172,0.24959423390312999,0.0979227350948555,9.43854658681581,195.396435460136
BD20_3,BD20,3,2010s,462500.0521724849,6252499.692892568,Cropland,0.487697690121155,0.0243546674708611,0.680656880875838,0,0.156468596062751,0.13851985559055,9.48309195275869,215.762519935906
BD21_3,BD21,3,2010s,462500.04652625887,6257499.613366459,Forest,0.320490096795316,0,0.0752007110866953,0.048709334938827,0.817330722315913,0.0587592316585644,9.42280217069296,217.004577966036
BD22_3,BD22,3,2010s,462500.04672205047,6262499.682150681,Forest,0.532341622700788,0,0.475539849675417,0.00935133734834374,0.490754145506837,0.0243546674694014,9.36972618417514,209.937968781542
BD23_3,BD23,3,2010s,462500.05127489346,6267499.676611281,Cropland,0.0945400147905879,0,0.950255474819248,0,0,0,9.24941203153204,214.049477877796
BD26_3,BD26,3,2010s,462500.0396707308,6282499.770858137,Grass/Shrubland,0.719488971064998,0.0322337320053182,0.198995612546924,0.0974186698777999,0.00322355450138304,0.393956505929734,9.46749274992834,203.400103046142
BD27_3,BD27,3,2010s,462500.0084153306,6287499.80222181,Cropland,0.241124753190726,0.0791037284559225,0.866059153757527,0,0.0183051165818523,0.036532001204698,9.22283466128752,212.37237190795
BD28_3,BD28,3,2010s,462500.04522956035,6292499.758577253,Cropland,0.219467421848422,0.0758917319972467,0.879058317236097,0,0,0.0450499507666564,9.29407289646787,204.29198346007001
BD29_3,BD29,3,2010s,462500.0292985126,6297499.752303558,Cropland,0.412403584389158,0.17128546995562,0.744292604146689,0.00470432264763274,0.0630092903046285,0.0167083129454295,9.39924365650276,198.692322973544
BD30_3,BD30,3,2010s,467500.09666782786,6252499.638327593,Cropland,0.244102156220697,0.0199817115601609,0.865383477197102,0,0.0528765497155199,0.061758261527217,9.43382524248643,224.565721873158
BD31_3,BD31,3,2010s,467500.0543298067,6257499.600372754,Forest,0.508556597057668,0,0.292617242557807,0,0.632638837516599,0.0747439199255943,9.3762896391359,219.029012908931
BD32_3,BD32,3,2010s,467500.06232946395,6262499.710226541,Cropland,0.339558587396715,0,0.800177548787695,0.112422002618602,6.93381007473009e-4,0.0867070675862309,9.38054496427746,212.270202238167
BD33_3,BD33,3,2010s,467500.0568793725,6267499.634422292,Cropland,0.681502412355569,0.0243546680384672,0.428291836457891,0,0,0.128202727598898,9.44057902089683,199.458455207863
BD35_3,BD35,3,2010s,467500.0749060298,6277499.704398919,Cropland,0.584092960613199,0,0.427618835760579,0,0,0.0438111254833878,9.50178847436143,211.038890827881
BD36_3,BD36,3,2010s,467500.0370856172,6282499.739297631,Cropland,0.638332803002698,0.0243546680370046,0.301628747992365,0,0.0723354132674092,0.0960826576360995,9.47642914911674,204.069548598356
BD37_3,BD37,3,2010s,467500.0506595336,6287499.810571126,Cropland,0.760948784243897,0.0455922235524419,0.418516802364145,0.0730640041120181,0.11315059345524,0.13656544849897,9.43214800904353,192.720242743358
BD38_3,BD38,3,2010s,467500.0539126969,6292499.807359152,Cropland,0.483825302063,0,0.64221132695591,0,0,0,9.42818752418514,190.500813332284
BD39_3,BD39,3,2010s,467500.0473273079,6297499.729633846,Cropland,0.441517059030449,0.115433165490329,0.721473113803475,0,0,0.153814300059567,9.41232439255192,198.234210988821
BD40_3,BD40,3,2010s,472500.0931846446,6252499.686959085,Cropland,0.36765448781023,0.087545524063279,0.78111857983756,0,0.120030153839655,0.0113057422595065,9.37434788805417,227.012095986431
BD41_3,BD41,3,2010s,472500.0753691514,6257499.700065501,Cropland,0.476985626400195,0.14303256813952,0.688637005758031,0,0,0.168330426102449,9.41771995067793,216.658075527866
BD42_3,BD42,3,2010s,472500.0892348051,6262499.638397401,Cropland,0.646876427937814,0.262753225956763,0.517699166359557,0,0,0.0747935287930697,9.49501427443925,208.559480146618
BD43_3,BD43,3,2010s,472500.0750117887,6267499.724942416,Cropland,0.647174639952913,0.0487093346605009,0.278027456800268,0.0487093346605009,0,0.0212910200659686,9.53180216794695,209.853440456559
BD44_3,BD44,3,2010s,472500.09313145553,6272499.736661749,Grass/Shrubland,0.672501661786536,0.122902736102737,0.102196566702514,0,0,0.169108746220919,9.54322734154948,211.319338942027
BD45_3,BD45,3,2010s,472500.082515051,6277499.673930096,Cropland,0.46849021596128,0.144998604485425,0.706352704709602,0.0236677047893499,0,0.0487093346607335,9.4514580855704,214.102120681493
BD46_3,BD46,3,2010s,472500.04509961524,6282499.759338391,Cropland,0.515099716638508,0.0243546673288098,0.261592503567256,0,0,0,9.52418787391363,202.804429151635
BD47_3,BD47,3,2010s,472500.0410912281,6287499.769842108,Cropland,0.622339770801565,0.0243546673291354,0.31997364631304,0.0243546673291354,0,0.0339172267760198,9.51790035631078,201.61624040056
BD48_3,BD48,3,2010s,472500.0707461879,6292499.705413405,Cropland,0.485755500410449,0,0.303315800486442,0,0,0,9.5206629996119,198.16170048883
BD49_3,BD49,3,2010s,472500.07474827545,6297499.789050161,Cropland,0.549068543065875,0.0306270974894598,0.498910762864901,0,0,0.0226114845171825,9.47490395510597,199.671797134801
BD50_3,BD50,3,2010s,477500.11881933274,6252499.615843311,Cropland,0.0683191678958939,0.0354137151700957,0.964586284829904,0,0,0,9.39460855330446,226.304748109606
BD51_3,BD51,3,2010s,477500.0634254692,6257499.690373675,Cropland,0.561312356226436,0.118531481064794,0.596965216814343,0,0,0.0243546680093012,9.51133914720811,212.294174303153
BD55_3,BD55,3,2010s,477500.05691394093,6277499.685499792,Grass/Shrubland,0.541373789445499,0.0730640040325817,0.0288631356847216,0.0250416305710391,0,0.121773340054303,9.56245008327245,205.465804104713
BD56_3,BD56,3,2010s,477500.0801616678,6282499.719876353,Cropland,0.589290082824253,0.00855788797354995,0.280565427444406,0.121773340046478,0,0.0251863225859547,9.54814470413944,207.465913769636
BD57_3,BD57,3,2010s,477500.05835724296,6287499.679689139,Cropland,0.461734934694706,0.0487093360192388,0.71597315566719,0,0,0.0867779503630628,9.48080291895908,212.731928677975
BD58_3,BD58,3,2010s,477500.0542861005,6292499.787203539,Cropland,0.410796051356107,0,0.756303409684802,0.0694046197757962,0.0329125559845247,0.0963294627895145,9.42486503183168,214.992379407546
BD59_3,BD59,3,2010s,477500.06639862224,6297499.708461465,Urban,0.622304679645681,0.123092335958638,0.0483483577265312,0.101078056281914,0,0.113622916953492,9.52272746012367,200.627979893635
BD60_3,BD60,3,2010s,482500.06846866757,6252499.64834874,Cropland,0.245043835587222,0.0369794062383672,0.863027081395653,0.0071523854161642,0,0.0928411269498156,9.44743130596678,220.841616849911
BD61_3,BD61,3,2010s,482500.09796961857,6257499.682375004,Cropland,0.67679011062132,0.0829958182106958,0.494770321544362,0.0812835212214254,0,0.115068357571002,9.52541621303509,217.176524466754
BD64_3,BD64,3,2010s,482500.05279373936,6272499.67016245,Cropland,0.560606603858683,0.0243546676463976,0.574654457341433,0,0.0522079740503507,0.0243546676463976,9.50014252564833,224.292342480509
BD66_3,BD66,3,2010s,482500.0376611929,6282499.732977217,Cropland,0.565716936986862,0.0157967798003142,0.574099250739824,0,0,0.104178444647102,9.53543777345847,211.888728535763
BD67_3,BD67,3,2010s,482500.0596615541,6287499.763232267,Cropland,0.055773098415809,0,0.971491724704219,0,0.0107634689982005,0.0177448062975809,9.44352470627585,215.138762222203
BD68_3,BD68,3,2010s,482500.01980244165,6292499.718820099,Cropland,0.3286243038813,0.0243546676474782,0.810635262420721,0,0.0780973137224035,0.0869127562093975,9.34283554808432,214.585868859343
BD69_3,BD69,3,2010s,482500.0410989809,6297499.710512316,Cropland,0.174966755211026,0.0902347101657117,0.903676622922692,0,0,0.00608866691159597,9.479448523339,207.32889298055
BD70_3,BD70,3,2010s,487500.0817826781,6252499.672654292,Cropland,0.45315496179162,0.100402686943393,0.720337227461743,0.0243546676748271,0.128870718001664,0.0260346999183723,9.36238502311188,236.136400389483
BD71_3,BD71,3,2010s,487500.07274000347,6257499.676720983,Cropland,0.502685035532669,0.175993391168304,0.671913489494531,0.00877611981674583,0.0243546676733905,0.118962331847028,9.4206559610653,230.604386103794
BD72_3,BD72,3,2010s,487500.10657854204,6262499.717117674,Cropland,0.7800922040649,0.200278117046245,0.259277658791342,0.122813501718226,0.198202548665027,0.21942817377916,9.58277654992211,220.4609423911
BD73_3,BD73,3,2010s,487500.0600253826,6267499.6828794535,Pasture,0.710622289031351,0.0679774743780186,0.340994379224013,0.392141848321952,0.0332364478683682,0.0623662149731495,9.58660041941725,215.594483095189
BD74_3,BD74,3,2010s,487500.05668077216,6272499.684921809,Cropland,0.208450642684434,0,0.883584513102012,0.00724094719806004,0.00714674788705828,0.10202779181287,9.49079913522016,217.085472450854
BD75_3,BD75,3,2010s,487500.09656343656,6277499.723220508,Cropland,0.700663325904048,0.246093942207738,0.456112936218944,0.0193213583493416,0.0350921967278904,0.151992970584754,9.52816593543019,215.198537280296
BD76_3,BD76,3,2010s,487500.05683605693,6282499.686808519,Pasture,0.606547729531066,0.00558643568750831,0.00772854839683102,0.305423022533978,0.0912643227774131,0.0177337669767359,9.57524344330338,207.905122843199
BD77_3,BD77,3,2010s,487500.0606638972,6287499.686602905,Cropland,0.670214458057394,0,0.444292097171368,0,0.118945608715316,0.105413498470575,9.49968292566108,207.736544642113
BD78_3,BD78,3,2010s,487500.04695056047,6292499.722763024,Cropland,0.290750804929992,0.0527761859240494,0.836574193907514,0.0284215182493749,0.0758917326325923,0,9.4408608126024,205.170935231442
BD79_3,BD79,3,2010s,487500.0155984107,6297499.6839520885,Cropland,0.0217773302635198,0.00586496453463228,0.989020786630058,0,0,0.00511424883530993,9.46124725334436,209.36685100717
BD80_3,BD80,3,2010s,492500.052342845,6252499.689303762,Cropland,0.430483828624507,0.062708000677874,0.71996823507791,0,0.217323764244216,0,9.39007139549119,222.817273292962
BD81_3,BD81,3,2010s,492500.0663517555,6257499.67318747,Cropland,0.631743862300492,0.133950672714849,0.465868774367001,0,0.361827220010301,0.0383533329078485,9.48528849308269,212.382154626181
BD82_3,BD82,3,2010s,492500.0446139241,6262499.693544938,Forest,0.369733039226956,0,0.0409101635156486,0.0974186710651052,0.782823392995676,0.0788477724235697,9.56764530779788,217.846460409423
BD83_3,BD83,3,2010s,492500.04863837245,6267499.638934148,Cropland,0.689235961266582,0.024354667767805,0.389534834836686,0.0811744865972153,0.360806114581014,0.144129896217279,9.58148023440699,216.438314199263
BD84_3,BD84,3,2010s,492500.0788364224,6272499.731946048,Cropland,0,0,1,0,0,0,9.46344519380023,223.269411344251
BD85_3,BD85,3,2010s,492500.0734845984,6277499.750050906,Cropland,0.0643283755969646,0.0127072423651059,0.967004940457222,0.0202878171776724,0,0,9.46278058116007,217.862962094816
BD86_3,BD86,3,2010s,492500.0328117953,6282499.693222406,Cropland,0.741871416068987,0.0283464134295399,0.413812416284064,0.119369797378811,0,0.0754200936309601,9.54653771319353,211.822371247273
BD87_3,BD87,3,2010s,492500.0796249006,6287499.672523582,Cropland,0.781586369713158,0.211456319503421,0.280541682059303,0.0957553619236185,0.00807260178850108,0.268175022964031,9.50697026753011,213.844944818288
BD88_3,BD88,3,2010s,492500.0303709486,6292499.688262614,Cropland,0.512905714055333,0.0920748180214302,0.117979124559178,0.020287817177394,0.0284593998457693,0.0379458664610273,9.55610505531486,202.810030566174
BD89_3,BD89,3,2010s,492500.00758350815,6297499.740193662,Urban,0.494625621036299,0.194837342131914,0.104487409862551,0,0,0.025512849184806,9.56363535605128,201.793145647726
BD90_3,BD90,3,2010s,497500.0588251114,6252499.698183741,Cropland,0.526654343562544,0.054344358193771,0.651240372238761,0,0.0671376998932074,0.202922901987978,9.53230843392405,210.683514387874
BD91_3,BD91,3,2010s,497500.03416951664,6257499.671954378,Cropland,0.612007448878377,0.0485912530096913,0.579391696912918,0.0900474623474821,0.110489034580882,0.171480553149026,9.58167874095248,210.885275422342
BD92_3,BD92,3,2010s,497500.0799421015,6262499.6820673505,Pasture,0.734425148074465,0.0342864821336414,0.309812541543298,0.351570692776737,0.189767040115772,0.0462264438825637,9.60215998544151,212.759838184805
BD93_3,BD93,3,2010s,497500.07296910265,6267499.728574473,Cropland,0.364160364086692,0.0628260833973447,0.789220913484353,0.0540469381889438,0,0.0648241937800273,9.57410763159129,215.437875914625
BD94_3,BD94,3,2010s,497500.0748110663,6272499.700105536,Cropland,0.249549223881136,0.146128006110356,0.853871993889644,0,0,0,9.43688584545532,221.487962580943
BD95_3,BD95,3,2010s,497500.02420617704,6277499.707981611,Cropland,0.0475230356966316,0.0243546676864324,0.975645332313568,0,0,0,9.43077919547986,213.956344869191
BD96_3,BD96,3,2010s,497500.0438990338,6282499.752103166,Cropland,0.0673833290962575,0.0242841132432259,0.965359884166565,0,0,0,9.48274736946533,216.533054526164
BD97_3,BD97,3,2010s,497500.0724178304,6287499.721172826,Cropland,0.169389269904832,0.093422375126737,0.906577624873263,0,0,0,9.45792323386577,216.081447323428
BD98_3,BD98,3,2010s,497500.04871990596,6292499.726513864,Cropland,0.58995889184973,0,0.471849130229277,0.418878270505966,0,0,9.56833515768222,207.172553739235
BD99_3,BD99,3,2010s,497500.0340011228,6297499.6567514995,Cropland,0.464854868669589,0,0.120500775775361,0.0182331851362529,0.024354667685028,0.0482851478200763,9.56399038957861,211.186279053618
BE03_3,BE03,3,2010s,452500.11633685895,6217499.746191076,Cropland,0.670367942307278,0.235507864471983,0.258968727225673,0.0499165570320556,0,0,9.6032079373974,200.107435438169
BE04_3,BE04,3,2010s,452500.11632998136,6222499.685172294,Cropland,0.636334382201469,0.00650859509945752,0.40250423701142,0.0535907826506087,0,0.105026821354451,9.59174520768399,199.084068738517
BE05_3,BE05,3,2010s,452500.15106356906,6227499.661355034,Cropland,0.655701566733669,0,0.436293641611024,0.107052392785382,0,0.105026821359212,9.58297841359167,200.866795753853
BE06_3,BE06,3,2010s,452500.1590520394,6232499.675403499,Cropland,0.397867986236978,0.0559839092217922,0.755320922686733,0.141053651074483,0,0,9.56660717757408,202.651291142184
BE07_3,BE07,3,2010s,452500.1397759422,6237499.615993101,Cropland,0.413399135688856,0.00878743269171646,0.735797651021782,0.198307758047456,0.00232366346979189,0,9.55189398533074,201.714413408433
BE08_3,BE08,3,2010s,452500.095196037,6242499.594395928,Cropland,0.691126525091604,0.0548346185535535,0.19473663474145,0.0940646034806121,0,0,9.55932887968218,200.127388893883
BE09_3,BE09,3,2010s,452500.0878081365,6247499.609894695,Cropland,0.738394569722373,0.0243546681630352,0.294317471426044,0.289349954421821,0.0287276246500328,0.077436960976344,9.54851813555081,202.727285594781
BE11_3,BE11,3,2010s,457500.10127285187,6207499.743524788,Cropland,0.588587672085284,0,0.357986481742367,0.125622801045002,0,0,9.63426427045241,204.413053639592
BE12_3,BE12,3,2010s,457500.1500305779,6212499.741318243,Cropland,0.612817737784848,0.0243546676619466,0.541671134794014,0.0955244858351802,0,0.0322689258921757,9.61970691456021,206.10794084594
BE13_3,BE13,3,2010s,457500.15345753945,6217499.776981724,Cropland,0.544140828794667,0.134641038038487,0.642776617216696,0,0.0730640029905183,0.138213747730346,9.56982582087669,208.327731045719
BE14_3,BE14,3,2010s,457500.1111617552,6222499.739193365,Cropland,0.441741639102283,0.0860811929169842,0.733504318270631,0.0487093353239785,0.0487093353239785,0.0829958181644274,9.55052043493065,210.135817387721
BE15_3,BE15,3,2010s,457500.1490842873,6227499.737989361,Cropland,0.647006778519991,0.0730640029892378,0.52159375720477,0.0712855001006664,0.0847631777051769,0.249293562000149,9.55506255979347,210.187588690523
BE16_3,BE16,3,2010s,457500.14241573645,6232499.663280108,Cropland,0.709107494891509,0.0160122756290268,0.400980264979976,0.169440274150355,0.29297154703612,0.120595638204522,9.5173017675484,212.624139969635
BE17_3,BE17,3,2010s,457500.0929771521,6237499.626338543,Cropland,0.563374755798619,0.212318103895693,0.611897171715004,0.124976796161035,0.0358489591499523,0,9.52667422485106,209.734046604492
BE18_3,BE18,3,2010s,457500.12517345103,6242499.625902592,Cropland,0.620212829227812,0.0810416802387253,0.539652657373783,0.252165261554811,0,0.0187958096061584,9.5621322385634,207.598440649969
BE19_3,BE19,3,2010s,457500.1157411464,6247499.663183419,Forest,0.681988868677649,0.00956228644901416,0.320505481987389,0.0740195849276304,0.424754610041358,0.171158036594608,9.53667492432603,210.188230750227
BE20_3,BE20,3,2010s,462500.11838367645,6202499.747712504,Cropland,0.364246768269567,0,0.787089849274001,0.0379840752386113,0.00470484529064739,0.0730640024110657,9.63408173614639,213.134988338778
BE21_3,BE21,3,2010s,462500.0952010719,6207499.74191438,Cropland,0.371978878682458,0.0933835574820237,0.782409238036955,0.00681470388403649,0.0686831656566274,0.048709334940357,9.56472213856616,219.434149591609
BE22_3,BE22,3,2010s,462500.1342590039,6212499.772833126,Cropland,0.147402710486265,0.00403511238475841,0.920514303479573,0.00340735194192914,2.58223584129353e-4,0.0717850086096103,9.48703535514651,224.342865419048
BE23_3,BE23,3,2010s,462500.11044103146,6217499.730235226,Cropland,0.119185891470058,0.0243546674710718,0.937543221503375,0,0.0031171124494921,0.0349849985760615,9.46353567626731,221.358388218608
BE24_3,BE24,3,2010s,462500.1496938069,6222499.724303068,Cropland,0.695565018248286,0.0426206680717462,0.460614272517227,0.097418669878277,0.222049013362023,0.177297376170726,9.44990577010241,221.58183416138
BE25_3,BE25,3,2010s,462500.12816557044,6227499.756101517,Forest,0.396498956529821,0,0.203017858266576,0,0.748272806792156,0.048709334941268403,9.42263568340975,223.817961972878
BE26_3,BE26,3,2010s,462500.1075739042,6232499.713761374,Forest,0.448195958767052,0,0.159757412586533,0.0974186698793202,0.71846925006431706,0.02435466746983,9.41795046097419,222.817037214464
BE27_3,BE27,3,2010s,462500.0893851709,6237499.708556035,Forest,0.240239652883637,0,0.138259041620185,0,0.860606470731197,0.00113448764861852,9.43581608545893,221.440636127285
BE28_3,BE28,3,2010s,462500.13495159394,6242499.628613053,Cropland,0.64690013174896,0.00525927425886935,0.451829291002119,0.1133992957833,0.359349002871859,0.0701631360838527,9.51499445634944,216.130881800995
BE29_3,BE29,3,2010s,462500.12296665786,6247499.697601233,Cropland,0.494331049134162,0.0839707693775871,0.689578171174699,0.0125074304932622,0.111759546422029,0.102184082532423,9.53277913089263,212.926371263821
BE30_3,BE30,3,2010s,467500.10730380483,6202499.828305079,Cropland,0.618836784979727,0.347011752128972,0.498703861536929,0,0.0688150850386258,0.0854693012954742,9.60773607496784,218.929688619035
BE31_3,BE31,3,2010s,467500.0896561928,6207499.754043788,Cropland,0.61989492238014,0.037403593487423,0.463663876929266,0,0.389564486598374,0.109368042984937,9.45145608688324,224.746939082709
BE32_3,BE32,3,2010s,467500.1185248302,6212499.827834143,Cropland,0.35053445443922,0,0.787798993390097,0,0.0524862249628339,0.159714781647069,9.30646179686809,230.684823114327
BE33_3,BE33,3,2010s,467500.1294375103,6217499.716232078,Cropland,0.249936623382925,0.0615491369772621,0.86208200019489,0,0.0455922235553506,0.030776639272497,9.32380680296494,227.730197223302
BE34_3,BE34,3,2010s,467500.1254063341,6222499.7531053685,Cropland,0.670330714881822,0.071754080133888,0.467412219988778,0.00326223136232526,0.254144502304865,0.203426966210143,9.38607315785539,222.422934285219
BE35_3,BE35,3,2010s,467500.1052226283,6227499.715833131,Cropland,0.635546348509442,0,0.460296942077283,0.0374035934881972,0.363017895278577,0.139281569155943,9.39660617550091,217.69492365748
BE36_3,BE36,3,2010s,467500.1322030665,6232499.715216365,Forest,0.264476633016138,0,0.0353543019312699,0.115717185602192,0.848928512466538,0,9.34187068076197,226.339225242225
BE37_3,BE37,3,2010s,467500.08192916744,6237499.640875189,Forest,0.375847339876991,0,0,0.160887604106129,0.769758903924262,0.0693534919696084,9.37492600588664,223.499639074453
BE38_3,BE38,3,2010s,467500.0804897086,6242499.714440874,Forest,0.711602094709824,0.0974186721544561,0.256078257446357,0.0182660010289605,0.401966266625994,0.226270802744232,9.43938631882906,222.61929892467
BE39_3,BE39,3,2010s,467500.1255944229,6247499.601982121,Cropland,0.525886448654039,0.0680856230101569,0.635870588975698,0,0.0469382495157555,0.249105538498389,9.51238913275892,218.060632690205
BE40_3,BE40,3,2010s,472500.1127389596,6202499.801765352,Cropland,0.300553064535096,0.032769005145779,0.830032194066958,0,0.0705905194660274,0.066608281321236,9.60385306456124,225.019725861361
BE41_3,BE41,3,2010s,472500.10111836577,6207499.780096917,Cropland,0.107975382988826,0.0572672267545726,0.942732773245427,0,0,0,9.48096226163297,226.063758782733
BE42_3,BE42,3,2010s,472500.118605587,6212499.79520641,Cropland,0.223118155454695,0.0993907583653413,0.875171321551744,0,0,0.0254379200829147,9.38912750620914,222.471019406973
BE43_3,BE43,3,2010s,472500.102536274,6217499.736171087,Cropland,0.266227143585867,0.0552573726120358,0.849371034851864,0,0,0.0953715925360999,9.31977192523403,227.171751777936
BE44_3,BE44,3,2010s,472500.11623195955,6222499.713864509,Cropland,0.466579838904935,0.0143271136926018,0.695853927800739,0.00891510239698292,0.0763331400256134,0.204570716084063,9.32879260008476,230.728386310821
BE45_3,BE45,3,2010s,472500.0978888087,6227499.728662689,Cropland,0.486459200651753,0.0487093346599078,0.690681379153193,0.0113057422595676,0.162884508204193,0.086419035723138,9.31148126320648,231.956673423796
BE46_3,BE46,3,2010s,472500.10925229813,6232499.668840696,Forest,0.643347218681537,0,0.281787556184163,0.0838740491374031,0.502939349540682,0.131399045137752,9.31728319480705,228.760884800532
BE47_3,BE47,3,2010s,472500.08938047354,6237499.6460741,Forest,0.554530855598274,0,0.393273503594654,0.0231071796252447,0.536723317219487,0.0468959995606147,9.34220759846735,227.782748910133
BE48_3,BE48,3,2010s,472500.10059309157,6242499.6599383075,Forest,0.745648928931326,0.0689422267449813,0.203750615553454,0.219192005973208,0.378452286184155,0.129662865544202,9.44300741972734,222.557218371578
BE49_3,BE49,3,2010s,472500.0806548547,6247499.599506401,Cropland,0.552275755439923,0.292511677604976,0.594236481101229,0,0.0219218388102627,0.0913300024835325,9.49562420031573,221.730482279255
BE50_3,BE50,3,2010s,477500.0897044176,6202499.779935578,Cropland,0.612373591561337,0.189890378897851,0.560993413647956,0.0705905214386211,0,0.178525686015572,9.57363689221408,231.265055503471
BE51_3,BE51,3,2010s,477500.0837171829,6207499.820620244,Cropland,0.468323452912656,0.0758118542711168,0.707462542187641,0,0.127615111446629,0.0891104920946127,9.46296672049185,231.09111452422
BE52_3,BE52,3,2010s,477500.0896873518,6212499.786792553,Cropland,0.50844785408279,0.0875640612396212,0.642390138385406,0,0.00403511247381557,0.266010687901157,9.44687190841287,223.814619460947
BE53_3,BE53,3,2010s,477500.10844758886,6217499.789725573,Cropland,0.402729725074463,0.221493393582018,0.739505383430377,0.00608866700275116,0,0.0329125559848534,9.43407262851321,219.58170397407
BE54_3,BE54,3,2010s,477500.0775276706,6222499.718423463,Cropland,0.462537663162988,0.0243546680094729,0.702964752375864,0.0277778875311359,0.046096534695847,0.19880615738768,9.37924386402473,225.562673876897
BE55_3,BE55,3,2010s,477500.12210260506,6227499.683505938,Cropland,0.627265890489322,0.0182660010078952,0.538506288388267,0.0452861164882537,0.207889709072097,0.190051885043487,9.24817085721157,238.26423241354
BE56_3,BE56,3,2010s,477500.11822783895,6232499.6856043795,Cropland,0.557275866868683,0.0465736974135842,0.606295440469905,0,0.250693665204444,0.0964371969120665,9.24468313388147,234.084131741091
BE57_3,BE57,3,2010s,477500.12828789,6237499.724367468,Cropland,0.65373026994794,0.148263646654347,0.450146163558665,0,0.065932519191606,0.335657670595383,9.35043123102092,223.875203394622
BE58_3,BE58,3,2010s,477500.09009941894,6242499.688796431,Cropland,0.642140196722879,0.225433022924359,0.524224691515821,0,0.146296936111664,0.104045349448156,9.44217444214466,223.66238708725
BE59_3,BE59,3,2010s,477500.06649092725,6247499.689840795,Urban,0.397110566940277,0.734145112406818,0.252470273695152,0,0.0133846138980305,0,9.46269180960535,228.507972185724
BE60_3,BE60,3,2010s,482500.1170935474,6202499.762600222,Grass/Shrubland,0.60731286037451,0,0.384378048017711,0.0346768895541987,0.0978745969063197,0.48307046552177,9.59056380525771,231.215183754925
BE61_3,BE61,3,2010s,482500.11583061574,6207499.764099555,Cropland,0.690515233960006,0.0730640029409282,0.416305373075325,0,0.255998382569586,0.25463224141416,9.53036170012366,227.808239557288
BE62_3,BE62,3,2010s,482500.11054156657,6212499.802375257,Cropland,0.573742687688078,0.129043966836231,0.597909810445574,0,0.05072689149952,0.222319331218675,9.48771639423842,229.756211076128
BE63_3,BE63,3,2010s,482500.1010131544,6217499.766104947,Cropland,0.611306255340765,0.252072827635001,0.535811369736472,0,0.0178460726684307,0.194269729960097,9.46901297565654,227.813429238612
BE64_3,BE64,3,2010s,482500.08794277866,6222499.766563116,Cropland,0.587784463996726,0.0243546676463605,0.563188110909054,0,0.137741173418408,0.274716048026177,9.41034294779612,226.71701703531
BE65_3,BE65,3,2010s,482500.0711159684,6227499.692425571,Cropland,0.58795059651448,0.155243180113561,0.590897625797547,0,0.069629033657863,0.184230160431029,9.35481002038739,220.754331805719
BE66_3,BE66,3,2010s,482500.11322061473,6232499.654712963,Cropland,0.508026004515221,0.143772605667465,0.669182953774265,0,0.0387280766575811,0.148316363900689,9.33511824846825,224.057272057017
BE67_3,BE67,3,2010s,482500.0904503339,6237499.653912236,Cropland,0.246357793427304,0.0554387491827412,0.864560543119386,0,0.0157967798004184,0.0503366505589508,9.35736813286332,231.112733970039
BE68_3,BE68,3,2010s,482500.0651098611,6242499.689744695,Cropland,0.423035255771195,0.0604696245082568,0.741482175810116,0,0.105740982377447,0.0923072173041805,9.45879892301833,223.568214447078
BE69_3,BE69,3,2010s,482500.0987530567,6247499.650626864,Cropland,0.17445891467356,0.0803028948938077,0.904973835564998,0,0.00916441150385213,0.00555885803734278,9.45274470977156,227.541177778809
BE70_3,BE70,3,2010s,487500.0865301826,6202499.750414935,Cropland,0.102804372734235,0,0.946043479163305,0,0.00772066804607683,0.0462358527906178,9.55606671093205,236.325329868378
BE71_3,BE71,3,2010s,487500.08995137503,6207499.722487243,Cropland,0.507409982399792,0.00372995007706707,0.660234624451012,0,0.157857935114997,0.178177490356925,9.49540360668087,237.432652927085
BE72_3,BE72,3,2010s,487500.07277842105,6212499.73131084,Cropland,0.359348700034106,0.036672676978385,0.789125967180479,0,0.113686072991555,0.0605152828495813,9.3934664400682,241.817645185208
BE73_3,BE73,3,2010s,487500.09745280247,6217499.776680447,Cropland,0.435553826968013,0.034706410176701,0.729941935042953,0,0.146128006050416,0.0892236487299306,9.41459381114639,238.107528052697
BE74_3,BE74,3,2010s,487500.10153235553,6222499.747455017,Cropland,0.262194291883319,0.0324163621138401,0.853351474904341,0,0.0253713803171678,0.0888607826646509,9.38249521570399,238.72009555273
BE75_3,BE75,3,2010s,487500.08557870064,6227499.754910266,Cropland,0.438560487436315,0.240925759946895,0.70695712174093,0,0,0.0521171183121749,9.39637868567827,230.763783363889
BE76_3,BE76,3,2010s,487500.0494996909,6232499.6877210885,Cropland,0.2127370457339,0.0465736967714505,0.883273717330572,0,0,0.0701525858979771,9.40924143716227,225.989562517993
BE77_3,BE77,3,2010s,487500.0557743558,6237499.656981816,Cropland,0.540106211017059,0.159262221030076,0.632859523810511,0.0121773338367132,0.0106305630718405,0.180671634849859,9.43004717043268,223.766733818663
BE78_3,BE78,3,2010s,487500.10442118364,6242499.66266886,Cropland,0.545942966814836,0.0679303911123894,0.573119201705986,0,0.0151191258424403,0.343831281339184,9.49769236144742,223.00501230938
BE79_3,BE79,3,2010s,487500.07191723434,6247499.705124563,Cropland,0.164595070911364,0.0128127633732311,0.909020061525456,0,0.00510317208060795,0.0730640030207048,9.47797284420774,225.526854916387
BE80_3,BE80,3,2010s,492500.0769083233,6202499.743162796,Cropland,0.672796789096861,0.0487093355345437,0.421412904814758,0.026575612914246,0.351348080680335,0.151954066056117,9.56196627301377,233.785583527287
BE81_3,BE81,3,2010s,492500.0851086948,6207499.806863972,Cropland,0.420796632738423,0.111990720073067,0.745295974885783,0,0.0938490065576647,0.0488642984834859,9.44521816593619,239.267397134687
BE82_3,BE82,3,2010s,492500.0559510994,6212499.795978415,Forest,0.596256196046752,0.0747129208622049,0.180922782309382,0,0.582407773701051,0.161956523127362,9.36590541834382,239.800155976931
BE83_3,BE83,3,2010s,492500.0518686798,6217499.710370969,Cropland,0.336766328800044,0.0356921455130959,0.803878418474698,0,0.0423304977445709,0.118098938267635,9.39324954740765,230.989081975654
BE84_3,BE84,3,2010s,492500.07326583227,6222499.77261727,Cropland,0.451524768056009,0.257449321657369,0.692836239105407,0,0.00507195429415449,0.0446424849430685,9.37957872501138,229.275499966013
BE85_3,BE85,3,2010s,492500.0576986846,6227499.760204127,Cropland,0.449158221215427,0.167681024940067,0.713100066212986,0,0,0.119218908846946,9.41807581675402,227.300038193627
BE86_3,BE86,3,2010s,492500.0673832763,6232499.672995943,Cropland,0.67021045416654,0.0353543015381796,0.450455366490518,0.0365320016501566,0.17942892764697,0.298229402674176,9.46307721029878,223.138442231013
BE87_3,BE87,3,2010s,492500.0408101817,6237499.733683195,Cropland,0.378524494448676,0,0.768074794618264,0.00127371990571128,0.0735088285996774,0.157142656876347,9.47947965078391,223.495993308913
BE88_3,BE88,3,2010s,492500.0396555708,6242499.719527307,Cropland,0.674345146736207,0.0974186710717414,0.477151268943386,0.0387579480286513,0.26818057669499,0.118491535261231,9.49528387189016,225.012002544941
BE89_3,BE89,3,2010s,492500.0641284463,6247499.741806999,Forest,0.627945181689798,0.117706488242423,0.341938285231685,0,0.488450750194326,0.0519044763315656,9.4456158199842,230.114589199618
BE90_3,BE90,3,2010s,497500.0422758438,6202499.741026654,Forest,0.708044058582823,0,0.276273415071217,0.256922025532842,0.373505875540999,0.0932986838549423,9.5405398356847,234.748520128538
BE91_3,BE91,3,2010s,497500.0549127382,6207499.7948163375,Forest,0.672022643229694,0.0969944831924554,0.301763639718591,0.0119493706609018,0.45855555163697,0.130736954791082,9.49557947094488,230.184458612575
BE92_3,BE92,3,2010s,497500.07603090524,6212499.773925238,Forest,0.28307124180001503,0,0.10406036632793,0,0.83831984230514,0.0576197913669307,9.38955985842896,231.132380108605
BE93_3,BE93,3,2010s,497500.0434951054,6217499.78966552,Cropland,0.664840340661027,0.271457664619631,0.416354283594773,0,0.296033986523016,0.0161540652625804,9.41640775837133,229.296736450701
BE94_3,BE94,3,2010s,497500.0817259047,6222499.730638592,Urban,0.429411125572564,0.742977192492096,0.0826466914439531,0.030337287718789,0.0611889769492053,0.0828498513959561,9.42594188956991,226.159144780399
BE95_3,BE95,3,2010s,497500.06645494024,6227499.708195655,Cropland,0.684533578341589,0.192167652159716,0.406339115227263,0,0.0730640030581809,0.32842922955484,9.42803656265334,226.135871021371
BE96_3,BE96,3,2010s,497500.0598918972,6232499.722276111,Cropland,0.573234261349599,0.0347385322091025,0.61361642888427,0.073064003055875,0.181619811078095,0.096961224772657,9.46220884537974,227.07563552415
BE97_3,BE97,3,2010s,497500.06204059086,6237499.7728568325,Cropland,0.338718185873806,0,0.803789543522723,0.0374742804167663,0.0679591991868294,0.0907769768736815,9.46450288119082,228.404204222868
BE98_3,BE98,3,2010s,497500.0728370326,6242499.748610737,Forest,0.702083390643002,0.164075440642816,0.311447262752232,0.0157435789741488,0.402592467687183,0.10614124994362,9.47280931594991,225.446502886145
BE99_3,BE99,3,2010s,497500.0305140985,6247499.6495497795,Forest,0.359303533885787,0.00985565025232967,0.0244403981635091,0.00416914353445249,0.778843263553918,0.182691544495791,9.46735678183981,221.507799178114
BF00_3,BF00,3,2010s,452500.16255789786,6152499.84979633,Pasture,0.66285432783595,0,0,0.386551139031171,0.0975293603895233,0.0217239613176002,9.72661455721125,194.225232376303
BF01_3,BF01,3,2010s,452500.1443555164,6157499.855121321,Forest,0.609858498416773,0,0,0.135952512985378,0.284108828564176,0.0037925385747105,9.68560588778471,192.01674822379
BF02_3,BF02,3,2010s,452500.1523084943,6162499.7866961,Pasture,0.595710041051231,0.0398565583982938,0.00570611152641395,0.492686372101661,0.392458742466446,0,9.66449168718774,194.356542167044
BF03_3,BF03,3,2010s,452500.1251936091,6167499.75646735,Forest,0.411510195274066,0.0545016701204582,0.0319628168669509,0.13765686895843,0.751523975889585,0.0243546681645755,9.59803651437824,200.481820609322
BF04_3,BF04,3,2010s,452500.1265854016,6172499.763725036,Pasture,0.697620185454376,0,0.172873910965346,0.395524818400189,0.139345252678726,0,9.67788496240386,193.187141635158
BF05_3,BF05,3,2010s,452500.0929818788,6177499.69784097,Forest,0.581440953470165,0,0.158635710747875,0.156918482731589,0.600195053707871,0.0842507528126648,9.60471809848754,200.383947743883
BF06_3,BF06,3,2010s,452500.08902709355,6182499.669392232,Forest,0.670557412382391,0.0228244461070029,0.30131250119937,0.248285733170736,0.415939621745308,0.0116376977775841,9.641947612291,195.365847210758
BF07_3,BF07,3,2010s,452500.1152225344,6187499.678353518,Pasture,0.583743342308805,0.00464732694002011,0.13812177732963,0.597119279601338,0.180704068310126,0,9.65480986006531,195.426547072054
BF08_3,BF08,3,2010s,452500.10950070026,6192499.7253870675,Pasture,0.522588443142166,0,0,0.416996651963653,0,0.0243546681646002,9.64388893350204,196.46303881022
BF11_3,BF11,3,2010s,457500.09805196273,6157499.819878605,Forest,0.768082685828728,0.048928771950364,0.0784507509038538,0.192166957382132,0.316610679620683,0.010218818796874,9.67028497680524,206.126720322059
BF12_3,BF12,3,2010s,457500.1359493549,6162499.887689657,Cropland,0.637786084839578,0.0208823465077823,0.465359147436648,0.295057784585925,0,0.146634446955495,9.68264936132615,199.587221820231
BF13_3,BF13,3,2010s,457500.1204013506,6167499.77104144,Cropland,0.428732589149778,0.117069980444705,0.73910122615694,0.051266311295436,0,0.0925624821029191,9.63713227075681,199.663382401977
BF14_3,BF14,3,2010s,457500.1182257726,6172499.803160674,Cropland,0.71332441037172,0.14141958249158,0.44983018569654,0.0751060298825901,0.146128005971195,0.187516195958095,9.61965035904895,205.891160997199
BF15_3,BF15,3,2010s,457500.127743533,6177499.761444724,Cropland,0.327772717582438,0.094371179390928,0.810508292014604,0.0361303687645062,0,0.058990159829962,9.61706773969057,204.489711262316
BF16_3,BF16,3,2010s,457500.08782064816,6182499.757772771,Cropland,0.388139039627563,0.0989488926770843,0.763673703908661,0,0,0.137377403414255,9.63914315541079,203.145737889995
BF17_3,BF17,3,2010s,457500.1244502372,6187499.790891147,Cropland,0.516152460682926,0,0.651283255414416,0.0544261871284358,0.0526198911722302,0.22991726874424,9.65154491376076,204.229628754632
BF18_3,BF18,3,2010s,457500.11167777673,6192499.750712315,Cropland,0.597482979851496,0.0243546676635252,0.232123339269465,0.0350799274506823,0,0.0487093353270505,9.66334635808833,202.611918832589
BF20_3,BF20,3,2010s,462500.0972690694,6152499.858269893,Urban,0.590512764931986,0.571949024592518,0.20841146885127,0,0.0237806587721518,0,9.69695827301059,209.906182161715
BF21_3,BF21,3,2010s,462500.1042798301,6157499.812390076,Cropland,0.582547302963386,0.0944806845248403,0.604041325685991,0.0529983417827018,0.194837339765573,0.0536423082408943,9.66298573600519,208.205871680824
BF22_3,BF22,3,2010s,462500.1063889781,6162499.804014538,Grass/Shrubland,0.67331131425415,0.111267514263948,0.350866725553262,0.12618690594576,0,0.41167885423703,9.71048423027318,203.339853389819
BF23_3,BF23,3,2010s,462500.1040823032,6167499.833119934,Cropland,0.271699571976226,0.025154587004796,0.845284009624066,0,0.0159465987015669,0.113614804669571,9.63534718606352,208.509933442912
BF24_3,BF24,3,2010s,462500.0968862839,6172499.788392592,Cropland,0.484050738656176,0.0354247720371119,0.6956587889928,0.091330003010404,0.112060963524363,0.0655254724353221,9.58247566575447,213.284843583163
BF25_3,BF25,3,2010s,462500.0862437773,6177499.78109757,Cropland,0.324002148971579,0.0838363150883123,0.81562790258244,0.0487093349400136,0.0274717799192269,0.0243546674700068,9.56621715083099,213.677460256474
BF26_3,BF26,3,2010s,462500.0726415611,6182499.811211206,Cropland,0.433035533936387,0.100662971505632,0.72573724375193,0,0,0.173599784742438,9.58557396944134,212.119453012543
BF27_3,BF27,3,2010s,462500.11824307253,6187499.766874204,Cropland,0.21140527381336,0.00993181435965641,0.882930663811647,0,0.093508114060663,0.0136294077680335,9.61242363168859,212.341300092139
BF28_3,BF28,3,2010s,462500.0991430791,6192499.760439191,Cropland,0.64536043213311,0.0173901462014008,0.485841754827715,0.297202978618836,0.02435466747109,0.17048267229763,9.6361597083447,211.616652403848
BF29_3,BF29,3,2010s,462500.07854237576,6197499.791339589,Cropland,0.641331790713651,0,0.415026132930708,0.386470900603441,0,0,9.66678019920392,208.511085805278
BF30_3,BF30,3,2010s,467500.0649177869,6152499.835244867,Cropland,0.499998415719366,0.499109977350119,0.500890022649881,0,0,0,9.63920972461978,217.76654753168
BF31_3,BF31,3,2010s,467500.0528761789,6157499.8339712275,Cropland,0.507762437245062,0.0607856907201706,0.668360247271999,0,0.186202423528496,0.0846516384793344,9.65274553833834,212.623819998453
BF32_3,BF32,3,2010s,467500.0828731935,6162499.869694816,Urban,0.638374084711059,0.51115249863969,0.0130489254488831,0.0759616760638781,0.284988463729137,0.114848436118412,9.6565921696144,216.845163200172
BF33_3,BF33,3,2010s,467500.09141173307,6167499.831571815,Cropland,0.476622163559722,0.170778206345443,0.69895010806938,0.0426945515861794,0.047229872902001,0.0403472610969964,9.62738569886506,216.458014668726
BF34_3,BF34,3,2010s,467500.07979854086,6172499.830867704,Cropland,0.376509949946747,0.104785133507317,0.778152005702982,0,0.0668297790678974,0.0502330817218041,9.53597764335709,219.506375983096
BF35_3,BF35,3,2010s,467500.11046438524,6177499.755797745,Cropland,0.489010488633297,0.214787254202259,0.677717140218026,0.00326223136235057,0.0570477837949255,0.0471855904224388,9.50487143443921,220.97170497899
BF36_3,BF36,3,2010s,467500.05907752085,6182499.718568934,Cropland,0.26135368896606,0.0538731032843727,0.854789103534475,0,0.024358194776943,0.0669795984042094,9.51470343462185,221.756335062863
BF37_3,BF37,3,2010s,467500.11425610323,6187499.71774681,Cropland,0.170442673262765,0.00296729317827211,0.908943632062722,0.013929042826048,0.022483402680193,0.0516766292527652,9.52955919281635,223.418551426898
BF38_3,BF38,3,2010s,467500.08834202494,6192499.754719362,Cropland,0.788728040587773,0.132569367818563,0.260473987067313,0.174674076401745,0.247007784130069,0.18527478458231,9.57058758283635,220.194967286615
BF39_3,BF39,3,2010s,467500.1070246964,6197499.8285216,Pasture,0.705312646231534,0.248469092865922,0.279296636410112,0.381049823619067,0,0,9.66130150475658,214.955984230943
BF40_3,BF40,3,2010s,472500.05446232,6152499.831390551,Cropland,0.286684739074919,0.0968446606215019,0.837328021612109,0.018266000496675,0.0475613172697135,0,9.62541805127146,221.002342766238
BF41_3,BF41,3,2010s,472500.085972153,6157499.883806649,Cropland,0.14072246749378,0.0243546673300185,0.925282650279297,0,0.0503626823906848,0,9.63920849167058,218.98544745804
BF42_3,BF42,3,2010s,472500.07961185457,6162499.862346774,Cropland,0.487426398839336,0.0229807422468685,0.668056747575282,0.00876769145873109,0.25148548406139,0.0487093346577278,9.60795753399149,222.129140250265
BF43_3,BF43,3,2010s,472500.098778225,6167499.766588567,Cropland,0.730909996137171,0.137719935261299,0.37673880778815,0.205959057972134,0.224784197485177,0.0547980014932404,9.67703918548543,213.256904593216
BF44_3,BF44,3,2010s,472500.0822753295,6172499.819486889,Cropland,0.277474239654242,0.070718094187077,0.842623942778134,0,0.0866579630347896,0,9.6229543691176591,215.007717731019
BF45_3,BF45,3,2010s,472500.09195236844,6177499.798039483,Cropland,0.216579458722151,0.113613430007046,0.877471467595735,0.00891510239721955,0,0,9.54076680941254,220.56105898866
BF46_3,BF46,3,2010s,472500.06605603127,6182499.813911805,Cropland,0.14854614461763,0.0201808436894107,0.921181534092784,0,0.0099282875582245,0.0487093346595804,9.48036166084777,227.038725942752
BF47_3,BF47,3,2010s,472500.06699141755,6187499.755388988,Cropland,0.436866956143531,0.0487613830427504,0.709062339135707,0,0.00137745469695816,0.240798823124585,9.48913191545843,224.458790193191
BF48_3,BF48,3,2010s,472500.0957205096,6192499.73373965,Cropland,0.212231867722949,0.0304549755421299,0.884938791110177,0,0.0337926710452416,0.0508135623024513,9.59521474479002,220.092987605407
BF49_3,BF49,3,2010s,472500.0900039778,6197499.749339143,Cropland,0.784775112453954,0.109848518811009,0.280188177388196,0.194480128328784,0.2122274847213,0.203255690750711,9.6585627395802,220.792215901034
BF50_3,BF50,3,2010s,477500.08187685715,6152499.846936376,Cropland,0.45565259031398,0.0852413380334854,0.714908149938801,0.00835618938147507,0.0697209825984022,0.121773340047836,9.69028189092512,218.994126717774
BF51_3,BF51,3,2010s,477500.02976028406,6157499.8520273,Cropland,0.314569888249174,0.0974186720427136,0.820085635536695,0.0060886670026696,0.0276976893965651,0.0487093360213568,9.61268315290434,225.728833311021
BF52_3,BF52,3,2010s,477500.049981805,6162499.782522364,Cropland,0.489466332749847,0.0586411491125501,0.668691929435967,0.00476557334677081,0.0243546680095193,0.243546680095193,9.62500509628587,223.42302163201
BF53_3,BF53,3,2010s,477500.08021795313,6167499.7500125235,Cropland,0.650903260145941,0.114534447991229,0.538253341219794,0.0605863533086332,0.124551250359181,0.162074607121162,9.64818534157668,224.101641461317
BF54_3,BF54,3,2010s,477500.057860584,6172499.75480094,Cropland,0.642945660829995,0.0846055221581212,0.549752007535886,0.0852413380328852,0.150219723291483,0.130181408981624,9.6235838781261,225.152402966439
BF55_3,BF55,3,2010s,477500.0461591174,6177499.796539538,Cropland,0.347962744017489,0.0498474812186315,0.795071953662065,0.0576618930795052,0,0.0974186720397989,9.550259020901,225.920323912009
BF56_3,BF56,3,2010s,477500.10749606375,6182499.763586155,Cropland,0.173966679075085,0.0926906162446296,0.904084606815605,0.0032247769397651398,0,0,9.52220596059291,222.707580641587
BF57_3,BF57,3,2010s,477500.05456016917,6187499.768187857,Cropland,0.537171971827336,0.0575591671570729,0.654855933372203,0.05054476220754,0.119757839038135,0.11728229822505,9.48389737056872,228.886784096507
BF58_3,BF58,3,2010s,477500.0757376356,6192499.809343387,Cropland,0.169861874984626,0,0.908632481392556,0.0552719977711608,0.0360955208362831,0,9.58774514059811,224.298429118163
BF59_3,BF59,3,2010s,477500.10798379144,6197499.776060057,Pasture,0.636614015259724,0.0049469651675895,0.151164342467064,0.541682348832287,0.124394093065339,0.17781225046772,9.63996219257174,226.500651393418
BF60_3,BF60,3,2010s,482500.0368470739,6152499.882651542,Cropland,0.43160258970635,0.0481353265911852,0.720591216283401,0.0154244696882347,0,0.215848987437179,9.71687748984979,225.271201264483
BF61_3,BF61,3,2010s,482500.0271999943,6157499.849245702,Cropland,0.20264470621414,0.0837196459276833,0.888582665088951,0,0,0.0276976889833651,9.64852123794492,226.147528874883
BF62_3,BF62,3,2010s,482500.07425727736,6162499.852593689,Cropland,0.305272695889912,0.0908298783203924,0.826133885671478,0.0045110882829506,0.0184897031179872,0.0600354446071915,9.60124169695714,231.707567652628
BF63_3,BF63,3,2010s,482500.0517386565,6167499.781888844,Cropland,0.634490465795598,0.0803028948992188,0.550229580289139,0.141840619974251,0.122149830922167,0.105477073915223,9.60302078265489,230.39394048795
BF64_3,BF64,3,2010s,482500.08626133483,6172499.7478915425,Cropland,0.660157047570508,0.147010442835362,0.523235822339659,0.0428443707642324,0.116426690537022,0.170482673523725,9.61275079824707,229.229315257537
BF65_3,BF65,3,2010s,482500.0522818646,6177499.751086633,Cropland,0.223997603350188,0.107362858425638,0.87414743845594,0,0,0.0184897031184222,9.57379282968861,227.721583819379
BF66_3,BF66,3,2010s,482500.0756826632,6182499.790944238,Cropland,0.192234470237403,0,0.892278937595811,0,0.107721062404189,0,9.55544564338342,227.682998614814
BF67_3,BF67,3,2010s,482500.09339765523,6187499.756401075,Cropland,0.554754654381245,0.00528736146552625,0.601986771083976,0.0895346895639621,0.271597618284954,0.0315935596015814,9.56282181473974,224.923209830394
BF68_3,BF68,3,2010s,482500.106118653,6192499.758727317,Forest,0.664738515120588,0.0132023416392219,0.368764567910298,0.24830674182638,0.369726348624099,0,9.61093483654295,226.78036992234
BF69_3,BF69,3,2010s,482500.11408775987,6197499.797900253,Pasture,0.410867756967367,0,0.00744316706155273,0.739063360937982,0.198232836063198,0.0552606359372662,9.6094600610547,231.349623102907
BF70_3,BF70,3,2010s,487500.0613181969,6152499.826749672,Cropland,0.135451308966712,0.0730640030207764,0.926935996979224,0,0,0,9.66839970523518,237.660980184997
BF71_3,BF71,3,2010s,487500.03120470024,6157499.875939318,Cropland,0.409934456574739,0.103283635234019,0.754505388789011,0,0.073064003024086,0.0691469729528839,9.65655396628471,233.273328068756
BF72_3,BF72,3,2010s,487500.0414117519,6162499.85063891,Cropland,0.519050898610901,0.151992970576151,0.663322664209521,0,0.0726186530343851,0.112065712179943,9.60106070138658,234.121957919331
BF73_3,BF73,3,2010s,487500.02902736043,6167499.751005261,Cropland,0.761191268716736,0.243546676750316,0.254869773267117,0.0302196322103426,0.236456843742325,0.234907074029899,9.57777834195186,236.131796409264
BF74_3,BF74,3,2010s,487500.0577833784,6172499.799416764,Grass/Shrubland,0.661346949306238,0.0991595382785706,0.345992100606459,0.00586496453491737,0.103634857176199,0.445348539403854,9.58634001825503,234.227673936577
BF75_3,BF75,3,2010s,487500.06427121063,6177499.773449097,Cropland,0.53666997464684,0.0600723239118534,0.599192346638006,0,0.0243546676739832,0.316380661776157,9.58590056937846,232.707802409454
BF76_3,BF76,3,2010s,487500.0490462398,6182499.784371457,Cropland,0.293141858429533,0,0.830301516149386,0,0.123956441645437,0.0457420422051771,9.58500771722377,230.773723892306
BF77_3,BF77,3,2010s,487500.0746598672,6187499.7206850415,Forest,0.318135310402853,0.0086416811465497,0.0332582282491685,0.0721691934865527,0.819156046178889,0.0667748509388404,9.58419763658291,230.378648266888
BF78_3,BF78,3,2010s,487500.07920825994,6192499.805137645,Cropland,0.479287089931124,0.0215779510401709,0.695216106998587,0.0127471510188139,0.144694847558752,0.125763943383676,9.58172928144909,234.945445265855
BF79_3,BF79,3,2010s,487500.06227952236,6197499.815116662,Cropland,0.725680555135857,0.194837341388061,0.368246677106322,0.109597618947943,0.0333536499424664,0.293964712615208,9.60585557573858,232.296000593016
BF80_3,BF80,3,2010s,492500.0457424066,6152499.90235705,Cropland,0.413970821076692,0.128728733040037,0.7494979281272,0,0.0487093355331048,0.0730640032996572,9.62920430018672,239.792392745008
BF81_3,BF81,3,2010s,492500.0575680637,6157499.820932193,Cropland,0.504111482750245,0.0487093355353095,0.641397193610323,0,0.285538803086713,0.0243546677676547,9.58835160344601,244.61740470562
BF82_3,BF82,3,2010s,492500.03082487086,6162499.776445566,Forest,0.539247023660148,0,0.455449375574101,0,0.486494430519683,0.0580561939062164,9.54198286156883,242.697696921574
BF83_3,BF83,3,2010s,492500.0286680475,6167499.768765947,Forest,0.445540929665385,0,0.141393866724576,0.00608866694199424,0.71822191835013,0.1342955479833,9.54407495648185,239.47362555883
BF84_3,BF84,3,2010s,492500.0511084942,6172499.797871274,Cropland,0.395369068754795,0.103283635027267,0.758126888439537,0,0,0.138589476533197,9.56175265162339,238.401424463857
BF85_3,BF85,3,2010s,492500.0351787714,6177499.752555744,Cropland,0.310230809356085,0.168910255521412,0.81282374365338,0,0,0.0182660008252075,9.55284790299993,238.91172421221
BF86_3,BF86,3,2010s,492500.04401167773,6182499.743979233,Cropland,0.154167897026871,0.0612097418734344,0.917402883514166,0,0.0213873746124001,0,9.55421211684458,237.99386344259
BF87_3,BF87,3,2010s,492500.07761814806,6187499.77211941,Forest,0.663420550773341,0.0974186710659331,0.22994303906615,0.127862005774037,0.504200649740656,0.040575634353224,9.55267788809385,237.021945283495
BF88_3,BF88,3,2010s,492500.07324634277,6192499.725767915,Cropland,0.666046922386064,0.0243546677680264,0.402807898886616,0,0.34572454204231,0.227112891303049,9.52026389243348,240.872486382479
BF89_3,BF89,3,2010s,492500.0313184269,6197499.716196409,Forest,0.686727468277117,0,0.294085327168548,0.0501310528977982,0.387047870068478,0.268735749865176,9.56262013552458,235.461788775377
BF90_3,BF90,3,2010s,497500.06872812915,6152499.8867905075,Cropland,0.625351553389541,0.138598603223953,0.552050768343962,0,0.120221017480784,0.189129610951301,9.55250094916953,246.112263865421
BF91_3,BF91,3,2010s,497500.05965140025,6157499.795699069,Cropland,0.675586699267377,0,0.399804982937037,0.0487093353723635,0.345744092143091,0.205741589547508,9.47383260651843,248.609513223465
BF92_3,BF92,3,2010s,497500.05900778656,6162499.852742528,Cropland,0.713175166310212,0.243546676850104,0.387057222156587,0,0.252180859536727,0.117215241456582,9.4923067954536,243.274547888858
BF93_3,BF93,3,2010s,497500.06666914717,6167499.835318215,Cropland,0.730910422350805,0.0239304801365375,0.312563520519866,0.0974186707459417,0.259558283734143,0.306529044863512,9.5072827041805,242.872663257669
BF94_3,BF94,3,2010s,497500.0197826457,6172499.743439123,Cropland,0.371724142416047,0.0342864827253407,0.775367214584044,0,0.0327627365074567,0.157583566183158,9.46116710985232,247.497479143545
BF95_3,BF95,3,2010s,497500.0442688116,6177499.79959253,Cropland,0.710900533220581,0.169167997572687,0.396343850450713,0.0239304801355841,0.291831824675604,0.118725847165412,9.50929475318216,240.906452223037
BF96_3,BF96,3,2010s,497500.077070528,6182499.781207959,Cropland,0.546878120292806,0.0390960240519445,0.592308506251384,0,0.310676093627014,0.0579193760696577,9.51496552713665,240.35954856415
BF97_3,BF97,3,2010s,497500.0556179109,6187499.799593099,Forest,0.663249250425569,0,0.32892969076242,0,0.376695378981996,0.294374930255584,9.51989734406256,237.853466675499
BF98_3,BF98,3,2010s,497500.0426321929,6192499.743392498,Cropland,0.561410661925236,0.06560567114281,0.601762060173395,0,0.127862005354364,0.204770263329431,9.50798536810406,236.100896860484
BF99_3,BF99,3,2010s,497500.03818358126,6197499.723877846,Cropland,0.611880484941928,0.056167667267005,0.517983474538444,0.00105176519078776,0.0980433439046891,0.326753749099074,9.54701049002557,232.800289072726
BG27_3,BG27,3,2010s,462500.03912906913,6137499.887313023,Pasture,0.600079610062606,0,0,0.234231281209519,0.2137978612556,0,9.75794582736199,208.871732791414
BG28_3,BG28,3,2010s,462500.0656512389,6142499.951349777,Pasture,0.69565325165927006,0.127412393449916,0,0.418990744787928,0.113722709379776,0,9.75932856124125,205.5023076304
BG29_3,BG29,3,2010s,462500.0848712415,6147499.9416772155,Urban,0.534502545506689,0.30342399952572,0,0.0918549289286247,5.74008695340561e-4,0,9.75037162355841,206.499242313234
BG30_3,BG30,3,2010s,467499.9967437505,6102499.680064469,Pasture,0.616018918375016,0,0,0.145340395889113,0,0.0121773340185866,9.90589385307486,208.11064499615
BG31_3,BG31,3,2010s,467499.9036355267,6107499.750328558,Pasture,0.689531036781252,0,0,0.435141006265673,0.0765503698362349,0,9.88248737684629,208.956710778633
BG32_3,BG32,3,2010s,467499.9121467563,6112499.746075479,Pasture,0.551345519129878,0,0,0.518494718295939,0.0260978508971671,0,9.8724738251673,208.978023234411
BG33_3,BG33,3,2010s,467499.8958406751,6117499.779495673,Pasture,0.378665024782017,0,0,0.0926843764122939,0,0,9.85771091422573,208.824813609448
BG39_3,BG39,3,2010s,467500.05551854515,6147499.874007825,Urban,0.55842549154063,0.644787051537294,8.81555370022264e-4,0.0780694183338323,0.0730640041111441,0.0489334704328572,9.70089891258722,215.855805080054
BG41_3,BG41,3,2010s,472499.9268347365,6107499.810952676,Forest,0.617606573703248,0.0802059709340874,0,0.124640626695515,0.161179801849965,0,9.8760704655449,212.590499318277
BG42_3,BG42,3,2010s,472499.93091908237,6112499.750577684,Pasture,0.604190736373434,0,0,0.271251700857148,0.101491990332258,0.0427049667070256,9.86579552005762,211.937249310603
BG43_3,BG43,3,2010s,472499.9588106177,6117499.838705269,Pasture,0.516716001466069,0,0,0.212440599928123,0,0.066891036256799,9.86575458943918,211.642079275694
BG45_3,BG45,3,2010s,472500.0200716098,6127499.904365897,Pasture,0.564869039218993,0,0,0.146128003971886,0,0.0730640019859429,9.84032843170606,213.073613089237
BG49_3,BG49,3,2010s,472500.049228468,6147499.927300755,Cropland,0.797937578809384,0.19403742223912,0.247763937956475,0.172495611432144,0.216218248095579,0.137067352623532,9.73453631818485,216.062373057405
BG50_3,BG50,3,2010s,477499.9973141816,6102499.728152928,Cropland,0.576073527962568,0,0.461004777970087,0,0,0.0876920509825866,9.90132283994989,223.777751480238
BG54_3,BG54,3,2010s,477500.0126907495,6122499.818980278,Pasture,0.527957650416554,0,0.133614170663983,0.198680491653768,0,0,9.86882560346186,220.614182861959
BG55_3,BG55,3,2010s,477500.03509173164,6127499.82340314,Pasture,0.540039847646268,0.0329125559821742,0.116870917365519,0.192818731781724,0,0.0243546680093377,9.8638386448662,221.142501566429
BG57_3,BG57,3,2010s,477500.0412068564,6137499.9440165525,Cropland,0.58081702575835,0,0.301504254789031,0.143779950385559,0,0,9.82190192312984,221.226465068078
BG58_3,BG58,3,2010s,477500.0244174642,6142499.837590013,Cropland,0.559644757260959,0.0487093360217985,0.613333182323434,0.172394935800282,0,0,9.79562290270946,222.133178616014
BG59_3,BG59,3,2010s,477500.0804408138,6147499.879212277,Cropland,0.320216860471816,0.157378817058873,0.808725969768204,0.0270255875707666,0.00412177536127574,0.0027478502408809,9.76396731687667,218.678751822903
BG60_3,BG60,3,2010s,482499.9798820725,6102499.8077321,Cropland,0.20085074823923,0,0.886227382764815,0,0,0.113772617235185,9.92037042501925,222.893828892735
BG61_3,BG61,3,2010s,482499.98409018014,6107499.848415741,Cropland,0.437123328876594,0.0184897031189729,0.71061723738653,0.070713724773262,0,0.200179334721236,9.92669483125783,223.675934216384
BG62_3,BG62,3,2010s,482499.97930829576,6112499.815047499,Cropland,0.567690345717909,0.0615577762651037,0.610940054166423,0.220096051610904,0.0257292964762584,0.0342864820780006,9.89609726881809,226.848411792913
BG63_3,BG63,3,2010s,482500.02986176877,6117499.818634525,Cropland,0.680411815763216,0.121773338237665,0.501626392221024,0.158263808289448,0.155252733380577,0.0630837278712852,9.8776678429514,226.808947674585
BG64_3,BG64,3,2010s,482500.00862455415,6122499.859659715,Cropland,0.19561742528407,0,0.893696173156322,0,0.0575944915511112,0.0487093352925664,9.85177504519783,227.847990295373
BG65_3,BG65,3,2010s,482500.0426166273,6127499.826312609,Cropland,0.564539489505894,0.249625871152834,0.60233328196606,0.0379974377071027,0.0856887415278442,0.0243546676461588,9.83716835486838,228.157503793247
BG66_3,BG66,3,2010s,482500.00588300487,6132499.941644865,Cropland,0.380229275881913,0.0778114329970709,0.764857936491044,0.157330630511885,0,0,9.8514329067143,224.639613481558
BG67_3,BG67,3,2010s,482500.02427016397,6137499.871273607,Cropland,0.385134511295276,0.168882839374568,0.76233210160903,0.0200757237236852,0,0.048709335292716,9.82487158271665,226.901745413627
BG68_3,BG68,3,2010s,482500.03539951664,6142499.837998828,Cropland,0.0741817651428036,0.0385792403580023,0.961420759641998,0,0,0,9.76050121302959,231.548893008719
BG69_3,BG69,3,2010s,482500.039511587,6147499.841798756,Cropland,0.490892960006715,0.380371807302873,0.603459102784802,0.0161690899123256,0,0,9.73604310740581,228.72146402123
BG70_3,BG70,3,2010s,487500.0348421291,6102499.812978593,Cropland,0.138077090642612,0.0487093353468664,0.926569901927475,0.0247207627256584,0,0,9.9332179597955,230.83662840913
BG71_3,BG71,3,2010s,487499.98586005956,6107499.825717422,Cropland,0.13859036003585,0.00586496453541056,0.92650695805893,0.0300772395259152,0,0.0375508378797441,9.92864896652217,231.919820863551
BG72_3,BG72,3,2010s,487500.04020037403,6112499.875297073,Cropland,0.344111095711384,0.0988895176941376,0.800662394337378,0,0.0517387526214163,0.0487093353470682,9.84170704559408,238.224244755664
BG73_3,BG73,3,2010s,487500.0064094621,6117499.850954274,Cropland,0.623549528483193,0.151944509936934,0.553623428966522,0,0.189115000575027,0.105317060521518,9.83677200681082,235.649204006456
BG74_3,BG74,3,2010s,487500.0124000873,6122499.863588602,Cropland,0.132867920332686,0.0590168780161696,0.929253192913832,0,0.0117299290699986,0,9.82264512271958,236.612563288841
BG75_3,BG75,3,2010s,487500.058190043,6127499.913178598,Cropland,0.525183578096527,0.0911620296992064,0.661948452889831,0.056543213478974,0.0360845967433323,0.154261707188656,9.80947156989591,234.681181752745
BG76_3,BG76,3,2010s,487500.01661631186,6132499.888778622,Urban,0.629902666134502,0.434210596719498,0.325998145275131,0.239791258005371,0,0,9.84862178366152,230.338318078661
BG77_3,BG77,3,2010s,487500.0151634949,6137499.901289857,Cropland,0.0872007647190998,0.03119699700474,0.954776986026334,0.0131802328488475,0,8.45784120078855e-4,9.80210574237096,232.884799688235
BG78_3,BG78,3,2010s,487500.05353123834,6142499.839403261,Cropland,0.27725179538745,0.0487093353498414,0.842515021690981,0.0811999088323309,0,0.0275757341268464,9.72474832689347,235.057588975858
BG79_3,BG79,3,2010s,487500.069157074,6147499.925851864,Cropland,0.368463385971268,0.243546676733629,0.756453323266371,0,0,0,9.69779454318138,236.196394313748
BG80_3,BG80,3,2010s,492500.05033699406,6102499.744442296,Cropland,0.245315832698558,0,0.862902530872204,0,0.0870626684403575,0.050034800687439,9.9148349943626,241.298827539732
BG81_3,BG81,3,2010s,492500.01211780054,6107499.849601752,Cropland,0.471528451721579,0,0.663762503219266,0,0.293344665192416,0.0428928315883169,9.8336545036844,249.91541632656
BG82_3,BG82,3,2010s,492500.06132339203,6112499.880421333,Cropland,0.604135987688934,0.0041153105499545,0.506373020085577,0,0.343807850909976,0.145703818454493,9.81864067586294,242.974353490871
BG83_3,BG83,3,2010s,492500.0068079907,6117499.837203838,Cropland,0.517857908745995,0.0445940249724799,0.654191381097311,0,0.208123327459065,0.0930912664711442,9.80107881963619,241.814073971972
BG84_3,BG84,3,2010s,492500.03992750257,6122499.830883491,Cropland,0.0203891097016413,0,0.989662972979002,0,0,0.0103370270209979,9.73937748234196,246.504450794817
BG85_3,BG85,3,2010s,492500.03347061033,6127499.861656778,Forest,0.709545229385038,0.0689971527091608,0.282301080626867,0.00796036853137216,0.338565599620603,0.302175798511998,9.80743142019642,234.85325537086
BG86_3,BG86,3,2010s,492500.0510949549,6132499.929393534,Cropland,0.529382870678474,0.0487093355356719,0.653106125525453,0.0792911760462488,0.0443957444694689,0.174497618423157,9.82547767990563,238.93752227753
BG87_3,BG87,3,2010s,492500.02925978525,6137499.922894773,Cropland,0.467762673968486,0.0730640032995552,0.713285996951255,0.0639251984155251,0.111417336207544,0.0383074651261203,9.76936405302596,241.052265305855
BG88_3,BG88,3,2010s,492500.0314784392,6142499.842027559,Cropland,0.0783610580493818,0.0243546677678737,0.959576778422128,0,0,0.0160685538099983,9.72189939567594,241.239053346483
BG89_3,BG89,3,2010s,492500.05814519007,6147499.909344381,Cropland,0.165495685786954,0.0910352617810147,0.908964738218985,0,0,0,9.61547255477581,247.087472418649
BG90_3,BG90,3,2010s,497500.04236272007,6102499.824620573,Cropland,0.568076955207434,0.344941743038788,0.554425552719884,0,0.0347106702752862,0.0659220339660413,9.89359519557846,243.229106598159
BG91_3,BG91,3,2010s,497500.01451139763,6107499.808974277,Cropland,0.414772461470052,0,0.700602018714921,0,0,0.299397981285079,9.83663333621206,240.97577297459
BG92_3,BG92,3,2010s,497500.05856603594,6112499.830354991,Cropland,0.473236225585346,0.0487093353700382,0.672463505685405,0,0.268471156354095,0.0103560025904625,9.75435164125118,248.226551006924
BG93_3,BG93,3,2010s,497500.04702172836,6117499.888816063,Cropland,0.576233902691351,0,0.51035732067473,0,0.392175548686241,0.0974671306390293,9.72076761099461,249.418750789335
BG94_3,BG94,3,2010s,497500.04360713303,6122499.873015075,Cropland,0.428505153277839,0.0730640030548817,0.740794887455793,0,0.0959157578349497,0.0902253516543766,9.73484538574018,241.382973763092
BG95_3,BG95,3,2010s,497500.0483908097,6127499.894213497,Cropland,0.675896888441747,0,0.390111468025119,0.0554522124876472,0.349181600572964,0.20525471891427,9.783125373151,241.103245277515
BG96_3,BG96,3,2010s,497500.0613110999,6132499.841104226,Cropland,0.034235696444122,0,0.98260846532172,0.0110989360802786,0,0.0062925985980014,9.72519761280156,251.001273422409
BG97_3,BG97,3,2010s,497500.0191423166,6137499.936274155,Cropland,0.0675161132923144,0,0.965289329724505,0,0.0103560025904712,0.024354667685024,9.68624597334524,248.706734281727
BG98_3,BG98,3,2010s,497500.04848340026,6142499.845767268,Cropland,0.0926734720406575,0.0487093353727874,0.951290664627213,0,0,0,9.68997289806552,242.956168025388
BG99_3,BG99,3,2010s,497500.0228864452,6147499.903496731,Cropland,0.107716615138684,0.0313120856482139,0.943759237966633,0,0,0.0249286763851534,9.53410752025727,251.006206236505
BH57_3,BH57,3,2010s,477500.0575189135,6087499.717403076,Pasture,0.669847174746241,0,0.0389029005542698,0.202467676281209,0,0.132352537229378,9.98420770132908,219.224551618389
BH58_3,BH58,3,2010s,477500.0309492611,6092499.683684505,Cropland,0.529689844404269,0,0.272963298799029,0.107090962576227,0,0,9.93848409171993,223.934250775609
BH59_3,BH59,3,2010s,477500.0107989607,6097499.687274866,Cropland,0.645050012472335,0.0243546680098882,0.400390109645568,0.0329125559828053,0.0243546680098882,0.0883885649741803,9.90143346989833,225.618938130906
BH66_3,BH66,3,2010s,482500.0001891313,6082499.794663963,Cropland,0.509078369797854,0.098803501098062907,0.664422530052323,0.149054021367586,0,0.0877199474820279,10.0185448038522,223.473658101371
BH67_3,BH67,3,2010s,482500.0408449325,6087499.686214566,Cropland,0.423323912253092,0,0.714072821094977,0.21498457195742,0,0.0709426069476027,9.99499507591774,223.643428003905
BH68_3,BH68,3,2010s,482500.0724313329,6092499.726358123,Cropland,0.251023596136754,0.0374520556894327,0.855328963814463,0.107218980496104,0,0,9.95029941624483,225.462210550143
BH69_3,BH69,3,2010s,482500.03038015234,6097499.692768536,Cropland,0.565459968453281,0.0356119472290375,0.602408824853329,0.0186110996969105,0.0974186705867664,0.245949457633956,9.91383910770857,223.812769713
BH76_3,BH76,3,2010s,487500.048187175,6082499.800443771,Pasture,0.526153630345265,0,0.470691387087386,0.499761102245572,0,0.0295475106670426,10.0332405684583,230.258020299793
BH77_3,BH77,3,2010s,487500.03415061906,6087499.77562375,Cropland,0.280252679759568,0.0649767376440938,0.8442555137668,0.0311318139086791,0.0275202412827982,0.0321156933976285,9.9995397090198,231.831208083424
BH78_3,BH78,3,2010s,487500.0592190939,6092499.787910184,Cropland,0.339513656231427,0,0.795755005087854,0,0.0455437617293367,0.15870123318281,9.92442392709511,236.553785551889
BH79_3,BH79,3,2010s,487500.0591634151,6097499.726182375,Cropland,0.451235120118079,0.0730640030216307,0.71786467857719,0,0.0487093353477538,0.160361983053425,9.913205184288,233.476761798702
BH86_3,BH86,3,2010s,492500.0572634925,6082499.806664651,Cropland,0.578498968502816,0.131758054080597,0.579449403959173,0.209639871714175,0,0.0791526702460551,10.0403702168449,237.401364677635
BH87_3,BH87,3,2010s,492500.0521481735,6087499.763193937,Cropland,0.590088134937517,0.275988610838669,0.567359630240746,0.100118061335638,0.0275202413877295,0.0290134561972171,10.0223843710634,235.935251340575
BH88_3,BH88,3,2010s,492500.0706003756,6092499.756857703,Cropland,0.376480776920346,0.0487093355349522,0.778523270403986,0,0.094253097438238,0.0785142966228234,9.94604351287417,238.017591041952
BH89_3,BH89,3,2010s,492500.0486974856,6097499.7877438655,Cropland,0.463176893427142,0.0487093355336987,0.69103876305478,0,0.0243546677668493,0.235897233644672,9.91221360608425,239.008573568934
BH96_3,BH96,3,2010s,497500.0428692315,6082499.813263592,Cropland,0.636345077378361,0.210301292872321,0.521393046096772,0.00710028591297812,0.212496039744915,0.0487093353730143,10.0282533690224,244.248634637467
BH97_3,BH97,3,2010s,497500.0466593011,6087499.76039121,Cropland,0.266864482207217,0.0487093353699804,0.851130607829101,0.0243546676849902,0,0.0758053891159287,10.0130653484958,245.404933156523
BH98_3,BH98,3,2010s,497500.05847944214,6092499.74466746,Cropland,0.137593348736105,0,0.926856425934724,0.0275998123145422,0,0.0455437617507336,9.96075440598479,243.977236103225
BH99_3,BH99,3,2010s,497500.0144000943,6097499.766108859,Cropland,0.699097755166651,0.0690876075916414,0.426015503337727,0.0326505755580518,0.267901344539042,0.204344968973538,9.89883837989563,245.149930564825
CB80_3,CB80,3,2010s,542499.6620958119,6352499.629923955,Cropland,0.636068857125934,0.203991566346411,0.52973929826552,0.120895255629636,0,0.113601433796544,9.56076627596218,193.041097595519
CB81_3,CB81,3,2010s,542499.628879245,6357499.699695451,Cropland,0.749911825999763,0.103669619379128,0.258763951466409,0.230861890686111,0.0730640027257626,0,9.6013226448273,191.380147210677
CB90_3,CB90,3,2010s,547499.7045161797,6352499.721157329,Cropland,0.18014987863062,0.0829958196194907,0.900598584409834,0.0164055959706751,0,0,9.6076714028058,188.684563311535
CB91_3,CB91,3,2010s,547499.6539340164,6357499.662049337,Cropland,0.0862300568751596,0.0320809052470755,0.955234309305108,0.0126847854478164,0,0,9.56406061019991,191.612413291244
CB92_3,CB92,3,2010s,547499.671851043,6362499.752101463,Cropland,0.560175263446006,0.078624308170792,0.628461117484142,0.0852413390801705,0.0136126801419299,0.167264703058562,9.52962957355169,191.082577297934
CB93_3,CB93,3,2010s,547499.6398579371,6367499.76725467,Cropland,0.769455749071272,0.0492149749401575,0.355362975691953,0.181849838863922,0.0107419881438339,0.120328860814232,9.46517848230174,194.613019514202
CC04_3,CC04,3,2010s,502500.0151027321,6322499.626328963,Pasture,0.661474936001125,4.24187549992996e-4,0.27130391312481,0.487607200354894,0.0730640030674031,0,9.54331718747262,205.951092713972
CC05_3,CC05,3,2010s,502500.0189406716,6327499.550508512,Pasture,0.693026235721828,0.0495577104814113,0.27521555328382,0.345974594573931,0,0,9.53751469103255,203.311585875476
CC06_3,CC06,3,2010s,502500.0141727327,6332499.622039415,Forest,0.66551926885672,0,0.0517628388923628,0.160390828382263,0.517312986379594,0.0243546676891514,9.46840853449192,209.222465239329
CC14_3,CC14,3,2010s,507499.94254047045,6322499.647839415,Cropland,0.724988709936091,0.0388788843087538,0.387344909316087,0.254225503015539,0,0,9.58337166830387,204.444527214834
CC15_3,CC15,3,2010s,507499.9713143852,6327499.582203945,Cropland,0.152529720307939,0.0415086494283502,0.918420107694433,0.0400712428772163,0,0,9.55836819880687,206.259906749993
CC16_3,CC16,3,2010s,507499.97378503287,6332499.552584106,Forest,0.727514172157844,0.00720068605015392,0.0519867331973767,0.198984396178966,0.344059242026756,0.0487093354948025,9.51090318949201,205.453992955924
CC20_3,CC20,3,2010s,512499.9740781955,6302499.678350093,Cropland,0.675125196414199,0.00501658930046871,0.216648932327039,0,0.115500908284833,0.0829958175858889,9.62599692113018,210.594206796635
CC21_3,CC21,3,2010s,512499.9587580677,6307499.711003006,Cropland,0.562951352832826,0.0992000623355392,0.619792353979813,0.0100331786001261,0,0.0618763476872825,9.5312388208482,217.287982724154
CC23_3,CC23,3,2010s,512499.9200418585,6317499.662266049,Cropland,0.429122909176117,0,0.176845365237517,0.094709023564699,0,0,9.61388707094453,206.31089882345
CC24_3,CC24,3,2010s,512499.9569946417,6322499.581005044,Cropland,0.250840459535555,0.0341851188822291,0.861565894045926,0.0514189826942767,0,0.0419486269551785,9.58323183437854,207.262164650271
CC25_3,CC25,3,2010s,512499.94971320574,6327499.647067015,Cropland,0.53676444290113,0.0758964956791108,0.615395255525981,0.199552221695561,0,0.109156027099347,9.5621733879741,206.009785295445
CC26_3,CC26,3,2010s,512499.89918050665,6332499.526474841,Pasture,0.678660436875764,0.00720068603919638,0.00833694879499175,0.373490090516834,0.269236198126586,0.0072006860392401,9.53789598164176,204.238219443435
CC30_3,CC30,3,2010s,517499.937743111,6302499.734448258,Cropland,0.362000796966434,0.0680474135620039,0.791141697799642,0.0649135798885291,0.0243546676140363,0,9.58448462921784,210.411744807602
CC31_3,CC31,3,2010s,517499.9573913391,6307499.68638883,Cropland,0.579753879248599,0.0243546676124437,0.595804664503246,0.0955359148229268,0,0.229123823987205,9.56941864292452,208.535074289658
CC32_3,CC32,3,2010s,517499.9160470478,6312499.67435963,Cropland,0.576514743331796,0.131078237838503,0.622107660622706,0.0974186704523075,0,0.0487093352261537,9.51751405998889,213.275023518066
CC33_3,CC33,3,2010s,517499.9351837722,6317499.698844893,Cropland,0.668317272646597,0.0243546676133826,0.373882732477573,0.0344997659666908,0,0.0947090231825459,9.60574943677464,206.691760130544
CC34_3,CC34,3,2010s,517499.8934505895,6322499.647993909,Cropland,0.223585615820592,0,0.875181859960806,0.00203223544656554,0.0236826260765943,0.097440151568007,9.52470635603896,213.452318281826
CC35_3,CC35,3,2010s,517499.91156198527,6327499.6336058555,Cropland,0.695733065887975,0.16044949473821,0.451389569222487,0.0145035587505079,0.144029483948518,0.229627893340277,9.4560651798106,216.376306255275
CC36_3,CC36,3,2010s,517499.868461167,6332499.543827721,Forest,0.640296885159551,0,0.0488931600829393,0.0676832741645819,0.522248047231989,0.0952130936028686,9.45155474317649,213.247801108009
CC40_3,CC40,3,2010s,522499.9010986991,6302499.772105485,Cropland,0.288537711883941,9.15746430753005e-4,0.836577550579213,0.0532298955895371,0.0911945696911223,0.0180822377093751,9.50948121567532,212.773952991384
CC41_3,CC41,3,2010s,522499.8946037454,6307499.76462174,Cropland,0.530994810805876,0,0.637693826836764,0.0491642942054371,0.230408836864,0.0827330420937987,9.53667563921448,210.421794978006
CC42_3,CC42,3,2010s,522499.93192246224,6312499.682440375,Cropland,0.0796461510976006,0,0.957702901498978,0.0422970985010219,0,0,9.58042972924237,201.262845141789
CC43_3,CC43,3,2010s,522499.8904843816,6317499.636193218,Cropland,0.477884349796142,0,0.671482302353198,0,0,0.0713469846812779,9.63432105840358,201.120579261909
CC44_3,CC44,3,2010s,522499.89160933683,6322499.626510591,Cropland,0.580990699718647,0.0243546680795357,0.6221768406221,0.0492348857944729,0.126988738355428,0.0880094570998832,9.57669417863765,205.97120525077
CC45_3,CC45,3,2010s,522499.87422067544,6327499.653039125,Forest,0.635637835145315,0,0.336973615830792,0,0.456030166904023,0.206996217265186,9.4105467861303609,212.981828678743
CC46_3,CC46,3,2010s,522499.83866884856,6332499.604435725,Forest,0.78572917424734,0,0.183214000527468,0.252950960960362,0.28951798218888,0.12842699380074,9.43004392866704,203.827730299245
CC50_3,CC50,3,2010s,527499.8816415456,6302499.791260103,Cropland,0.64911576307485,0.0839580623952247,0.455921983007283,0,0.352769471196522,0.10735048340097,9.47839701245404,213.707185613455
CC51_3,CC51,3,2010s,527499.9107610129,6307499.723595708,Cropland,0.731552902914126,0.0835213689273083,0.342551688095923,0.0770625224625582,0.318432676631987,0.178431743882223,9.48672869821003,213.017626516693
CC52_3,CC52,3,2010s,527499.9046872742,6312499.692205453,Cropland,0.348086928021344,0.0721357460553182,0.799265151811016,0.0506680933418405,0.00969247614065624,0.0682385326511687,9.54749920605169,210.672310126113
CC53_3,CC53,3,2010s,527499.86315966025,6317499.697063427,Cropland,0.685013230142621,0.144346612195189,0.388960141756657,0,0.0487093345624187,0.371984224157387,9.59984589307089,207.886864835277
CC54_3,CC54,3,2010s,527499.8473306855,6322499.627229618,Cropland,0.750215483787924,0.0757736490661309,0.29592556783341,0.0481837849424273,0.0624722718399275,0.0467556156420179,9.62110326022279,203.91325460565
CC55_3,CC55,3,2010s,527499.795382189,6327499.593590726,Cropland,0.723215354964571,0.122259018567752,0.328778346448688,0,0.236800036762523,0.312162598221037,9.5123148474283,200.761148637024
CC56_3,CC56,3,2010s,527499.8281139306,6332499.59692409,Forest,0.692427756605924,0.0274464859856005,0.117165514273325,0.201737433952745,0.464105344230738,0.189545221557591,9.50752041749636,197.411540762357
CC57_3,CC57,3,2010s,527499.7634533717,6337499.635998681,Pasture,0.670325518120474,0,0,0.479419444527125,0.198551343852934,0.00540588472533065,9.60434308398377,200.626177967566
CC60_3,CC60,3,2010s,532499.8968679683,6302499.791890076,Cropland,0.527987749640206,0,0.633455966780219,0.134742030630851,0.0242154166800026,0.207586585908928,9.53752990219146,200.988010105418
CC61_3,CC61,3,2010s,532499.8393510462,6307499.784713652,Cropland,0.561239233089762,0.0382519685495334,0.629535093299831,0.125746759955326,0.0541793152546098,0.149014130486226,9.5399222654289,202.158136789968
CC62_3,CC62,3,2010s,532499.8518622435,6312499.703415073,Cropland,0.84531197802587,0.149910239420127,0.186527827337909,0.170482675759789,0.118023327086843,0.116483231222433,9.58964303940248,199.044906870187
CC63_3,CC63,3,2010s,532499.8104598847,6317499.769646129,Cropland,0.658583355292365,0.0613507977991294,0.416081924488273,0,0,0.113209722260296,9.60497994351389,201.147813740547
CC64_3,CC64,3,2010s,532499.8388375221,6322499.6503872825,Cropland,0.622386269012828,0.0407783614805494,0.360282577983596,0,0.00604623613936911,0.108896668607704,9.66363663102003,200.356051829754
CC65_3,CC65,3,2010s,532499.8124718731,6327499.678605539,Cropland,0.414945513247228,0.197104271126594,0.737579832433968,0.0305837711122236,0.0143429445857071,0.0203891807415079,9.6409421969574,196.839450062998
CC66_3,CC66,3,2010s,532499.7933676881,6332499.632118677,Cropland,0.547695285058463,0.0185102395513738,0.627952532692305,0.0825926040908972,0.211812312296726,0.0591323113686972,9.62879567876727,195.359472110928
CC67_3,CC67,3,2010s,532499.7801655097,6337499.62221521,Forest,0.175413110393843,0,0,0.0972814516242408,0.902718548375759,0,9.57143685413072,203.195668725741
CC68_3,CC68,3,2010s,532499.7119922304,6342499.6483931905,Forest,0.621214908545233,0,0.0203891807405626,0.186114822271654,0.276513442154069,0,9.60033217940069,201.885529303378
CC70_3,CC70,3,2010s,537499.842333892,6302499.772919597,Cropland,0.631361817246187,0.0424369049224884,0.544592724374821,0.0671230327918431,0.226939728198964,0.118907609711883,9.50567683625731,209.145496688545
CC71_3,CC71,3,2010s,537499.8212735428,6307499.726024116,Cropland,0.657155673394874,0.0487093351624017,0.504006949247342,0.103486790219156,0.259847521657036,0.0836593531504732,9.51470149291623,209.79436182212
CC72_3,CC72,3,2010s,537499.8517914551,6312499.716416673,Cropland,0.722224298704185,0.229064190445768,0.411654548905737,0.00447474637541507,0.0487093351636795,0.0956372788378209,9.57105133206391,206.750758010872
CC75_3,CC75,3,2010s,537499.7628460178,6327499.684050063,Cropland,0.790936379042798,0.0658633167279383,0.327837343624846,0.0606238944103821,0.18318256238694,0.034286483246206,9.65630078062298,199.618130270597
CC76_3,CC76,3,2010s,537499.7520002894,6332499.709823327,Cropland,0.523573024883834,0.0802646887448791,0.660933630973696,0.0365320013718755,0.166924952153076,0.0553447267564744,9.64970888953269,199.909929965571
CC77_3,CC77,3,2010s,537499.7302975287,6337499.660885921,Forest,0.459508884054938,0.0831036764860308,0.0303209960826751,0.114047100305069,0.712799974846919,0.0597282522793064,9.61032410351677,198.520834169038
CC78_3,CC78,3,2010s,537499.6962343298,6342499.648525652,Cropland,0.729541382081078,0.168855835596344,0.378913869283329,0.161409104880174,0.262787588447042,0.0243546675818087,9.59457408670678,198.423899653828
CC79_3,CC79,3,2010s,537499.7096245649,6347499.673264503,Forest,0.714647223337422,0.0764614850231781,0.0429650123609013,0.220629092444375,0.401043079207084,0.0059663285001779,9.5713727702057,200.70084747765
CC80_3,CC80,3,2010s,542499.8563424866,6302499.84651723,Cropland,0.67051654613476,0.155753719418007,0.502086064170951,0.145847583475003,0.171957965359289,0.02435466757675,9.4593734310039,210.157271120637
CC81_3,CC81,3,2010s,542499.811273352,6307499.769589547,Cropland,0.0669716907346132,0,0.965310815082449,0.0346891849175503,0,0,9.40594699655539,214.152596432399
CC82_3,CC82,3,2010s,542499.7992118956,6312499.841340819,Cropland,0.103528051881078,0.00884374220597396,0.946292491196719,0.0137912543075883,0.00764610051271258,0.0234264117770063,9.3917465943304,214.15663211258
CC83_3,CC83,3,2010s,542499.7620913137,6317499.727188424,Cropland,0.654620728929178,0.145215237633885,0.540674305123844,0.0462753444786497,0.0400483320680561,0.147056261209916,9.60831902359916,203.335443327756
CC84_3,CC84,3,2010s,542499.7566802504,6322499.7616613405,Cropland,0.606113904572298,0.0579577940446934,0.230342289319197,4.42198222377178e-4,0,0.0974186703009372,9.67195575602056,201.939956156172
CC85_3,CC85,3,2010s,542499.7239279284,6327499.721485542,Cropland,0.570780388758474,0.257637981804821,0.59003139101345,0.0183883390774693,0,0.0183883390774693,9.66865469944739,201.299382289992
CC86_3,CC86,3,2010s,542499.7227246305,6332499.718567566,Cropland,0.303673697991577,0.112105363196334,0.824460292240232,0,0,0.0634343445634339,9.67728181650929,199.510358016066
CC87_3,CC87,3,2010s,542499.6930338388,6337499.640942774,Cropland,0.60106816735524,0.243087607655814,0.556881684777183,0.0338518746839135,0,0.166178832883089,9.64505978533041,195.825060797365
CC88_3,CC88,3,2010s,542499.6924473802,6342499.711836177,Cropland,0.490769605218606,0.142292586064179,0.68007559618992,0.153277150170148,0,0.0243546675757525,9.6403590431087,192.687441750603
CC89_3,CC89,3,2010s,542499.7225329417,6347499.708588393,Cropland,0.30868763791106,0.0670976742268511,0.823479164087112,0.0219762496050592,0,0.0874469120809781,9.56707177509197,196.383319791345
CC90_3,CC90,3,2010s,547499.8365771989,6302499.788772783,Cropland,0.294547056471049,0.0758269676172479,0.831625358255021,0.00257062193668813,0.0899770521910428,0,9.35029873553716,207.02911563119
CC91_3,CC91,3,2010s,547499.8277234574,6307499.803976223,Cropland,0.426437362024247,0.136624732362396,0.733505371947714,0,0.12986989568989,0,9.39558116045054,203.344512172379
CC92_3,CC92,3,2010s,547499.7746032869,6312499.855917229,Cropland,0.635411466257928,0.196006530269959,0.500511537690303,0,0.273270660611332,0.0302112714284053,9.45767520357996,196.477534860665
CC93_3,CC93,3,2010s,547499.7994806129,6317499.834643529,Cropland,0.639093761604974,0.187636653421279,0.504137523931549,0.0190960458133882,0.258454377502909,0.0306753993308747,9.5420525635985,199.630772213498
CC94_3,CC94,3,2010s,547499.719378153,6322499.738043602,Cropland,0.73636866346718,0.102636029900637,0.273487081622016,0.182281294568641,0.0270643156469894,0.0076596512297017,9.69161032319187,195.180336174632
CC95_3,CC95,3,2010s,547499.7132742624,6327499.790795946,Cropland,0.694955372767549,0.0228618615586086,0.237518859814261,0.0182660012318023,0,0.15284751746397,9.69566836485603,196.374246682624
CC96_3,CC96,3,2010s,547499.7222361609,6332499.769553138,Cropland,0.55961298194437,0.262883331176778,0.598088489265591,0.103507340306797,0,0.028320153035037,9.66911465193039,199.659396341914
CC97_3,CC97,3,2010s,547499.6838005685,6337499.784904589,Cropland,0.676408365338376,0.105941786285174,0.445933057956678,0.312819656419168,0.0243546683084039,0.110950831030576,9.63419084626283,197.503324646307
CC98_3,CC98,3,2010s,547499.7195078448,6342499.7268970525,Cropland,0.654367298881993,0,0.471998178723187,0.307849329007031,0.13651952197915,0.0836329702906317,9.64148592483379,194.514214519707
CC99_3,CC99,3,2010s,547499.706504553,6347499.705425574,Cropland,0.374103481079198,0.0568812409269838,0.781061516917256,0.0967707954125025,0.0522291573946428,0.0130572893486149,9.63677740627957,190.640341593457
CD00_3,CD00,3,2010s,502500.05650963914,6252499.699439128,Cropland,0.640040616225436,0.195067282486849,0.530710799683773,0,0.102070113640718,0.172151804188661,9.52326788980779,223.961557544732
CD01_3,CD01,3,2010s,502500.0548085185,6257499.673018353,Cropland,0.319526396598511,0.165991635034432,0.807640863065749,0.00116445911084958,0,0.0252030427889701,9.50058868722782,227.734928236674
CD02_3,CD02,3,2010s,502500.0449077099,6262499.682977954,Cropland,0.740521826674836,0.0976548354748141,0.374480976058458,0.128729600579885,0.117470322487576,0.281664265399266,9.5608481474259,219.539453580705
CD03_3,CD03,3,2010s,502500.0268036657,6267499.729294267,Urban,0.669321490631212,0.531907140799397,0.131083032717944,0.0502828751661672,0.126500541915977,0.0156083366682759,9.6129906069824,211.227542488588
CD04_3,CD04,3,2010s,502500.06196320115,6272499.700669883,Urban,0.708191596487383,0.306083375634477,0.220229298195746,0,0,0.100644717157899,9.57243374318477,205.770112053996
CD05_3,CD05,3,2010s,502500.0274329878,6277499.708317954,Cropland,0.401863241002505,0.015254507784307701,0.755242156993186,0,0,0.0919303855145323,9.52411043674985,209.694552829902
CD06_3,CD06,3,2010s,502500.04595014855,6282499.752284697,Cropland,0.127866825867458,0.0338790151233702,0.932666157303271,0,0,0.0334548275733587,9.42754017099808,218.964794743346
CD07_3,CD07,3,2010s,502500.0561681533,6287499.721199877,Cropland,0.0541294090865758,0,0.972226371767416,0.0182660007669876,0,0.00950762746559648,9.51440525720309,207.168943067202
CD08_3,CD08,3,2010s,502499.9969046276,6292499.726313779,Cropland,0.516349162625926,0.0487093353805504,0.672463362357735,0.0706134456723982,0,0,9.5494497854466,211.768391277561
CD09_3,CD09,3,2010s,502499.9905232744,6297499.656359702,Grass/Shrubland,0.777116186517372,0.123341446009164,0.0830838923690224,0.113319124637731,0.0365320015337471,0.151256516374995,9.56608985491419,209.516549634786
CD10_3,CD10,3,2010s,507500.00067667133,6252499.692961532,Cropland,0.660584660826107,0.0386594386404454,0.479455405063418,0.0199817113225011,0.208967222188428,0.252936222785207,9.45174960288946,223.445929641297
CD11_3,CD11,3,2010s,507500.0220085052,6257499.676381406,Cropland,0.498474659847088,0.146017036270514,0.6801744289845,0,0.0518157503605357,0.121992784384451,9.48729863996206,216.894888545921
CD12_3,CD12,3,2010s,507500.0180652209,6262499.696165513,Cropland,0.446482341525297,0.136627971157372,0.720597720544649,0,0.0194394421541543,0.123334866143826,9.5050214426799,217.188076226874
CD13_3,CD13,3,2010s,507500.05031551485,6267499.752397923,Cropland,0.658284271660606,0.234039049998339,0.50588557713407,0.0745435490367364,0,0.153749039505859,9.5996514969287,215.530392315613
CD14_3,CD14,3,2010s,507499.9959119025,6272499.733530455,Cropland,0.708779421716412,0,0.352161499342997,0.229223046884474,0,0.0974186709897764,9.61574737297825,213.060445506897
CD15_3,CD15,3,2010s,507500.0388689106,6277499.7511699125,Grass/Shrubland,0.539729046659549,0.0766396923325372,0.0241464605639851,0.015190967461566,0,0.167840003374211,9.63582720229043,205.093538405472
CD16_3,CD16,3,2010s,507499.99515133403,6282499.693658245,Cropland,0.612981734335748,0,0.416569617707522,0,0.0730640032417888,0.0578094954006089,9.54764342376989,207.333881220991
CD17_3,CD17,3,2010s,507499.98714753694,6287499.67249593,Cropland,0.466136819988664,0,0.696030909256737,0.0243546677475925,0.0243546677475925,0.0392017080067435,9.5458835207612,207.82071077745
CD18_3,CD18,3,2010s,507500.0146276354,6292499.687658906,Cropland,0.475019011668356,0,0.219737921328308,0,0,0.0243546677485229,9.60164051797529,205.675613930224
CD20_3,CD20,3,2010s,512500.031700168,6252499.678930431,Forest,0.685587071743716,0.00411584507164573,0.313847812658876,0.068691046716513,0.408956996606455,0.204388298946511,9.43337653269402,217.274135932199
CD21_3,CD21,3,2010s,512500.01438471023,6257499.682042768,Cropland,0.759088642607186,0.180053129205601,0.302713377920839,0.0485912530610715,0.28270993339429,0.185932306418197,9.47974431627778,215.116237520184
CD22_3,CD22,3,2010s,512500.0164166468,6262499.721667139,Cropland,0.702005548842388,0.0100904471101267,0.361931647992264,0.0624035918555857,0.321885230900059,0.243689082141965,9.58932974709687,207.178215479596
CD23_3,CD23,3,2010s,512499.9764066874,6267499.686291468,Cropland,0.674709411641308,0.00501658930045338,0.466052551804718,0.276353613494951,0.141159559946469,0.107350485734728,9.5787768119297,213.879785596382
CD24_3,CD24,3,2010s,512500.01682432264,6272499.687559193,Cropland,0.277392551899756,0.0487093354216378,0.846000141233433,0.0110060335433088,0.0289637888362662,0.0593547220863246,9.50976850337726,220.317484871237
CD26_3,CD26,3,2010s,512500.0311430825,6282499.687715276,Grass/Shrubland,0.698797093937028,0.0304433346382821,0.0490484835181199,0,0.0253942359186972,0.414207929026691,9.59953488620448,212.124490667992
CD28_3,CD28,3,2010s,512499.9968010931,6292499.721756237,Cropland,0.712661862582758,0,0.31992853333267,0.0565254481089542,0.0293712570122637,0.119471159437917,9.61823485033517,211.405804001176
CD29_3,CD29,3,2010s,512500.0070516916,6297499.681986718,Forest,0.724882461774647,0.0487093354215908,0.0739105830703352,0.1389672617095,0.372320724710602,0.013591198657299,9.57401548564816,215.388843017656
CD30_3,CD30,3,2010s,517499.9810075786,6252499.76818393,Forest,0.589898590669861,0.0602022449821159,0.222955399633487,0,0.577568911434459,0.139273443949938,9.40025796637305,213.784988215169
CD31_3,CD31,3,2010s,517499.9873017802,6257499.689823826,Cropland,0.506799745760663,0.146128005674122,0.669674808647226,0,0.0356170290556423,0.148580156623009,9.54309577512953,209.132107021983
CD32_3,CD32,3,2010s,517499.99541134556,6262499.759304405,Cropland,0.539243180289712,0.0359202807124235,0.646051194037103,0.161993027833795,0.0524344003815048,0.103601097035175,9.55879982417161,215.432592774566
CD33_3,CD33,3,2010s,517500.0060077057,6267499.753989291,Cropland,0.756978700290576,0.0526176794878745,0.22312838502927199,0.0290818710627042,0.102741363744291,0.156247841774537,9.62186761624697,208.974773861614
CD34_3,CD34,3,2010s,517499.95698225294,6272499.784906531,Cropland,0.701810333879373,0.0121773338062726,0.382847738859535,0.151756803017089,0.00921824221393452,0.0457502436325211,9.63376574141821,208.12058903341
CD36_3,CD36,3,2010s,517499.98719161353,6282499.733989379,Grass/Shrubland,0.568223553300866,0.0448452142658107,0.108289887843545,0.0935979025384004,0,0.126061648554624,9.65630721581001,208.762217871928
CD37_3,CD37,3,2010s,517500.0039983928,6287499.763160197,Cropland,0.075055404292027,0,0.961352049602651,0.0193098720647229,0,0.019338078332626,9.54685107671833,217.786010024705
CD38_3,CD38,3,2010s,517499.96096102183,6292499.717152444,Cropland,0.402374534830654,0,0.759297551669406,0.0924302874023252,0.055870079753923003,0.0924020811743462,9.53167786705486,218.362817596406
CD39_3,CD39,3,2010s,517499.9796768343,6297499.707759489,Cropland,0.653926410691726,0.0487093352250499,0.493877342968879,0.0984907480734666,0.282121469706232,0.0768011040263723,9.55661645431385,210.270094973548
CD40_3,CD40,3,2010s,522499.9897546972,6252499.738438926,Forest,0.482986810353555,0.16626430257103,0.0797746964003102,0,0.693528882629008,0.0401417240006606,9.55523737275897,200.881297295198
CD41_3,CD41,3,2010s,522499.9577492953,6257499.699618638,Urban,0.632479177176412,0.495395502138275,0.240687936105564,0,0.253124248318196,0.0100498969714038,9.50548634771819,216.313708206594
CD42_3,CD42,3,2010s,522499.9726405925,6262499.6976654865,Cropland,0.422151938374172,0.0727043857929247,0.730723070225123,0,0.00120964971134061,0.195362894270612,9.47648787893909,216.87892698179
CD43_3,CD43,3,2010s,522499.9724788307,6267499.732229277,Cropland,0.729040373060303,0.040876372036946,0.404145849372913,0.249137598543242,3.13779004870586e-4,0.0487093361618053,9.67087324826904,205.123176643156
CD44_3,CD44,3,2010s,522499.95701237884,6272499.803285507,Cropland,0.239328267488009,0,0.867975062650251,0.0126750832873408,0.0599951310771238,0.0593547229852845,9.54532446929148,219.555777613367
CD45_3,CD45,3,2010s,522499.9265822344,6277499.799500932,Cropland,0.676186235107764,0.0243546680810022,0.456405396723948,0.11861527243153,0.307952638280357,0.0738594984069519,9.52885174542003,221.712876780034
CD46_3,CD46,3,2010s,522499.9422009157,6282499.72117526,Cropland,0.458069694918598,0.17434679758919,0.70657658684947,0.0939854944790712,0,0.025091121082269,9.57507837624577,217.089353772264
CD47_3,CD47,3,2010s,522499.94102253095,6287499.790575308,Cropland,0.462323304090013,0.0594728053491033,0.716159182302569,0.029530667710157,0.0730640042393141,0.121773340398857,9.56129218296761,213.800953469405
CD48_3,CD48,3,2010s,522499.9239833698,6292499.785056509,Cropland,0.234081961558876,0.135364539271669,0.864635460728331,0,0,0,9.52968920973258,209.061235486124
CD49_3,CD49,3,2010s,522499.95187649434,6297499.704918779,Cropland,0.368223268724716,0.0742504563493269,0.784377836513276,0.0989867799067875,0.00940626303768345,0.0329786641929265,9.54985659899678,208.65685511039501
CD50_3,CD50,3,2010s,527499.9511970772,6252499.700352971,Grass/Shrubland,0.774542301289262,0.174930098669924,0.222603307989945,0.0630141051802788,0.223446879487189,0.302009520848928,9.57395402847566,208.450486316706
CD51_3,CD51,3,2010s,527499.9427165891,6257499.711358914,Urban,0.670605966329653,0.484410397392212,0.257294674036401,0.0100498966417892,0.0200997932832487,0.145773756606627,9.50227507121442,213.157630450314
CD52_3,CD52,3,2010s,527499.9640577937,6262499.75929551,Cropland,0.359830736241938,1.15534257217441e-4,0.776514554509998,0,0.0334310789649235,0.189938832267862,9.47808210420005,213.498051421865
CD53_3,CD53,3,2010s,527499.9539858935,6267499.732432754,Cropland,0.55391297887041,0.0487093345632424,0.622312047142982,0.183314535607282,0.032493156799594,0.113170925886899,9.61166226724623,209.797812272791
CD54_3,CD54,3,2010s,527499.9115217607,6272499.742050619,Cropland,0.559974980176699,0.0557267685406865,0.62401446957964,0.035877469890668,0.0883916734851186,0.195989618503887,9.58003427957545,211.239565877774
CD55_3,CD55,3,2010s,527499.8977407311,6277499.788523502,Cropland,0.30367581332157,0,0.823118081528497,0,0.128172583908019,0.0487093345634838,9.52730073860612,211.309655181852
CD56_3,CD56,3,2010s,527499.9128910928,6282499.76051782,Cropland,0.353771728944325,0.188314566494847,0.780338405190382,0.012457286940838,0,0.0188897413739333,9.54116761651104,208.93065627216
CD57_3,CD57,3,2010s,527499.8945820702,6287499.768916321,Cropland,0.121103563976271,0.0101002726182048,0.936268195028035,0.0116346055289184,0.0243546672805179,0.0176422595443242,9.53072032021757,210.761764229696
CD58_3,CD58,3,2010s,527499.9036695738,6292499.81409373,Cropland,0,0,1,0,0,0,9.53878596172562,209.575804402248
CD59_3,CD59,3,2010s,527499.9404047114,6297499.784713762,Cropland,0.289513298542439,0.136709245498693,0.831322851203045,0,0.0256954731502837,0.00627243014797794,9.49808307660503,215.074046737048
CD60_3,CD60,3,2010s,532499.9431598982,6252499.765451516,Cropland,0.535347813433098,0.0632457444066341,0.635937139376714,0.0143047710195289,0.0566916628569372,0.229820682340186,9.48005386987813,213.020268513798
CD61_3,CD61,3,2010s,532499.8975667739,6257499.724542583,Cropland,0.107574961495946,0.0157845855924812,0.944015826710466,0.010049896924255,0,0.030149690772798,9.45953003272084,215.113211822925
CD62_3,CD62,3,2010s,532499.9264218447,6262499.721080979,Cropland,0.67190160902392,0.182940882045879,0.471007237803513,0,0.0926914682989392,0.253360411851669,9.48405985948142,208.527231959157
CD63_3,CD63,3,2010s,532499.9060614218,6267499.754098765,Cropland,0.572674225141257,0.0730640038993923,0.614622322601105,0.186906369281952,0.0290818714839168,0.07197076476717,9.60538303092513,203.718894211672
CD64_3,CD64,3,2010s,532499.8984825077,6272499.712735584,Cropland,0.614363865195456,0.168787934966855,0.55849667037259,0,0.0730640038955224,0.199651390765032,9.5498925606467,212.443520148173
CD65_3,CD65,3,2010s,532499.9014897305,6277499.819579325,Cropland,0.403748200770662,0.0190319745627195,0.74670952640029,0,0.19087185650762,0.043386642529371,9.49256697003393,211.798789830937
CD66_3,CD66,3,2010s,532499.9171695623,6282499.740681873,Cropland,0.6323751994629,0.32402248364816,0.468681966341028,0.20729555001081101,0,0,9.53401041549063,208.233994589411
CD67_3,CD67,3,2010s,532499.8812754106,6287499.809468063,Cropland,0.436684375734353,0.147596912989858,0.730629747183476,0,0.0730640038959995,0.0487093359306663,9.51061536865562,207.986538195529
CD68_3,CD68,3,2010s,532499.9174908885,6292499.804240393,Cropland,0.370133658972331,0.183859190982153,0.771396960310326,0.024354667966249,0.0203891807412723,0,9.52647120562586,207.630941098946
CD69_3,CD69,3,2010s,532499.9030293231,6297499.72402499,Cropland,0.722987532710946,0.336188669269124,0.345499456660199,0.0428044322719654,0.114895156925728,0.160612284872984,9.50907781234066,207.028636934359
CD70_3,CD70,3,2010s,537499.9224899263,6252499.710588921,Cropland,0.308393997451973,0.00793097432465716,0.824131354899234,0.0202710992953021,0.051062839618792,0.0966037318620152,9.44378744336843,210.379861160298
CD71_3,CD71,3,2010s,537499.9009141074,6257499.739502609,Cropland,0.730806843243159,0.0971825056053118,0.406482508318722,0.198769049929312,0.0849476923552152,0.212618243791439,9.55165637315466,202.132675226354
CD72_3,CD72,3,2010s,537499.8761429818,6262499.694117894,Cropland,0.444576390236523,0.109551296528952,0.729272834427462,2.95205897544652e-5,0.0755174357550619,0.0758151806513886,9.47989738904784,208.12993146794
CD73_3,CD73,3,2010s,537499.8457173071,6267499.797017795,Cropland,0.719992889760348,0.030320996083632,0.44386943755184,0.18137273896349,0.180312315106654,0.10087424161653,9.57762061509566,205.153613174878
CD74_3,CD74,3,2010s,537499.8735113181,6272499.714805415,Cropland,0.525188182543677,0.139672323408552,0.646397410150967,0.00921824220226202,0.0117045773346875,0.193007446903531,9.54126923506562,206.021136127482
CD75_3,CD75,3,2010s,537499.8945203188,6277499.780826929,Cropland,0.185258090214413,0,0.899276143696379,0,0.0283201547451671,0.0724037015584534,9.47131080720879,210.791666559069
CD76_3,CD76,3,2010s,537499.8489667726,6282499.771897683,Cropland,0.674224911306181,0.177078535967455,0.493582669429349,0.194556468344995,0.0251863221432392,0.109596004114962,9.51684574070374,205.812592672282
CD77_3,CD77,3,2010s,537499.8579666234,6287499.800388882,Cropland,0.411886876170799,0.127073936484903,0.751984380172905,0.0243546675814675,0.0235230130163224,0.0730640027444024,9.4592068196926,212.947545207747
CD78_3,CD78,3,2010s,537499.8606860194,6292499.754419795,Cropland,0.331509569237881,0,0.807285839074127,0.115684671016279,0.0283201547448451,0.048709335164749,9.49789392250357,208.42925084989
CD79_3,CD79,3,2010s,537499.8556398308,6297499.745272113,Cropland,0.0806508085563112,0.00627243022529555,0.958366684866879,7.6829993873997e-4,0.00627243022541928,0.0283201547436662,9.51112777690853,207.729019314513
CD80_3,CD80,3,2010s,542499.9043316353,6252499.758197298,Cropland,0.558792609073952,0.0886727575155055,0.614821842505883,0.0183883390767711,0.229407725748871,0.0487093351529698,9.3743326807644891,214.561344534716
CD81_3,CD81,3,2010s,542499.9081204964,6257499.755666731,Cropland,0.671854668337029,0,0.42174861249991,0.0547980020438306,0.218889190303941,0.304564195152319,9.60299556099092,196.635602980787
CD82_3,CD82,3,2010s,542499.8906583615,6262499.790154996,Cropland,0.0198977926760915,0,0.989950103237007,0,0,0.0100498967629926,9.48874921504668,205.49699512764
CD83_3,CD83,3,2010s,542499.8525639324,6267499.7503311,Cropland,0.677566361676537,0.140161676959472,0.480429823174303,0,0.189951994468854,0.189456505397371,9.56040123494624,200.8098100672
CD84_3,CD84,3,2010s,542499.8536315641,6272499.748089695,Forest,0.718836521194969,0.1525836875291,0.318616293684289,0.0243546675752533,0.371679045238828,0.13276630597253,9.58686051675313,202.456367320649
CD85_3,CD85,3,2010s,542499.8318074815,6277499.782787062,Cropland,0.360732873513861,0.0396091752895355,0.788484522306955,0.040252811775842,0.0124236173702906,0.119229873257377,9.46427163256275,209.596324971755
CD86_3,CD86,3,2010s,542499.848977515,6282499.74370801,Cropland,0.0646712038788873,0.033454827416941,0.966545172583059,0,0,0,9.47772799687727,208.081014686231
CD87_3,CD87,3,2010s,542499.8409872162,6287499.852821364,Cropland,0,0,1,0,0,0,9.33979170252407,216.679583377557
CD88_3,CD88,3,2010s,542499.8718291062,6292499.776795781,Cropland,0.329442394160697,0,0.804784083747017,0,0.11471029270271,0.0805056235502722,9.40326122199598,208.932768104637
CD89_3,CD89,3,2010s,542499.8153189467,6297499.848290001,Cropland,0.202979189022287,0.00627243022385044,0.888907744253968,0.026722582748661,0.0780972427735205,0,9.46489337435195,208.652863571825
CD90_3,CD90,3,2010s,547499.9077536316,6252499.685534189,Cropland,0.608241868742146,0.124610728103154,0.561973608057212,0,0.229385646284828,0.0840300175548068,9.47040426401753,201.359174981851
CD91_3,CD91,3,2010s,547499.8745462188,6257499.772209364,Cropland,0.587045407024957,0,0.561320620283603,0,0.248096907433034,0.190582472283363,9.57907900822119,201.016921104231
CD92_3,CD92,3,2010s,547499.8659603776,6262499.785287277,Cropland,0.481727434263526,0.101844536251373,0.678125663096054,0,8.37785885694692e-4,0.219192014766879,9.48496967981159,209.864607191614
CD93_3,CD93,3,2010s,547499.8197961848,6267499.724049108,Cropland,0.485290413879491,0.0026713771388943,0.692012967294196,0.0501846242916994,0.147008829222204,0.108122202053007,9.57889917520323,198.444925718897
CD94_3,CD94,3,2010s,547499.7944576344,6272499.811765392,Cropland,0.393585276430061,0.108343258364024,0.764841473155412,0,0.0346593584783748,0.0921559100021887,9.51404837992359,210.56104744814
CD95_3,CD95,3,2010s,547499.7917206177,6277499.825801136,Urban,0.635960581442091,0.486352729670788,0.340091412562424,0.0815205285586335,0.0553176937045692,0.0367176355035851,9.48904858888791,205.214715193349
CD96_3,CD96,3,2010s,547499.8108651892,6282499.766127534,Cropland,0.222508693491853,0.122245982353071,0.873203937589084,0,0,0.00455008005784533,9.40471987567243,210.791639090378
CD97_3,CD97,3,2010s,547499.8486541302,6287499.855329811,Cropland,0.0413199008270062,0.0029001977465336,0.978833801022634,0,0,0.0182660012308328,9.34699602983125,209.335202169446
CD98_3,CD98,3,2010s,547499.8457579509,6292499.870075763,Forest,0.452555623783213,0,0.293334117855714,0,0.67757550072658,0.0290903814177063,9.30109647068995,211.971878822905
CD99_3,CD99,3,2010s,547499.8016743321,6297499.8103351565,Forest,0.529152610558247,0.0243546683075781,0.381792779302311,3.7995340995964e-4,0.569117930672573,0.0243546683075781,9.33379201929255,209.457823977439
CE00_3,CE00,3,2010s,502500.06152683037,6202499.744005174,Forest,0.606283478588318,0,0.262761228083433,0.0369561890848888,0.54631513756535,0.153967445266329,9.48718354600498,236.26109067078
CE01_3,CE01,3,2010s,502500.0785219833,6207499.797640791,Forest,0.582372316886341,4.24187550003575e-4,0.406838053822917,0.0717291498798297,0.495840705924875,0.0251679028223743,9.47977670594871,233.851581407935
CE02_3,CE02,3,2010s,502500.02528104605,6212499.776561091,Forest,0.557186046500116,0.04177655339406,0.158693481037662,0,0.618897976708375,0.180631988859903,9.44612179422352,228.84149814831
CE03_3,CE03,3,2010s,502500.0263673985,6217499.792110339,Cropland,0.524471632825113,0.168669860943348,0.656352542060773,0,0.0681345379850408,0.106843059010838,9.40435334308026,229.715529813748
CE04_3,CE04,3,2010s,502500.08162276645,6222499.732965122,Urban,0.575731263596422,0.483537033661557,0.427292125552449,1.06046887498572e-4,5.37548364050305e-4,0.0885272455344448,9.39970187927977,230.183234357181
CE05_3,CE05,3,2010s,502500.0666420697,6227499.710331745,Cropland,0.395475572404166,0.089431230611693,0.756815093741527,0,0,0.15375367564678,9.43914114563337,226.576908701315
CE06_3,CE06,3,2010s,502500.04362767225,6232499.724222039,Cropland,0.190596668222578,0.10667867348857,0.89332132651143,0,0,0,9.4312024650538,228.646085755597
CE07_3,CE07,3,2010s,502500.07449190767,6237499.774647816,Cropland,0.430921033338712,0.0730640030670473,0.726928557899419,0.00346034546488785,0.187683098403544,0.00886399516510169,9.42158337091813,227.815971912875
CE08_3,CE08,3,2010s,502500.0353899611,6242499.750212144,Forest,0.564025442317078,8.48375100037021e-4,0.119551939074488,0.210392250983893,0.61056628501992,0.058641149821662,9.46368134905616,223.235742626326
CE09_3,CE09,3,2010s,502500.05001462775,6247499.762263852,Cropland,0.40522030786504,0.00444912059744374,0.751599575944637,0,0.128768820998722,0.115182482459198,9.53047146335058,216.322826717284
CE10_3,CE10,3,2010s,507500.0262864438,6202499.752100389,Urban,0.710421291122364,0.367976014810859,0.241210972264921,0.0487093354963901,0.302901969420235,0.0392017080075955,9.44455902185008,232.278730898568
CE11_3,CE11,3,2010s,507500.04771768564,6207499.815339364,Forest,0.681107444034793,0.0730640032441232,0.165358061932272,0.0999269655289657,0.493185851280523,0.168465118014116,9.42105080922393,235.986746853132
CE12_3,CE12,3,2010s,507500.04475203936,6212499.8038825905,Cropland,0.33670328478514,0.0148470402590281,0.804065822020603,0,0.0816509105157824,0.0994362272045859,9.40527634435635,232.30582540012
CE13_3,CE13,3,2010s,507500.07958559337,6217499.717812039,Cropland,0.5268782178474,0.111576730985974,0.649791817117752,0,0.0487093354978652,0.189922116398409,9.3736418440511,230.812957682677
CE14_3,CE14,3,2010s,507500.0273397176,6222499.77948883,Cropland,0.51596031555465,0.347198711687656,0.598434035485692,0,0,0.0543672528266522,9.32526244054271,231.749715812248
CE15_3,CE15,3,2010s,507500.07478817966,6227499.766611712,Cropland,0.229236062596055,0,0.867911191928146,0,0.0240147733148063,0.108074034757047,9.37179694142052,228.151969491443
CE16_3,CE16,3,2010s,507500.0353278538,6232499.79013519,Cropland,0.523044956411604,0.0243546677476725,0.502313811257221,0,0.473331520995106,0,9.37149793811865,229.209755069368
CE17_3,CE17,3,2010s,507500.0331905386,6237499.73894793,Forest,0.575825747756223,0.109112776862875,0.0414499787633659,0.167622930141671,0.613665536583211,0.0681487776488779,9.39863640479808,223.450097310103
CE18_3,CE18,3,2010s,507500.06795502856,6242499.724328115,Pasture,0.717616281456552,0.00774533627048248,0.165907993630499,0.407482831707836,0.191093314248432,0.22777052414275,9.48584163071963,216.319925614167
CE19_3,CE19,3,2010s,507500.01585132466,6247499.746037214,Cropland,0.649086490379782,0.0974186709897023,0.541207167494269,0.113968961276046,0.168616955101353,0.0787882451386302,9.49397985006112,223.958059439178
CE20_3,CE20,3,2010s,512500.0778718726,6202499.765489041,Cropland,0.617194286291603,0.00933125631818629,0.532120538543003,0.0462358528612305,0.284984730021518,0.127327622256062,9.39218698751876,232.499219100739
CE21_3,CE21,3,2010s,512500.0416534956,6207499.736611552,Forest,0.611477396672625,0,0.19112466242985,0.181486566493363,0.560552177834583,0.0668365932422038,9.35984329334439,234.526194846421
CE22_3,CE22,3,2010s,512500.08898064535,6212499.744663644,Forest,0.34518674817777,0,0.1052149014303,0.0243546677107127,0.798757069290409,0.0716733615685787,9.28986375041842,238.20806442114
CE23_3,CE23,3,2010s,512500.03278298484,6217499.789083581,Urban,0.746068761115144,0.305601790739316,0.28445530823449,0.0220284427597053,0.236244311768173,0.151670146498316,9.32447067716183,230.491320855492
CE24_3,CE24,3,2010s,512500.0599824369,6222499.759086974,Cropland,0.602390334297637,0.288962145669811,0.530623365896702,0,0,0.180414488433487,9.32329309307881,226.852019549699
CE25_3,CE25,3,2010s,512500.045683016,6227499.765589996,Cropland,0.417445087518366,0,0.717788486962096,0,0.0238177958820485,0.258393717155856,9.33172181909404,227.014991213997
CE26_3,CE26,3,2010s,512500.05217830365,6232499.697447278,Forest,0.628441917875662,0.0243546677110411,0.33412486333309,0,0.484392828943383,0.157127640012486,9.36034901836752,223.023013885469
CE27_3,CE27,3,2010s,512500.0166706834,6237499.77705867,Grass/Shrubland,0.745236403987033,0.062488556179711,0.255728272671122,0.0846833736339735,0.294911970101543,0.302187827413651,9.42081801303242,218.778471704378
CE28_3,CE28,3,2010s,512500.06347564154,6242499.782156218,Cropland,0.662102184549149,0.0742331865432729,0.464882088841679,0.0219221158945527,0.3180896910422,0.120872917678295,9.40918559414577,226.75057416882
CE29_3,CE29,3,2010s,512500.0068288046,6247499.712173496,Cropland,0.677449020640446,0.122674082780012,0.483815260041008,0.0586411498795761,0.250853171898963,0.0840163354004418,9.36157149736079,228.352077509287
CE30_3,CE30,3,2010s,517500.0454849072,6202499.78370307,Cropland,0.6010705822086,0.0735199291570277,0.576280912717863,0,0.167860025573395,0.182339132551714,9.33538308583732,232.283194739106
CE31_3,CE31,3,2010s,517500.0763001169,6207499.784124023,Cropland,0.486652382962873,0.037608810614725,0.688102210876107,0,0.116756748785311,0.157532229723857,9.33993896984649,228.927033198039
CE32_3,CE32,3,2010s,517500.0498415911,6212499.709770298,Forest,0.654041431638033,0.0648960753680199,0.376158338811607,0,0.427867347985917,0.131078237834456,9.28185277170897,229.851365791646
CE33_3,CE33,3,2010s,517500.0895961484,6217499.78371891,Cropland,0.696890113867361,0.0487093352280031,0.377806807912762,0.0145035587502829,0.306128722195978,0.252851575912974,9.25884433142985,229.760871485216
CE34_3,CE34,3,2010s,517500.07173813885,6222499.7828447055,Cropland,0.454929564226811,0.194837340899934,0.708202709371524,0,0.0277778870784364,0.0691820626501065,9.23749898658954,230.477686816442
CE35_3,CE35,3,2010s,517500.0583055991,6227499.707374013,Forest,0.523516237739757,0,0.278539971501097,0,0.62402353883332,0.0974364896655832,9.29445012936711,223.47571885677
CE36_3,CE36,3,2010s,517500.0481509513,6232499.779884519,Forest,0.0857756779869244,0.014948404755671,0.0142929987719426,0,0.955810191716799,0.0149484047555871,9.2833905301763,225.788934909217
CE37_3,CE37,3,2010s,517500.0419372872,6237499.777750103,Forest,0.554696945680792,0.0149484047553488,0.463885976014012,0,0.477472873285809,0.0436927459448306,9.34667068246868,222.578301668063
CE38_3,CE38,3,2010s,517500.03942366596,6242499.700944795,Forest,0.66653740593547794,0.149331778645309,0.296582595167393,0.0487093352279046,0.46778467182317,0.0375916191362237,9.3299231100027,225.54272550986
CE39_3,CE39,3,2010s,517500.0394573879,6247499.77205085,Cropland,0.644086662789704,0.11638155506366,0.439388571310296,0.0514804061742502,0.381631751392816,0.0111177160589772,9.3075858835349,221.126936652044
CE40_3,CE40,3,2010s,522500.0704425728,6202499.807062485,Forest,0.674272077747076,0.147179107753437,0.240708532765761,0,0.477498392210089,0.134613967270713,9.24084309836993,234.938253401492
CE41_3,CE41,3,2010s,522500.0442081195,6207499.734739026,Cropland,0.589229355610577,0.0573363783638386,0.519825871994318,0,0.364196598876493,0.0586411507653504,9.2638675412654,232.432292238357
CE42_3,CE42,3,2010s,522500.0678054823,6212499.810822077,Forest,0.422307117206211,0.0101854838687169,0.103471341046619,0,0.738197610364542,0.148145564720123,9.21089310288391,231.67202955401
CE43_3,CE43,3,2010s,522500.08030082856,6217499.7010696195,Forest,0.307550583953538,0,0.166835738849024,0.0182660010608565,0.814898260090119,0,9.18491910403685,229.944298509916
CE44_3,CE44,3,2010s,522500.07970485423,6222499.739352608,Forest,0.663578087606016,0.136065637849683,0.270416790559149,0.0979442219539385,0.484844970312295,0.0107283793249348,9.16698457934407,226.548137991917
CE45_3,CE45,3,2010s,522500.06692997954,6227499.703048657,Forest,0.609376500040726,0.231882131487697,0.0201045983224197,0.073280145557415,0.568468276252811,0.0819101802989826,9.25676589680664,220.653190972479
CE46_3,CE46,3,2010s,522500.041145187,6232499.703433006,Cropland,0.628300580327978,0.105757116051083,0.540486334170596,5.72183137430581e-4,0.176828527425494,0.176355839215397,9.27702499790585,219.219096327102
CE47_3,CE47,3,2010s,522500.0640162797,6237499.74080711,Cropland,0.208496367137557,0.107892754657437,0.883051973788608,0,0,0.00905527155395477,9.34057221923133,215.147404371501
CE48_3,CE48,3,2010s,522500.0119734386,6242499.703193641,Cropland,0.487285356786185,0.189278486496028,0.677750940497663,0,5.25549635471347e-4,0.132445023370838,9.34577870984289,214.551381638879
CE49_3,CE49,3,2010s,522500.0079419588,6247499.702520713,Cropland,0.527515875119238,0.00555885813603503,0.643979102664154,0.00940626303746743,0.221313636465104,0.0423051789862329,9.44037709553319,205.281165395042
CE50_3,CE50,3,2010s,527500.0450754714,6202499.723619567,Cropland,0.691617556630139,0.0938940873696242,0.400842863009063,0.0608866682026189,0.355528446498485,0.0888479349202085,9.11530846119815,232.799771679288
CE51_3,CE51,3,2010s,527500.0855328589,6207499.811552569,Forest,0.204664853736724,0,0.0830654425737385,0,0.887449089057146,0.0294854683691152,9.18254770759206,227.936579157801
CE52_3,CE52,3,2010s,527500.0988265752,6212499.713670329,Forest,0,0,0,0,1,0,9.19218342520639,223.785355440094
CE53_3,CE53,3,2010s,527500.082575689,6217499.763839749,Forest,0.406941555082979,0.0313721012631997,0.158305337331612,0.0487093345635729,0.751155859753778,0.010457367087837,9.12579882684725,227.497923523117
CE54_3,CE54,3,2010s,527500.1000764947,6222499.739837737,Forest,0.678009443719878,0.124597136515016,0.201683777080723,0.048183784942322,0.496915526222279,0.128619775239659,9.22609559908123,214.658366838956
CE55_3,CE55,3,2010s,527500.0880835521,6227499.752541096,Cropland,0.695670630447926,0.105322154616438,0.449911480106,0.0202575010590753,0.223162931121917,0.20134593309657,9.23293346425223,218.438937245024
CE56_3,CE56,3,2010s,527500.0470532825,6232499.690624631,Cropland,0.603909549936095,0.191939671602676,0.580703798494784,0.0259435425057327,0.0829958161225184,0.118417171274289,9.3270828510816,209.625176056223
CE57_3,CE57,3,2010s,527500.0379328128,6237499.66576125,Cropland,0.496982225074308,0.414029343762786,0.57577161970906,0,0.00106781926712115,0.00913121726103359,9.38037051587634,209.115722198873
CE58_3,CE58,3,2010s,527499.9984027212,6242499.67752908,Cropland,0.109766285154868,0,0.942624269122311,0,0.0238291176636475,0.033546613214041,9.44715799255616,204.818088665597
CE59_3,CE59,3,2010s,527499.989976083,6247499.726301877,Cropland,0.402584488214918,0.00437295632873515,0.745794296291846,0.00608866682007672,0.0547980013806904,0.188946079178651,9.50291395508248,204.77761586489
CE60_3,CE60,3,2010s,532500.0469924002,6202499.756178573,Cropland,0.549732757464524,0,0.612300593011696,0,0.183854423521568,0.203844983466736,9.15539682979527,223.51375420943
CE61_3,CE61,3,2010s,532500.0933404423,6207499.791210008,Forest,0.652633455979916,0.140075339073766,0.198266475814206,0,0.498654953911474,0.163003231200555,9.18293693378546,221.786185767606
CE62_3,CE62,3,2010s,532500.0953795096,6212499.751701555,Forest,0.472583125847484,0.00605266870015737,0.0828315667117301,0.121773339825558,0.697789752204172,0.0915526725583833,9.23448342538521,217.622553729643
CE63_3,CE63,3,2010s,532500.0520095888,6217499.748924329,Forest,0.699030856042654,0.36134645485757,0.0733615923092949,0.036532001950034,0.370799617701588,0.157960333181513,9.08807450356278,222.744809425819
CE64_3,CE64,3,2010s,532500.088076029,6222499.6724942615,Forest,0.446704596293089,0.247569121019441,0,0,0.700298323534769,0.024354667965166,9.43380584406308,198.974088670585
CE65_3,CE65,3,2010s,532500.0770745723,6227499.744045095,Urban,0.508973513503694,0.643934459334432,0.271040885647365,0.0138973005845795,0.0258412380277661,0,9.39825562713355,206.189795371462
CE66_3,CE66,3,2010s,532500.0204245233,6232499.74095347,Cropland,0.471090212393268,0.10789275290194,0.705289976326039,0,0.0660689237463725,0.120748347025649,9.38841274504609,208.582393289922
CE67_3,CE67,3,2010s,532500.0416984205,6237499.664132946,Cropland,0.269802283176435,0.00106781929713629,0.84702962060488,0,0.100448264774719,0.0514542953232641,9.40372361040669,211.855850812702
CE68_3,CE68,3,2010s,532500.0148175734,6242499.735220286,Cropland,0.38424794701993,0.12152045897084,0.77178940467386,0.0203891807417354,0.0675051457734065,0.0187958098401587,9.44026796442724,209.5359186501
CE69_3,CE69,3,2010s,532499.9412093535,6247499.731587012,Cropland,0.411569623022085,0.114095246190903,0.752784177966749,0.0365320019477473,0.0179657118890129,0.0786228620055885,9.45176890885537,215.000594744933
CE70_3,CE70,3,2010s,537500.0308170322,6202499.79289711,Cropland,0.712176954420674,0.265711871797547,0.40274176490258,0,0.16553570797708,0.166010655322794,9.11532215604456,228.267237895985
CE71_3,CE71,3,2010s,537500.0835327087,6207499.784787841,Cropland,0.527003682269495,0.172549806198431,0.654485982202025,0.012177333790926,0.0619314169144566,0.098855460894162,9.07363530584534,228.469572184552
CE72_3,CE72,3,2010s,537500.0755039781,6212499.702100726,Forest,0.165198361134554,0,0.0589613679131715,0,0.911429858264805,0.00525410624082387,9.32467264539971,208.617724601653
CE73_3,CE73,3,2010s,537500.067701568,6217499.65664748,Forest,0.510017279834447,0.136575541046686,0.11356149128466,0.048709335165536,0.67412209684033,0.0270315356627875,9.2062627860626,215.565320432107
CE74_3,CE74,3,2010s,537500.0596364432,6222499.648403606,Forest,0.177193019759297,0.0983879054029057,0,0,0.901612094597094,0,9.44740884050073,207.734089582199
CE75_3,CE75,3,2010s,537500.0508192427,6227499.677344484,Urban,0.750042988923493,0.351901219885843,0.152551712145624,0.103384998830519,0.282810741806258,0.109351327331757,9.43166637873278,213.292924959387
CE76_3,CE76,3,2010s,537500.0417347807,6232499.63214553,Cropland,0.493526072449199,0.0487093351629983,0.677096419554301,0,0.0736521670796586,0.200542078203042,9.3305528889728,215.927030045225
CE77_3,CE77,3,2010s,537500.0299457153,6237499.735380851,Cropland,0.579216397966155,0.0265919853767909,0.606862993456979,0.0553408703452994,0.149984230758466,0.161219920062465,9.45538671811751,203.615938474286
CE78_3,CE78,3,2010s,537499.9560459278,6242499.652580182,Forest,0.721053732222033,0.127466994379174,0.165061067725655,0.00640578312390889,0.447587664547652,0.0885546751834899,9.57086540900576,199.385847791542
CE79_3,CE79,3,2010s,537499.9403775054,6247499.718706845,Cropland,0.625698785467332,0.316121324978675,0.493053379255581,0,0.176520524977781,0.00874591276557317,9.52518737728476,203.960004388667
CE80_3,CE80,3,2010s,542500.0765360219,6202499.722907818,Cropland,0.568055462706749,0.0476944325985463,0.595484132400741,0,0.253934416473943,0.102887018526769,9.30581587341397,209.474307164307
CE81_3,CE81,3,2010s,542500.0725898192,6207499.792100813,Forest,0.406369352932515,0.042743006651706,0.138401825208955,0,0.754903948974491,0.0395965515890591,9.32937178014853,203.44485233133
CE82_3,CE82,3,2010s,542500.0549823554,6212499.675981395,Forest,0.177554151127225,0.0322689257772932,0,0,0.903123594873576,0.0243546675751501,9.46151132050125,204.256259965302
CE83_3,CE83,3,2010s,542500.0821386847,6217499.709024412,Forest,0.421120449287271,0.065149744507549,0.0275476333567758,0,0.738499661363776,0,9.20406163891618,216.385845776207
CE84_3,CE84,3,2010s,542500.0312720044,6222499.667383468,Forest,0.712611974080453,0.281798646226376,0.229896710867982,0.04870933515039,0.389206260411064,0.024354667575195,9.32935818053677,215.735529828396
CE85_3,CE85,3,2010s,542500.0251304065,6227499.663558211,Cropland,0.718636941463573,0.286289682415601,0.341547951116981,0.0317433729447669,0.279287647793501,0.0611313457291501,9.44098898970435,208.783354161081
CE86_3,CE86,3,2010s,542500.0010096645,6232499.696908841,Cropland,0.661991223401209,0,0.419330649307835,0.0353543012607286,0.350876464123068,0.194438585308368,9.47984973014197,203.120307944525
CE87_3,CE87,3,2010s,542499.9595191028,6237499.656109798,Cropland,0.663857132151518,0.113316814499019,0.470517924536624,0.044293798749689,0.309526417706037,0.0623450445086306,9.51938119048862,202.718457811606
CE88_3,CE88,3,2010s,542499.960902843,6242499.653049735,Cropland,0.432311912326413,0,0.725048470495348,0.00752103904113048,0.187739810446839,0.0796906800166826,9.50291815432364,210.083786559992
CE89_3,CE89,3,2010s,542499.9426731234,6247499.687087541,Urban,0.618821974718465,0.545037952995741,0.209460773233164,0,0.0516788357239847,0.193822438047111,9.52605778198398,206.790621356013
CE90_3,CE90,3,2010s,547500.0112863941,6202499.766809329,Cropland,0.636320742804318,0.147142912434656,0.54167686373515,0,0.165535712914428,0.145644510915765,9.31696075865445,219.623665103439
CE91_3,CE91,3,2010s,547500.0158636335,6207499.701018751,Cropland,0.603430832966111,0.093383560695668,0.553293367878924,0,0.279790199350852,0.0240127301512341,9.32080079137805,212.588531738027
CE92_3,CE92,3,2010s,547500.0503056952,6212499.673195112,Forest,0.76808415875209,0.104404361101852,0.126199204560085,0,0.302872602888453,0.210905567035074,9.54376108127623,201.557640027402
CE93_3,CE93,3,2010s,547500.0516845292,6217499.682626755,Forest,0.712967202052591,0.270851926748945,0.229688418484986,0,0.393016889998903,0.0333787598396806,9.43126014600606,206.330021390909
CE94_3,CE94,3,2010s,547500.0194965032,6222499.7292875815,Cropland,0.30549314232145097,0.073678828498849,0.828482570209362,0.018266001230731,0.030863263445775,0.0243546683076414,9.22707438897337,220.676807246505
CE95_3,CE95,3,2010s,547500.0165332087,6227499.702541236,Cropland,0.478944135722412,0.136803769780023,0.701023933911162,0.0243546683086999,0.0891082913827144,0.0487093366173999,9.2255825889675709,219.999980613835
CE96_3,CE96,3,2010s,547499.9788540612,6232499.712970672,Cropland,0.535947387977611,0.18355277491729,0.643440514361072,0,0.0708523243824467,0.102154386339191,9.408124253912,205.487006328093
CE97_3,CE97,3,2010s,547499.9691090817,6237499.649938437,Cropland,0.100164918988447,0.0261845144106186,0.947920846293412,0,0.00153997098843606,0.0243546683075335,9.40154774549811,209.920587559592
CE98_3,CE98,3,2010s,547499.9234977771,6242499.624028113,Cropland,0.231590268838082,0.0796906824131731,0.871599980968715,0,0.0487093366181118,0,9.41265965294572,212.840000153269
CE99_3,CE99,3,2010s,547499.9032871589,6247499.63590194,Cropland,0.530809041177279,0.0122905229054639,0.622194336750374,0,0.261615368887085,0.103899771457077,9.40972348471624,207.926660404298
CF00_3,CF00,3,2010s,502500.02028222225,6152499.89145135,Cropland,0.335874412572416,0.120051312338404,0.803180483908082,0,0.0672605762877756,0.00950762746573857,9.54741829202941,241.607626572511
CF01_3,CF01,3,2010s,502500.0534417037,6157499.800205615,Cropland,0.448166039406187,0.121773338451556,0.726448055640203,0.0204376376167263,0.0640474914806496,0.0672934768108648,9.41077281507954,252.506304212455
CF02_3,CF02,3,2010s,502500.07869880326,6162499.857095068,Cropland,0.685851580370335,0.00234806444397955,0.442499210515309,0.119380053981628,0.28547645021623,0.150296220842853,9.39319575624725,249.141712684002
CF03_3,CF03,3,2010s,502500.03324409283,6167499.839482369,Forest,0.702933102267491,0.0414460457224202,0.12158456683394,0.128083652928105,0.434759122421544,0.274126612093991,9.42872531307409,245.274350996473
CF04_3,CF04,3,2010s,502500.04300302034,6172499.747412451,Cropland,0.433768664631344,4.24187549994462e-4,0.731452205295637,0.0258784133149067,0.0966504948760584,0.145594698963404,9.42567536836054,241.073435804257
CF05_3,CF05,3,2010s,502500.04484904365,6177499.803412706,Cropland,0.500912170764813,0,0.671144418159752,0.0719644449876105,0.200197919638806,0.0566932172138311,9.46124017982374,237.805389957056
CF06_3,CF06,3,2010s,502500.0389016604,6182499.78487528,Cropland,0.198246645961506,0.0213873745443776,0.890076644788648,0,0,0.0885359806669742,9.45021989397682,241.212605558779
CF07_3,CF07,3,2010s,502500.0250959793,6187499.803070416,Cropland,0.629286210080207,0.0516766285140521,0.529079285149898,0,0.220464571852193,0.198779514483857,9.47432768393715,238.581503001048
CF08_3,CF08,3,2010s,502500.0660579465,6192499.746714847,Cropland,0.435990575976322,0.0487093353813555,0.72860125309232,0,0.0608866692266943,0.16180274229963101,9.44417736949119,239.507356441047
CF09_3,CF09,3,2010s,502500.0365151213,6197499.727010743,Cropland,0.491695396283524,0.0243546676891017,0.637888704876086,0,0.0224543409118914,0.315302286522921,9.49145366155871,237.033501980393
CF10_3,CF10,3,2010s,507500.04285710165,6152499.805047145,Cropland,0.703361574295851,0.115251932681097,0.390523057927662,0,0.313135148501979,0.181089860889262,9.52493281092658,242.758854179364
CF11_3,CF11,3,2010s,507500.05492596835,6157499.834451183,Cropland,0.60846679148525,0.048709335497172,0.569865735658403,0.024354667748586,0.184489832556072,0.172580428539767,9.44447378665648,239.985051104996
CF12_3,CF12,3,2010s,507500.04327710776,6162499.789395868,Forest,0.741887357484868,0.0400509565047379,0.234625242865926,0.127788123139353,0.356236575707394,0.241299101782588,9.39350559380924,242.570136607057
CF13_3,CF13,3,2010s,507500.0706404502,6167499.781255058,Forest,0.668499156670801,0.111416462712761,0.166984070734652,0.0914038865759934,0.519286312600008,0.110909267376586,9.37959492340708,240.315593805345
CF14_3,CF14,3,2010s,507500.0739329783,6172499.809900087,Cropland,0.648559054391847,0.126344575625182,0.53388096673701,0.0243546677473191,0.16516426969565,0.150255520194839,9.41424879587137,237.826567388718
CF15_3,CF15,3,2010s,507500.0533334287,6177499.764015607,Cropland,0.605543833384976,0.375272995875295,0.495989143695461,0.019439442154865,0.0750119358602395,0.0342864824141392,9.39376879446628,242.917009078886
CF16_3,CF16,3,2010s,507500.07135441876,6182499.754977835,Cropland,0.57137799820871,0.0700967100922097,0.606800450700528,0,0.201801863301513,0.121300975905749,9.39068611999198,239.809484567507
CF17_3,CF17,3,2010s,507500.0651289864,6187499.782657654,Cropland,0.229689380995811,0.00296729314291284,0.868223932412556,0,0.00593458628569686,0.122874188158834,9.39956357402494,239.626367174995
CF18_3,CF18,3,2010s,507500.03483679594,6192499.735736998,Cropland,0.614261593422014,0,0.447651671555922,0,0.148107678434985,0.404240650009093,9.44176893941903,232.974775602991
CF19_3,CF19,3,2010s,507500.0425821252,6197499.836890889,Cropland,0.735556382980087,0.250499669814709,0.374028317735586,0.038878884308757,0.129114441191135,0.207478686949813,9.4006726249474,236.992153738139
CF20_3,CF20,3,2010s,512500.0890358579,6152499.85022648,Cropland,0.343395629068345,0.0529347066560039,0.80193857745138,0,0.0816717037144966,0.0634550121781191,9.56111157011707,240.622415626087
CF21_3,CF21,3,2010s,512500.0804062962,6157499.787179069,Cropland,0.498077627416646,0,0.660924919884728,0,0.108471872559038,0.230603207556234,9.50200963184167,238.301543270968
CF22_3,CF22,3,2010s,512500.03149114567,6162499.872222402,Cropland,0.436782488693321,0.0730640031323055,0.734880158616797,0.00501658930042281,0.0961249456125011,0.0909143033379732,9.40661185497368,238.693948895778
CF23_3,CF23,3,2010s,512500.06907642435,6167499.771820084,Forest,0.677390348887018,0,0.352298011551103,0.0608866692806262,0.395287179166603,0.191528140001668,9.35510942869555,241.763961329217
CF24_3,CF24,3,2010s,512500.06605251407,6172499.819464415,Forest,0.73095666992969,0.194837341685471,0.281508348841747,0.00501658930034426,0.371013448634504,0.0989149361165657,9.33901885523366,243.599759496218
CF25_3,CF25,3,2010s,512500.02303446684,6177499.792549392,Cropland,0.658246687903443,0.155958457438532,0.518485517337426,0.0292698932968197,0.19182274126674,0.104463390660482,9.27271664149316,249.273129290803
CF26_3,CF26,3,2010s,512500.0651124667,6182499.802702072,Cropland,0.57550535381207,0.034387846312835,0.530506545881806,0,0.064265409070523,0.370840198734836,9.31519239271988,238.418945869654
CF27_3,CF27,3,2010s,512500.06655589637,6187499.849542149,Cropland,0.631131021850711,0.108886405790295,0.550360087512868,0.0243546677107483,0.191376237934417,0.12502260105167,9.28661005269513,244.91703708708
CF28_3,CF28,3,2010s,512500.0276656862,6192499.82175148,Cropland,0.590198623919466,0.013615211551455,0.501051058730214,0,0.100879774545306,0.384453955173025,9.32293219180503,238.996538173683
CF29_3,CF29,3,2010s,512500.0730969767,6197499.830959868,Cropland,0.667551052281797,0.0834950128696341,0.516018566214989,0.0975452707120695,0.13478948915173,0.168151661051577,9.3898962207431,230.854359090957
CF30_3,CF30,3,2010s,517500.0490080542,6152499.803977083,Cropland,0.406899029706118,0,0.74243124280609,0,0.19483734090024,0.0627314162936696,9.54001871615144,242.055198585277
CF31_3,CF31,3,2010s,517500.08229393145,6157499.880785225,Cropland,0.398642282463368,0.0353860423088369,0.761090069414062,0,0.0935016403931655,0.110022247883936,9.45508271158793,243.396498923184
CF32_3,CF32,3,2010s,517500.05984277924,6162499.883060531,Forest,0.740368597750386,0.136774651909757,0.298967510454693,0.0193380783324584,0.309200805225356,0.235718954077736,9.41556968131427,236.972509757441
CF33_3,CF33,3,2010s,517500.0445604493,6167499.811028843,Forest,0.651822138985879,0.0318931975906244,0.208959497145455,0.184996308633518,0.508421825403307,0.0657291712270952,9.50132749966613,224.296656964871
CF34_3,CF34,3,2010s,517500.0357638052,6172499.775957468,Forest,0.649827621318204,0.179416293646107,0.130627992646819,0.0684821829472938,0.536018722434605,0.085454808325175,9.33424693402312,238.634597347817
CF35_3,CF35,3,2010s,517500.0332116384,6177499.777824086,Cropland,0.67504533122289,0.0542167817688763,0.424786741910727,0,0.28469090608051,0.236305570239887,9.18008105947629,244.928014198349
CF36_3,CF36,3,2010s,517500.0366625694,6182499.816606281,Cropland,0.665955792667424,0.146586888455613,0.398331690307766,0,0.0720786166966297,0.383002804539991,9.25736587243595,233.081912588084
CF37_3,CF37,3,2010s,517500.04632165184,6187499.780987112,Cropland,0.546699740810862,0.0471734147418436,0.627821687600458,0,0.192366036290265,0.132638861367433,9.21234212319193,242.831361098672
CF38_3,CF38,3,2010s,517500.061502076,6192499.782236776,Cropland,0.494080569649521,0.0524842700350545,0.672320074563867,0,0.070467340788548,0.20472831461253,9.20097843321432,240.847475446652
CF39_3,CF39,3,2010s,517500.08196195716,6197499.820332571,Cropland,0.688725885902679,0.0680474135572721,0.374633555891523,0,0.352791530958074,0.204527499593132,9.31465996629655,230.221738109419
CF40_3,CF40,3,2010s,522500.0642822681,6152499.88918984,Cropland,0.622942370883629,0.139416873670544,0.552969720128477,0.00608866701992901,0.182218613868247,0.119306125312803,9.57775384194172,231.43141389862
CF41_3,CF41,3,2010s,522500.0773326165,6157499.892575038,Cropland,0.418074253255461,0.0596922481057052,0.744646013247767,0,0.146426852849378,0.049234885797149,9.43544075267218,237.075962032589
CF42_3,CF42,3,2010s,522500.08171073144,6162499.821689351,Cropland,0.199324233417483,0.112265705293872,0.887734294706128,0,0,0,9.38767001047545,237.674160894372
CF43_3,CF43,3,2010s,522500.0766004052,6167499.787798728,Cropland,0.544270130669948,0.0497604354332996,0.647106323470736,0.0572460603415365,0.143765376911027,0.1021218038434,9.40454446506479,236.024237722737
CF44_3,CF44,3,2010s,522500.0617534066,6172499.790880593,Cropland,0.593758242899292,0.0586411488316806,0.603275696550009,0.0982882111149639,0.10992520530906,0.129869738194287,9.34459789542525,236.412113309725
CF45_3,CF45,3,2010s,522500.0369213511,6177499.830912278,Cropland,0.42864183985844,0.0303556849436548,0.719851573349356,0,0,0.225438073626885,9.27216346544515,230.774631192572
CF46_3,CF46,3,2010s,522500.06514195283,6182499.796901118,Cropland,0.379145617891852,0.0938911321950185,0.775178464884476,0,0.0296476095662557,0.10128279335425,9.26394864586185,230.042190610323
CF47_3,CF47,3,2010s,522500.02009768866,6187499.799469306,Grass/Shrubland,0.70487335727757106,0.100385965501966,0.302347627997067,0,0.229472906615505,0.367793499885462,9.17611450487437,236.095933101457
CF48_3,CF48,3,2010s,522500.02689213475,6192499.839240847,Cropland,0.630348526053482,0.073064004243511907,0.474036525013115,0,0.362326847550338,0.0905726231930353,9.08957024107835,239.228866913844
CF49_3,CF49,3,2010s,522500.0856363534,6197499.8048974695,Forest,0.529748875118255,0,0.279013463236663,0,0.617587846493304,0.103398690270033,9.21665852943683,231.610863931378
CF50_3,CF50,3,2010s,527500.0886990835,6152499.883027053,Urban,0.642621150298745,0.548511457228574,0.111711009231276,0.132684408189262,0.1345546731284,0.0725384522224872,9.59051990351306,231.500054287678
CF51_3,CF51,3,2010s,527500.0818896274,6157499.8224678775,Cropland,0.63059802456056,0.233445109085187,0.537919835927787,0.104343091267269,0.0273988442124114,0.0968931195073455,9.53480913434712,228.343976217926
CF52_3,CF52,3,2010s,527500.0497756924,6162499.798923867,Cropland,0.553796616625375,0.343305723064065,0.565438157168291,0,0.091256119767644,0,9.41552142338458,232.76684722803
CF53_3,CF53,3,2010s,527500.0550309606,6167499.812767024,Cropland,0.312128444860114,0.0795514324825315,0.821850264637423,0,0.0742436355983399,0.0243546672817059,9.34350072265155,234.946817255817
CF54_3,CF54,3,2010s,527500.0343271294,6172499.863579813,Grass/Shrubland,0.742160173964406,0.266854694530531,0.25303745973753,0,0.196523638376024,0.283584207355914,9.5051226839132,222.209317207869
CF55_3,CF55,3,2010s,527500.0508941073,6177499.840442368,Cropland,0.73117255305855,0.222534126184276,0.365610078991362,0,0.22620943950811,0.185646355316252,9.25626912926562,237.00610873078
CF56_3,CF56,3,2010s,527500.0408488035,6182499.854226997,Cropland,0.0110158430043161,0.00553859756514673,0.994461402434853,0,0,0,9.19337249432227,234.438569144375
CF57_3,CF57,3,2010s,527500.0672787909,6187499.794012441,Cropland,0.119099472265422,0.00995493588386514,0.937276153501223,0,0.00511067529093307,0.047658235323979,9.22442773834462,224.13379975079
CF58_3,CF58,3,2010s,527500.0664424137,6192499.770672006,Cropland,0.428273664138167,0.0735664330222277,0.74089149542346,0.0168963354888746,0.0553818306859101,0.113263905379528,9.24409842365378,220.244934689219
CF59_3,CF59,3,2010s,527500.0380833544,6197499.784182167,Cropland,0.398955539961952,0.00247348250967375,0.755732207295025,0.00745833177313464,0.149970494159534,0.0843654842626321,9.14813542232393,235.094595980159
CF60_3,CF60,3,2010s,532500.0746473216,6152499.896262771,Urban,0.65164693152435,0.508472785855535,0.121760936154016,0.0218883149281194,0.256627351745302,0,9.61813443071426,226.673952620596
CF61_3,CF61,3,2010s,532500.0476127628,6157499.892527556,Cropland,0.481954251423795,0.193953937502471,0.686253886556825,0.00869545616974278,0.0928307187961973,0.0182660009747645,9.46130489471261,235.360428653741
CF62_3,CF62,3,2010s,532500.0430350703,6162499.81496773,Cropland,0.268653028282534,0,0.847857207752738,0,0.0974186718608274,0.0547241203864353,9.39194161091301,233.057966274744
CF63_3,CF63,3,2010s,532500.058788367,6167499.886138109,Cropland,0.441544697064098,0.0983952500666618,0.729513678426066,0,0.056247866018981,0.115843205488292,9.33675393624878,229.660107163688
CF64_3,CF64,3,2010s,532500.0331872304,6172499.882969435,Urban,0.658745619387465,0.483665666588115,0.0514578635467205,0.12177333982536,0.295573610333336,0.0475295197064691,9.53294514025046,216.727430987605
CF65_3,CF65,3,2010s,532500.028758022,6177499.805903052,Forest,0.659213113027983,0.333283383599201,0.190004826704281,0,0.438331110562523,0.0383806791339956,9.32599231847724,229.006195309685
CF66_3,CF66,3,2010s,532500.0433655721,6182499.877498317,Cropland,0.259041538008006,0.0446142857165614,0.855079947408256,0,0.0874066591393821,0.0128991077358,9.25004714521115,226.669536161492
CF67_3,CF67,3,2010s,532500.016379806,6187499.763386833,Cropland,0.474451307523879,0.108357299874065,0.69704232567931,0.0174113034809157,0.0243546679651847,0.152834403000526,9.30774334347882,216.27618169008
CF68_3,CF68,3,2010s,532500.0701839877,6192499.798358294,Cropland,0.393023172319064,0.0273133405080651,0.763030960503945,0.132963063805929,0,0.0766926351820609,9.33648784787809,218.619397901658
CF69_3,CF69,3,2010s,532500.0807532563,6197499.758865873,Cropland,0.58327264876421,0.0487093359302518,0.554387300249163,0,0.315399551210855,0.0815038126097301,9.18623841016156,224.966515891138
CF70_3,CF70,3,2010s,537500.1021949608,6152499.817917419,Urban,0.737089301965228,0.304041795310608,0.101845081560722,0.00425705343150003,0.0961784924598248,0.0661395805056939,9.73355978855825,215.81813462923
CF71_3,CF71,3,2010s,537500.0550795781,6157499.88048536,Cropland,0.598345490260115,0.205097595730073,0.551770659791377,0.00169117730839921,0.234516144942767,0.00692442222738463,9.58081050082539,218.528714123191
CF72_3,CF72,3,2010s,537500.0774855074,6162499.869807724,Cropland,0.450797203828782,0.287092244645786,0.68253830341174,0,0.0303694519424739,0,9.47290268293622,221.026483961556
CF73_3,CF73,3,2010s,537500.0419040467,6167499.89607103,Cropland,0.7286099029633,0.261460557246895,0.345907162028477,0,0.141631725057414,0.251000555667214,9.42048288690771,220.617276079456
CF74_3,CF74,3,2010s,537500.0118776582,6172499.848500056,Urban,0.684892249254611,0.353951152549146,0.0040130551386658,0,0.280729720386949,0.0327627363679976,9.53697126090871,218.000411508454
CF75_3,CF75,3,2010s,537500.0487537576,6177499.838899511,Cropland,0.558001654941562,0.378042494196777,0.539619746817141,0,0.0823377589860828,0,9.29732785338783,237.560419398877
CF76_3,CF76,3,2010s,537500.0264034058,6182499.866166838,Cropland,0.179415444998289,0.0730640027464729,0.90258132967137,0,0,0.0243546675821576,9.26126355364425,224.534131547303
CF77_3,CF77,3,2010s,537500.0707976818,6187499.82006512,Cropland,0.143018431808364,0.0678617686895026,0.923186656397131,0,0,0.00895157491336654,9.3629195109158,214.084323668102
CF78_3,CF78,3,2010s,537500.0551390985,6192499.810781486,Cropland,0.691205328223992,0.169596240187245,0.488495210961185,0.0809949770725528,0.146128005496687,0.11478556628233,9.40476377703088,219.85954041916
CF79_3,CF79,3,2010s,537500.0416532608,6197499.838831865,Cropland,0.541524694404618,0.0119326570022966,0.5525073041644,0,0.37991792215626,0.0556421166770428,9.31825544451901,216.054297667845
CF80_3,CF80,3,2010s,542500.0592552546,6152499.8693641145,Urban,0.721611840674002,0.196401052069287,0.0427430066505738,0,0.186274702264205,0.0697209813550702,9.72603231470391,218.675111606585
CF81_3,CF81,3,2010s,542500.0565058092,6157499.897039448,Cropland,0.628736349497987,0.336779531809987,0.486856121809283,0,0.138447838717721,0.0379165076630088,9.66073881183283,215.361988461494
CF82_3,CF82,3,2010s,542500.0441988781,6162499.850954939,Cropland,0.660623854197264,0.238570797772896,0.499156137319146,0.0182660006814031,0.0618302814072543,0.166278638619933,9.6753795432506,206.731191254463
CF83_3,CF83,3,2010s,542500.0207665939,6167499.842372999,Urban,0.72913162368562,0.344251808107541,0.33896676929148,0.024354667576661,0.167176636844958,0.0670492183531101,9.56660274727447,212.550741080837
CF84_3,CF84,3,2010s,542500.048573576,6172499.871880924,Forest,0.637370330754088,0.0168928088767271,0.0626013938111153,0.0158981441992107,0.26591441856108,0.0776352395814308,9.63827978437873,208.802828047039
CF85_3,CF85,3,2010s,542500.0024235704,6177499.826941581,Cropland,0.534995411860535,0.125798138575383,0.649833288462847,0,0.0828118043799066,0.141556768581864,9.37573401902077,224.63802860049
CF86_3,CF86,3,2010s,542500.0063853149,6182499.82004259,Urban,0.488447242203618,0.576002492710378,0.423997507289622,0,0,0,9.37122600866804,214.047190134311
CF87_3,CF87,3,2010s,542500.0597483467,6187499.851160479,Cropland,0.0836664656657439,0.00890187936601904,0.956672644659692,0,0.0317962883983581,0.00262918757593119,9.44550591894716,208.551581466917
CF88_3,CF88,3,2010s,542500.0377536514,6192499.807753425,Cropland,0.0474159691415219,0,0.975046678968208,0,0,0.0249533210317924,9.44850193016639,216.364281700614
CF89_3,CF89,3,2010s,542500.064030432,6197499.802313068,Cropland,0.563876297715529,0.0367766781508796,0.509344084721702,0,0.036759965814019,0.4171192713134,9.30575479948448,222.97487541095
CF90_3,CF90,3,2010s,547500.0889142159,6152499.94029991,Urban,0.566776835687977,0.614100706301404,0.00734166770698805,0,0.0984335758136356,0,9.73105764271847,213.667689469943
CF91_3,CF91,3,2010s,547500.0678756869,6157499.942027305,Urban,0.543265930501867,0.506341478886361,0,0,0,0,9.7465733197092,207.557693779965
CF92_3,CF92,3,2010s,547500.021346869,6162499.870003907,Cropland,0.743577258182324,0.327061179676059,0.349421879938398,0.0607389056963201,0.102859438836039,0.0561994088301283,9.66492296879672,214.988494890625
CF93_3,CF93,3,2010s,547500.0105560533,6167499.836173768,Urban,0.591906753970662,0.251025670793995,0.0253695708920262,0.0610344358121566,0.00845652363075007,0.0183398837513761,9.7073374558871,201.490778636251
CF94_3,CF94,3,2010s,547500.0347869882,6172499.840513072,Cropland,0.723652541711698,0.037814593907531,0.398812552048827,0.0328111919378297,0.197836379799282,0,9.50584331665283,231.438128460379
CF95_3,CF95,3,2010s,547500.030537062,6177499.882314021,Cropland,0.514438302772747,0.136168622549022,0.670517776655661,0.0243546683081558,0.120249595870849,0,9.48080343181801,215.053898427988
CF96_3,CF96,3,2010s,547499.9985196197,6182499.850260958,Cropland,0.219916798671907,0.124268086303033,0.874436370253354,0,0.00129554344361336,0,9.42902222034132,209.933302039794
CF97_3,CF97,3,2010s,547499.999664888,6187499.856302122,Cropland,0.506815023869965,0.229018460049099,0.656470075229473,0,0.0170927914906767,0.0974186732307504,9.50280725618702,205.605378085532
CF98_3,CF98,3,2010s,547500.0344730752,6192499.789121118,Cropland,0.568882285571874,0.311632596261383,0.568603033186209,0,0.0179198342931367,0.101844536259272,9.56444698107109,204.788491112846
CF99_3,CF99,3,2010s,547500.0385143282,6197499.759298731,Cropland,0.548912254037753,0.029833328351496,0.617274979411992,0,0.231278866490601,0.121612825745911,9.50520866908914,206.425183534005
CG00_3,CG00,3,2010s,502500.0261580071,6102499.830919192,Cropland,0.108206587165243,0.0487093353780364,0.942825090833281,0.00846557378868219,0,0,9.87221782829558,250.963756221884
CG01_3,CG01,3,2010s,502500.07264854916,6107499.815118513,Cropland,0.018834464972709,0.00950762746639413,0.990492372533606,0,0,0,9.83128697691857,250.521595882474
CG02_3,CG02,3,2010s,502500.04775678914,6112499.836347805,Cropland,0.128974098426169,0.0436994599920932,0.931945872318764,0,0.0243546676891426,0,9.72626291744283,254.522487598178
CG03_3,CG03,3,2010s,502500.0153410255,6117499.894620556,Cropland,0.359945825436562,0.140459055982134,0.786476940946857,0.0243546676903363,0.0243546676903363,0.0243546676903363,9.74187623245779,244.209579322847
CG04_3,CG04,3,2010s,502500.03903347667,6122499.878665998,Cropland,0.137899568692728,0,0.92689408170307,0,0.0487093353781876,0.024396582918743,9.80025352511121,240.149127170148
CG05_3,CG05,3,2010s,502500.0550520218,6127499.899711133,Cropland,0.606506343673203,0.281674104271755,0.532464086003184,4.24187549993435e-4,0.174699347290483,0.0107382748845846,9.70063668105597,253.016473492034
CG06_3,CG06,3,2010s,502500.0634538295,6132499.846448853,Cropland,0.348378966124288,0.0295971628856326,0.785121581838203,0,0.185281255276164,0,9.57163481591278,260.897282568688
CG07_3,CG07,3,2010s,502500.0641750675,6137499.830142095,Cropland,0.272626918795735,0.151193053597289,0.839299318937032,0,0.00950762746567873,0,9.64048383504344,247.404364766067
CG08_3,CG08,3,2010s,502500.0572123166,6142499.850769465,Cropland,0.53922085051832,0.141062958665416,0.635426995717217,0,0.0338622951568305,0.189647750460536,9.62739333412636,245.340496203223
CG09_3,CG09,3,2010s,502500.0425621639,6147499.908309469,Cropland,0.459472701671715,0.318332706057843,0.66257777797782,0,0.00973171021456826,0.00935780574976892,9.54112205436697,247.968698966967
CG10_3,CG10,3,2010s,507500.0814512452,6102499.76344352,Cropland,0.39490216030728,0.146128006483852,0.758167496822318,0.0226404934519044,0,0.073064003241926,9.83269766964077,254.475452018707
CG11_3,CG11,3,2010s,507500.0744522167,6107499.868036532,Cropland,0.295620782016616,0.0948161994261017,0.832119797327274,0.0487093354977494,0,0.0243546677488747,9.72855714226398,261.886702865662
CG12_3,CG12,3,2010s,507500.0445943599,6112499.787116632,Cropland,0.319905539336326,0.136339300353273,0.811666599927087,0,0,0.0519940997196394,9.65408101314535,256.324056200805
CG13_3,CG13,3,2010s,507500.0549592401,6117499.854614016,Cropland,0.303651625006857,0.0866263789294274,0.827688463136358,0,0.0500910378580329,0.035594120076182,9.73172021248924,246.719746704167
CG14_3,CG14,3,2010s,507500.0421171495,6122499.847835636,Cropland,0.19057276464935,0.0974186709894785,0.894354040420092,0,0.00822728859042954,0,9.74282174988626,250.116837608703
CG15_3,CG15,3,2010s,507500.0693758277,6127499.878149052,Cropland,0.489026060096579,0.117282300321011,0.692048572419329,0,0.102758083759164,0.0879110435004954,9.68293190132468,247.883972071866
CG16_3,CG16,3,2010s,507500.07326439786,6132499.834140972,Cropland,0.127092746406229,0,0.931802763767076,0,0,0.068197236232924,9.55589105380053,248.965901105808
CG17_3,CG17,3,2010s,507500.0535864384,6137499.82707415,Cropland,0.490285239745366,0.0974186709897082,0.688030179773437,0,0.0635563757537556,0.150994773483099,9.58682247989199,247.809959536757
CG18_3,CG18,3,2010s,507500.073619542,6142499.857033516,Cropland,0.298397032949467,0.0730640032463428,0.828196306011273,0,0.0148470402598331,0.0838926504825508,9.63027297323541,241.384354116634
CG19_3,CG19,3,2010s,507500.0701088966,6147499.8126028655,Urban,0.482456609689627,0.654045523823071,0.296471027744482,0,0.0401256426602359,0.00935780577221105,9.5589062164657,242.734404700612
CG20_3,CG20,3,2010s,512500.0319054312,6102499.844468651,Cropland,0.0926734721282396,0.0487093354213049,0.951290664578695,0,0,0,9.78760167517922,257.357714607843
CG21_3,CG21,3,2010s,512500.0357352239,6107499.856263293,Cropland,0.0437136910715705,0.0223566660527809,0.977643333947219,0,0,0,9.6169163042248,264.45084747612
CG22_3,CG22,3,2010s,512500.0646570594,6112499.793975682,Cropland,0.22751765074409,0.0363858479512518,0.873611228998918,0,0.0891723767290542,8.30546320775874e-4,9.64236161922184,249.180930155254
CG23_3,CG23,3,2010s,512500.05417142104,6117499.879970967,Cropland,0.596399144864215,0.0566193600955832,0.567145801349371,0.0121773338559876,0.257638929003197,0.106418575695861,9.71270016551452,244.745068499721
CG24_3,CG24,3,2010s,512500.06845735124,6122499.891840113,Cropland,0.291591242900698,0.00212315392524898,0.831611951539712,0.0179842046130363,0.0226953394767734,0.125585350445229,9.66840349761718,254.397171884692
CG25_3,CG25,3,2010s,512500.04378025915,6127499.829381491,Cropland,0.629979432348828,0.165991636035364,0.54955965484062,2.81796168964693e-4,0.136346014087332,0.147820898867718,9.70249188995944,242.062627800651
CG26_3,CG26,3,2010s,512500.0432435217,6132499.804034855,Cropland,0.450335150887324,0.0681972361304422,0.71387612468802,0,0.18528125544067,0.0326453837408676,9.64144647739468,241.739437218708
CG27_3,CG27,3,2010s,512500.0666142674,6137499.81577886,Cropland,0.642792076338045,0.0779307701234494,0.512279731135617,0,0.253579855708899,0.156209643032035,9.57275100703484,245.196679036006
CG28_3,CG28,3,2010s,512500.05037127464,6142499.864413771,Cropland,0.126750195368673,0,0.93200104434557,0,0,0.0679989556544298,9.64123579171944,237.610962353574
CG29_3,CG29,3,2010s,512500.0580272434,6147499.838808023,Cropland,0.570610875450065,0.33247039898917,0.55793359631315,0.0608866692764893,0.0243546677105957,0.0243546677105957,9.64735248796978,236.978943735281
CG30_3,CG30,3,2010s,517500.0850923214,6102499.851813918,Cropland,0.377235941447951,0.125715652793736,0.772383186390762,0,0,0.101901160815501,9.77232222545084,252.476324665421
CG31_3,CG31,3,2010s,517500.03616525023,6107499.779897026,Cropland,0.422845657460972,0.0949256333115586,0.737817867102016,0,0.0298968095138594,0.137359690072566,9.6951128658007,246.357926187965
CG32_3,CG32,3,2010s,517500.05973960727,6112499.856739236,Cropland,0.409080377395015,0.0483111628212638,0.743438788551399,0.00608866690311789,0.0145035587491835,0.187657822975036,9.68365848335581,244.175958438157
CG33_3,CG33,3,2010s,517500.09258431836,6117499.859506801,Cropland,0.575805187707677,0.122049572517564,0.617049774537457,0.115205377683669,0.0873854918936315,0.0583097833676785,9.69663456506806,245.918852494484
CG34_3,CG34,3,2010s,517500.0708866396,6122499.7879263675,Urban,0.611304641975992,0.514993961543747,0.335048111579518,0.0309226279301624,0.0974186704497264,0.021616628496846,9.6702579736773,245.239982472732
CG35_3,CG35,3,2010s,517500.05725256196,6127499.864792685,Cropland,0.354960872051517,0.161072332860227,0.785022643021538,0,0.0193380783320612,0.0345669457861745,9.68817034761848,241.233410172374
CG36_3,CG36,3,2010s,517500.0523168775,6132499.867515854,Cropland,0.16823624025529,0.0386802341793747,0.910266332870231,0,0.0393030723705291,0.0117503605798649,9.63773900765058,243.136262399766
CG37_3,CG37,3,2010s,517500.0558418394,6137499.796071852,Cropland,0.325471774466348,0.00506504744643374,0.810082332047815,0,0.0680958717234326,0.116756748782319,9.60086448805792,238.999977985045
CG38_3,CG38,3,2010s,517500.06670979614,6142499.873010728,Cropland,0.471018859404966,0.33590029913229,0.644810080715441,0,0.0192896201522688,0,9.62506045154653,236.954949481966
CG39_3,CG39,3,2010s,517500.085559445,6147499.875737379,Cropland,0.543758992260833,0.251232973268213,0.611118960230637,0,0.0243546676123071,0.113293398888842,9.59898335496995,240.60054454314
CG40_3,CG40,3,2010s,522500.06529288803,6102499.784827596,Urban,0.691925920524025,0.478139878348647,0.194834620682649,0.0487093361591791,0.125135536880591,0.153180627928934,9.73991988978018,251.7251459164
CG41_3,CG41,3,2010s,522500.09106030304,6107499.750314869,Cropland,0.567551412767673,0.0190637136941476,0.529608838392069,0,0.0699638939104964,0.381363554003287,9.69752982832301,246.731416236024
CG42_3,CG42,3,2010s,522500.10963438044,6112499.8643271355,Cropland,0.538229790911096,0.102044771641433,0.64168468850772,0.0243546680796958,0.0913300052988592,0.140585866472292,9.66934673816277,244.971623343775
CG43_3,CG43,3,2010s,522500.0588031039,6117499.7926761545,Cropland,0.32572278301857,0.203693065205713,0.795478262097773,0,8.28672696513526e-4,0,9.65489012449635,244.878318009671
CG44_3,CG44,3,2010s,522500.06400440924,6122499.869828019,Cropland,0.515799818699131,0.146026636409504,0.65786249310841,0,0.171756202402458,0.024354668079629,9.68656862051706,240.843532021349
CG45_3,CG45,3,2010s,522500.0623966084,6127499.872873877,Cropland,0.205639431553374,0.0524000890687162,0.888283389122614,0,0.0497604354300092,0.00955608637866119,9.62262355495443,246.951452604809
CG46_3,CG46,3,2010s,522500.1171677176,6132499.802111141,Cropland,0.258450583014155,0.00571551011915292,0.8556116635483,0.0170493092908562,0.0581155991995717,0.063507917842119,9.60249188517706,243.517804252815
CG47_3,CG47,3,2010s,522500.100007084,6137499.879444241,Cropland,0.0793042445545927,0.0395498107102193,0.958707947888092,0.00121669176620089,5.25549635487944e-4,0,9.60162284800986,237.613976210876
CG48_3,CG48,3,2010s,522500.0753009223,6142499.8826015685,Cropland,0.264120175113771,0.155287533891213,0.843661366837748,0,0.00105109927103868,0,9.57796397437054,242.41060777303
CG49_3,CG49,3,2010s,522500.10602128954,6147499.8118807655,Cropland,0.332425709475263,0.044315211572513,0.803247189679443,0,0.141627155313571,0.0108104434344729,9.51295630620158,246.094136552716
CG50_3,CG50,3,2010s,527500.1154138149,6102499.755272231,Urban,0.729170540498385,0.408462863650187,0.262215890805911,0.120053369848172,0.107964682415289,0.0902767001501065,9.73461006830897,248.75056942387
CG51_3,CG51,3,2010s,527500.0883420453,6107499.766859397,Urban,0.70642991600482,0.364154652376074,0.218704981693074,0,0.326477028068529,0.0802059707739541,9.71629410571183,241.243597911781
CG52_3,CG52,3,2010s,527500.1027918415,6112499.816082941,Cropland,0.406233973006176,0.12844715115305,0.753219445550631,0,0.0974186691207283,0,9.66364798514945,239.702510225383
CG53_3,CG53,3,2010s,527500.0953342962,6117499.791246452,Cropland,0.616230278515171,0.202133320855334,0.547669514539717,0,0.201487830042181,0.0487093345627686,9.74269059664626,230.745252210926
CG54_3,CG54,3,2010s,527500.065031351,6122499.803608584,Cropland,0.801663448422394,0.238978935642639,0.283056137327222,0.146128003680722,0.124822251468395,0.133950670040662,9.7707973045226,228.185253662395
CG55_3,CG55,3,2010s,527500.0751332948,6127499.853540434,Cropland,0.325105954442491,5.37057784891011e-4,0.813082122225004,0.031372101262861,0.0575900496071946,0.0974186691200493,9.59078792645432,240.895539226552
CG56_3,CG56,3,2010s,527500.1258612206,6132499.829735632,Cropland,0.0291591663779942,0,0.985201418805637,0,0.0147985811943633,0,9.62174705220643,230.629302750923
CG57_3,CG57,3,2010s,527500.08933677,6137499.84266833,Cropland,0.279673849855668,0.0254420781475536,0.843180040315338,0,0.0725384522223786,0.0588394293147296,9.58549018296104,233.516751530505
CG58_3,CG58,3,2010s,527500.0920983198,6142499.893103182,Cropland,0.501578361956545,0.0434928016217484,0.675432385020578,0,0.120722237171352,0.160352576186321,9.55114964962941,235.104911077906
CG59_3,CG59,3,2010s,527500.0711528321,6147499.869337009,Urban,0.714962508885241,0.415035843020488,0.255932903517988,0.0978491756381738,0.177566563084333,0.0536155147390164,9.5670864618869,226.711536551361
CG60_3,CG60,3,2010s,532500.1232226893,6102499.762378928,Cropland,0.486283696549837,0.0188082697930978,0.668509747769708,0.062606636513378,0,0,9.81728818862441,235.256556479648
CG61_3,CG61,3,2010s,532500.1073029817,6107499.829724232,Cropland,0.724319089905376,0.106525913379638,0.302783555231185,0.0553423289177477,0.125213273034907,0.0185381639712955,9.87820212794116,221.335215697606
CG62_3,CG62,3,2010s,532500.1180077677,6112499.823483339,Cropland,0.733101505706306,0.10417762810321,0.273356696590094,0.0603423438874294,0.0243546679652188,0.0505603526849329,9.89132618144314,222.362563960262
CG63_3,CG63,3,2010s,532500.0904061167,6117499.8544495115,Cropland,0.0428654384958196,0.0219128941792195,0.97808710582078,0,0,0,9.72449066554862,239.660557994713
CG64_3,CG64,3,2010s,532500.0886268184,6122499.8117822,Urban,0.496902736636632,0.640300141667362,0.292584085273271,0.0671157730593671,0,0,9.77534092682946,228.47172866024
CG65_3,CG65,3,2010s,532500.1113832879,6127499.806740552,Cropland,0.484149987654665,0.00971745231671745,0.66426560480102,0.0416919017498658,0.269033155576667,0.01529188555573,9.71940883078029,224.401634077965
CG66_3,CG66,3,2010s,532500.094766791,6132499.8388373265,Cropland,0.14818425762476,0.0805862768248757,0.919413723175124,0,0,0,9.72762121736521,223.136816911081
CG67_3,CG67,3,2010s,532500.1018768129,6137499.908515113,Cropland,0.181377727883337,0.100864624836199,0.8991353751638,0,0,0,9.66382934750928,226.718399715877
CG68_3,CG68,3,2010s,532500.0697665747,6142499.904000014,Cropland,0.213423990930081,0.0491478258240862,0.883876837267803,0,0.0182660009749392,0.0487093359331712,9.56887077829299,229.047784100539
CG69_3,CG69,3,2010s,532500.0613956221,6147499.825732477,Cropland,0.502195296118009,0.498888718109632,0.49890870857876,0,0,0,9.66724677859568,217.11675075974
CG73_3,CG73,3,2010s,537500.1241257496,6117499.871302983,Cropland,0.444909554883244,0.0730640027472981,0.71924705823496,0.00495817290167515,0.0243546675824327,0,9.82076007346553,224.503499679773
CG74_3,CG74,3,2010s,537500.0867475496,6122499.893791251,Cropland,0.408934313355219,0.0283201547426926,0.747291062733914,0.0546575659046242,0,0.169731216618769,9.79178007183068,224.859147895252
CG75_3,CG75,3,2010s,537500.1226220047,6127499.843201579,Cropland,0.328348622353208,0.0259106131486719,0.81097160269095,0,0.102375529276208,0.0524349069797382,9.79230762382736,218.85525054035
CG76_3,CG76,3,2010s,537500.1032477431,6132499.829719651,Cropland,0.0562580337285862,0.0024095415905797,0.971292080303574,0,0.00596632850195739,0,9.74150378193928,223.856512926858
CG77_3,CG77,3,2010s,537500.0917174451,6137499.853859212,Cropland,0.693476024303487,0.188543742271422,0.422129781601925,0,0,0,9.79261066445699,216.187809392017
CG78_3,CG78,3,2010s,537500.0875472084,6142499.915597486,Cropland,0.726411064781306,0.126640104855052,0.444261294981745,0.026929518855777,0.146128005495579,0.0487093351651931,9.6836923246086,216.89815127545
CG79_3,CG79,3,2010s,537500.0911996434,6147499.90362536,Cropland,0.453216588354614,0.0337124732895016,0.716160594752681,0.00935780570846067,0.165315627199771,0.0730640027431169,9.69968164552324,218.346383112942
CG80_3,CG80,3,2010s,542500.137730461,6102499.88626088,Cropland,0.475341893937588,0.0646074793501214,0.2208280359132,0,0,0,9.95723495849435,229.77409167973
CG83_3,CG83,3,2010s,542500.0850949779,6117499.84060306,Cropland,0.717650229222375,0.0487093351527719,0.42497478296548,0.0536829766477878,0,0.0871111276550679,9.88862700193913,220.853026187108
CG84_3,CG84,3,2010s,542500.1406307713,6122499.827476624,Cropland,0.616039960328837,0.129214958699762,0.587286038096236,0.034662210202876,0.0179842045129167,0.107350484703613,9.84701379922936,217.24718943888
CG85_3,CG85,3,2010s,542500.1254578183,6127499.851438005,Cropland,0.600774001501655,0.0487093351500366,0.239574501075649,0,2.81796167370123e-4,3.75728223091243e-4,9.87092615437699,210.949094253685
CG89_3,CG89,3,2010s,542500.0518607163,6147499.879240843,Forest,0.622796113649632,0,0.110939712794662,0,0.537185817290067,0.0243546675749776,9.76527412807075,213.663342416145
CG90_3,CG90,3,2010s,547500.1127290743,6102499.8908402715,Cropland,0.683767862780145,0.206174913201069,0.426097452755037,0,0,0.0730640049230638,9.92097027752965,225.411812939647
CG99_3,CG99,3,2010s,547500.0849558257,6147499.864848793,Cropland,0.714038659501242,0.221488049627495,0.307549747038447,0.0273052436558619,0.025369570889839,0.0187156119754596,9.77666088490252,214.040949999105
CH06_3,CH06,3,2010s,502500.0846030401,6082499.8202431435,Cropland,0.640624603041748,0.0169888869047523,0.534494887218034,0.113382733727239,0.206620171614099,0.128513320535876,10.037772702718,248.340481631311
CH07_3,CH07,3,2010s,502500.03314556536,6087499.76718363,Cropland,0.0979086259369685,0,0.948514561955678,0.00235191511609928,0.0487093353782279,4.2418754999496e-4,9.98984967428493,252.365815403641
CH08_3,CH08,3,2010s,502500.03832823853,6092499.7513073785,Cropland,0.166100610630201,0,0.909986045050921,4.89229497279966e-4,0.0146206139411689,0.07490411151063,9.94853326433717,250.729139906143
CH09_3,CH09,3,2010s,502500.03600017546,6097499.772559454,Cropland,0.37612688172919,0.0487093353789863,0.767750403904298,0.00014705182743705901,0.00439464098223735,0.178998567907041,9.90910956892073,249.850516536606
CH16_3,CH16,3,2010s,507500.0696210863,6082499.827605381,Cropland,0.275621023266021,0.0243546677489276,0.844720240979394,0.00639231482172153,0.0296940805196943,0.094838695930263,10.0160178515193,256.126141808204
CH17_3,CH17,3,2010s,507500.09114466637,6087499.783676402,Cropland,0.34228703625095,0.0487093354948099,0.800758782545278,0.0156107869212596,0.0194394421546533,0.115481652884,9.97474538407286,255.264842784621
CH18_3,CH18,3,2010s,507500.02561870846,6092499.77677686,Cropland,0.488029071200747,0,0.669485797784547,0,0.0996298192488979,0.230884382966555,9.92291111818243,254.867911677872
CH19_3,CH19,3,2010s,507500.06504692393,6097499.807203647,Cropland,0.100901829338937,0,0.946155426214037,0.0176032682317667,0.0153055983581306,0.0209357071960656,9.87879927398409,255.128849526141
CH25_3,CH25,3,2010s,512500.0730388515,6077499.78695672,Cropland,0.621121658266655,0.00983045117069866,0.521886259297443,0.300147498241505,0.109596004698221,0.058539786592132,9.95488457345007,264.165599898714
CH26_3,CH26,3,2010s,512500.0775220187,6082499.835343886,Cropland,0.591863201101659,0,0.532374874526338,0,0.146128006273683,0.321497119199979,9.97694489581069,259.714716511679
CH27_3,CH27,3,2010s,512500.0438897538,6087499.809582861,Cropland,0.583072455322975,0.112468438744772,0.594388822165449,0.00368641918904917,0.0811448023316765,0.208311517569054,9.95440317941753,257.825816391734
CH28_3,CH28,3,2010s,512500.0358227975,6092499.82110677,Cropland,0.292092997046586,0,0.832798488699087,0,0.0698984295107816,0.0973030817901315,9.90942971309746,256.217499025665
CH29_3,CH29,3,2010s,512500.05339827476,6097499.758615106,Cropland,0,0,1,0,0,0,9.85605592932293,255.989370563407
CH34_3,CH34,3,2010s,517500.0764450698,6072499.728976444,Cropland,0.716996403435662,0.0570522307599998,0.358508313806278,0.31955862002422,0.216171500183192,0.0487093352263099,9.98576380584633,264.302813126193
CH35_3,CH35,3,2010s,517500.094920755,6077499.767569357,Cropland,0.616846016482018,0,0.472396284145186,0.161789864142611,0.365813851712202,0,9.94167215965387,263.929092214437
CH36_3,CH36,3,2010s,517500.0596092466,6082499.843271963,Cropland,0.318997484892867,0.090652429620574,0.814762767410453,0,0,0.0945848029689729,9.95752860587691,258.290993444384
CH37_3,CH37,3,2010s,517500.0990708113,6087499.845282487,Cropland,0.688750474009091,0.276509186826974,0.438945042495717,0,0.115684671159123,0.168861099518186,9.93247653419289,257.130342851415
CH38_3,CH38,3,2010s,517500.08484500466,6092499.773080584,Cropland,0.477127829496748,0.132754764937251,0.700297506964355,0.0852413366470355,0,0.0817063914513593,9.87391782478449,258.92695410894
CH39_3,CH39,3,2010s,517500.08040979074,6097499.738171189,Cropland,0.181790614240106,0.101120703871525,0.898879296128474,0,0,0,9.82167682875064,255.822785022239
CH45_3,CH45,3,2010s,522500.10633223125,6077499.739130003,Urban,0.657534150810153,0.504901881809796,0.0182703628560288,0.136131652271643,0.243277430743888,0.0974186723186436,9.90132806165255,263.653426374896
CH46_3,CH46,3,2010s,522500.095481355,6082499.851588371,Forest,0.613524956303202,0.0415782732813871,0.394942553897795,0.0166980555646498,0.472140464105838,0.0746406531503304,9.91361814114546,260.514280850783
CH47_3,CH47,3,2010s,522500.08047616767,6087499.778844974,Cropland,0.262399649091554,0.063029330760538,0.853138512441558,0,0.0739003441257089,0.00993181267219534,9.8905230974592,259.008411123266
CH48_3,CH48,3,2010s,522500.0599631547,6092499.743431038,Cropland,0.647498397341882,0.120206441035872,0.493890578787721,0.0370575517565459,0.30013609225851,0,9.8201946580655,258.850724450177
CH49_3,CH49,3,2010s,522500.09763021604,6097499.74564588,Cropland,0.509587588821411,0.0556898919382859,0.65260282291137,0,0.242997948990193,0.0487093361601519,9.72080373487242,261.62254150704
CH55_3,CH55,3,2010s,527500.1220357711,6077499.812824085,Forest,0.802961842796442,0.205220528611339,0.116019477217413,0.145087179569999,0.227573767143744,0.0487093345601701,9.92950060726699,257.033999934843
CH56_3,CH56,3,2010s,527500.1371200755,6082499.748749458,Cropland,0.693705089849111,0.0968931195083082,0.410073799561011,0,0.306538632275079,0.186494448655601,9.86396155387517,260.669703811679
CH57_3,CH57,3,2010s,527500.06665524,6087499.8329139035,Urban,0.78510307447275,0.267375790463193,0.254274612740884,0.182660004600963,0.137007344628397,0.158682247566564,9.82245686236512,257.199025561934
CH58_3,CH58,3,2010s,527500.1039774861,6092499.843916504,Forest,0.666634392469678,0.0609985441207199,0.263307991627095,0.0238291176628722,0.479688956340208,0.172175390249105,9.80148830407161,251.038187162313
CH59_3,CH59,3,2010s,527500.0566075259,6097499.78055875,Urban,0.7627294999084,0.296946008288054,0.147281418943948,0,0.273605578434753,0.0321720135892587,9.84782180574594,235.269841940409
CH65_3,CH65,3,2010s,532500.1587029257,6077499.766040378,Forest,0.652319259986422,0.0888445010131583,0.0120256412218569,0.0987978659106964,0.225743256004335,0,10.057313374788,239.227682118833
CH66_3,CH66,3,2010s,532500.1337911482,6082499.8680635905,Cropland,0.701299881125859,0.0827214564853162,0.482444347422064,0.0974186718669673,0.159499755554387,0.0243546679667418,9.8935450413912,248.842770582564
CH67_3,CH67,3,2010s,532500.1383813849,6087499.785338982,Cropland,0.317690111691912,0.00676624091470329,0.815686375766251,0,0.0679337831385738,0.109613600180471,9.80341987795696,250.898624470966
CH68_3,CH68,3,2010s,532500.1055866433,6092499.851210683,Cropland,0.236084409740212,0.024354667966209,0.870513117768455,0,0.0513493567634704,0.0537828575018658,9.7751684916635,247.740293782517
CH69_3,CH69,3,2010s,532500.1006905059,6097499.843565278,Urban,0.754536414147229,0.166517188534834,0.122044650193646,0,0.0982185842098346,0.125213273029083,9.88255115691669,234.926294127009
CH76_3,CH76,3,2010s,537500.1671288088,6082499.875993361,Urban,0.680692759566516,0.206824260087542,0.0731270401923609,0.016698055222882,0.00430875648413747,0,10.0539905285234,231.364922326703
CH77_3,CH77,3,2010s,537500.117400458,6087499.857259013,Forest,0.711680621106518,0.196747723994369,0.271173423762067,0,0.403228714796867,0,9.92543761089351,230.405420154377
CH78_3,CH78,3,2010s,537500.0797039657,6092499.876351775,Cropland,0.0136360592710779,0,0.993118836482658,0,0.00688116351734211,0,9.80904103749067,235.693087482411
CH79_3,CH79,3,2010s,537500.1184237195,6097499.822506665,Cropland,0.611194851921257,0.101384157487684,0.550667532503634,0,0.0020683292316504,0,9.90108826369463,228.608275465109
CH86_3,CH86,3,2010s,542500.1236062861,6082499.882608107,Urban,0.734339195354249,0.352462912000142,0.283886425446051,0,0.0308680970201842,0,10.028256136974,242.248602706015
CH87_3,CH87,3,2010s,542500.149057873,6087499.82690813,Cropland,0.524919038411335,0.143547352619531,0.643284715106012,0,0.0118749095996343,0,9.95723229462858,238.085849344015
CH88_3,CH88,3,2010s,542500.106858969,6092499.808460251,Cropland,0.154727366181045,0,0.916892260574456,0,0.0212078781692543,0,9.90696543306023,224.849440997204
CH89_3,CH89,3,2010s,542500.1246051298,6097499.828453947,Cropland,0.6364935529234,0.024354667575488,0.281068509415278,0,0.00637463043117968,0.024354667575488,9.9981731455372,222.854171354845
CH95_3,CH95,3,2010s,547500.1578898588,6077499.78884103,Cropland,0.472441523508034,0.0640225617518463,0.18079784982443,0,0.048709336615536,0.00765661256807032,10.07246739392,236.978279537323
CH96_3,CH96,3,2010s,547500.1469696249,6082499.888868037,Cropland,0.605422453610816,0.0854860132633344,0.270454432942949,0,0,0.0897620606490767,10.0180760099939,234.271575229523
CH97_3,CH97,3,2010s,547500.118677858,6087499.915520176,Cropland,0.550650881512937,0.211876972939219,0.62938033503599,0.0547980036924682,0.00295057534867742,0,9.94110270884405,230.336596923541
CH98_3,CH98,3,2010s,547500.1365322527,6092499.869449572,Cropland,0.685536528714068,0.144030970371491,0.372652090426423,0,0.073064004926366,0.0243546683087887,10.0019146861471,217.297045099122
CH99_3,CH99,3,2010s,547500.1347144407,6097499.861230696,Cropland,0.631979348792616,0.123318161448523,0.522438808284309,0.109596007386492,0,0,9.96566463948183,224.860972942599
DB00_3,DB00,3,2010s,552499.6775389926,6352499.672118262,Cropland,0.149623555147554,0.056288928778746,0.920126630910301,0.0114071068161344,0,0.012177333494819,9.54337290578726,193.941015656401
DB01_3,DB01,3,2010s,552499.6678686532,6357499.717959825,Cropland,0.219076360651984,0.0228793793945098,0.879701952652945,0.0243546669881362,0,0.0730640009644087,9.55172712967244,188.357110236809
DB02_3,DB02,3,2010s,552499.6512258302,6362499.689666688,Cropland,0.0715263439160121,0.0371427563038533,0.962857243696147,0,0,0,9.54573111986744,184.07560325045
DB03_3,DB03,3,2010s,552499.6240161804,6367499.80984399,Cropland,0.410321743293204,0.105224497019636,0.753314405866916,0.0470889871778116,0,0.0943721099356367,9.48573091187553,183.600826522548
DB04_3,DB04,3,2010s,552499.6497318089,6372499.74527787,Cropland,0.734717269424404,0.104317508095633,0.356471044212725,0.319765985359065,0,0.123994946599345,9.49670396227908,181.229420166057
DB05_3,DB05,3,2010s,552499.6646834601,6377499.717803373,Forest,0.504054600384144,0,0,0.082231079084496,0.272974357364253,0.00713476218197868,9.52474842806048,183.36951766076
DB10_3,DB10,3,2010s,557499.6567160406,6352499.705819401,Cropland,0.579697840815698,0.128050568404695,0.606618167494021,0.037302229171552,0.0487093366019624,0.17931969832777,9.52805939778417,191.782551356532
DB11_3,DB11,3,2010s,557499.6898730142,6357499.755865983,Cropland,0.55112459166735694,0.340965356192441,0.569475606463855,0,0,0.0895590373437033,9.5110758166559,188.912656334374
DB12_3,DB12,3,2010s,557499.6980993691,6362499.731798036,Cropland,0.0892924298571228,0.0362817400348601,0.953215079555443,0,0,0.0105031804096967,9.5253687498017,185.57590017224
DB13_3,DB13,3,2010s,557499.6790873646,6367499.744899912,Cropland,0.470159570843215,0.3778516697683,0.6221483302317,0,0,0,9.48527679848856,186.353819310466
DB14_3,DB14,3,2010s,557499.6920318474,6372499.795985679,Cropland,0.619426941825127,0.188930470791353,0.557023181982151,0.132498595420737,0,0.121547751805759,9.45849021248433,184.331141519894
DB15_3,DB15,3,2010s,557499.6776623846,6377499.772861233,Cropland,0.71579678451306,0.19483734640691,0.397179985216043,0.155151780312049,0.0748671059704716,0.177963782094526,9.39333457188423,188.78734636847
DB16_3,DB16,3,2010s,557499.6934591797,6382499.787658613,Urban,0.726296814265506,0.334933857159771,0.0102742097616455,0.185061011961698,0.0668350155954684,0.0306529688249447,9.44695431217508,182.245568565701
DB20_3,DB20,3,2010s,562499.6596629414,6352499.822055593,Cropland,0.0100008970156054,0.00200385240250115,0.994980398206696,0,0,0.00301574939080286,9.45739767975681,194.103903835014
DB21_3,DB21,3,2010s,562499.6778171846,6357499.774650563,Cropland,0.358679877293277,0.105380003563523,0.787269509856164,0.00691606804921216,0,0.100434418531101,9.45064576664115,189.341805577142
DB22_3,DB22,3,2010s,562499.6515363256,6362499.764446196,Cropland,0.426935060119291,0.096663379027495,0.732100012621005,0.146128003717543,0,0.0251086046339567,9.4919130302487,185.024194010726
DB23_3,DB23,3,2010s,562499.6400820935,6367499.792328508,Cropland,0.435147054620115,0.319926479764674,0.680073520235326,0,0,0,9.46999404937953,182.943636103314
DB24_3,DB24,3,2010s,562499.6441820732,6372499.746949654,Cropland,0.638883431124167,0.184260842141569,0.504596414415756,0.0082933108245367,0.036066607932448,0.26678282468569,9.40711078531606,184.647138315456
DB25_3,DB25,3,2010s,562499.6611575983,6377499.739594084,Cropland,0.630694542395753,0.118763081017121,0.492888869804193,0.0365320009297653,0.050829529996314,0.300986518252607,9.36280905227335,182.114520921001
DB26_3,DB26,3,2010s,562499.6900292314,6382499.770230629,Forest,0.770496319875922,0.0547408333519209,0.176122482617208,0.109596002783167,0.3707607943112,0.103048096088696,9.50027618707703,170.961861818393
DB30_3,DB30,3,2010s,567499.6474141439,6352499.797047383,Cropland,0.223124567528454,0.0161827635427028,0.877057466733035,0,0.0243546676561441,0.0824051020681177,9.30583528785032,200.842541159715
DB31_3,DB31,3,2010s,567499.6497347835,6357499.773935058,Cropland,0.460750934575359,0.0200741984473685,0.686095924025946,0.0429214703071177,0.250908407219568,0,9.31437247412415,195.834748337275
DB32_3,DB32,3,2010s,567499.649767541,6362499.788996397,Cropland,0.56768483817258,0.111226729487682,0.612097779321443,0.014301562853155,0.0581954879920982,0.204178440345622,9.39641143286368,190.070987970867
DB33_3,DB33,3,2010s,567499.6483663965,6367499.730884405,Cropland,0.360413805335377,0.0845814759538851,0.788105235854879,0,0.0235444942331443,0.103768793958092,9.43866769162396,186.243683018923
DB34_3,DB34,3,2010s,567499.6427126657,6372499.710880268,Cropland,0.655344842186497,0.0487093353091472,0.478760394572972,0,0.222059713344454,0.250470556773426,9.31178251015816,191.530414116655
DB35_3,DB35,3,2010s,567499.6318198992,6377499.728951592,Cropland,0.391745238508619,0,0.756402401715124,0.0243546676560379,0.0679335520517581,0.15130937857708,9.44968656359876,172.524519494207
DB36_3,DB36,3,2010s,567499.676348217,6382499.674741831,Cropland,0.794045849777084,0.085241336791304,0.315802203246449,0.131114437371425,0.198443804430265,0.0836664273128152,9.52699694461113,173.409016737263
DB40_3,DB40,3,2010s,572499.6344654928,6352499.8530826,Cropland,0.646096610676927,0.0323655280344346,0.479044603071967,0.0466860250577761,0.329471601358126,0.112432242477697,9.27192113154566,189.80623042809
DB41_3,DB41,3,2010s,572499.6216895938,6357499.864695008,Cropland,0.248451139200444,0.099843699915006,0.857526288737662,0.0426300113473326,0,0,9.37658026138335,181.463376744563
DB42_3,DB42,3,2010s,572499.5906535387,6362499.80320541,Cropland,0.507660006206669,0,0.663346034239935,0.021877591826276,0.177989463087569,0.13678691084622,9.2830171472577,190.573132215443
DB43_3,DB43,3,2010s,572499.5984189146,6367499.780956781,Cropland,0.252983821822111,0,0.855759287006258,0.0121773341844087,0.018266001276613,0.11379737753272,9.43687706749621,179.469719777507
DB44_3,DB44,3,2010s,572499.5838254265,6372499.796851205,Cropland,0.496269980183482,0.124198368283288,0.677985316017679,0,0.0318614528668199,0.165954862832213,9.43452258905895,176.484923991307
DB45_3,DB45,3,2010s,572499.6077339851,6377499.740606079,Cropland,0.239142590369979,0.136063433868971,0.861511539690932,0.00242502644009758,0,0,9.48489218237326,175.758164140645
DB46_3,DB46,3,2010s,572499.6071544627,6382499.722435604,Cropland,0.724852598946831,0.0709512472613922,0.377637929972886,0.285339947492459,0.204998527895361,0,9.50196987908825,179.50678004013
DB50_3,DB50,3,2010s,577499.5802886165,6352499.877413118,Cropland,0.441490851535368,0,0.727563675697831,0.0382307473808307,0.128776050512642,0.105429526408696,9.46094460035671,182.347624531584
DB51_3,DB51,3,2010s,577499.5553473757,6357499.82287266,Cropland,0.0778464475696308,0.0219296405273395,0.959939928046439,0.005628533660804,0.012501897765417,0,9.3592896995326,187.076935116857
DB52_3,DB52,3,2010s,577499.5523310879,6362499.807698655,Cropland,0.0926734688900851,0.0487093336274749,0.951290666372525,0,0,0,9.29625201851896,185.384727911996
DB53_3,DB53,3,2010s,577499.5700187528,6367499.831857608,Cropland,0.524291792780913,0,0.573219872593963,0,0.380495820065871,0.0462843073401657,9.2411112210051,192.692666219277
DB54_3,DB54,3,2010s,577499.5493575014,6372499.782863706,Forest,0.608755958013093,0.168057641402693,0.201137541683423,0.00849245030798958,0.564481392279199,0.0578309743266952,9.3692439104257,186.764293316486
DB55_3,DB55,3,2010s,577499.5492296974,6377499.66181914,Forest,0.67733150810341,0,0.259866935991888,0.287777423243558,0.412767947860055,0.039587692904499,9.4829032469494,178.418124285143
DB56_3,DB56,3,2010s,577499.5641771164,6382499.691316109,Cropland,0.659986873261753,0,0.413837177913636,0.33617794495613,0.225630210317618,0.0243546668126168,9.50956410903514,178.865046108582
DB57_3,DB57,3,2010s,577499.537492288,6387499.64755162,Forest,0.559276852136996,0,0,0.036711513374452,0.603170764414437,0.00617842328024278,9.50043710007589,180.992171600455
DB60_3,DB60,3,2010s,582499.5631405126,6352499.870773819,Cropland,0.0355519493992693,0.0181037193540863,0.981896280645914,0,0,0,9.43625919612796,189.603620181828
DB61_3,DB61,3,2010s,582499.5248312382,6357499.871828571,Cropland,0.0677066744706927,0.00625094938016313,0.965105548720464,0,0,0.0286435018993731,9.35372251160754,190.415277764341
DB62_3,DB62,3,2010s,582499.4927491389,6362499.801014301,Cropland,0.248515878825708,0,0.854488253593596,0,0,0.145511746406404,9.28219307825588,188.495220427548
DB63_3,DB63,3,2010s,582499.5234498292,6367499.770816479,Cropland,0.572256086642,0.0215472099474648,0.598015199460083,0.047088990585135,0.0958503600981134,0.237498239909204,9.34651677303249,176.702335861758
DB64_3,DB64,3,2010s,582499.4955886239,6372499.778775646,Forest,0.727628118914945,0.047384771182355,0.258332890822016,0.20007653570553,0.373890841006219,0.120314961283879,9.4643334080884,170.754668929686
DB65_3,DB65,3,2010s,582499.4702860015,6377499.714756137,Forest,0.6333873862341,0.0668659685768223,0.0996656643066436,0.373046592718702,0.460421774397832,0,9.53158752187441,174.846482408305
DB66_3,DB66,3,2010s,582499.5038627629,6382499.691246823,Forest,0.639638453733035,0.0920437178548585,0.0843437747874063,0.265471021294123,0.521609482937953,0.0365320031256593,9.52832767971342,179.102157783756
DB67_3,DB67,3,2010s,582499.4776775325,6387499.594470724,Forest,0.522564898380774,0.0377749351289342,0,0.362012094878333,0.587040187241572,0.00599891060407904,9.48714775780564,182.566516696146
DB68_3,DB68,3,2010s,582499.4481154357,6392499.536917151,Pasture,0.534952211798727,0,0,0.380407047782473,0.0568604185544961,0,9.50363394161044,181.660512808404
DB70_3,DB70,3,2010s,587499.5384229121,6352499.942973814,Cropland,0.539762876942119,0.167706560297307,0.643422705622264,0,0.0825446672119255,0.106326066868504,9.5059731383496,181.676162750919
DB71_3,DB71,3,2010s,587499.4899705768,6357499.898755164,Cropland,0.562928382202159,0.0994375313937015,0.618610738752033,0,0.098727430205337,0.183224299648928,9.40743487173362,186.532846002072
DB72_3,DB72,3,2010s,587499.4900431393,6362499.784009084,Cropland,0.685985553064678,0.0565751414684938,0.451337072381094,0.0316218350829935,0.223371456118252,0.237094494949167,9.2874029396237,187.364557154191
DB73_3,DB73,3,2010s,587499.4724052523,6367499.8200299665,Cropland,0.738633393858402,0.186382490761165,0.364661824253675,0.0249533063322785,0.204485771339775,0.219516607313107,9.33673763420528,178.195932776454
DB74_3,DB74,3,2010s,587499.4405852477,6372499.784163884,Pasture,0.744159769230932,0.124979908177084,0.212321373948623,0.340251418039942,0.259551373845642,0.00287618578684036,9.54738489741082,171.301212935095
DB75_3,DB75,3,2010s,587499.4508390957,6377499.788968703,Pasture,0.569799679065572,0.0792620376589478,0.0730640004709311,0.159742136698677,0.0642903381455796,0,9.58423434799869,172.771020744651
DB77_3,DB77,3,2010s,587499.4197526195,6387499.582648063,Pasture,0.43040574921184,0.00167319727593064,0,0.169984090441145,0.0998299528075899,0,9.54035082291037,176.808729080555
DB78_3,DB78,3,2010s,587499.3735523641,6392499.482754864,Pasture,0.597194419549681,0.0243546668219672,0,0.562395325963299,0.129831674010097,0.0222214413844859,9.51078817648743,177.838070257011
DB79_3,DB79,3,2010s,587499.3020525747,6397499.533405255,Pasture,0.596375300775121,0,0,0.157485484803163,0.153097001892611,0.0282650333748289,9.52600253260857,179.965928517171
DB80_3,DB80,3,2010s,592499.4685152426,6352499.8696485795,Urban,0.686410574866069,0.178860602902316,0.130090294780041,0,0.138407250299468,0.0109562290626874,9.55886384012236,174.002357757651
DB81_3,DB81,3,2010s,592499.4687914647,6357499.903263027,Urban,0.483303565231188,0.215252191429063,0.0329777193944475,0,0.0329777193942631,0.0354697785328804,9.5448236297833,171.603237592668
DB82_3,DB82,3,2010s,592499.4395459738,6362499.8651057985,Urban,0.43803993060555,0.0994846777617894,0.0329777193960846,0.0579255389433608,0.0329777193961803,0.0383514684033408,9.47156833153164,170.58595809475
DB83_3,DB83,3,2010s,592499.43704912,6367499.867802329,Urban,0.585822722808822,0.456337444989087,0,0.00727265644304673,0.0164888596973256,0,9.54988314085375,166.938263493618
DB89_3,DB89,3,2010s,592499.276854376,6397499.389086184,Forest,0.677433454152651,0.116258270919858,0,0.146459384405364,0.236438113746269,0.0203745193794434,9.53594197020717,178.280841523743
DC00_3,DC00,3,2010s,552499.7981343176,6302499.822003722,Forest,0.645667368387116,0.103015627346373,0.243629556423764,0.0398662820913845,0.524220288925211,0.0892682452132675,9.49021580520725,192.949635704563
DC01_3,DC01,3,2010s,552499.82723216,6307499.828336293,Forest,0.775428519956829,0.233189022382974,0.209653073952056,0.0791526677108796,0.242672283109563,0.235332952844527,9.55766555983009,192.013367747206
DC02_3,DC02,3,2010s,552499.7944827778,6312499.871378481,Urban,0.667115439321538,0.489537156583014,0.218827845120571,0.0121773334943247,0.185481310694783,0.0939763541073068,9.52233973466566,194.094348581245
DC03_3,DC03,3,2010s,552499.7615257066,6317499.840557125,Urban,0.542534842184114,0.634136313339286,0.204214818901533,0.103007714559001,0.047234046383973,0.0114071068162067,9.60636698004485,193.084450553338
DC04_3,DC04,3,2010s,552499.7262227507,6322499.847153073,Urban,0.698226506015234,0.487147939210612,0.112512972218897,0.110217972186355,0,0.124064310249003,9.6588996798067,198.478054500161
DC05_3,DC05,3,2010s,552499.6892463007,6327499.779825433,Urban,0.748696457215815,0.308909226288089,0.0984473667206807,0.248479996625999,0,0.274049984584156,9.69160320644827,197.727272884544
DC06_3,DC06,3,2010s,552499.7089843368,6332499.750624621,Cropland,0.460336094512614,0.25827292539468,0.685568880006402,0.00204834625346671,0,0.0541098483454515,9.6528368975702,198.252238074081
DC07_3,DC07,3,2010s,552499.6635607927,6337499.75798567,Cropland,0.623298498200631,0,0.527244734789017,0.276946711277538,0.134436277450251,0.0613722764831951,9.6493839239241,193.120734198517
DC08_3,DC08,3,2010s,552499.6732267597,6342499.8034165995,Cropland,0.490943928973006,0,0.675996490740445,0.182366545995788,0.0116917244609479,0.129945238802819,9.63616836078991,192.733088532388
DC09_3,DC09,3,2010s,552499.6781305044,6347499.774804628,Cropland,0.192075310611176,0.0266417256378665,0.896596436937485,0.0245326828596435,0,0.0522291545650051,9.62311218868199,192.213294085522
DC10_3,DC10,3,2010s,557499.8206087413,6302499.8354761265,Cropland,0.236805091671595,0,0.868210981098454,0,0.0469152065532868,0.0848738123482591,9.43909409219312,198.520043712674
DC11_3,DC11,3,2010s,557499.7664055785,6307499.841569215,Cropland,0.601469750143407,9.47033031118674e-4,0.513931606999327,0.0106694593917032,0.340965356191815,0.131705152850322,9.52606331833151,201.86362963096
DC12_3,DC12,3,2010s,557499.7547180243,6312499.886004784,Cropland,0.363039111655545,0.037895649574521,0.789851085221178,0,0.0889513468028592,0.0363739733431885,9.45664164418272,208.098616304848
DC13_3,DC13,3,2010s,557499.7253695964,6317499.856604637,Urban,0.715508523612363,0.397551048127085,0.301445251446618,0.0746044583404485,0.0663954156325999,0.160003826453249,9.54958000408982,199.964774148328
DC14_3,DC14,3,2010s,557499.73675981,6322499.865488209,Urban,0.237748680247107,0.867692367873472,0,0,0,0,9.60162046010809,198.353357370117
DC15_3,DC15,3,2010s,557499.7273178204,6327499.9117859565,Urban,0.59298085227493,0.608949733790581,0.0950326477027885,0.048752657524015,0.0487093366020738,0.0121773341505185,9.65332872222602,196.446286587511
DC16_3,DC16,3,2010s,557499.6978451451,6332499.884155993,Cropland,0.596896909315865,0.246277811479469,0.56866663386946,0.00720068621360875,0.131049262216064,0.0396049200079818,9.63034794057427,199.005007985355
DC17_3,DC17,3,2010s,557499.7080623058,6337499.783408084,Cropland,0.280510790695686,0.168722767682177,0.831277232317823,0,0,0,9.62273753300005,194.835585785829
DC18_3,DC18,3,2010s,557499.693518839,6342499.831295908,Cropland,0.172564998656407,0.0720927867812335,0.906404321776275,0.00323689021750267,0,0.0182660012249885,9.61813689062426,193.456447001306
DC19_3,DC19,3,2010s,557499.6565704292,6347499.805162802,Urban,0.4922282818556,0.562336659135696,0.437663340864304,0,0,0,9.55835330542804,196.552453246265
DC20_3,DC20,3,2010s,562499.7978840575,6302499.938668321,Cropland,0.264590622638566,0.0649135790151855,0.85268488072531,0.031702900598638,0,0.0506986396608665,9.55715900480932,192.076717282097
DC21_3,DC21,3,2010s,562499.7828758188,6307499.956366545,Cropland,0.372360456021468,0.0568597573936511,0.776187769163832,0.12330536141635,0,0.0436471120261663,9.57036541511056,194.290350036909
DC22_3,DC22,3,2010s,562499.7944753097,6312499.901183143,Cropland,0.167054406075871,0.0399900349534311,0.910314354934061,0.0121773336428295,0.0131636091840197,0.024354667285659,9.5123990363765,194.722576378305
DC23_3,DC23,3,2010s,562499.7692934149,6317499.883481737,Cropland,0.549188223633057,0.229548574895751,0.616262448784075,0,0.129834309034297,0.0243546672858765,9.59521905323573,192.623037356615
DC24_3,DC24,3,2010s,562499.7065775642,6322499.903231546,Urban,0.669213195990771,0.491701187204646,0.263446806783707,0.0596214201072635,0,0,9.67522161093235,188.102237628427
DC25_3,DC25,3,2010s,562499.7284663095,6327499.850920295,Cropland,0.695872686733846,0.118274730977216,0.43670655586687,0.204747671423081,0,0,9.68598453019431,193.334377903776
DC26_3,DC26,3,2010s,562499.7110273131,6332499.835998577,Forest,0.576778942515547,0.207677047386434,0.116652439574708,0,0.599590761793291,0.076079751245568,9.48484866710253,204.564128182879
DC27_3,DC27,3,2010s,562499.653506505,6337499.858435164,Cropland,0.213889181929341,0,0.878226663570047,0,0,0.121773336429953,9.5955583335428,191.341034506858
DC28_3,DC28,3,2010s,562499.677609729,6342499.808717862,Cropland,0.060585752893278,0,0.968729264664967,0.0312707353350326,0,0,9.56910782762858,195.85646815167
DC29_3,DC29,3,2010s,562499.6598339697,6347499.796296316,Cropland,0.320204876867439,0.00402764637632124,0.801135015343248,0,0,0.194837338280431,9.48807365247129,195.854666588044
DC30_3,DC30,3,2010s,567499.8116184272,6302499.909548791,Cropland,0.498402631037139,0.129791089625328,0.684679587122201,0.0275915101831217,0.042436905050449,0.1155009080189,9.54738146377549,195.559604589553
DC31_3,DC31,3,2010s,567499.7755507686,6307499.948179211,Cropland,0.375320560718281,0.16242885182187,0.772013929491859,0,0,0.0243546676544915,9.60926538779599,192.532454906778
DC32_3,DC32,3,2010s,567499.8096190846,6312499.914980982,Cropland,0.241012192096034,0.0447871733318556,0.865300940324695,0,0,0.0899118863434493,9.65610530632651,188.765507882433
DC33_3,DC33,3,2010s,567499.7285674406,6317499.918270218,Cropland,0.345958973584525,0.158769467638823,0.791976174878207,0.0126359125334372,0,0,9.62861266716778,189.358961167553
DC34_3,DC34,3,2010s,567499.7138947316,6322499.9609747855,Cropland,0.661705457993552,0.0460211691596311,0.415378226185727,0.0583302508570134,0,0.073064002963904,9.69676003571098,191.633923483468
DC35_3,DC35,3,2010s,567499.7056084871,6327499.930768742,Cropland,0.621808612967702,0.311892854388307,0.515790157196129,0,0.0824051020686367,0.0899118863469269,9.6193972403892,200.426302948159
DC36_3,DC36,3,2010s,567499.7009201018,6332499.938928539,Cropland,0.252322625140169,0.0742740521865837,0.858750611763323,0,0,0.0669753360500933,9.60891614629429,190.398177648909
DC37_3,DC37,3,2010s,567499.6402083595,6337499.873123914,Cropland,0.285949287805704,0.172852699694545,0.827147300305455,0,0,0,9.57594088573895,193.029586470435
DC38_3,DC38,3,2010s,567499.6416704057,6342499.846609377,Cropland,0.26376586264571,0.0116917247811498,0.849096337442707,0.0174385995005981,0.121773338275545,0,9.52210337193506,195.691707183109
DC39_3,DC39,3,2010s,567499.6437902323,6347499.858365299,Cropland,0.381808404728013,0.0325265717472793,0.7726360870158,0,0.0730640029638452,0.121773338273075,9.41898593611539,197.567938785162
DC40_3,DC40,3,2010s,572499.8148650045,6302499.969526697,Pasture,0.586642208186703,0.00557344740940445,0.245382982236037,0.580701833362843,0.105625373929961,0.0383616946914295,9.66640915249277,187.125367912941
DC41_3,DC41,3,2010s,572499.821296516,6307499.929013042,Pasture,0.638256057319649,0,0.20424715924694,0.525628536180058,0.201962913112317,0.0362999385947855,9.67714729338705,187.085587618742
DC42_3,DC42,3,2010s,572499.8176624437,6312499.927039073,Forest,0.735834512461175,0.120845086017097,0.301621741174099,0.0692603672346745,0.367894565114975,0.12749873479765,9.6667284683068,192.906336975806
DC43_3,DC43,3,2010s,572499.74222273,6317499.962513002,Cropland,0.767143444483041,0.147056266002084,0.332942655613088,0.00563008837327466,0.00727507932128788,0.170482678587042,9.6900930020158,190.477582222139
DC44_3,DC44,3,2010s,572499.7175155998,6322499.926215099,Cropland,0.205282743702069,0.0315768357487822,0.888798581515884,0,0,0.0583565305579845,9.66526398893907,194.365774347227
DC45_3,DC45,3,2010s,572499.6797881541,6327499.928359153,Cropland,0.35416536292447,0.0954838392976613,0.791799301126486,0,0.015013568996072,0.097703290579781,9.60190563565832,193.405194945833
DC46_3,DC46,3,2010s,572499.6885857979,6332499.969974242,Cropland,0.333888987133696,0.00579238934401172,0.796367193148884,0,0.024354668368711,0.173485749138393,9.60816686897915,193.187738047108
DC47_3,DC47,3,2010s,572499.623733883,6337499.937596269,Cropland,0.261595670111037,0.123872873390991,0.849925475926164,0,0,0.0262016506828451,9.47690520446327,201.066559845961
DC48_3,DC48,3,2010s,572499.603288505,6342499.944623605,Cropland,0.462469460801864,0,0.678968936640537,0,0.272321726621023,0.0487093367384393,9.36482121315528,203.423197024911
DC49_3,DC49,3,2010s,572499.6280012622,6347499.879714389,Forest,0.575015871256424,0.0163438086644951,0.450584615744492,0,0.460007570484808,0.0730640051062054,9.30265121565167,200.188652168803
DC50_3,DC50,3,2010s,577499.8267759397,6302500.006971771,Forest,0.619053331978595,0,0.101433984458714,0.115710768355956,0.194936699606751,0.0243546668139943,9.66024888216261,190.953539212134
DC51_3,DC51,3,2010s,577499.8137447787,6307500.007805302,Cropland,0.496386393595021,0,0.159192271589099,0.137388276807612,0.00653401455978875,0.0196020436793663,9.67304063209455,191.306586828174
DC52_3,DC52,3,2010s,577499.834045176,6312500.04834203,Forest,0.713900136248465,0.0477810778554545,0.0785464105711739,0.0837007971768018,0.312553882273497,0.0412846233481219,9.66653096385274,190.371251535018
DC53_3,DC53,3,2010s,577499.7670313121,6317500.014979401,Forest,0.797429139006597,0.159413103166394,0.0844248553811818,0.0109820507276474,0.211916922463158,0.091999372888521,9.67822983348881,191.451845462632
DC54_3,DC54,3,2010s,577499.7312211716,6322500.021252586,Cropland,0.682223411619312,0.073423026746834,0.472578396968821,0.0380863092025596,0.231548847873645,0.184363419208141,9.64306923476278,193.838764000138
DC55_3,DC55,3,2010s,577499.7274828481,6327499.95582334,Cropland,0.368894632862366,0.0974186672561403,0.778619582982447,0,0,0.123961749761413,9.62524701172154,190.943319132178
DC56_3,DC56,3,2010s,577499.6899038834,6332500.0401362395,Cropland,0.0157442527111895,0.00546225663612321,0.992078557093206,0,0,0.00245918627067076,9.61090283378022,190.89061963011
DC57_3,DC57,3,2010s,577499.6237474973,6337499.940236413,Cropland,0.570410042855562,0.0919564105993425,0.613884948040459,0,0.154980853020626,0.139177788339573,9.40436245440495,201.347525332759
DC58_3,DC58,3,2010s,577499.5821444269,6342499.991146208,Forest,0.617745043865126,0,0.406148292555257,0.0517985452662123,0.450723161629793,0.0913300005487377,9.36572791667763,187.425641729974
DC59_3,DC59,3,2010s,577499.5701581707,6347499.85890772,Cropland,0.452050117831851,0.0487093336250362,0.691400190629779,0,0,0.259890475745185,9.53561740404615,175.417163147136
DC64_3,DC64,3,2010s,582499.7765719168,6322500.023200316,Pasture,0.734221996133528,0.157946320540821,0.0483503111631587,0.220368838154194,0.168057648592022,0.00355785066066938,9.64188234873489,190.110914212213
DC65_3,DC65,3,2010s,582499.6844180265,6327500.009486454,Pasture,0.770198530397069,0.0343079647710262,0.0547563387551562,0.334997665818473,0.229123833641378,0.153849930373998,9.64184419503945,187.657907684199
DC66_3,DC66,3,2010s,582499.6641215326,6332500.036631212,Cropland,0.459154201370519,0.15846337263789,0.714236797151501,0.0511671627304274,0.0315553550976066,0.0445773123825755,9.61901246716818,188.113602801193
DC67_3,DC67,3,2010s,582499.5955405355,6337499.9908788875,Cropland,0.129159014930698,0.0126629434209296,0.93177739151943,0,0.00623813580350361,0.0493215292561367,9.54047900834422,186.661320692081
DC68_3,DC68,3,2010s,582499.5962293316,6342499.98591674,Cropland,0.242983860805684,0.0847557315604371,0.865104945320075,0.00299945530172825,0.0237564172025997,0.0233834506151603,9.5680322776582,177.526403927579
DC69_3,DC69,3,2010s,582499.5463454451,6347499.907984794,Cropland,0.216490271188893,0.048709337501001,0.882358681366108,0,0.0445773123823908,0.0243546687505005,9.54634055823547,185.911995714826
DC77_3,DC77,3,2010s,587499.6195055665,6337499.979054764,Cropland,0.655465815326582,0.0730640004694186,0.270419421277478,0,0.0459782053179569,0.108321699396313,9.62180529211397,182.430104679769
DC78_3,DC78,3,2010s,587499.5403913431,6342500.0374559825,Cropland,0.561935017781522,0.00786580782169784,0.528367461058011,0.0230290266064278,0.0243546668226301,0.396875354907692,9.54199126653221,188.270183055231
DC79_3,DC79,3,2010s,587499.5162126686,6347499.914135292,Forest,0.663375122822627,0,0.316284011884432,5.68396856688552e-4,0.426027168590664,0.233522999203799,9.44123091169805,190.585367421661
DC88_3,DC88,3,2010s,592499.5554882973,6342500.036549577,Pasture,0.51972210953776,0.0390836171852021,0,0.274364679107543,0,0.0121773339255454,9.58955439236623,179.658510279309
DC89_3,DC89,3,2010s,592499.4952561076,6347499.988268283,Pasture,0.764892545893812,0.0748239139090567,0.114213627104332,0.347436594456944,0.0571873358639889,0.00553263062132192,9.55637182265142,175.563355081704
DD00_3,DD00,3,2010s,552499.8856748668,6252499.714341889,Cropland,0.500419091043377,0.096638047521219,0.681680064034887,0,0.088672755377608,0.133009133066286,9.50923093956388,200.52726816061
DD01_3,DD01,3,2010s,552499.8788040339,6257499.789576381,Cropland,0.689951332769459,0,0.439095310985839,0,0.240367082832966,0.223118938230046,9.54120614166142,198.887159507402
DD02_3,DD02,3,2010s,552499.8180619746,6262499.790504193,Cropland,0.609740770942261,0.0686381381817638,0.585386365601918,0.105691946404325,0.0825122763563439,0.157771273455649,9.58024782670957,193.202104481077
DD03_3,DD03,3,2010s,552499.8245235039,6267499.829924205,Cropland,0.521039557853187,0.138847503938572,0.667643312183576,0.0861296485325733,0.0343155343773863,0.0730640009678934,9.57250823682205,200.905183885238
DD04_3,DD04,3,2010s,552499.8372124677,6272499.79574306,Grass/Shrubland,0.654623460135038,0.0773939237600525,0.291651802245185,0,0.00215879508745083,0.482667476979084,9.52426873188084,203.194570397003
DD05_3,DD05,3,2010s,552499.7926802624,6277499.7984718,Cropland,0.754954553805368,0.226146028216803,0.375366394146348,0.0396091743344002,0.0487093339788976,0.176988627559289,9.49437541513083,202.777732722347
DD06_3,DD06,3,2010s,552499.8129379287,6282499.83961058,Cropland,0.309209561335621,0.130459894923724,0.819777023561213,0.00910015962261437,0,0.0406629218924489,9.35851690919054,211.607031607626
DD07_3,DD07,3,2010s,552499.8372333928,6287499.807062139,Cropland,0.25109213509699,0.133658270166774,0.85493462301694,0,0.0114071068162856,0,9.30931834729372,206.908258379357
DD08_3,DD08,3,2010s,552499.8023283664,6292499.811338297,Forest,0.584888719530262,0.0794297726849815,0.357081769198941,0.0342213204498787,0.529267137666199,0,9.29456092303168,203.800761044086
DD09_3,DD09,3,2010s,552499.8297948928,6297499.853941188,Forest,0.159301063960393,0.048709333976153,0,0.00589247668313098,0.91495485560562,0.0304433337350956,9.27663995873513,207.310239713886
DD10_3,DD10,3,2010s,557499.856180533,6252499.733037651,Cropland,0.732365710502469,0.306666654206526,0.35632527452227297,0.120265466746452,0.133009140229601,0.0837334642951475,9.58517818445123,193.858828986822
DD11_3,DD11,3,2010s,557499.8762522964,6257499.80687196,Cropland,0.520123582152183,0.108885319266843,0.657762597048481,0,0.0700482553824306,0.163303828302246,9.59391167197157,197.511955143338
DD12_3,DD12,3,2010s,557499.8255147779,6262499.806363893,Cropland,0.120559994872282,1.18082362608353e-4,0.936684566731813,0.0258951217374356,0,0.0373022291681428,9.52923787609175,203.332347486011
DD13_3,DD13,3,2010s,557499.8249050891,6267499.844455846,Cropland,0.117949927145291,0,0.937064110202788,0,0.0629358897972124,0,9.491003096969,205.351442532802
DD14_3,DD14,3,2010s,557499.8135712934,6272499.808981645,Cropland,0.488551415104542,0.00466360379354266,0.609071882484295,0,0.0116685685076779,0.374595945214484,9.47152450261509,203.986502080186
DD15_3,DD15,3,2010s,557499.7892618318,6277499.811214283,Cropland,0.698848903138643,0.132417157450501,0.460731126334993,0,0.0319819223841584,0.223644694737502,9.4820254153218,199.794114981206
DD16_3,DD16,3,2010s,557499.812499,6282499.851962599,Cropland,0.386134952382537,0.0487093365987598,0.774221073811864,0,0.0776140849545171,0.0275882767630682,9.48028588596356,195.492044750461
DD17_3,DD17,3,2010s,557499.8226555676,6287499.819056403,Cropland,0.241519693564333,0.0186696947958975,0.866326110775806,0,0.0449559390449028,0.070048255383393307,9.47370968466993,189.668603565972
DD18_3,DD18,3,2010s,557499.815944289,6292499.935076535,Forest,0.681102003774474,0.0955968515853629,0.293737819826394,0.081463352135212,0.459153721067206,0.070048255385825,9.48093705206922,194.118294649072
DD19_3,DD19,3,2010s,557499.7962017705,6297499.866076322,Forest,0.694991814007072,0.0487093365991107,0.30450605105137,0.0487093365991107,0.439402405132687,0.10996353401861,9.40491705695923,196.493632156238
DD20_3,DD20,3,2010s,562499.8979436193,6252499.742285932,Cropland,0.267961950449747,0.110404689395441,0.847920123308345,0.00150787469510091,0.0143047706197122,0.0258625419814012,9.4670901531547,202.342882475854
DD21_3,DD21,3,2010s,562499.8222470335,6257499.8229469415,Urban,0.467484126822127,0.686884844692012,0.0961077547844987,0.200926005099501,0.0130656460339493,0.0030157493900394,9.61385219722331,197.375499451191
DD22_3,DD22,3,2010s,562499.8437607648,6262499.831936724,Cropland,0.500600262443187,0.318180102280331,0.627021896328679,0.0547980013909896,0,0,9.47697996562547,205.795348087488
DD23_3,DD23,3,2010s,562499.8366991177,6267499.878709972,Cropland,0.499044392771976,0.146128003717835,0.677777350261194,0,0.136603553567205,0.0394910924537667,9.45111551930109,205.298206036893
DD24_3,DD24,3,2010s,562499.8019624483,6272499.851935544,Cropland,0.502694335763271,0.019813918979303,0.647069711082541,0,0.0599500148070758,0.27316635513108,9.41918236627317,202.995398566826
DD25_3,DD25,3,2010s,562499.7984971092,6277499.863793937,Forest,0.668139681481713,0.0761294671336046,0.189005801725821,0.02435466728646,0.513005072741417,0.152991157019725,9.36691414804172,206.068941235835
DD26_3,DD26,3,2010s,562499.825335824,6282499.914256911,Forest,0.710941133606606,0.161859616354847,0.0990091983852485,0.00345803402503133,0.26945253514867,0.0182003194677045,9.62786447409035,190.803115692136
DD27_3,DD27,3,2010s,562499.8219761638,6287499.891081318,Cropland,0.682467592205888,0.0780805933532552,0.427077336112388,0,0.302836712030304,0.192005358504053,9.53578467430043,198.018616130205
DD28_3,DD28,3,2010s,562499.7860176418,6292499.905539777,Cropland,0.646569582942358,0.0821112500295425,0.512432535607818,0,0.233534756177062,0.171921458185577,9.49024412863047,198.689220406805
DD29_3,DD29,3,2010s,562499.8388001381,6297499.959425464,Cropland,0.724589202117066,0.21558554243026,0.38784273323497,0.00217431722166617,0.215959501758926,0.178437905354178,9.49050176964656,191.475754823284
DD30_3,DD30,3,2010s,567499.9045343413,6252499.740139163,Cropland,0.40021390463143097,0.276632482924924,0.723367517075076,0,0,0,9.54737218881265,189.672910176203
DD31_3,DD31,3,2010s,567499.8570273767,6257499.839340627,Urban,0.603805874513918,0.537574694463102,0.243233296647578,0.21919200888932,0,0,9.62411558434293,191.41997655062
DD32_3,DD32,3,2010s,567499.828239428,6262499.866039669,Cropland,0.180263012238542,0.100164416440046,0.899835583559954,0,0,0,9.47722598326612,202.858465184486
DD33_3,DD33,3,2010s,567499.8172067807,6267499.820205018,Cropland,0.093226039717085,0,0.950984456651731,0,0.0490155433482684,0,9.34749782957977,207.689681009641
DD34_3,DD34,3,2010s,567499.8194050347,6272499.924406495,Cropland,0.0736700795844707,0.0348771989990253,0.961822545858385,0,0.00330025514258937,0,9.45755991493723,191.672561931225
DD35_3,DD35,3,2010s,567499.839200209,6277499.844712948,Cropland,0.467184087307757,0,0.680906189844565,0,0.255129967080991,0.0639638430744434,9.55080072059914,187.271878773402
DD36_3,DD36,3,2010s,567499.8090130293,6282499.914013644,Pasture,0.754594837304103,0.0371359952466644,0.264417842203257,0.350116133576972,0.0912450748031263,0.0578094951807218,9.57462390181303,195.238977210264
DD37_3,DD37,3,2010s,567499.854039139,6287499.911641263,Urban,0.779133059348195,0.299868115776978,0.277732700512667,0.0122044258664345,0.177493622511539,0.0780636848698294,9.58264325253356,195.396438786701
DD38_3,DD38,3,2010s,567499.8490636005,6292499.946900631,Cropland,0.669359651255767,0.0094020141336381,0.421003841223529,0.0243546676556874,0.315511460931817,0.229728016055328,9.60145309105654,192.380518946019
DD39_3,DD39,3,2010s,567499.7951241602,6297499.908455915,Cropland,0.717932814292546,0.232175641510817,0.330401327997225,0.00548245721998197,0.328885938506577,0.103054634765398,9.53214134374452,197.320173869667
DD40_3,DD40,3,2010s,572499.8910228461,6252499.837507532,Cropland,0.283685159739966,0.0044091273782394,0.839942774198159,0.0182660012776273,0.0886727604056343,0.0487093367403394,9.55055595152768,195.19273128257
DD41_3,DD41,3,2010s,572499.874319164,6257499.853998432,Cropland,0.322992538035451,0.166664262757232,0.80538138782017,0.0182660012764637,0.00485005288138811,0.00242502644068465,9.59602213440832,195.268622905854
DD42_3,DD42,3,2010s,572499.8594056569,6262499.798046281,Cropland,0.413530267265521,0.0978913064637432,0.745291653673829,0,0.146128010212365,0.00242502644067522,9.52436715034228,199.795388985199
DD43_3,DD43,3,2010s,572499.8414943474,6267499.892215765,Cropland,0.407577030655924,0.0632502727236696,0.757303177578353,0,0.0730640051103729,0.0976596050974064,9.54523147194618,186.607660556496
DD44_3,DD44,3,2010s,572499.8234187007,6272499.913879938,Cropland,0.10140021453014,0.0487093367377645,0.94668154201174,0,0,0.00460912125049559,9.53212238798356,193.030671733455
DD45_3,DD45,3,2010s,572499.8655449218,6277499.864061472,Cropland,0.201228969875637,0.0639638449500734,0.890272630421224,0,0,0.0457635246287031,9.52809647452544,198.86610479762
DD46_3,DD46,3,2010s,572499.840314927,6282499.96321855,Forest,0.707979240901305,0.00910016013885948,0.244773906692103,0.0245469226321606,0.415692671444371,0.0760098171536831,9.58522626013042,191.552801394085
DD47_3,DD47,3,2010s,572499.8119906547,6287499.989774233,Forest,0.785596967786861,0.12368558192166,0.17579204922489,0.0162013034256036,0.281851565073933,0.140043595659276,9.68004684418778,189.012485543909
DD48_3,DD48,3,2010s,572499.8407176494,6292499.944752331,Cropland,0.568950778672143,0.0936721184512757,0.62174628413922,0.0202861227327071,0.125083533610013,0.139211941066785,9.67197980441092,189.461415697313
DD49_3,DD49,3,2010s,572499.8623283049,6297499.938366378,Cropland,0.723521574052916,0.00944012157993736,0.318971118422293,0.302032192739413,0.262206079056722,0.107350488201635,9.65251648566845,186.608128728011
DD50_3,DD50,3,2010s,577499.9397466873,6252499.812573781,Cropland,0.0926734688898401,0.0487093336273395,0.95129066637266,0,0,0,9.61065074132408,189.607545875943
DD51_3,DD51,3,2010s,577499.8911025693,6257499.866573606,Cropland,0.541354534803548,0.0586411539002488,0.659027356592849,0.0487093336242434,0.0925686146770726,0.0706389741507181,9.60749514810729,191.246237506869
DD52_3,DD52,3,2010s,577499.8890167333,6262499.849300526,Cropland,0.446747806451442,0.0247136931236126,0.725018472470023,0.129133632864143,0,0.021929640526587,9.70362626349388,189.327526934244
DD53_3,DD53,3,2010s,577499.8687690438,6267499.87089236,Cropland,0.532038003732352,0,0.651940624508271,0.029171701400889,0,0.142587010273658,9.6652180230722,190.754217684391
DD54_3,DD54,3,2010s,577499.8907825949,6272499.932445059,Cropland,0.65474879117374,0,0.529829067813244,0.0494273862468371,0,0.17449629878981,9.65777288739294,187.150430347681
DD55_3,DD55,3,2010s,577499.8332206182,6277499.920372668,Cropland,0.324748553528353,0,0.812826911363341,0,0.0974186672554287,0.0677413072900237,9.65119457976748,184.094090154357
DD56_3,DD56,3,2010s,577499.8770683125,6282499.949325528,Cropland,0.257179428949855,0,0.855818002487859,0,0.0730640004365729,0,9.67149188192516,188.399818964611
DD57_3,DD57,3,2010s,577499.8373202452,6287500.015885937,Cropland,0.754940212536592,0.0487093336253906,0.342576585849205,0,0.129639154364381,0.132895829003049,9.69130872337842,190.782755448983
DD58_3,DD58,3,2010s,577499.8375017444,6292500.010978917,Cropland,0.655613712368451,0.073064000440527,0.512702041812037,0.133944001491719,0,0.013591198161745,9.68070784469689,191.648401150333
DD59_3,DD59,3,2010s,577499.8764129576,6297499.934571228,Cropland,0.690226093957246,0.0974186672498818,0.230453320041947,0.0420210763156005,0.147293350850997,0.0121773334062352,9.67299497676453,190.500748668718
DD60_3,DD60,3,2010s,582499.940339671,6252499.885439505,Cropland,0.342191873915268,0.0797163312775755,0.802389473490019,0,0.0405753147680765,0.0773188804643291,9.57547563749242,191.085743642771
DD61_3,DD61,3,2010s,582499.9243567707,6257499.87675696,Cropland,0.549879576529559,0.287030526886812,0.601539670800932,0.0182660015627964,0.0243546687503953,0.0688091319990635,9.64510946353049,190.171843996256
DD62_3,DD62,3,2010s,582499.9358377454,6262499.908196272,Cropland,0.404782698745894,0.121414317412843,0.756812338834362,0,0.0487093375011182,0.0730640062516773,9.63710268374318,198.406767801334
DD63_3,DD63,3,2010s,582499.9142568866,6267499.867230073,Cropland,0.369778615588993,0.117641318641814,0.778153733827255,0,0,0,9.59814289500074,196.36352776970801
DD64_3,DD64,3,2010s,582499.9156895869,6272499.97761661,Cropland,0.641393921187695,0,0.259285612927446,0.12105529107415,0,0.0974186750027141,9.64390690312871,191.881362219317
DD65_3,DD65,3,2010s,582499.8841101133,6277499.904232946,Cropland,0.666770558616166,0,0.198688301612019,0.0243546687520813,0.146128012512488,0.073064006256244,9.69102217084573,189.901322459174
DD66_3,DD66,3,2010s,582499.8732595991,6282499.982137032,Cropland,0.556239435857075,0,0.542154450347985,0,0,0.0487093375007676,9.70137605890235,189.097205583761
DD70_3,DD70,3,2010s,587499.9756611895,6252499.834294763,Forest,0.516147765142799,0.0862753041509732,0.0805069804183996,0.0564077539470103,0.675136420318767,0.10167354116485,9.53774929640366,200.328290593093
DD71_3,DD71,3,2010s,587499.9294289971,6257499.883005279,Cropland,0.503016637616931,0.0859143621533267,0.658644449286313,0,0.235341395653848,0.0200997929065125,9.56147519649426,197.46844895114
DD72_3,DD72,3,2010s,587499.9576007758,6262499.861898324,Cropland,0.23340104284073,0.0244727491773644,0.873022055134231,0.0294411952224617,0.024354666821981,0.0487093336439619,9.64626272838796,191.665096276895
DD80_3,DD80,3,2010s,592499.9965185599,6252499.880145047,Forest,0.654917481445307,0.181718473483394,0.251624276446387,0.0285145171534637,0.495990442862053,0.0421522900547023,9.46958810187555,198.618908496226
DD81_3,DD81,3,2010s,592499.9849260056,6257499.886210558,Forest,0.479499240528975,0,0.181878889570143,0,0.685429650207717,0.13269146022214,9.49917915029886,193.013020904055
DD82_3,DD82,3,2010s,592499.9668241483,6262499.932545572,Cropland,0.616364363244304,0.126456870156173,0.578168090318407,0,0.0556185890637128,0.146450462684811,9.52444143925186,195.730345259892
DD90_3,DD90,3,2010s,597499.9603299614,6252499.909862781,Cropland,0.608522531415387,0.146128009588262,0.560972030818424,0,0.0672689818458953,0.225630977747419,9.50052724249297,192.179013440082
DD91_3,DD91,3,2010s,597499.9845591482,6257499.88334208,Forest,0.614545328773775,0.00337476580999793,0.388695528021218,0.006749531619973,0.463964320503019,0.137215854045793,9.46799011265426,192.351394333196
DD92_3,DD92,3,2010s,597499.985225495,6262499.8971402,Forest,0.577808839149638,0.112362606713443,0.148003435744842,0.0243546682633133,0.618301473237991,0.0536102030596045,9.49025948076022,190.484575925822
DE00_3,DE00,3,2010s,552500.0397736444,6202499.815031244,Cropland,0.112180816330856,0.0476248069286322,0.940968086253837,0,0,0.0114071068175312,9.19157875952585,222.551708216026
DE01_3,DE01,3,2010s,552500.0522177635,6207499.735317095,Cropland,0.705356922567011,0.0457679822631532,0.42109935653216,0.0243546669885083,0.11382426726291,0.304398532740441,9.31156189543889,200.971439554628
DE02_3,DE02,3,2010s,552500.0156842017,6212499.692870375,Cropland,0.538593265129169,0.204238839538799,0.637743140787365,0,0.00371742532442585,0.0544443154526525,9.44388018666882,212.275813076969
DE03_3,DE03,3,2010s,552499.9918704326,6217499.688423337,Forest,0.678271438795516,0.149925990447169,0.318114035015058,0.0633011087629557,0.43658193442177,0.00772226436360845,9.32110820575237,212.202954049586
DE04_3,DE04,3,2010s,552500.0421838384,6222499.722709725,Cropland,0.427163846745331,0.112274312413869,0.735987988170838,0.00976289217810775,0.00650859478544148,0.135466212451743,9.30588380068337,202.683064711153
DE05_3,DE05,3,2010s,552499.9808522139,6227499.682127924,Cropland,0.552734986215243,0.0425429014270804,0.615065475109341,0,0.105875199585122,0.236516423878456,9.28828813731269,205.61953221552
DE06_3,DE06,3,2010s,552499.9921946748,6232499.680225857,Cropland,0.594800448311088,0.332863383181824,0.536934173882458,0.0574806628853056,0.0451630911772239,0.0275586888731893,9.34239869422152,205.140366136736
DE07_3,DE07,3,2010s,552499.9514282229,6237499.715456871,Cropland,0.604919194430419,0.123908973448058,0.556718600415684,0.062752218691152,0.256620207445106,0,9.33357651512051,208.947295585547
DE08_3,DE08,3,2010s,552499.9212557683,6242499.677255443,Cropland,0.288750416315907,0.0187958090859391,0.82936120537973,0,0.15184298553433,0,9.2494655177266,212.964202852104
DE09_3,DE09,3,2010s,552499.8995816319,6247499.676892661,Cropland,0.454701290709665,0.0117151032233818,0.700059231882715,0,0.226397462089482,0.0618282028044207,9.42230271595358,195.139490915978
DE10_3,DE10,3,2010s,557499.9926700045,6202499.753927617,Cropland,0.393928787592229,0.0383004190520349,0.762466458638754,0,0.140591974355181,0.0586411479540302,9.22012377501141,215.318313210524
DE11_3,DE11,3,2010s,557500.0121679712,6207499.781346942,Grass/Shrubland,0.783290982178681,0.253946366926552,0.125340463578574,0,0.144241636589079,0.266098109908683,9.47500675192433,189.215545898981
DE12_3,DE12,3,2010s,557500.0298874964,6212499.735544217,Urban,0.673530069304606,0.494083818778235,0.181580522426032,0,0.111518136079864,0.182660012246977,9.37741898125136,210.992620949362
DE13_3,DE13,3,2010s,557499.9814049272,6217499.726953041,Cropland,0.37310414737486,0.113345065128038,0.779799749372841,0,0.0646544440510052,0.0422007414481158,9.24844625700766,209.562209570384
DE14_3,DE14,3,2010s,557499.9919643814,6222499.645914316,Cropland,0.460566697046206,0.293177500835343,0.672536016166694,0,0,0.034286482997963,9.4885649205005,191.164072347944
DE15_3,DE15,3,2010s,557499.9955708939,6227499.714159249,Cropland,0.320832448217865,0.0426778375701955,0.81697667703957,0,0.0750119317356076,0.0653335536546266,9.32813913230128,205.521876045607
DE16_3,DE16,3,2010s,557499.9944713496,6232499.709069772,Cropland,0.602924854442267,0.0258951217370017,0.476478446392329,0.0123798809718281,0.402805598558812,0.0824409523400295,9.26490805917061,207.153860658361
DE17_3,DE17,3,2010s,557499.9260181622,6237499.629782909,Forest,0.545642615565737,0.00886399538692048,0.468714330235915,0.0135152407631154,0.483483946002663,0.0254224876113871,9.25365782697329,207.039118665706
DE18_3,DE18,3,2010s,557499.9103897591,6242499.700531681,Cropland,0.550632265236149,0.0398453411935411,0.505287056170479,0,0.438399208970157,0.0164683936658231,9.44576361831515,190.320008265996
DE19_3,DE19,3,2010s,557499.8878559844,6247499.697860005,Cropland,0.570803691659815,0.0997434480593335,0.572266750552791,0,0.301780357498966,0.0262094438889096,9.50128739843851,198.234877025791
DE20_3,DE20,3,2010s,562500.0084597974,6202499.807410175,Cropland,0.302848892837668,0.0705905193388227,0.825864367263444,0,0.100529364007974,0.0030157493897596,9.32649413115147,200.359251422142
DE21_3,DE21,3,2010s,562499.9761553103,6207499.728242607,Cropland,0.331469911934506,0,0.806434645451245,0,0.0234468462377662,0.118643250954494,9.36551486268,208.372173392578
DE22_3,DE22,3,2010s,562499.9864572511,6212499.688075669,Urban,0.738859055492094,0.339876356069771,0.29303154124868,0,0.0363994652720176,0.208669474381252,9.23547069277143,210.167327564427
DE23_3,DE23,3,2010s,562499.9761974189,6217499.685978896,Cropland,0.592731026095405,0.397019393797163,0.485680108906677,0,0.11730049729616,0,9.32521352364338,193.814518745534
DE24_3,DE24,3,2010s,562500.0067694888,6222499.722828891,Cropland,0.468781979935829,0.171467231921447,0.700250836788755,0,0.103927264004834,0.0243546672849635,9.56595388235187,189.062161719414
DE25_3,DE25,3,2010s,562499.9547079823,6227499.685494073,Cropland,0.550268464449309,0.215070222791791,0.624969637389714,0,0.0730640018582203,0.0868961379602748,9.44483595884034,199.991160110747
DE26_3,DE26,3,2010s,562499.9418520522,6232499.687049095,Cropland,0.455515803329208,0.173606269988928,0.707649977717686,0,0.116481940250939,0.0022618120424469,9.3053047004633,200.200604868376
DE27_3,DE27,3,2010s,562499.9672399207,6237499.727467009,Cropland,0.420961833677742,0.00691606805056562,0.703764655824192,0,0.289319276125242,0,9.29755809792784,197.619567288175
DE28_3,DE28,3,2010s,562499.9078480179,6242499.69361065,Cropland,0.549233063439585,0.239940209730591,0.614147478796932,0,0.124789085822271,0.021123225650206,9.48982017229612,189.567559954121
DE29_3,DE29,3,2010s,562499.8850704462,6247499.698559415,Cropland,0.330833639453824,0.0956154375732738,0.808667768707974,0.0103741020757018,0.0273704166750301,0.05797227496802,9.4306730800519,202.1515518205
DE30_3,DE30,3,2010s,567499.9818457006,6202499.750937081,Cropland,0.387012897967913,0,0.737683720553266,0,0.262316279446734,0,9.31526764582265,199.983951919811
DE31_3,DE31,3,2010s,567499.95756106,6207499.79836426,Cropland,0.175856546470404,0,0.902581329379292,0,0,0.0974186706207078,9.22945887683254,206.597186302987
DE32_3,DE32,3,2010s,567499.9610612297,6212499.773586951,Cropland,0.523431335990919,0.334049279008365,0.60261270614013,0,0.00410614819931331,0.0348771989976026,9.33507240639096,192.513650253536
DE33_3,DE33,3,2010s,567499.991388455,6217499.67657536,Cropland,0.548075619607237,0.421223387099376,0.521537513263425,0,0.00852976432493469,0.0487093353122636,9.33827247670905,200.724694274893
DE34_3,DE34,3,2010s,567499.981947577,6222499.728908503,Urban,0.54380165358492,0.637510257260156,0.192007069157878,0.0487093353091333,0.0974186706182666,0,9.54180672679801,193.336490281735
DE35_3,DE35,3,2010s,567499.9354850466,6227499.707971843,Urban,0.500725664424783,0.658352717357571,0.22977847215608,0,0,0.111868810486349,9.4015071362125,206.498095205499
DE36_3,DE36,3,2010s,567499.9734866512,6232499.726984239,Urban,0.710298162841677,0.324776105777169,0.316700173242022,0,0.278277812012872,0.0802459089679374,9.43754387994969,192.590538291677
DE37_3,DE37,3,2010s,567499.910766697,6237499.671688164,Cropland,0.499029697500359,0.385962072168053,0.592960414578056,0,0.0200096939701859,0.00106781928370467,9.41731202513295,194.143607890124
DE38_3,DE38,3,2010s,567499.9288161611,6242499.767579349,Cropland,0.262862141438671,0.155823136038613,0.844176863961387,0,0,0,9.42204180955181,199.825270721165
DE39_3,DE39,3,2010s,567499.9064195943,6247499.790080435,Cropland,0.198448545036325,0.0836131473494534,0.890228953401684,0.0261578992488631,0,0,9.42620107074753,199.662718494982
DE40_3,DE40,3,2010s,572499.9259428019,6202499.806681671,Cropland,0.494748067120411,0.147039862878894,0.684950941161195,0,0.0974186734790413,0.0705905224808692,9.5825029768278,181.930355372444
DE41_3,DE41,3,2010s,572499.9762135199,6207499.768940775,Cropland,0.384136620343684,0.191907937930854,0.759382725330181,0,0,0.0487093367389649,9.50118069131559,184.578988149825
DE42_3,DE42,3,2010s,572499.9735447941,6212499.769307227,Cropland,0.475032334572694,0.381275847456481,0.616106573868767,0,0.00261757867475132,0,9.37544106070164,191.416501827059
DE43_3,DE43,3,2010s,572499.9812662832,6217499.697508556,Urban,0.467202440378319,0.676073034508086,0.269780092619028,0,0.0541468728728856,0,9.3354787297211,198.716944954924
DE44_3,DE44,3,2010s,572499.9325161695,6222499.7750477465,Urban,0.10643257402785,0.94401558393944,0,0.0487093367377512,0.00485005288186855,0,9.57966446140625,188.175544456278
DE45_3,DE45,3,2010s,572499.9563057558,6227499.670118789,Urban,0.158932341741817,0.912957418057953,0.0870425819420467,0,0,0,9.3757370553284,202.87305573617
DE46_3,DE46,3,2010s,572499.9838101824,6232499.715519001,Urban,0.62102680440656,0.490206167865699,0.320950806712511,0,0.18884302542179,0,9.40090359136761,201.100843146654
DE47_3,DE47,3,2010s,572499.9559022341,6237499.687581973,Cropland,0.0629792735970892,0.00651108409566627,0.967630972504466,0,0.0258579433998674,0,9.3842175809671,196.499937677289
DE48_3,DE48,3,2010s,572499.9317868989,6242499.698620851,Cropland,0.0505280017115661,0.00154242672858964,0.974102904901117,0,0,0.0243546683702936,9.32452769398237,204.11023171498
DE49_3,DE49,3,2010s,572499.9104865338,6247499.748605974,Cropland,0.189787334183464,0,0.893835413476579,0,0.106164586523421,0,9.44630057053286,191.544030344697
DE50_3,DE50,3,2010s,577499.9212493428,6202499.864100323,Cropland,0.442987704411306,0.0248105931139408,0.703189436802418,0,0,0,9.66699408376556,183.766129712118
DE51_3,DE51,3,2010s,577499.9222648653,6207499.748870433,Cropland,0.689874620084843,0.21470096267927,0.438673436977514,0,0,0,9.67929440270518,182.446377266913
DE52_3,DE52,3,2010s,577499.9764963645,6212499.785257158,Cropland,0.73866981727512,0.289655214261299,0.300125335574383,0,0.144728074823559,0.00791425795376732,9.51390440328848,187.280566846872
DE53_3,DE53,3,2010s,577499.9623265731,6217499.7484121,Forest,0.641202253875573,0.19086706023784,0,0,0.333431640342868,0.0164404088396103,9.46932728545024,186.817519799121
DE55_3,DE55,3,2010s,577499.9679888003,6227499.7932537105,Urban,0.480844192687461,0.402133235180326,0,0,0,0,9.6101995804878,182.75985395899
DE56_3,DE56,3,2010s,577499.9877266791,6232499.7635885775,Urban,0.51249780653626,0.643436304889516,0.265464349547356,0.0182660001093802,0.0428977859734068,0,9.58414287686702,190.407977019954
DE57_3,DE57,3,2010s,577499.9334297109,6237499.771854244,Cropland,0.112029378263808,0.0585369795169246,0.940501525406762,0,9.6149507631346e-4,0,9.26130492151632,208.990652538252
DE58_3,DE58,3,2010s,577499.9280268631,6242499.820266743,Cropland,0.180143397825483,0.0386619384426456,0.902733257165461,0,0.0586048043918937,0,9.36759740018757,192.023461760455
DE59_3,DE59,3,2010s,577499.9105668445,6247499.796377554,Cropland,0.180931916282516,0,0.899760930648139,0,0.00282040210240553,0.0974186672494558,9.49503662304473,189.077386023297
DE66_3,DE66,3,2010s,582499.9419179015,6232499.758382413,Urban,0.517466618632618,0.312689183073149,0.0711111215813658,0,0,0,9.67748423601748,186.026155594152
DE67_3,DE67,3,2010s,582499.9858796117,6237499.815066368,Urban,0.694099580685443,0.417232826756533,0.333024089604007,0,0.0664373286025986,0.0169760561719742,9.4814290406693,189.277020039798
DE68_3,DE68,3,2010s,582499.940157057,6242499.798316628,Urban,0.699743158266,0.428805687095039,0.261538294176403,0,0.150537312402315,0.159118706326244,9.48808494172262,186.07976088322
DE69_3,DE69,3,2010s,582499.925380716,6247499.821784631,Cropland,0.525052857123253,0.0581695930633192,0.661901702830267,0.0852413406274225,0.153656119858851,0.0410312436201402,9.50953412001706,194.706544533561
DE75_3,DE75,3,2010s,587499.9822943644,6227499.740914788,Cropland,0.564219160000656,0.208192368039384,0.609837589483877,0,0,0.0174870582446277,9.58487100728157,197.707077294425
DE78_3,DE78,3,2010s,587499.9809427367,6242499.8550773095,Cropland,0.473407826463312,0.141165415271034,0.707558994548633,0,0.0243546668234459,0.0444645533042577,9.41562309419476,199.639749289068
DE79_3,DE79,3,2010s,587499.9718824326,6247499.824550713,Forest,0.710835071229252,0.110128990640325,0.286134700480091,0.174204337475015,0.399618446732769,0.0299135246718004,9.6029689324085,183.97951597342
DE84_3,DE84,3,2010s,592499.9550939988,6222499.799698218,Forest,0.365755533243841,0,0,0.0421522900528148,0.0647061879668701,0.055217930717804,9.54634559782468,198.130351879239
DE85_3,DE85,3,2010s,592500.0141816582,6227499.78733749,Cropland,0.629058239713174,0,0.351936984283924,0.0498040870966491,0,0.0267100680372026,9.56211647034792,196.782724082173
DE86_3,DE86,3,2010s,592500.0119548003,6232499.814113551,Cropland,0.699280019468483,0.0719961842564361,0.457432504902636,0.00803818504601474,0.133013915807568,0.0664933231261168,9.45832755944324,204.139885230426
DE87_3,DE87,3,2010s,592500.011741156,6237499.7700439,Cropland,0.697651200967147,0.00993181451544719,0.377453897173338,0,0.163855997550003,0,9.59725891172116,194.466918197785
DE88_3,DE88,3,2010s,592500.0074987623,6242499.877671048,Cropland,0.664945077860758,0.145887063408161,0.445082476870901,0.0686255321696414,0.329917265441647,0,9.50878186041172,188.82973053439
DE89_3,DE89,3,2010s,592500.0052482311,6247499.803093614,Forest,0.700637574593839,0.224445071792967,0.0974167199939149,0.156999313013339,0.454631937296585,0.0665069579031936,9.6311443004019,185.363210761074
DE90_3,DE90,3,2010s,597499.937235394,6202499.867768866,Cropland,0.738533825273783,0.119299858703972,0.253478497321386,0.0243546682643159,0.0586411512068441,0.0586411512068263,9.62608683424388,181.69633858235
DE94_3,DE94,3,2010s,597499.973766844,6222499.817559282,Forest,0.493327842348431,0,0.0243546682633641,0.0309117140229682,0.11879367903386,0.0795725999169689,9.60422071325029,181.517880885564
DE96_3,DE96,3,2010s,597499.9776650518,6232499.7592064515,Forest,0.661003665905557,0,0.153540448914108,0.0742589034027115,0.518356800858075,0.0630684458957103,9.39052327499555,189.668379670431
DE97_3,DE97,3,2010s,597500.0164649216,6237499.792208735,Cropland,0.541703716861377,0.0819280001632875,0.582191890966719,0,0.335613154042424,2.6695482757024e-4,9.47447644513539,191.033562795273
DE98_3,DE98,3,2010s,597499.9749128878,6242499.864260202,Forest,0.627873777922376,0.0893983691171017,0.222517241171995,0.0392506625039001,0.54676474430579,0.102068982901213,9.5614060370093,185.755400877989
DE99_3,DE99,3,2010s,597499.9781003586,6247499.86686593,Cropland,0.593006663025441,0.0798135364104776,0.577935392665541,0.1518399100062,0.0111177163574386,0.179293444560343,9.60702447258497,186.971327002695
DF00_3,DF00,3,2010s,552500.0821818158,6152499.918017617,Cropland,0.538157311313772,0.207648635469721,0.634779070108178,0,0,0,9.69098781171348,209.501439793701
DF01_3,DF01,3,2010s,552500.0434295452,6157499.903279973,Urban,0.387859489863833,0.0740928388157571,0.027697688235076,0,0,0.048709333977978,9.64809631955524,213.176821949218
DF02_3,DF02,3,2010s,552500.0249240466,6162499.926827057,Forest,0.506887831220641,0.0514091965486412,0,0,0.287534610941898,0.022879379393664,9.66421212923818,208.72483588414
DF04_3,DF04,3,2010s,552500.0484365653,6172499.866101065,Cropland,0.6728931759611,0.0944680927625789,0.490825713926539,0,0.245939959277252,0.0487093339754839,9.48735124990141,221.108616085578
DF05_3,DF05,3,2010s,552500.0248900052,6177499.8923083795,Cropland,0.0475230343684742,0.0243546669883507,0.97564533301165,0,0,0,9.33533029309517,219.444112010126
DF06_3,DF06,3,2010s,552500.0201864875,6182499.845409598,Cropland,0.214106080302681,0.0487093339775378,0.882489501489811,0,0.0688011645326514,0,9.41314020488688,212.497152817584
DF07_3,DF07,3,2010s,552500.0322634379,6187499.836667846,Urban,0.51484683367972,0.61301158598893,0.328345912177458,0,0.0370088692822037,0.0114071068173225,9.49332585419264,205.867912256093
DF08_3,DF08,3,2010s,552499.9978258526,6192499.865300811,Urban,0.619062672698079,0.577937633431774,0.166163449857681,0.110090919422114,0.0158728372498014,0.0686381381857143,9.67343233311933,199.85515090882
DF09_3,DF09,3,2010s,552500.0427085381,6197499.8215051675,Cropland,0.611155446479204,0.258463333245916,0.551472462914944,0.00559374876276077,0.112881741707108,0.071588713369271,9.45027608117395,217.31716687432
DF10_3,DF10,3,2010s,557500.0539540383,6152499.913491488,Urban,0.633226666672586,0.218618005981276,0.154496150774596,0,0,0.0913871741687873,9.66202963360162,202.193020834558
DF14_3,DF14,3,2010s,557500.0426793615,6172499.947726307,Cropland,0.689302038231408,0,0.347778620100226,0,0.250462744832778,0.0487093365990868,9.57602468351897,207.02817761503
DF15_3,DF15,3,2010s,557500.0018913269,6177499.856621167,Cropland,0.121658620340567,0.0213389187848936,0.935983243645363,0,0.042677837569743,0,9.34686310606868,211.736332825126
DF16_3,DF16,3,2010s,557500.0236227086,6182499.915863126,Cropland,0.193448348716979,0.0487093366010861,0.894854932477825,0,0.0564357309210892,0,9.48242188506489,198.669346999751
DF17_3,DF17,3,2010s,557499.9860512931,6187499.789903091,Cropland,0.445946514869966,0,0.719487299590885,0,0.128534961467996,0.0129475608679193,9.58842720208499,192.983346676757
DF18_3,DF18,3,2010s,557500.0093904075,6192499.814239048,Urban,0.775303934923981,0.24508713644812,0.22856637297639,0.024354668301182,0.0640167563569292,0.048709336602364,9.62361003943849,209.54864852262
DF19_3,DF19,3,2010s,557500.0331405934,6197499.765436237,Cropland,0.364655348600006,0.21617626518086,0.766235491031945,0,0.0175882437871951,0,9.37742676136966,218.954299174708
DF20_3,DF20,3,2010s,562500.08334866,6152499.927340711,Cropland,0.780765929743353,0.211226224616853,0.289053973050921,0,0.232630683247936,0.127804835204068,9.712944836291,196.828233541158
DF24_3,DF24,3,2010s,562500.0367152442,6172499.862543065,Urban,0.514242482111172,0.170482670993547,0.00622017862474717,0,0.109545150320089,0.0487093345695848,9.68842929957832,197.869934036839
DF25_3,DF25,3,2010s,562499.9763535939,6177499.886270679,Cropland,0.757951442197923,0.0875353111331712,0.306562048867599,0.0114555598873386,0.292192523781255,0.0832331396713017,9.6712235700833,187.217736674575
DF26_3,DF26,3,2010s,562499.9653456258,6182499.837874897,Cropland,0.522694830298575,0.18041448528001,0.659674467249198,0.0372537746614684,0,0.0462836660316913,9.63079177697057,192.698232143508
DF27_3,DF27,3,2010s,562500.0011427227,6187499.828616493,Cropland,0.648223657036809,0.0585926957079066,0.312031347575322,0.0426206677486874,0,0,9.66081032852829,190.31130262913
DF28_3,DF28,3,2010s,562499.9576474453,6192499.856666409,Cropland,0.433955457128385,0.016896335491954,0.18700830743251,0,0.020761419381742,0.048709334572966,9.69502754544073,197.568871239633
DF29_3,DF29,3,2010s,562499.9609393289,6197499.812510072,Cropland,0.0956068741614331,0.0373022309595452,0.950181569039061,0,0.0125162000013934,0,9.36223202957951,212.95625348784299
DF30_3,DF30,3,2010s,567500.0600414778,6152499.957596392,Cropland,0.155104248489185,0.0505125669019698,0.916693155057094,0,0.00752245297159296,0.0252718250693436,9.62398953841,199.65693116726
DF31_3,DF31,3,2010s,567500.0347013446,6157499.951350236,Urban,0.689546234349297,0.432711548356989,0.0788244688801048,0.0592318666534688,0.0511186975471499,0.0487093353114677,9.7486138807192,191.869441756256
DF37_3,DF37,3,2010s,567499.9700276025,6187499.839556279,Urban,0.621582190478804,0.212275940735162,0.0404568253934109,0,0.0273219607864454,0,9.72470653798038,191.575875691918
DF38_3,DF38,3,2010s,567499.9855262494,6192499.88279332,Cropland,0.687175604339714,0,0.234341528887163,0.0168478833800951,0.194540845631847,0.0168963357483293,9.70603986945573,197.020032201649
DF39_3,DF39,3,2010s,567499.9689031657,6197499.852938899,Cropland,0.470363196793147,0,0.677850070522932,0,0.256641163176761,0.0655087663003073,9.4551120297002,200.179476853777
DF40_3,DF40,3,2010s,572500.0649841583,6152499.8935916675,Cropland,0.177511069317486,0.0487093367382477,0.903498483965056,0,0,0.047792179296696,9.565359840139,198.52479835724
DF41_3,DF41,3,2010s,572500.0874127243,6157499.909943095,Cropland,0.790062510898808,0.12987083790451,0.337646102621151,0.178310719436782,0.168703666692602,0.0974186734804694,9.71624532258159,188.544490101648
DF48_3,DF48,3,2010s,572499.9843263607,6192499.890549853,Cropland,0.6100362664212,0.0487093367409294,0.522297689846434,0.00750678449628352,0.0417448152144671,0,9.71080003632875,191.984791808546
DF49_3,DF49,3,2010s,572499.9503513994,6197499.773365588,Cropland,0.227592208698783,0,0.872916940728525,0.0365320025532864,0,0.0905510567181886,9.6236083665161,189.670422338444
DF50_3,DF50,3,2010s,577500.1106004395,6152499.957711743,Cropland,0.091636630870894,0.0481353249427955,0.951864675057205,0,0,0,9.56194625143876,191.745406415932
DF51_3,DF51,3,2010s,577500.0572356211,6157499.892787818,Cropland,0.391446163105497,0.0910766110338505,0.765931041665398,0.0686897327303735,0.0438592810537216,0.030443333516656,9.68276033570209,185.862923809713
DF52_3,DF52,3,2010s,577500.0677353318,6162499.979763222,Cropland,0.503459325654121,0.00391702992065357,0.457639313023626,0.00264525456505061,0,0,9.74949790454896,187.440158644082
DF59_3,DF59,3,2010s,577499.9181351293,6197499.795993284,Cropland,0.671090503137951,0.170482667685228,0.418315998206031,0,0,0,9.66310344388727,187.230632720304
DF60_3,DF60,3,2010s,582500.0903572468,6152499.924879827,Cropland,0.0207909025581785,0.0105058236087884,0.989494176391212,0,0,0,9.63664361665696,186.660723592691
DF61_3,DF61,3,2010s,582500.0863001315,6157499.901682529,Cropland,0.273336430130209,0.0382035138725186,0.846201566141507,0.00599891060203516,0.0243546687519865,0.0852413406319528,9.65216356388541,187.452654782532
DF62_3,DF62,3,2010s,582500.0688732299,6162499.91803773,Cropland,0.579921094267116,0,0.379371458044457,0,0.0243546687508823,0,9.74017182663604,184.209666859484
DF70_3,DF70,3,2010s,587500.0815321453,6152499.907091927,Cropland,0.351005120987875,0.227057809223157,0.772942190776843,0,0,0,9.71422827750877,183.609123682874
DF71_3,DF71,3,2010s,587500.064427627,6157499.934001944,Cropland,0.330896620892501,0.100102365067014,0.808567634346824,0.0669753337631855,0.0243546668229765,0,9.70816204826089,181.241529385927
DF72_3,DF72,3,2010s,587500.0831289394,6162499.89047789,Cropland,0.598572867783128,0.0782461104992768,0.249439495596245,0.0487093336438247,0,0,9.73478584554695,181.722138272114
DF80_3,DF80,3,2010s,592500.1000892023,6152499.904054666,Cropland,0.723858905153654,0.134345168831463,0.428843218165268,0.0987409931714042,0.0243546678508959,0.0487093357017919,9.74177788037337,184.431540399614
DF81_3,DF81,3,2010s,592500.1360954175,6157499.880622524,Cropland,0.677415455596499,0.212017273943346,0.348260970494219,0.0286526343454334,0,0,9.7377075327533,182.885685998719
DF96_3,DF96,3,2010s,597500.0114531335,6182499.907238431,Cropland,0.556561513377191,0,0.384551353139632,0,0.0277294340752564,0.0243546682642741,9.66870769192544,179.666375787727
DF97_3,DF97,3,2010s,597499.9710038947,6187499.863307686,Cropland,0.579080861052028,0.0831883022229484,0.589997778028229,0,0,0.250511204112023,9.59425590613195,183.792377959705
DF98_3,DF98,3,2010s,597499.9873134624,6192499.861592982,Cropland,0.590953156332739,0.0730640047949111,0.310377423185996,0,0,0.0660994832989363,9.66465960927835,174.776192837888
DG00_3,DG00,3,2010s,552500.1089325006,6102499.820040352,Cropland,0.506167518921372,0.101164950557954,0.118672937267469,0,0.0730640009630266,0.0263009462595562,9.92249639005516,213.676327860098
DG07_3,DG07,3,2010s,552500.0776589774,6137499.8553233305,Cropland,0.732394170936487,0.0487093339756559,0.3273092103439,0.0243546669878279,0.0279444267098239,0.167665203377578,9.82043268415379,210.05639451223
DG08_3,DG08,3,2010s,552500.0980597695,6142499.949654789,Cropland,0.772100068281983,0.0557334826146474,0.140705221688348,0.133020981060835,0.0908131672732265,0.135997907272107,9.79339316194086,210.039377663223
DG09_3,DG09,3,2010s,552500.0800114883,6147499.859026643,Cropland,0.260703610018651,0.027197171807426,0.853167620825158,0.101486446872377,0,0,9.72479989270444,212.02448775699
DG14_3,DG14,3,2010s,557500.0859443847,6122499.842967669,Cropland,0.617220240560597,0.0962914884912943,0.325557405438111,0,0,0,9.80183393899567,214.943624969294
DG15_3,DG15,3,2010s,557500.1128352805,6127499.926189727,Cropland,0.63726663915601,0.147255194500672,0.457659786100573,0,0,0.0339107547642793,9.74801150140811,213.586021360342
DG16_3,DG16,3,2010s,557500.0859944862,6132499.9357982185,Cropland,0.53699758583842,0,0.651773299594443,0.0487093366020565,0.0213389187858308,0.039153250115182,9.81504122709079,205.256131311054
DG17_3,DG17,3,2010s,557500.0682798454,6137499.872589368,Cropland,0.512211569063644,0,0.622242752310602,0,0.3116620354994,0.0586411479519754,9.72279743973025,210.772195414079
DG18_3,DG18,3,2010s,557500.0560698126,6142499.959101104,Cropland,0.433103646806314,0.136854411431727,0.732625575040585,0,0.0644743631295812,0.0660456503981068,9.66586724780587,208.532676753985
DG19_3,DG19,3,2010s,557500.051534985,6147499.972744273,Cropland,0.236142342056466,0.128711235102375,0.86427041040904,0,0,0.007018354488585,9.64484737485993,208.64441808674
DG22_3,DG22,3,2010s,562500.0912223725,6112499.9040538985,Cropland,0.514987778727324,0.0138321361041617,0.105986467258264,0.0974186691394997,0,0.0487093345697498,9.88092535762224,205.761997335979
DG23_3,DG23,3,2010s,562500.0828425015,6117499.910760884,Cropland,0.657995816899608,0.0487093345722462,0.167688726279459,0.0243546672861231,0.052233928149074,0.122121444185596,9.86369093870151,203.470471390314
DG24_3,DG24,3,2010s,562500.1336018639,6122499.845666463,Cropland,0.47759854106165,0.146128003708734,0.697098926342896,0,0.0346622097899333,0.117818765473619,9.6777141096097,213.87304893965
DG25_3,DG25,3,2010s,562500.112409009,6127499.929512105,Cropland,0.0926734705906507,0.048709334569532,0.951290665430468,0,0,0,9.60796876618077,210.532536098849
DG26_3,DG26,3,2010s,562500.085315404,6132499.940609023,Cropland,0.185733681057009,0.0487093345724396,0.899565581465651,0,0.0517250839619094,0,9.62747235935321,210.969197683271
DG27_3,DG27,3,2010s,562500.1149576314,6137499.879825633,Cropland,0.637241984484748,0.195883238577774,0.44101549516238,0,0.360085516870474,0.00301574938937164,9.54218003473527,212.711557287709
DG28_3,DG28,3,2010s,562500.0706574302,6142499.967904787,Cropland,0.558011911906109,0.260614950823595,0.603387140244968,0,0.0872885743588489,0.0487093345725875,9.61519004697774,201.294253341942
DG29_3,DG29,3,2010s,562500.0814846822,6147499.984051399,Cropland,0.208836071923119,0.116646778743355,0.881631195183702,0,0.00172202607294295,0,9.69088400311341,193.390360325559
DG33_3,DG33,3,2010s,567500.1053109345,6117499.863251292,Cropland,0.526507187064252,0.0243546676558291,0.670032143398639,0,0.0835865343086003,0.0923369172969577,9.77184000232317,205.307201426305
DG34_3,DG34,3,2010s,567500.1228144517,6122499.919391854,Cropland,0.067321559970908,0,0.965122801004795,0,0,0.0348771989952052,9.55013203977997,210.479186351626
DG35_3,DG35,3,2010s,567500.1194090074,6127499.9028383605,Cropland,0.38692978399941,0,0.737771125245045,0,0.262228874754955,0,9.42314666169553,213.125973180704
DG36_3,DG36,3,2010s,567500.0926647738,6132499.924840984,Cropland,0,0,1,0,0,0,9.46347677001441,205.617351587391
DG37_3,DG37,3,2010s,567500.1069042278,6137499.875061364,Cropland,0.638647860216209,0.274543801976459,0.510358666967292,0,0.142033528092361,0.073064002963888,9.50004095338511,199.763245445796
DG38_3,DG38,3,2010s,567500.0944806039,6142499.975064417,Cropland,0.50906483797376,0.147024915815317,0.655387607298735,0,0.197587476885948,0,9.44257132446172,204.56053863435
DG39_3,DG39,3,2010s,567500.0597612784,6147499.890981247,Cropland,0.264629357241956,0.070581799234071,0.849880727419981,0,0.0612714726051791,0.0182660007407691,9.60133314380085,197.696971572335
DG41_3,DG41,3,2010s,572500.1270477285,6107499.844195573,Cropland,0.702498041451294,0.161876329032784,0.394545426530347,0,0,0.128915311101641,9.7831764796427,208.683661990565
DG42_3,DG42,3,2010s,572500.1240832573,6112499.841285639,Cropland,0.60340448650856,0.127033161636087,0.154948697710881,0.0243546683690385,0.0593649844824743,0.0130806741859547,9.83058416322636,201.854821302273
DG43_3,DG43,3,2010s,572500.0844316228,6117499.87702596,Cropland,0.567657630291442,0.200592188891352,0.618609567766206,0,0.0404787154118025,0.0692478125765196,9.63427189181503,210.340099060664
DG44_3,DG44,3,2010s,572500.1345045101,6122499.95346573,Cropland,0.404614762179898,0.165615911431124,0.751006782045207,0,0.0263665548175557,0.057010751706113,9.65950235090806,196.221758826654
DG45_3,DG45,3,2010s,572500.0844221165,6127499.956186771,Cropland,0.523100867607911,0.174034889730394,0.642658204537692,0,0.183306905731914,0,9.48312850089328,196.909626212447
DG46_3,DG46,3,2010s,572500.123968225,6132499.888275696,Cropland,0.692431132043945,0.208957176381768,0.430053103489423,0,0.263571046647539,0.0974186734812702,9.3790345050772,201.399006034644
DG47_3,DG47,3,2010s,572500.1215920995,6137499.970183186,Cropland,0.579767635772223,0.375897160377691,0.523056013232375,0,0.0474874367689275,0.0535593896210066,9.37279377226433,204.875656284073
DG48_3,DG48,3,2010s,572500.0801946897,6142499.979324352,Cropland,0.584142168037664,0.120103922299242,0.556409301461853,0,0.293493051565419,0.0299937246734862,9.39723564100509,195.889640244396
DG49_3,DG49,3,2010s,572500.0622560608,6147499.916709808,Cropland,0.493493550323093,0.183197280117118,0.676643460481729,0,0.121443647378165,0.0187156120229872,9.54567245482936,191.649972456433
DG51_3,DG51,3,2010s,577500.0918429886,6107499.86185285,Cropland,0.683686081376038,0.301329103665122,0.452640363348271,0,0.0279438855651829,0.0247136931306588,9.7975383085456,196.786019308227
DG52_3,DG52,3,2010s,577500.0899779424,6112499.887439063,Cropland,0.7214251635788,0.189560813118585,0.405148824471153,0.0243546668120983,0.138793570942213,0.242142124655951,9.53956671810877,216.71498715623
DG53_3,DG53,3,2010s,577500.1013102453,6117499.841510532,Cropland,0.65857994755175,0.205189837029265,0.498153109882112,0,0.0891493623949698,0.207507690693653,9.48398941598199,200.383076432623
DG54_3,DG54,3,2010s,577500.1209952927,6122499.946588742,Cropland,0.651577754564168,0.242946902593707,0.500394750629169,0,0.0742377371328325,0.182420609644292,9.64377747357708,189.676820283378
DG55_3,DG55,3,2010s,577500.0903837337,6127499.86770983,Cropland,0.49879759984506,0.120666125928018,0.679567788593846,0,0.0593510230974821,0.140415062380653,9.65696378060286,186.086802886849
DG56_3,DG56,3,2010s,577500.129765069,6132499.940893321,Cropland,0.356015282343591,0.173966311565302,0.782174407381276,0,0.0438592810534217,0,9.50687643558227,190.713406733141
DG57_3,DG57,3,2010s,577500.1151194031,6137499.9413368525,Forest,0.740002933126345,0.26793731585841,0.275197686706495,0,0.291232382322655,0.165632615112439,9.39164022837615,194.828959448355
DG58_3,DG58,3,2010s,577500.1070374141,6142499.981399613,Forest,0.711771036364132,0.133425133764302,0.319562938969798,0,0.364351926164169,0.182660001101731,9.5866051514674009,178.447551870121
DG59_3,DG59,3,2010s,577500.1065061892,6147499.949774658,Cropland,0.517215390351218,0.141064225722364,0.661875029283138,0,0.14835141137066,0.048709333623838,9.6248655641384,185.379403712706
DG60_3,DG60,3,2010s,582500.1033814047,6102499.898955876,Cropland,0.50223624481557,0.079502427262632,0.188639312334006,0,0,0,9.84326617230177,199.450799157962
DG61_3,DG61,3,2010s,582500.1087734731,6107499.811257644,Urban,0.591408204380921,0.571157538549139,0.0730640062572104,0,0.260784819087641,0.0949936361060098,9.56935691154468,212.143340023874
DG62_3,DG62,3,2010s,582500.1086388057,6112499.874676149,Forest,0.664148392533111,0.163925617237211,0.115580113201803,0.0243546687509465,0.526015945898935,0.0727049799073182,9.52090842246427,193.194868855512
DG63_3,DG63,3,2010s,582500.106121318,6117499.866638746,Cropland,0.362104543401178,0.172671616244572,0.778852525233765,0,0.0302098569575151,0.0182660015641479,9.60821656018028,186.409708849175
DG64_3,DG64,3,2010s,582500.0981873247,6122499.898389105,Cropland,0.404925171162362,0.210857428391647,0.740433234106803,0,0,0.0487093375015495,9.6456599399715,191.544510642009
DG65_3,DG65,3,2010s,582500.1494407246,6127499.859806266,Cropland,0.660539952068945,0.154554637777857,0.481097938416956,0,0.113865897389538,0.250481526415649,9.65306964905586,192.467982062658
DG66_3,DG66,3,2010s,582500.1276752406,6132499.971046642,Urban,0.527916222803073,0.498746771050164,0.471656064772434,0,0,0.0295971641774017,9.62738096576103,187.905181678864
DG67_3,DG67,3,2010s,582500.1017190362,6137499.899436134,Cropland,0.577924071065801,0.415895336302199,0.494840668439806,0.0405546577561321,0,0.0487093375018623,9.55015689461595,187.271423150199
DG68_3,DG68,3,2010s,582500.127661447,6142499.979957241,Urban,0.417247155072726,0.724421658472069,0.239225851571636,0,0.0119978212039971,0.0243546687522984,9.69516491559611,181.277615411967
DG69_3,DG69,3,2010s,582500.0820257012,6147499.987659226,Cropland,0.17382174894448,0.0697059385189522,0.905939392730419,0,0.0243546687506293,0,9.67647389636869,186.877940311787
DG70_3,DG70,3,2010s,587500.1040743836,6102499.842870175,Cropland,0.717295167925673,0.0666521103362267,0.419385868048778,0.0852413338761534,0,0.121773334108791,9.828561987711,194.108262197179
DG71_3,DG71,3,2010s,587500.1277292037,6107499.8022988215,Cropland,0.626644794333454,0.158737928208435,0.472728534687846,0,0.352563902384043,0.0159696347196761,9.60789064993069,198.605061417758
DG72_3,DG72,3,2010s,587500.1300347799,6112499.912887864,Forest,0.594103876866268,0.0384185118299798,0.30795373642905,0,0.547731396284662,0.00847768816924463,9.56574360477078,191.835527669047
DG73_3,DG73,3,2010s,587500.1165678317,6117499.840793578,Cropland,0.159652599866216,0.0656325703335133,0.914128073246246,0,0,0.0202393564202404,9.58709933925302,193.858000513122
DG74_3,DG74,3,2010s,587500.1433676686,6122499.921054047,Cropland,0.0749389419206691,0.0394724039835714,0.960527596016428,0,0,0,9.56059747698342,199.379050493005
DG75_3,DG75,3,2010s,587500.1501098787,6127499.929842266,Cropland,0.426581296798676,0.216015518736952,0.724082689378628,0,0.0441701762337892,0.0157316156506307,9.54255171807906,200.265196987541
DG76_3,DG76,3,2010s,587500.1358212815,6132499.8671259945,Cropland,0.529770447978141,0.437745666197903,0.525722333567415,0,0.0365320002346822,0,9.60569539622541,192.738906087248
DG77_3,DG77,3,2010s,587500.0951186153,6137499.955423165,Urban,0.0549783063265548,0.971802179664017,0.00786580782513694,0.0020660123944437,0.0182660001164019,0,9.66925522506009,185.408734760345
DG78_3,DG78,3,2010s,587500.0947161396,6142499.973410007,Urban,0.127263261204501,0.933162088075603,0.0312659102181622,0.0307284770345744,0,0,9.71988610235978,185.665828483615
DG79_3,DG79,3,2010s,587500.133423215,6147499.921055779,Cropland,0.36312208808208,0.149846750359888,0.781387330444818,0.0578778282237923,0,0,9.72676161770899,185.340231663309
DG80_3,DG80,3,2010s,592500.1215643627,6102499.818749571,Cropland,0.419123257246567,0.248230209418443,0.719890416227572,0,0,0,9.76319039577924,198.470011797738
DG81_3,DG81,3,2010s,592500.1642016799,6107499.834659493,Cropland,0.383381313472686,0,0.767908971537099,0,0.116874734849173,0.115216293613729,9.56450172986653,200.54162340614
DG82_3,DG82,3,2010s,592500.1719790371,6112499.890489254,Cropland,0.53794649471889,0.040843527543532,0.518867101010496,0,0.437202888523344,0.00308648292262883,9.4818941308613,197.24521585073
DG83_3,DG83,3,2010s,592500.1462224028,6117499.874937038,Cropland,0.304839185384908,0.106041722943646,0.825009584076815,0,0.0537691750228902,0.0151795179566483,9.45621228133409,201.960640430561
DG84_3,DG84,3,2010s,592500.1472162764,6122499.900566232,Cropland,0.29599251223277,0.181535387396343,0.818464612603658,0,0,0,9.41050471624778,203.911339686602
DG85_3,DG85,3,2010s,592500.1125679152,6127499.854749453,Cropland,0.213004367747483,0.0845487447801222,0.882473535833715,0,0,0.0329777193861625,9.41830384881212,200.778839446713
DG86_3,DG86,3,2010s,592500.165847554,6132499.851379236,Cropland,0.475263570643372,0.388787524628242,0.611212475371758,0,0,0,9.55251864068449,192.494124680324
DG87_3,DG87,3,2010s,592500.1155330035,6137499.886446235,Urban,0.371224193061642,0.77213421603485,0.173067781301,0.00608866696268338,0,0.0487093357014671,9.66556622166498,187.889535165226
DG88_3,DG88,3,2010s,592500.1507311421,6142499.963900514,Urban,0.653946180066694,0.47635731869845,0.298750837442303,0.160390114831613,0,0,9.72672726748165,186.76378158363
DG89_3,DG89,3,2010s,592500.1459106059,6147499.969781486,Cropland,0.705442974957602,0.0586411502177908,0.144385630854616,0.048879878598883,0,0.0487093357008586,9.7491447439143,186.09621130692
DG90_3,DG90,3,2010s,597500.1713315928,6102499.826306785,Cropland,0.602966129395286,0.229140529058134,0.574105308064754,0,0.0944515924155322,0.0730640047906076,9.69426926774483,198.434663273865
DG91_3,DG91,3,2010s,597500.1723162967,6107499.795391971,Forest,0.601326282144425,0.150243320197575,0.320197508576284,0,0.523002125468004,0.00655704575813707,9.43037766308957,204.281461940743
DG92_3,DG92,3,2010s,597500.1866216981,6112499.805806173,Cropland,0.394485430641141,0.161876328314957,0.756763611948835,0,0.0813600597362074,0,9.38995190215571,200.609877999331
DG93_3,DG93,3,2010s,597500.1493824713,6117499.856123005,Cropland,0.210269254460788,0.0689486941480353,0.884769897062823,0,0.0462814087891414,0,9.27929218078968,206.657033537722
DG94_3,DG94,3,2010s,597500.1256288488,6122499.836436391,Cropland,0.322683242253772,0.134511704597181,0.810029427253203,0,0.0554588681496157,0,9.31847457490429,197.789290774124
DG95_3,DG95,3,2010s,597500.1752226814,6127499.859382003,Cropland,0.148753221106721,0.0288102329868571,0.920793047580466,0,0.050396719432677,0,9.39457649456266,192.06407994379
DG96_3,DG96,3,2010s,597500.1698570813,6132499.922134469,Cropland,0.64357355047946,0.34391466555679,0.475761015215623,0.0669753377281574,0.0646396449698599,0.048709336529569,9.54709078678712,188.401488289369
DG97_3,DG97,3,2010s,597500.1743571849,6137499.9147871975,Cropland,0.538778368135176,0.323145580265766,0.592174116218759,0,0.0779307718928,0.00674953162267542,9.67301661366697,186.937287600019
DG98_3,DG98,3,2010s,597500.1217638251,6142499.947179923,Cropland,0.320507800308506,0.0571935118490902,0.815394090548763,0,0.0243546682649106,0,9.70797919899243,188.912761386831
DG99_3,DG99,3,2010s,597500.1399889182,6147499.910806376,Urban,0.721260329589134,0.301613825129502,0.12163487066102,0.00655704575827571,0,0,9.7196426360505,189.290624443158
DH06_3,DH06,3,2010s,552500.1885183516,6082499.894090945,Forest,0.509074999621368,0.0527652789817435,0.0258263980468731,0,0.186530641901343,0,10.0123599619801,227.792806494224
DH07_3,DH07,3,2010s,552500.1080240731,6087499.900931246,Urban,0.782412328467545,0.348489575405533,0.154530310870225,0.0487093339754088,0.198653001356229,0.0031655735199924,10.0054489675528,219.984128872963
DH08_3,DH08,3,2010s,552500.1224177002,6092499.835871966,Cropland,0.746774445277895,0.17914928525658,0.265477519437325,0,0,0.0942530944245622,9.9801964104673,223.062294851124
DH09_3,DH09,3,2010s,552500.1002956021,6097499.919942602,Cropland,0.564043586570035,0.238956866986698,0.603983343334867,0,0.0114071068185774,0.11219793556363,9.85169419325363,230.77954480613
DH16_3,DH16,3,2010s,557500.1353999713,6082499.896520629,Cropland,0.61072483494598,0.0487093366025676,0.287728738524271,0.0487093366025676,0.0258951217349381,0.0243546683012838,10.0470495127438,221.310045272748
DH17_3,DH17,3,2010s,557500.1315025091,6087499.894301601,Cropland,0.600908713882434,0.361784517877921,0.507550525032777,0.0974186731989238,0,0,9.940636786504,224.846940424458
DH18_3,DH18,3,2010s,557500.14150952,6092499.930770529,Cropland,0.364388043583832,0.159857155456468,0.779256173791612,0.0243546683007678,0,0.0365320024511517,9.91243141602888,222.249615705577
DH19_3,DH19,3,2010s,557500.1021907555,6097499.893807441,Forest,0.702129934525933,0.0515284157311552,0.25735891853059,0,0.262640078988204,0.0312791378160184,9.86102139813529,212.410324431089
DH26_3,DH26,3,2010s,562500.1313600574,6082499.897424985,Cropland,0.554163685286603,0.0556254026255589,0.605673979083897,0,0,0,9.99386386100131,221.418180182746
DH27_3,DH27,3,2010s,562500.1404915752,6087499.894655372,Cropland,0.0743169470281124,0.0344363088958041,0.961499180109841,0,0,0.00406451099435454,9.82764598306066,227.452746439507
DH28_3,DH28,3,2010s,562500.1479966408,6092499.930620275,Cropland,0.632266028538056,0.191671764718052,0.547579157962343,0,0.0585323754572235,0.0410383604359778,9.79232351251925,219.081178915537
DH36_3,DH36,3,2010s,567500.1276941404,6082499.895786983,Cropland,0.522365224101977,0.0905026024663594,0.246214446445099,0.0243546676560941,0,0,10.0240070366425,210.059563712452
DH37_3,DH37,3,2010s,567500.1504468835,6087499.901725202,Cropland,0.50969264674883,0.0905026024608654,0.227343628504762,0,0,0.0266213038119228,9.88905200325001,206.929833464708
DH67_3,DH67,3,2010s,582500.150456362,6087499.846226105,Cropland,0.627064549144913,0.0730640062528459,0.420506884874664,0,0,0.0487093375018973,9.86894010736476,204.736363090256
DH75_3,DH75,3,2010s,587500.1331639127,6077499.873700988,Cropland,0.395672044390839,0,0.235045197521065,0,0,0,9.89655072671177,206.917932057472
DH76_3,DH76,3,2010s,587500.1690374067,6082499.854533708,Cropland,0.51970084609521,0.0322204746498094,0.639275337876194,0,0,0.0730640004697486,9.83442822434108,200.738244677424
DH85_3,DH85,3,2010s,592500.1356770925,6077499.908513531,Cropland,0.600530667101914,0.0233928327867025,0.53249305961047,0.130529518455345,0,0,9.91836880885905,197.411490782411
DH86_3,DH86,3,2010s,592500.1422768618,6082499.831678937,Cropland,0.680302779350911,0.0708435613602899,0.281348517693896,0.0821054465212593,0,0,9.91409777015816,188.774448485584
DH98_3,DH98,3,2010s,597500.1549924235,6092499.78831973,Cropland,0.566409499930707,0,0.215366156192077,0,0,0,9.88439282821589,189.861706242926
DH99_3,DH99,3,2010s,597500.1873019559,6097499.787314182,Cropland,0.547308290968577,0.0460584061545022,0.30769866027578,0,0.0243546682637614,0,9.85199857720662,190.046244273788
EB03_3,EB03,3,2010s,617499.4041724587,6347499.787013219,Pasture,0.473287630151471,0,0.0121773340817245,0.698263415354225,0.166679022623736,0,9.61601409518964,166.454090083086
EB04_3,EB04,3,2010s,617499.3770303854,6352499.760663346,Forest,0.666221663246614,0.0974186726593933,0,0.156092075893822,0.271747255756333,0,9.60861756045953,166.183789646351
EB06_3,EB06,3,2010s,622499.452476495,6342499.958876019,Pasture,0.383455278121927,0,0,0.153417608572517,0,0,9.66197410386182,163.367634576379
EB07_3,EB07,3,2010s,622499.340247113,6347499.802468584,Pasture,0.507964379269223,0,0.0751069800247936,0.655206861004292,0.233654847609229,0,9.61512891845802,164.476107520689
EB08_3,EB08,3,2010s,622499.3295501823,6352499.804013868,Forest,0.586240555486218,0,0.00404569094185609,0.19675828152158,0.593425485152921,0.00565430209652232,9.58607884536108,164.827000287366
EB10_3,EB10,3,2010s,627499.3598611797,6352499.809865731,Forest,0.63210884520204,0.0226296473898432,0,0.016182762983575,0.305618080399928,0.157571028050192,9.6258621769076,161.177824328618
ED00_3,ED00,3,2010s,602500.0074655657,6252499.92582771,Cropland,0.392001981458455,0,0.759989849333403,0,0.0916236444300188,0.148386506236578,9.5194104475654,188.768567489974
ED01_3,ED01,3,2010s,602500.0069320137,6257499.875294123,Cropland,0.645476060557287,0.142635152562455,0.500322935420071,0.0419598023048987,0.0301496892758211,0.284932420436754,9.50463266914004,184.19865201858
ED02_3,ED02,3,2010s,602499.9632342183,6262499.97639951,Forest,0.550887834563208,1.18082355128789e-4,0.156172456495618,0.0717286223547074,0.631247767683647,0.140733071110899,9.49449904443075,182.650839755997
ED03_3,ED03,3,2010s,602500.0034894047,6267500.009511617,Forest,0.376429709179609,0,0,0.0601468750611021,0.15558240709706,0.0125260338177387,9.62660961066786,179.00271402125
ED10_3,ED10,3,2010s,607500.0314739328,6252499.92479157,Cropland,0.0548275332012357,0,0.971815169296061,0.0060886673299417,0,0.0220961633739977,9.57088060940121,182.830803661948
ED11_3,ED11,3,2010s,607500.0045607301,6257499.97145039,Cropland,0.392090587774299,0,0.754180386091651,0.00608866732950943,0.191021607942764,0.0487093386360754,9.47065503752474,187.069442141288
ED12_3,ED12,3,2010s,607499.9846502618,6262499.948752708,Forest,0.380912585220455,0.0487093386367419,0.0146644593881765,0.12819525355859,0.773028197411515,0.0354027510049763,9.45359302288695,186.914423025278
ED13_3,ED13,3,2010s,607500.0289460056,6267499.969510026,Forest,0.559183674636037,0.0487093386391967,0,0.0321852668965122,0.312236074619229,0,9.53041896029926,183.627041269398
ED20_3,ED20,3,2010s,612500.049310843,6252499.9062306555,Cropland,0.171055038935988,0.0282981501636181,0.907641759028449,0.0497553208308359,0,0.0143047699770976,9.61151803405686,174.361967550774
ED21_3,ED21,3,2010s,612499.9999244057,6257499.948716197,Cropland,0.503885589644249,0.152973955379212,0.663504315440506,0,0.00334341670072854,0.180178312479553,9.53805709770371,179.251122892776
ED22_3,ED22,3,2010s,612500.0638923836,6262499.925191073,Forest,0.590866859307702,0.0664585101228088,0.259819621206949,0,0.572396725115567,0.0977729118271512,9.54789596172296,173.316912779022
ED23_3,ED23,3,2010s,612500.0489246127,6267500.053278171,Forest,0.547356305447968,0.0487093323873611,0.0923321364416716,0.0487093323873611,0.169411435838974,0,9.62541924990185,169.324139268783
ED30_3,ED30,3,2010s,617500.0131436305,6252499.979232868,Urban,0.725315264782086,0.388445931631358,0.14026958147586,0.0233086796366015,0.186091432318337,0,9.63050192755629,172.266861749433
ED31_3,ED31,3,2010s,617500.0689346831,6257499.919604393,Cropland,0.527177675976213,0.25261527562592,0.63502431205217,0,0,0.024236585800703,9.59014021274363,173.320422555193
EE05_3,EE05,3,2010s,602500.0291128291,6227499.796893536,Forest,0.68251738240975,0.106973922281481,0.0974186670182197,0.0209314473988721,0.197484011361848,0.0487093335091099,9.59416692129742,190.449658079366
EE06_3,EE06,3,2010s,602500.0177116019,6232499.873435614,Forest,0.592872006508619,0.0326230091272934,0,0,0.45135683054888,0,9.53826839035421,186.001200841229
EE07_3,EE07,3,2010s,602500.0370459903,6237499.880717993,Forest,0.141109686853936,0,0,0,0.923609674786863,0,9.54675874476129,178.360405750973
EE08_3,EE08,3,2010s,602500.0238220977,6242499.8172161,Cropland,0.512864496434661,0.0417769754206829,0.64374051375276,0,0.251946175089553,0.062536335737004,9.5124193736153,187.790722437483
EE09_3,EE09,3,2010s,602500.0332308657,6247499.906951615,Cropland,0.275442086202335,0.139378469318698,0.839318354133131,0,0,0.0213031765481712,9.62092621394464,180.593673912719
EE15_3,EE15,3,2010s,607500.0429033731,6227499.870408693,Cropland,0.743960684141763,0.0548645175193255,0.243546693196296,0.0552179340300191,0.115703449277606,0.0243546693196296,9.55317234186593,184.721826273683
EE16_3,EE16,3,2010s,607500.0326255038,6232499.819688625,Cropland,0.752728134283919,0.0977945681319818,0.238208081929005,0.0840636424292747,0.23640964447268,0,9.62208129698783,177.526974422757
EE17_3,EE17,3,2010s,607500.0336967214,6237499.811088578,Forest,0.689772265251707,0.0697151786164804,0.36363046424267,0.0730640079554509,0.398430177857826,0,9.56832232413051,183.069826016733
EE18_3,EE18,3,2010s,607500.0446534248,6242499.84457169,Cropland,0.23704429501149,0.0182660019898811,0.866577754062314,0,0.106629843885157,0.0085264000626473,9.50340647090186,183.582638349605
EE19_3,EE19,3,2010s,607500.0022517216,6247499.918539914,Cropland,0.221583990289632,0.0708314550626148,0.877937524683763,0,0,0.0512310202536216,9.54116572944663,184.526605571697
EE27_3,EE27,3,2010s,612500.0178630335,6237499.805356083,Cropland,0.726194005258701,0.0609221559129801,0.253982149449832,0.0487093323847541,0.0775338688478496,0.0751996370165619,9.54502057461281,181.994414449776
EE28_3,EE28,3,2010s,612500.0568845634,6242499.83450955,Cropland,0.619226455207788,0.170434216409534,0.573882250743292,0,0.128351560934693,0.0487093323875451,9.52854239372713,179.073223152609
EE29_3,EE29,3,2010s,612500.0256645977,6247499.904153242,Cropland,0.00445513662993702,0.00223255260610744,0.997767447393892,0,0,0,9.48079045559209,184.06579425592
EE39_3,EE39,3,2010s,617500.0586333661,6247499.861813668,Cropland,0.692994529132134,0.0365320022451544,0.327509485877067,0.0542681944832099,0.178168972347696,0,9.5732231423722,169.204081401356
EF00_3,EF00,3,2010s,602500.1568967437,6152499.938279047,Cropland,0.579077131105958,0.0620159197398904,0.526400064381042,0.0182660000651065,0,0,9.72068166130329,186.318329498045
EF01_3,EF01,3,2010s,602500.110434067,6157499.949953882,Cropland,0.745885893295076,0.0642744254544848,0.327285737511779,0.170482667280578,0,0.0447923035848049,9.71035407758836,184.296296204203
EF02_3,EF02,3,2010s,602500.11502745,6162499.892898545,Urban,0.39910929746746,0.07306400025999,0.0526263634181411,0,0,0.0282716966649657,9.70660242800226,180.765291953415
EF06_3,EF06,3,2010s,602500.0299051435,6182499.853612516,Cropland,0.456835837601803,0,0.270673702531789,0,0.0453345679066263,0,9.66597733296316,175.108556006208
EF07_3,EF07,3,2010s,602500.0078381761,6187499.891590624,Cropland,0.620779478869515,0.160358370469036,0.442256067497437,0,0,0,9.63134494978873,172.25730901049
EF08_3,EF08,3,2010s,602499.9662049786,6192499.859152391,Cropland,0.692795871705541,0.0730640002646146,0.471403100702821,0,0,0.146128000529229,9.66815502848699,171.773329080084
EF09_3,EF09,3,2010s,602499.963655327,6197499.869020305,Forest,0.458273164279501,0.0243546667532184,0.0138831807626115,0.0209799011518509,0.0663144690569026,0.0629397034553428,9.69819308141269,172.24857752148301
EF10_3,EF10,3,2010s,607500.16663707,6152499.862016589,Cropland,0.501879004524342,0.0348287422623195,0.672389340525722,0,0,0.0702574463241542,9.67231643176232,187.419613669463
EF11_3,EF11,3,2010s,607500.176405482,6157499.852075477,Cropland,0.487808918355266,0.0331442450544521,0.289117016871123,0,0,0.0243546693197825,9.68297070734096,183.753619202317
EF45_3,EF45,3,2010s,622500.1133564778,6177499.906438245,Cropland,0.574690176924667,0.0550679336266231,0.196274754481575,0,0.0358102282102328,0.0440550116307377,9.54911879725818,178.836562189591
EF54_3,EF54,3,2010s,627500.173708827,6172499.894058021,Urban,0.523968558889613,0.161908072166916,0.0557137437117296,0,0.00840806852252403,0,9.5896455601853,179.944344763037
EF55_3,EF55,3,2010s,627500.1632006445,6177499.839703479,Cropland,0.672865622133282,0.117327202057829,0.481463634124152,0,0,0.0608866670294525,9.56729740153219,174.403924904786
EF63_3,EF63,3,2010s,632500.2244002955,6167499.81615931,Cropland,0.504289073920796,0.0159466003590069,0.610907856020302,0,0,0,9.59840625238799,180.588670201327
EF64_3,EF64,3,2010s,632500.1982281193,6172499.854965836,Urban,0.633771285002494,0.4318696369908,0.389805238478153,0,7.61872885028037e-4,0.00114020442099596,9.59899980030132,174.591859654497
EF65_3,EF65,3,2010s,632500.1855857152,6177499.827314664,Cropland,0.743853566556432,0.0932606948178523,0.420150722631876,0.0114555611643483,0.206252822144281,0.11416976023312,9.63723745173472,166.850934091402
EF69_3,EF69,3,2010s,632500.1501958598,6197499.82822393,Urban,0.490748637986899,0.073064010008435,0.0728974687374665,0.0487093400056233,0,0.05611667129929,9.65962368532704,166.310785537629
EF70_3,EF70,3,2010s,637500.234482398,6152499.829759564,Cropland,0.587892841976329,0.10735047509569,0.479275076293264,0,0,0,9.67683122585406,180.962366473042
EF71_3,EF71,3,2010s,637500.2314522653,6157499.769810148,Cropland,0.573350134546268,0.0382035086106697,0.622488663500901,0.146127992380043,0.0487093307933475,0.00510940892267016,9.68564697292526,177.589497420941
EF72_3,EF72,3,2010s,637500.2274973425,6162499.754893564,Cropland,0.3920000694785,0.0571358124325601,0.756453513902095,0,0,0.00706792377234671,9.61455588233404,182.398383025064
EF73_3,EF73,3,2010s,637500.2209097057,6167499.784967061,Cropland,0.112471556978225,0.0598134242041366,0.940186575795863,0,0,0,9.53586079253004,182.884008490954
EF74_3,EF74,3,2010s,637500.2099802837,6172499.859987579,Cropland,0.283522703040334,6.66164958034782e-4,0.840794222333982,0.0789970933181176,0.048709330790841,3.8354127651885e-4,9.57621404251656,174.619407540876
EF75_3,EF75,3,2010s,637500.1965109793,6177499.868648433,Pasture,0.412767369815194,0,0.0697187233118279,0.150106566394219,0,0.00607984286013519,9.67223464911869,167.792796995187
EF80_3,EF80,3,2010s,642500.2088201805,6152499.8108049715,Cropland,0.0911947122683769,0.0478908938477222,0.952109106152278,0,0,0,9.64219811378569,180.44545430181
EF81_3,EF81,3,2010s,642500.2076575521,6157499.794391641,Cropland,0.36287862507986,0.0355550699646349,0.789924722124372,0.0730640057819963,0,0.0243546685939988,9.65324904660089,177.097120800129
EF82_3,EF82,3,2010s,642500.2525552853,6162499.825148337,Cropland,0.375034492700747,0.00961787108108769,0.754463723270738,0,0,0,9.63935298099955,175.793361649811
EF83_3,EF83,3,2010s,642500.2193219239,6167499.787668911,Cropland,0.272972983426766,0.124518093095606,0.842887825837133,0,0.0325940810672611,0,9.48178590798912,183.084457571909
EF84_3,EF84,3,2010s,642500.2285859047,6172499.797269886,Pasture,0.699819176804137,0.114234812646676,0.318629152026267,0.402302204300406,0.138955416752087,0.0258784142745641,9.6129621674693,169.012371966502
EF85_3,EF85,3,2010s,642500.21561393,6177499.851854328,Cropland,0.588125311997322,0,0.602172871379377,0.176183632424089,0,0.0958949286874764,9.62298534097393,173.470426622902
EF90_3,EF90,3,2010s,647500.1968096502,6152499.796485673,Cropland,0.131127228336686,0.0705394245898035,0.929460575410197,0,0,0,9.53068105605652,185.165728609994
EF91_3,EF91,3,2010s,647500.2025785598,6157499.7218825305,Cropland,0.306976028924084,0.0757551148054482,0.826094225273712,0,0.0447923050534886,0,9.48952854430711,189.649435440842
EF92_3,EF92,3,2010s,647500.2346433615,6162499.805848634,Cropland,0.374724991258972,0,0.778023111957765,0.0547241194568842,0.0465376982572033,0,9.47841524243063,188.102382052993
EF93_3,EF93,3,2010s,647500.2356114537,6167499.82370214,Forest,0.718180425334941,0.048709335107575,0.253643991002539,0.304507226941316,0.33388162013117,0.0592578268174003,9.540753820063,177.252360317551
EF94_3,EF94,3,2010s,647500.2037785846,6172499.7753932625,Forest,0.647215693653971,0.00395568439075613,0.364752516573182,0.0533669050862143,0.450877310335968,0.097418670207541,9.44545649790645,187.68412769748
EF95_3,EF95,3,2010s,647500.2592736807,6177499.776383813,Cropland,0.0269201832186237,0,0.986353686519068,0.0136463134809317,0,0,9.48314860987218,180.487627117415
EF96_3,EF96,3,2010s,647500.2117523269,6182499.820248794,Cropland,0.669347785092494,0,0.337206872618627,0.044378161563862,0.0487093351059093,0.0626561240417019,9.62430756429784,173.181816245099
EG00_3,EG00,3,2010s,602500.2075383858,6102499.752554977,Urban,0.563176510763517,0.628758264148407,0.0295862501186226,0,0.0947081588008385,0,9.71110353543765,191.060381409561
EG01_3,EG01,3,2010s,602500.1653777973,6107499.795298992,Urban,0.658803004059327,0.38373086205672,0.353155654338406,0,0.263113483604874,0,9.41100800239914,198.494562273525
EG02_3,EG02,3,2010s,602500.1872741627,6112499.769644517,Cropland,0.556649362468033,0.0466557023538941,0.53183672670492,0,0.397152904188008,0.0243546667531776,9.31339175752458,198.660618124956
EG03_3,EG03,3,2010s,602500.1419317244,6117499.7838923335,Cropland,0.461036191023798,0.0140471244509,0.703614878078475,0,0.160564663698252,0.121773333772373,9.1957205058755,200.38437014751
EG04_3,EG04,3,2010s,602500.155513311,6122499.8409451125,Cropland,0.425372331502939,0.083371542539787,0.737330229446378,0,0.152685055547033,0.0266131724668018,9.32204831612784,190.38185670622
EG05_3,EG05,3,2010s,602500.1656467885,6127499.828034153,Cropland,0.302051250406235,0.075870554912298,0.827268908019193,0,0.0835539508350765,0.013306586233433,9.42718098738416,187.301332563612
EG06_3,EG06,3,2010s,602500.1685459674,6132499.856394926,Cropland,0.494931814473541,0.290129632979452,0.645426107647406,0,0.0644442593731419,0,9.58235086170776,184.82490501008
EG07_3,EG07,3,2010s,602500.1629894912,6137499.92599472,Cropland,0.495781643736491,0.251495363200054,0.657835500990966,0,0,0.0906691358089804,9.66188801062031,188.735389568416
EG08_3,EG08,3,2010s,602500.1503424796,6142499.925529002,Cropland,0.285543694091904,0.172542899063026,0.827457100936975,0,0,0,9.68437859223058,189.972274546267
EG09_3,EG09,3,2010s,602500.129395011,6147499.854962473,Cropland,0.563211093644327,0.2480636789546,0.591083480857558,0,0,0,9.71832670415612,186.996102869208
EG10_3,EG10,3,2010s,607500.1768091201,6102499.818051623,Cropland,0.759744706882232,0.178476147505122,0.259596755308744,0,0.0976278660693046,0,9.74066647272218,188.410329098354
EG11_3,EG11,3,2010s,607500.1588724807,6107499.833944355,Cropland,0.467039601560611,0.234928730473627,0.68855468338443,0,0.0487093386405901,0.0278072475013526,9.5069561080415,190.678697981878
EG12_3,EG12,3,2010s,607500.1894330485,6112499.781570623,Cropland,0.471490582455655,0.13545998656788,0.702026918310625,0,0.0441923267329694,0.118320768388525,9.42576081273848,187.124969396806
EG13_3,EG13,3,2010s,607500.2007176884,6117499.770624214,Cropland,0.286970966624424,0.0608866733003291,0.835605982089111,0,0.0791526752904279,0.0243546693201316,9.30687609544347,189.190970150365
EG14_3,EG14,3,2010s,607500.191500505,6122499.801071322,Cropland,0.309310119051279,0.12139761834132,0.821103467290051,0,0.0354027510019244,0.0220961633667048,9.40843229304087,184.01748175181
EG15_3,EG15,3,2010s,607500.1605547919,6127499.872877927,Cropland,0.415239543386879,0.223035171653486,0.729384742684747,0,0.036532003978217,0.0110480816835499,9.51340126237122,182.637963295008
EG16_3,EG16,3,2010s,607500.1727981393,6132499.876283166,Cropland,0.182098939578625,0.0758705497869003,0.900891057338804,0,0,0.0232383928742954,9.65574907631584,180.932946977669
EG17_3,EG17,3,2010s,607500.1607226082,6137499.920979434,Cropland,0.260018298562704,0.15360304458808,0.84639695541192,0,0,0,9.67374370738714,186.907135792314
EG18_3,EG18,3,2010s,607500.1891095479,6142499.897205671,Cropland,0.678372250177461,0.109614756644109,0.493468619534168,0,0.097418677280741,0.0730640079605557,9.71539698418573,184.701785536775
EG19_3,EG19,3,2010s,607500.1905837624,6147499.914653578,Cropland,0.588973816746537,0.112191286865159,0.270185428468553,0,0,0.0492833473754652,9.71140222624907,187.057857300358
EG21_3,EG21,3,2010s,612500.2348921587,6107499.801269529,Cropland,0.516930382818865,0,0.395789072716935,0,0.00926908131030247,0.0243546661933688,9.72674260151828,176.47080876166
EG22_3,EG22,3,2010s,612500.2114052242,6112499.729918555,Cropland,0.700742021703598,0.0771793088588185,0.433646537066807,0,0.173390915121522,0.0487093323838748,9.64423229954637,176.705865204768
EG23_3,EG23,3,2010s,612500.2139353334,6117499.81291228,Cropland,0.363568218041404,0.182359451249325,0.776028121170847,0,0.0140471241269781,0,9.62248803310757,175.539102070762
EG24_3,EG24,3,2010s,612500.1830770366,6122499.826076767,Cropland,0.332607029691418,0.12759628194425,0.804707296560772,0,0.0590168744270144,0,9.59305781656092,179.045873912865
EG25_3,EG25,3,2010s,612500.1782985982,6127499.882253152,Cropland,0.725636686029121,0.221722064360687,0.399081902703028,0,0.121773330960126,0,9.65023925745069,177.879997584722
EG26_3,EG26,3,2010s,612500.200980525,6132499.870141038,Urban,0.655005038661807,0.486655232012813,0.29831342511264197,0,0.121773330966446,0.00111627630264814,9.68608921367291,184.680697856718
EG27_3,EG27,3,2010s,612500.1834815647,6137499.899357621,Cropland,0.509173709943979,0,0.57235441123736,0,0,0.0243546661920597,9.68657823503871,184.707899236176
EG30_3,EG30,3,2010s,617500.2479844969,6102499.703469929,Cropland,0.388238461749407,0,0.263608864114375,0,0,0,9.80257282592543,189.827088464091
EG40_3,EG40,3,2010s,622500.2477358868,6102499.741840948,Cropland,0.62321731363104,0,0.413316159314149,0,0.0487093359826394,0.0974186719652789,9.78974520084017,186.887377936713
EG41_3,EG41,3,2010s,622500.2452251216,6107499.731631616,Cropland,0.614625188375651,0.115956835960767,0.538453626113932,0,0,0.0672474999753303,9.77650204407514,187.377421081815
EG42_3,EG42,3,2010s,622500.1778913485,6112499.7629739335,Forest,0.642038761808904,0.0058165039857143,0.011633007971586,0,0.31661068388555,0.0545258399681845,9.76856798418094,185.786608672943
EG76_3,EG76,3,2010s,637500.1687954454,6132499.737980937,Urban,0.751467889619679,0.277955487849881,0.0877704809468955,0,0,0.0974186615871085,9.71680114574072,181.153187709383
EG77_3,EG77,3,2010s,637500.2055718829,6137499.833220863,Urban,0.780553480665,0.331910394446442,0.186453718552985,0.0446515541870244,0,0.0730639961867389,9.72795821011119,178.056179135081
EG84_3,EG84,3,2010s,642500.1821270094,6122499.752851817,Cropland,0.616997723121332,0.0445155903259441,0.185522208380511,0.112082474361953,0.048709337185351,0,9.76378351275295,179.370622004518
EG85_3,EG85,3,2010s,642500.1759146599,6127499.685259293,Cropland,0.694360121488591,0.132155301016874,0.260728326796512,0.0734397340184922,0.0487093371863641,0,9.72027875760351,182.600153576902
EG86_3,EG86,3,2010s,642500.1595471228,6132499.774305279,Cropland,0.0682542452907258,0,0.964871702787585,0,0,0,9.65907891293894,182.97893371549
EG87_3,EG87,3,2010s,642500.2018560335,6137499.799481912,Cropland,0.238605677751405,0.0487093371861118,0.864679547892422,0.0836957348898238,0,0,9.71331728726176,177.810613852383
EG88_3,EG88,3,2010s,642500.1743270823,6142499.756653693,Cropland,0.228201951627812,0,0.873121537113466,0.083110323563712,0,0,9.71413181801271,177.869871950107
EG89_3,EG89,3,2010s,642500.1983442176,6147499.761124632,Cropland,0.0706055488424913,0.0145893797732249,0.963526550566826,0.0218840696599495,0,0,9.65861312563128,182.165385953843
EG94_3,EG94,3,2010s,647500.1901655146,6122499.657195898,Cropland,0.260763834007464,0.00662877738907846,0.853930164343694,0.058024475066724,0,0,9.74343137991916,180.13452303842
EG95_3,EG95,3,2010s,647500.2152539153,6127499.751259625,Cropland,0.589382966087693,0.257519385469157,0.571926087655423,0,0,0.0487093351048103,9.6789474140143,182.479697685472
EG96_3,EG96,3,2010s,647500.1581773825,6132499.777421652,Cropland,0,0,1,0,0,0,9.65497923580488,178.681618434998
EG97_3,EG97,3,2010s,647500.2075852172,6137499.741983493,Cropland,0.0792138164816748,0.00506504743220732,0.958402951239407,0.0365320013283853,0,0,9.56014295497242,187.850564318723
EG98_3,EG98,3,2010s,647500.1677108221,6142499.749803021,Urban,0.508871289884972,0.522205708746999,0.467245799542058,0,0.00791136878320752,0.00263712292773584,9.528933074521,188.341400825132
EG99_3,EG99,3,2010s,647500.2267514672,6147499.807189792,Cropland,0,0,1,0,0,0,9.59085758818853,182.091803212199
EH08_3,EH08,3,2010s,602500.1620083671,6092499.788471238,Cropland,0.327722201927672,0,0.803842213790129,0,0,0,9.86782705239255,189.773748263958
EH09_3,EH09,3,2010s,602500.1847436636,6097499.749779848,Cropland,0.633963583548367,0.106748857934855,0.563932721256158,0,0.13507992000097,0.0243546667533665,9.78308020690515,194.490367396294
EH13_3,EH13,3,2010s,607500.2490966875,6067499.876797193,Urban,0.516191236908612,0.102763003600077,0.0626384326968475,0.0182363192802933,0,0.0426206713096575,9.98677994935406,196.156901528493
EH14_3,EH14,3,2010s,607500.1881287517,6072499.820997513,Cropland,0.620363952845047,0.00873563898151805,0.440083961419117,0.0563659515133113,0,0.0220794670833222,9.95330806267442,195.020040118669
EH15_3,EH15,3,2010s,607500.1822916985,6077499.808419616,Cropland,0.553696883276683,0.0818535836854018,0.639165915864979,0.101969081732909,0,0.00227520222844888,9.90727677818757,193.662443216082
EH16_3,EH16,3,2010s,607500.1659957448,6082499.837500439,Cropland,0.482127484852406,0.0475930621952829,0.25863168550831,0,0,0,9.92585970013973,186.847488835204
EH17_3,EH17,3,2010s,607500.2047700058,6087499.798479977,Cropland,0.462531322594984,0.0708314550653617,0.14389546302156,0.0232383928732923,0.0121773346594183,0.0365320039782549,9.90225865154023,186.399580876076
EH23_3,EH23,3,2010s,612500.2034834018,6067499.887341654,Cropland,0.490004311419597,0.0859411485290573,0.150361015061152,0,0,0.02435466619266,9.9798199926645,195.32305625505
EH24_3,EH24,3,2010s,612500.212235677,6072499.811950394,Cropland,0.697354749542111,0.102443146690541,0.370613958751535,0.0487093323847827,0,0.0707887966330379,9.94804291459642,191.972287412019
EH25_3,EH25,3,2010s,612500.1963975141,6077499.778303541,Cropland,0.309961839691315,0.0122070157746049,0.821679044039117,0,0.0563659442857901,0.00227520193640718,9.89499162632905,189.141391832344
EH26_3,EH26,3,2010s,612500.2189002938,6082499.787972259,Cropland,0.347047190602224,0.0904784911463075,0.799811778543896,0.0662977581383868,0.016698054271352,0.0176310953951457,9.86433800362848,191.06453071374
EH27_3,EH27,3,2010s,612500.2170047599,6087499.728058776,Cropland,0.424968718992562,0.215781988066798,0.72553167569352806,0.0322371829171679,0,0.0248776604164883,9.83894478218365,192.346258796965
EH28_3,EH28,3,2010s,612500.1867045197,6092499.709788004,Cropland,0.645306708552564,0.211787252356327,0.429833419884497,0,0.00474080166685835,0,9.83250160854458,189.987957225424
EH37_3,EH37,3,2010s,617500.189780661,6087499.7680580225,Cropland,0.608278216129786,0.0386035783229169,0.254082801222063,0.0550404836714163,0.00169156024278035,0.0897930250333998,9.85935218269532,182.761843099924
EH38_3,EH38,3,2010s,617500.2326236423,6092499.741423128,Cropland,0.807946078555667,0.153967846556337,0.278727124153682,0.0910875252934011,0.118872647245692,0.131855246263938,9.8260046198829,186.05571563522
EH39_3,EH39,3,2010s,617500.2301707517,6097499.75643296,Cropland,0.737648036307314,0.0599666161503862,0.304209243006931,0.0562420817387967,0.286341163095132,0.00866545512207342,9.81564429973314,188.742542003954
EH49_3,EH49,3,2010s,622500.2536596373,6097499.68413302,Cropland,0.469626519912561,0.0487093359827797,0.183023034009336,0.0655312586162103,0,0.00259182468252216,9.84977596842382,181.157765166174
EH54_3,EH54,3,2010s,627500.2315571259,6072499.726827907,Cropland,0.48662771284015,0,0.352107469806951,0,0,0,9.98107304847606,188.001329398538
EH64_3,EH64,3,2010s,632500.2489600373,6072499.714002534,Cropland,0.176728565310446,0,0.90434544814993,0,0,0,9.97717547616228,188.472977443338
EH66_3,EH66,3,2010s,632500.2653655324,6082499.7089617625,Cropland,0.526178156245793,0.0344530124061441,0.649307591872794,0,0,0.00729280968671365,9.90314727110308,188.442093085804
EH67_3,EH67,3,2010s,632500.240557838,6087499.660661096,Cropland,0.328395599532025,0,0.800877850515534,0.0031439271919197,0,0.0129038751070604,9.86366503687734,187.250047761214
EH73_3,EH73,3,2010s,637500.2350246185,6067499.714042777,Cropland,0.603914583816473,0,0.35084876756257,0,0.121939868220166,0,9.98498793390338,190.702222306697
EH74_3,EH74,3,2010s,637500.223421336,6072499.668808251,Cropland,0,0,1,0,0,0,9.96572560181432,188.59294828066
EH75_3,EH75,3,2010s,637500.2391012611,6077499.669303549,Cropland,0.588368747361187,0.420301092929769,0.478544072664469,0.0730639961861982,0.00307000786641176,0,9.93583243926708,187.994271960687
EH76_3,EH76,3,2010s,637500.2196151961,6082499.602278083,Cropland,0.137068550538948,0.0667922149037228,0.926512505430718,0,0.00669527966555884,0,9.88469319887513,188.615678844968
EH77_3,EH77,3,2010s,637500.2241880391,6087499.580903596,Cropland,0.099749335915228,0,0.948103449182188,2.16467151003309e-5,0,0.02435466539519,9.86390435191888,185.35372147764
EH78_3,EH78,3,2010s,637500.2511288846,6092499.605141959,Cropland,0.362250898712387,0,0.197270758041802,1.44894524303316e-4,0,0,9.86262888519465,183.900459181092
EH83_3,EH83,3,2010s,642500.2303255753,6067499.715175096,Cropland,0.397304609293751,0,0.760553620377065,0.130589115990955,0,0,9.99368203457814,190.026709671176
EH84_3,EH84,3,2010s,642500.2311327682,6072499.703858004,Cropland,0,0,1,0,0,0,9.95767770113338,188.792571841893
EH85_3,EH85,3,2010s,642500.2474008938,6077499.627137704,Cropland,0.00913113489371908,0,0.995413395613341,0,0.00458660438665937,0,9.92939171228423,188.785959784754
EH86_3,EH86,3,2010s,642500.2097630593,6082499.594188381,Cropland,0.094701925284201,0,0.950603027796991,0,0.0100027753738943,0.0393941968291142,9.87453210151769,188.845852303357
EH87_3,EH87,3,2010s,642500.2449209422,6087499.609035659,Cropland,0.106797636605883,0,0.943770898697276,0,0.0318744327097491,0.0243546685929749,9.8332807940306,188.575415289811
EH88_3,EH88,3,2010s,642500.2264585433,6092499.556320992,Cropland,0.471493704448088,0,0.29183528206963,0,0,0,9.84528011314976,184.852413247714
EH92_3,EH92,3,2010s,647500.1957499915,6062499.687774925,Pasture,0.573048767318859,0,0.138928277269242,0.152133481857545,0,0,10.0110671032927,191.669266678264
EH93_3,EH93,3,2010s,647500.2119518482,6067499.673581073,Cropland,0.215695196991369,0,0.874874869066188,0.125125130933812,0,0,9.99160029842136,190.797622254153
EH94_3,EH94,3,2010s,647500.2300924656,6072499.59413029,Cropland,0.120735368544275,0,0.935467927324002,0,0.0645320726759977,0,9.94280066612764,191.631983462123
EH95_3,EH95,3,2010s,647500.2412025952,6077499.671872045,Cropland,0.151901039417463,0.0243546675523583,0.919279385014293,0,0.0487093351047165,0.00765661232863248,9.89970362591242,190.696789851326
EH96_3,EH96,3,2010s,647500.2545091603,6082499.573025044,Cropland,0.265183000865015,0.0243546675536858,0.852213467064514,0,0.0487093351073717,0.0747225302744287,9.85746417821186,189.546053434684
EH97_3,EH97,3,2010s,647500.2573792844,6087499.631286464,Cropland,0.426246977263952,0.00527424585635033,0.743814280025817,0,0.0808871462295312,0.00633114718473447,9.83814022008919,187.042211141235
FE00_3,FE00,3,2010s,652500.2204548502,6202499.884181068,Forest,0.474911531802431,0,0,0,0.0456181949050988,0.0221241027304948,9.62244646196089,166.263620010351
FE10_3,FE10,3,2010s,657500.2140283118,6202499.844869955,Forest,0.741721788473613,0.0243546700567616,0.0501961931275207,0.0243546700567616,0.365813817647106,0.241856415413755,9.59427396844493,170.94736213541
FE20_3,FE20,3,2010s,662500.2220386828,6202499.902415118,Cropland,0.809734454503031,0.0436853149213353,0.235781053882442,0.16439398998012,0.20320275654503,0.0844581306491605,9.6126513499979,166.91161981294
FE30_3,FE30,3,2010s,667500.2691536737,6202499.833699634,Forest,0.759710592135317,0.129080765706828,0.0437623728687431,0.0574627613712673,0.328923338893921,0,9.63814212653771,166.070398981886
FE40_3,FE40,3,2010s,672500.3008507392,6202499.858164246,Forest,0.691422650097674,0.0854692974662194,0,0.0532749468371003,0.239468891841426,0.0705905183603456,9.63658902240941,171.364101586383
FE60_3,FE60,3,2010s,682500.2713181422,6202499.84461653,Forest,0.701991164111071,0.0680465014655873,0,0.0611146376968231,0.31169932142183,0.061114637696802,9.63369993855826,179.133208527374
FE61_3,FE61,3,2010s,682500.341989624,6207499.920597611,Pasture,0.777394264759256,0.115393364931007,0.297454851772076,0.300170296608898,0.0808069473061565,0.0606587113209997,9.64047007345028,177.104127257007
FE71_3,FE71,3,2010s,687500.2984424902,6207499.905692995,Urban,0.759042171258914,0.32561603896022,0.0678651825518521,0.146127991305803,0.13905019313951,0.010698450756363,9.62074452745786,181.35581340231
FE72_3,FE72,3,2010s,687500.363131253,6212499.947936701,Forest,0.620317647711532,0.148571226261876,0,0.0182659989133158,0.510906774575851,0.0126310843328011,9.62616165237519,180.559100816016
FE80_3,FE80,3,2010s,692500.3264155694,6202499.858064589,Urban,0.75428372037509706,0.39019904153263,0.128239909522724,0.0243546698028,0.0487093396056001,0.143369921097903,9.61405663120285,183.216906887793
FE81_3,FE81,3,2010s,692500.373541418,6207499.882120019,Urban,0.503189584102749,0.165328691579559,0,0,0.0740891397232811,0.0847026700434278,9.64819100252065,178.20075091172
FE82_3,FE82,3,2010s,692500.3463343331,6212499.956222788,Forest,0.715755579221592,0.0322689287240822,0.162208395456285,0.0773239030897721,0.415840935321912,0.0353377115613348,9.61492450100789,183.763289269812
FE83_3,FE83,3,2010s,692500.3720132804,6217499.974638728,Urban,0.695323479857035,0.419182086619181,0.086386288335161,0.0145785806629672,0.184436430857785,0,9.57462337258366,187.077041799331
FE90_3,FE90,3,2010s,697500.3555868408,6202499.883863147,Cropland,0.62552306808887,0.22693494190473,0.551308292327443,0.110279887212426,0,0.0705539540057707,9.61450147282864,186.525987055938
FE91_3,FE91,3,2010s,697500.3965691917,6207499.840916168,Cropland,0.716551238858852,0.085013368447616,0.251171772198653,0.108912108295635,0.0315283929703373,0.0837574416075151,9.64531036097346,185.332765059411
FE92_3,FE92,3,2010s,697500.4091896428,6212499.850916306,Cropland,0.587803462343508,0.394014899804804,0.502808329981306,0.0036543646936484,0.0166786176661038,0.0271127634829267,9.53738073452494,192.236438920132
FE93_3,FE93,3,2010s,697500.3909917022,6217499.9137929315,Cropland,0.375986719302914,0.100150702632856,0.778054892325176,0.00186182992058493,0.0477084326843128,0.0722241424370695,9.59565432992843,184.779900529282
FE94_3,FE94,3,2010s,697500.4689643438,6222499.923962992,Forest,0.65400476194457,0.138452863840333,0.0304448631873124,0,0.256563850885155,0.0617265214909645,9.62110034904101,188.68495741399
FF00_3,FF00,3,2010s,652500.2143912867,6152499.7862611525,Cropland,0.173081724242931,0,0.905672471119299,0,0.0699728618947053,0.0243546669859958,9.53786995643414,179.709026425396
FF01_3,FF01,3,2010s,652500.2248090926,6157499.774261067,Cropland,0.456984190815863,0.135579510454709,0.707003452618235,0,0.157417036927057,0,9.44327442900642,182.893351746103
FF02_3,FF02,3,2010s,652500.2492441322,6162499.809702141,Cropland,0.188327962128362,0.0341675169264947,0.898000054183392,0,0.00391702994968477,0.0639153989404284,9.49164869907727,176.968392378903
FF03_3,FF03,3,2010s,652500.2266870057,6167499.7790860785,Forest,0.663807352764815,0.0920532087101665,0.299362148882883,0,0.466947668995627,0.141636973411323,9.38513258594399,187.121146180307
FF04_3,FF04,3,2010s,652500.2144126588,6172499.795813887,Cropland,0.683316455876617,0.20160912200363101,0.455119168384294,0,0.251127287403092,0.0730640009556688,9.5205790769906,170.44545307512
FF05_3,FF05,3,2010s,652500.2143685349,6177499.748581729,Cropland,0.209193464501214,0.118682195866239,0.88131780413376,0,0,0,9.60387389200908,166.67985857898
FF06_3,FF06,3,2010s,652500.2168219197,6182499.859854026,Cropland,0.219982701528866,0.0834501155876807,0.878406785424106,0,0,0.0381430989882132,9.60748643870552,173.533129708526
FF07_3,FF07,3,2010s,652500.231527698,6187499.795811617,Cropland,0.687763371883343,0.0930900162498039,0.460689239664766,0.0260957972633293,0.1852958828477,0.234829063974401,9.49764852995764,176.565002335153
FF08_3,FF08,3,2010s,652500.2487440347,6192499.778918769,Forest,0.530944113053451,0,0.0260637657898614,0.0104362032112843,0.178821981245808,0.140440503504727,9.50052312001094,177.094857423428
FF10_3,FF10,3,2010s,657500.2143405195,6152499.777359325,Cropland,0.624796391512124,0.12255654792727,0.554654243788524,0,0.176323341580933,0.146465866703273,9.49400566339891,182.205414253069
FF11_3,FF11,3,2010s,657500.2348184625,6157499.726247546,Cropland,0.575727764857286,0.121773350284431,0.608565385551918,0,0.171797232656507,0.0978640315071435,9.4922423658248,180.922285210456
FF12_3,FF12,3,2010s,657500.2533010718,6162499.722690075,Forest,0.685963261752205,0.0205566038484113,0.363717252961874,0.109596015251831,0.381370724545759,0.124759403392124,9.49800772794148,178.955896769963
FF13_3,FF13,3,2010s,657500.2678361252,6167499.766637617,Cropland,0.620649597484096,0.187260019721559,0.532574736688809,0,0.243528152178713,0.036637091410918,9.38321940160075,183.620150788532
FF14_3,FF14,3,2010s,657500.2804860991,6172499.746787113,Cropland,0.185383083811653,0.0411708093424163,0.900658196496836,0,0.0338163241053088,0.0243546700554393,9.58247997073338,171.43072048654
FF15_3,FF15,3,2010s,657500.2224905242,6177499.772069843,Cropland,0.118509428129111,0.0632560407567792,0.936743959243221,0,0,0,9.61022884250023,174.716974851693
FF16_3,FF16,3,2010s,657500.2175718555,6182499.846975895,Cropland,0.126278910247113,0.045287746150286,0.933129077817022,0.0215831760326918,0,0,9.68033713361057,168.9089587001
FF17_3,FF17,3,2010s,657500.2675925975,6187499.860202954,Cropland,0.40460723033788,0.156391259425189,0.751858032569757,0.0273219634812277,0,0.0644287445238263,9.56596659622131,178.751582083604
FF18_3,FF18,3,2010s,657500.2452246804,6192499.807152677,Forest,0.753336069581358,0.0494925377598347,0.184558354297467,0.017303851812117,0.357861718213894,0.143277407879755,9.5291677548846,171.065072085916
FF19_3,FF19,3,2010s,657500.2697239395,6197499.803575764,Pasture,0.493612632635547,0,0.00111850061078389,0.155920030315948,0.135745043774297,0.0268281528460174,9.64247604808421,169.790002998462
FF20_3,FF20,3,2010s,662500.2125909128,6152499.769090225,Cropland,0.577803520698294,0.0235714676927986,0.609329145621326,0.072489986900848,0.176516941223559,0.118092458561469,9.48332723523914,181.967686363979
FF21_3,FF21,3,2010s,662500.2406863412,6157499.799661659,Cropland,0.538011556767636,0.146127991091284,0.647241265681788,0,0.0897938068487847,0.116836936378143,9.48423153519077,183.432999261339
FF22_3,FF22,3,2010s,662500.2548913385,6162499.766637423,Cropland,0.667219050646603,0.030369448947172,0.449842658254354,0.0487093303620992,0.322095114206646,0.148983448229729,9.50355902582228,180.477230106528
FF23_3,FF23,3,2010s,662500.2491310743,6167499.781214133,Cropland,0.685587572058692,0.283891605941049,0.370554376040508,0,0.3084303332044,0.0371236848140429,9.39678443490878,183.389364670443
FF24_3,FF24,3,2010s,662500.2884650016,6172499.734430286,Cropland,0.577281721013831,0.0487093303611663,0.617393725096801,0.133950658493207,0.11318121244846,0.0867650736003654,9.55655396127572,175.271248177041
FF25_3,FF25,3,2010s,662500.2368262114,6177499.844051934,Cropland,0.409355472368159,0.0701393854703858,0.74872437113955,0.109595993318261,0,0.0715402500718037,9.63651252486472,174.62389947518
FF26_3,FF26,3,2010s,662500.2303838229,6182499.780956389,Cropland,0.621011092782405,0.0487093303634068,0.566454240731063,0.194229201479667,0.0669753292496843,0.103507327022239,9.67368892065525,174.160971616992
FF27_3,FF27,3,2010s,662500.2586700729,6187499.767595499,Cropland,0.586128965230528,0.121773325906189,0.60089516555719,0.0111273481183136,0.0478440545125935,0.181984929224016,9.46817804378507,182.014791133391
FF28_3,FF28,3,2010s,662500.2569147471,6192499.801572185,Cropland,0.35845952417638,0.0904295013918309,0.791019840412394,0.012264736204222,0.0313086073143463,0.0749773146772068,9.55890256000939,170.208660025381
FF29_3,FF29,3,2010s,662500.2231507814,6197499.882831992,Cropland,0.659388185458258,0.188040745975764,0.461841933877821,0.27116138844834,0.0471429353845049,0.0318129963135702,9.55994916056624,175.369293530889
FF30_3,FF30,3,2010s,667500.2250742009,6152499.760797058,Cropland,0.523047652185961,0.0475613208062337,0.658327121423404,0,0.0974186765584094,0.177280674223144,9.46278627860769,184.596499497913
FF31_3,FF31,3,2010s,667500.2664735457,6157499.77134995,Cropland,0.289745279214861,0,0.835885227403988,0,0.0136396398443906,0.0798843302781796,9.45328424661059,184.344524746825
FF32_3,FF32,3,2010s,667500.2781001843,6162499.71839387,Cropland,0.279264681994755,0,0.837250957273748,0,0.0243546691391772,0.138394373587075,9.47825674359059,183.825080256309
FF33_3,FF33,3,2010s,667500.2537457212,6167499.713120071,Cropland,0.533496960609672,0,0.598442072196275,0,0.0829958137386373,0.318562114065088,9.32683785888731,193.243782709259
FF34_3,FF34,3,2010s,667500.2543204613,6172499.757887186,Cropland,0.0197294094572787,0.00281551146001978,0.990056490856438,0,0,0.00712799768354248,9.50401218352827,179.986043210448
FF35_3,FF35,3,2010s,667500.2819172617,6177499.741394598,Cropland,0.698165238963618,0.256886959033284,0.333382732257404,0.0487093382797133,0,0.011455560756814,9.59019528982706,180.483200371194
FF36_3,FF36,3,2010s,667500.2673523247,6182499.7724213265,Cropland,0.455097425562485,0.0450015047506247,0.715983510142171,0.0136396398452237,0,0.0128991083602689,9.56688668064277,182.163101859953
FF37_3,FF37,3,2010s,667500.2713154595,6187499.853328593,Cropland,0.663575200051708,0.048709338278401,0.261554376953398,0.0206468356104918,0.0412936712209838,0.127622566798439,9.64031014491941,169.902326375608
FF38_3,FF38,3,2010s,667500.2333278777,6192499.870393818,Cropland,0.284055051421538,0.0231022996349746,0.838778033442693,0,0.103148847444253,0,9.49623200269175,178.93893575661
FF39_3,FF39,3,2010s,667500.2764708342,6197499.828398651,Forest,0.733976576943872,0.097212847126072,0.14422949993295,0.0433905829183577,0.209754017799433,0.0243546691387067,9.55716335528181,168.449860018985
FF40_3,FF40,3,2010s,672500.2677202892,6152499.75185617,Cropland,0.533240966331637,0.146128001682505,0.643221566303182,0,0,0.174190501823793,9.49465143352069,182.412918225762
FF41_3,FF41,3,2010s,672500.2610297143,6157499.749462805,Cropland,0.438320860565923,0.146128001685095,0.727452782284155,0,0.103642654067128,0.00311149189668952,9.37677774149502,191.732071813445
FF42_3,FF42,3,2010s,672500.2674698508,6162499.797357992,Cropland,0.238384609631039,0.073064000840074,0.867907706574163,0,0.0547241180955552,0.00430417449020726,9.44757653345886,184.731179144961
FF43_3,FF43,3,2010s,672500.289242156,6167499.784242888,Cropland,0.32624452470588,0.103642654069577,0.812049034863681,0,0.0464023828716444,0.037905928195098,9.39742865710907,180.879176425328
FF44_3,FF44,3,2010s,672500.2569006486,6172499.818821288,Cropland,0.388578873251807,0.149407472784687,0.76604629661737,0.0015237455785728,0.0305786532224059,0.0337718729681657,9.49777147867236,176.684471782974
FF45_3,FF45,3,2010s,672500.298489102,6177499.7947630705,Urban,0.768307038387347,0.227036030991913,0.0943711766220135,0.0471855883108689,0.116090626618912,0.0592441582240895,9.57574190011531,178.546960298747
FF46_3,FF46,3,2010s,672500.2817369283,6182499.818284865,Cropland,0.678255913076136,0.0589305535284826,0.34016376212652,0,0.0213873738906953,0,9.63210255879135,174.633053774735
FF50_3,FF50,3,2010s,677500.2932886138,6152499.739124405,Cropland,0.622487146502361,0.0719159844467517,0.540675168296831,0,0.143862174483463,0.243546672772954,9.41262588497103,192.980361888571
FF51_3,FF51,3,2010s,677500.3033863106,6157499.735752224,Cropland,0.656149055907559,0.0262834216343234,0.434521385245565,0,0.334289758412623,0.204905434707489,9.23846916168997,200.447082910765
FF52_3,FF52,3,2010s,677500.247585791,6162499.780240425,Cropland,0.304293347880638,0.0666709998345797,0.827891447274757,0,0.0588998551589929,0.0465376977316703,9.28792324863844,194.561420718682
FF53_3,FF53,3,2010s,677500.2543300018,6167499.7663993435,Cropland,0.27851193338268,0.137856232850226,0.837789099871457,0,0.0243546672783165,0,9.41802903050451,184.520664367745
FF54_3,FF54,3,2010s,677500.2538217055,6172499.802859116,Forest,0.745497431982229,0.0663888840022256,0.316323432840711,0,0.318343628655386,0.0207887694703087,9.52764357401176,181.71572104491
FF55_3,FF55,3,2010s,677500.2483948858,6177499.778318752,Cropland,0.661031122320362,0.0593629225894036,0.120278705271956,0,0.0543920427506781,0.118844608741422,9.59950157500462,180.42279639608
FF56_3,FF56,3,2010s,677500.2940670673,6182499.80652333,Cropland,0.641981884195104,0.13343810794051,0.140716311337144,0,0,0.0427747483608142,9.63595895998206,180.687946780677
FF57_3,FF57,3,2010s,677500.2630915587,6187499.882293927,Grass/Shrubland,0.386019923667604,0,0.0720097847714595,0,0,0.090905282561252,9.65412266554242,177.28596382166
FF60_3,FF60,3,2010s,682500.2545312074,6152499.719203852,Cropland,0.540321881476869,0.0730640094245846,0.63363490458394,0,0.21677120051172,0.0765298854797553,9.41464785321397,189.496013095762
FF61_3,FF61,3,2010s,682500.2832841513,6157499.724413432,Forest,0.585481367391729,0.0606908579918182,0.177168731939608,0,0.592011289749736,0.170129120318838,9.23658781681112,192.89467039454
FF62_3,FF62,3,2010s,682500.2931610722,6162499.780151567,Forest,0.669300480220988,0.0979293442589732,0.290484177033574,0,0.463446808511319,0.148139670196134,9.26231449648303,184.395237382599
FF63_3,FF63,3,2010s,682500.286603715,6167499.775118978,Cropland,0.350295838170888,0.0622715104593538,0.796975898717622,0,0.0852413443319673,0.0555112464910565,9.35508480036914,186.134199505304
FF64_3,FF64,3,2010s,682500.2567777862,6172499.820493967,Cropland,0.467281502777987,0.0622154389457084,0.712942590401731,0,0.0651070681697127,0.0814720789798402,9.49999106123199,178.678789529708
FF65_3,FF65,3,2010s,682500.2689476068,6177499.807606941,Cropland,0.284691302371382,0.147752535905638,0.832654464235833,0,0.011455561070644,0.00428098779949564,9.5653183750531,183.544463970074
FF66_3,FF66,3,2010s,682500.253306334,6182499.845007382,Cropland,0.380343981336255,0.0506842006709229,0.776829567923966,0,0.0616084483310649,0.098336505513155,9.52186652064954,190.553636096786
FF67_3,FF67,3,2010s,682500.2749867147,6187499.824026549,Cropland,0.617617893402903,0.0752925027160287,0.569947170872602,0.03131919172387,0.0504422776425874,0.0243546698076946,9.53007612579353,186.313298028177
FF69_3,FF69,3,2010s,682500.286269831,6197499.823893157,Forest,0.561067108767753,0.0499460809967053,0.00173293802699568,0.00746244409447807,0.10798480571969,0.0730640094213195,9.63825083010197,182.486392010184
FF70_3,FF70,3,2010s,687500.2937067151,6152499.696531474,Cropland,0.6790052171315,0.142784970251729,0.397370919950574,0,0.365891324328616,0.0939527854690808,9.44456535582902,187.030838909672
FF71_3,FF71,3,2010s,687500.2797492278,6157499.717192857,Cropland,0.62596063200166,0.14382104493962,0.454279109730966,0,0.382916434219655,0.0189834111097596,9.35952480990686,183.897870551591
FF72_3,FF72,3,2010s,687500.2940864991,6162499.791177767,Cropland,0.327758587782306,0.172651048577118,0.801088907510674,0,0,0.0262600439122085,9.44656900489203,176.121230450898
FF73_3,FF73,3,2010s,687500.276108928,6167499.804490101,Cropland,0.582068516821813,0.331941861787752,0.539459522175771,0,0,0.128598616036477,9.49658029489556,177.695054433259
FF74_3,FF74,3,2010s,687500.2865121333,6172499.759767374,Cropland,0.758769518837771,0.211897048000624,0.346300118233317,0.0182659989125634,7.29804189609936e-4,0.0931368311715115,9.6210617842279,174.652649104794
FF75_3,FF75,3,2010s,687500.3181023151,6177499.768186162,Cropland,0.615322696653248,0.105725957559608,0.17673940233685,0,0.0109349633556226,0.0558839023550284,9.63806025752428,177.642020549675
FF76_3,FF76,3,2010s,687500.3057092606,6182499.826981119,Cropland,0.616312343988369,0.120249597002278,0.577776121544085,0.0586611934102015,0,0.149728358497245,9.60220278251687,179.983000699587
FF77_3,FF77,3,2010s,687500.3145880764,6187499.827555462,Cropland,0.375541958103702,0.186392043633824,0.766404522913549,0.00222546962717741,0.0226217275169095,0.00735578283882452,9.57782685249135,178.715118317251
FF78_3,FF78,3,2010s,687500.2749215045,6192499.878377509,Urban,0.779965406284791,0.296210255127591,0.269631869083913,0.0609375432782354,0.0750436673822929,0.0974186608756854,9.59364077586013,185.312920647366
FF79_3,FF79,3,2010s,687500.3143556966,6197499.873560948,Forest,0.783746262699433,0,0.0713310579507381,0.0974145493248865,0.295787821263412,0.146127991302276,9.63378081949442,180.4102838317
FF80_3,FF80,3,2010s,692500.3003915065,6152499.665078906,Cropland,0.631031365705011,0.33039504907238,0.480868711910555,0,0.0210116481178673,0.167724590899197,9.47602427919398,186.87830495476
FF81_3,FF81,3,2010s,692500.3087101678,6157499.713388103,Cropland,0.314202347967894,0.0691469789922971,0.817401420098812,0,0.113451600908891,0,9.42706566514568,185.084937520908
FF82_3,FF82,3,2010s,692500.3342172247,6162499.7039436465,Cropland,0.186379525899114,0.0780061701231071,0.897639160074989,0,0,0.0243546698019038,9.45556722563902,184.951395903102
FF83_3,FF83,3,2010s,692500.3066476895,6167499.745143122,Cropland,0.49965196886135,0.387189478766093,0.588455851430578,0.0243546698033287,0,0,9.42804019725057,192.588460066604
FF84_3,FF84,3,2010s,692500.2915752039,6172499.7284601815,Urban,0.72346695311663,0.408164873202991,0.0984438095195357,0,0.0510270267895139,0.061399239660366,9.57800299433299,183.416212736356
FF86_3,FF86,3,2010s,692500.3421648205,6182499.746437445,Urban,0.701843608350302,0.236638364608691,0.132521085981285,0,0.048709339604453,0.0481883739537024,9.64025330444452,182.896459497283
FF87_3,FF87,3,2010s,692500.3401528873,6187499.778193614,Cropland,0.701105712383864,0.118180598204674,0.325678352037562,0,0,0.0502554355654736,9.63311830388067,181.993768238078
FF88_3,FF88,3,2010s,692500.3360075087,6192499.8630453255,Urban,0.658589778193461,0.433893017257467,0.179637504752979,0.020625503518921,0,0.020625503518921,9.61819573571954,183.817256132626
FF89_3,FF89,3,2010s,692500.3322349075,6197499.889691258,Cropland,0.652332384438865,0.263410328638342,0.488141988323825,0.05852717332715,0,0.00372916627434323,9.61440280808201,185.710441842534
FF90_3,FF90,3,2010s,697500.3486702319,6152499.738025841,Cropland,0.522495377196795,0.28571905631843,0.626513547504483,0.0307853086426554,0.035957990596092,0.0210240969383397,9.55925275128294,181.521720003193
FF91_3,FF91,3,2010s,697500.3229910781,6157499.709487912,Cropland,0.28229349302389,0.170070835650961,0.829929164349039,0,0,0,9.53311379920124,182.575864744686
FF92_3,FF92,3,2010s,697500.293774317,6162499.734567302,Cropland,0.311841883640114,0.193276903086933,0.806723096913067,0,0,0,9.44869987122571,190.538842904182
FF93_3,FF93,3,2010s,697500.3265644838,6167499.704813483,Cropland,0.673820297120779,0.380232016914257,0.391548539433838,0.00352283220081405,0,0.112565690426249,9.37419112054788,195.068428580374
FF94_3,FF94,3,2010s,697500.3508075213,6172499.728548656,Urban,0.575257380987699,0.523081635735433,0.382085015575637,0.00723775799043886,0,0.0163813672393039,9.46813048998374,189.231853718057
FF95_3,FF95,3,2010s,697500.3012456638,6177499.8028586125,Cropland,0.228278609437207,0.0730639985259607,0.874360011557173,0,0,0.0105479899701418,9.58752809929072,189.019977627614
FF96_3,FF96,3,2010s,697500.3061860544,6182499.82213949,Cropland,0.620853797699072,0.413067541602649,0.446832266194481,0.0551746877006913,0,0.0292391900455481,9.59876566857894,189.621648500243
FF97_3,FF97,3,2010s,697500.3003211509,6187499.7834761925,Urban,0.554517014553176,0.541632773379645,0.387368984860652,0.0234893902886591,0.026406082920796,0.0211027685502483,9.56106822013459,192.894053499287
FF98_3,FF98,3,2010s,697500.3387565847,6192499.800885114,Cropland,0.551010643167484,0.357292451858975,0.563264301254963,0.0130426089601156,0.00512231004513898,0.0612783278808079,9.55070331879595,191.670569529676
FF99_3,FF99,3,2010s,697500.3563003049,6197499.871448284,Cropland,0.177378804526332,0.0297954415020014,0.904950902696624,0,0.0143474535923095,0.0509062022090648,9.58183046880999,187.879700468786
FG04_3,FG04,3,2010s,652500.2116871931,6122499.731481395,Cropland,0.215115353147785,0.00643561085110943,0.881878142790989,0,0.0346622093655102,0,9.72838646334842,179.733711057553
FG05_3,FG05,3,2010s,652500.2171045082,6127499.660736048,Cropland,0.037493793558679,0.0191121718938393,0.980887828106161,0,0,0,9.64208522363641,182.345766539917
FG06_3,FG06,3,2010s,652500.1805834217,6132499.7467744155,Cropland,0.144349177383784,0.078306496009117793,0.921693503990882,0,0,0,9.55905575097417,186.030624909052
FG07_3,FG07,3,2010s,652500.1714465149,6137499.7692362005,Cropland,0.112646631166715,0.0342109154253723,0.94110022364869,0.00126626182857985,0.022156337268813,0.00126626182854456,9.51332512294313,183.881819439009
FG08_3,FG08,3,2010s,652500.1877744175,6142499.728074739,Forest,0.644878025365697,0.315255148376248,0.190330604706593,0.00482240491437413,0.463051892967741,0.0265399490350429,9.39578058960708,186.930469554099
FG09_3,FG09,3,2010s,652500.2237905464,6147499.734495867,Cropland,0,0,1,0,0,0,9.56036754019426,179.001365833919
FG14_3,FG14,3,2010s,657500.2100665862,6122499.639163951,Cropland,0.554698864676712,0.0385341457535468,0.633298148531402,0,0.170106962126191,0.0239789417926912,9.6733027279542,185.175070622216
FG15_3,FG15,3,2010s,657500.1898129255,6127499.635449556,Cropland,0.219861946394272,0,0.877475193195518,0,0.0977944084866788,0.0247303983178032,9.61341896649481,183.524777666591
FG16_3,FG16,3,2010s,657500.1792098745,6132499.679580689,Cropland,0.0926734806000751,0,0.95129065988558,0,0,0.0487093401144198,9.51250155867058,185.192943143578
FG17_3,FG17,3,2010s,657500.1763130119,6137499.771510345,Cropland,0.381170323306365,0.0198636016292657,0.752843230646094,0,0.227293167724641,0,9.43927649816143,187.6366531414
FG18_3,FG18,3,2010s,657500.1871278463,6142499.68869132,Forest,0.27291281984297,0.0243546700574631,0.115398437402951,5.87398234190885e-4,0.84418036169764,0.0149968633732765,9.34984203609751,187.219419117784
FG19_3,FG19,3,2010s,657500.1978004752,6147499.764823828,Cropland,0.584925952698816,0.0259210653463235,0.481877715322788,0,0.419697815006531,0.0714192782685855,9.40639852004666,189.151774737298
FG24_3,FG24,3,2010s,662500.1893252225,6122499.713272569,Cropland,0.039950034095419,0,0.979716386759638,0,0,0.0103075416169578,9.68653098771155,182.262095663286
FG25_3,FG25,3,2010s,662500.212405978,6127499.6770139495,Cropland,0,0,1,0,0,0,9.61422629976393,183.71694378976
FG26_3,FG26,3,2010s,662500.2293112001,6132499.688712805,Cropland,0.393173004982524,0.0243546651819843,0.750783270437765,0,0.205374165700483,0.0194878986797675,9.48080399623516,186.754319805194
FG27_3,FG27,3,2010s,662500.2380894625,6137499.748319519,Cropland,0.737112562487362,0.0471429353841205,0.379840883747022,0,0.242192846358453,0.126640092391732,9.5254408904023,177.274321976238
FG28_3,FG28,3,2010s,662500.2408897995,6142499.744536591,Forest,0.6659129004281,0.121773325911754,0.146476241736372,0.0420332659525251,0.529377946854576,0.0579620528832633,9.43827374654828,180.795717135883
FG29_3,FG29,3,2010s,662500.2357788663,6147499.677311915,Urban,0.768204667806595,0.290689587186045,0.244480768377119,0.0188400075262818,0.21316049058369901,0.0353572015374499,9.46322448643528,177.96119843853
FG33_3,FG33,3,2010s,667500.2205645419,6117499.620359663,Cropland,0.597255799273222,0.0730640074218128,0.16307516427317,0,0.097418676562417,0,9.72189475534362,184.072449847905
FG34_3,FG34,3,2010s,667500.2407739353,6122499.62178409,Cropland,0.0791770078794902,0,0.958706328777198,0,0.0309702534171015,0.0103234178057005,9.67586814056376,183.718905508116
FG35_3,FG35,3,2010s,667500.2410699656,6127499.67131439,Cropland,0,0,1,0,0,0,9.6100207200196,185.212293414789
FG36_3,FG36,3,2010s,667500.223709299,6132499.657654755,Cropland,0.546347812462255,0.064489406599915,0.585573336871417,0,0.325582587388322,0.024354669140347,9.51962610266791,183.072403463017
FG37_3,FG37,3,2010s,667500.2459156871,6137499.694400441,Cropland,0.69631206400163,0.0911619432520912,0.462662410877703,0,0.245489071662082,0.121773345695876,9.5495416357385,182.450631413106
FG38_3,FG38,3,2010s,667500.246432031,6142499.6678515,Cropland,0.404575463260374,0,0.747270260860365,0,0.176741121169728,0.0759886179699073,9.45941159465977,184.647968210959
FG39_3,FG39,3,2010s,667500.2190836334,6147499.6891986625,Cropland,0.214046248084285,0.0498573557457843,0.882552900715979,0,0.0675897435382364,0,9.4764650333792,181.67648691883701
FG43_3,FG43,3,2010s,672500.2258820928,6117499.596572478,Cropland,0.730431384975507,0.0663462883108209,0.211532563629861,0.0243546669479382,0.0974186677917526,0.0062239862783824,9.72452921470485,184.718176701647
FG44_3,FG44,3,2010s,672500.2404861517,6122499.693047497,Urban,0.709859369233351,0.366424538854502,0.35543008042141,0,0.127335084520094,0.00185391659671229,9.67797291693202,185.736080190638
FG45_3,FG45,3,2010s,672500.2238220301,6127499.726472702,Cropland,0.438484448033624,0.061720562942063,0.730994128927975,0,0.0730640008404279,0.134221307289534,9.62230735307004,183.88644075507
FG46_3,FG46,3,2010s,672500.2374023632,6132499.69926705,Cropland,0.240419887146332,0.139736129445605,0.860263870554395,0,0,0,9.60146966810398,182.43414067411
FG47_3,FG47,3,2010s,672500.2747216006,6137499.722619677,Cropland,0.574287420107935,0.113408934208404,0.612465743101679,0,0.127997321010429,0.146128001679489,9.50704328034394,190.868642846041
FG48_3,FG48,3,2010s,672500.2746404527,6142499.682758598,Cropland,0,0,1,0,0,0,9.53647252897937,181.26852302066
FG49_3,FG49,3,2010s,672500.2308515612,6147499.690869135,Cropland,0.0123704965435014,0.00622398627692615,0.993776013723074,0,0,0,9.45446177102909,187.286644561315
FG51_3,FG51,3,2010s,677500.2769194953,6107499.589955671,Cropland,0.671582177467584,0,0.445062221099898,0.184283291678693,0,0.0157483181061718,9.7296117563604,186.364622070337
FG52_3,FG52,3,2010s,677500.260739334,6112499.577837041,Cropland,0.565619431156723,0.0484674115586599,0.54065294671922,0.0224607410841237,0.00411531046516333,0.00411531046519879,9.7195174098064,185.40690689278
FG53_3,FG53,3,2010s,677500.2611837294,6117499.616630811,Cropland,0.724033316533137,0.0732137541540281,0.409930331553134,0,0.287151392580966,0.111434039549627,9.6824650085728,188.362547068874
FG54_3,FG54,3,2010s,677500.2760694259,6122499.706284379,Urban,0.650734722217459,0.515408525476156,0.217561102299247,0,0.147858396847159,0.119171975377438,9.59062922250614,194.04302887103
FG55_3,FG55,3,2010s,677500.2485989162,6127499.621722549,Urban,0.652173135854836,0.459615620726155,0.316368751604809,0,0.18750502443767,0.0365106032313657,9.46201785718048,197.886388516861
FG56_3,FG56,3,2010s,677500.2903632673,6132499.70169495,Forest,0.65979677645569,0.167088427657115,0.274512106388914,0.0365320009168184,0.48289166432418,0.0389758007129729,9.47794696365859,190.700602923898
FG57_3,FG57,3,2010s,677500.2811134357,6137499.718577848,Cropland,0.439921355155685,0.146128003660484,0.728589112504267,0,0.0668400154684299,0.0584428683668196,9.48118795523368,188.580179224108
FG58_3,FG58,3,2010s,677500.2822108439,6142499.674861006,Cropland,0,0,1,0,0,0,9.47619193999467,190.309603875121
FG59_3,FG59,3,2010s,677500.2869998979,6147499.681728301,Urban,0.523605411466034,0.579436045644996,0.371854619802882,0,0,0.0487093345521225,9.44853988870219,190.241741279325
FG60_3,FG60,3,2010s,682500.2334478453,6102499.59563694,Urban,0.751737177579144,0.332243122137582,0.291628280478415,0.0147767419463166,0.0812628736999919,0.00819886427558189,9.72911678760146,189.291831670047
FG61_3,FG61,3,2010s,682500.2429297345,6107499.64593825,Cropland,0.118529468718726,0.0157483197430496,0.935666691127998,0.0275350850424843,0,0,9.71399070300669,187.512336144205
FG62_3,FG62,3,2010s,682500.2601156291,6112499.636107586,Cropland,0.373545918498039,0.146369941865916,0.77419192044446,0.00290825221053945,0.00173293802800595,0.0747969474510791,9.6187371307291,195.434676092449
FG63_3,FG63,3,2010s,682500.2782719862,6117499.677322921,Cropland,0.341151746714846,0.146128018855242,0.796694171922566,0,0.00472888699283101,0.0524489222293612,9.58198102610684,194.113267281975
FG64_3,FG64,3,2010s,682500.2997839985,6122499.658293756,Cropland,0.3145767961234,0,0.813273751986978,0,0.036023511359091,0.150702736653931,9.447761294682,197.958297969957
FG65_3,FG65,3,2010s,682500.2543705795,6127499.687580657,Cropland,0.52414488840867,0.188990614033993,0.655931927090463,0.0606544484327515,0.0734514114780774,0.0209715989647152,9.40210724578622,192.526693086531
FG66_3,FG66,3,2010s,682500.2715598893,6132499.659124765,Cropland,0.608457591761087,0.0487093396176904,0.575200633509029,0.0489415656781061,0.175777946683677,0.151370514511497,9.49969531223937,184.430460471973
FG67_3,FG67,3,2010s,682500.2809808651,6137499.681488141,Cropland,0,0,1,0,0,0,9.51649202963889,184.80141792988
FG68_3,FG68,3,2010s,682500.2850436782,6142499.643376395,Cropland,0,0,1,0,0,0,9.47581137809359,187.920630064475
FG69_3,FG69,3,2010s,682500.2769601031,6147499.655967729,Cropland,0.273802235331757,0,0.841137474836428,0,0.13450785535661,0.024354669806962,9.46097616732856,187.629970199203
FG70_3,FG70,3,2010s,687500.2749447277,6102499.555240454,Cropland,0.693756800760727,0.243782750940715,0.466772903161581,0.106996586925497,0.0974186608690436,0.0850290981031634,9.63850603223676,194.69694284016
FG71_3,FG71,3,2010s,687500.2711367387,6107499.614428979,Cropland,0.32956353812132,0,0.80615604750265,0,0.126596460184269,0.0672474923130809,9.5132094171601,202.374747145084
FG72_3,FG72,3,2010s,687500.2596549657,6112499.613608101,Cropland,0.34439160181571,0.0243546652168798,0.796995547017865,0,0.113679559099512,0.0649702286657427,9.54331792571839,191.102399496167
FG73_3,FG73,3,2010s,687500.2973089004,6117499.666636524,Cropland,0.0475230310011083,0.0243546652184571,0.975645334781543,0,0,0,9.47903976039651,196.142952840369
FG74_3,FG74,3,2010s,687500.3227844504,6122499.659540088,Cropland,0.620847167719655,0.097418660865633,0.551907801618357,0,0.133062365442951,0.217611172073058,9.17104912745191,212.837629303025
FG75_3,FG75,3,2010s,687500.2656673533,6127499.700801892,Cropland,0.576150985262841,0.0243546652174375,0.477030841439521,0.00291619188737989,0.43861013871532,0.0570881627403415,9.15611103706993,200.497610259561
FG76_3,FG76,3,2010s,687500.3190664198,6132499.68719706,Cropland,0.522909910167234,0.21138968847319,0.648498278077861,0,0.101983918404843,0.0381281150441054,9.40334655659715,192.95167320912
FG77_3,FG77,3,2010s,687500.2854871633,6137499.721830154,Cropland,0.324817927322728,0.116885726850038,0.810050277498539,0,0.0730639956514234,0,9.45658333765485,192.855466812653
FG78_3,FG78,3,2010s,687500.294305089,6142499.698789443,Cropland,0.131264427482984,0,0.93065475360327,0,0.0449905811780632,0.0243546652186669,9.42780814805387,193.511341087055
FG79_3,FG79,3,2010s,687500.2751403373,6147499.7265565675,Cropland,0.446562720878419,0,0.663458372562529,0,0.336541627437471,0,9.45176515146263,187.883845296863
FG80_3,FG80,3,2010s,692500.2601699218,6102499.523256032,Cropland,0.51304842453347,0.0106224435081908,0.633259238774472,6.62732633134142e-4,0.266688347413339,0.0887672376708643,9.42565911193582,202.88691604178
FG81_3,FG81,3,2010s,692500.2449257197,6107499.60061101,Cropland,0.271980620511845,0.015748319739784,0.840889141008144,0,0.143362539252072,0,9.4775337162515,192.087649723236
FG82_3,FG82,3,2010s,692500.270379107,6112499.620822028,Cropland,0.569888634023282,0.0703059116884248,0.625601836743939,0,0.121773349009366,0.0569399613866409,9.6115782310854,183.557141322873
FG83_3,FG83,3,2010s,692500.2704610613,6117499.581073102,Cropland,0.725573572528382,0,0.361296299956449,0,0.173333964820509,0.196025973802813,9.57339971951343,183.814831262678
FG84_3,FG84,3,2010s,692500.3017700722,6122499.5952903135,Cropland,0.408688090103447,0,0.737117538874651,0,0.213343762868673,0.0495386982566762,9.23435201432393,195.278374634762
FG85_3,FG85,3,2010s,692500.2983532327,6127499.660655089,Cropland,0.499371261465327,0.146128018813817,0.66766324171153,0.00317247501423881,0.1828404928043,1.95771656113661e-4,9.32010936553062,182.638972567779
FG86_3,FG86,3,2010s,692500.3263061603,6132499.668636978,Cropland,0.548062087040598,0.165715908367624,0.635287789911583,0,0.0761978223940951,0.122798479326698,9.3932637742749,186.884493840439
FG87_3,FG87,3,2010s,692500.3198407196,6137499.6164119765,Cropland,0.457728836391,0.130955736139244,0.716568996905588,0,0.0798624050858238,0.072612861869344,9.45734854317189,187.16055942151
FG88_3,FG88,3,2010s,692500.3303715999,6142499.729143381,Cropland,0.447920038446476,0,0.688530166116537,0,0.27718334877879103,0.0342864851046721,9.41965275465436,191.824344478712
FG89_3,FG89,3,2010s,692500.3068019298,6147499.670310448,Cropland,0.515133875621921,0.148424053805882,0.661171269808636,0,0.156692200018952,0.0337124763665306,9.42107902775103,192.760442100226
FG90_3,FG90,3,2010s,697500.2684456746,6102499.501563041,Cropland,0.506670377933629,0.048709332348974,0.672655435648792,0,0.151644191659225,0.124456019156268,9.50190968005406,186.54353060525
FG91_3,FG91,3,2010s,697500.2484837822,6107499.495144536,Cropland,0.642164929723727,0,0.532773434563377,0,0.115956827306653,0.220517460621275,9.57598794560586,184.499234135542
FG92_3,FG92,3,2010s,697500.24892862665,6112499.542973782,Cropland,0.798046878406488,0.148886094350524,0.32057668519737,0.0528246426263794,0.131705144702263,0.0201639571523321,9.65454451251465,184.42406078767
FG93_3,FG93,3,2010s,697500.2722987161,6117499.533765045,Forest,0.614525312072006,0.0505791233772458,0.0437321695591445,0.0445940220600238,0.120416117893518,0.0289825545083283,9.66063311107819,184.73512726556
FG94_3,FG94,3,2010s,697500.3112419588,6122499.578683486,Cropland,0.414513964183684,0.0418359350112247,0.752626909693355,0,0.0701198410771379,0.107726206732737,9.54550463374082,181.701857126329
FG95_3,FG95,3,2010s,697500.3047563492,6127499.563608582,Cropland,0.455552980240556,0.170031536272772,0.713326956109082,0,0.0316324020604755,0.0362997732083955,9.44517277777357,184.645514403356
FG96_3,FG96,3,2010s,697500.3091473787,6132499.602535079,Cropland,0.456922755481443,0.110206856131722,0.716901471542062,0,0.0569747819669035,0.115916890359312,9.48727264356284,183.035183460745
FG97_3,FG97,3,2010s,697500.3219843409,6137499.695401272,Cropland,0.293336480657996,0.0346393471596466,0.833124623933891,0,0.0393083821732465,0.0929276467332162,9.5314626549284,183.065954558746
FG98_3,FG98,3,2010s,697500.3508036272,6142499.619688079,Cropland,0.626552022795943,0.235149009754386,0.493960535426132,0,0.270890454819482,0,9.49801265563788,185.527691555019
FG99_3,FG99,3,2010s,697500.3149968215,6147499.706177678,Cropland,0.679539699598498,0.323896852396074,0.364060671409918,0.0250977505011627,0.286944725692846,0,9.48913698446623,183.822258244227
FH01_3,FH01,3,2010s,652500.1476911665,6057499.672137209,Cropland,0.510967658322514,0.0653480233975744,0.186508077294093,0.0313014157300834,0,0,10.0203711792108,193.603589603683
FH02_3,FH02,3,2010s,652500.1450141938,6062499.66186962,Cropland,0.26337095369553,0.105134645483644,0.850659506268015,0.0442058482483412,0,0,9.99662077690842,192.852114990487
FH03_3,FH03,3,2010s,652500.1915353996,6067499.6998956185,Cropland,0,0,1,0,0,0,9.96319710282731,193.098148873744
FH04_3,FH04,3,2010s,652500.1604771961,6072499.670583969,Forest,0.497827462244917,0,0.467041406620711,0,0.532958593379289,0,9.87373016142643,196.04642972408
FH05_3,FH05,3,2010s,652500.1788386654,6077499.578235263,Cropland,0.162520386171028,0,0.910779511312926,0,0.0892204886870742,0,9.86561025005823,191.100102588775
FH06_3,FH06,3,2010s,652500.2371696586,6082499.645297011,Cropland,0.366669730243693,0,0.782790771785155,0,0.0743409862312263,0.0967098902428327,9.86359895123301,187.186893208912
FH07_3,FH07,3,2010s,652500.2166753336,6087499.533638527,Cropland,0.48955656815853,0.043435088236973,0.136257198948662,0,0,0.104184908585819,9.85945548379006,185.578092475772
FH08_3,FH08,3,2010s,652500.2325856738,6092499.581303407,Cropland,0.591482776386781,0,0.250245882601151,0,0,0,9.83839207938827,186.322432715756
FH11_3,FH11,3,2010s,657500.1262107163,6057499.645298414,Cropland,0.455262045919358,0,0.712559462860001,0.121350941099178,0.0188534007779117,0,10.0286607323663,195.050633439576
FH12_3,FH12,3,2010s,657500.1704044837,6062499.696315981,Cropland,0,0,1,0,0,0,9.97789559454561,195.34360519251
FH13_3,FH13,3,2010s,657500.1879686262,6067499.682293598,Cropland,0.135451321178986,0.073064010171891,0.926935989828109,0,0,0,9.91037899064534,196.585704983009
FH14_3,FH14,3,2010s,657500.1772087506,6072499.60318349,Cropland,0.109683939726761,0.02592106534838,0.942638002365456,0,0.0298745369944517,0,9.87195074669877,192.844480293551
FH15_3,FH15,3,2010s,657500.1967778043,6077499.572426094,Cropland,0.46442764874075,0.0243546700564369,0.671861505049834,0,0.288224377245656,0,9.85906158219655,190.195179608193
FH16_3,FH16,3,2010s,657500.1805786046,6082499.587730882,Cropland,0.571873297796166,0,0.263228737563789,0,0.105183138586028,0.0182972063358368,9.86680368999372,187.479822377004
FH18_3,FH18,3,2010s,657500.2338967368,6092499.540600677,Cropland,0.571913283776259,0,0.321603871512042,0,0,0,9.82914817470251,187.134920767114
FH21_3,FH21,3,2010s,662500.1301028883,6057499.666921422,Cropland,0.65372400140441,0,0.42049089649402,0.048282882120656,0.0176786007696942,0.0409933533722885,10.0153938315641,195.590245950291
FH22_3,FH22,3,2010s,662500.1620149246,6062499.674904235,Cropland,0.359596558009914,0.0730639955403812,0.786261579005955,0.00339470509104108,0.129563743391219,0.00771597697140443,9.96205462241892,196.609755773762
FH23_3,FH23,3,2010s,662500.1522521604,6067499.6179124275,Cropland,0.477281407369993,0.0107150275573532,0.68544547129015,0,0.209404815906199,0,9.86331222551187,197.047414620749
FH24_3,FH24,3,2010s,662500.1594183256,6072499.609451599,Cropland,0.650017128656368,0.252695284387627,0.487687505230532,0.0243546651808716,0.0175775881840256,0,9.85868741073164,192.200289059384
FH25_3,FH25,3,2010s,662500.1815777237,6077499.649476749,Cropland,0.581143328454682,0,0.545890667072618,0,0.321268274882153,0,9.86011427004188,188.651475387169
FH29_3,FH29,3,2010s,662500.2137666696,6097499.619101521,Cropland,0.466669992233955,0,0.22860915678158,0,0,0,9.81742366931335,187.91074244318
FH32_3,FH32,3,2010s,667500.1352127434,6062499.596899727,Cropland,0.495244280181027,0,0.677215453186176,0.0120372508086431,0.080758715369893,0.192583394963133,9.94983021588434,196.743174649409
FH33_3,FH33,3,2010s,667500.1600240769,6067499.619644241,Cropland,0.65071529797459,0.0379943089816092,0.50258877614405,0,0.192298777314543,0.239838857877051,9.8603065153509,195.553922329547
FH34_3,FH34,3,2010s,667500.1262541488,6072499.577417303,Cropland,0.313926287260732,0.118652833351543,0.817242835784707,0,0.0641043308637491,0,9.85652984786735,192.881495700808
FH35_3,FH35,3,2010s,667500.156540169,6077499.58618157,Cropland,0.606750462920402,0.0712849919679073,0.58665383701696,0,0.113982926942397,0,9.85196414766804,190.67416115637
FH36_3,FH36,3,2010s,667500.1845546081,6082499.643502697,Cropland,0.538108275485674,0,0.380940132637245,0,0.0243546691407763,0,9.84715875186213,190.359074606691
FH42_3,FH42,3,2010s,672500.1655806476,6062499.575288157,Cropland,0.214429389659835,5.66270798634241e-4,0.883393194798826,0,0.0108414075731582,0.0577285562902052,9.9136108597255,198.369686655435
FH43_3,FH43,3,2010s,672500.1619102128,6067499.684537786,Cropland,0.305404410308371,0.0362363687065096,0.826134812598622,0,0.0608569846598761,0.0767718340349921,9.8643278125492,195.218801318779
FH44_3,FH44,3,2010s,672500.1531629068,6072499.620077815,Cropland,0.483523129237109,0.0388396156105723,0.675670616373558,0,0.236780434122274,0.0487093338935959,9.87790335462976,191.571644089082
FH45_3,FH45,3,2010s,672500.128911406,6077499.604325416,Cropland,0.369499906930492,0.028408884244788,0.770229472138105,0,0.0107743902943428,0.190587253322764,9.84123803497558,193.713543451455
FH46_3,FH46,3,2010s,672500.1513759971,6082499.63969187,Cropland,0.563211268013127,0,0.526977598568524,0,0.393188361782311,0.0654073886863207,9.80704220802009,194.985775298569
FH52_3,FH52,3,2010s,677500.1392029081,6062499.604546833,Cropland,0.421911715411822,0.157709383781488,0.738177122354204,0,0.00574411166681918,0.0906534045614794,9.89693804036623,198.430264885061
FH53_3,FH53,3,2010s,677500.1172675767,6067499.586923023,Cropland,0.48897905168057,0.0811052938812989,0.683546896763938,0,0.186638474799312,0.0487093345554514,9.86944048617362,194.168640627116
FH54_3,FH54,3,2010s,677500.1309098973,6072499.62068056,Cropland,0.347178206467702,0.0608866681924736,0.795608777918471,0,0.121425088658221,0.0220794652308347,9.8643648554338,193.376671474148
FH55_3,FH55,3,2010s,677500.1823433801,6077499.594537913,Cropland,0.639544294753817,0.0323116077087082,0.535346584270499,0,0.219027691118813,0.0385365638650456,9.84004223131898,192.253419872331
FH56_3,FH56,3,2010s,677500.1366827373,6082499.614611358,Cropland,0.554542882883849,0,0.441352436096036,0.0243546672781456,0.0181306809143386,0,9.81859190044338,191.158487437003
FH57_3,FH57,3,2010s,677500.1888842597,6087499.577212903,Cropland,0.44747181395681,0,0.69664151106971,0,0,0,9.79469106856037,192.430992037558
FH58_3,FH58,3,2010s,677500.2041166634,6092499.588457644,Cropland,0.657710791136257,0,0.439777619778362,0,0.0799374033101195,0,9.78573346244797,190.910026173012
FH62_3,FH62,3,2010s,682500.1400127035,6062499.575180733,Forest,0.660899476598441,0.0487093396151977,0.180584067330899,0,0.445031567169047,0,9.91275043565606,196.41193785707
FH63_3,FH63,3,2010s,682500.1571327308,6067499.664842146,Cropland,0.678391162952242,0,0.252937029656081,0.0730640094271249,0.147679372473692,0,9.90340840859307,192.249542288246
FH64_3,FH64,3,2010s,682500.1391901771,6072499.580977525,Cropland,0.758795584905145,0.221573375822757,0.331012601243844,0.00608866745206091,0.233954662611729,0,9.85042205053287,194.157804835595
FH65_3,FH65,3,2010s,682500.1394981287,6077499.54859203,Cropland,0.596385541098717,0.0731233487727232,0.608192225644442,0.048709339616339,0.127251578084927,0.048709339616339,9.81833558942713,194.850389440673
FH66_3,FH66,3,2010s,682500.1558782132,6082499.567633862,Cropland,0.120073315722122,0.0243546698093835,0.936928236857102,0,0,0,9.79162485737661,194.798506451121
FH67_3,FH67,3,2010s,682500.1906726429,6087499.526819346,Cropland,0.192945548509467,0.0504422776435707,0.895424324651266,0,0.00173293802829088,0.0521752156719493,9.69698562330684,200.658447021447
FH68_3,FH68,3,2010s,682500.2371930047,6092499.537326161,Cropland,0.633163258502693,0.097418679236622,0.426523804603669,0,0.0618067288192724,0,9.75586636805204,191.588789009218
FH71_3,FH71,3,2010s,687500.123673068,6057499.554574321,Cropland,0.567964999269639,0.00981696801670665,0.580043747869599,0.130276539039322,0,0,9.96261409182749,199.436091022979
FH72_3,FH72,3,2010s,687500.1143025191,6062499.595132073,Cropland,0.393887675522407,0.0750773714152069,0.761889990211462,0.115731013044647,0,0,9.93221045924123,197.583932744833
FH73_3,FH73,3,2010s,687500.1168201703,6067499.576189147,Cropland,0.698893183961986,0.192621485275592,0.423350834087651,0.0669753293490856,0.0364429497047496,0,9.88347178150431,197.247998469303
FH74_3,FH74,3,2010s,687500.1244441366,6072499.608917633,Cropland,0.63400295996012,0.12650634283013,0.50457090263416,0.018265998912795,0.304489578421605,0,9.82905779710374,197.230129427927
FH75_3,FH75,3,2010s,687500.139621074,6077499.58203556,Cropland,0.397194130148178,0.0452434550305692,0.746616892994234,0,0.208139651975198,0,9.79092124860692,196.33647684104
FH76_3,FH76,3,2010s,687500.1555507714,6082499.606715107,Cropland,0.392909938441288,0,0.731397992167945,0,0.268602007832055,0,9.74420427999932,195.693300477426
FH77_3,FH77,3,2010s,687500.1746923942,6087499.571672356,Cropland,0.311397886336094,0.022621727514991,0.824012045099733,0,0.0226217275150932,0.0695981202466784,9.7210386537631,189.45053072679
FH79_3,FH79,3,2010s,687500.2046274128,6097499.544650838,Urban,0.424463277074449,0.171513699065695,0,0,0.0233295351011357,0.0230292001955277,9.69867996668482,195.910855332567
FH80_3,FH80,3,2010s,692500.0947199763,6052499.611192662,Urban,0.571718448441481,0.183172588670407,0.147153149119327,0.00349459003724621,0.00670687602670208,0.0243546698024225,9.99274491549992,201.806734860996
FH81_3,FH81,3,2010s,692500.0242031823,6057499.60869983,Forest,0.397957174532556,0.0106797107103545,0,0.070634620935383,0.163775812580989,0,9.959682787471,200.422808981804
FH83_3,FH83,3,2010s,692500.131364359,6067499.547898819,Cropland,0.637228154803467,0.0243546698032772,0.466677167130462,0.168266851738642,0,0,9.87824401758725,196.154720751459
FH84_3,FH84,3,2010s,692500.1064229409,6072499.592479514,Cropland,0.182702761327396,0.01268990005421,0.899700360487457,0,0.0876097394583326,0,9.80596180755798,198.504178911709
FH85_3,FH85,3,2010s,692500.1382373512,6077499.580319139,Cropland,0.260074468427334,0,0.853606103727537,0,0.090027943633262,0.0563659526392005,9.77077695347815,195.416987202718
FH86_3,FH86,3,2010s,692500.160248557,6082499.508615752,Cropland,0.280358543477526,0,0.835104953712443,0,0.148196989538286,0.016698056749271,9.72363138405567,193.794627496715
FH87_3,FH87,3,2010s,692500.1607475667,6087499.599762127,Cropland,0.532959668217218,0.0735204694193999,0.590622872621508,0,0,0,9.75700915126052,188.893493693621
FH88_3,FH88,3,2010s,692500.2158820927,6092499.522771814,Cropland,0.506576949785038,0.113042595833221,0.181958260138456,0,0,0,9.74535449156552,191.222481687828
FH89_3,FH89,3,2010s,692500.2497555495,6097499.497289627,Cropland,0.635914643017235,0.0350284763844716,0.52370215188406,0.0115146022654673,0.092927614082201,0.034543806796402,9.49874201069006,209.252790260835
FH95_3,FH95,3,2010s,697500.150730151,6077499.542688702,Cropland,0.506432404484104,0.0563659442424755,0.666820661238052,0,0.196811907701124,0.0243546661743475,9.72868648965111,198.052448219511
FH96_3,FH96,3,2010s,697500.1759652141,6082499.495040286,Cropland,0.0564168952689241,0.0290524951063676,0.970947504893632,0,0,0,9.74049324616294,190.810130920727
FH97_3,FH97,3,2010s,697500.1691353285,6087499.499120258,Cropland,0.585012213963481,0.084097271564399,0.424211178790699,0.00717372680018487,0,0,9.74463560705248,190.418812472401
FH98_3,FH98,3,2010s,697500.1920739731,6092499.557689017,Cropland,0.484321302693237,0.0551170907660631,0.0969213411053417,0,0.073063998526298,0,9.70824597898096,191.344192467763
FH99_3,FH99,3,2010s,697500.2472731089,6097499.559464772,Cropland,0.683209967902655,0,0.277506962156647,0,0.121200858938103,0.100856401092017,9.590669010861,190.114402043988
GE00_3,GE00,3,2010s,702500.3468220314,6202499.881296357,Cropland,0.688664087265885,0.340792076156576,0.369789992627551,0,0.0541796316536871,0.235238299562186,9.54003151248226,193.592078562213
GE01_3,GE01,3,2010s,702500.378710623,6207499.892304815,Urban,0.721441023902543,0.329247659627475,0.294406749092142,0,0.267739179176813,0.10860641210357,9.5609385425618,193.909745092474
GE02_3,GE02,3,2010s,702500.4334288082,6212499.848059619,Cropland,0.693740664444925,0.273417520139428,0.354337998314939,0,0.32151758996446,0.0507268915811722,9.52746540754423,193.697841736213
GE03_3,GE03,3,2010s,702500.4408437889,6217499.856788846,Forest,0.73413855537252,0.26400004103391,0.240506605324235,0.00940066463832585,0.343125455990897,0.142967233012632,9.50442374903865,194.281631861005
GE04_3,GE04,3,2010s,702500.4606550329,6222499.921351904,Cropland,0.603117438803002,0.272867933270364,0.556289458455667,0.00342849206540467,0.00650859497496419,0.0130171899499249,9.61218057002548,188.054017909981
GE10_3,GE10,3,2010s,707500.3789717224,6202499.852386592,Forest,0.618728614985096,0.342050495650569,0.0672470058575362,0,0.498230786378991,0.0924717121129038,9.39804710821719,203.643405368188
GE11_3,GE11,3,2010s,707500.409073655,6207499.815850618,Forest,0.12059583889349,0.0331429490393378,0,0,0.936694136099156,0,9.42003961506662,198.527341835086
GE12_3,GE12,3,2010s,707500.4404434582,6212499.835447987,Forest,0.155371749084334,0.016515808171997,0,0,0.916438988537613,0,9.37430293732115,201.350299254039
GE13_3,GE13,3,2010s,707500.4081545363,6217499.908100328,Forest,0.759054709337032,0.124531413078861,0.184355348399132,0.163747359344655,0.366739610994641,0.160626268182711,9.54408599251932,188.869845978749
GE14_3,GE14,3,2010s,707500.444826527,6222499.8172854865,Cropland,0.666262065051484,0.313879098649103,0.467497506178785,0.089154917598164,0.00650859543159603,0,9.61358688589416,193.357049296042
GE20_3,GE20,3,2010s,712500.4059752157,6202499.793334916,Forest,0.666143868768531,0.0923505454683326,0.217387277012422,0.122446462963982,0.506701087993668,0.0611146265615954,9.4182903259818591,189.110858383515
GE21_3,GE21,3,2010s,712500.431105092,6207499.830216896,Urban,0.643621051543549,0.45378018667249,0.032259717761684,0.0142614124820925,0.37581934326461103,0.0606587002711067,9.50586163768577,191.598177307928
GE22_3,GE22,3,2010s,712500.4466481479,6212499.812149445,Cropland,0.696459245807681,0.0891125580399359,0.232821278389783,0.0287090674788432,0.0908860346280389,0.0856785034841777,9.55534219474984,190.123437058259
GE23_3,GE23,3,2010s,712500.4444375301,6217499.850279269,Pasture,0.736819319160478,0.117883376798641,0.199406344592673,0.372618353060889,0.227784550772944,0.0823073747748535,9.55223245988557,194.89327689099
GE24_3,GE24,3,2010s,712500.427285722,6222499.833303753,Forest,0.669045414353665,0.119964997779709,0.048709330740472,0.0621528320341819,0.238717771402919,0.00337112870349283,9.62920119148175,192.094185882356
GE30_3,GE30,3,2010s,717500.4386215332,6202499.814452954,Urban,0.613827072541002,0.536779115731585,0.0797206496844515,0.297642057727738,0.0164108907980254,0.0243546705820854,9.55933922797858,185.408980357853
GE31_3,GE31,3,2010s,717500.4664293623,6207499.823270025,Cropland,0.677687304242546,0.347722038254522,0.409691067862962,0.175216551968846,0.0430156713328958,0.0243546705807742,9.50493831796336,198.842875770596
GE32_3,GE32,3,2010s,717500.4628353314,6212499.888487851,Forest,0.600163774854417,0.26323022785172,0.0391216387592943,0.0536683830295665,0.567395783808857,0.0278746253883383,9.41372894500643,205.129992511649
GE33_3,GE33,3,2010s,717500.4363954787,6217499.7875834415,Forest,0.637302071125102,0.119978883975926,0.236198253809311,0.036532005873189,0.525720903335262,0.0815699530063119,9.4572204272255,203.037920737239
GE34_3,GE34,3,2010s,717500.4297171882,6222499.857289503,Urban,0.571396940935845,0.155979231712942,0.0925897989896871,0,0,0.082710073815211907,9.58135951010956,197.028310385409
GE42_3,GE42,3,2010s,722500.4542082316,6212499.8379352,Urban,0.621641213100311,0.480088846252484,0.0161344613367426,0,0.151396938195553,0,9.49669836391211,195.265765590354
GE43_3,GE43,3,2010s,722500.4569293238,6217499.833379672,Forest,0.655564791604285,0.200012598280806,0.00822020388980211,0.0243546652371613,0.45545248460177,0.00180836244736173,9.48896771053934,195.167874661014
GF00_3,GF00,3,2010s,702500.3379804895,6152499.686444453,Urban,0.594494312225273,0.33237164737469,0,0.0167760074147799,0,0,9.64773762104942,179.455529050321
GF01_3,GF01,3,2010s,702500.3385118302,6157499.704640133,Urban,0.744547212135753,0.321889274426843,0.189906994009869,0.0974186707415182,0,0,9.62521612195159,181.156396457798
GF02_3,GF02,3,2010s,702500.3195119632,6162499.776580491,Cropland,0.559702105493347,0.398941234196507,0.528575725355598,0.0243546676846981,0.00608866692117453,0.0182660007635236,9.52820454340943,184.478696835489
GF03_3,GF03,3,2010s,702500.351800605,6167499.682659319,Cropland,0.391910455778524,0.205864435839656,0.751336566563646,0.00843711670964059,0,0.0171809404435397,9.46071189074277,183.744465207881
GF04_3,GF04,3,2010s,702500.3543900581,6172499.753574929,Urban,0.52751673450708,0.560796527046381,0.3959907657018,0.0173342939433485,0,0.0258784133084702,9.46481017606641,187.900208254961
GF05_3,GF05,3,2010s,702500.3351455712,6177499.7668023845,Cropland,0.410136898942605,0.154460677369097,0.748085005199901,0,0.0493611582425907,0.0480931591884116,9.55716751314749,187.865236842608
GF06_3,GF06,3,2010s,702500.3492048995,6182499.8364209505,Cropland,0.694573843168916,0.225377800512329,0.430146708935613,0.212726653413669,0.0213873745381254,0.110361462600264,9.59861389099457,188.559483653299
GF07_3,GF07,3,2010s,702500.3364148074,6187499.84821207,Cropland,0.631410800439542,0.369181940633054,0.463374423092989,0,0.125908028145625,0.0415356081283321,9.50343363604359,195.666292780079
GF08_3,GF08,3,2010s,702500.3569451347,6192499.805028212,Urban,0.677771585053848,0.448998875190931,0.193976726263476,0,0.276665762919548,0.0803586356260447,9.43200973367327,197.622451987645
GF09_3,GF09,3,2010s,702500.3404156363,6197499.815104434,Cropland,0.375309530014354,0.0730640030524676,0.779962168971262,0,0.0836895868920864,0.0632842410841838,9.51059521688826,191.123970629088
GF12_3,GF12,3,2010s,707500.3696013235,6162499.715173889,Urban,0.450506198832231,0.34268852367394,0,0,0,0,9.61544757714728,181.74995168205
GF13_3,GF13,3,2010s,707500.3300529267,6167499.786107193,Urban,0.454515547457908,0.650805259427667,0.349194740572334,0,0,0,9.59114926561714,182.078690067736
GF14_3,GF14,3,2010s,707500.3864467979,6172499.694285468,Urban,0.38363030202127,0.743302719372718,0.252673262295997,0.00402401833128507,0,0,9.5290737909479,185.401425767683
GF15_3,GF15,3,2010s,707500.3944162552,6177499.767333329,Cropland,0.72256289221835,0.237182335105038,0.405684733403734,0.148810695248794,0.183967566848893,0.0243546693935423,9.52901209761871,191.505140731549
GF16_3,GF16,3,2010s,707500.3620901112,6182499.782727323,Urban,0.53476544429314,0.580891154335536,0.352765028017576,0.00534684400947289,0.00503850894307901,0.0559584646943367,9.51215709987345,196.012525236745
GF17_3,GF17,3,2010s,707500.3497072838,6187499.7433876665,Urban,0.623637553296231,0.522466963083906,0.0932195979415035,0.00683049068457,0.295647593876155,0.0791526755265636,9.50647534552798,193.462719278023
GF18_3,GF18,3,2010s,707500.4065654634,6192499.874692895,Urban,0.479957379392633,0.677433043979573,0.0460709657562347,0.048709338788021,0.227786651476172,0,9.39394573903434,198.571186610755
GF19_3,GF19,3,2010s,707500.358158152,6197499.833901825,Cropland,0.645016451966805,0.344351057142443,0.45351580117509,0,0.172831506845459,0.029301634837008102,9.40179742232182,198.623255171059
GF23_3,GF23,3,2010s,712500.3560583256,6167499.683554069,Urban,0.640930394810127,0.446054261456958,0,0,0,0,9.61718421807005,186.053798570103
GF24_3,GF24,3,2010s,712500.3895823077,6172499.769300189,Urban,0.177155715761735,0.900298102501641,0,0.0875245648135603,0,0.0121773326847984,9.57025552226892,190.16404263496
GF25_3,GF25,3,2010s,712500.3693780791,6177499.797558002,Urban,0.47576509458854,0.63910347952133,0,0.0216719869269248,0.339224533551746,0,9.52489113691898,192.064114502412
GF26_3,GF26,3,2010s,712500.4185002823,6182499.774381583,Urban,0.229428084930638,0.867812394482134,0,0,0.132187605517866,0,9.45961149087716,197.235004297845
GF27_3,GF27,3,2010s,712500.403282234,6187499.804788459,Forest,0.681647879701362,0.352181006947428,0,0,0.375929843866501,0.0487093307412203,9.43326577352007,197.735655247846
GF28_3,GF28,3,2010s,712500.3893101846,6192499.780546682,Urban,0.645237285192072,0.543357346449199,0.00608866634297183,0.156935660047876,0.15241214477876,0.0974186614875493,9.38814464958074,196.187421495092
GF29_3,GF29,3,2010s,712500.4309910986,6197499.815875246,Forest,0.656678765293697,0.189927533867725,0.0127957032634311,0.29154758507831,0.468760005048376,0,9.37901238599574,193.897020547573
GF33_3,GF33,3,2010s,717500.3669444381,6167499.70479759,Urban,0.441672231447442,0.222147594029182,0,0,0,0,9.59967997480966,188.415630110854
GF34_3,GF34,3,2010s,717500.390443028,6172499.75522035,Urban,0.183275485706927,0.896711237424858,0,0.103288762575142,0,0,9.56747514065055,190.870594608133
GF35_3,GF35,3,2010s,717500.4071713447,6177499.751367931,Urban,0.0114644977716511,0.994129919745392,0,0,0.00587008025460773,0,9.53533060498163,191.109562482226
GF36_3,GF36,3,2010s,717500.4089050895,6182499.80438197,Urban,0.166229511255195,0.908515904674962,0,0,0.0914840953250382,0,9.45844160020403,196.460993187869
GF37_3,GF37,3,2010s,717500.398525072,6187499.802966663,Urban,0.459064296662542,0.699700724772633,0,0,0.206047684919591,0,9.44838685431313,193.077343251061
GF38_3,GF38,3,2010s,717500.4359702461,6192499.750185389,Forest,0.500952798823691,0.215246718171927,0,0.0938019566415381,0.66517826173942,0,9.37715365728651,200.396126803301
GF39_3,GF39,3,2010s,717500.4446435908,6197499.865260167,Forest,0.718871488606343,0.331740273378296,0.00670703835582257,0.220175147207868,0.332218698227337,0,9.42391751027752,193.549941737065
GF43_3,GF43,3,2010s,722500.3839188339,6167499.73768856,Pasture,0.694483085619214,0.0892299819302002,0,0.361718528456793,0.0274645172260908,0.242042956422118,9.60310794996156,185.827881042861
GF44_3,GF44,3,2010s,722500.3996769824,6172499.762351516,Urban,0.509954600739777,0.671788409422792,0,0.0571213326106751,0,0.0182659989261124,9.59685041378775,187.766246982195
GF45_3,GF45,3,2010s,722500.392806392,6177499.732873452,Urban,0,1,0,0,0,0,9.53168178565551,190.631990055826
GF46_3,GF46,3,2010s,722500.4176988797,6182499.763599473,Urban,0,1,0,0,0,0,9.51311136941936,189.034036899487
GF47_3,GF47,3,2010s,722500.4144617681,6187499.740026254,Urban,0.524476585153226,0.593648571722482,0,0.048709330471796,0.347195623617392,0,9.45184278477499,193.910862352575
GF48_3,GF48,3,2010s,722500.4373197008,6192499.776501604,Forest,0.618748614430339,0.303253536530486,0,0.00361672489419047,0.502406530972285,0,9.50524444253708,187.00381856831
GF49_3,GF49,3,2010s,722500.4265400727,6197499.758516749,Forest,0.67108060649995,0.207030085896275,0,0.00180836244696466,0.30772643495687,0,9.54330059517513,183.825151611498
GF52_3,GF52,3,2010s,727500.4398205662,6162499.722201364,Pasture,0.494015065391113,0.0303694527210603,0.0151847263605487,0.165218836356187,0.0506092135149675,0,9.59399774553454,183.746587949108
GF53_3,GF53,3,2010s,727500.422905934,6167499.781335341,Urban,0.508389945941372,0.607157813724881,0.00916994184070816,0.33951348892157,0.0305625227293955,0,9.59839301735935,185.4119805654
GF54_3,GF54,3,2010s,727500.4332192165,6172499.789807921,Urban,0.184228332521194,0.899875725159241,0,0.0189503949180568,0,0,9.59576358728602,186.83227759551
GF55_3,GF55,3,2010s,727500.4050477121,6177499.7442593165,Urban,0.570068596561149,0.414521974285691,0,0,0,0,9.60004606292519,184.261526882891
GF63_3,GF63,3,2010s,732500.4427733541,6167499.720322601,Urban,0.413135570217408,0.215485306374233,0,0.0468668069483581,0,0,9.59173690483832,183.015653771902
GF74_3,GF74,3,2010s,737500.391410232,6172499.777421679,Pasture,0.674535328406612,0,0,0.246784825443204,0,0.200946041043936,9.61061148435921,181.073003371254
GG00_3,GG00,3,2010s,702500.2513107894,6102499.486564997,Cropland,0.573791698061716,0.0256801328360669,0.195515698668614,0.0231502263584028,0.073064003054826,0.0171809404402151,9.63295762448864,182.43057552764
GG02_3,GG02,3,2010s,702500.2698174989,6112499.49328954,Cropland,0.581799073900464,0.0243546676844354,0.189052405958243,0,0.0487093353688707,0.107425883933751,9.66469680499313,187.366822758126
GG05_3,GG05,3,2010s,702500.2956471718,6127499.520004621,Cropland,0.639696409094208,0.107801612162675,0.432069672916311,0,0.400171884627688,0.0243546676850092,9.55600437143645,184.414323549317
GG06_3,GG06,3,2010s,702500.3418263504,6132499.602145045,Cropland,0.341472205231198,0.0487093353712956,0.802329172560626,0,0.100252156696782,0.0487093353712956,9.53679575994387,183.172444816754
GG07_3,GG07,3,2010s,702500.3223454107,6137499.624233186,Cropland,0.247341717591444,0.0513166268595694,0.862039031612003,0,0.00357312527690906,0.0830712162515184,9.54801904096092,185.249950214672
GG08_3,GG08,3,2010s,702500.3565356643,6142499.703241566,Cropland,0.291947835236849,0.0105330714796368,0.83126577835553,0,0.124938287488819,0.0332628626760137,9.52512685814786,187.328079709743
GG09_3,GG09,3,2010s,702500.3203636502,6147499.722061222,Urban,0.761454683008653,0.312666403240286,0.232345685743804,4.0493302608604e-4,0.0824218088036719,0.00935780575227822,9.59813626282298,179.629120727114
GG10_3,GG10,3,2010s,707500.2241910483,6102499.477378527,Pasture,0.537705115061557,1.46000652764518e-4,0.00268267888899221,0.127124847564842,0.10533782029434,0.0021515874742949,9.68363903693581,185.617817379569
GG15_3,GG15,3,2010s,707500.2865024854,6127499.528984483,Cropland,0.566924821665838,0.0243546693931812,0.573555837270609,0,0.0632075905988203,0,9.60509287611618,184.070107169039
GG16_3,GG16,3,2010s,707500.318123319,6132499.54965108,Cropland,0.22574536811598,0.0243546693937573,0.876080050974761,0,0.0508559408439667,0.0487093387875146,9.5332641685698,187.372202436227
GG17_3,GG17,3,2010s,707500.3267206545,6137499.624520913,Cropland,0.17745081528248,0.0948113858973654,0.901969858384062,0,0.00321875571857281,0,9.54663929695981,184.541745699745
GG18_3,GG18,3,2010s,707500.3150847398,6142499.642302799,Cropland,0.253448091638554,0.0438153231020146,0.860832837342387,0,0,0.0487093387884363,9.56839508663157,181.686757549897
GG20_3,GG20,3,2010s,712500.2716980586,6102499.364975292,Cropland,0.707559824759627,0.0881834329098206,0.393854702034847,0.0460266522948616,0,0.0613238381178668,9.66200717958328,184.931185830973
GG25_3,GG25,3,2010s,712500.2981323673,6127499.478503297,Cropland,0.583178560557826,0.0974186614822852,0.452791921562584,0,0,0,9.58095240026596,184.330453550641
GG26_3,GG26,3,2010s,712500.3120173198,6132499.558293428,Cropland,0.254271065441556,0.0665508355343567,0.857644170848766,0,0.0758049936168768,0,9.49493764616932,188.438640058861
GG27_3,GG27,3,2010s,712500.3559583894,6137499.584229157,Cropland,0.319177986748519,0.0443566826828036,0.817621679546603,0,0.0893123070304018,0.0487093307401914,9.48681312506919,186.295733507432
GG28_3,GG28,3,2010s,712500.3586284099,6142499.664407933,Cropland,0.566462623259596,0,0.58554377100856,0,0.256161161092971,0,9.54461392157176,182.749970372603
GG30_3,GG30,3,2010s,717500.2710031869,6102499.364961077,Cropland,0.660927933570167,0.0604495016691286,0.416223276384338,0,0.097418682327277,0.0117401605054667,9.58077780167186,185.94446685219
GG36_3,GG36,3,2010s,717500.3444608465,6132499.516067203,Cropland,0.486474856378846,0.104130124757878,0.67309115456376,0,0,0,9.46210635064879,184.533014299234
GG37_3,GG37,3,2010s,717500.3570528256,6137499.610675284,Cropland,0.475529175493899,0.0676622928558837,0.685381763656503,0,0,0,9.46168761326053,182.041978664147
GG40_3,GG40,3,2010s,722500.2426872866,6102499.365112122,Cropland,0.620627676092132,0.0256801302537222,0.337327052270108,0,0.00812346729421214,0.0730639957070153,9.52285815744265,183.683717708161
GH06_3,GH06,3,2010s,702500.1535418842,6082499.562371342,Forest,0.623471650138856,0.0539433205881619,0.129212699187963,0,0.211535396785508,0,9.71743262509107,193.636356579841
GH07_3,GH07,3,2010s,702500.2055944144,6087499.491482163,Cropland,0.624128398925663,0.00477322796506485,0.564210516319028,0.0658902758076121,0,0.0487093353685621,9.71130743475239,194.275571892169
GH08_3,GH08,3,2010s,702500.2079264515,6092499.47235032,Cropland,0.372765246181213,0.0171809404403434,0.778154230717001,0,0.0658148776611977,0.0121773338429576,9.67383702120349,193.195311509314
GH09_3,GH09,3,2010s,702500.2222932067,6097499.507805596,Cropland,0.602157064624314,0.0230292025285088,0.372651235207348,0,0,0,9.69265796529951,185.091118067416
GH17_3,GH17,3,2010s,707500.1620744534,6087499.459011547,Forest,0.493386086694188,0,0.0985594912936889,0,0.170482685747698,0.0487093387850565,9.676619399693,192.014746650148
GH18_3,GH18,3,2010s,707500.2048840352,6092499.4855571035,Cropland,0.281304770011372,0.0243546693941928,0.842571979380282,0,0.0072491259051356,0.0730640081825783,9.63636100316069,192.601570727527
GH19_3,GH19,3,2010s,707500.2494126634,6097499.455617712,Cropland,0.573890058310505,0.0052193571246569,0.464567164108367,0,0,0,9.67275355792761,189.320029533017
GH29_3,GH29,3,2010s,712500.2161125919,6097499.396182269,Cropland,0.567964942085279,0.0895483751566633,0.629953323427552,0,0,0.0730639961088182,9.65477866632677,186.667209593821
GH39_3,GH39,3,2010s,717500.2017694439,6097499.331568221,Cropland,0.616346141524079,0,0.493972617066886,0.0487093411620695,0,0.0730640117431043,9.61786271455623,186.164056644523
GH49_3,GH49,3,2010s,722500.216261824,6097499.372189741,Cropland,0.556178920490715,0.0230292002121162,0.630243455947957,0.179899826828103,0.0649562650575633,0.0974186609391545,9.49762849609415,191.318978212321
GH59_3,GH59,3,2010s,727500.227613787,6097499.180401683,Forest,0.630682990407448,0,0.16712243465704,0,0.225974280329949,0,9.2589079023244,196.580927418194
HA03_3,HA03,3,2010s,865472.2272740616,6117457.74120337,Forest,0.603254786403266,0.106913933641976,0,0.0485504369762671,0.243174078079797,0,9.12385232782914,157.166436765647
HA04_3,HA04,3,2010s,865042.1703744105,6122447.22532909,Urban,0.737247023210151,0.426002792472284,0.145873010598775,0.0242754112061738,0.136822793596225,0.0484620815059991,9.03708103613365,160.232045701882
HA05_3,HA05,3,2010s,864612.115336128,6127436.838485431,Cropland,0.71193374246385,0.0693822059614435,0.412943719431271,0.01820669492504,0.21886839732737,0.0243643350849986,9.05242119299661,158.063292328675
HA06_3,HA06,3,2010s,864181.8076420787,6132426.559736473,Cropland,0.684702703156503,0.0808286862434538,0.476747769683406,0,0,0.115010164295218,8.78945411549565,169.843137600075
HA07_3,HA07,3,2010s,863751.2660785005,6137416.166926846,Forest,0.601011521910552,0.0648265216309686,0.101257094491013,0.00606899214552176,0.131056806987022,0.0900054568269945,8.7929239284875,171.875149098613
HA13_3,HA13,3,2010s,870461.7980367357,6117887.195561998,Cropland,0.55034206034351,0.0422039970151969,0.651075310395797,0.0970917971197726,0.098222666088245,0.0530107427779753,8.96788235888021,161.393791826069
HA14_3,HA14,3,2010s,870031.9513802049,6122877.127863388,Cropland,0.417944161975608,0.0011413638034474,0.738207927480636,0,0.0907387711462877,0.169911937569629,8.77641715812553,163.03764031456
HA15_3,HA15,3,2010s,869601.845051859,6127867.055503114,Cropland,0.103771223273984,0.0548995749687406,0.94510042503126,0,0,0,8.65490079842055,166.974290201803
HA16_3,HA16,3,2010s,869171.5430810943,6132856.983802248,Cropland,0.554563892774305,0.00315969470851367,0.604730678323424,0,0.163586566861855,0.228523060106208,8.55255743510733,166.495270968549
HA17_3,HA17,3,2010s,868741.0008366904,6137846.685305342,Forest,0.788537236425578,0.13166835450251,0.202671709911797,0.0182052806118292,0.296377600243201,0.198108744913274,8.72579783924212,160.025833223787
HA22_3,HA22,3,2010s,875881.8221458339,6113327.073579225,Cropland,0.477525521885391,0.0257186585134117,0.264233463127212,0,0,0.0388675610205926,9.12034705116276,156.799892235754
HA23_3,HA23,3,2010s,875451.795731092,6118316.966683082,Cropland,0.363039878089487,0.0863237185539341,0.779771393496264,0,0,0.133904887949802,8.85756579218508,160.056992614727
HA24_3,HA24,3,2010s,875021.9214742357,6123307.113310843,Forest,0.59520194839005,0.0670410779167324,0.358234717612694,0,0.518285260103573,0.0564389443670004,8.5200417831321,165.36722793106
HA25_3,HA25,3,2010s,874591.8354984492,6128297.258993814,Cropland,0.619899026701308,0,0.425542991484064,0,0.415360350352426,0.159096658163509,8.53896461470421,160.26018555136
HA26_3,HA26,3,2010s,874161.4745486901,6133287.398365342,Forest,0.652430641427943,0.145627498139309,0.113794094743798,0,0.518454955586815,0.210376954811929,8.59894132333301,155.423332965852
HA32_3,HA32,3,2010s,880871.8114806362,6113756.340020944,Cropland,0.720171229201609,0.0267089961290789,0.42154479921577,0.0242682008320678,0.140075090891667,0.157583598921445,9.0744232625733,160.088573399469
HA33_3,HA33,3,2010s,880442.1265315809,6118746.823881969,Cropland,0.449699969895692,0.0156506098893361,0.697056404002843,0,0.250648428129055,0.0366445579787658,8.76690778077729,162.526944760684
HA34_3,HA34,3,2010s,880012.2234439113,6123737.194118903,Forest,0.322122851719805,0.00577098149679362,0.14511630382615,0,0.809439948946143,0.0396727657309137,8.48662092784028,163.437032105713
HA35_3,HA35,3,2010s,879582.029386323,6128727.556359625,Cropland,0.357034336849022,0.0485375741557606,0.790742150148474,0,0.114811766453185,0.0439330109982034,8.54402043349105,155.983466548343
HA36_3,HA36,3,2010s,879151.6814159437,6133717.810436713,Cropland,0.725498184347963,0.0970759449298712,0.189541878438234,0,0.148232785983193,0.117110980280278,8.83058597577202,146.65715163698
HA42_3,HA42,3,2010s,885862.3873392998,6114185.928670378,Cropland,0.321595353973188,0.0852876515592859,0.815721590859907,0,0.0727977780231943,0.00933357026503732,9.07241706255811,158.300873769266
HA43_3,HA43,3,2010s,885432.6339030144,6119176.530447572,Forest,0.545504413957029,0,0.388835965420051,0,0.546975305780777,0.0641887287991725,8.76682909747952,160.633794163596
HA44_3,HA44,3,2010s,885002.6913537935,6124167.24465621,Forest,0.520564265377797,0,0.485793926086063,0,0.492937780766166,0.0212682931477711,8.59171430605247,155.817749990266
HA45_3,HA45,3,2010s,884572.525051827,6129157.732566417,Cropland,0.651931058082806,0.0485330460440464,0.518802842659137,0,0,0.161987467644316,8.76778598312039,148.64947777565
HA52_3,HA52,3,2010s,890853.2009991016,6114615.586654353,Urban,0.629377966293884,0.234420834244263,0.121707718608873,0,0.0634679314078315,0.0369363097821595,9.17774216790795,151.715965718949
HA53_3,HA53,3,2010s,890423.4322463954,6119606.432185382,Cropland,0.77180686390565,0.150859583091039,0.338015798191061,0,0.208743862517085,0.0745516739267013,9.00334573232643,151.475407700517
HA54_3,HA54,3,2010s,889993.4047017333,6124597.271928037,Cropland,0.632616867598411,0.0689613198427495,0.556195094825861,0,0.203988937953171,0.059403247382273,8.85097310384771,150.866941507441
