"survey","coverage","site","atlas","period","species_richness","raw_species_pool_size","pct_lnd"
"AD90_1","Good","AD90","1","1970s",45,201,37.8632806535756
"AD91_1","Good","AD91","1","1970s",42,201,78.2495876849769
"AD93_1","Good","AD93","1","1970s",41,201,79.2863502418833
"AD95_1","Good","AD95","1","1970s",33,201,31.4374353690826
"AE94_1","Good","AE94","1","1970s",47,201,98.5169535689187
"AE95_1","Good","AE95","1","1970s",49,201,86.2576147240665
"AE98_1","Good","AE98","1","1970s",71,201,60.1013027143366
"AF81_1","Good","AF81","1","1970s",60,201,40.0506412063799
"AF82_1","Good","AF82","1","1970s",46,201,29.5057592456808
"AF91_1","Good","AF91","1","1970s",61,201,96.0224708397579
"AF92_1","Good","AF92","1","1970s",79,201,100
"AF93_1","Good","AF93","1","1970s",85,201,93.5680064039386
"AF94_1","Good","AF94","1","1970s",49,201,64.920690383459
"AF96_1","Good","AF96","1","1970s",42,201,31.9770089559466
"AF98_1","Good","AF98","1","1970s",49,201,35.8703357062038
"AF99_1","Good","AF99","1","1970s",47,201,29.1649009559219
"BC20_1","Good","BC20","1","1970s",58,201,100
"BC30_1","Good","BC30","1","1970s",49,201,100
"BC32_1","Good","BC32","1","1970s",50,201,100
"BC33_1","Good","BC33","1","1970s",49,201,90.0083396025285
"BC34_1","Good","BC34","1","1970s",45,201,26.5747147686925
"BC43_1","Good","BC43","1","1970s",65,201,100
"BC44_1","Good","BC44","1","1970s",61,201,92.8996909142348
"BC45_1","Good","BC45","1","1970s",33,201,34.1394063685703
"BC50_1","Good","BC50","1","1970s",51,201,73.9954882587652
"BC53_1","Good","BC53","1","1970s",50,201,100
"BC54_1","Good","BC54","1","1970s",60,201,100
"BC60_1","Good","BC60","1","1970s",72,201,100
"BC62_1","Good","BC62","1","1970s",37,201,57.4642923240962
"BC65_1","Good","BC65","1","1970s",54,201,87.6511598551178
"BC70_1","Good","BC70","1","1970s",66,201,98.0858227628212
"BC71_1","Good","BC71","1","1970s",61,201,36.9923400946174
"BC72_1","Good","BC72","1","1970s",46,201,42.2227095505843
"BC73_1","Good","BC73","1","1970s",58,201,92.9218254570981
"BC75_1","Good","BC75","1","1970s",51,201,83.1903167381744
"BC81_1","Good","BC81","1","1970s",61,201,92.7566629291878
"BC82_1","Good","BC82","1","1970s",74,201,38.2382493245741
"BC83_1","Good","BC83","1","1970s",70,201,59.2589059914817
"BC84_1","Good","BC84","1","1970s",78,201,98.1573092073059
"BC85_1","Good","BC85","1","1970s",49,201,99.9184959464101
"BC93_1","Good","BC93","1","1970s",44,201,30.6585304040283
"BC94_1","Good","BC94","1","1970s",78,201,100
"BC95_1","Good","BC95","1","1970s",55,201,100
"BC96_1","Good","BC96","1","1970s",60,201,84.0788044916003
"BD07_1","Good","BD07","1","1970s",60,201,27.8918391533683
"BD08_1","Good","BD08","1","1970s",82,201,34.2154392038693
"BD11_1","Good","BD11","1","1970s",60,201,100
"BD12_1","Good","BD12","1","1970s",46,201,100
"BD13_1","Good","BD13","1","1970s",49,201,94.1767054329643
"BD18_1","Good","BD18","1","1970s",80,201,80.9207023255906
"BD19_1","Good","BD19","1","1970s",67,201,100
"BD21_1","Good","BD21","1","1970s",52,201,100
"BD26_1","Good","BD26","1","1970s",65,201,61.4670840884042
"BD27_1","Good","BD27","1","1970s",56,201,100
"BD28_1","Good","BD28","1","1970s",59,201,100
"BD35_1","Good","BD35","1","1970s",42,201,47.2858626474541
"BD36_1","Good","BD36","1","1970s",59,201,66.9227163233266
"BD37_1","Good","BD37","1","1970s",66,201,75.8509346158413
"BD39_1","Good","BD39","1","1970s",62,201,98.2806491818695
"BD43_1","Good","BD43","1","1970s",41,201,51.9751064518396
"BD45_1","Good","BD45","1","1970s",52,201,91.5697689701455
"BD46_1","Good","BD46","1","1970s",50,201,45.8239324691135
"BD47_1","Good","BD47","1","1970s",65,201,54.4017699453592
"BD48_1","Good","BD48","1","1970s",67,201,40.5650898560645
"BD49_1","Good","BD49","1","1970s",57,201,57.6911318923478
"BD50_1","Good","BD50","1","1970s",44,201,100
"BD51_1","Good","BD51","1","1970s",61,201,79.9539888757725
"BD55_1","Good","BD55","1","1970s",54,201,31.493224224677
"BD56_1","Good","BD56","1","1970s",63,201,39.8797191099966
"BD57_1","Good","BD57","1","1970s",69,201,87.1031476010498
"BD58_1","Good","BD58","1","1970s",51,201,96.2066318241274
"BD59_1","Good","BD59","1","1970s",74,201,34.914934145503
"BD61_1","Good","BD61","1","1970s",61,201,86.1028611707534
"BD66_1","Good","BD66","1","1970s",52,201,57.0495874789028
"BD67_1","Good","BD67","1","1970s",44,201,100
"BD68_1","Good","BD68","1","1970s",51,201,100
"BD70_1","Good","BD70","1","1970s",58,201,100
"BD73_1","Good","BD73","1","1970s",55,201,97.6213372857504
"BD76_1","Good","BD76","1","1970s",75,201,44.6876418573642
"BD77_1","Good","BD77","1","1970s",76,201,66.4189847768357
"BD78_1","Good","BD78","1","1970s",74,201,100
"BD80_1","Good","BD80","1","1970s",45,201,100
"BD81_1","Good","BD81","1","1970s",58,201,100
"BD82_1","Good","BD82","1","1970s",59,201,100
"BD84_1","Good","BD84","1","1970s",39,201,100
"BD86_1","Good","BD86","1","1970s",57,201,70.1576931662302
"BD87_1","Good","BD87","1","1970s",51,201,82.1975610079249
"BD88_1","Good","BD88","1","1970s",60,201,39.718526470875
"BD89_1","Good","BD89","1","1970s",47,201,26.7442604611454
"BD91_1","Good","BD91","1","1970s",62,201,100
"BD93_1","Good","BD93","1","1970s",48,201,100
"BD96_1","Good","BD96","1","1970s",47,201,99.6428883447682
"BD97_1","Good","BD97","1","1970s",60,201,100
"BD98_1","Good","BD98","1","1970s",49,201,92.2469573650463
"BE03_1","Good","BE03","1","1970s",48,201,71.4720010768625
"BE05_1","Good","BE05","1","1970s",53,201,100
"BE07_1","Good","BE07","1","1970s",61,201,91.2639291465244
"BE08_1","Good","BE08","1","1970s",61,201,38.7987616335452
"BE09_1","Good","BE09","1","1970s",51,201,68.4932976221032
"BE11_1","Good","BE11","1","1970s",61,201,59.4235802014122
"BE12_1","Good","BE12","1","1970s",40,201,74.8183395242528
"BE13_1","Good","BE13","1","1970s",42,201,100
"BE14_1","Good","BE14","1","1970s",47,201,100
"BE15_1","Good","BE15","1","1970s",46,201,100
"BE16_1","Good","BE16","1","1970s",46,201,100
"BE17_1","Good","BE17","1","1970s",73,201,99.2996588061194
"BE18_1","Good","BE18","1","1970s",60,201,89.9537037507286
"BE20_1","Good","BE20","1","1970s",58,201,95.4598068353035
"BE22_1","Good","BE22","1","1970s",52,201,100
"BE23_1","Good","BE23","1","1970s",55,201,100
"BE25_1","Good","BE25","1","1970s",64,201,100
"BE27_1","Good","BE27","1","1970s",45,201,100
"BE28_1","Good","BE28","1","1970s",46,201,100
"BE29_1","Good","BE29","1","1970s",48,201,100
"BE30_1","Good","BE30","1","1970s",61,201,100
"BE31_1","Good","BE31","1","1970s",58,201,100
"BE32_1","Good","BE32","1","1970s",49,201,100
"BE33_1","Good","BE33","1","1970s",57,201,100
"BE34_1","Good","BE34","1","1970s",61,201,100
"BE36_1","Good","BE36","1","1970s",39,201,100
"BE40_1","Good","BE40","1","1970s",61,201,100
"BE41_1","Good","BE41","1","1970s",50,201,100
"BE43_1","Good","BE43","1","1970s",46,201,100
"BE45_1","Good","BE45","1","1970s",47,201,100
"BE50_1","Good","BE50","1","1970s",61,201,100
"BE52_1","Good","BE52","1","1970s",49,201,100
"BE53_1","Good","BE53","1","1970s",52,201,100
"BE54_1","Good","BE54","1","1970s",46,201,100
"BE55_1","Good","BE55","1","1970s",55,201,100
"BE59_1","Good","BE59","1","1970s",44,201,100
"BE60_1","Good","BE60","1","1970s",62,201,100
"BE62_1","Good","BE62","1","1970s",54,201,100
"BE63_1","Good","BE63","1","1970s",45,201,100
"BE65_1","Good","BE65","1","1970s",46,201,100
"BE70_1","Good","BE70","1","1970s",54,201,100
"BE71_1","Good","BE71","1","1970s",59,201,100
"BE78_1","Good","BE78","1","1970s",48,201,100
"BE80_1","Good","BE80","1","1970s",59,201,100
"BE82_1","Good","BE82","1","1970s",53,201,100
"BE84_1","Good","BE84","1","1970s",51,201,100
"BE85_1","Good","BE85","1","1970s",42,201,100
"BE86_1","Good","BE86","1","1970s",50,201,100
"BE89_1","Good","BE89","1","1970s",72,201,100
"BE90_1","Good","BE90","1","1970s",58,201,100
"BE91_1","Good","BE91","1","1970s",62,201,100
"BE92_1","Good","BE92","1","1970s",55,201,100
"BE94_1","Good","BE94","1","1970s",56,201,100
"BE95_1","Good","BE95","1","1970s",47,201,100
"BE96_1","Good","BE96","1","1970s",39,201,100
"BE99_1","Good","BE99","1","1970s",62,201,100
"BF00_1","Good","BF00","1","1970s",58,201,60.6767007659319
"BF02_1","Good","BF02","1","1970s",54,201,90.0620386642933
"BF03_1","Good","BF03","1","1970s",64,201,100
"BF04_1","Good","BF04","1","1970s",48,201,100
"BF05_1","Good","BF05","1","1970s",59,201,100
"BF06_1","Good","BF06","1","1970s",54,201,100
"BF07_1","Good","BF07","1","1970s",53,201,95.872277152451
"BF08_1","Good","BF08","1","1970s",44,201,64.9344661919674
"BF11_1","Good","BF11","1","1970s",58,201,70.0185889959049
"BF12_1","Good","BF12","1","1970s",61,201,91.9410966766758
"BF15_1","Good","BF15","1","1970s",38,201,100
"BF16_1","Good","BF16","1","1970s",43,201,100
"BF18_1","Good","BF18","1","1970s",34,201,38.3930891877643
"BF21_1","Good","BF21","1","1970s",50,201,100
"BF29_1","Good","BF29","1","1970s",58,201,79.788894172775
"BF31_1","Good","BF31","1","1970s",54,201,100
"BF32_1","Good","BF32","1","1970s",73,201,100
"BF33_1","Good","BF33","1","1970s",63,201,100
"BF38_1","Good","BF38","1","1970s",48,201,100
"BF39_1","Good","BF39","1","1970s",60,201,100
"BF40_1","Good","BF40","1","1970s",55,201,100
"BF41_1","Good","BF41","1","1970s",58,201,100
"BF43_1","Good","BF43","1","1970s",49,201,100
"BF44_1","Good","BF44","1","1970s",63,201,100
"BF49_1","Good","BF49","1","1970s",68,201,100
"BF50_1","Good","BF50","1","1970s",55,201,100
"BF58_1","Good","BF58","1","1970s",44,201,100
"BF59_1","Good","BF59","1","1970s",62,201,100
"BF60_1","Good","BF60","1","1970s",59,201,100
"BF61_1","Good","BF61","1","1970s",45,201,100
"BF62_1","Good","BF62","1","1970s",57,201,100
"BF68_1","Good","BF68","1","1970s",58,201,100
"BF69_1","Good","BF69","1","1970s",58,201,100
"BF72_1","Good","BF72","1","1970s",54,201,100
"BF77_1","Good","BF77","1","1970s",51,201,100
"BF78_1","Good","BF78","1","1970s",53,201,100
"BF79_1","Good","BF79","1","1970s",53,201,100
"BF80_1","Good","BF80","1","1970s",52,201,100
"BF81_1","Good","BF81","1","1970s",55,201,100
"BF82_1","Good","BF82","1","1970s",65,201,100
"BF83_1","Good","BF83","1","1970s",60,201,100
"BF88_1","Good","BF88","1","1970s",53,201,100
"BF89_1","Good","BF89","1","1970s",53,201,100
"BF94_1","Good","BF94","1","1970s",50,201,100
"BF97_1","Good","BF97","1","1970s",48,201,100
"BG27_1","Good","BG27","1","1970s",64,201,49.8379213582154
"BG28_1","Good","BG28","1","1970s",59,201,72.4785331288395
"BG29_1","Good","BG29","1","1970s",90,201,45.2829931338949
"BG30_1","Good","BG30","1","1970s",37,201,33.5351059999925
"BG31_1","Good","BG31","1","1970s",85,201,78.6841263949782
"BG32_1","Good","BG32","1","1970s",94,201,68.5141514097215
"BG33_1","Good","BG33","1","1970s",17,201,36.8837338130741
"BG39_1","Good","BG39","1","1970s",55,201,84.5100876705011
"BG41_1","Good","BG41","1","1970s",62,201,34.9995711224918
"BG42_1","Good","BG42","1","1970s",72,201,45.4397723268083
"BG43_1","Good","BG43","1","1970s",40,201,36.7732424325284
"BG45_1","Good","BG45","1","1970s",35,201,31.590058013953
"BG49_1","Good","BG49","1","1970s",67,201,94.2709071021557
"BG50_1","Good","BG50","1","1970s",47,201,55.3606746784871
"BG54_1","Good","BG54","1","1970s",41,201,31.6727779528891
"BG55_1","Good","BG55","1","1970s",73,201,36.9332843715852
"BG60_1","Good","BG60","1","1970s",65,201,100
"BG61_1","Good","BG61","1","1970s",60,201,100
"BG62_1","Good","BG62","1","1970s",69,201,99.4188440712721
"BG63_1","Good","BG63","1","1970s",74,201,100
"BG64_1","Good","BG64","1","1970s",60,201,100
"BG65_1","Good","BG65","1","1970s",60,201,100
"BG66_1","Good","BG66","1","1970s",65,201,100
"BG70_1","Good","BG70","1","1970s",50,201,100
"BG71_1","Good","BG71","1","1970s",52,201,100
"BG72_1","Good","BG72","1","1970s",62,201,100
"BG73_1","Good","BG73","1","1970s",66,201,100
"BG74_1","Good","BG74","1","1970s",55,201,100
"BG75_1","Good","BG75","1","1970s",54,201,100
"BG76_1","Good","BG76","1","1970s",82,201,100
"BG79_1","Good","BG79","1","1970s",47,201,100
"BG80_1","Good","BG80","1","1970s",59,201,100
"BG81_1","Good","BG81","1","1970s",51,201,100
"BG82_1","Good","BG82","1","1970s",51,201,100
"BG83_1","Good","BG83","1","1970s",65,201,100
"BG84_1","Good","BG84","1","1970s",56,201,100
"BG85_1","Good","BG85","1","1970s",74,201,100
"BG86_1","Good","BG86","1","1970s",52,201,100
"BG90_1","Good","BG90","1","1970s",62,201,100
"BG91_1","Good","BG91","1","1970s",52,201,100
"BG92_1","Good","BG92","1","1970s",57,201,100
"BG93_1","Good","BG93","1","1970s",66,201,100
"BH57_1","Good","BH57","1","1970s",68,201,53.1740038115592
"BH58_1","Good","BH58","1","1970s",58,201,36.0359322349264
"BH59_1","Good","BH59","1","1970s",55,201,58.2094353209987
"BH66_1","Good","BH66","1","1970s",58,201,100
"BH67_1","Good","BH67","1","1970s",67,201,100
"BH68_1","Good","BH68","1","1970s",57,201,100
"BH69_1","Good","BH69","1","1970s",63,201,100
"BH76_1","Good","BH76","1","1970s",76,201,100
"BH77_1","Good","BH77","1","1970s",87,201,100
"BH78_1","Good","BH78","1","1970s",64,201,100
"BH79_1","Good","BH79","1","1970s",63,201,100
"BH86_1","Good","BH86","1","1970s",47,201,100
"BH87_1","Good","BH87","1","1970s",86,201,100
"BH88_1","Good","BH88","1","1970s",63,201,100
"BH89_1","Good","BH89","1","1970s",60,201,100
"BH96_1","Good","BH96","1","1970s",51,201,100
"BH97_1","Good","BH97","1","1970s",63,201,100
"BH99_1","Good","BH99","1","1970s",95,201,100
"CC04_1","Good","CC04","1","1970s",68,201,97.6915925236043
"CC05_1","Good","CC05","1","1970s",48,201,100
"CC06_1","Good","CC06","1","1970s",63,201,95.0939311489514
"CC14_1","Good","CC14","1","1970s",40,201,74.2985797171558
"CC16_1","Good","CC16","1","1970s",51,201,66.6923075088162
"CC23_1","Good","CC23","1","1970s",58,201,37.5625086392495
"CC24_1","Good","CC24","1","1970s",55,201,99.9687592292757
"CC25_1","Good","CC25","1","1970s",45,201,100
"CC31_1","Good","CC31","1","1970s",55,201,100
"CC35_1","Good","CC35","1","1970s",43,201,100
"CC36_1","Good","CC36","1","1970s",59,201,81.1049903598051
"CC41_1","Good","CC41","1","1970s",52,201,100
"CC46_1","Good","CC46","1","1970s",73,201,99.4126900796323
"CC50_1","Good","CC50","1","1970s",55,201,100
"CC53_1","Good","CC53","1","1970s",71,201,89.0326125016613
"CC54_1","Good","CC54","1","1970s",63,201,57.8198622032521
"CC56_1","Good","CC56","1","1970s",73,201,100
"CC57_1","Good","CC57","1","1970s",50,201,68.2665641817273
"CC60_1","Good","CC60","1","1970s",55,201,100
"CC61_1","Good","CC61","1","1970s",75,201,99.0996831886711
"CC62_1","Good","CC62","1","1970s",65,201,75.2309604023349
"CC64_1","Good","CC64","1","1970s",57,201,48.267872939201
"CC65_1","Good","CC65","1","1970s",48,201,100
"CC68_1","Good","CC68","1","1970s",43,201,57.5382109369765
"CC70_1","Good","CC70","1","1970s",72,201,100
"CC72_1","Good","CC72","1","1970s",65,201,84.9339955534113
"CC75_1","Good","CC75","1","1970s",98,201,79.0514381705116
"CC77_1","Good","CC77","1","1970s",61,201,100
"CC80_1","Good","CC80","1","1970s",83,201,100
"CC83_1","Good","CC83","1","1970s",59,201,94.8749392499528
"CC84_1","Good","CC84","1","1970s",41,201,39.9002990703237
"CC85_1","Good","CC85","1","1970s",85,201,88.0171803414787
"CC86_1","Good","CC86","1","1970s",50,201,100
"CC88_1","Good","CC88","1","1970s",47,201,100
"CC92_1","Good","CC92","1","1970s",58,201,100
"CC93_1","Good","CC93","1","1970s",62,201,100
"CC94_1","Good","CC94","1","1970s",63,201,67.6865433444742
"CC95_1","Good","CC95","1","1970s",30,201,46.815369838424
"CC96_1","Good","CC96","1","1970s",60,201,100
"CC97_1","Good","CC97","1","1970s",80,201,100
"CC98_1","Good","CC98","1","1970s",55,201,100
"CD03_1","Good","CD03","1","1970s",73,201,87.7493218512554
"CD04_1","Good","CD04","1","1970s",61,201,58.1458688653336
"CD08_1","Good","CD08","1","1970s",60,201,91.0101244629832
"CD09_1","Good","CD09","1","1970s",55,201,57.7273319267787
"CD11_1","Good","CD11","1","1970s",61,201,100
"CD12_1","Good","CD12","1","1970s",46,201,100
"CD15_1","Good","CD15","1","1970s",47,201,28.407248539923
"CD17_1","Good","CD17","1","1970s",46,201,80.2982792587547
"CD18_1","Good","CD18","1","1970s",43,201,34.5514618644161
"CD20_1","Good","CD20","1","1970s",64,201,100
"CD21_1","Good","CD21","1","1970s",54,201,100
"CD22_1","Good","CD22","1","1970s",57,201,100
"CD31_1","Good","CD31","1","1970s",46,201,100
"CD32_1","Good","CD32","1","1970s",45,201,98.5689230164375
"CD33_1","Good","CD33","1","1970s",74,201,57.5618792524392
"CD36_1","Good","CD36","1","1970s",42,201,34.557789015666
"CD40_1","Good","CD40","1","1970s",68,201,100
"CD42_1","Good","CD42","1","1970s",59,201,100
"CD43_1","Good","CD43","1","1970s",59,201,71.4123372332504
"CD47_1","Good","CD47","1","1970s",60,201,100
"CD50_1","Good","CD50","1","1970s",52,201,100
"CD51_1","Good","CD51","1","1970s",56,201,100
"CD54_1","Good","CD54","1","1970s",60,201,100
"CD57_1","Good","CD57","1","1970s",47,201,100
"CD59_1","Good","CD59","1","1970s",43,201,100
"CD60_1","Good","CD60","1","1970s",65,201,100
"CD62_1","Good","CD62","1","1970s",69,201,100
"CD63_1","Good","CD63","1","1970s",55,201,100
"CD64_1","Good","CD64","1","1970s",50,201,100
"CD67_1","Good","CD67","1","1970s",57,201,100
"CD69_1","Good","CD69","1","1970s",52,201,100
"CD70_1","Good","CD70","1","1970s",52,201,100
"CD71_1","Good","CD71","1","1970s",61,201,100
"CD73_1","Good","CD73","1","1970s",72,201,100
"CD74_1","Good","CD74","1","1970s",70,201,100
"CD75_1","Good","CD75","1","1970s",56,201,100
"CD79_1","Good","CD79","1","1970s",66,201,100
"CD80_1","Good","CD80","1","1970s",52,201,100
"CD82_1","Good","CD82","1","1970s",56,201,100
"CD83_1","Good","CD83","1","1970s",68,201,100
"CD84_1","Good","CD84","1","1970s",74,201,100
"CD85_1","Good","CD85","1","1970s",60,201,100
"CD89_1","Good","CD89","1","1970s",62,201,100
"CD90_1","Good","CD90","1","1970s",62,201,100
"CD92_1","Good","CD92","1","1970s",63,201,100
"CD95_1","Good","CD95","1","1970s",71,201,98.5165148759155
"CD98_1","Good","CD98","1","1970s",56,201,100
"CE00_1","Good","CE00","1","1970s",67,201,100
"CE02_1","Good","CE02","1","1970s",57,201,100
"CE03_1","Good","CE03","1","1970s",43,201,100
"CE09_1","Good","CE09","1","1970s",50,201,100
"CE10_1","Good","CE10","1","1970s",61,201,100
"CE11_1","Good","CE11","1","1970s",42,201,100
"CE15_1","Good","CE15","1","1970s",41,201,100
"CE17_1","Good","CE17","1","1970s",68,201,100
"CE18_1","Good","CE18","1","1970s",64,201,100
"CE19_1","Good","CE19","1","1970s",56,201,100
"CE20_1","Good","CE20","1","1970s",51,201,100
"CE22_1","Good","CE22","1","1970s",60,201,100
"CE25_1","Good","CE25","1","1970s",44,201,100
"CE27_1","Good","CE27","1","1970s",48,201,100
"CE28_1","Good","CE28","1","1970s",52,201,100
"CE29_1","Good","CE29","1","1970s",45,201,100
"CE30_1","Good","CE30","1","1970s",75,201,100
"CE31_1","Good","CE31","1","1970s",71,201,100
"CE34_1","Good","CE34","1","1970s",40,201,100
"CE35_1","Good","CE35","1","1970s",55,201,100
"CE37_1","Good","CE37","1","1970s",40,201,100
"CE38_1","Good","CE38","1","1970s",61,201,100
"CE42_1","Good","CE42","1","1970s",48,201,100
"CE44_1","Good","CE44","1","1970s",59,201,100
"CE45_1","Good","CE45","1","1970s",51,201,100
"CE46_1","Good","CE46","1","1970s",38,201,100
"CE47_1","Good","CE47","1","1970s",55,201,100
"CE48_1","Good","CE48","1","1970s",42,201,100
"CE49_1","Good","CE49","1","1970s",73,201,100
"CE51_1","Good","CE51","1","1970s",85,201,100
"CE52_1","Good","CE52","1","1970s",66,201,100
"CE60_1","Good","CE60","1","1970s",81,201,100
"CE61_1","Good","CE61","1","1970s",60,201,100
"CE62_1","Good","CE62","1","1970s",65,201,100
"CE64_1","Good","CE64","1","1970s",72,201,100
"CE66_1","Good","CE66","1","1970s",50,201,100
"CE67_1","Good","CE67","1","1970s",57,201,100
"CE68_1","Good","CE68","1","1970s",57,201,100
"CE69_1","Good","CE69","1","1970s",48,201,100
"CE70_1","Good","CE70","1","1970s",58,201,100
"CE71_1","Good","CE71","1","1970s",57,201,100
"CE72_1","Good","CE72","1","1970s",84,201,100
"CE74_1","Good","CE74","1","1970s",54,201,100
"CE75_1","Good","CE75","1","1970s",55,201,100
"CE76_1","Good","CE76","1","1970s",48,201,100
"CE77_1","Good","CE77","1","1970s",56,201,100
"CE78_1","Good","CE78","1","1970s",65,201,100
"CE79_1","Good","CE79","1","1970s",60,201,100
"CE80_1","Good","CE80","1","1970s",68,201,100
"CE81_1","Good","CE81","1","1970s",75,201,100
"CE82_1","Good","CE82","1","1970s",74,201,100
"CE84_1","Good","CE84","1","1970s",53,201,100
"CE85_1","Good","CE85","1","1970s",51,201,100
"CE86_1","Good","CE86","1","1970s",56,201,100
"CE87_1","Good","CE87","1","1970s",55,201,100
"CE88_1","Good","CE88","1","1970s",70,201,100
"CE89_1","Good","CE89","1","1970s",45,201,100
"CE90_1","Good","CE90","1","1970s",69,201,100
"CE91_1","Good","CE91","1","1970s",76,201,100
"CE92_1","Good","CE92","1","1970s",71,201,100
"CE97_1","Good","CE97","1","1970s",54,201,100
"CE99_1","Good","CE99","1","1970s",51,201,100
"CF00_1","Good","CF00","1","1970s",69,201,100
"CF03_1","Good","CF03","1","1970s",57,201,100
"CF04_1","Good","CF04","1","1970s",57,201,100
"CF07_1","Good","CF07","1","1970s",49,201,100
"CF10_1","Good","CF10","1","1970s",70,201,100
"CF13_1","Good","CF13","1","1970s",76,201,100
"CF14_1","Good","CF14","1","1970s",56,201,100
"CF15_1","Good","CF15","1","1970s",58,201,100
"CF16_1","Good","CF16","1","1970s",47,201,100
"CF17_1","Good","CF17","1","1970s",41,201,100
"CF18_1","Good","CF18","1","1970s",48,201,100
"CF19_1","Good","CF19","1","1970s",62,201,100
"CF23_1","Good","CF23","1","1970s",57,201,100
"CF28_1","Good","CF28","1","1970s",42,201,100
"CF29_1","Good","CF29","1","1970s",62,201,100
"CF30_1","Good","CF30","1","1970s",58,201,100
"CF32_1","Good","CF32","1","1970s",62,201,100
"CF33_1","Good","CF33","1","1970s",73,201,100
"CF34_1","Good","CF34","1","1970s",74,201,100
"CF35_1","Good","CF35","1","1970s",68,201,100
"CF38_1","Good","CF38","1","1970s",56,201,100
"CF39_1","Good","CF39","1","1970s",53,201,100
"CF40_1","Good","CF40","1","1970s",66,201,100
"CF41_1","Good","CF41","1","1970s",60,201,100
"CF42_1","Good","CF42","1","1970s",38,201,100
"CF43_1","Good","CF43","1","1970s",54,201,100
"CF44_1","Good","CF44","1","1970s",63,201,100
"CF45_1","Good","CF45","1","1970s",62,201,100
"CF49_1","Good","CF49","1","1970s",71,201,100
"CF50_1","Good","CF50","1","1970s",72,201,100
"CF51_1","Good","CF51","1","1970s",76,201,100
"CF52_1","Good","CF52","1","1970s",56,201,100
"CF54_1","Good","CF54","1","1970s",66,201,100
"CF55_1","Good","CF55","1","1970s",62,201,100
"CF58_1","Good","CF58","1","1970s",52,201,100
"CF59_1","Good","CF59","1","1970s",65,201,100
"CF60_1","Good","CF60","1","1970s",74,201,92.0834828807869
"CF61_1","Good","CF61","1","1970s",61,201,100
"CF62_1","Good","CF62","1","1970s",51,201,100
"CF64_1","Good","CF64","1","1970s",68,201,99.6167626252403
"CF65_1","Good","CF65","1","1970s",61,201,100
"CF69_1","Good","CF69","1","1970s",66,201,100
"CF70_1","Good","CF70","1","1970s",67,201,60.3246843376533
"CF71_1","Good","CF71","1","1970s",55,201,100
"CF73_1","Good","CF73","1","1970s",50,201,100
"CF75_1","Good","CF75","1","1970s",52,201,100
"CF76_1","Good","CF76","1","1970s",52,201,100
"CF78_1","Good","CF78","1","1970s",79,201,100
"CF79_1","Good","CF79","1","1970s",58,201,100
"CF82_1","Good","CF82","1","1970s",76,201,100
"CF84_1","Good","CF84","1","1970s",67,201,45.778468813505
"CF85_1","Good","CF85","1","1970s",62,201,100
"CF86_1","Good","CF86","1","1970s",63,201,100
"CF87_1","Good","CF87","1","1970s",66,201,100
"CF88_1","Good","CF88","1","1970s",55,201,100
"CF89_1","Good","CF89","1","1970s",68,201,100
"CF90_1","Good","CF90","1","1970s",57,201,69.9975665197082
"CF91_1","Good","CF91","1","1970s",53,201,57.4774977957222
"CF92_1","Good","CF92","1","1970s",68,201,96.1572828099174
"CF94_1","Good","CF94","1","1970s",55,201,69.5666109144058
"CF95_1","Good","CF95","1","1970s",70,201,100
"CF96_1","Good","CF96","1","1970s",65,201,100
"CF97_1","Good","CF97","1","1970s",66,201,100
"CF98_1","Good","CF98","1","1970s",65,201,100
"CF99_1","Good","CF99","1","1970s",69,201,100
"CG02_1","Good","CG02","1","1970s",59,201,100
"CG05_1","Good","CG05","1","1970s",61,201,100
"CG06_1","Good","CG06","1","1970s",60,201,100
"CG07_1","Good","CG07","1","1970s",68,201,100
"CG08_1","Good","CG08","1","1970s",66,201,100
"CG09_1","Good","CG09","1","1970s",73,201,100
"CG13_1","Good","CG13","1","1970s",55,201,100
"CG15_1","Good","CG15","1","1970s",59,201,100
"CG18_1","Good","CG18","1","1970s",74,201,100
"CG19_1","Good","CG19","1","1970s",62,201,100
"CG22_1","Good","CG22","1","1970s",62,201,100
"CG23_1","Good","CG23","1","1970s",53,201,100
"CG25_1","Good","CG25","1","1970s",53,201,100
"CG27_1","Good","CG27","1","1970s",75,201,100
"CG28_1","Good","CG28","1","1970s",65,201,100
"CG29_1","Good","CG29","1","1970s",61,201,100
"CG33_1","Good","CG33","1","1970s",45,201,100
"CG37_1","Good","CG37","1","1970s",53,201,100
"CG38_1","Good","CG38","1","1970s",63,201,100
"CG39_1","Good","CG39","1","1970s",68,201,100
"CG40_1","Good","CG40","1","1970s",71,201,100
"CG41_1","Good","CG41","1","1970s",58,201,100
"CG42_1","Good","CG42","1","1970s",61,201,100
"CG44_1","Good","CG44","1","1970s",65,201,100
"CG45_1","Good","CG45","1","1970s",52,201,100
"CG46_1","Good","CG46","1","1970s",68,201,100
"CG47_1","Good","CG47","1","1970s",65,201,100
"CG48_1","Good","CG48","1","1970s",83,201,100
"CG49_1","Good","CG49","1","1970s",65,201,100
"CG50_1","Good","CG50","1","1970s",58,201,99.1584277425785
"CG51_1","Good","CG51","1","1970s",80,201,98.1631917676952
"CG53_1","Good","CG53","1","1970s",66,201,100
"CG54_1","Good","CG54","1","1970s",52,201,100
"CG56_1","Good","CG56","1","1970s",50,201,100
"CG57_1","Good","CG57","1","1970s",53,201,100
"CG58_1","Good","CG58","1","1970s",86,201,100
"CG59_1","Good","CG59","1","1970s",77,201,100
"CG60_1","Good","CG60","1","1970s",51,201,76.8046030132389
"CG61_1","Good","CG61","1","1970s",67,201,52.1409196559562
"CG62_1","Good","CG62","1","1970s",53,201,58.3056430612164
"CG64_1","Good","CG64","1","1970s",52,201,97.3352058305645
"CG65_1","Good","CG65","1","1970s",62,201,100
"CG66_1","Good","CG66","1","1970s",55,201,100
"CG67_1","Good","CG67","1","1970s",67,201,100
"CG68_1","Good","CG68","1","1970s",69,201,100
"CG69_1","Good","CG69","1","1970s",82,201,91.1674889131165
"CG73_1","Good","CG73","1","1970s",57,201,78.9572195756507
"CG75_1","Good","CG75","1","1970s",54,201,94.8473016073833
"CG77_1","Good","CG77","1","1970s",80,201,71.0051900328493
"CG78_1","Good","CG78","1","1970s",54,201,74.9055871154747
"CG79_1","Good","CG79","1","1970s",72,201,95.1023000414998
"CG80_1","Good","CG80","1","1970s",50,201,39.7331943091669
"CG83_1","Good","CG83","1","1970s",60,201,68.6251113675168
"CG84_1","Good","CG84","1","1970s",44,201,97.1407759693279
"CG85_1","Good","CG85","1","1970s",35,201,36.0798460262285
"CG89_1","Good","CG89","1","1970s",75,201,62.2756970943883
"CG90_1","Good","CG90","1","1970s",38,201,84.3733515730968
"CG99_1","Good","CG99","1","1970s",56,201,49.2736706314746
"CH06_1","Good","CH06","1","1970s",54,201,100
"CH16_1","Good","CH16","1","1970s",73,201,100
"CH18_1","Good","CH18","1","1970s",55,201,100
"CH26_1","Good","CH26","1","1970s",73,201,100
"CH27_1","Good","CH27","1","1970s",80,201,100
"CH28_1","Good","CH28","1","1970s",55,201,100
"CH34_1","Good","CH34","1","1970s",61,201,100
"CH35_1","Good","CH35","1","1970s",60,201,100
"CH36_1","Good","CH36","1","1970s",69,201,100
"CH37_1","Good","CH37","1","1970s",77,201,100
"CH45_1","Good","CH45","1","1970s",57,201,100
"CH46_1","Good","CH46","1","1970s",78,201,100
"CH47_1","Good","CH47","1","1970s",46,201,100
"CH48_1","Good","CH48","1","1970s",71,201,100
"CH55_1","Good","CH55","1","1970s",87,201,78.6857584092008
"CH56_1","Good","CH56","1","1970s",88,201,100
"CH57_1","Good","CH57","1","1970s",69,201,100
"CH58_1","Good","CH58","1","1970s",73,201,100
"CH59_1","Good","CH59","1","1970s",63,201,72.5486638212771
"CH65_1","Good","CH65","1","1970s",44,201,40.3016866772317
"CH66_1","Good","CH66","1","1970s",72,201,86.6698695097351
"CH67_1","Good","CH67","1","1970s",71,201,100
"CH68_1","Good","CH68","1","1970s",55,201,100
"CH76_1","Good","CH76","1","1970s",49,201,38.0357494214593
"CH77_1","Good","CH77","1","1970s",104,201,90.3801940405882
"CH78_1","Good","CH78","1","1970s",55,201,100
"CH86_1","Good","CH86","1","1970s",72,201,79.2983993075616
"CH87_1","Good","CH87","1","1970s",49,201,77.0862822775507
"CH88_1","Good","CH88","1","1970s",62,201,94.6629726327992
"CH95_1","Good","CH95","1","1970s",77,201,35.9861429734359
"CH96_1","Good","CH96","1","1970s",81,201,45.0894004803143
"CH97_1","Good","CH97","1","1970s",75,201,88.9759729646184
"CH98_1","Good","CH98","1","1970s",55,201,56.7650567507266
"CH99_1","Good","CH99","1","1970s",46,201,68.4978793406965
"DB11_1","Good","DB11","1","1970s",58,201,100
"DB14_1","Good","DB14","1","1970s",37,201,100
"DB16_1","Good","DB16","1","1970s",54,201,68.4738489270936
"DB24_1","Good","DB24","1","1970s",52,201,100
"DB25_1","Good","DB25","1","1970s",49,201,100
"DB26_1","Good","DB26","1","1970s",48,201,75.8265735949688
"DB32_1","Good","DB32","1","1970s",44,201,100
"DB33_1","Good","DB33","1","1970s",53,201,100
"DB34_1","Good","DB34","1","1970s",63,201,100
"DB35_1","Good","DB35","1","1970s",48,201,100
"DB40_1","Good","DB40","1","1970s",64,201,100
"DB43_1","Good","DB43","1","1970s",49,201,100
"DB44_1","Good","DB44","1","1970s",60,201,100
"DB45_1","Good","DB45","1","1970s",47,201,100
"DB53_1","Good","DB53","1","1970s",43,201,100
"DB54_1","Good","DB54","1","1970s",53,201,100
"DB55_1","Good","DB55","1","1970s",62,201,100
"DB60_1","Good","DB60","1","1970s",48,201,100
"DB62_1","Good","DB62","1","1970s",44,201,100
"DB64_1","Good","DB64","1","1970s",54,201,100
"DB65_1","Good","DB65","1","1970s",46,201,100
"DB68_1","Good","DB68","1","1970s",28,201,44.8797192716513
"DB70_1","Good","DB70","1","1970s",41,201,100
"DB72_1","Good","DB72","1","1970s",55,201,100
"DB74_1","Good","DB74","1","1970s",46,201,97.711342876688
"DB75_1","Good","DB75","1","1970s",47,201,44.9319404322395
"DB78_1","Good","DB78","1","1970s",50,201,80.5128080431074
"DB79_1","Good","DB79","1","1970s",35,201,37.3209101112595
"DB80_1","Good","DB80","1","1970s",29,201,50.0386849300232
"DB81_1","Good","DB81","1","1970s",38,201,33.3777511863213
"DB82_1","Good","DB82","1","1970s",55,201,27.7590016723747
"DB83_1","Good","DB83","1","1970s",67,201,51.5230378670245
"DB89_1","Good","DB89","1","1970s",62,201,62.4383355345561
"DC00_1","Good","DC00","1","1970s",74,201,100
"DC01_1","Good","DC01","1","1970s",53,201,100
"DC02_1","Good","DC02","1","1970s",51,201,100
"DC04_1","Good","DC04","1","1970s",68,201,82.2589356993454
"DC07_1","Good","DC07","1","1970s",93,201,100
"DC08_1","Good","DC08","1","1970s",90,201,100
"DC09_1","Good","DC09","1","1970s",46,201,100
"DC10_1","Good","DC10","1","1970s",53,201,100
"DC11_1","Good","DC11","1","1970s",72,201,100
"DC15_1","Good","DC15","1","1970s",56,201,89.0966632096471
"DC18_1","Good","DC18","1","1970s",53,201,100
"DC19_1","Good","DC19","1","1970s",56,201,100
"DC23_1","Good","DC23","1","1970s",76,201,100
"DC25_1","Good","DC25","1","1970s",49,201,81.8775625643873
"DC26_1","Good","DC26","1","1970s",74,201,100
"DC27_1","Good","DC27","1","1970s",54,201,100
"DC28_1","Good","DC28","1","1970s",66,201,100
"DC32_1","Good","DC32","1","1970s",57,201,100
"DC33_1","Good","DC33","1","1970s",63,201,95.0168834549084
"DC40_1","Good","DC40","1","1970s",74,201,100
"DC41_1","Good","DC41","1","1970s",58,201,100
"DC42_1","Good","DC42","1","1970s",66,201,100
"DC53_1","Good","DC53","1","1970s",58,201,76.0361843233583
"DC57_1","Good","DC57","1","1970s",49,201,100
"DC69_1","Good","DC69","1","1970s",46,201,100
"DC89_1","Good","DC89","1","1970s",42,201,68.9797278353176
"DD00_1","Good","DD00","1","1970s",44,201,100
"DD01_1","Good","DD01","1","1970s",68,201,100
"DD03_1","Good","DD03","1","1970s",49,201,100
"DD05_1","Good","DD05","1","1970s",66,201,83.8944270075288
"DD08_1","Good","DD08","1","1970s",60,201,100
"DD09_1","Good","DD09","1","1970s",81,201,100
"DD10_1","Good","DD10","1","1970s",54,201,100
"DD11_1","Good","DD11","1","1970s",78,201,100
"DD12_1","Good","DD12","1","1970s",69,201,100
"DD13_1","Good","DD13","1","1970s",42,201,100
"DD16_1","Good","DD16","1","1970s",66,201,92.6023664013214
"DD17_1","Good","DD17","1","1970s",65,201,100
"DD18_1","Good","DD18","1","1970s",69,201,100
"DD19_1","Good","DD19","1","1970s",64,201,100
"DD20_1","Good","DD20","1","1970s",52,201,100
"DD21_1","Good","DD21","1","1970s",54,201,100
"DD26_1","Good","DD26","1","1970s",70,201,64.4448669779563
"DD28_1","Good","DD28","1","1970s",53,201,100
"DD29_1","Good","DD29","1","1970s",68,201,100
"DD30_1","Good","DD30","1","1970s",63,201,100
"DD37_1","Good","DD37","1","1970s",57,201,91.4966982892208
"DD43_1","Good","DD43","1","1970s",55,201,99.5718289426022
"DD47_1","Good","DD47","1","1970s",56,201,79.4729357814585
"DD51_1","Good","DD51","1","1970s",67,201,92.1588306145469
"DD52_1","Good","DD52","1","1970s",47,201,87.3668468060065
"DD53_1","Good","DD53","1","1970s",58,201,78.4304721993488
"DD57_1","Good","DD57","1","1970s",62,201,73.7605593021301
"DD61_1","Good","DD61","1","1970s",57,201,100
"DD62_1","Good","DD62","1","1970s",55,201,100
"DD63_1","Good","DD63","1","1970s",52,201,93.5466207994595
"DD64_1","Good","DD64","1","1970s",55,201,45.2918263511844
"DD70_1","Good","DD70","1","1970s",63,201,100
"DD72_1","Good","DD72","1","1970s",48,201,100
"DD80_1","Good","DD80","1","1970s",63,201,100
"DD90_1","Good","DD90","1","1970s",40,201,100
"DD91_1","Good","DD91","1","1970s",59,201,100
"DE00_1","Good","DE00","1","1970s",64,201,100
"DE01_1","Good","DE01","1","1970s",79,201,100
"DE03_1","Good","DE03","1","1970s",57,201,100
"DE05_1","Good","DE05","1","1970s",42,201,100
"DE07_1","Good","DE07","1","1970s",70,201,100
"DE10_1","Good","DE10","1","1970s",60,201,100
"DE11_1","Good","DE11","1","1970s",60,201,100
"DE15_1","Good","DE15","1","1970s",55,201,100
"DE16_1","Good","DE16","1","1970s",53,201,100
"DE18_1","Good","DE18","1","1970s",64,201,100
"DE20_1","Good","DE20","1","1970s",65,201,100
"DE21_1","Good","DE21","1","1970s",56,201,100
"DE23_1","Good","DE23","1","1970s",63,201,100
"DE24_1","Good","DE24","1","1970s",83,201,100
"DE25_1","Good","DE25","1","1970s",64,201,100
"DE30_1","Good","DE30","1","1970s",79,201,100
"DE31_1","Good","DE31","1","1970s",53,201,100
"DE34_1","Good","DE34","1","1970s",88,201,100
"DE35_1","Good","DE35","1","1970s",42,201,100
"DE36_1","Good","DE36","1","1970s",59,201,100
"DE37_1","Good","DE37","1","1970s",69,201,100
"DE38_1","Good","DE38","1","1970s",60,201,100
"DE40_1","Good","DE40","1","1970s",81,201,100
"DE43_1","Good","DE43","1","1970s",55,201,100
"DE44_1","Good","DE44","1","1970s",87,201,100
"DE50_1","Good","DE50","1","1970s",56,201,75.292574882988
"DE51_1","Good","DE51","1","1970s",83,201,69.3754361019859
"DE52_1","Good","DE52","1","1970s",69,201,78.3188858735943
"DE53_1","Good","DE53","1","1970s",70,201,49.4253962682819
"DE55_1","Good","DE55","1","1970s",46,201,48.4601439776516
"DE66_1","Good","DE66","1","1970s",67,201,35.7309639046398
"DE67_1","Good","DE67","1","1970s",63,201,87.6495673090973
"DE68_1","Good","DE68","1","1970s",61,201,100
"DE78_1","Good","DE78","1","1970s",54,201,99.7182269714088
"DE79_1","Good","DE79","1","1970s",75,201,100
"DE84_1","Good","DE84","1","1970s",62,201,35.1543424754179
"DE86_1","Good","DE86","1","1970s",43,201,75.3756436512183
"DE87_1","Good","DE87","1","1970s",84,201,61.242966140989
"DE90_1","Good","DE90","1","1970s",44,201,60.6042271812401
"DE94_1","Good","DE94","1","1970s",47,201,31.5524768138695
"DE96_1","Good","DE96","1","1970s",64,201,82.0333801747398
"DE97_1","Good","DE97","1","1970s",75,201,100
"DE98_1","Good","DE98","1","1970s",62,201,100
"DE99_1","Good","DE99","1","1970s",48,201,100
"DF00_1","Good","DF00","1","1970s",57,201,89.0683242408657
"DF01_1","Good","DF01","1","1970s",49,201,26.2058017159447
"DF05_1","Good","DF05","1","1970s",45,201,100
"DF07_1","Good","DF07","1","1970s",72,201,99.9928997275505
"DF08_1","Good","DF08","1","1970s",38,201,95.8749272893791
"DF10_1","Good","DF10","1","1970s",48,201,43.5799219549289
"DF14_1","Good","DF14","1","1970s",71,201,54.0063024856634
"DF15_1","Good","DF15","1","1970s",65,201,100
"DF16_1","Good","DF16","1","1970s",68,201,100
"DF17_1","Good","DF17","1","1970s",65,201,74.6081199100685
"DF18_1","Good","DF18","1","1970s",76,201,70.9328282569563
"DF19_1","Good","DF19","1","1970s",56,201,100
"DF20_1","Good","DF20","1","1970s",58,201,87.8899248197605
"DF24_1","Good","DF24","1","1970s",52,201,32.7889789299617
"DF25_1","Good","DF25","1","1970s",79,201,83.5574410901051
"DF26_1","Good","DF26","1","1970s",46,201,88.4065613883705
"DF28_1","Good","DF28","1","1970s",77,201,43.3915841775848
"DF29_1","Good","DF29","1","1970s",54,201,100
"DF30_1","Good","DF30","1","1970s",60,201,100
"DF31_1","Good","DF31","1","1970s",64,201,64.2877648217631
"DF37_1","Good","DF37","1","1970s",79,201,26.5421913319952
"DF38_1","Good","DF38","1","1970s",94,201,55.4711695882563
"DF39_1","Good","DF39","1","1970s",72,201,100
"DF40_1","Good","DF40","1","1970s",62,201,100
"DF41_1","Good","DF41","1","1970s",55,201,97.8610774596184
"DF48_1","Good","DF48","1","1970s",60,201,75.8996905837873
"DF49_1","Good","DF49","1","1970s",47,201,100
"DF51_1","Good","DF51","1","1970s",54,201,100
"DF59_1","Good","DF59","1","1970s",74,201,59.3753642159204
"DF61_1","Good","DF61","1","1970s",62,201,100
"DF62_1","Good","DF62","1","1970s",62,201,67.4285239253447
"DF71_1","Good","DF71","1","1970s",53,201,100
"DF80_1","Good","DF80","1","1970s",63,201,76.3140123142021
"DF81_1","Good","DF81","1","1970s",63,201,65.4325065325543
"DF96_1","Good","DF96","1","1970s",64,201,46.1699303789047
"DF97_1","Good","DF97","1","1970s",40,201,84.0002369062102
"DG00_1","Good","DG00","1","1970s",45,201,39.4702399868395
"DG07_1","Good","DG07","1","1970s",74,201,62.7458660521922
"DG08_1","Good","DG08","1","1970s",49,201,67.4606067284632
"DG09_1","Good","DG09","1","1970s",68,201,97.2226006122527
"DG14_1","Good","DG14","1","1970s",60,201,52.7334171849607
"DG15_1","Good","DG15","1","1970s",51,201,67.6181291255582
"DG16_1","Good","DG16","1","1970s",55,201,78.1995318806875
"DG17_1","Good","DG17","1","1970s",40,201,99.8446715739899
"DG22_1","Good","DG22","1","1970s",50,201,31.842259892012
"DG23_1","Good","DG23","1","1970s",58,201,30.8461752424905
"DG24_1","Good","DG24","1","1970s",52,201,100
"DG25_1","Good","DG25","1","1970s",52,201,100
"DG27_1","Good","DG27","1","1970s",51,201,100
"DG28_1","Good","DG28","1","1970s",63,201,100
"DG29_1","Good","DG29","1","1970s",60,201,100
"DG33_1","Good","DG33","1","1970s",58,201,91.7035487078757
"DG34_1","Good","DG34","1","1970s",46,201,100
"DG35_1","Good","DG35","1","1970s",65,201,100
"DG38_1","Good","DG38","1","1970s",52,201,100
"DG41_1","Good","DG41","1","1970s",44,201,71.2525560393892
"DG42_1","Good","DG42","1","1970s",73,201,41.4674239498275
"DG43_1","Good","DG43","1","1970s",49,201,92.0382550341682
"DG44_1","Good","DG44","1","1970s",54,201,100
"DG46_1","Good","DG46","1","1970s",61,201,100
"DG47_1","Good","DG47","1","1970s",52,201,100
"DG48_1","Good","DG48","1","1970s",58,201,100
"DG49_1","Good","DG49","1","1970s",53,201,100
"DG51_1","Good","DG51","1","1970s",81,201,88.1740104933376
"DG52_1","Good","DG52","1","1970s",73,201,100
"DG53_1","Good","DG53","1","1970s",56,201,100
"DG56_1","Good","DG56","1","1970s",55,201,100
"DG57_1","Good","DG57","1","1970s",77,201,100
"DG58_1","Good","DG58","1","1970s",72,201,100
"DG59_1","Good","DG59","1","1970s",60,201,100
"DG61_1","Good","DG61","1","1970s",87,201,97.9923265305891
"DG62_1","Good","DG62","1","1970s",89,201,100
"DG63_1","Good","DG63","1","1970s",55,201,100
"DG64_1","Good","DG64","1","1970s",70,201,100
"DG67_1","Good","DG67","1","1970s",63,201,100
"DG69_1","Good","DG69","1","1970s",63,201,100
"DG71_1","Good","DG71","1","1970s",69,201,100
"DG72_1","Good","DG72","1","1970s",71,201,100
"DG73_1","Good","DG73","1","1970s",66,201,100
"DG74_1","Good","DG74","1","1970s",49,201,100
"DG75_1","Good","DG75","1","1970s",74,201,100
"DG76_1","Good","DG76","1","1970s",48,201,100
"DG77_1","Good","DG77","1","1970s",55,201,100
"DG78_1","Good","DG78","1","1970s",69,201,100
"DG79_1","Good","DG79","1","1970s",51,201,100
"DG81_1","Good","DG81","1","1970s",48,201,100
"DG83_1","Good","DG83","1","1970s",49,201,100
"DG85_1","Good","DG85","1","1970s",55,201,100
"DG86_1","Good","DG86","1","1970s",57,201,100
"DG87_1","Good","DG87","1","1970s",55,201,100
"DG88_1","Good","DG88","1","1970s",72,201,97.6514051232204
"DG89_1","Good","DG89","1","1970s",67,201,35.6656827819701
"DG90_1","Good","DG90","1","1970s",56,201,99.0952216354904
"DG91_1","Good","DG91","1","1970s",55,201,100
"DG92_1","Good","DG92","1","1970s",55,201,100
"DG94_1","Good","DG94","1","1970s",73,201,100
"DG95_1","Good","DG95","1","1970s",66,201,100
"DG96_1","Good","DG96","1","1970s",59,201,100
"DG97_1","Good","DG97","1","1970s",72,201,100
"DG98_1","Good","DG98","1","1970s",62,201,91.5383353666689
"DG99_1","Good","DG99","1","1970s",43,201,59.5252609687618
"DH06_1","Good","DH06","1","1970s",76,201,26.2665076818191
"DH07_1","Good","DH07","1","1970s",73,201,84.6169154812907
"DH08_1","Good","DH08","1","1970s",39,201,58.821813812655
"DH16_1","Good","DH16","1","1970s",86,201,50.3746482314935
"DH17_1","Good","DH17","1","1970s",84,201,98.1676952406166
"DH18_1","Good","DH18","1","1970s",60,201,98.2161883631196
"DH19_1","Good","DH19","1","1970s",64,201,59.1086735067987
"DH26_1","Good","DH26","1","1970s",53,201,70.1801069324488
"DH27_1","Good","DH27","1","1970s",69,201,100
"DH28_1","Good","DH28","1","1970s",61,201,85.8218439686241
"DH36_1","Good","DH36","1","1970s",68,201,47.3333290937519
"DH37_1","Good","DH37","1","1970s",45,201,35.9139945685139
"DH67_1","Good","DH67","1","1970s",41,201,61.1661651499696
"DH75_1","Good","DH75","1","1970s",38,201,28.320431675876
"DH76_1","Good","DH76","1","1970s",59,201,76.8331085204291
"DH85_1","Good","DH85","1","1970s",44,201,59.5499073018117
"DH86_1","Good","DH86","1","1970s",67,201,44.5362405776554
"DH98_1","Good","DH98","1","1970s",61,201,29.9231058462953
"DH99_1","Good","DH99","1","1970s",65,201,38.1133942778564
"EB03_1","Good","EB03","1","1970s",66,201,83.7991158207561
"EB04_1","Good","EB04","1","1970s",50,201,51.6454991248007
"EB06_1","Good","EB06","1","1970s",30,201,25.6472423803069
"EB07_1","Good","EB07","1","1970s",63,201,94.9494599035673
"EB08_1","Good","EB08","1","1970s",48,201,86.432964026578
"EB10_1","Good","EB10","1","1970s",50,201,53.2136230718933
"ED00_1","Good","ED00","1","1970s",72,201,100
"ED01_1","Good","ED01","1","1970s",93,201,100
"ED13_1","Good","ED13","1","1970s",58,201,42.2464186919146
"ED23_1","Good","ED23","1","1970s",64,201,33.1718020687373
"ED30_1","Good","ED30","1","1970s",56,201,73.6109358268201
"EE05_1","Good","EE05","1","1970s",55,201,43.3173729530115
"EE07_1","Good","EE07","1","1970s",57,201,100
"EE08_1","Good","EE08","1","1970s",59,201,100
"EE09_1","Good","EE09","1","1970s",50,201,100
"EE15_1","Good","EE15","1","1970s",37,201,54.7152689138832
"EE16_1","Good","EE16","1","1970s",67,201,67.9470438455257
"EE17_1","Good","EE17","1","1970s",70,201,100
"EE19_1","Good","EE19","1","1970s",56,201,100
"EE27_1","Good","EE27","1","1970s",63,201,52.0571219084988
"EE39_1","Good","EE39","1","1970s",55,201,65.5424783622665
"EF00_1","Good","EF00","1","1970s",43,201,61.8218879905937
"EF01_1","Good","EF01","1","1970s",73,201,56.956477979935
"EF02_1","Good","EF02","1","1970s",72,201,30.5801879016525
"EF06_1","Good","EF06","1","1970s",56,201,34.4333101033568
"EF07_1","Good","EF07","1","1970s",53,201,57.3205370934334
"EF08_1","Good","EF08","1","1970s",47,201,74.0642466834328
"EF09_1","Good","EF09","1","1970s",59,201,30.8007596838825
"EF10_1","Good","EF10","1","1970s",52,201,77.5058929486332
"EF11_1","Good","EF11","1","1970s",70,201,32.3020209370346
"EF45_1","Good","EF45","1","1970s",43,201,44.0870716637446
"EF54_1","Good","EF54","1","1970s",52,201,33.5592165053064
"EF55_1","Good","EF55","1","1970s",54,201,65.780857141799
"EF63_1","Good","EF63","1","1970s",43,201,67.4878417069955
"EF64_1","Good","EF64","1","1970s",57,201,86.6746320218383
"EF69_1","Good","EF69","1","1970s",42,201,30.5170054828889
"EF70_1","Good","EF70","1","1970s",55,201,62.3581741739755
"EF71_1","Good","EF71","1","1970s",72,201,88.1282037871981
"EF74_1","Good","EF74","1","1970s",71,201,99.6966385156517
"EF75_1","Good","EF75","1","1970s",83,201,35.5510108750493
"EF81_1","Good","EF81","1","1970s",70,201,100
"EF82_1","Good","EF82","1","1970s",56,201,100
"EF83_1","Good","EF83","1","1970s",61,201,100
"EF84_1","Good","EF84","1","1970s",71,201,99.9930582323784
"EF85_1","Good","EF85","1","1970s",45,201,85.1169538443992
"EF90_1","Good","EF90","1","1970s",58,201,100
"EF91_1","Good","EF91","1","1970s",70,201,100
"EF92_1","Good","EF92","1","1970s",75,201,100
"EF93_1","Good","EF93","1","1970s",80,201,100
"EF94_1","Good","EF94","1","1970s",63,201,100
"EF95_1","Good","EF95","1","1970s",63,201,100
"EG00_1","Good","EG00","1","1970s",62,201,81.6471521551656
"EG01_1","Good","EG01","1","1970s",50,201,100
"EG02_1","Good","EG02","1","1970s",52,201,100
"EG04_1","Good","EG04","1","1970s",89,201,100
"EG05_1","Good","EG05","1","1970s",59,201,100
"EG06_1","Good","EG06","1","1970s",57,201,100
"EG07_1","Good","EG07","1","1970s",59,201,100
"EG08_1","Good","EG08","1","1970s",58,201,99.2700886577149
"EG09_1","Good","EG09","1","1970s",51,201,84.2893066454876
"EG10_1","Good","EG10","1","1970s",52,201,67.7756807348255
"EG11_1","Good","EG11","1","1970s",67,201,100
"EG13_1","Good","EG13","1","1970s",75,201,100
"EG14_1","Good","EG14","1","1970s",47,201,100
"EG15_1","Good","EG15","1","1970s",54,201,100
"EG16_1","Good","EG16","1","1970s",48,201,100
"EG17_1","Good","EG17","1","1970s",68,201,100
"EG18_1","Good","EG18","1","1970s",65,201,74.9619683081493
"EG19_1","Good","EG19","1","1970s",45,201,34.7213643107285
"EG21_1","Good","EG21","1","1970s",60,201,51.8002480524712
"EG22_1","Good","EG22","1","1970s",66,201,76.7385525574608
"EG23_1","Good","EG23","1","1970s",67,201,98.6752824263287
"EG24_1","Good","EG24","1","1970s",64,201,97.836461386137
"EG25_1","Good","EG25","1","1970s",90,201,74.8468408248863
"EG26_1","Good","EG26","1","1970s",89,201,94.4997573675594
"EG27_1","Good","EG27","1","1970s",68,201,57.7446083247185
"EG30_1","Good","EG30","1","1970s",39,201,27.1187275887049
"EG40_1","Good","EG40","1","1970s",45,201,53.7826854879131
"EG41_1","Good","EG41","1","1970s",65,201,71.8994510889314
"EG42_1","Good","EG42","1","1970s",59,201,47.9610699032044
"EG76_1","Good","EG76","1","1970s",78,201,42.8188205238982
"EG77_1","Good","EG77","1","1970s",83,201,61.3121993459761
"EG84_1","Good","EG84","1","1970s",76,201,38.5567027949315
"EG85_1","Good","EG85","1","1970s",53,201,54.1640396202754
"EG86_1","Good","EG86","1","1970s",55,201,99.5298453056805
"EG87_1","Good","EG87","1","1970s",66,201,99.8761527457237
"EG88_1","Good","EG88","1","1970s",66,201,97.9060476614943
"EG89_1","Good","EG89","1","1970s",48,201,100
"EG94_1","Good","EG94","1","1970s",90,201,92.6634530431786
"EG95_1","Good","EG95","1","1970s",51,201,98.8423378607349
"EG96_1","Good","EG96","1","1970s",47,201,100
"EG97_1","Good","EG97","1","1970s",56,201,100
"EG99_1","Good","EG99","1","1970s",52,201,100
"EH08_1","Good","EH08","1","1970s",79,201,78.8757345424743
"EH09_1","Good","EH09","1","1970s",62,201,92.9710770648088
"EH13_1","Good","EH13","1","1970s",60,201,36.4915050052731
"EH14_1","Good","EH14","1","1970s",69,201,61.0399306801657
"EH15_1","Good","EH15","1","1970s",62,201,81.8891306288448
"EH16_1","Good","EH16","1","1970s",51,201,30.9480252552474
"EH17_1","Good","EH17","1","1970s",46,201,31.2683884456741
"EH23_1","Good","EH23","1","1970s",50,201,25.8268068398342
"EH24_1","Good","EH24","1","1970s",66,201,58.9041370865021
"EH25_1","Good","EH25","1","1970s",54,201,85.8426678555546
"EH26_1","Good","EH26","1","1970s",61,201,97.0454646720902
"EH27_1","Good","EH27","1","1970s",81,201,99.9989810020316
"EH37_1","Good","EH37","1","1970s",37,201,41.7522153371239
"EH38_1","Good","EH38","1","1970s",63,201,77.4420672920369
"EH39_1","Good","EH39","1","1970s",51,201,70.5325267096673
"EH49_1","Good","EH49","1","1970s",39,201,28.6505274363041
"EH54_1","Good","EH54","1","1970s",34,201,35.569869913017
"EH64_1","Good","EH64","1","1970s",48,201,96.762216901783
"EH73_1","Good","EH73","1","1970s",48,201,52.1623099528966
"EH75_1","Good","EH75","1","1970s",50,201,95.0048548990741
"EH88_1","Good","EH88","1","1970s",47,201,52.9201004889054
"EH92_1","Good","EH92","1","1970s",32,201,43.9128777223096
"EH96_1","Good","EH96","1","1970s",71,201,100
"FD02_1","Good","FD02","1","1970s",75,201,66.7862257161482
"FE00_1","Good","FE00","1","1970s",51,201,25.6921062768593
"FE10_1","Good","FE10","1","1970s",82,201,57.4591655666504
"FE20_1","Good","FE20","1","1970s",75,201,76.947433829683
"FE30_1","Good","FE30","1","1970s",102,201,65.834846331667
"FE40_1","Good","FE40","1","1970s",93,201,48.8642347304904
"FE60_1","Good","FE60","1","1970s",71,201,50.162563105579
"FE61_1","Good","FE61","1","1970s",59,201,89.4323836586423
"FE71_1","Good","FE71","1","1970s",61,201,80.3256651871222
"FE72_1","Good","FE72","1","1970s",79,201,75.134781952605
"FE80_1","Good","FE80","1","1970s",77,201,95.9607381042452
"FE81_1","Good","FE81","1","1970s",69,201,100
"FE82_1","Good","FE82","1","1970s",87,201,100
"FE83_1","Good","FE83","1","1970s",74,201,67.0721831138885
"FE90_1","Good","FE90","1","1970s",47,201,100
"FE91_1","Good","FE91","1","1970s",63,201,100
"FE92_1","Good","FE92","1","1970s",52,201,100
"FE93_1","Good","FE93","1","1970s",60,201,100
"FE94_1","Good","FE94","1","1970s",63,201,47.8419956439915
"FF00_1","Good","FF00","1","1970s",59,201,100
"FF01_1","Good","FF01","1","1970s",57,201,100
"FF03_1","Good","FF03","1","1970s",67,201,100
"FF08_1","Good","FF08","1","1970s",55,201,25.8581817708969
"FF10_1","Good","FF10","1","1970s",83,201,100
"FF11_1","Good","FF11","1","1970s",60,201,100
"FF13_1","Good","FF13","1","1970s",62,201,100
"FF14_1","Good","FF14","1","1970s",61,201,100
"FF16_1","Good","FF16","1","1970s",36,201,100
"FF18_1","Good","FF18","1","1970s",73,201,74.4883480456665
"FF19_1","Good","FF19","1","1970s",67,201,39.5116336673613
"FF20_1","Good","FF20","1","1970s",55,201,100
"FF21_1","Good","FF21","1","1970s",66,201,100
"FF22_1","Good","FF22","1","1970s",66,201,100
"FF23_1","Good","FF23","1","1970s",62,201,100
"FF24_1","Good","FF24","1","1970s",58,201,100
"FF25_1","Good","FF25","1","1970s",51,201,100
"FF26_1","Good","FF26","1","1970s",60,201,97.2913531584511
"FF27_1","Good","FF27","1","1970s",58,201,96.4887451093807
"FF28_1","Good","FF28","1","1970s",53,201,100
"FF29_1","Good","FF29","1","1970s",55,201,100
"FF30_1","Good","FF30","1","1970s",60,201,100
"FF31_1","Good","FF31","1","1970s",63,201,100
"FF33_1","Good","FF33","1","1970s",62,201,100
"FF34_1","Good","FF34","1","1970s",35,201,100
"FF36_1","Good","FF36","1","1970s",53,201,90.9256330090149
"FF37_1","Good","FF37","1","1970s",50,201,39.7662859785459
"FF40_1","Good","FF40","1","1970s",71,201,100
"FF41_1","Good","FF41","1","1970s",74,201,100
"FF42_1","Good","FF42","1","1970s",67,201,100
"FF43_1","Good","FF43","1","1970s",70,201,100
"FF44_1","Good","FF44","1","1970s",65,201,97.7618049054428
"FF45_1","Good","FF45","1","1970s",47,201,75.5917819572241
"FF46_1","Good","FF46","1","1970s",53,201,54.980214852666
"FF50_1","Good","FF50","1","1970s",63,201,100
"FF51_1","Good","FF51","1","1970s",62,201,100
"FF52_1","Good","FF52","1","1970s",61,201,100
"FF53_1","Good","FF53","1","1970s",53,201,100
"FF54_1","Good","FF54","1","1970s",70,201,80.6008728678943
"FF55_1","Good","FF55","1","1970s",53,201,36.2075703150992
"FF57_1","Good","FF57","1","1970s",59,201,29.9698731801347
"FF60_1","Good","FF60","1","1970s",85,201,100
"FF62_1","Good","FF62","1","1970s",78,201,100
"FF63_1","Good","FF63","1","1970s",70,201,100
"FF64_1","Good","FF64","1","1970s",72,201,94.7814133259562
"FF65_1","Good","FF65","1","1970s",45,201,100
"FF66_1","Good","FF66","1","1970s",55,201,98.8727829176693
"FF67_1","Good","FF67","1","1970s",48,201,91.7931977429937
"FF69_1","Good","FF69","1","1970s",54,201,32.4580014429829
"FF70_1","Good","FF70","1","1970s",92,201,100
"FF71_1","Good","FF71","1","1970s",70,201,100
"FF72_1","Good","FF72","1","1970s",56,201,100
"FF73_1","Good","FF73","1","1970s",76,201,100
"FF74_1","Good","FF74","1","1970s",67,201,82.4002368649199
"FF75_1","Good","FF75","1","1970s",78,201,44.5704939510572
"FF76_1","Good","FF76","1","1970s",79,201,94.3081213603745
"FF77_1","Good","FF77","1","1970s",51,201,100
"FF78_1","Good","FF78","1","1970s",68,201,90.7472602602393
"FF79_1","Good","FF79","1","1970s",70,201,66.3603100635503
"FF80_1","Good","FF80","1","1970s",72,201,100
"FF81_1","Good","FF81","1","1970s",62,201,100
"FF82_1","Good","FF82","1","1970s",60,201,100
"FF83_1","Good","FF83","1","1970s",51,201,100
"FF84_1","Good","FF84","1","1970s",57,201,71.2109890172687
"FF86_1","Good","FF86","1","1970s",75,201,55.172485710291
"FF87_1","Good","FF87","1","1970s",62,201,66.0911589419255
"FF89_1","Good","FF89","1","1970s",71,201,73.7817303008405
"FF90_1","Good","FF90","1","1970s",61,201,100
"FF91_1","Good","FF91","1","1970s",41,201,100
"FF92_1","Good","FF92","1","1970s",37,201,100
"FF93_1","Good","FF93","1","1970s",47,201,100
"FF94_1","Good","FF94","1","1970s",41,201,100
"FF95_1","Good","FF95","1","1970s",61,201,97.0391639659104
"FF96_1","Good","FF96","1","1970s",68,201,97.4540328951778
"FF98_1","Good","FF98","1","1970s",48,201,100
"FF99_1","Good","FF99","1","1970s",47,201,100
"FG04_1","Good","FG04","1","1970s",68,201,89.9795908798529
"FG05_1","Good","FG05","1","1970s",59,201,100
"FG08_1","Good","FG08","1","1970s",69,201,100
"FG09_1","Good","FG09","1","1970s",57,201,100
"FG14_1","Good","FG14","1","1970s",40,201,83.6988253066244
"FG15_1","Good","FG15","1","1970s",48,201,100
"FG18_1","Good","FG18","1","1970s",65,201,100
"FG19_1","Good","FG19","1","1970s",56,201,100
"FG26_1","Good","FG26","1","1970s",52,201,100
"FG27_1","Good","FG27","1","1970s",68,201,100
"FG28_1","Good","FG28","1","1970s",81,201,100
"FG29_1","Good","FG29","1","1970s",78,201,100
"FG33_1","Good","FG33","1","1970s",57,201,30.8443128331867
"FG34_1","Good","FG34","1","1970s",65,201,99.8816468415241
"FG36_1","Good","FG36","1","1970s",71,201,100
"FG37_1","Good","FG37","1","1970s",80,201,100
"FG43_1","Good","FG43","1","1970s",89,201,51.293234717225
"FG44_1","Good","FG44","1","1970s",74,201,83.815616451206
"FG45_1","Good","FG45","1","1970s",64,201,100
"FG46_1","Good","FG46","1","1970s",78,201,100
"FG47_1","Good","FG47","1","1970s",66,201,100
"FG48_1","Good","FG48","1","1970s",48,201,100
"FG49_1","Good","FG49","1","1970s",46,201,100
"FG53_1","Good","FG53","1","1970s",63,201,91.9159887772465
"FG54_1","Good","FG54","1","1970s",64,201,100
"FG55_1","Good","FG55","1","1970s",72,201,100
"FG56_1","Good","FG56","1","1970s",50,201,100
"FG59_1","Good","FG59","1","1970s",56,201,100
"FG60_1","Good","FG60","1","1970s",56,201,80.4252482520783
"FG65_1","Good","FG65","1","1970s",67,201,100
"FG66_1","Good","FG66","1","1970s",80,201,100
"FG68_1","Good","FG68","1","1970s",50,201,100
"FG70_1","Good","FG70","1","1970s",53,201,100
"FG73_1","Good","FG73","1","1970s",48,201,100
"FG75_1","Good","FG75","1","1970s",64,201,100
"FG76_1","Good","FG76","1","1970s",72,201,100
"FG77_1","Good","FG77","1","1970s",60,201,100
"FG78_1","Good","FG78","1","1970s",63,201,100
"FG79_1","Good","FG79","1","1970s",70,201,100
"FG81_1","Good","FG81","1","1970s",62,201,100
"FG82_1","Good","FG82","1","1970s",59,201,89.4483681807482
"FG85_1","Good","FG85","1","1970s",54,201,100
"FG86_1","Good","FG86","1","1970s",73,201,100
"FG87_1","Good","FG87","1","1970s",70,201,100
"FG89_1","Good","FG89","1","1970s",69,201,100
"FG91_1","Good","FG91","1","1970s",62,201,92.115099159523
"FG92_1","Good","FG92","1","1970s",59,201,75.7116875538317
"FG93_1","Good","FG93","1","1970s",84,201,35.8924493546135
"FG95_1","Good","FG95","1","1970s",60,201,100
"FG96_1","Good","FG96","1","1970s",65,201,100
"FG98_1","Good","FG98","1","1970s",56,201,100
"FG99_1","Good","FG99","1","1970s",60,201,100
"FH01_1","Good","FH01","1","1970s",32,201,28.0812309323759
"FH07_1","Good","FH07","1","1970s",31,201,26.895333308367
"FH08_1","Good","FH08","1","1970s",35,201,34.9265565599351
"FH11_1","Good","FH11","1","1970s",62,201,86.34053505194
"FH12_1","Good","FH12","1","1970s",55,201,100
"FH14_1","Good","FH14","1","1970s",52,201,100
"FH15_1","Good","FH15","1","1970s",54,201,99.287622870924
"FH18_1","Good","FH18","1","1970s",36,201,27.7034497794332
"FH21_1","Good","FH21","1","1970s",74,201,50.457884422936
"FH22_1","Good","FH22","1","1970s",49,201,100
"FH23_1","Good","FH23","1","1970s",79,201,100
"FH24_1","Good","FH24","1","1970s",73,201,100
"FH25_1","Good","FH25","1","1970s",77,201,79.501830032424
"FH29_1","Good","FH29","1","1970s",41,201,25.5361781078591
"FH32_1","Good","FH32","1","1970s",84,201,93.5327843646565
"FH33_1","Good","FH33","1","1970s",74,201,100
"FH34_1","Good","FH34","1","1970s",55,201,100
"FH35_1","Good","FH35","1","1970s",68,201,91.0442852837912
"FH36_1","Good","FH36","1","1970s",59,201,35.6946970945645
"FH42_1","Good","FH42","1","1970s",81,201,87.2475125975456
"FH43_1","Good","FH43","1","1970s",64,201,100
"FH44_1","Good","FH44","1","1970s",83,201,100
"FH45_1","Good","FH45","1","1970s",73,201,100
"FH46_1","Good","FH46","1","1970s",69,201,94.9124392999334
"FH52_1","Good","FH52","1","1970s",72,201,96.8721418951111
"FH54_1","Good","FH54","1","1970s",63,201,100
"FH55_1","Good","FH55","1","1970s",36,201,84.6401315772039
"FH56_1","Good","FH56","1","1970s",86,201,58.5142671307437
"FH58_1","Good","FH58","1","1970s",86,201,62.7313015856893
"FH62_1","Good","FH62","1","1970s",59,201,66.3060114282826
"FH65_1","Good","FH65","1","1970s",15,201,85.5773740636147
"FH66_1","Good","FH66","1","1970s",77,201,98.3061881647673
"FH68_1","Good","FH68","1","1970s",71,201,63.4640285464571
"FH71_1","Good","FH71","1","1970s",45,201,65.7867587159765
"FH72_1","Good","FH72","1","1970s",48,201,91.5997865486353
"FH73_1","Good","FH73","1","1970s",46,201,74.8841872675914
"FH74_1","Good","FH74","1","1970s",59,201,97.206687759511
"FH75_1","Good","FH75","1","1970s",62,201,100
"FH76_1","Good","FH76","1","1970s",54,201,100
"FH79_1","Good","FH79","1","1970s",48,201,31.7283339697247
"FH80_1","Good","FH80","1","1970s",66,201,37.5652435485497
"FH81_1","Good","FH81","1","1970s",54,201,28.2062283770447
"FH83_1","Good","FH83","1","1970s",31,201,67.4957157243843
"FH84_1","Good","FH84","1","1970s",45,201,100
"FH85_1","Good","FH85","1","1970s",54,201,100
"FH86_1","Good","FH86","1","1970s",55,201,100
"FH87_1","Good","FH87","1","1970s",57,201,64.500009491374
"FH95_1","Good","FH95","1","1970s",64,201,88.7598294289932
"FH96_1","Good","FH96","1","1970s",51,201,100
"FH98_1","Good","FH98","1","1970s",78,201,33.5167924547224
"GE00_1","Good","GE00","1","1970s",61,201,100
"GE01_1","Good","GE01","1","1970s",69,201,100
"GE02_1","Good","GE02","1","1970s",63,201,100
"GE03_1","Good","GE03","1","1970s",68,201,100
"GE04_1","Good","GE04","1","1970s",53,201,93.5453872733405
"GE10_1","Good","GE10","1","1970s",74,201,100
"GE11_1","Good","GE11","1","1970s",86,201,100
"GE12_1","Good","GE12","1","1970s",65,201,100
"GE13_1","Good","GE13","1","1970s",71,201,100
"GE14_1","Good","GE14","1","1970s",46,201,90.6073619752655
"GE20_1","Good","GE20","1","1970s",62,201,100
"GE21_1","Good","GE21","1","1970s",68,201,100
"GE24_1","Good","GE24","1","1970s",61,201,47.3458937305288
"GE30_1","Good","GE30","1","1970s",89,201,99.4274393275585
"GE31_1","Good","GE31","1","1970s",54,201,100
"GE32_1","Good","GE32","1","1970s",68,201,100
"GE34_1","Good","GE34","1","1970s",42,201,35.6199657097461
"GE43_1","Good","GE43","1","1970s",68,201,75.342020850832
"GF00_1","Good","GF00","1","1970s",74,201,44.1664638961888
"GF01_1","Good","GF01","1","1970s",60,201,67.4654291536724
"GF02_1","Good","GF02","1","1970s",52,201,98.8543753574924
"GF03_1","Good","GF03","1","1970s",38,201,100
"GF04_1","Good","GF04","1","1970s",54,201,100
"GF06_1","Good","GF06","1","1970s",67,201,100
"GF07_1","Good","GF07","1","1970s",66,201,100
"GF08_1","Good","GF08","1","1970s",68,201,100
"GF09_1","Good","GF09","1","1970s",65,201,100
"GF12_1","Good","GF12","1","1970s",37,201,33.0314489032631
"GF13_1","Good","GF13","1","1970s",44,201,99.8152499354782
"GF14_1","Good","GF14","1","1970s",48,201,100
"GF15_1","Good","GF15","1","1970s",60,201,100
"GF16_1","Good","GF16","1","1970s",53,201,100
"GF17_1","Good","GF17","1","1970s",72,201,100
"GF18_1","Good","GF18","1","1970s",58,201,100
"GF19_1","Good","GF19","1","1970s",63,201,100
"GF23_1","Good","GF23","1","1970s",63,201,62.2933403659254
"GF25_1","Good","GF25","1","1970s",50,201,100
"GF26_1","Good","GF26","1","1970s",59,201,100
"GF27_1","Good","GF27","1","1970s",73,201,100
"GF28_1","Good","GF28","1","1970s",58,201,100
"GF29_1","Good","GF29","1","1970s",72,201,100
"GF33_1","Good","GF33","1","1970s",51,201,42.2636306633703
"GF34_1","Good","GF34","1","1970s",57,201,100
"GF35_1","Good","GF35","1","1970s",62,201,100
"GF36_1","Good","GF36","1","1970s",65,201,100
"GF37_1","Good","GF37","1","1970s",67,201,100
"GF38_1","Good","GF38","1","1970s",80,201,100
"GF39_1","Good","GF39","1","1970s",73,201,100
"GF43_1","Good","GF43","1","1970s",58,201,72.2181414040788
"GF44_1","Good","GF44","1","1970s",60,201,84.9433709696846
"GF45_1","Good","GF45","1","1970s",52,201,99.6954269476727
"GF46_1","Good","GF46","1","1970s",61,201,99.9207256744518
"GF47_1","Good","GF47","1","1970s",95,201,99.9733465857925
"GF48_1","Good","GF48","1","1970s",72,201,82.1998105339413
"GF49_1","Good","GF49","1","1970s",69,201,51.2021220988655
"GF52_1","Good","GF52","1","1970s",76,201,25.6027864817836
"GF53_1","Good","GF53","1","1970s",69,201,98.7286620279293
"GF54_1","Good","GF54","1","1970s",57,201,93.4387792855835
"GF55_1","Good","GF55","1","1970s",36,201,50.3573385187571
"GF63_1","Good","GF63","1","1970s",41,201,27.1645104475245
"GF74_1","Good","GF74","1","1970s",48,201,53.8041828110792
"GG05_1","Good","GG05","1","1970s",61,201,99.6443402610512
"GG06_1","Good","GG06","1","1970s",60,201,100
"GG08_1","Good","GG08","1","1970s",63,201,100
"GG09_1","Good","GG09","1","1970s",82,201,72.8942695415134
"GG10_1","Good","GG10","1","1970s",74,201,27.4964454073353
"GG15_1","Good","GG15","1","1970s",55,201,71.8812063867855
"GG16_1","Good","GG16","1","1970s",59,201,100
"GG20_1","Good","GG20","1","1970s",42,201,64.3406338770775
"GG25_1","Good","GG25","1","1970s",66,201,59.9130145782223
"GG27_1","Good","GG27","1","1970s",53,201,100
"GG28_1","Good","GG28","1","1970s",72,201,82.1214247948237
"GG30_1","Good","GG30","1","1970s",59,201,60.4192052615995
"GG36_1","Good","GG36","1","1970s",57,201,76.7143533326759
"GG37_1","Good","GG37","1","1970s",46,201,72.8680880138893
"GG40_1","Good","GG40","1","1970s",54,201,48.2723521513839
"GH06_1","Good","GH06","1","1970s",59,201,45.1153158998299
"GH07_1","Good","GH07","1","1970s",65,201,65.25391089664
"GH08_1","Good","GH08","1","1970s",62,201,93.0682691387086
"GH09_1","Good","GH09","1","1970s",52,201,41.0140317226033
"GH17_1","Good","GH17","1","1970s",54,201,29.1777534192057
"GH18_1","Good","GH18","1","1970s",50,201,91.0715749702473
"GH19_1","Good","GH19","1","1970s",52,201,41.7388113288261
"GH29_1","Good","GH29","1","1970s",47,201,74.8254556601347
"GH39_1","Good","GH39","1","1970s",52,201,74.9095001749392
"GH49_1","Good","GH49","1","1970s",84,201,93.6062967780905
"GH59_1","Good","GH59","1","1970s",83,201,41.9982412987518
"HA03_1","Good","HA03","1","1970s",52,201,30.8000036681348
"HA04_1","Good","HA04","1","1970s",67,201,82.5817143255517
"HA05_1","Good","HA05","1","1970s",50,201,73.4349821325788
"HA06_1","Good","HA06","1","1970s",46,201,73.060836960117
"HA07_1","Good","HA07","1","1970s",58,201,36.7855116804629
"HA13_1","Good","HA13","1","1970s",51,201,87.7616761986896
"HA14_1","Good","HA14","1","1970s",49,201,100
"HA15_1","Good","HA15","1","1970s",41,201,100.000000000002
"HA17_1","Good","HA17","1","1970s",51,201,87.1896604181935
"HA22_1","Good","HA22","1","1970s",31,201,29.7284472736769
"HA23_1","Good","HA23","1","1970s",35,201,99.9999999999985
"HA24_1","Good","HA24","1","1970s",67,201,99.9999999999989
"HA25_1","Good","HA25","1","1970s",68,201,100
"HA26_1","Good","HA26","1","1970s",67,201,97.9631182516847
"HA32_1","Good","HA32","1","1970s",53,201,84.1745708559556
"HA33_1","Good","HA33","1","1970s",49,201,100.000000000002
"HA34_1","Good","HA34","1","1970s",68,201,100.000000000004
"HA35_1","Good","HA35","1","1970s",57,201,100.000000000003
"HA36_1","Good","HA36","1","1970s",65,201,63.9659163579741
"HA42_1","Good","HA42","1","1970s",43,201,99.9999999999998
"HA43_1","Good","HA43","1","1970s",57,201,100.000000000001
"HA44_1","Good","HA44","1","1970s",63,201,99.9999999999996
"HA45_1","Good","HA45","1","1970s",41,201,78.3401684551325
"HA52_1","Good","HA52","1","1970s",68,201,45.811345274696
"HA53_1","Good","HA53","1","1970s",71,201,80.6764505025248
"HA54_1","Good","HA54","1","1970s",67,201,91.8739672983499
"AD93_2","Good","AD93","2","1990s",64,201,79.2863502418833
"AD94_2","Good","AD94","2","1990s",56,201,56.3423318019154
"AD95_2","Good","AD95","2","1990s",67,201,31.4374353690826
"AE93_2","Good","AE93","2","1990s",54,201,48.4772576569921
"AE97_2","Good","AE97","2","1990s",58,201,79.36724942786
"AE98_2","Good","AE98","2","1990s",77,201,60.1013027143366
"AF91_2","Good","AF91","2","1990s",68,201,96.0224708397579
"AF92_2","Good","AF92","2","1990s",67,201,100
"AF93_2","Good","AF93","2","1990s",70,201,93.5680064039386
"AF94_2","Good","AF94","2","1990s",67,201,64.920690383459
"AF95_2","Good","AF95","2","1990s",59,201,41.0971612601692
"AF98_2","Good","AF98","2","1990s",50,201,35.8703357062038
"AF99_2","Good","AF99","2","1990s",39,201,29.1649009559219
"BC20_2","Good","BC20","2","1990s",60,201,100
"BC21_2","Good","BC21","2","1990s",59,201,100
"BC22_2","Good","BC22","2","1990s",86,201,73.8808477487643
"BC32_2","Good","BC32","2","1990s",75,201,100
"BC33_2","Good","BC33","2","1990s",71,201,90.0083396025285
"BC42_2","Good","BC42","2","1990s",69,201,100
"BC44_2","Good","BC44","2","1990s",74,201,92.8996909142348
"BC54_2","Good","BC54","2","1990s",85,201,100
"BC55_2","Good","BC55","2","1990s",81,201,100
"BC60_2","Good","BC60","2","1990s",56,201,100
"BC64_2","Good","BC64","2","1990s",71,201,100
"BC65_2","Good","BC65","2","1990s",67,201,87.6511598551178
"BC72_2","Good","BC72","2","1990s",56,201,42.2227095505843
"BC75_2","Good","BC75","2","1990s",66,201,83.1903167381744
"BC82_2","Good","BC82","2","1990s",62,201,38.2382493245741
"BC83_2","Good","BC83","2","1990s",91,201,59.2589059914817
"BC84_2","Good","BC84","2","1990s",88,201,98.1573092073059
"BC85_2","Good","BC85","2","1990s",52,201,99.9184959464101
"BC94_2","Good","BC94","2","1990s",96,201,100
"BC95_2","Good","BC95","2","1990s",62,201,100
"BC96_2","Good","BC96","2","1990s",67,201,84.0788044916003
"BD02_2","Good","BD02","2","1990s",42,201,100
"BD04_2","Good","BD04","2","1990s",60,201,85.2947582504692
"BD05_2","Good","BD05","2","1990s",64,201,29.8095786966688
"BD06_2","Good","BD06","2","1990s",46,201,36.9793034371852
"BD07_2","Good","BD07","2","1990s",61,201,27.8918391533683
"BD08_2","Good","BD08","2","1990s",70,201,34.2154392038693
"BD11_2","Good","BD11","2","1990s",64,201,100
"BD12_2","Good","BD12","2","1990s",48,201,100
"BD13_2","Good","BD13","2","1990s",73,201,94.1767054329643
"BD19_2","Good","BD19","2","1990s",49,201,100
"BD21_2","Good","BD21","2","1990s",63,201,100
"BD22_2","Good","BD22","2","1990s",55,201,100
"BD23_2","Good","BD23","2","1990s",43,201,99.7363810468903
"BD30_2","Good","BD30","2","1990s",50,201,100
"BD31_2","Good","BD31","2","1990s",56,201,100
"BD32_2","Good","BD32","2","1990s",67,201,100
"BD33_2","Good","BD33","2","1990s",50,201,66.4813017926648
"BD35_2","Good","BD35","2","1990s",62,201,47.2858626474541
"BD36_2","Good","BD36","2","1990s",62,201,66.9227163233266
"BD39_2","Good","BD39","2","1990s",76,201,98.2806491818695
"BD40_2","Good","BD40","2","1990s",48,201,100
"BD42_2","Good","BD42","2","1990s",86,201,83.6433301424189
"BD43_2","Good","BD43","2","1990s",62,201,51.9751064518396
"BD44_2","Good","BD44","2","1990s",65,201,46.7534223249041
"BD45_2","Good","BD45","2","1990s",71,201,91.5697689701455
"BD46_2","Good","BD46","2","1990s",50,201,45.8239324691135
"BD49_2","Good","BD49","2","1990s",58,201,57.6911318923478
"BD50_2","Good","BD50","2","1990s",42,201,100
"BD51_2","Good","BD51","2","1990s",65,201,79.9539888757725
"BD56_2","Good","BD56","2","1990s",51,201,39.8797191099966
"BD57_2","Good","BD57","2","1990s",65,201,87.1031476010498
"BD60_2","Good","BD60","2","1990s",63,201,100
"BD61_2","Good","BD61","2","1990s",77,201,86.1028611707534
"BD64_2","Good","BD64","2","1990s",56,201,68.7402584561678
"BD66_2","Good","BD66","2","1990s",57,201,57.0495874789028
"BD68_2","Good","BD68","2","1990s",57,201,100
"BD70_2","Good","BD70","2","1990s",65,201,100
"BD71_2","Good","BD71","2","1990s",60,201,100
"BD72_2","Good","BD72","2","1990s",63,201,100
"BD73_2","Good","BD73","2","1990s",96,201,97.6213372857504
"BD74_2","Good","BD74","2","1990s",51,201,100
"BD75_2","Good","BD75","2","1990s",57,201,90.6018934311642
"BD76_2","Good","BD76","2","1990s",59,201,44.6876418573642
"BD77_2","Good","BD77","2","1990s",73,201,66.4189847768357
"BD80_2","Good","BD80","2","1990s",64,201,100
"BD81_2","Good","BD81","2","1990s",70,201,100
"BD82_2","Good","BD82","2","1990s",82,201,100
"BD83_2","Good","BD83","2","1990s",81,201,100
"BD88_2","Good","BD88","2","1990s",66,201,39.718526470875
"BD90_2","Good","BD90","2","1990s",58,201,100
"BD91_2","Good","BD91","2","1990s",58,201,100
"BD92_2","Good","BD92","2","1990s",63,201,100
"BD94_2","Good","BD94","2","1990s",24,201,100
"BE03_2","Good","BE03","2","1990s",68,201,71.4720010768625
"BE04_2","Good","BE04","2","1990s",68,201,100
"BE06_2","Good","BE06","2","1990s",76,201,100
"BE07_2","Good","BE07","2","1990s",78,201,91.2639291465244
"BE08_2","Good","BE08","2","1990s",78,201,38.7987616335452
"BE09_2","Good","BE09","2","1990s",48,201,68.4932976221032
"BE11_2","Good","BE11","2","1990s",70,201,59.4235802014122
"BE12_2","Good","BE12","2","1990s",67,201,74.8183395242528
"BE13_2","Good","BE13","2","1990s",61,201,100
"BE14_2","Good","BE14","2","1990s",63,201,100
"BE15_2","Good","BE15","2","1990s",57,201,100
"BE16_2","Good","BE16","2","1990s",63,201,100
"BE17_2","Good","BE17","2","1990s",72,201,99.2996588061194
"BE19_2","Good","BE19","2","1990s",55,201,100
"BE20_2","Good","BE20","2","1990s",63,201,95.4598068353035
"BE22_2","Good","BE22","2","1990s",57,201,100
"BE24_2","Good","BE24","2","1990s",67,201,100
"BE26_2","Good","BE26","2","1990s",51,201,100
"BE27_2","Good","BE27","2","1990s",54,201,100
"BE30_2","Good","BE30","2","1990s",57,201,100
"BE32_2","Good","BE32","2","1990s",56,201,100
"BE34_2","Good","BE34","2","1990s",69,201,100
"BE35_2","Good","BE35","2","1990s",57,201,100
"BE36_2","Good","BE36","2","1990s",62,201,100
"BE37_2","Good","BE37","2","1990s",69,201,100
"BE44_2","Good","BE44","2","1990s",56,201,100
"BE45_2","Good","BE45","2","1990s",52,201,100
"BE46_2","Good","BE46","2","1990s",58,201,100
"BE47_2","Good","BE47","2","1990s",62,201,100
"BE55_2","Good","BE55","2","1990s",47,201,100
"BE58_2","Good","BE58","2","1990s",74,201,100
"BE59_2","Good","BE59","2","1990s",54,201,100
"BE61_2","Good","BE61","2","1990s",49,201,100
"BE62_2","Good","BE62","2","1990s",55,201,100
"BE63_2","Good","BE63","2","1990s",63,201,100
"BE66_2","Good","BE66","2","1990s",54,201,100
"BE69_2","Good","BE69","2","1990s",76,201,100
"BE73_2","Good","BE73","2","1990s",62,201,100
"BE76_2","Good","BE76","2","1990s",54,201,100
"BE77_2","Good","BE77","2","1990s",63,201,100
"BE78_2","Good","BE78","2","1990s",58,201,100
"BE79_2","Good","BE79","2","1990s",49,201,100
"BE80_2","Good","BE80","2","1990s",79,201,100
"BE82_2","Good","BE82","2","1990s",72,201,100
"BE83_2","Good","BE83","2","1990s",66,201,100
"BE84_2","Good","BE84","2","1990s",57,201,100
"BE86_2","Good","BE86","2","1990s",56,201,100
"BE87_2","Good","BE87","2","1990s",66,201,100
"BE88_2","Good","BE88","2","1990s",73,201,100
"BE89_2","Good","BE89","2","1990s",48,201,100
"BE92_2","Good","BE92","2","1990s",70,201,100
"BE93_2","Good","BE93","2","1990s",49,201,100
"BE94_2","Good","BE94","2","1990s",69,201,100
"BE95_2","Good","BE95","2","1990s",55,201,100
"BE96_2","Good","BE96","2","1990s",56,201,100
"BE98_2","Good","BE98","2","1990s",68,201,100
"BE99_2","Good","BE99","2","1990s",80,201,100
"BF01_2","Good","BF01","2","1990s",58,201,44.9031532347507
"BF02_2","Good","BF02","2","1990s",84,201,90.0620386642933
"BF03_2","Good","BF03","2","1990s",85,201,100
"BF04_2","Good","BF04","2","1990s",93,201,100
"BF05_2","Good","BF05","2","1990s",91,201,100
"BF06_2","Good","BF06","2","1990s",64,201,100
"BF07_2","Good","BF07","2","1990s",59,201,95.872277152451
"BF08_2","Good","BF08","2","1990s",58,201,64.9344661919674
"BF11_2","Good","BF11","2","1990s",77,201,70.0185889959049
"BF13_2","Good","BF13","2","1990s",53,201,100
"BF16_2","Good","BF16","2","1990s",57,201,100
"BF18_2","Good","BF18","2","1990s",48,201,38.3930891877643
"BF20_2","Good","BF20","2","1990s",72,201,87.4214932964661
"BF21_2","Good","BF21","2","1990s",65,201,100
"BF25_2","Good","BF25","2","1990s",56,201,100
"BF27_2","Good","BF27","2","1990s",43,201,100
"BF28_2","Good","BF28","2","1990s",66,201,99.385934891127
"BF31_2","Good","BF31","2","1990s",61,201,100
"BF32_2","Good","BF32","2","1990s",79,201,100
"BF33_2","Good","BF33","2","1990s",73,201,100
"BF34_2","Good","BF34","2","1990s",61,201,100
"BF38_2","Good","BF38","2","1990s",73,201,100
"BF48_2","Good","BF48","2","1990s",53,201,100
"BF49_2","Good","BF49","2","1990s",69,201,100
"BF50_2","Good","BF50","2","1990s",58,201,100
"BF51_2","Good","BF51","2","1990s",61,201,100
"BF56_2","Good","BF56","2","1990s",47,201,100
"BF57_2","Good","BF57","2","1990s",47,201,100
"BF58_2","Good","BF58","2","1990s",44,201,100
"BF59_2","Good","BF59","2","1990s",59,201,100
"BF60_2","Good","BF60","2","1990s",68,201,100
"BF61_2","Good","BF61","2","1990s",60,201,100
"BF66_2","Good","BF66","2","1990s",59,201,100
"BF70_2","Good","BF70","2","1990s",49,201,100
"BF72_2","Good","BF72","2","1990s",69,201,100
"BF73_2","Good","BF73","2","1990s",54,201,100
"BF76_2","Good","BF76","2","1990s",59,201,100
"BF80_2","Good","BF80","2","1990s",56,201,100
"BF81_2","Good","BF81","2","1990s",60,201,100
"BF83_2","Good","BF83","2","1990s",69,201,100
"BF85_2","Good","BF85","2","1990s",59,201,100
"BF86_2","Good","BF86","2","1990s",63,201,100
"BF87_2","Good","BF87","2","1990s",51,201,100
"BF90_2","Good","BF90","2","1990s",71,201,100
"BF91_2","Good","BF91","2","1990s",58,201,100
"BF92_2","Good","BF92","2","1990s",68,201,100
"BF93_2","Good","BF93","2","1990s",64,201,100
"BF96_2","Good","BF96","2","1990s",60,201,100
"BF97_2","Good","BF97","2","1990s",64,201,100
"BF98_2","Good","BF98","2","1990s",54,201,100
"BF99_2","Good","BF99","2","1990s",63,201,100
"BG27_2","Good","BG27","2","1990s",61,201,49.8379213582154
"BG28_2","Good","BG28","2","1990s",69,201,72.4785331288395
"BG29_2","Good","BG29","2","1990s",77,201,45.2829931338949
"BG30_2","Good","BG30","2","1990s",28,201,33.5351059999925
"BG31_2","Good","BG31","2","1990s",102,201,78.6841263949782
"BG32_2","Good","BG32","2","1990s",88,201,68.5141514097215
"BG33_2","Good","BG33","2","1990s",23,201,36.8837338130741
"BG41_2","Good","BG41","2","1990s",68,201,34.9995711224918
"BG42_2","Good","BG42","2","1990s",65,201,45.4397723268083
"BG43_2","Good","BG43","2","1990s",39,201,36.7732424325284
"BG49_2","Good","BG49","2","1990s",64,201,94.2709071021557
"BG55_2","Good","BG55","2","1990s",79,201,36.9332843715852
"BG57_2","Good","BG57","2","1990s",44,201,50.4937704239225
"BG58_2","Good","BG58","2","1990s",78,201,83.7259982046824
"BG59_2","Good","BG59","2","1990s",47,201,100
"BG64_2","Good","BG64","2","1990s",66,201,100
"BG65_2","Good","BG65","2","1990s",73,201,100
"BG66_2","Good","BG66","2","1990s",73,201,100
"BG67_2","Good","BG67","2","1990s",55,201,100
"BG68_2","Good","BG68","2","1990s",56,201,100
"BG70_2","Good","BG70","2","1990s",57,201,100
"BG72_2","Good","BG72","2","1990s",54,201,100
"BG73_2","Good","BG73","2","1990s",72,201,100
"BG75_2","Good","BG75","2","1990s",67,201,100
"BG76_2","Good","BG76","2","1990s",70,201,100
"BG77_2","Good","BG77","2","1990s",55,201,100
"BG78_2","Good","BG78","2","1990s",42,201,100
"BG79_2","Good","BG79","2","1990s",70,201,100
"BG86_2","Good","BG86","2","1990s",61,201,100
"BG87_2","Good","BG87","2","1990s",64,201,100
"BG90_2","Good","BG90","2","1990s",66,201,100
"BG92_2","Good","BG92","2","1990s",64,201,100
"BG93_2","Good","BG93","2","1990s",65,201,100
"BG95_2","Good","BG95","2","1990s",79,201,100
"BG98_2","Good","BG98","2","1990s",60,201,100
"BH57_2","Good","BH57","2","1990s",69,201,53.1740038115592
"BH76_2","Good","BH76","2","1990s",46,201,100
"BH77_2","Good","BH77","2","1990s",95,201,100
"BH78_2","Good","BH78","2","1990s",66,201,100
"BH79_2","Good","BH79","2","1990s",78,201,100
"BH86_2","Good","BH86","2","1990s",82,201,100
"BH87_2","Good","BH87","2","1990s",86,201,100
"BH89_2","Good","BH89","2","1990s",85,201,100
"BH98_2","Good","BH98","2","1990s",70,201,100
"BH99_2","Good","BH99","2","1990s",102,201,100
"CB80_2","Good","CB80","2","1990s",53,201,99.7122330755163
"CB81_2","Good","CB81","2","1990s",40,201,67.1715879867947
"CB91_2","Good","CB91","2","1990s",50,201,100
"CB93_2","Good","CB93","2","1990s",46,201,74.4083189674942
"CC04_2","Good","CC04","2","1990s",101,201,97.6915925236043
"CC05_2","Good","CC05","2","1990s",90,201,100
"CC06_2","Good","CC06","2","1990s",78,201,95.0939311489514
"CC14_2","Good","CC14","2","1990s",84,201,74.2985797171558
"CC15_2","Good","CC15","2","1990s",62,201,100
"CC16_2","Good","CC16","2","1990s",63,201,66.6923075088162
"CC23_2","Good","CC23","2","1990s",51,201,37.5625086392495
"CC24_2","Good","CC24","2","1990s",54,201,99.9687592292757
"CC25_2","Good","CC25","2","1990s",57,201,100
"CC30_2","Good","CC30","2","1990s",67,201,100
"CC34_2","Good","CC34","2","1990s",71,201,100
"CC35_2","Good","CC35","2","1990s",79,201,100
"CC36_2","Good","CC36","2","1990s",74,201,81.1049903598051
"CC41_2","Good","CC41","2","1990s",58,201,100
"CC44_2","Good","CC44","2","1990s",65,201,90.9467389142914
"CC46_2","Good","CC46","2","1990s",83,201,99.4126900796323
"CC52_2","Good","CC52","2","1990s",60,201,100
"CC53_2","Good","CC53","2","1990s",78,201,89.0326125016613
"CC54_2","Good","CC54","2","1990s",73,201,57.8198622032521
"CC55_2","Good","CC55","2","1990s",72,201,100
"CC61_2","Good","CC61","2","1990s",76,201,99.0996831886711
"CC63_2","Good","CC63","2","1990s",68,201,70.9622021218033
"CC64_2","Good","CC64","2","1990s",73,201,48.267872939201
"CC65_2","Good","CC65","2","1990s",72,201,100
"CC66_2","Good","CC66","2","1990s",66,201,100
"CC67_2","Good","CC67","2","1990s",71,201,100
"CC68_2","Good","CC68","2","1990s",55,201,57.5382109369765
"CC75_2","Good","CC75","2","1990s",91,201,79.0514381705116
"CC77_2","Good","CC77","2","1990s",83,201,100
"CC80_2","Good","CC80","2","1990s",81,201,100
"CC85_2","Good","CC85","2","1990s",87,201,88.0171803414787
"CC86_2","Good","CC86","2","1990s",72,201,100
"CC91_2","Good","CC91","2","1990s",61,201,100
"CC92_2","Good","CC92","2","1990s",67,201,100
"CC93_2","Good","CC93","2","1990s",58,201,100
"CC94_2","Good","CC94","2","1990s",69,201,67.6865433444742
"CC95_2","Good","CC95","2","1990s",69,201,46.815369838424
"CC97_2","Good","CC97","2","1990s",60,201,100
"CC98_2","Good","CC98","2","1990s",53,201,100
"CC99_2","Good","CC99","2","1990s",45,201,100
"CD03_2","Good","CD03","2","1990s",77,201,87.7493218512554
"CD04_2","Good","CD04","2","1990s",73,201,58.1458688653336
"CD05_2","Good","CD05","2","1990s",42,201,87.24201716436
"CD09_2","Good","CD09","2","1990s",56,201,57.7273319267787
"CD10_2","Good","CD10","2","1990s",47,201,100
"CD11_2","Good","CD11","2","1990s",56,201,100
"CD13_2","Good","CD13","2","1990s",73,201,97.4597097144253
"CD14_2","Good","CD14","2","1990s",35,201,62.4376866262453
"CD16_2","Good","CD16","2","1990s",76,201,60.304824842059
"CD17_2","Good","CD17","2","1990s",68,201,80.2982792587547
"CD18_2","Good","CD18","2","1990s",56,201,34.5514618644161
"CD21_2","Good","CD21","2","1990s",78,201,100
"CD23_2","Good","CD23","2","1990s",65,201,100
"CD24_2","Good","CD24","2","1990s",74,201,100
"CD29_2","Good","CD29","2","1990s",65,201,70.0375117988992
"CD31_2","Good","CD31","2","1990s",75,201,100
"CD32_2","Good","CD32","2","1990s",73,201,98.5689230164375
"CD33_2","Good","CD33","2","1990s",62,201,57.5618792524392
"CD34_2","Good","CD34","2","1990s",83,201,67.673344359881
"CD40_2","Good","CD40","2","1990s",70,201,100
"CD41_2","Good","CD41","2","1990s",79,201,100
"CD42_2","Good","CD42","2","1990s",74,201,100
"CD43_2","Good","CD43","2","1990s",69,201,71.4123372332504
"CD44_2","Good","CD44","2","1990s",49,201,100
"CD45_2","Good","CD45","2","1990s",45,201,99.9813929530962
"CD47_2","Good","CD47","2","1990s",53,201,100
"CD50_2","Good","CD50","2","1990s",80,201,100
"CD51_2","Good","CD51","2","1990s",67,201,100
"CD52_2","Good","CD52","2","1990s",70,201,100
"CD54_2","Good","CD54","2","1990s",66,201,100
"CD55_2","Good","CD55","2","1990s",61,201,100
"CD56_2","Good","CD56","2","1990s",63,201,100
"CD57_2","Good","CD57","2","1990s",63,201,100
"CD60_2","Good","CD60","2","1990s",67,201,100
"CD61_2","Good","CD61","2","1990s",55,201,100
"CD62_2","Good","CD62","2","1990s",68,201,100
"CD63_2","Good","CD63","2","1990s",73,201,100
"CD64_2","Good","CD64","2","1990s",46,201,100
"CD65_2","Good","CD65","2","1990s",54,201,100
"CD66_2","Good","CD66","2","1990s",57,201,100
"CD67_2","Good","CD67","2","1990s",81,201,100
"CD68_2","Good","CD68","2","1990s",60,201,100
"CD69_2","Good","CD69","2","1990s",55,201,100
"CD70_2","Good","CD70","2","1990s",49,201,100
"CD71_2","Good","CD71","2","1990s",61,201,100
"CD72_2","Good","CD72","2","1990s",50,201,100
"CD74_2","Good","CD74","2","1990s",69,201,100
"CD75_2","Good","CD75","2","1990s",59,201,100
"CD76_2","Good","CD76","2","1990s",72,201,100
"CD80_2","Good","CD80","2","1990s",45,201,100
"CD81_2","Good","CD81","2","1990s",75,201,100
"CD82_2","Good","CD82","2","1990s",64,201,100
"CD83_2","Good","CD83","2","1990s",64,201,100
"CD84_2","Good","CD84","2","1990s",69,201,100
"CD87_2","Good","CD87","2","1990s",59,201,100
"CD88_2","Good","CD88","2","1990s",52,201,100
"CD90_2","Good","CD90","2","1990s",69,201,100
"CD91_2","Good","CD91","2","1990s",79,201,100
"CD92_2","Good","CD92","2","1990s",74,201,100
"CD95_2","Good","CD95","2","1990s",75,201,98.5165148759155
"CD96_2","Good","CD96","2","1990s",83,201,100
"CD98_2","Good","CD98","2","1990s",72,201,100
"CE01_2","Good","CE01","2","1990s",52,201,100
"CE02_2","Good","CE02","2","1990s",75,201,100
"CE06_2","Good","CE06","2","1990s",54,201,100
"CE11_2","Good","CE11","2","1990s",69,201,100
"CE13_2","Good","CE13","2","1990s",38,201,100
"CE15_2","Good","CE15","2","1990s",66,201,100
"CE16_2","Good","CE16","2","1990s",55,201,100
"CE17_2","Good","CE17","2","1990s",64,201,100
"CE19_2","Good","CE19","2","1990s",49,201,100
"CE20_2","Good","CE20","2","1990s",77,201,100
"CE21_2","Good","CE21","2","1990s",79,201,100
"CE22_2","Good","CE22","2","1990s",73,201,100
"CE23_2","Good","CE23","2","1990s",58,201,100
"CE24_2","Good","CE24","2","1990s",69,201,100
"CE27_2","Good","CE27","2","1990s",39,201,100
"CE30_2","Good","CE30","2","1990s",65,201,100
"CE31_2","Good","CE31","2","1990s",71,201,100
"CE34_2","Good","CE34","2","1990s",39,201,100
"CE35_2","Good","CE35","2","1990s",47,201,100
"CE38_2","Good","CE38","2","1990s",67,201,100
"CE42_2","Good","CE42","2","1990s",65,201,100
"CE49_2","Good","CE49","2","1990s",72,201,100
"CE51_2","Good","CE51","2","1990s",76,201,100
"CE52_2","Good","CE52","2","1990s",81,201,100
"CE54_2","Good","CE54","2","1990s",77,201,100
"CE55_2","Good","CE55","2","1990s",62,201,100
"CE57_2","Good","CE57","2","1990s",49,201,100
"CE60_2","Good","CE60","2","1990s",72,201,100
"CE61_2","Good","CE61","2","1990s",68,201,100
"CE62_2","Good","CE62","2","1990s",73,201,100
"CE63_2","Good","CE63","2","1990s",74,201,100
"CE64_2","Good","CE64","2","1990s",92,201,100
"CE65_2","Good","CE65","2","1990s",65,201,100
"CE67_2","Good","CE67","2","1990s",57,201,100
"CE69_2","Good","CE69","2","1990s",70,201,100
"CE72_2","Good","CE72","2","1990s",78,201,100
"CE74_2","Good","CE74","2","1990s",77,201,100
"CE75_2","Good","CE75","2","1990s",74,201,100
"CE77_2","Good","CE77","2","1990s",64,201,100
"CE78_2","Good","CE78","2","1990s",84,201,100
"CE80_2","Good","CE80","2","1990s",67,201,100
"CE81_2","Good","CE81","2","1990s",59,201,100
"CE82_2","Good","CE82","2","1990s",94,201,100
"CE83_2","Good","CE83","2","1990s",68,201,100
"CE84_2","Good","CE84","2","1990s",76,201,100
"CE85_2","Good","CE85","2","1990s",70,201,100
"CE86_2","Good","CE86","2","1990s",60,201,100
"CE88_2","Good","CE88","2","1990s",91,201,100
"CE89_2","Good","CE89","2","1990s",77,201,100
"CE90_2","Good","CE90","2","1990s",59,201,100
"CE91_2","Good","CE91","2","1990s",65,201,100
"CE92_2","Good","CE92","2","1990s",69,201,100
"CE93_2","Good","CE93","2","1990s",79,201,100
"CE94_2","Good","CE94","2","1990s",67,201,100
"CE95_2","Good","CE95","2","1990s",57,201,100
"CE96_2","Good","CE96","2","1990s",56,201,100
"CE99_2","Good","CE99","2","1990s",82,201,100
"CF02_2","Good","CF02","2","1990s",65,201,100
"CF06_2","Good","CF06","2","1990s",57,201,100
"CF07_2","Good","CF07","2","1990s",41,201,100
"CF10_2","Good","CF10","2","1990s",75,201,100
"CF13_2","Good","CF13","2","1990s",78,201,100
"CF14_2","Good","CF14","2","1990s",61,201,100
"CF15_2","Good","CF15","2","1990s",64,201,100
"CF19_2","Good","CF19","2","1990s",61,201,100
"CF21_2","Good","CF21","2","1990s",68,201,100
"CF23_2","Good","CF23","2","1990s",63,201,100
"CF25_2","Good","CF25","2","1990s",56,201,100
"CF29_2","Good","CF29","2","1990s",82,201,100
"CF31_2","Good","CF31","2","1990s",72,201,100
"CF32_2","Good","CF32","2","1990s",88,201,100
"CF33_2","Good","CF33","2","1990s",81,201,100
"CF34_2","Good","CF34","2","1990s",75,201,100
"CF36_2","Good","CF36","2","1990s",67,201,100
"CF38_2","Good","CF38","2","1990s",62,201,100
"CF40_2","Good","CF40","2","1990s",75,201,100
"CF41_2","Good","CF41","2","1990s",69,201,100
"CF42_2","Good","CF42","2","1990s",56,201,100
"CF43_2","Good","CF43","2","1990s",64,201,100
"CF44_2","Good","CF44","2","1990s",75,201,100
"CF49_2","Good","CF49","2","1990s",71,201,100
"CF50_2","Good","CF50","2","1990s",90,201,100
"CF51_2","Good","CF51","2","1990s",84,201,100
"CF52_2","Good","CF52","2","1990s",69,201,100
"CF53_2","Good","CF53","2","1990s",64,201,100
"CF54_2","Good","CF54","2","1990s",86,201,100
"CF55_2","Good","CF55","2","1990s",80,201,100
"CF56_2","Good","CF56","2","1990s",65,201,100
"CF57_2","Good","CF57","2","1990s",55,201,100
"CF58_2","Good","CF58","2","1990s",52,201,100
"CF59_2","Good","CF59","2","1990s",60,201,100
"CF60_2","Good","CF60","2","1990s",78,201,92.0834828807869
"CF61_2","Good","CF61","2","1990s",80,201,100
"CF62_2","Good","CF62","2","1990s",73,201,100
"CF63_2","Good","CF63","2","1990s",72,201,100
"CF64_2","Good","CF64","2","1990s",87,201,99.6167626252403
"CF65_2","Good","CF65","2","1990s",69,201,100
"CF66_2","Good","CF66","2","1990s",64,201,100
"CF67_2","Good","CF67","2","1990s",47,201,100
"CF68_2","Good","CF68","2","1990s",62,201,100
"CF69_2","Good","CF69","2","1990s",73,201,100
"CF70_2","Good","CF70","2","1990s",79,201,60.3246843376533
"CF71_2","Good","CF71","2","1990s",53,201,100
"CF72_2","Good","CF72","2","1990s",62,201,100
"CF73_2","Good","CF73","2","1990s",69,201,100
"CF74_2","Good","CF74","2","1990s",59,201,67.5069887580373
"CF75_2","Good","CF75","2","1990s",55,201,100
"CF77_2","Good","CF77","2","1990s",51,201,100
"CF78_2","Good","CF78","2","1990s",74,201,100
"CF79_2","Good","CF79","2","1990s",56,201,100
"CF81_2","Good","CF81","2","1990s",63,201,100
"CF82_2","Good","CF82","2","1990s",93,201,100
"CF83_2","Good","CF83","2","1990s",72,201,97.0087623131466
"CF84_2","Good","CF84","2","1990s",51,201,45.778468813505
"CF86_2","Good","CF86","2","1990s",57,201,100
"CF87_2","Good","CF87","2","1990s",66,201,100
"CF89_2","Good","CF89","2","1990s",66,201,100
"CF90_2","Good","CF90","2","1990s",53,201,69.9975665197082
"CF91_2","Good","CF91","2","1990s",60,201,57.4774977957222
"CF92_2","Good","CF92","2","1990s",58,201,96.1572828099174
"CF93_2","Good","CF93","2","1990s",75,201,29.5881898936259
"CF95_2","Good","CF95","2","1990s",64,201,100
"CF98_2","Good","CF98","2","1990s",68,201,100
"CG05_2","Good","CG05","2","1990s",78,201,100
"CG07_2","Good","CG07","2","1990s",74,201,100
"CG09_2","Good","CG09","2","1990s",74,201,100
"CG13_2","Good","CG13","2","1990s",55,201,100
"CG17_2","Good","CG17","2","1990s",67,201,100
"CG29_2","Good","CG29","2","1990s",47,201,100
"CG39_2","Good","CG39","2","1990s",82,201,100
"CG40_2","Good","CG40","2","1990s",87,201,100
"CG42_2","Good","CG42","2","1990s",65,201,100
"CG43_2","Good","CG43","2","1990s",70,201,100
"CG44_2","Good","CG44","2","1990s",94,201,100
"CG47_2","Good","CG47","2","1990s",75,201,100
"CG48_2","Good","CG48","2","1990s",76,201,100
"CG49_2","Good","CG49","2","1990s",67,201,100
"CG50_2","Good","CG50","2","1990s",74,201,99.1584277425785
"CG51_2","Good","CG51","2","1990s",90,201,98.1631917676952
"CG52_2","Good","CG52","2","1990s",82,201,100
"CG53_2","Good","CG53","2","1990s",76,201,100
"CG54_2","Good","CG54","2","1990s",95,201,100
"CG56_2","Good","CG56","2","1990s",64,201,100
"CG57_2","Good","CG57","2","1990s",72,201,100
"CG58_2","Good","CG58","2","1990s",82,201,100
"CG59_2","Good","CG59","2","1990s",80,201,100
"CG61_2","Good","CG61","2","1990s",70,201,52.1409196559562
"CG63_2","Good","CG63","2","1990s",62,201,100
"CG65_2","Good","CG65","2","1990s",54,201,100
"CG66_2","Good","CG66","2","1990s",68,201,100
"CG68_2","Good","CG68","2","1990s",75,201,100
"CG69_2","Good","CG69","2","1990s",71,201,91.1674889131165
"CG73_2","Good","CG73","2","1990s",66,201,78.9572195756507
"CG75_2","Good","CG75","2","1990s",57,201,94.8473016073833
"CG76_2","Good","CG76","2","1990s",50,201,98.7802803394241
"CG78_2","Good","CG78","2","1990s",72,201,74.9055871154747
"CG79_2","Good","CG79","2","1990s",73,201,95.1023000414998
"CG80_2","Good","CG80","2","1990s",56,201,39.7331943091669
"CG83_2","Good","CG83","2","1990s",63,201,68.6251113675168
"CG84_2","Good","CG84","2","1990s",75,201,97.1407759693279
"CG85_2","Good","CG85","2","1990s",68,201,36.0798460262285
"CG89_2","Good","CG89","2","1990s",74,201,62.2756970943883
"CG90_2","Good","CG90","2","1990s",68,201,84.3733515730968
"CH06_2","Good","CH06","2","1990s",60,201,100
"CH07_2","Good","CH07","2","1990s",58,201,100
"CH08_2","Good","CH08","2","1990s",63,201,100
"CH25_2","Good","CH25","2","1990s",18,201,100
"CH34_2","Good","CH34","2","1990s",77,201,100
"CH35_2","Good","CH35","2","1990s",83,201,100
"CH45_2","Good","CH45","2","1990s",81,201,100
"CH46_2","Good","CH46","2","1990s",68,201,100
"CH48_2","Good","CH48","2","1990s",76,201,100
"CH49_2","Good","CH49","2","1990s",79,201,100
"CH55_2","Good","CH55","2","1990s",61,201,78.6857584092008
"CH56_2","Good","CH56","2","1990s",84,201,100
"CH57_2","Good","CH57","2","1990s",94,201,100
"CH58_2","Good","CH58","2","1990s",85,201,100
"CH59_2","Good","CH59","2","1990s",81,201,72.5486638212771
"CH66_2","Good","CH66","2","1990s",50,201,86.6698695097351
"CH69_2","Good","CH69","2","1990s",65,201,48.7071127795992
"CH76_2","Good","CH76","2","1990s",33,201,38.0357494214593
"CH77_2","Good","CH77","2","1990s",77,201,90.3801940405882
"CH79_2","Good","CH79","2","1990s",82,201,78.2169697507795
"CH86_2","Good","CH86","2","1990s",51,201,79.2983993075616
"CH87_2","Good","CH87","2","1990s",58,201,77.0862822775507
"CH88_2","Good","CH88","2","1990s",60,201,94.6629726327992
"CH89_2","Good","CH89","2","1990s",78,201,39.8265218096369
"CH95_2","Good","CH95","2","1990s",37,201,35.9861429734359
"CH96_2","Good","CH96","2","1990s",47,201,45.0894004803143
"CH97_2","Good","CH97","2","1990s",79,201,88.9759729646184
"CH99_2","Good","CH99","2","1990s",67,201,68.4978793406965
"DB04_2","Good","DB04","2","1990s",68,201,94.1558906317004
"DB05_2","Good","DB05","2","1990s",71,201,36.1091269017987
"DB10_2","Good","DB10","2","1990s",60,201,100
"DB13_2","Good","DB13","2","1990s",75,201,100
"DB14_2","Good","DB14","2","1990s",53,201,100
"DB15_2","Good","DB15","2","1990s",63,201,100
"DB16_2","Good","DB16","2","1990s",48,201,68.4738489270936
"DB20_2","Good","DB20","2","1990s",65,201,100
"DB22_2","Good","DB22","2","1990s",67,201,100
"DB24_2","Good","DB24","2","1990s",63,201,100
"DB34_2","Good","DB34","2","1990s",74,201,100
"DB35_2","Good","DB35","2","1990s",62,201,100
"DB36_2","Good","DB36","2","1990s",67,201,77.990969859642
"DB40_2","Good","DB40","2","1990s",72,201,100
"DB42_2","Good","DB42","2","1990s",66,201,100
"DB45_2","Good","DB45","2","1990s",54,201,100
"DB46_2","Good","DB46","2","1990s",70,201,98.3565130306207
"DB50_2","Good","DB50","2","1990s",72,201,100
"DB52_2","Good","DB52","2","1990s",59,201,100
"DB54_2","Good","DB54","2","1990s",70,201,100
"DB55_2","Good","DB55","2","1990s",79,201,100
"DB61_2","Good","DB61","2","1990s",56,201,100
"DB62_2","Good","DB62","2","1990s",47,201,100
"DB63_2","Good","DB63","2","1990s",72,201,100
"DB64_2","Good","DB64","2","1990s",79,201,100
"DB65_2","Good","DB65","2","1990s",62,201,100
"DB66_2","Good","DB66","2","1990s",54,201,100
"DB67_2","Good","DB67","2","1990s",61,201,99.9901538000623
"DB68_2","Good","DB68","2","1990s",68,201,44.8797192716513
"DB72_2","Good","DB72","2","1990s",66,201,100
"DB73_2","Good","DB73","2","1990s",77,201,100
"DB74_2","Good","DB74","2","1990s",57,201,97.711342876688
"DB77_2","Good","DB77","2","1990s",55,201,27.4027237160416
"DB78_2","Good","DB78","2","1990s",69,201,80.5128080431074
"DB79_2","Good","DB79","2","1990s",64,201,37.3209101112595
"DB82_2","Good","DB82","2","1990s",46,201,27.7590016723747
"DB83_2","Good","DB83","2","1990s",79,201,51.5230378670245
"DB89_2","Good","DB89","2","1990s",65,201,62.4383355345561
"DC00_2","Good","DC00","2","1990s",93,201,100
"DC01_2","Good","DC01","2","1990s",73,201,100
"DC04_2","Good","DC04","2","1990s",72,201,82.2589356993454
"DC05_2","Good","DC05","2","1990s",75,201,82.9010442964039
"DC06_2","Good","DC06","2","1990s",83,201,100
"DC07_2","Good","DC07","2","1990s",79,201,100
"DC09_2","Good","DC09","2","1990s",58,201,100
"DC10_2","Good","DC10","2","1990s",60,201,100
"DC11_2","Good","DC11","2","1990s",68,201,100
"DC12_2","Good","DC12","2","1990s",48,201,100
"DC13_2","Good","DC13","2","1990s",76,201,100
"DC14_2","Good","DC14","2","1990s",77,201,90.5545483362247
"DC15_2","Good","DC15","2","1990s",76,201,89.0966632096471
"DC16_2","Good","DC16","2","1990s",62,201,100
"DC17_2","Good","DC17","2","1990s",65,201,100
"DC18_2","Good","DC18","2","1990s",63,201,100
"DC19_2","Good","DC19","2","1990s",60,201,100
"DC23_2","Good","DC23","2","1990s",68,201,100
"DC24_2","Good","DC24","2","1990s",50,201,90.8639079856862
"DC25_2","Good","DC25","2","1990s",63,201,81.8775625643873
"DC26_2","Good","DC26","2","1990s",71,201,100
"DC27_2","Good","DC27","2","1990s",63,201,100
"DC29_2","Good","DC29","2","1990s",68,201,100
"DC32_2","Good","DC32","2","1990s",51,201,100
"DC33_2","Good","DC33","2","1990s",57,201,95.0168834549084
"DC34_2","Good","DC34","2","1990s",52,201,63.9247700361007
"DC35_2","Good","DC35","2","1990s",68,201,100
"DC36_2","Good","DC36","2","1990s",71,201,100
"DC37_2","Good","DC37","2","1990s",81,201,100
"DC38_2","Good","DC38","2","1990s",65,201,100
"DC39_2","Good","DC39","2","1990s",69,201,100
"DC40_2","Good","DC40","2","1990s",96,201,100
"DC41_2","Good","DC41","2","1990s",71,201,100
"DC42_2","Good","DC42","2","1990s",70,201,100
"DC46_2","Good","DC46","2","1990s",74,201,100
"DC47_2","Good","DC47","2","1990s",65,201,100
"DC48_2","Good","DC48","2","1990s",54,201,100
"DC49_2","Good","DC49","2","1990s",68,201,100
"DC50_2","Good","DC50","2","1990s",69,201,47.4609311833177
"DC52_2","Good","DC52","2","1990s",74,201,61.1517312465458
"DC53_2","Good","DC53","2","1990s",68,201,76.0361843233583
"DC54_2","Good","DC54","2","1990s",70,201,100
"DC56_2","Good","DC56","2","1990s",75,201,100
"DC57_2","Good","DC57","2","1990s",88,201,100
"DC58_2","Good","DC58","2","1990s",77,201,100
"DC64_2","Good","DC64","2","1990s",80,201,61.403464962986
"DC65_2","Good","DC65","2","1990s",75,201,82.4112272969602
"DC66_2","Good","DC66","2","1990s",87,201,98.9509253437004
"DC67_2","Good","DC67","2","1990s",51,201,100
"DC77_2","Good","DC77","2","1990s",74,201,49.0581521751291
"DC78_2","Good","DC78","2","1990s",82,201,98.112587208334
"DC88_2","Good","DC88","2","1990s",80,201,37.3202830246272
"DC89_2","Good","DC89","2","1990s",68,201,68.9797278353176
"DD00_2","Good","DD00","2","1990s",57,201,100
"DD01_2","Good","DD01","2","1990s",89,201,100
"DD02_2","Good","DD02","2","1990s",65,201,100
"DD03_2","Good","DD03","2","1990s",81,201,100
"DD04_2","Good","DD04","2","1990s",54,201,100
"DD05_2","Good","DD05","2","1990s",73,201,83.8944270075288
"DD06_2","Good","DD06","2","1990s",69,201,100
"DD07_2","Good","DD07","2","1990s",62,201,100
"DD08_2","Good","DD08","2","1990s",83,201,100
"DD09_2","Good","DD09","2","1990s",70,201,100
"DD10_2","Good","DD10","2","1990s",65,201,100
"DD11_2","Good","DD11","2","1990s",73,201,100
"DD12_2","Good","DD12","2","1990s",69,201,100
"DD13_2","Good","DD13","2","1990s",54,201,100
"DD14_2","Good","DD14","2","1990s",67,201,100
"DD15_2","Good","DD15","2","1990s",62,201,83.492073022334
"DD16_2","Good","DD16","2","1990s",59,201,92.6023664013214
"DD17_2","Good","DD17","2","1990s",62,201,100
"DD18_2","Good","DD18","2","1990s",97,201,100
"DD19_2","Good","DD19","2","1990s",74,201,100
"DD21_2","Good","DD21","2","1990s",81,201,100
"DD22_2","Good","DD22","2","1990s",51,201,100
"DD24_2","Good","DD24","2","1990s",73,201,100
"DD25_2","Good","DD25","2","1990s",67,201,98.9670781947873
"DD26_2","Good","DD26","2","1990s",69,201,64.4448669779563
"DD28_2","Good","DD28","2","1990s",72,201,100
"DD29_2","Good","DD29","2","1990s",65,201,100
"DD30_2","Good","DD30","2","1990s",68,201,100
"DD31_2","Good","DD31","2","1990s",81,201,100
"DD32_2","Good","DD32","2","1990s",60,201,100
"DD35_2","Good","DD35","2","1990s",61,201,100
"DD36_2","Good","DD36","2","1990s",68,201,82.4963764046916
"DD37_2","Good","DD37","2","1990s",76,201,91.4966982892208
"DD38_2","Good","DD38","2","1990s",76,201,100
"DD39_2","Good","DD39","2","1990s",64,201,100
"DD40_2","Good","DD40","2","1990s",75,201,100
"DD41_2","Good","DD41","2","1990s",80,201,99.5017113314282
"DD42_2","Good","DD42","2","1990s",77,201,99.7528346374817
"DD43_2","Good","DD43","2","1990s",75,201,99.5718289426022
"DD45_2","Good","DD45","2","1990s",72,201,100
"DD46_2","Good","DD46","2","1990s",71,201,80.2818931372833
"DD47_2","Good","DD47","2","1990s",89,201,79.4729357814585
"DD48_2","Good","DD48","2","1990s",75,201,100
"DD49_2","Good","DD49","2","1990s",77,201,100
"DD50_2","Good","DD50","2","1990s",63,201,100
"DD51_2","Good","DD51","2","1990s",78,201,92.1588306145469
"DD52_2","Good","DD52","2","1990s",76,201,87.3668468060065
"DD53_2","Good","DD53","2","1990s",72,201,78.4304721993488
"DD54_2","Good","DD54","2","1990s",66,201,72.1975699179903
"DD55_2","Good","DD55","2","1990s",59,201,100
"DD56_2","Good","DD56","2","1990s",59,201,87.3724222412799
"DD57_2","Good","DD57","2","1990s",66,201,73.7605593021301
"DD58_2","Good","DD58","2","1990s",58,201,80.9441013239254
"DD59_2","Good","DD59","2","1990s",74,201,58.6542520003262
"DD60_2","Good","DD60","2","1990s",53,201,100
"DD61_2","Good","DD61","2","1990s",61,201,100
"DD63_2","Good","DD63","2","1990s",66,201,93.5466207994595
"DD64_2","Good","DD64","2","1990s",64,201,45.2918263511844
"DD65_2","Good","DD65","2","1990s",73,201,52.1265526321324
"DD70_2","Good","DD70","2","1990s",78,201,100
"DD71_2","Good","DD71","2","1990s",52,201,100
"DD72_2","Good","DD72","2","1990s",60,201,100
"DD80_2","Good","DD80","2","1990s",76,201,100
"DD81_2","Good","DD81","2","1990s",53,201,100
"DD82_2","Good","DD82","2","1990s",57,201,92.0333906282272
"DD90_2","Good","DD90","2","1990s",79,201,100
"DD91_2","Good","DD91","2","1990s",72,201,100
"DE01_2","Good","DE01","2","1990s",64,201,100
"DE02_2","Good","DE02","2","1990s",81,201,100
"DE03_2","Good","DE03","2","1990s",76,201,100
"DE06_2","Good","DE06","2","1990s",72,201,100
"DE07_2","Good","DE07","2","1990s",75,201,100
"DE08_2","Good","DE08","2","1990s",64,201,100
"DE09_2","Good","DE09","2","1990s",73,201,100
"DE11_2","Good","DE11","2","1990s",90,201,100
"DE12_2","Good","DE12","2","1990s",88,201,100
"DE13_2","Good","DE13","2","1990s",73,201,100
"DE14_2","Good","DE14","2","1990s",78,201,100
"DE15_2","Good","DE15","2","1990s",69,201,100
"DE16_2","Good","DE16","2","1990s",86,201,100
"DE17_2","Good","DE17","2","1990s",75,201,100
"DE18_2","Good","DE18","2","1990s",67,201,100
"DE19_2","Good","DE19","2","1990s",82,201,100
"DE21_2","Good","DE21","2","1990s",61,201,100
"DE22_2","Good","DE22","2","1990s",72,201,100
"DE23_2","Good","DE23","2","1990s",68,201,100
"DE24_2","Good","DE24","2","1990s",76,201,100
"DE25_2","Good","DE25","2","1990s",68,201,100
"DE26_2","Good","DE26","2","1990s",69,201,100
"DE27_2","Good","DE27","2","1990s",72,201,100
"DE28_2","Good","DE28","2","1990s",68,201,100
"DE29_2","Good","DE29","2","1990s",51,201,100
"DE30_2","Good","DE30","2","1990s",63,201,100
"DE31_2","Good","DE31","2","1990s",57,201,100
"DE32_2","Good","DE32","2","1990s",56,201,100
"DE34_2","Good","DE34","2","1990s",90,201,100
"DE35_2","Good","DE35","2","1990s",66,201,100
"DE36_2","Good","DE36","2","1990s",79,201,100
"DE37_2","Good","DE37","2","1990s",76,201,100
"DE38_2","Good","DE38","2","1990s",71,201,100
"DE39_2","Good","DE39","2","1990s",55,201,100
"DE40_2","Good","DE40","2","1990s",60,201,100
"DE41_2","Good","DE41","2","1990s",55,201,100
"DE42_2","Good","DE42","2","1990s",57,201,100
"DE43_2","Good","DE43","2","1990s",55,201,100
"DE44_2","Good","DE44","2","1990s",65,201,100
"DE46_2","Good","DE46","2","1990s",52,201,100
"DE48_2","Good","DE48","2","1990s",62,201,100
"DE49_2","Good","DE49","2","1990s",76,201,100
"DE50_2","Good","DE50","2","1990s",53,201,75.292574882988
"DE51_2","Good","DE51","2","1990s",82,201,69.3754361019859
"DE52_2","Good","DE52","2","1990s",69,201,78.3188858735943
"DE53_2","Good","DE53","2","1990s",75,201,49.4253962682819
"DE55_2","Good","DE55","2","1990s",49,201,48.4601439776516
"DE57_2","Good","DE57","2","1990s",65,201,100
"DE58_2","Good","DE58","2","1990s",59,201,100
"DE68_2","Good","DE68","2","1990s",88,201,100
"DE75_2","Good","DE75","2","1990s",54,201,75.4078037683939
"DE78_2","Good","DE78","2","1990s",58,201,99.7182269714088
"DE79_2","Good","DE79","2","1990s",79,201,100
"DE84_2","Good","DE84","2","1990s",74,201,35.1543424754179
"DE85_2","Good","DE85","2","1990s",65,201,61.4068021454053
"DE86_2","Good","DE86","2","1990s",68,201,75.3756436512183
"DE87_2","Good","DE87","2","1990s",83,201,61.242966140989
"DE88_2","Good","DE88","2","1990s",77,201,99.9649625392218
"DE89_2","Good","DE89","2","1990s",81,201,100
"DE90_2","Good","DE90","2","1990s",63,201,60.6042271812401
"DE94_2","Good","DE94","2","1990s",62,201,31.5524768138695
"DE96_2","Good","DE96","2","1990s",90,201,82.0333801747398
"DE97_2","Good","DE97","2","1990s",85,201,100
"DE98_2","Good","DE98","2","1990s",75,201,100
"DE99_2","Good","DE99","2","1990s",57,201,100
"DF02_2","Good","DF02","2","1990s",65,201,33.0064695856122
"DF04_2","Good","DF04","2","1990s",63,201,88.7224882082319
"DF05_2","Good","DF05","2","1990s",50,201,100
"DF06_2","Good","DF06","2","1990s",53,201,100
"DF08_2","Good","DF08","2","1990s",88,201,95.8749272893791
"DF09_2","Good","DF09","2","1990s",66,201,100
"DF10_2","Good","DF10","2","1990s",39,201,43.5799219549289
"DF14_2","Good","DF14","2","1990s",46,201,54.0063024856634
"DF15_2","Good","DF15","2","1990s",54,201,100
"DF16_2","Good","DF16","2","1990s",69,201,100
"DF17_2","Good","DF17","2","1990s",62,201,74.6081199100685
"DF18_2","Good","DF18","2","1990s",77,201,70.9328282569563
"DF19_2","Good","DF19","2","1990s",49,201,100
"DF20_2","Good","DF20","2","1990s",71,201,87.8899248197605
"DF25_2","Good","DF25","2","1990s",64,201,83.5574410901051
"DF27_2","Good","DF27","2","1990s",56,201,49.5820007566506
"DF28_2","Good","DF28","2","1990s",78,201,43.3915841775848
"DF29_2","Good","DF29","2","1990s",59,201,100
"DF30_2","Good","DF30","2","1990s",63,201,100
"DF31_2","Good","DF31","2","1990s",79,201,64.2877648217631
"DF37_2","Good","DF37","2","1990s",76,201,26.5421913319952
"DF38_2","Good","DF38","2","1990s",93,201,55.4711695882563
"DF41_2","Good","DF41","2","1990s",81,201,97.8610774596184
"DF48_2","Good","DF48","2","1990s",86,201,75.8996905837873
"DF49_2","Good","DF49","2","1990s",53,201,100
"DF51_2","Good","DF51","2","1990s",58,201,100
"DF59_2","Good","DF59","2","1990s",75,201,59.3753642159204
"DF61_2","Good","DF61","2","1990s",58,201,100
"DF70_2","Good","DF70","2","1990s",56,201,100
"DF71_2","Good","DF71","2","1990s",66,201,100
"DF72_2","Good","DF72","2","1990s",60,201,46.9259674286287
"DF80_2","Good","DF80","2","1990s",71,201,76.3140123142021
"DF96_2","Good","DF96","2","1990s",59,201,46.1699303789047
"DF97_2","Good","DF97","2","1990s",63,201,84.0002369062102
"DF98_2","Good","DF98","2","1990s",56,201,39.9900670537323
"DG00_2","Good","DG00","2","1990s",51,201,39.4702399868395
"DG07_2","Good","DG07","2","1990s",61,201,62.7458660521922
"DG08_2","Good","DG08","2","1990s",72,201,67.4606067284632
"DG09_2","Good","DG09","2","1990s",58,201,97.2226006122527
"DG16_2","Good","DG16","2","1990s",53,201,78.1995318806875
"DG17_2","Good","DG17","2","1990s",83,201,99.8446715739899
"DG22_2","Good","DG22","2","1990s",55,201,31.842259892012
"DG23_2","Good","DG23","2","1990s",64,201,30.8461752424905
"DG27_2","Good","DG27","2","1990s",67,201,100
"DG28_2","Good","DG28","2","1990s",71,201,100
"DG34_2","Good","DG34","2","1990s",68,201,100
"DG35_2","Good","DG35","2","1990s",41,201,100
"DG37_2","Good","DG37","2","1990s",66,201,100
"DG41_2","Good","DG41","2","1990s",68,201,71.2525560393892
"DG42_2","Good","DG42","2","1990s",64,201,41.4674239498275
"DG43_2","Good","DG43","2","1990s",59,201,92.0382550341682
"DG47_2","Good","DG47","2","1990s",74,201,100
"DG48_2","Good","DG48","2","1990s",74,201,100
"DG49_2","Good","DG49","2","1990s",61,201,100
"DG51_2","Good","DG51","2","1990s",77,201,88.1740104933376
"DG56_2","Good","DG56","2","1990s",60,201,100
"DG57_2","Good","DG57","2","1990s",63,201,100
"DG58_2","Good","DG58","2","1990s",77,201,100
"DG60_2","Good","DG60","2","1990s",73,201,26.6833397488392
"DG61_2","Good","DG61","2","1990s",91,201,97.9923265305891
"DG62_2","Good","DG62","2","1990s",96,201,100
"DG63_2","Good","DG63","2","1990s",71,201,100
"DG64_2","Good","DG64","2","1990s",57,201,100
"DG65_2","Good","DG65","2","1990s",45,201,100
"DG67_2","Good","DG67","2","1990s",54,201,100
"DG68_2","Good","DG68","2","1990s",61,201,100
"DG69_2","Good","DG69","2","1990s",75,201,100
"DG70_2","Good","DG70","2","1990s",59,201,64.7758717930578
"DG71_2","Good","DG71","2","1990s",92,201,100
"DG72_2","Good","DG72","2","1990s",81,201,100
"DG73_2","Good","DG73","2","1990s",74,201,100
"DG74_2","Good","DG74","2","1990s",66,201,100
"DG75_2","Good","DG75","2","1990s",55,201,100
"DG76_2","Good","DG76","2","1990s",50,201,100
"DG78_2","Good","DG78","2","1990s",51,201,100
"DG79_2","Good","DG79","2","1990s",66,201,100
"DG80_2","Good","DG80","2","1990s",59,201,89.2404514131079
"DG82_2","Good","DG82","2","1990s",74,201,100
"DG83_2","Good","DG83","2","1990s",66,201,100
"DG84_2","Good","DG84","2","1990s",61,201,100
"DG85_2","Good","DG85","2","1990s",42,201,100
"DG86_2","Good","DG86","2","1990s",49,201,100
"DG87_2","Good","DG87","2","1990s",62,201,100
"DG88_2","Good","DG88","2","1990s",55,201,97.6514051232204
"DG89_2","Good","DG89","2","1990s",58,201,35.6656827819701
"DG91_2","Good","DG91","2","1990s",64,201,100
"DG92_2","Good","DG92","2","1990s",62,201,100
"DG93_2","Good","DG93","2","1990s",62,201,100
"DG94_2","Good","DG94","2","1990s",67,201,100
"DG95_2","Good","DG95","2","1990s",58,201,100
"DG96_2","Good","DG96","2","1990s",82,201,100
"DG97_2","Good","DG97","2","1990s",64,201,100
"DH06_2","Good","DH06","2","1990s",63,201,26.2665076818191
"DH07_2","Good","DH07","2","1990s",73,201,84.6169154812907
"DH08_2","Good","DH08","2","1990s",65,201,58.821813812655
"DH09_2","Good","DH09","2","1990s",50,201,96.0637701395326
"DH16_2","Good","DH16","2","1990s",74,201,50.3746482314935
"DH17_2","Good","DH17","2","1990s",82,201,98.1676952406166
"DH18_2","Good","DH18","2","1990s",72,201,98.2161883631196
"DH19_2","Good","DH19","2","1990s",70,201,59.1086735067987
"DH26_2","Good","DH26","2","1990s",52,201,70.1801069324488
"DH86_2","Good","DH86","2","1990s",61,201,44.5362405776554
"DH98_2","Good","DH98","2","1990s",52,201,29.9231058462953
"DH99_2","Good","DH99","2","1990s",68,201,38.1133942778564
"EB03_2","Good","EB03","2","1990s",51,201,83.7991158207561
"EB04_2","Good","EB04","2","1990s",63,201,51.6454991248007
"EB06_2","Good","EB06","2","1990s",52,201,25.6472423803069
"EB07_2","Good","EB07","2","1990s",70,201,94.9494599035673
"EB08_2","Good","EB08","2","1990s",71,201,86.432964026578
"EB10_2","Good","EB10","2","1990s",71,201,53.2136230718933
"ED00_2","Good","ED00","2","1990s",69,201,100
"ED01_2","Good","ED01","2","1990s",86,201,100
"ED02_2","Good","ED02","2","1990s",65,201,100
"ED03_2","Good","ED03","2","1990s",65,201,25.6912279404857
"ED10_2","Good","ED10","2","1990s",56,201,100
"ED12_2","Good","ED12","2","1990s",58,201,100
"ED13_2","Good","ED13","2","1990s",54,201,42.2464186919146
"ED20_2","Good","ED20","2","1990s",68,201,100
"ED21_2","Good","ED21","2","1990s",48,201,100
"ED22_2","Good","ED22","2","1990s",72,201,99.8194838277626
"ED23_2","Good","ED23","2","1990s",89,201,33.1718020687373
"ED30_2","Good","ED30","2","1990s",76,201,73.6109358268201
"ED31_2","Good","ED31","2","1990s",58,201,92.8076027255459
"EE05_2","Good","EE05","2","1990s",64,201,43.3173729530115
"EE06_2","Good","EE06","2","1990s",54,201,59.0276030010228
"EE07_2","Good","EE07","2","1990s",86,201,100
"EE08_2","Good","EE08","2","1990s",59,201,100
"EE09_2","Good","EE09","2","1990s",64,201,100
"EE15_2","Good","EE15","2","1990s",67,201,54.7152689138832
"EE16_2","Good","EE16","2","1990s",74,201,67.9470438455257
"EE17_2","Good","EE17","2","1990s",93,201,100
"EE18_2","Good","EE18","2","1990s",66,201,100
"EE19_2","Good","EE19","2","1990s",61,201,100
"EE27_2","Good","EE27","2","1990s",82,201,52.0571219084988
"EE28_2","Good","EE28","2","1990s",77,201,97.0479249891872
"EE29_2","Good","EE29","2","1990s",57,201,100
"EE39_2","Good","EE39","2","1990s",73,201,65.5424783622665
"EF00_2","Good","EF00","2","1990s",60,201,61.8218879905937
"EF01_2","Good","EF01","2","1990s",76,201,56.956477979935
"EF02_2","Good","EF02","2","1990s",83,201,30.5801879016525
"EF06_2","Good","EF06","2","1990s",71,201,34.4333101033568
"EF07_2","Good","EF07","2","1990s",46,201,57.3205370934334
"EF08_2","Good","EF08","2","1990s",70,201,74.0642466834328
"EF09_2","Good","EF09","2","1990s",75,201,30.8007596838825
"EF10_2","Good","EF10","2","1990s",66,201,77.5058929486332
"EF11_2","Good","EF11","2","1990s",54,201,32.3020209370346
"EF54_2","Good","EF54","2","1990s",57,201,33.5592165053064
"EF65_2","Good","EF65","2","1990s",78,201,84.4898026696435
"EF70_2","Good","EF70","2","1990s",65,201,62.3581741739755
"EF71_2","Good","EF71","2","1990s",80,201,88.1282037871981
"EF74_2","Good","EF74","2","1990s",62,201,99.6966385156517
"EF75_2","Good","EF75","2","1990s",80,201,35.5510108750493
"EF80_2","Good","EF80","2","1990s",59,201,100
"EF81_2","Good","EF81","2","1990s",84,201,100
"EF82_2","Good","EF82","2","1990s",80,201,100
"EF83_2","Good","EF83","2","1990s",49,201,100
"EF85_2","Good","EF85","2","1990s",64,201,85.1169538443992
"EF90_2","Good","EF90","2","1990s",81,201,100
"EF91_2","Good","EF91","2","1990s",92,201,100
"EF92_2","Good","EF92","2","1990s",95,201,100
"EF93_2","Good","EF93","2","1990s",103,201,100
"EF94_2","Good","EF94","2","1990s",95,201,100
"EF96_2","Good","EF96","2","1990s",50,201,48.0403549267298
"EG00_2","Good","EG00","2","1990s",55,201,81.6471521551656
"EG01_2","Good","EG01","2","1990s",58,201,100
"EG02_2","Good","EG02","2","1990s",60,201,100
"EG03_2","Good","EG03","2","1990s",50,201,100
"EG04_2","Good","EG04","2","1990s",81,201,100
"EG05_2","Good","EG05","2","1990s",60,201,100
"EG06_2","Good","EG06","2","1990s",60,201,100
"EG07_2","Good","EG07","2","1990s",48,201,100
"EG08_2","Good","EG08","2","1990s",64,201,99.2700886577149
"EG10_2","Good","EG10","2","1990s",63,201,67.7756807348255
"EG11_2","Good","EG11","2","1990s",56,201,100
"EG12_2","Good","EG12","2","1990s",63,201,100
"EG13_2","Good","EG13","2","1990s",64,201,100
"EG14_2","Good","EG14","2","1990s",68,201,100
"EG15_2","Good","EG15","2","1990s",69,201,100
"EG17_2","Good","EG17","2","1990s",66,201,100
"EG18_2","Good","EG18","2","1990s",58,201,74.9619683081493
"EG19_2","Good","EG19","2","1990s",74,201,34.7213643107285
"EG21_2","Good","EG21","2","1990s",48,201,51.8002480524712
"EG22_2","Good","EG22","2","1990s",61,201,76.7385525574608
"EG23_2","Good","EG23","2","1990s",57,201,98.6752824263287
"EG24_2","Good","EG24","2","1990s",62,201,97.836461386137
"EG25_2","Good","EG25","2","1990s",73,201,74.8468408248863
"EG26_2","Good","EG26","2","1990s",69,201,94.4997573675594
"EG30_2","Good","EG30","2","1990s",61,201,27.1187275887049
"EG40_2","Good","EG40","2","1990s",50,201,53.7826854879131
"EG42_2","Good","EG42","2","1990s",66,201,47.9610699032044
"EG76_2","Good","EG76","2","1990s",65,201,42.8188205238982
"EG84_2","Good","EG84","2","1990s",80,201,38.5567027949315
"EG85_2","Good","EG85","2","1990s",84,201,54.1640396202754
"EG88_2","Good","EG88","2","1990s",79,201,97.9060476614943
"EG94_2","Good","EG94","2","1990s",97,201,92.6634530431786
"EG95_2","Good","EG95","2","1990s",66,201,98.8423378607349
"EG96_2","Good","EG96","2","1990s",73,201,100
"EG99_2","Good","EG99","2","1990s",82,201,100
"EH08_2","Good","EH08","2","1990s",67,201,78.8757345424743
"EH13_2","Good","EH13","2","1990s",85,201,36.4915050052731
"EH17_2","Good","EH17","2","1990s",71,201,31.2683884456741
"EH23_2","Good","EH23","2","1990s",96,201,25.8268068398342
"EH27_2","Good","EH27","2","1990s",57,201,99.9989810020316
"EH28_2","Good","EH28","2","1990s",55,201,61.9443513231825
"EH37_2","Good","EH37","2","1990s",31,201,41.7522153371239
"EH39_2","Good","EH39","2","1990s",79,201,70.5325267096673
"EH49_2","Good","EH49","2","1990s",44,201,28.6505274363041
"EH54_2","Good","EH54","2","1990s",57,201,35.569869913017
"EH64_2","Good","EH64","2","1990s",62,201,96.762216901783
"EH66_2","Good","EH66","2","1990s",72,201,73.5248754745568
"EH67_2","Good","EH67","2","1990s",67,201,82.6151696517714
"EH73_2","Good","EH73","2","1990s",63,201,52.1623099528966
"EH74_2","Good","EH74","2","1990s",52,201,100
"EH75_2","Good","EH75","2","1990s",88,201,95.0048548990741
"EH76_2","Good","EH76","2","1990s",55,201,100
"EH77_2","Good","EH77","2","1990s",65,201,99.567779565361
"EH78_2","Good","EH78","2","1990s",62,201,33.9464533330618
"EH83_2","Good","EH83","2","1990s",67,201,89.1107435422268
"EH84_2","Good","EH84","2","1990s",46,201,100
"EH85_2","Good","EH85","2","1990s",68,201,100
"EH86_2","Good","EH86","2","1990s",63,201,100
"EH87_2","Good","EH87","2","1990s",58,201,100
"EH88_2","Good","EH88","2","1990s",65,201,52.9201004889054
"EH92_2","Good","EH92","2","1990s",65,201,43.9128777223096
"EH93_2","Good","EH93","2","1990s",54,201,100
"EH94_2","Good","EH94","2","1990s",48,201,100
"EH95_2","Good","EH95","2","1990s",56,201,100
"EH96_2","Good","EH96","2","1990s",72,201,100
"EH97_2","Good","EH97","2","1990s",71,201,93.2620219093704
"FD02_2","Good","FD02","2","1990s",64,201,66.7862257161482
"FE10_2","Good","FE10","2","1990s",65,201,57.4591655666504
"FE20_2","Good","FE20","2","1990s",74,201,76.947433829683
"FE30_2","Good","FE30","2","1990s",108,201,65.834846331667
"FE40_2","Good","FE40","2","1990s",76,201,48.8642347304904
"FE60_2","Good","FE60","2","1990s",95,201,50.162563105579
"FE61_2","Good","FE61","2","1990s",88,201,89.4323836586423
"FE80_2","Good","FE80","2","1990s",77,201,95.9607381042452
"FE82_2","Good","FE82","2","1990s",80,201,100
"FE83_2","Good","FE83","2","1990s",74,201,67.0721831138885
"FE90_2","Good","FE90","2","1990s",69,201,100
"FE91_2","Good","FE91","2","1990s",82,201,100
"FF02_2","Good","FF02","2","1990s",86,201,100
"FF04_2","Good","FF04","2","1990s",57,201,100
"FF07_2","Good","FF07","2","1990s",55,201,100
"FF08_2","Good","FF08","2","1990s",36,201,25.8581817708969
"FF10_2","Good","FF10","2","1990s",99,201,100
"FF12_2","Good","FF12","2","1990s",86,201,100
"FF13_2","Good","FF13","2","1990s",56,201,100
"FF14_2","Good","FF14","2","1990s",71,201,100
"FF17_2","Good","FF17","2","1990s",63,201,100
"FF18_2","Good","FF18","2","1990s",71,201,74.4883480456665
"FF19_2","Good","FF19","2","1990s",55,201,39.5116336673613
"FF22_2","Good","FF22","2","1990s",88,201,100
"FF23_2","Good","FF23","2","1990s",60,201,100
"FF24_2","Good","FF24","2","1990s",60,201,100
"FF25_2","Good","FF25","2","1990s",57,201,100
"FF27_2","Good","FF27","2","1990s",67,201,96.4887451093807
"FF29_2","Good","FF29","2","1990s",56,201,100
"FF30_2","Good","FF30","2","1990s",71,201,100
"FF31_2","Good","FF31","2","1990s",65,201,100
"FF32_2","Good","FF32","2","1990s",62,201,100
"FF33_2","Good","FF33","2","1990s",54,201,100
"FF35_2","Good","FF35","2","1990s",61,201,76.5567421183205
"FF36_2","Good","FF36","2","1990s",58,201,90.9256330090149
"FF38_2","Good","FF38","2","1990s",60,201,96.1877261828626
"FF39_2","Good","FF39","2","1990s",76,201,47.0287181589969
"FF40_2","Good","FF40","2","1990s",76,201,100
"FF41_2","Good","FF41","2","1990s",59,201,100
"FF42_2","Good","FF42","2","1990s",52,201,100
"FF43_2","Good","FF43","2","1990s",56,201,100
"FF46_2","Good","FF46","2","1990s",52,201,54.980214852666
"FF50_2","Good","FF50","2","1990s",66,201,100
"FF53_2","Good","FF53","2","1990s",57,201,100
"FF54_2","Good","FF54","2","1990s",90,201,80.6008728678943
"FF55_2","Good","FF55","2","1990s",54,201,36.2075703150992
"FF57_2","Good","FF57","2","1990s",65,201,29.9698731801347
"FF61_2","Good","FF61","2","1990s",67,201,100
"FF62_2","Good","FF62","2","1990s",81,201,100
"FF67_2","Good","FF67","2","1990s",89,201,91.7931977429937
"FF69_2","Good","FF69","2","1990s",85,201,32.4580014429829
"FF70_2","Good","FF70","2","1990s",78,201,100
"FF72_2","Good","FF72","2","1990s",65,201,100
"FF73_2","Good","FF73","2","1990s",69,201,100
"FF74_2","Good","FF74","2","1990s",71,201,82.4002368649199
"FF75_2","Good","FF75","2","1990s",64,201,44.5704939510572
"FF76_2","Good","FF76","2","1990s",79,201,94.3081213603745
"FF78_2","Good","FF78","2","1990s",82,201,90.7472602602393
"FF79_2","Good","FF79","2","1990s",99,201,66.3603100635503
"FF80_2","Good","FF80","2","1990s",88,201,100
"FF81_2","Good","FF81","2","1990s",73,201,100
"FF82_2","Good","FF82","2","1990s",51,201,100
"FF83_2","Good","FF83","2","1990s",66,201,100
"FF84_2","Good","FF84","2","1990s",81,201,71.2109890172687
"FF86_2","Good","FF86","2","1990s",96,201,55.172485710291
"FF87_2","Good","FF87","2","1990s",72,201,66.0911589419255
"FF88_2","Good","FF88","2","1990s",60,201,76.2748074860943
"FF89_2","Good","FF89","2","1990s",59,201,73.7817303008405
"FF90_2","Good","FF90","2","1990s",79,201,100
"FF91_2","Good","FF91","2","1990s",52,201,100
"FF92_2","Good","FF92","2","1990s",50,201,100
"FF93_2","Good","FF93","2","1990s",56,201,100
"FF95_2","Good","FF95","2","1990s",79,201,97.0391639659104
"FF97_2","Good","FF97","2","1990s",61,201,100
"FF98_2","Good","FF98","2","1990s",67,201,100
"FF99_2","Good","FF99","2","1990s",65,201,100
"FG04_2","Good","FG04","2","1990s",61,201,89.9795908798529
"FG08_2","Good","FG08","2","1990s",75,201,100
"FG09_2","Good","FG09","2","1990s",51,201,100
"FG14_2","Good","FG14","2","1990s",71,201,83.6988253066244
"FG18_2","Good","FG18","2","1990s",71,201,100
"FG19_2","Good","FG19","2","1990s",72,201,100
"FG27_2","Good","FG27","2","1990s",67,201,100
"FG28_2","Good","FG28","2","1990s",82,201,100
"FG29_2","Good","FG29","2","1990s",79,201,100
"FG37_2","Good","FG37","2","1990s",83,201,100
"FG38_2","Good","FG38","2","1990s",76,201,100
"FG43_2","Good","FG43","2","1990s",101,201,51.293234717225
"FG45_2","Good","FG45","2","1990s",80,201,100
"FG47_2","Good","FG47","2","1990s",70,201,100
"FG48_2","Good","FG48","2","1990s",59,201,100
"FG51_2","Good","FG51","2","1990s",61,201,56.3704986830259
"FG53_2","Good","FG53","2","1990s",83,201,91.9159887772465
"FG54_2","Good","FG54","2","1990s",75,201,100
"FG56_2","Good","FG56","2","1990s",76,201,100
"FG58_2","Good","FG58","2","1990s",66,201,100
"FG59_2","Good","FG59","2","1990s",51,201,100
"FG60_2","Good","FG60","2","1990s",58,201,80.4252482520783
"FG62_2","Good","FG62","2","1990s",59,201,100
"FG63_2","Good","FG63","2","1990s",66,201,100
"FG68_2","Good","FG68","2","1990s",67,201,100
"FG69_2","Good","FG69","2","1990s",78,201,100
"FG70_2","Good","FG70","2","1990s",74,201,100
"FG74_2","Good","FG74","2","1990s",69,201,100
"FG75_2","Good","FG75","2","1990s",75,201,100
"FG76_2","Good","FG76","2","1990s",80,201,100
"FG79_2","Good","FG79","2","1990s",64,201,100
"FG80_2","Good","FG80","2","1990s",69,201,100
"FG82_2","Good","FG82","2","1990s",55,201,89.4483681807482
"FG83_2","Good","FG83","2","1990s",37,201,67.9776426272125
"FG84_2","Good","FG84","2","1990s",57,201,100
"FG85_2","Good","FG85","2","1990s",71,201,100
"FG86_2","Good","FG86","2","1990s",88,201,100
"FG91_2","Good","FG91","2","1990s",75,201,92.115099159523
"FG92_2","Good","FG92","2","1990s",88,201,75.7116875538317
"FG93_2","Good","FG93","2","1990s",78,201,35.8924493546135
"FG97_2","Good","FG97","2","1990s",77,201,100
"FG99_2","Good","FG99","2","1990s",63,201,100
"FH01_2","Good","FH01","2","1990s",69,201,28.0812309323759
"FH04_2","Good","FH04","2","1990s",61,201,100
"FH05_2","Good","FH05","2","1990s",62,201,100
"FH07_2","Good","FH07","2","1990s",66,201,26.895333308367
"FH08_2","Good","FH08","2","1990s",57,201,34.9265565599351
"FH11_2","Good","FH11","2","1990s",76,201,86.34053505194
"FH12_2","Good","FH12","2","1990s",56,201,100
"FH13_2","Good","FH13","2","1990s",52,201,100
"FH14_2","Good","FH14","2","1990s",57,201,100
"FH15_2","Good","FH15","2","1990s",58,201,99.287622870924
"FH16_2","Good","FH16","2","1990s",61,201,38.1709854550593
"FH18_2","Good","FH18","2","1990s",36,201,27.7034497794332
"FH21_2","Good","FH21","2","1990s",76,201,50.457884422936
"FH22_2","Good","FH22","2","1990s",52,201,100
"FH23_2","Good","FH23","2","1990s",92,201,100
"FH24_2","Good","FH24","2","1990s",86,201,100
"FH25_2","Good","FH25","2","1990s",64,201,79.501830032424
"FH29_2","Good","FH29","2","1990s",59,201,25.5361781078591
"FH32_2","Good","FH32","2","1990s",76,201,93.5327843646565
"FH33_2","Good","FH33","2","1990s",91,201,100
"FH34_2","Good","FH34","2","1990s",63,201,100
"FH35_2","Good","FH35","2","1990s",53,201,91.0442852837912
"FH36_2","Good","FH36","2","1990s",61,201,35.6946970945645
"FH42_2","Good","FH42","2","1990s",74,201,87.2475125975456
"FH43_2","Good","FH43","2","1990s",72,201,100
"FH44_2","Good","FH44","2","1990s",72,201,100
"FH45_2","Good","FH45","2","1990s",49,201,100
"FH46_2","Good","FH46","2","1990s",59,201,94.9124392999334
"FH52_2","Good","FH52","2","1990s",71,201,96.8721418951111
"FH54_2","Good","FH54","2","1990s",75,201,100
"FH55_2","Good","FH55","2","1990s",63,201,84.6401315772039
"FH56_2","Good","FH56","2","1990s",55,201,58.5142671307437
"FH58_2","Good","FH58","2","1990s",75,201,62.7313015856893
"FH62_2","Good","FH62","2","1990s",73,201,66.3060114282826
"FH63_2","Good","FH63","2","1990s",77,201,47.1181329991684
"FH64_2","Good","FH64","2","1990s",83,201,83.9013909584032
"FH65_2","Good","FH65","2","1990s",68,201,85.5773740636147
"FH67_2","Good","FH67","2","1990s",62,201,100
"FH71_2","Good","FH71","2","1990s",67,201,65.7867587159765
"FH72_2","Good","FH72","2","1990s",52,201,91.5997865486353
"FH74_2","Good","FH74","2","1990s",75,201,97.206687759511
"FH75_2","Good","FH75","2","1990s",67,201,100
"FH76_2","Good","FH76","2","1990s",64,201,100
"FH77_2","Good","FH77","2","1990s",64,201,98.0063299758892
"FH79_2","Good","FH79","2","1990s",60,201,31.7283339697247
"FH80_2","Good","FH80","2","1990s",62,201,37.5652435485497
"FH81_2","Good","FH81","2","1990s",67,201,28.2062283770447
"FH83_2","Good","FH83","2","1990s",69,201,67.4957157243843
"FH84_2","Good","FH84","2","1990s",59,201,100
"FH85_2","Good","FH85","2","1990s",78,201,100
"FH86_2","Good","FH86","2","1990s",75,201,100
"FH87_2","Good","FH87","2","1990s",65,201,64.500009491374
"FH88_2","Good","FH88","2","1990s",61,201,34.0328377460504
"FH89_2","Good","FH89","2","1990s",77,201,86.7819814351063
"FH95_2","Good","FH95","2","1990s",69,201,88.7598294289932
"FH96_2","Good","FH96","2","1990s",52,201,100
"FH97_2","Good","FH97","2","1990s",62,201,49.5463073327159
"FH98_2","Good","FH98","2","1990s",57,201,33.5167924547224
"FH99_2","Good","FH99","2","1990s",66,201,68.9696050568214
"GE00_2","Good","GE00","2","1990s",74,201,100
"GE01_2","Good","GE01","2","1990s",108,201,100
"GE02_2","Good","GE02","2","1990s",86,201,100
"GE03_2","Good","GE03","2","1990s",76,201,100
"GE04_2","Good","GE04","2","1990s",74,201,93.5453872733405
"GE10_2","Good","GE10","2","1990s",86,201,100
"GE11_2","Good","GE11","2","1990s",88,201,100
"GE12_2","Good","GE12","2","1990s",78,201,100
"GE13_2","Good","GE13","2","1990s",84,201,100
"GE14_2","Good","GE14","2","1990s",64,201,90.6073619752655
"GE20_2","Good","GE20","2","1990s",75,201,100
"GE21_2","Good","GE21","2","1990s",75,201,100
"GE22_2","Good","GE22","2","1990s",72,201,100
"GE23_2","Good","GE23","2","1990s",84,201,100
"GE24_2","Good","GE24","2","1990s",66,201,47.3458937305288
"GE30_2","Good","GE30","2","1990s",86,201,99.4274393275585
"GE32_2","Good","GE32","2","1990s",94,201,100
"GE33_2","Good","GE33","2","1990s",87,201,100
"GE34_2","Good","GE34","2","1990s",58,201,35.6199657097461
"GE42_2","Good","GE42","2","1990s",54,201,64.8235965618496
"GE43_2","Good","GE43","2","1990s",85,201,75.342020850832
"GF00_2","Good","GF00","2","1990s",82,201,44.1664638961888
"GF01_2","Good","GF01","2","1990s",67,201,67.4654291536724
"GF02_2","Good","GF02","2","1990s",70,201,98.8543753574924
"GF03_2","Good","GF03","2","1990s",63,201,100
"GF04_2","Good","GF04","2","1990s",61,201,100
"GF05_2","Good","GF05","2","1990s",68,201,100
"GF06_2","Good","GF06","2","1990s",78,201,100
"GF07_2","Good","GF07","2","1990s",69,201,100
"GF08_2","Good","GF08","2","1990s",78,201,100
"GF09_2","Good","GF09","2","1990s",76,201,100
"GF12_2","Good","GF12","2","1990s",54,201,33.0314489032631
"GF13_2","Good","GF13","2","1990s",55,201,99.8152499354782
"GF15_2","Good","GF15","2","1990s",75,201,100
"GF16_2","Good","GF16","2","1990s",67,201,100
"GF17_2","Good","GF17","2","1990s",83,201,100
"GF18_2","Good","GF18","2","1990s",89,201,100
"GF19_2","Good","GF19","2","1990s",76,201,100
"GF23_2","Good","GF23","2","1990s",79,201,62.2933403659254
"GF24_2","Good","GF24","2","1990s",60,201,100
"GF25_2","Good","GF25","2","1990s",75,201,100
"GF26_2","Good","GF26","2","1990s",79,201,100
"GF27_2","Good","GF27","2","1990s",79,201,100
"GF28_2","Good","GF28","2","1990s",76,201,100
"GF29_2","Good","GF29","2","1990s",84,201,100
"GF33_2","Good","GF33","2","1990s",64,201,42.2636306633703
"GF34_2","Good","GF34","2","1990s",61,201,100
"GF36_2","Good","GF36","2","1990s",72,201,100
"GF37_2","Good","GF37","2","1990s",74,201,100
"GF38_2","Good","GF38","2","1990s",71,201,100
"GF43_2","Good","GF43","2","1990s",73,201,72.2181414040788
"GF44_2","Good","GF44","2","1990s",60,201,84.9433709696846
"GF45_2","Good","GF45","2","1990s",48,201,99.6954269476727
"GF46_2","Good","GF46","2","1990s",83,201,99.9207256744518
"GF47_2","Good","GF47","2","1990s",70,201,99.9733465857925
"GF48_2","Good","GF48","2","1990s",72,201,82.1998105339413
"GF49_2","Good","GF49","2","1990s",59,201,51.2021220988655
"GF52_2","Good","GF52","2","1990s",85,201,25.6027864817836
"GF53_2","Good","GF53","2","1990s",74,201,98.7286620279293
"GF54_2","Good","GF54","2","1990s",70,201,93.4387792855835
"GF55_2","Good","GF55","2","1990s",54,201,50.3573385187571
"GF63_2","Good","GF63","2","1990s",53,201,27.1645104475245
"GF74_2","Good","GF74","2","1990s",63,201,53.8041828110792
"GG00_2","Good","GG00","2","1990s",58,201,35.6782489920785
"GG02_2","Good","GG02","2","1990s",54,201,37.3980021830502
"GG05_2","Good","GG05","2","1990s",64,201,99.6443402610512
"GG06_2","Good","GG06","2","1990s",64,201,100
"GG07_2","Good","GG07","2","1990s",69,201,100
"GG08_2","Good","GG08","2","1990s",83,201,100
"GG09_2","Good","GG09","2","1990s",80,201,72.8942695415134
"GG10_2","Good","GG10","2","1990s",81,201,27.4964454073353
"GG15_2","Good","GG15","2","1990s",74,201,71.8812063867855
"GG17_2","Good","GG17","2","1990s",57,201,100
"GG18_2","Good","GG18","2","1990s",80,201,97.5103728865967
"GG20_2","Good","GG20","2","1990s",63,201,64.3406338770775
"GG25_2","Good","GG25","2","1990s",82,201,59.9130145782223
"GG26_2","Good","GG26","2","1990s",58,201,100
"GG27_2","Good","GG27","2","1990s",70,201,100
"GG28_2","Good","GG28","2","1990s",88,201,82.1214247948237
"GG30_2","Good","GG30","2","1990s",67,201,60.4192052615995
"GG36_2","Good","GG36","2","1990s",51,201,76.7143533326759
"GG37_2","Good","GG37","2","1990s",68,201,72.8680880138893
"GG40_2","Good","GG40","2","1990s",61,201,48.2723521513839
"GH06_2","Good","GH06","2","1990s",62,201,45.1153158998299
"GH07_2","Good","GH07","2","1990s",69,201,65.25391089664
"GH08_2","Good","GH08","2","1990s",66,201,93.0682691387086
"GH09_2","Good","GH09","2","1990s",55,201,41.0140317226033
"GH17_2","Good","GH17","2","1990s",55,201,29.1777534192057
"GH18_2","Good","GH18","2","1990s",56,201,91.0715749702473
"GH19_2","Good","GH19","2","1990s",61,201,41.7388113288261
"GH39_2","Good","GH39","2","1990s",60,201,74.9095001749392
"GH49_2","Good","GH49","2","1990s",93,201,93.6062967780905
"GH59_2","Good","GH59","2","1990s",82,201,41.9982412987518
"HA03_2","Good","HA03","2","1990s",60,201,30.8000036681348
"HA04_2","Good","HA04","2","1990s",66,201,82.5817143255517
"HA05_2","Good","HA05","2","1990s",71,201,73.4349821325788
"HA06_2","Good","HA06","2","1990s",63,201,73.060836960117
"HA07_2","Good","HA07","2","1990s",57,201,36.7855116804629
"HA13_2","Good","HA13","2","1990s",73,201,87.7616761986896
"HA16_2","Good","HA16","2","1990s",54,201,100.000000000003
"HA17_2","Good","HA17","2","1990s",64,201,87.1896604181935
"HA22_2","Good","HA22","2","1990s",47,201,29.7284472736769
"HA23_2","Good","HA23","2","1990s",62,201,99.9999999999985
"HA24_2","Good","HA24","2","1990s",68,201,99.9999999999989
"HA25_2","Good","HA25","2","1990s",72,201,100
"HA26_2","Good","HA26","2","1990s",72,201,97.9631182516847
"HA32_2","Good","HA32","2","1990s",64,201,84.1745708559556
"HA33_2","Good","HA33","2","1990s",43,201,100.000000000002
"HA34_2","Good","HA34","2","1990s",76,201,100.000000000004
"HA35_2","Good","HA35","2","1990s",62,201,100.000000000003
"HA36_2","Good","HA36","2","1990s",69,201,63.9659163579741
"HA43_2","Good","HA43","2","1990s",61,201,100.000000000001
"HA44_2","Good","HA44","2","1990s",88,201,99.9999999999996
"HA45_2","Good","HA45","2","1990s",62,201,78.3401684551325
"HA52_2","Good","HA52","2","1990s",80,201,45.811345274696
"HA53_2","Good","HA53","2","1990s",68,201,80.6764505025248
"HA54_2","Good","HA54","2","1990s",90,201,91.8739672983499
