bioregion,effect_direction,variable_label,n_supported_species,weighted_dependency,mean_species_weight,total_weighted_dependency,dependency_share,raw_tiles,tile_n,remainder,tile_within_variable,tile_id,tile_col,tile_row
Cluster 1,Positive,Temperature,66,0.00819457789619061,0.006154329127485303,0.03711990882570075,0.22075964503762252,22.07596450376225,22,0.0759645037622505,1,1,1,10
Cluster 1,Positive,Temperature,66,0.00819457789619061,0.006154329127485303,0.03711990882570075,0.22075964503762252,22.07596450376225,22,0.0759645037622505,2,2,2,10
Cluster 1,Positive,Temperature,66,0.00819457789619061,0.006154329127485303,0.03711990882570075,0.22075964503762252,22.07596450376225,22,0.0759645037622505,3,3,3,10
Cluster 1,Positive,Temperature,66,0.00819457789619061,0.006154329127485303,0.03711990882570075,0.22075964503762252,22.07596450376225,22,0.0759645037622505,4,4,4,10
Cluster 1,Positive,Temperature,66,0.00819457789619061,0.006154329127485303,0.03711990882570075,0.22075964503762252,22.07596450376225,22,0.0759645037622505,5,5,5,10
Cluster 1,Positive,Temperature,66,0.00819457789619061,0.006154329127485303,0.03711990882570075,0.22075964503762252,22.07596450376225,22,0.0759645037622505,6,6,6,10
Cluster 1,Positive,Temperature,66,0.00819457789619061,0.006154329127485303,0.03711990882570075,0.22075964503762252,22.07596450376225,22,0.0759645037622505,7,7,7,10
Cluster 1,Positive,Temperature,66,0.00819457789619061,0.006154329127485303,0.03711990882570075,0.22075964503762252,22.07596450376225,22,0.0759645037622505,8,8,8,10
Cluster 1,Positive,Temperature,66,0.00819457789619061,0.006154329127485303,0.03711990882570075,0.22075964503762252,22.07596450376225,22,0.0759645037622505,9,9,9,10
Cluster 1,Positive,Temperature,66,0.00819457789619061,0.006154329127485303,0.03711990882570075,0.22075964503762252,22.07596450376225,22,0.0759645037622505,10,10,10,10
Cluster 1,Positive,Temperature,66,0.00819457789619061,0.006154329127485303,0.03711990882570075,0.22075964503762252,22.07596450376225,22,0.0759645037622505,11,11,1,9
Cluster 1,Positive,Temperature,66,0.00819457789619061,0.006154329127485303,0.03711990882570075,0.22075964503762252,22.07596450376225,22,0.0759645037622505,12,12,2,9
Cluster 1,Positive,Temperature,66,0.00819457789619061,0.006154329127485303,0.03711990882570075,0.22075964503762252,22.07596450376225,22,0.0759645037622505,13,13,3,9
Cluster 1,Positive,Temperature,66,0.00819457789619061,0.006154329127485303,0.03711990882570075,0.22075964503762252,22.07596450376225,22,0.0759645037622505,14,14,4,9
Cluster 1,Positive,Temperature,66,0.00819457789619061,0.006154329127485303,0.03711990882570075,0.22075964503762252,22.07596450376225,22,0.0759645037622505,15,15,5,9
Cluster 1,Positive,Temperature,66,0.00819457789619061,0.006154329127485303,0.03711990882570075,0.22075964503762252,22.07596450376225,22,0.0759645037622505,16,16,6,9
Cluster 1,Positive,Temperature,66,0.00819457789619061,0.006154329127485303,0.03711990882570075,0.22075964503762252,22.07596450376225,22,0.0759645037622505,17,17,7,9
Cluster 1,Positive,Temperature,66,0.00819457789619061,0.006154329127485303,0.03711990882570075,0.22075964503762252,22.07596450376225,22,0.0759645037622505,18,18,8,9
Cluster 1,Positive,Temperature,66,0.00819457789619061,0.006154329127485303,0.03711990882570075,0.22075964503762252,22.07596450376225,22,0.0759645037622505,19,19,9,9
Cluster 1,Positive,Temperature,66,0.00819457789619061,0.006154329127485303,0.03711990882570075,0.22075964503762252,22.07596450376225,22,0.0759645037622505,20,20,10,9
Cluster 1,Positive,Temperature,66,0.00819457789619061,0.006154329127485303,0.03711990882570075,0.22075964503762252,22.07596450376225,22,0.0759645037622505,21,21,1,8
Cluster 1,Positive,Temperature,66,0.00819457789619061,0.006154329127485303,0.03711990882570075,0.22075964503762252,22.07596450376225,22,0.0759645037622505,22,22,2,8
Cluster 1,Positive,Precipitation,21,5.477242709889772e-4,0.0013732615877178633,0.03711990882570075,0.014755539232621951,1.475553923262195,1,0.47555392326219503,1,23,3,8
Cluster 1,Positive,Land-use heterogeneity,54,0.004884054493939135,0.0057929394754272605,0.03711990882570075,0.13157506708522831,13.157506708522831,13,0.15750670852283122,1,24,4,8
Cluster 1,Positive,Land-use heterogeneity,54,0.004884054493939135,0.0057929394754272605,0.03711990882570075,0.13157506708522831,13.157506708522831,13,0.15750670852283122,2,25,5,8
Cluster 1,Positive,Land-use heterogeneity,54,0.004884054493939135,0.0057929394754272605,0.03711990882570075,0.13157506708522831,13.157506708522831,13,0.15750670852283122,3,26,6,8
Cluster 1,Positive,Land-use heterogeneity,54,0.004884054493939135,0.0057929394754272605,0.03711990882570075,0.13157506708522831,13.157506708522831,13,0.15750670852283122,4,27,7,8
Cluster 1,Positive,Land-use heterogeneity,54,0.004884054493939135,0.0057929394754272605,0.03711990882570075,0.13157506708522831,13.157506708522831,13,0.15750670852283122,5,28,8,8
Cluster 1,Positive,Land-use heterogeneity,54,0.004884054493939135,0.0057929394754272605,0.03711990882570075,0.13157506708522831,13.157506708522831,13,0.15750670852283122,6,29,9,8
Cluster 1,Positive,Land-use heterogeneity,54,0.004884054493939135,0.0057929394754272605,0.03711990882570075,0.13157506708522831,13.157506708522831,13,0.15750670852283122,7,30,10,8
Cluster 1,Positive,Land-use heterogeneity,54,0.004884054493939135,0.0057929394754272605,0.03711990882570075,0.13157506708522831,13.157506708522831,13,0.15750670852283122,8,31,1,7
Cluster 1,Positive,Land-use heterogeneity,54,0.004884054493939135,0.0057929394754272605,0.03711990882570075,0.13157506708522831,13.157506708522831,13,0.15750670852283122,9,32,2,7
Cluster 1,Positive,Land-use heterogeneity,54,0.004884054493939135,0.0057929394754272605,0.03711990882570075,0.13157506708522831,13.157506708522831,13,0.15750670852283122,10,33,3,7
Cluster 1,Positive,Land-use heterogeneity,54,0.004884054493939135,0.0057929394754272605,0.03711990882570075,0.13157506708522831,13.157506708522831,13,0.15750670852283122,11,34,4,7
Cluster 1,Positive,Land-use heterogeneity,54,0.004884054493939135,0.0057929394754272605,0.03711990882570075,0.13157506708522831,13.157506708522831,13,0.15750670852283122,12,35,5,7
Cluster 1,Positive,Land-use heterogeneity,54,0.004884054493939135,0.0057929394754272605,0.03711990882570075,0.13157506708522831,13.157506708522831,13,0.15750670852283122,13,36,6,7
Cluster 1,Positive,Urban (% coverage),59,0.005634322282664519,0.008949846419184074,0.03711990882570075,0.1517870722452712,15.178707224527118,15,0.17870722452711796,1,37,7,7
Cluster 1,Positive,Urban (% coverage),59,0.005634322282664519,0.008949846419184074,0.03711990882570075,0.1517870722452712,15.178707224527118,15,0.17870722452711796,2,38,8,7
Cluster 1,Positive,Urban (% coverage),59,0.005634322282664519,0.008949846419184074,0.03711990882570075,0.1517870722452712,15.178707224527118,15,0.17870722452711796,3,39,9,7
Cluster 1,Positive,Urban (% coverage),59,0.005634322282664519,0.008949846419184074,0.03711990882570075,0.1517870722452712,15.178707224527118,15,0.17870722452711796,4,40,10,7
Cluster 1,Positive,Urban (% coverage),59,0.005634322282664519,0.008949846419184074,0.03711990882570075,0.1517870722452712,15.178707224527118,15,0.17870722452711796,5,41,1,6
Cluster 1,Positive,Urban (% coverage),59,0.005634322282664519,0.008949846419184074,0.03711990882570075,0.1517870722452712,15.178707224527118,15,0.17870722452711796,6,42,2,6
Cluster 1,Positive,Urban (% coverage),59,0.005634322282664519,0.008949846419184074,0.03711990882570075,0.1517870722452712,15.178707224527118,15,0.17870722452711796,7,43,3,6
Cluster 1,Positive,Urban (% coverage),59,0.005634322282664519,0.008949846419184074,0.03711990882570075,0.1517870722452712,15.178707224527118,15,0.17870722452711796,8,44,4,6
Cluster 1,Positive,Urban (% coverage),59,0.005634322282664519,0.008949846419184074,0.03711990882570075,0.1517870722452712,15.178707224527118,15,0.17870722452711796,9,45,5,6
Cluster 1,Positive,Urban (% coverage),59,0.005634322282664519,0.008949846419184074,0.03711990882570075,0.1517870722452712,15.178707224527118,15,0.17870722452711796,10,46,6,6
Cluster 1,Positive,Urban (% coverage),59,0.005634322282664519,0.008949846419184074,0.03711990882570075,0.1517870722452712,15.178707224527118,15,0.17870722452711796,11,47,7,6
Cluster 1,Positive,Urban (% coverage),59,0.005634322282664519,0.008949846419184074,0.03711990882570075,0.1517870722452712,15.178707224527118,15,0.17870722452711796,12,48,8,6
Cluster 1,Positive,Urban (% coverage),59,0.005634322282664519,0.008949846419184074,0.03711990882570075,0.1517870722452712,15.178707224527118,15,0.17870722452711796,13,49,9,6
Cluster 1,Positive,Urban (% coverage),59,0.005634322282664519,0.008949846419184074,0.03711990882570075,0.1517870722452712,15.178707224527118,15,0.17870722452711796,14,50,10,6
Cluster 1,Positive,Urban (% coverage),59,0.005634322282664519,0.008949846419184074,0.03711990882570075,0.1517870722452712,15.178707224527118,15,0.17870722452711796,15,51,1,5
Cluster 1,Positive,Cropland (% coverage),59,0.006803813635124744,0.009498097252321182,0.03711990882570075,0.18329284339227633,18.329284339227634,18,0.3292843392276339,1,52,2,5
Cluster 1,Positive,Cropland (% coverage),59,0.006803813635124744,0.009498097252321182,0.03711990882570075,0.18329284339227633,18.329284339227634,18,0.3292843392276339,2,53,3,5
Cluster 1,Positive,Cropland (% coverage),59,0.006803813635124744,0.009498097252321182,0.03711990882570075,0.18329284339227633,18.329284339227634,18,0.3292843392276339,3,54,4,5
Cluster 1,Positive,Cropland (% coverage),59,0.006803813635124744,0.009498097252321182,0.03711990882570075,0.18329284339227633,18.329284339227634,18,0.3292843392276339,4,55,5,5
Cluster 1,Positive,Cropland (% coverage),59,0.006803813635124744,0.009498097252321182,0.03711990882570075,0.18329284339227633,18.329284339227634,18,0.3292843392276339,5,56,6,5
Cluster 1,Positive,Cropland (% coverage),59,0.006803813635124744,0.009498097252321182,0.03711990882570075,0.18329284339227633,18.329284339227634,18,0.3292843392276339,6,57,7,5
Cluster 1,Positive,Cropland (% coverage),59,0.006803813635124744,0.009498097252321182,0.03711990882570075,0.18329284339227633,18.329284339227634,18,0.3292843392276339,7,58,8,5
Cluster 1,Positive,Cropland (% coverage),59,0.006803813635124744,0.009498097252321182,0.03711990882570075,0.18329284339227633,18.329284339227634,18,0.3292843392276339,8,59,9,5
Cluster 1,Positive,Cropland (% coverage),59,0.006803813635124744,0.009498097252321182,0.03711990882570075,0.18329284339227633,18.329284339227634,18,0.3292843392276339,9,60,10,5
Cluster 1,Positive,Cropland (% coverage),59,0.006803813635124744,0.009498097252321182,0.03711990882570075,0.18329284339227633,18.329284339227634,18,0.3292843392276339,10,61,1,4
Cluster 1,Positive,Cropland (% coverage),59,0.006803813635124744,0.009498097252321182,0.03711990882570075,0.18329284339227633,18.329284339227634,18,0.3292843392276339,11,62,2,4
Cluster 1,Positive,Cropland (% coverage),59,0.006803813635124744,0.009498097252321182,0.03711990882570075,0.18329284339227633,18.329284339227634,18,0.3292843392276339,12,63,3,4
Cluster 1,Positive,Cropland (% coverage),59,0.006803813635124744,0.009498097252321182,0.03711990882570075,0.18329284339227633,18.329284339227634,18,0.3292843392276339,13,64,4,4
Cluster 1,Positive,Cropland (% coverage),59,0.006803813635124744,0.009498097252321182,0.03711990882570075,0.18329284339227633,18.329284339227634,18,0.3292843392276339,14,65,5,4
Cluster 1,Positive,Cropland (% coverage),59,0.006803813635124744,0.009498097252321182,0.03711990882570075,0.18329284339227633,18.329284339227634,18,0.3292843392276339,15,66,6,4
Cluster 1,Positive,Cropland (% coverage),59,0.006803813635124744,0.009498097252321182,0.03711990882570075,0.18329284339227633,18.329284339227634,18,0.3292843392276339,16,67,7,4
Cluster 1,Positive,Cropland (% coverage),59,0.006803813635124744,0.009498097252321182,0.03711990882570075,0.18329284339227633,18.329284339227634,18,0.3292843392276339,17,68,8,4
Cluster 1,Positive,Cropland (% coverage),59,0.006803813635124744,0.009498097252321182,0.03711990882570075,0.18329284339227633,18.329284339227634,18,0.3292843392276339,18,69,9,4
Cluster 1,Positive,Pasture (% coverage),33,9.85019296853285e-4,0.006881689904712217,0.03711990882570075,0.026536145373592245,2.6536145373592244,3,0.6536145373592244,1,70,10,4
Cluster 1,Positive,Pasture (% coverage),33,9.85019296853285e-4,0.006881689904712217,0.03711990882570075,0.026536145373592245,2.6536145373592244,3,0.6536145373592244,2,71,1,3
Cluster 1,Positive,Pasture (% coverage),33,9.85019296853285e-4,0.006881689904712217,0.03711990882570075,0.026536145373592245,2.6536145373592244,3,0.6536145373592244,3,72,2,3
Cluster 1,Positive,Forest (% coverage),88,0.009150169924825787,0.006827277168909989,0.03711990882570075,0.24650302800556648,24.65030280055665,25,0.6503028005566485,1,73,3,3
Cluster 1,Positive,Forest (% coverage),88,0.009150169924825787,0.006827277168909989,0.03711990882570075,0.24650302800556648,24.65030280055665,25,0.6503028005566485,2,74,4,3
Cluster 1,Positive,Forest (% coverage),88,0.009150169924825787,0.006827277168909989,0.03711990882570075,0.24650302800556648,24.65030280055665,25,0.6503028005566485,3,75,5,3
Cluster 1,Positive,Forest (% coverage),88,0.009150169924825787,0.006827277168909989,0.03711990882570075,0.24650302800556648,24.65030280055665,25,0.6503028005566485,4,76,6,3
Cluster 1,Positive,Forest (% coverage),88,0.009150169924825787,0.006827277168909989,0.03711990882570075,0.24650302800556648,24.65030280055665,25,0.6503028005566485,5,77,7,3
Cluster 1,Positive,Forest (% coverage),88,0.009150169924825787,0.006827277168909989,0.03711990882570075,0.24650302800556648,24.65030280055665,25,0.6503028005566485,6,78,8,3
Cluster 1,Positive,Forest (% coverage),88,0.009150169924825787,0.006827277168909989,0.03711990882570075,0.24650302800556648,24.65030280055665,25,0.6503028005566485,7,79,9,3
Cluster 1,Positive,Forest (% coverage),88,0.009150169924825787,0.006827277168909989,0.03711990882570075,0.24650302800556648,24.65030280055665,25,0.6503028005566485,8,80,10,3
Cluster 1,Positive,Forest (% coverage),88,0.009150169924825787,0.006827277168909989,0.03711990882570075,0.24650302800556648,24.65030280055665,25,0.6503028005566485,9,81,1,2
Cluster 1,Positive,Forest (% coverage),88,0.009150169924825787,0.006827277168909989,0.03711990882570075,0.24650302800556648,24.65030280055665,25,0.6503028005566485,10,82,2,2
Cluster 1,Positive,Forest (% coverage),88,0.009150169924825787,0.006827277168909989,0.03711990882570075,0.24650302800556648,24.65030280055665,25,0.6503028005566485,11,83,3,2
Cluster 1,Positive,Forest (% coverage),88,0.009150169924825787,0.006827277168909989,0.03711990882570075,0.24650302800556648,24.65030280055665,25,0.6503028005566485,12,84,4,2
Cluster 1,Positive,Forest (% coverage),88,0.009150169924825787,0.006827277168909989,0.03711990882570075,0.24650302800556648,24.65030280055665,25,0.6503028005566485,13,85,5,2
Cluster 1,Positive,Forest (% coverage),88,0.009150169924825787,0.006827277168909989,0.03711990882570075,0.24650302800556648,24.65030280055665,25,0.6503028005566485,14,86,6,2
Cluster 1,Positive,Forest (% coverage),88,0.009150169924825787,0.006827277168909989,0.03711990882570075,0.24650302800556648,24.65030280055665,25,0.6503028005566485,15,87,7,2
Cluster 1,Positive,Forest (% coverage),88,0.009150169924825787,0.006827277168909989,0.03711990882570075,0.24650302800556648,24.65030280055665,25,0.6503028005566485,16,88,8,2
Cluster 1,Positive,Forest (% coverage),88,0.009150169924825787,0.006827277168909989,0.03711990882570075,0.24650302800556648,24.65030280055665,25,0.6503028005566485,17,89,9,2
Cluster 1,Positive,Forest (% coverage),88,0.009150169924825787,0.006827277168909989,0.03711990882570075,0.24650302800556648,24.65030280055665,25,0.6503028005566485,18,90,10,2
Cluster 1,Positive,Forest (% coverage),88,0.009150169924825787,0.006827277168909989,0.03711990882570075,0.24650302800556648,24.65030280055665,25,0.6503028005566485,19,91,1,1
Cluster 1,Positive,Forest (% coverage),88,0.009150169924825787,0.006827277168909989,0.03711990882570075,0.24650302800556648,24.65030280055665,25,0.6503028005566485,20,92,2,1
Cluster 1,Positive,Forest (% coverage),88,0.009150169924825787,0.006827277168909989,0.03711990882570075,0.24650302800556648,24.65030280055665,25,0.6503028005566485,21,93,3,1
Cluster 1,Positive,Forest (% coverage),88,0.009150169924825787,0.006827277168909989,0.03711990882570075,0.24650302800556648,24.65030280055665,25,0.6503028005566485,22,94,4,1
Cluster 1,Positive,Forest (% coverage),88,0.009150169924825787,0.006827277168909989,0.03711990882570075,0.24650302800556648,24.65030280055665,25,0.6503028005566485,23,95,5,1
Cluster 1,Positive,Forest (% coverage),88,0.009150169924825787,0.006827277168909989,0.03711990882570075,0.24650302800556648,24.65030280055665,25,0.6503028005566485,24,96,6,1
Cluster 1,Positive,Forest (% coverage),88,0.009150169924825787,0.006827277168909989,0.03711990882570075,0.24650302800556648,24.65030280055665,25,0.6503028005566485,25,97,7,1
Cluster 1,Positive,Grass/Shrubland (% coverage),33,9.202270251136908e-4,0.0074352425123488525,0.03711990882570075,0.024790659627820857,2.479065962782086,3,0.4790659627820859,1,98,8,1
Cluster 1,Positive,Grass/Shrubland (% coverage),33,9.202270251136908e-4,0.0074352425123488525,0.03711990882570075,0.024790659627820857,2.479065962782086,3,0.4790659627820859,2,99,9,1
Cluster 1,Positive,Grass/Shrubland (% coverage),33,9.202270251136908e-4,0.0074352425123488525,0.03711990882570075,0.024790659627820857,2.479065962782086,3,0.4790659627820859,3,100,10,1
Cluster 1,Negative,Temperature,23,6.546425898885913e-4,0.003066348181496214,0.020555223582436902,0.031847991692386196,3.1847991692386195,3,0.1847991692386195,1,1,1,10
Cluster 1,Negative,Temperature,23,6.546425898885913e-4,0.003066348181496214,0.020555223582436902,0.031847991692386196,3.1847991692386195,3,0.1847991692386195,2,2,2,10
Cluster 1,Negative,Temperature,23,6.546425898885913e-4,0.003066348181496214,0.020555223582436902,0.031847991692386196,3.1847991692386195,3,0.1847991692386195,3,3,3,10
Cluster 1,Negative,Precipitation,66,0.007700106723609439,0.00794889635466998,0.020555223582436902,0.3746058364545681,37.46058364545681,37,0.46058364545680774,1,4,4,10
Cluster 1,Negative,Precipitation,66,0.007700106723609439,0.00794889635466998,0.020555223582436902,0.3746058364545681,37.46058364545681,37,0.46058364545680774,2,5,5,10
Cluster 1,Negative,Precipitation,66,0.007700106723609439,0.00794889635466998,0.020555223582436902,0.3746058364545681,37.46058364545681,37,0.46058364545680774,3,6,6,10
Cluster 1,Negative,Precipitation,66,0.007700106723609439,0.00794889635466998,0.020555223582436902,0.3746058364545681,37.46058364545681,37,0.46058364545680774,4,7,7,10
Cluster 1,Negative,Precipitation,66,0.007700106723609439,0.00794889635466998,0.020555223582436902,0.3746058364545681,37.46058364545681,37,0.46058364545680774,5,8,8,10
Cluster 1,Negative,Precipitation,66,0.007700106723609439,0.00794889635466998,0.020555223582436902,0.3746058364545681,37.46058364545681,37,0.46058364545680774,6,9,9,10
Cluster 1,Negative,Precipitation,66,0.007700106723609439,0.00794889635466998,0.020555223582436902,0.3746058364545681,37.46058364545681,37,0.46058364545680774,7,10,10,10
Cluster 1,Negative,Precipitation,66,0.007700106723609439,0.00794889635466998,0.020555223582436902,0.3746058364545681,37.46058364545681,37,0.46058364545680774,8,11,1,9
Cluster 1,Negative,Precipitation,66,0.007700106723609439,0.00794889635466998,0.020555223582436902,0.3746058364545681,37.46058364545681,37,0.46058364545680774,9,12,2,9
Cluster 1,Negative,Precipitation,66,0.007700106723609439,0.00794889635466998,0.020555223582436902,0.3746058364545681,37.46058364545681,37,0.46058364545680774,10,13,3,9
Cluster 1,Negative,Precipitation,66,0.007700106723609439,0.00794889635466998,0.020555223582436902,0.3746058364545681,37.46058364545681,37,0.46058364545680774,11,14,4,9
Cluster 1,Negative,Precipitation,66,0.007700106723609439,0.00794889635466998,0.020555223582436902,0.3746058364545681,37.46058364545681,37,0.46058364545680774,12,15,5,9
Cluster 1,Negative,Precipitation,66,0.007700106723609439,0.00794889635466998,0.020555223582436902,0.3746058364545681,37.46058364545681,37,0.46058364545680774,13,16,6,9
Cluster 1,Negative,Precipitation,66,0.007700106723609439,0.00794889635466998,0.020555223582436902,0.3746058364545681,37.46058364545681,37,0.46058364545680774,14,17,7,9
Cluster 1,Negative,Precipitation,66,0.007700106723609439,0.00794889635466998,0.020555223582436902,0.3746058364545681,37.46058364545681,37,0.46058364545680774,15,18,8,9
Cluster 1,Negative,Precipitation,66,0.007700106723609439,0.00794889635466998,0.020555223582436902,0.3746058364545681,37.46058364545681,37,0.46058364545680774,16,19,9,9
Cluster 1,Negative,Precipitation,66,0.007700106723609439,0.00794889635466998,0.020555223582436902,0.3746058364545681,37.46058364545681,37,0.46058364545680774,17,20,10,9
Cluster 1,Negative,Precipitation,66,0.007700106723609439,0.00794889635466998,0.020555223582436902,0.3746058364545681,37.46058364545681,37,0.46058364545680774,18,21,1,8
Cluster 1,Negative,Precipitation,66,0.007700106723609439,0.00794889635466998,0.020555223582436902,0.3746058364545681,37.46058364545681,37,0.46058364545680774,19,22,2,8
Cluster 1,Negative,Precipitation,66,0.007700106723609439,0.00794889635466998,0.020555223582436902,0.3746058364545681,37.46058364545681,37,0.46058364545680774,20,23,3,8
Cluster 1,Negative,Precipitation,66,0.007700106723609439,0.00794889635466998,0.020555223582436902,0.3746058364545681,37.46058364545681,37,0.46058364545680774,21,24,4,8
Cluster 1,Negative,Precipitation,66,0.007700106723609439,0.00794889635466998,0.020555223582436902,0.3746058364545681,37.46058364545681,37,0.46058364545680774,22,25,5,8
Cluster 1,Negative,Precipitation,66,0.007700106723609439,0.00794889635466998,0.020555223582436902,0.3746058364545681,37.46058364545681,37,0.46058364545680774,23,26,6,8
Cluster 1,Negative,Precipitation,66,0.007700106723609439,0.00794889635466998,0.020555223582436902,0.3746058364545681,37.46058364545681,37,0.46058364545680774,24,27,7,8
Cluster 1,Negative,Precipitation,66,0.007700106723609439,0.00794889635466998,0.020555223582436902,0.3746058364545681,37.46058364545681,37,0.46058364545680774,25,28,8,8
Cluster 1,Negative,Precipitation,66,0.007700106723609439,0.00794889635466998,0.020555223582436902,0.3746058364545681,37.46058364545681,37,0.46058364545680774,26,29,9,8
Cluster 1,Negative,Precipitation,66,0.007700106723609439,0.00794889635466998,0.020555223582436902,0.3746058364545681,37.46058364545681,37,0.46058364545680774,27,30,10,8
Cluster 1,Negative,Precipitation,66,0.007700106723609439,0.00794889635466998,0.020555223582436902,0.3746058364545681,37.46058364545681,37,0.46058364545680774,28,31,1,7
Cluster 1,Negative,Precipitation,66,0.007700106723609439,0.00794889635466998,0.020555223582436902,0.3746058364545681,37.46058364545681,37,0.46058364545680774,29,32,2,7
Cluster 1,Negative,Precipitation,66,0.007700106723609439,0.00794889635466998,0.020555223582436902,0.3746058364545681,37.46058364545681,37,0.46058364545680774,30,33,3,7
Cluster 1,Negative,Precipitation,66,0.007700106723609439,0.00794889635466998,0.020555223582436902,0.3746058364545681,37.46058364545681,37,0.46058364545680774,31,34,4,7
Cluster 1,Negative,Precipitation,66,0.007700106723609439,0.00794889635466998,0.020555223582436902,0.3746058364545681,37.46058364545681,37,0.46058364545680774,32,35,5,7
Cluster 1,Negative,Precipitation,66,0.007700106723609439,0.00794889635466998,0.020555223582436902,0.3746058364545681,37.46058364545681,37,0.46058364545680774,33,36,6,7
Cluster 1,Negative,Precipitation,66,0.007700106723609439,0.00794889635466998,0.020555223582436902,0.3746058364545681,37.46058364545681,37,0.46058364545680774,34,37,7,7
Cluster 1,Negative,Precipitation,66,0.007700106723609439,0.00794889635466998,0.020555223582436902,0.3746058364545681,37.46058364545681,37,0.46058364545680774,35,38,8,7
Cluster 1,Negative,Precipitation,66,0.007700106723609439,0.00794889635466998,0.020555223582436902,0.3746058364545681,37.46058364545681,37,0.46058364545680774,36,39,9,7
Cluster 1,Negative,Precipitation,66,0.007700106723609439,0.00794889635466998,0.020555223582436902,0.3746058364545681,37.46058364545681,37,0.46058364545680774,37,40,10,7
Cluster 1,Negative,Urban (% coverage),33,0.0026458361310075923,0.004426672575347637,0.020555223582436902,0.12871843112756443,12.871843112756443,13,0.8718431127564426,1,41,1,6
Cluster 1,Negative,Urban (% coverage),33,0.0026458361310075923,0.004426672575347637,0.020555223582436902,0.12871843112756443,12.871843112756443,13,0.8718431127564426,2,42,2,6
Cluster 1,Negative,Urban (% coverage),33,0.0026458361310075923,0.004426672575347637,0.020555223582436902,0.12871843112756443,12.871843112756443,13,0.8718431127564426,3,43,3,6
Cluster 1,Negative,Urban (% coverage),33,0.0026458361310075923,0.004426672575347637,0.020555223582436902,0.12871843112756443,12.871843112756443,13,0.8718431127564426,4,44,4,6
Cluster 1,Negative,Urban (% coverage),33,0.0026458361310075923,0.004426672575347637,0.020555223582436902,0.12871843112756443,12.871843112756443,13,0.8718431127564426,5,45,5,6
Cluster 1,Negative,Urban (% coverage),33,0.0026458361310075923,0.004426672575347637,0.020555223582436902,0.12871843112756443,12.871843112756443,13,0.8718431127564426,6,46,6,6
Cluster 1,Negative,Urban (% coverage),33,0.0026458361310075923,0.004426672575347637,0.020555223582436902,0.12871843112756443,12.871843112756443,13,0.8718431127564426,7,47,7,6
Cluster 1,Negative,Urban (% coverage),33,0.0026458361310075923,0.004426672575347637,0.020555223582436902,0.12871843112756443,12.871843112756443,13,0.8718431127564426,8,48,8,6
Cluster 1,Negative,Urban (% coverage),33,0.0026458361310075923,0.004426672575347637,0.020555223582436902,0.12871843112756443,12.871843112756443,13,0.8718431127564426,9,49,9,6
Cluster 1,Negative,Urban (% coverage),33,0.0026458361310075923,0.004426672575347637,0.020555223582436902,0.12871843112756443,12.871843112756443,13,0.8718431127564426,10,50,10,6
Cluster 1,Negative,Urban (% coverage),33,0.0026458361310075923,0.004426672575347637,0.020555223582436902,0.12871843112756443,12.871843112756443,13,0.8718431127564426,11,51,1,5
Cluster 1,Negative,Urban (% coverage),33,0.0026458361310075923,0.004426672575347637,0.020555223582436902,0.12871843112756443,12.871843112756443,13,0.8718431127564426,12,52,2,5
Cluster 1,Negative,Urban (% coverage),33,0.0026458361310075923,0.004426672575347637,0.020555223582436902,0.12871843112756443,12.871843112756443,13,0.8718431127564426,13,53,3,5
Cluster 1,Negative,Cropland (% coverage),31,0.0055306792389562195,0.004459900138639766,0.020555223582436902,0.2690644164864168,26.90644164864168,27,0.9064416486416818,1,54,4,5
Cluster 1,Negative,Cropland (% coverage),31,0.0055306792389562195,0.004459900138639766,0.020555223582436902,0.2690644164864168,26.90644164864168,27,0.9064416486416818,2,55,5,5
Cluster 1,Negative,Cropland (% coverage),31,0.0055306792389562195,0.004459900138639766,0.020555223582436902,0.2690644164864168,26.90644164864168,27,0.9064416486416818,3,56,6,5
Cluster 1,Negative,Cropland (% coverage),31,0.0055306792389562195,0.004459900138639766,0.020555223582436902,0.2690644164864168,26.90644164864168,27,0.9064416486416818,4,57,7,5
Cluster 1,Negative,Cropland (% coverage),31,0.0055306792389562195,0.004459900138639766,0.020555223582436902,0.2690644164864168,26.90644164864168,27,0.9064416486416818,5,58,8,5
Cluster 1,Negative,Cropland (% coverage),31,0.0055306792389562195,0.004459900138639766,0.020555223582436902,0.2690644164864168,26.90644164864168,27,0.9064416486416818,6,59,9,5
Cluster 1,Negative,Cropland (% coverage),31,0.0055306792389562195,0.004459900138639766,0.020555223582436902,0.2690644164864168,26.90644164864168,27,0.9064416486416818,7,60,10,5
Cluster 1,Negative,Cropland (% coverage),31,0.0055306792389562195,0.004459900138639766,0.020555223582436902,0.2690644164864168,26.90644164864168,27,0.9064416486416818,8,61,1,4
Cluster 1,Negative,Cropland (% coverage),31,0.0055306792389562195,0.004459900138639766,0.020555223582436902,0.2690644164864168,26.90644164864168,27,0.9064416486416818,9,62,2,4
Cluster 1,Negative,Cropland (% coverage),31,0.0055306792389562195,0.004459900138639766,0.020555223582436902,0.2690644164864168,26.90644164864168,27,0.9064416486416818,10,63,3,4
Cluster 1,Negative,Cropland (% coverage),31,0.0055306792389562195,0.004459900138639766,0.020555223582436902,0.2690644164864168,26.90644164864168,27,0.9064416486416818,11,64,4,4
Cluster 1,Negative,Cropland (% coverage),31,0.0055306792389562195,0.004459900138639766,0.020555223582436902,0.2690644164864168,26.90644164864168,27,0.9064416486416818,12,65,5,4
Cluster 1,Negative,Cropland (% coverage),31,0.0055306792389562195,0.004459900138639766,0.020555223582436902,0.2690644164864168,26.90644164864168,27,0.9064416486416818,13,66,6,4
Cluster 1,Negative,Cropland (% coverage),31,0.0055306792389562195,0.004459900138639766,0.020555223582436902,0.2690644164864168,26.90644164864168,27,0.9064416486416818,14,67,7,4
Cluster 1,Negative,Cropland (% coverage),31,0.0055306792389562195,0.004459900138639766,0.020555223582436902,0.2690644164864168,26.90644164864168,27,0.9064416486416818,15,68,8,4
Cluster 1,Negative,Cropland (% coverage),31,0.0055306792389562195,0.004459900138639766,0.020555223582436902,0.2690644164864168,26.90644164864168,27,0.9064416486416818,16,69,9,4
Cluster 1,Negative,Cropland (% coverage),31,0.0055306792389562195,0.004459900138639766,0.020555223582436902,0.2690644164864168,26.90644164864168,27,0.9064416486416818,17,70,10,4
Cluster 1,Negative,Cropland (% coverage),31,0.0055306792389562195,0.004459900138639766,0.020555223582436902,0.2690644164864168,26.90644164864168,27,0.9064416486416818,18,71,1,3
Cluster 1,Negative,Cropland (% coverage),31,0.0055306792389562195,0.004459900138639766,0.020555223582436902,0.2690644164864168,26.90644164864168,27,0.9064416486416818,19,72,2,3
Cluster 1,Negative,Cropland (% coverage),31,0.0055306792389562195,0.004459900138639766,0.020555223582436902,0.2690644164864168,26.90644164864168,27,0.9064416486416818,20,73,3,3
Cluster 1,Negative,Cropland (% coverage),31,0.0055306792389562195,0.004459900138639766,0.020555223582436902,0.2690644164864168,26.90644164864168,27,0.9064416486416818,21,74,4,3
Cluster 1,Negative,Cropland (% coverage),31,0.0055306792389562195,0.004459900138639766,0.020555223582436902,0.2690644164864168,26.90644164864168,27,0.9064416486416818,22,75,5,3
Cluster 1,Negative,Cropland (% coverage),31,0.0055306792389562195,0.004459900138639766,0.020555223582436902,0.2690644164864168,26.90644164864168,27,0.9064416486416818,23,76,6,3
Cluster 1,Negative,Cropland (% coverage),31,0.0055306792389562195,0.004459900138639766,0.020555223582436902,0.2690644164864168,26.90644164864168,27,0.9064416486416818,24,77,7,3
Cluster 1,Negative,Cropland (% coverage),31,0.0055306792389562195,0.004459900138639766,0.020555223582436902,0.2690644164864168,26.90644164864168,27,0.9064416486416818,25,78,8,3
Cluster 1,Negative,Cropland (% coverage),31,0.0055306792389562195,0.004459900138639766,0.020555223582436902,0.2690644164864168,26.90644164864168,27,0.9064416486416818,26,79,9,3
Cluster 1,Negative,Cropland (% coverage),31,0.0055306792389562195,0.004459900138639766,0.020555223582436902,0.2690644164864168,26.90644164864168,27,0.9064416486416818,27,80,10,3
Cluster 1,Negative,Pasture (% coverage),8,3.075614236772939e-4,0.009096427714110967,0.020555223582436902,0.01496268928643934,1.4962689286439341,2,0.4962689286439341,1,81,1,2
Cluster 1,Negative,Pasture (% coverage),8,3.075614236772939e-4,0.009096427714110967,0.020555223582436902,0.01496268928643934,1.4962689286439341,2,0.4962689286439341,2,82,2,2
Cluster 1,Negative,Forest (% coverage),24,0.0030336190753305846,0.005555900399573079,0.020555223582436902,0.1475838520152422,14.758385201524222,15,0.7583852015242218,1,83,3,2
Cluster 1,Negative,Forest (% coverage),24,0.0030336190753305846,0.005555900399573079,0.020555223582436902,0.1475838520152422,14.758385201524222,15,0.7583852015242218,2,84,4,2
Cluster 1,Negative,Forest (% coverage),24,0.0030336190753305846,0.005555900399573079,0.020555223582436902,0.1475838520152422,14.758385201524222,15,0.7583852015242218,3,85,5,2
Cluster 1,Negative,Forest (% coverage),24,0.0030336190753305846,0.005555900399573079,0.020555223582436902,0.1475838520152422,14.758385201524222,15,0.7583852015242218,4,86,6,2
Cluster 1,Negative,Forest (% coverage),24,0.0030336190753305846,0.005555900399573079,0.020555223582436902,0.1475838520152422,14.758385201524222,15,0.7583852015242218,5,87,7,2
Cluster 1,Negative,Forest (% coverage),24,0.0030336190753305846,0.005555900399573079,0.020555223582436902,0.1475838520152422,14.758385201524222,15,0.7583852015242218,6,88,8,2
Cluster 1,Negative,Forest (% coverage),24,0.0030336190753305846,0.005555900399573079,0.020555223582436902,0.1475838520152422,14.758385201524222,15,0.7583852015242218,7,89,9,2
Cluster 1,Negative,Forest (% coverage),24,0.0030336190753305846,0.005555900399573079,0.020555223582436902,0.1475838520152422,14.758385201524222,15,0.7583852015242218,8,90,10,2
Cluster 1,Negative,Forest (% coverage),24,0.0030336190753305846,0.005555900399573079,0.020555223582436902,0.1475838520152422,14.758385201524222,15,0.7583852015242218,9,91,1,1
Cluster 1,Negative,Forest (% coverage),24,0.0030336190753305846,0.005555900399573079,0.020555223582436902,0.1475838520152422,14.758385201524222,15,0.7583852015242218,10,92,2,1
Cluster 1,Negative,Forest (% coverage),24,0.0030336190753305846,0.005555900399573079,0.020555223582436902,0.1475838520152422,14.758385201524222,15,0.7583852015242218,11,93,3,1
Cluster 1,Negative,Forest (% coverage),24,0.0030336190753305846,0.005555900399573079,0.020555223582436902,0.1475838520152422,14.758385201524222,15,0.7583852015242218,12,94,4,1
Cluster 1,Negative,Forest (% coverage),24,0.0030336190753305846,0.005555900399573079,0.020555223582436902,0.1475838520152422,14.758385201524222,15,0.7583852015242218,13,95,5,1
Cluster 1,Negative,Forest (% coverage),24,0.0030336190753305846,0.005555900399573079,0.020555223582436902,0.1475838520152422,14.758385201524222,15,0.7583852015242218,14,96,6,1
Cluster 1,Negative,Forest (% coverage),24,0.0030336190753305846,0.005555900399573079,0.020555223582436902,0.1475838520152422,14.758385201524222,15,0.7583852015242218,15,97,7,1
Cluster 1,Negative,Grass/Shrubland (% coverage),6,5.902713241697282e-4,0.008088816873896166,0.020555223582436902,0.028716366027469367,2.871636602746937,3,0.8716366027469369,1,98,8,1
Cluster 1,Negative,Grass/Shrubland (% coverage),6,5.902713241697282e-4,0.008088816873896166,0.020555223582436902,0.028716366027469367,2.871636602746937,3,0.8716366027469369,2,99,9,1
Cluster 1,Negative,Grass/Shrubland (% coverage),6,5.902713241697282e-4,0.008088816873896166,0.020555223582436902,0.028716366027469367,2.871636602746937,3,0.8716366027469369,3,100,10,1
Cluster 2,Positive,Temperature,66,0.0030368604506684264,0.0045781249053519464,0.03596579839653618,0.08443745408306862,8.443745408306862,8,0.44374540830686193,1,1,1,10
Cluster 2,Positive,Temperature,66,0.0030368604506684264,0.0045781249053519464,0.03596579839653618,0.08443745408306862,8.443745408306862,8,0.44374540830686193,2,2,2,10
Cluster 2,Positive,Temperature,66,0.0030368604506684264,0.0045781249053519464,0.03596579839653618,0.08443745408306862,8.443745408306862,8,0.44374540830686193,3,3,3,10
Cluster 2,Positive,Temperature,66,0.0030368604506684264,0.0045781249053519464,0.03596579839653618,0.08443745408306862,8.443745408306862,8,0.44374540830686193,4,4,4,10
Cluster 2,Positive,Temperature,66,0.0030368604506684264,0.0045781249053519464,0.03596579839653618,0.08443745408306862,8.443745408306862,8,0.44374540830686193,5,5,5,10
Cluster 2,Positive,Temperature,66,0.0030368604506684264,0.0045781249053519464,0.03596579839653618,0.08443745408306862,8.443745408306862,8,0.44374540830686193,6,6,6,10
Cluster 2,Positive,Temperature,66,0.0030368604506684264,0.0045781249053519464,0.03596579839653618,0.08443745408306862,8.443745408306862,8,0.44374540830686193,7,7,7,10
Cluster 2,Positive,Temperature,66,0.0030368604506684264,0.0045781249053519464,0.03596579839653618,0.08443745408306862,8.443745408306862,8,0.44374540830686193,8,8,8,10
Cluster 2,Positive,Precipitation,21,8.054626913447451e-4,0.002177478808060261,0.03596579839653618,0.022395240124081832,2.239524012408183,2,0.23952401240818322,1,9,9,10
Cluster 2,Positive,Precipitation,21,8.054626913447451e-4,0.002177478808060261,0.03596579839653618,0.022395240124081832,2.239524012408183,2,0.23952401240818322,2,10,10,10
Cluster 2,Positive,Land-use heterogeneity,54,0.001555504563956722,0.0038022857342878444,0.03596579839653618,0.04324954910792501,4.324954910792501,4,0.32495491079250094,1,11,1,9
Cluster 2,Positive,Land-use heterogeneity,54,0.001555504563956722,0.0038022857342878444,0.03596579839653618,0.04324954910792501,4.324954910792501,4,0.32495491079250094,2,12,2,9
Cluster 2,Positive,Land-use heterogeneity,54,0.001555504563956722,0.0038022857342878444,0.03596579839653618,0.04324954910792501,4.324954910792501,4,0.32495491079250094,3,13,3,9
Cluster 2,Positive,Land-use heterogeneity,54,0.001555504563956722,0.0038022857342878444,0.03596579839653618,0.04324954910792501,4.324954910792501,4,0.32495491079250094,4,14,4,9
Cluster 2,Positive,Urban (% coverage),59,0.0066070109032420514,0.010241276609873073,0.03596579839653618,0.18370260630383684,18.370260630383683,18,0.37026063038368306,1,15,5,9
Cluster 2,Positive,Urban (% coverage),59,0.0066070109032420514,0.010241276609873073,0.03596579839653618,0.18370260630383684,18.370260630383683,18,0.37026063038368306,2,16,6,9
Cluster 2,Positive,Urban (% coverage),59,0.0066070109032420514,0.010241276609873073,0.03596579839653618,0.18370260630383684,18.370260630383683,18,0.37026063038368306,3,17,7,9
Cluster 2,Positive,Urban (% coverage),59,0.0066070109032420514,0.010241276609873073,0.03596579839653618,0.18370260630383684,18.370260630383683,18,0.37026063038368306,4,18,8,9
Cluster 2,Positive,Urban (% coverage),59,0.0066070109032420514,0.010241276609873073,0.03596579839653618,0.18370260630383684,18.370260630383683,18,0.37026063038368306,5,19,9,9
Cluster 2,Positive,Urban (% coverage),59,0.0066070109032420514,0.010241276609873073,0.03596579839653618,0.18370260630383684,18.370260630383683,18,0.37026063038368306,6,20,10,9
Cluster 2,Positive,Urban (% coverage),59,0.0066070109032420514,0.010241276609873073,0.03596579839653618,0.18370260630383684,18.370260630383683,18,0.37026063038368306,7,21,1,8
Cluster 2,Positive,Urban (% coverage),59,0.0066070109032420514,0.010241276609873073,0.03596579839653618,0.18370260630383684,18.370260630383683,18,0.37026063038368306,8,22,2,8
Cluster 2,Positive,Urban (% coverage),59,0.0066070109032420514,0.010241276609873073,0.03596579839653618,0.18370260630383684,18.370260630383683,18,0.37026063038368306,9,23,3,8
Cluster 2,Positive,Urban (% coverage),59,0.0066070109032420514,0.010241276609873073,0.03596579839653618,0.18370260630383684,18.370260630383683,18,0.37026063038368306,10,24,4,8
Cluster 2,Positive,Urban (% coverage),59,0.0066070109032420514,0.010241276609873073,0.03596579839653618,0.18370260630383684,18.370260630383683,18,0.37026063038368306,11,25,5,8
Cluster 2,Positive,Urban (% coverage),59,0.0066070109032420514,0.010241276609873073,0.03596579839653618,0.18370260630383684,18.370260630383683,18,0.37026063038368306,12,26,6,8
Cluster 2,Positive,Urban (% coverage),59,0.0066070109032420514,0.010241276609873073,0.03596579839653618,0.18370260630383684,18.370260630383683,18,0.37026063038368306,13,27,7,8
Cluster 2,Positive,Urban (% coverage),59,0.0066070109032420514,0.010241276609873073,0.03596579839653618,0.18370260630383684,18.370260630383683,18,0.37026063038368306,14,28,8,8
Cluster 2,Positive,Urban (% coverage),59,0.0066070109032420514,0.010241276609873073,0.03596579839653618,0.18370260630383684,18.370260630383683,18,0.37026063038368306,15,29,9,8
Cluster 2,Positive,Urban (% coverage),59,0.0066070109032420514,0.010241276609873073,0.03596579839653618,0.18370260630383684,18.370260630383683,18,0.37026063038368306,16,30,10,8
Cluster 2,Positive,Urban (% coverage),59,0.0066070109032420514,0.010241276609873073,0.03596579839653618,0.18370260630383684,18.370260630383683,18,0.37026063038368306,17,31,1,7
Cluster 2,Positive,Urban (% coverage),59,0.0066070109032420514,0.010241276609873073,0.03596579839653618,0.18370260630383684,18.370260630383683,18,0.37026063038368306,18,32,2,7
Cluster 2,Positive,Cropland (% coverage),59,0.008450653853728216,0.011793508789053064,0.03596579839653618,0.2349636107214038,23.496361072140378,24,0.4963610721403775,1,33,3,7
Cluster 2,Positive,Cropland (% coverage),59,0.008450653853728216,0.011793508789053064,0.03596579839653618,0.2349636107214038,23.496361072140378,24,0.4963610721403775,2,34,4,7
Cluster 2,Positive,Cropland (% coverage),59,0.008450653853728216,0.011793508789053064,0.03596579839653618,0.2349636107214038,23.496361072140378,24,0.4963610721403775,3,35,5,7
Cluster 2,Positive,Cropland (% coverage),59,0.008450653853728216,0.011793508789053064,0.03596579839653618,0.2349636107214038,23.496361072140378,24,0.4963610721403775,4,36,6,7
Cluster 2,Positive,Cropland (% coverage),59,0.008450653853728216,0.011793508789053064,0.03596579839653618,0.2349636107214038,23.496361072140378,24,0.4963610721403775,5,37,7,7
Cluster 2,Positive,Cropland (% coverage),59,0.008450653853728216,0.011793508789053064,0.03596579839653618,0.2349636107214038,23.496361072140378,24,0.4963610721403775,6,38,8,7
Cluster 2,Positive,Cropland (% coverage),59,0.008450653853728216,0.011793508789053064,0.03596579839653618,0.2349636107214038,23.496361072140378,24,0.4963610721403775,7,39,9,7
Cluster 2,Positive,Cropland (% coverage),59,0.008450653853728216,0.011793508789053064,0.03596579839653618,0.2349636107214038,23.496361072140378,24,0.4963610721403775,8,40,10,7
Cluster 2,Positive,Cropland (% coverage),59,0.008450653853728216,0.011793508789053064,0.03596579839653618,0.2349636107214038,23.496361072140378,24,0.4963610721403775,9,41,1,6
Cluster 2,Positive,Cropland (% coverage),59,0.008450653853728216,0.011793508789053064,0.03596579839653618,0.2349636107214038,23.496361072140378,24,0.4963610721403775,10,42,2,6
Cluster 2,Positive,Cropland (% coverage),59,0.008450653853728216,0.011793508789053064,0.03596579839653618,0.2349636107214038,23.496361072140378,24,0.4963610721403775,11,43,3,6
Cluster 2,Positive,Cropland (% coverage),59,0.008450653853728216,0.011793508789053064,0.03596579839653618,0.2349636107214038,23.496361072140378,24,0.4963610721403775,12,44,4,6
Cluster 2,Positive,Cropland (% coverage),59,0.008450653853728216,0.011793508789053064,0.03596579839653618,0.2349636107214038,23.496361072140378,24,0.4963610721403775,13,45,5,6
Cluster 2,Positive,Cropland (% coverage),59,0.008450653853728216,0.011793508789053064,0.03596579839653618,0.2349636107214038,23.496361072140378,24,0.4963610721403775,14,46,6,6
Cluster 2,Positive,Cropland (% coverage),59,0.008450653853728216,0.011793508789053064,0.03596579839653618,0.2349636107214038,23.496361072140378,24,0.4963610721403775,15,47,7,6
Cluster 2,Positive,Cropland (% coverage),59,0.008450653853728216,0.011793508789053064,0.03596579839653618,0.2349636107214038,23.496361072140378,24,0.4963610721403775,16,48,8,6
Cluster 2,Positive,Cropland (% coverage),59,0.008450653853728216,0.011793508789053064,0.03596579839653618,0.2349636107214038,23.496361072140378,24,0.4963610721403775,17,49,9,6
Cluster 2,Positive,Cropland (% coverage),59,0.008450653853728216,0.011793508789053064,0.03596579839653618,0.2349636107214038,23.496361072140378,24,0.4963610721403775,18,50,10,6
Cluster 2,Positive,Cropland (% coverage),59,0.008450653853728216,0.011793508789053064,0.03596579839653618,0.2349636107214038,23.496361072140378,24,0.4963610721403775,19,51,1,5
Cluster 2,Positive,Cropland (% coverage),59,0.008450653853728216,0.011793508789053064,0.03596579839653618,0.2349636107214038,23.496361072140378,24,0.4963610721403775,20,52,2,5
Cluster 2,Positive,Cropland (% coverage),59,0.008450653853728216,0.011793508789053064,0.03596579839653618,0.2349636107214038,23.496361072140378,24,0.4963610721403775,21,53,3,5
Cluster 2,Positive,Cropland (% coverage),59,0.008450653853728216,0.011793508789053064,0.03596579839653618,0.2349636107214038,23.496361072140378,24,0.4963610721403775,22,54,4,5
Cluster 2,Positive,Cropland (% coverage),59,0.008450653853728216,0.011793508789053064,0.03596579839653618,0.2349636107214038,23.496361072140378,24,0.4963610721403775,23,55,5,5
Cluster 2,Positive,Cropland (% coverage),59,0.008450653853728216,0.011793508789053064,0.03596579839653618,0.2349636107214038,23.496361072140378,24,0.4963610721403775,24,56,6,5
Cluster 2,Positive,Pasture (% coverage),33,8.906663563744181e-4,0.006589839633633819,0.03596579839653618,0.0247642592708354,2.47642592708354,3,0.47642592708354004,1,57,7,5
Cluster 2,Positive,Pasture (% coverage),33,8.906663563744181e-4,0.006589839633633819,0.03596579839653618,0.0247642592708354,2.47642592708354,3,0.47642592708354004,2,58,8,5
Cluster 2,Positive,Pasture (% coverage),33,8.906663563744181e-4,0.006589839633633819,0.03596579839653618,0.0247642592708354,2.47642592708354,3,0.47642592708354004,3,59,9,5
Cluster 2,Positive,Forest (% coverage),88,0.013908431015455254,0.008530279595981804,0.03596579839653618,0.38671270027456855,38.671270027456856,39,0.6712700274568562,1,60,10,5
Cluster 2,Positive,Forest (% coverage),88,0.013908431015455254,0.008530279595981804,0.03596579839653618,0.38671270027456855,38.671270027456856,39,0.6712700274568562,2,61,1,4
Cluster 2,Positive,Forest (% coverage),88,0.013908431015455254,0.008530279595981804,0.03596579839653618,0.38671270027456855,38.671270027456856,39,0.6712700274568562,3,62,2,4
Cluster 2,Positive,Forest (% coverage),88,0.013908431015455254,0.008530279595981804,0.03596579839653618,0.38671270027456855,38.671270027456856,39,0.6712700274568562,4,63,3,4
Cluster 2,Positive,Forest (% coverage),88,0.013908431015455254,0.008530279595981804,0.03596579839653618,0.38671270027456855,38.671270027456856,39,0.6712700274568562,5,64,4,4
Cluster 2,Positive,Forest (% coverage),88,0.013908431015455254,0.008530279595981804,0.03596579839653618,0.38671270027456855,38.671270027456856,39,0.6712700274568562,6,65,5,4
Cluster 2,Positive,Forest (% coverage),88,0.013908431015455254,0.008530279595981804,0.03596579839653618,0.38671270027456855,38.671270027456856,39,0.6712700274568562,7,66,6,4
Cluster 2,Positive,Forest (% coverage),88,0.013908431015455254,0.008530279595981804,0.03596579839653618,0.38671270027456855,38.671270027456856,39,0.6712700274568562,8,67,7,4
Cluster 2,Positive,Forest (% coverage),88,0.013908431015455254,0.008530279595981804,0.03596579839653618,0.38671270027456855,38.671270027456856,39,0.6712700274568562,9,68,8,4
Cluster 2,Positive,Forest (% coverage),88,0.013908431015455254,0.008530279595981804,0.03596579839653618,0.38671270027456855,38.671270027456856,39,0.6712700274568562,10,69,9,4
Cluster 2,Positive,Forest (% coverage),88,0.013908431015455254,0.008530279595981804,0.03596579839653618,0.38671270027456855,38.671270027456856,39,0.6712700274568562,11,70,10,4
Cluster 2,Positive,Forest (% coverage),88,0.013908431015455254,0.008530279595981804,0.03596579839653618,0.38671270027456855,38.671270027456856,39,0.6712700274568562,12,71,1,3
Cluster 2,Positive,Forest (% coverage),88,0.013908431015455254,0.008530279595981804,0.03596579839653618,0.38671270027456855,38.671270027456856,39,0.6712700274568562,13,72,2,3
Cluster 2,Positive,Forest (% coverage),88,0.013908431015455254,0.008530279595981804,0.03596579839653618,0.38671270027456855,38.671270027456856,39,0.6712700274568562,14,73,3,3
Cluster 2,Positive,Forest (% coverage),88,0.013908431015455254,0.008530279595981804,0.03596579839653618,0.38671270027456855,38.671270027456856,39,0.6712700274568562,15,74,4,3
Cluster 2,Positive,Forest (% coverage),88,0.013908431015455254,0.008530279595981804,0.03596579839653618,0.38671270027456855,38.671270027456856,39,0.6712700274568562,16,75,5,3
Cluster 2,Positive,Forest (% coverage),88,0.013908431015455254,0.008530279595981804,0.03596579839653618,0.38671270027456855,38.671270027456856,39,0.6712700274568562,17,76,6,3
Cluster 2,Positive,Forest (% coverage),88,0.013908431015455254,0.008530279595981804,0.03596579839653618,0.38671270027456855,38.671270027456856,39,0.6712700274568562,18,77,7,3
Cluster 2,Positive,Forest (% coverage),88,0.013908431015455254,0.008530279595981804,0.03596579839653618,0.38671270027456855,38.671270027456856,39,0.6712700274568562,19,78,8,3
Cluster 2,Positive,Forest (% coverage),88,0.013908431015455254,0.008530279595981804,0.03596579839653618,0.38671270027456855,38.671270027456856,39,0.6712700274568562,20,79,9,3
Cluster 2,Positive,Forest (% coverage),88,0.013908431015455254,0.008530279595981804,0.03596579839653618,0.38671270027456855,38.671270027456856,39,0.6712700274568562,21,80,10,3
Cluster 2,Positive,Forest (% coverage),88,0.013908431015455254,0.008530279595981804,0.03596579839653618,0.38671270027456855,38.671270027456856,39,0.6712700274568562,22,81,1,2
Cluster 2,Positive,Forest (% coverage),88,0.013908431015455254,0.008530279595981804,0.03596579839653618,0.38671270027456855,38.671270027456856,39,0.6712700274568562,23,82,2,2
Cluster 2,Positive,Forest (% coverage),88,0.013908431015455254,0.008530279595981804,0.03596579839653618,0.38671270027456855,38.671270027456856,39,0.6712700274568562,24,83,3,2
Cluster 2,Positive,Forest (% coverage),88,0.013908431015455254,0.008530279595981804,0.03596579839653618,0.38671270027456855,38.671270027456856,39,0.6712700274568562,25,84,4,2
Cluster 2,Positive,Forest (% coverage),88,0.013908431015455254,0.008530279595981804,0.03596579839653618,0.38671270027456855,38.671270027456856,39,0.6712700274568562,26,85,5,2
Cluster 2,Positive,Forest (% coverage),88,0.013908431015455254,0.008530279595981804,0.03596579839653618,0.38671270027456855,38.671270027456856,39,0.6712700274568562,27,86,6,2
Cluster 2,Positive,Forest (% coverage),88,0.013908431015455254,0.008530279595981804,0.03596579839653618,0.38671270027456855,38.671270027456856,39,0.6712700274568562,28,87,7,2
Cluster 2,Positive,Forest (% coverage),88,0.013908431015455254,0.008530279595981804,0.03596579839653618,0.38671270027456855,38.671270027456856,39,0.6712700274568562,29,88,8,2
Cluster 2,Positive,Forest (% coverage),88,0.013908431015455254,0.008530279595981804,0.03596579839653618,0.38671270027456855,38.671270027456856,39,0.6712700274568562,30,89,9,2
Cluster 2,Positive,Forest (% coverage),88,0.013908431015455254,0.008530279595981804,0.03596579839653618,0.38671270027456855,38.671270027456856,39,0.6712700274568562,31,90,10,2
Cluster 2,Positive,Forest (% coverage),88,0.013908431015455254,0.008530279595981804,0.03596579839653618,0.38671270027456855,38.671270027456856,39,0.6712700274568562,32,91,1,1
Cluster 2,Positive,Forest (% coverage),88,0.013908431015455254,0.008530279595981804,0.03596579839653618,0.38671270027456855,38.671270027456856,39,0.6712700274568562,33,92,2,1
Cluster 2,Positive,Forest (% coverage),88,0.013908431015455254,0.008530279595981804,0.03596579839653618,0.38671270027456855,38.671270027456856,39,0.6712700274568562,34,93,3,1
Cluster 2,Positive,Forest (% coverage),88,0.013908431015455254,0.008530279595981804,0.03596579839653618,0.38671270027456855,38.671270027456856,39,0.6712700274568562,35,94,4,1
Cluster 2,Positive,Forest (% coverage),88,0.013908431015455254,0.008530279595981804,0.03596579839653618,0.38671270027456855,38.671270027456856,39,0.6712700274568562,36,95,5,1
Cluster 2,Positive,Forest (% coverage),88,0.013908431015455254,0.008530279595981804,0.03596579839653618,0.38671270027456855,38.671270027456856,39,0.6712700274568562,37,96,6,1
Cluster 2,Positive,Forest (% coverage),88,0.013908431015455254,0.008530279595981804,0.03596579839653618,0.38671270027456855,38.671270027456856,39,0.6712700274568562,38,97,7,1
Cluster 2,Positive,Forest (% coverage),88,0.013908431015455254,0.008530279595981804,0.03596579839653618,0.38671270027456855,38.671270027456856,39,0.6712700274568562,39,98,8,1
Cluster 2,Positive,Grass/Shrubland (% coverage),33,7.112085617663444e-4,0.007123720116788992,0.03596579839653618,0.019774580114279905,1.9774580114279905,2,0.9774580114279905,1,99,9,1
Cluster 2,Positive,Grass/Shrubland (% coverage),33,7.112085617663444e-4,0.007123720116788992,0.03596579839653618,0.019774580114279905,1.9774580114279905,2,0.9774580114279905,2,100,10,1
Cluster 2,Negative,Temperature,23,7.538755012180877e-4,0.003965843554045546,0.007221297183723947,0.10439613299910225,10.439613299910224,10,0.43961329991022424,1,1,1,10
Cluster 2,Negative,Temperature,23,7.538755012180877e-4,0.003965843554045546,0.007221297183723947,0.10439613299910225,10.439613299910224,10,0.43961329991022424,2,2,2,10
Cluster 2,Negative,Temperature,23,7.538755012180877e-4,0.003965843554045546,0.007221297183723947,0.10439613299910225,10.439613299910224,10,0.43961329991022424,3,3,3,10
Cluster 2,Negative,Temperature,23,7.538755012180877e-4,0.003965843554045546,0.007221297183723947,0.10439613299910225,10.439613299910224,10,0.43961329991022424,4,4,4,10
Cluster 2,Negative,Temperature,23,7.538755012180877e-4,0.003965843554045546,0.007221297183723947,0.10439613299910225,10.439613299910224,10,0.43961329991022424,5,5,5,10
Cluster 2,Negative,Temperature,23,7.538755012180877e-4,0.003965843554045546,0.007221297183723947,0.10439613299910225,10.439613299910224,10,0.43961329991022424,6,6,6,10
Cluster 2,Negative,Temperature,23,7.538755012180877e-4,0.003965843554045546,0.007221297183723947,0.10439613299910225,10.439613299910224,10,0.43961329991022424,7,7,7,10
Cluster 2,Negative,Temperature,23,7.538755012180877e-4,0.003965843554045546,0.007221297183723947,0.10439613299910225,10.439613299910224,10,0.43961329991022424,8,8,8,10
Cluster 2,Negative,Temperature,23,7.538755012180877e-4,0.003965843554045546,0.007221297183723947,0.10439613299910225,10.439613299910224,10,0.43961329991022424,9,9,9,10
Cluster 2,Negative,Temperature,23,7.538755012180877e-4,0.003965843554045546,0.007221297183723947,0.10439613299910225,10.439613299910224,10,0.43961329991022424,10,10,10,10
Cluster 2,Negative,Precipitation,66,0.003862059964138876,0.006200475283254014,0.007221297183723947,0.5348152646097376,53.48152646097376,53,0.48152646097376106,1,11,1,9
Cluster 2,Negative,Precipitation,66,0.003862059964138876,0.006200475283254014,0.007221297183723947,0.5348152646097376,53.48152646097376,53,0.48152646097376106,2,12,2,9
Cluster 2,Negative,Precipitation,66,0.003862059964138876,0.006200475283254014,0.007221297183723947,0.5348152646097376,53.48152646097376,53,0.48152646097376106,3,13,3,9
Cluster 2,Negative,Precipitation,66,0.003862059964138876,0.006200475283254014,0.007221297183723947,0.5348152646097376,53.48152646097376,53,0.48152646097376106,4,14,4,9
Cluster 2,Negative,Precipitation,66,0.003862059964138876,0.006200475283254014,0.007221297183723947,0.5348152646097376,53.48152646097376,53,0.48152646097376106,5,15,5,9
Cluster 2,Negative,Precipitation,66,0.003862059964138876,0.006200475283254014,0.007221297183723947,0.5348152646097376,53.48152646097376,53,0.48152646097376106,6,16,6,9
Cluster 2,Negative,Precipitation,66,0.003862059964138876,0.006200475283254014,0.007221297183723947,0.5348152646097376,53.48152646097376,53,0.48152646097376106,7,17,7,9
Cluster 2,Negative,Precipitation,66,0.003862059964138876,0.006200475283254014,0.007221297183723947,0.5348152646097376,53.48152646097376,53,0.48152646097376106,8,18,8,9
Cluster 2,Negative,Precipitation,66,0.003862059964138876,0.006200475283254014,0.007221297183723947,0.5348152646097376,53.48152646097376,53,0.48152646097376106,9,19,9,9
Cluster 2,Negative,Precipitation,66,0.003862059964138876,0.006200475283254014,0.007221297183723947,0.5348152646097376,53.48152646097376,53,0.48152646097376106,10,20,10,9
Cluster 2,Negative,Precipitation,66,0.003862059964138876,0.006200475283254014,0.007221297183723947,0.5348152646097376,53.48152646097376,53,0.48152646097376106,11,21,1,8
Cluster 2,Negative,Precipitation,66,0.003862059964138876,0.006200475283254014,0.007221297183723947,0.5348152646097376,53.48152646097376,53,0.48152646097376106,12,22,2,8
Cluster 2,Negative,Precipitation,66,0.003862059964138876,0.006200475283254014,0.007221297183723947,0.5348152646097376,53.48152646097376,53,0.48152646097376106,13,23,3,8
Cluster 2,Negative,Precipitation,66,0.003862059964138876,0.006200475283254014,0.007221297183723947,0.5348152646097376,53.48152646097376,53,0.48152646097376106,14,24,4,8
Cluster 2,Negative,Precipitation,66,0.003862059964138876,0.006200475283254014,0.007221297183723947,0.5348152646097376,53.48152646097376,53,0.48152646097376106,15,25,5,8
Cluster 2,Negative,Precipitation,66,0.003862059964138876,0.006200475283254014,0.007221297183723947,0.5348152646097376,53.48152646097376,53,0.48152646097376106,16,26,6,8
Cluster 2,Negative,Precipitation,66,0.003862059964138876,0.006200475283254014,0.007221297183723947,0.5348152646097376,53.48152646097376,53,0.48152646097376106,17,27,7,8
Cluster 2,Negative,Precipitation,66,0.003862059964138876,0.006200475283254014,0.007221297183723947,0.5348152646097376,53.48152646097376,53,0.48152646097376106,18,28,8,8
Cluster 2,Negative,Precipitation,66,0.003862059964138876,0.006200475283254014,0.007221297183723947,0.5348152646097376,53.48152646097376,53,0.48152646097376106,19,29,9,8
Cluster 2,Negative,Precipitation,66,0.003862059964138876,0.006200475283254014,0.007221297183723947,0.5348152646097376,53.48152646097376,53,0.48152646097376106,20,30,10,8
Cluster 2,Negative,Precipitation,66,0.003862059964138876,0.006200475283254014,0.007221297183723947,0.5348152646097376,53.48152646097376,53,0.48152646097376106,21,31,1,7
Cluster 2,Negative,Precipitation,66,0.003862059964138876,0.006200475283254014,0.007221297183723947,0.5348152646097376,53.48152646097376,53,0.48152646097376106,22,32,2,7
Cluster 2,Negative,Precipitation,66,0.003862059964138876,0.006200475283254014,0.007221297183723947,0.5348152646097376,53.48152646097376,53,0.48152646097376106,23,33,3,7
Cluster 2,Negative,Precipitation,66,0.003862059964138876,0.006200475283254014,0.007221297183723947,0.5348152646097376,53.48152646097376,53,0.48152646097376106,24,34,4,7
Cluster 2,Negative,Precipitation,66,0.003862059964138876,0.006200475283254014,0.007221297183723947,0.5348152646097376,53.48152646097376,53,0.48152646097376106,25,35,5,7
Cluster 2,Negative,Precipitation,66,0.003862059964138876,0.006200475283254014,0.007221297183723947,0.5348152646097376,53.48152646097376,53,0.48152646097376106,26,36,6,7
Cluster 2,Negative,Precipitation,66,0.003862059964138876,0.006200475283254014,0.007221297183723947,0.5348152646097376,53.48152646097376,53,0.48152646097376106,27,37,7,7
Cluster 2,Negative,Precipitation,66,0.003862059964138876,0.006200475283254014,0.007221297183723947,0.5348152646097376,53.48152646097376,53,0.48152646097376106,28,38,8,7
Cluster 2,Negative,Precipitation,66,0.003862059964138876,0.006200475283254014,0.007221297183723947,0.5348152646097376,53.48152646097376,53,0.48152646097376106,29,39,9,7
Cluster 2,Negative,Precipitation,66,0.003862059964138876,0.006200475283254014,0.007221297183723947,0.5348152646097376,53.48152646097376,53,0.48152646097376106,30,40,10,7
Cluster 2,Negative,Precipitation,66,0.003862059964138876,0.006200475283254014,0.007221297183723947,0.5348152646097376,53.48152646097376,53,0.48152646097376106,31,41,1,6
Cluster 2,Negative,Precipitation,66,0.003862059964138876,0.006200475283254014,0.007221297183723947,0.5348152646097376,53.48152646097376,53,0.48152646097376106,32,42,2,6
Cluster 2,Negative,Precipitation,66,0.003862059964138876,0.006200475283254014,0.007221297183723947,0.5348152646097376,53.48152646097376,53,0.48152646097376106,33,43,3,6
Cluster 2,Negative,Precipitation,66,0.003862059964138876,0.006200475283254014,0.007221297183723947,0.5348152646097376,53.48152646097376,53,0.48152646097376106,34,44,4,6
Cluster 2,Negative,Precipitation,66,0.003862059964138876,0.006200475283254014,0.007221297183723947,0.5348152646097376,53.48152646097376,53,0.48152646097376106,35,45,5,6
Cluster 2,Negative,Precipitation,66,0.003862059964138876,0.006200475283254014,0.007221297183723947,0.5348152646097376,53.48152646097376,53,0.48152646097376106,36,46,6,6
Cluster 2,Negative,Precipitation,66,0.003862059964138876,0.006200475283254014,0.007221297183723947,0.5348152646097376,53.48152646097376,53,0.48152646097376106,37,47,7,6
Cluster 2,Negative,Precipitation,66,0.003862059964138876,0.006200475283254014,0.007221297183723947,0.5348152646097376,53.48152646097376,53,0.48152646097376106,38,48,8,6
Cluster 2,Negative,Precipitation,66,0.003862059964138876,0.006200475283254014,0.007221297183723947,0.5348152646097376,53.48152646097376,53,0.48152646097376106,39,49,9,6
Cluster 2,Negative,Precipitation,66,0.003862059964138876,0.006200475283254014,0.007221297183723947,0.5348152646097376,53.48152646097376,53,0.48152646097376106,40,50,10,6
Cluster 2,Negative,Precipitation,66,0.003862059964138876,0.006200475283254014,0.007221297183723947,0.5348152646097376,53.48152646097376,53,0.48152646097376106,41,51,1,5
Cluster 2,Negative,Precipitation,66,0.003862059964138876,0.006200475283254014,0.007221297183723947,0.5348152646097376,53.48152646097376,53,0.48152646097376106,42,52,2,5
Cluster 2,Negative,Precipitation,66,0.003862059964138876,0.006200475283254014,0.007221297183723947,0.5348152646097376,53.48152646097376,53,0.48152646097376106,43,53,3,5
Cluster 2,Negative,Precipitation,66,0.003862059964138876,0.006200475283254014,0.007221297183723947,0.5348152646097376,53.48152646097376,53,0.48152646097376106,44,54,4,5
Cluster 2,Negative,Precipitation,66,0.003862059964138876,0.006200475283254014,0.007221297183723947,0.5348152646097376,53.48152646097376,53,0.48152646097376106,45,55,5,5
Cluster 2,Negative,Precipitation,66,0.003862059964138876,0.006200475283254014,0.007221297183723947,0.5348152646097376,53.48152646097376,53,0.48152646097376106,46,56,6,5
Cluster 2,Negative,Precipitation,66,0.003862059964138876,0.006200475283254014,0.007221297183723947,0.5348152646097376,53.48152646097376,53,0.48152646097376106,47,57,7,5
Cluster 2,Negative,Precipitation,66,0.003862059964138876,0.006200475283254014,0.007221297183723947,0.5348152646097376,53.48152646097376,53,0.48152646097376106,48,58,8,5
Cluster 2,Negative,Precipitation,66,0.003862059964138876,0.006200475283254014,0.007221297183723947,0.5348152646097376,53.48152646097376,53,0.48152646097376106,49,59,9,5
Cluster 2,Negative,Precipitation,66,0.003862059964138876,0.006200475283254014,0.007221297183723947,0.5348152646097376,53.48152646097376,53,0.48152646097376106,50,60,10,5
Cluster 2,Negative,Precipitation,66,0.003862059964138876,0.006200475283254014,0.007221297183723947,0.5348152646097376,53.48152646097376,53,0.48152646097376106,51,61,1,4
Cluster 2,Negative,Precipitation,66,0.003862059964138876,0.006200475283254014,0.007221297183723947,0.5348152646097376,53.48152646097376,53,0.48152646097376106,52,62,2,4
Cluster 2,Negative,Precipitation,66,0.003862059964138876,0.006200475283254014,0.007221297183723947,0.5348152646097376,53.48152646097376,53,0.48152646097376106,53,63,3,4
Cluster 2,Negative,Land-use heterogeneity,3,1.1454838875088492e-4,0.01221932857730847,0.007221297183723947,0.015862577849456893,1.5862577849456894,2,0.5862577849456894,1,64,4,4
Cluster 2,Negative,Land-use heterogeneity,3,1.1454838875088492e-4,0.01221932857730847,0.007221297183723947,0.015862577849456893,1.5862577849456894,2,0.5862577849456894,2,65,5,4
Cluster 2,Negative,Urban (% coverage),33,5.973494223595961e-4,0.0013186881225415454,0.007221297183723947,0.08272051504900804,8.272051504900805,8,0.272051504900805,1,66,6,4
Cluster 2,Negative,Urban (% coverage),33,5.973494223595961e-4,0.0013186881225415454,0.007221297183723947,0.08272051504900804,8.272051504900805,8,0.272051504900805,2,67,7,4
Cluster 2,Negative,Urban (% coverage),33,5.973494223595961e-4,0.0013186881225415454,0.007221297183723947,0.08272051504900804,8.272051504900805,8,0.272051504900805,3,68,8,4
Cluster 2,Negative,Urban (% coverage),33,5.973494223595961e-4,0.0013186881225415454,0.007221297183723947,0.08272051504900804,8.272051504900805,8,0.272051504900805,4,69,9,4
Cluster 2,Negative,Urban (% coverage),33,5.973494223595961e-4,0.0013186881225415454,0.007221297183723947,0.08272051504900804,8.272051504900805,8,0.272051504900805,5,70,10,4
Cluster 2,Negative,Urban (% coverage),33,5.973494223595961e-4,0.0013186881225415454,0.007221297183723947,0.08272051504900804,8.272051504900805,8,0.272051504900805,6,71,1,3
Cluster 2,Negative,Urban (% coverage),33,5.973494223595961e-4,0.0013186881225415454,0.007221297183723947,0.08272051504900804,8.272051504900805,8,0.272051504900805,7,72,2,3
Cluster 2,Negative,Urban (% coverage),33,5.973494223595961e-4,0.0013186881225415454,0.007221297183723947,0.08272051504900804,8.272051504900805,8,0.272051504900805,8,73,3,3
Cluster 2,Negative,Cropland (% coverage),31,0.0010798939804713321,0.0013170688658055278,0.007221297183723947,0.1495429357076317,14.95429357076317,15,0.9542935707631699,1,74,4,3
Cluster 2,Negative,Cropland (% coverage),31,0.0010798939804713321,0.0013170688658055278,0.007221297183723947,0.1495429357076317,14.95429357076317,15,0.9542935707631699,2,75,5,3
Cluster 2,Negative,Cropland (% coverage),31,0.0010798939804713321,0.0013170688658055278,0.007221297183723947,0.1495429357076317,14.95429357076317,15,0.9542935707631699,3,76,6,3
Cluster 2,Negative,Cropland (% coverage),31,0.0010798939804713321,0.0013170688658055278,0.007221297183723947,0.1495429357076317,14.95429357076317,15,0.9542935707631699,4,77,7,3
Cluster 2,Negative,Cropland (% coverage),31,0.0010798939804713321,0.0013170688658055278,0.007221297183723947,0.1495429357076317,14.95429357076317,15,0.9542935707631699,5,78,8,3
Cluster 2,Negative,Cropland (% coverage),31,0.0010798939804713321,0.0013170688658055278,0.007221297183723947,0.1495429357076317,14.95429357076317,15,0.9542935707631699,6,79,9,3
Cluster 2,Negative,Cropland (% coverage),31,0.0010798939804713321,0.0013170688658055278,0.007221297183723947,0.1495429357076317,14.95429357076317,15,0.9542935707631699,7,80,10,3
Cluster 2,Negative,Cropland (% coverage),31,0.0010798939804713321,0.0013170688658055278,0.007221297183723947,0.1495429357076317,14.95429357076317,15,0.9542935707631699,8,81,1,2
Cluster 2,Negative,Cropland (% coverage),31,0.0010798939804713321,0.0013170688658055278,0.007221297183723947,0.1495429357076317,14.95429357076317,15,0.9542935707631699,9,82,2,2
Cluster 2,Negative,Cropland (% coverage),31,0.0010798939804713321,0.0013170688658055278,0.007221297183723947,0.1495429357076317,14.95429357076317,15,0.9542935707631699,10,83,3,2
Cluster 2,Negative,Cropland (% coverage),31,0.0010798939804713321,0.0013170688658055278,0.007221297183723947,0.1495429357076317,14.95429357076317,15,0.9542935707631699,11,84,4,2
Cluster 2,Negative,Cropland (% coverage),31,0.0010798939804713321,0.0013170688658055278,0.007221297183723947,0.1495429357076317,14.95429357076317,15,0.9542935707631699,12,85,5,2
Cluster 2,Negative,Cropland (% coverage),31,0.0010798939804713321,0.0013170688658055278,0.007221297183723947,0.1495429357076317,14.95429357076317,15,0.9542935707631699,13,86,6,2
Cluster 2,Negative,Cropland (% coverage),31,0.0010798939804713321,0.0013170688658055278,0.007221297183723947,0.1495429357076317,14.95429357076317,15,0.9542935707631699,14,87,7,2
Cluster 2,Negative,Cropland (% coverage),31,0.0010798939804713321,0.0013170688658055278,0.007221297183723947,0.1495429357076317,14.95429357076317,15,0.9542935707631699,15,88,8,2
Cluster 2,Negative,Pasture (% coverage),8,1.806119935921338e-4,0.006588587207571029,0.007221297183723947,0.02501101796491833,2.5011017964918327,3,0.5011017964918327,1,89,9,2
Cluster 2,Negative,Pasture (% coverage),8,1.806119935921338e-4,0.006588587207571029,0.007221297183723947,0.02501101796491833,2.5011017964918327,3,0.5011017964918327,2,90,10,2
Cluster 2,Negative,Pasture (% coverage),8,1.806119935921338e-4,0.006588587207571029,0.007221297183723947,0.02501101796491833,2.5011017964918327,3,0.5011017964918327,3,91,1,1
Cluster 2,Negative,Forest (% coverage),24,5.191170046175255e-4,0.0014507801790164118,0.007221297183723947,0.07188694654300631,7.188694654300631,7,0.18869465430063137,1,92,2,1
Cluster 2,Negative,Forest (% coverage),24,5.191170046175255e-4,0.0014507801790164118,0.007221297183723947,0.07188694654300631,7.188694654300631,7,0.18869465430063137,2,93,3,1
Cluster 2,Negative,Forest (% coverage),24,5.191170046175255e-4,0.0014507801790164118,0.007221297183723947,0.07188694654300631,7.188694654300631,7,0.18869465430063137,3,94,4,1
Cluster 2,Negative,Forest (% coverage),24,5.191170046175255e-4,0.0014507801790164118,0.007221297183723947,0.07188694654300631,7.188694654300631,7,0.18869465430063137,4,95,5,1
Cluster 2,Negative,Forest (% coverage),24,5.191170046175255e-4,0.0014507801790164118,0.007221297183723947,0.07188694654300631,7.188694654300631,7,0.18869465430063137,5,96,6,1
Cluster 2,Negative,Forest (% coverage),24,5.191170046175255e-4,0.0014507801790164118,0.007221297183723947,0.07188694654300631,7.188694654300631,7,0.18869465430063137,6,97,7,1
Cluster 2,Negative,Forest (% coverage),24,5.191170046175255e-4,0.0014507801790164118,0.007221297183723947,0.07188694654300631,7.188694654300631,7,0.18869465430063137,7,98,8,1
Cluster 2,Negative,Grass/Shrubland (% coverage),6,1.138409285755108e-4,0.0014449483662443425,0.007221297183723947,0.015764609277138797,1.5764609277138797,2,0.5764609277138797,1,99,9,1
Cluster 2,Negative,Grass/Shrubland (% coverage),6,1.138409285755108e-4,0.0014449483662443425,0.007221297183723947,0.015764609277138797,1.5764609277138797,2,0.5764609277138797,2,100,10,1
Cluster 3,Positive,Temperature,66,0.0035290280688502827,0.004779690110026353,0.03709314235958959,0.0951396361796221,9.51396361796221,10,0.5139636179622098,1,1,1,10
Cluster 3,Positive,Temperature,66,0.0035290280688502827,0.004779690110026353,0.03709314235958959,0.0951396361796221,9.51396361796221,10,0.5139636179622098,2,2,2,10
Cluster 3,Positive,Temperature,66,0.0035290280688502827,0.004779690110026353,0.03709314235958959,0.0951396361796221,9.51396361796221,10,0.5139636179622098,3,3,3,10
Cluster 3,Positive,Temperature,66,0.0035290280688502827,0.004779690110026353,0.03709314235958959,0.0951396361796221,9.51396361796221,10,0.5139636179622098,4,4,4,10
Cluster 3,Positive,Temperature,66,0.0035290280688502827,0.004779690110026353,0.03709314235958959,0.0951396361796221,9.51396361796221,10,0.5139636179622098,5,5,5,10
Cluster 3,Positive,Temperature,66,0.0035290280688502827,0.004779690110026353,0.03709314235958959,0.0951396361796221,9.51396361796221,10,0.5139636179622098,6,6,6,10
Cluster 3,Positive,Temperature,66,0.0035290280688502827,0.004779690110026353,0.03709314235958959,0.0951396361796221,9.51396361796221,10,0.5139636179622098,7,7,7,10
Cluster 3,Positive,Temperature,66,0.0035290280688502827,0.004779690110026353,0.03709314235958959,0.0951396361796221,9.51396361796221,10,0.5139636179622098,8,8,8,10
Cluster 3,Positive,Temperature,66,0.0035290280688502827,0.004779690110026353,0.03709314235958959,0.0951396361796221,9.51396361796221,10,0.5139636179622098,9,9,9,10
Cluster 3,Positive,Temperature,66,0.0035290280688502827,0.004779690110026353,0.03709314235958959,0.0951396361796221,9.51396361796221,10,0.5139636179622098,10,10,10,10
Cluster 3,Positive,Precipitation,21,7.920820856905317e-4,0.0023202615131574177,0.03709314235958959,0.021353868540225113,2.1353868540225114,2,0.13538685402251138,1,11,1,9
Cluster 3,Positive,Precipitation,21,7.920820856905317e-4,0.0023202615131574177,0.03709314235958959,0.021353868540225113,2.1353868540225114,2,0.13538685402251138,2,12,2,9
Cluster 3,Positive,Land-use heterogeneity,54,0.002278466860207915,0.0048743985044000255,0.03709314235958959,0.06142555510988864,6.142555510988864,6,0.14255551098886432,1,13,3,9
Cluster 3,Positive,Land-use heterogeneity,54,0.002278466860207915,0.0048743985044000255,0.03709314235958959,0.06142555510988864,6.142555510988864,6,0.14255551098886432,2,14,4,9
Cluster 3,Positive,Land-use heterogeneity,54,0.002278466860207915,0.0048743985044000255,0.03709314235958959,0.06142555510988864,6.142555510988864,6,0.14255551098886432,3,15,5,9
Cluster 3,Positive,Land-use heterogeneity,54,0.002278466860207915,0.0048743985044000255,0.03709314235958959,0.06142555510988864,6.142555510988864,6,0.14255551098886432,4,16,6,9
Cluster 3,Positive,Land-use heterogeneity,54,0.002278466860207915,0.0048743985044000255,0.03709314235958959,0.06142555510988864,6.142555510988864,6,0.14255551098886432,5,17,7,9
Cluster 3,Positive,Land-use heterogeneity,54,0.002278466860207915,0.0048743985044000255,0.03709314235958959,0.06142555510988864,6.142555510988864,6,0.14255551098886432,6,18,8,9
Cluster 3,Positive,Urban (% coverage),59,0.006487565225728814,0.010611780336685575,0.03709314235958959,0.17489931596619238,17.489931596619236,17,0.48993159661923613,1,19,9,9
Cluster 3,Positive,Urban (% coverage),59,0.006487565225728814,0.010611780336685575,0.03709314235958959,0.17489931596619238,17.489931596619236,17,0.48993159661923613,2,20,10,9
Cluster 3,Positive,Urban (% coverage),59,0.006487565225728814,0.010611780336685575,0.03709314235958959,0.17489931596619238,17.489931596619236,17,0.48993159661923613,3,21,1,8
Cluster 3,Positive,Urban (% coverage),59,0.006487565225728814,0.010611780336685575,0.03709314235958959,0.17489931596619238,17.489931596619236,17,0.48993159661923613,4,22,2,8
Cluster 3,Positive,Urban (% coverage),59,0.006487565225728814,0.010611780336685575,0.03709314235958959,0.17489931596619238,17.489931596619236,17,0.48993159661923613,5,23,3,8
Cluster 3,Positive,Urban (% coverage),59,0.006487565225728814,0.010611780336685575,0.03709314235958959,0.17489931596619238,17.489931596619236,17,0.48993159661923613,6,24,4,8
Cluster 3,Positive,Urban (% coverage),59,0.006487565225728814,0.010611780336685575,0.03709314235958959,0.17489931596619238,17.489931596619236,17,0.48993159661923613,7,25,5,8
Cluster 3,Positive,Urban (% coverage),59,0.006487565225728814,0.010611780336685575,0.03709314235958959,0.17489931596619238,17.489931596619236,17,0.48993159661923613,8,26,6,8
Cluster 3,Positive,Urban (% coverage),59,0.006487565225728814,0.010611780336685575,0.03709314235958959,0.17489931596619238,17.489931596619236,17,0.48993159661923613,9,27,7,8
Cluster 3,Positive,Urban (% coverage),59,0.006487565225728814,0.010611780336685575,0.03709314235958959,0.17489931596619238,17.489931596619236,17,0.48993159661923613,10,28,8,8
Cluster 3,Positive,Urban (% coverage),59,0.006487565225728814,0.010611780336685575,0.03709314235958959,0.17489931596619238,17.489931596619236,17,0.48993159661923613,11,29,9,8
Cluster 3,Positive,Urban (% coverage),59,0.006487565225728814,0.010611780336685575,0.03709314235958959,0.17489931596619238,17.489931596619236,17,0.48993159661923613,12,30,10,8
Cluster 3,Positive,Urban (% coverage),59,0.006487565225728814,0.010611780336685575,0.03709314235958959,0.17489931596619238,17.489931596619236,17,0.48993159661923613,13,31,1,7
Cluster 3,Positive,Urban (% coverage),59,0.006487565225728814,0.010611780336685575,0.03709314235958959,0.17489931596619238,17.489931596619236,17,0.48993159661923613,14,32,2,7
Cluster 3,Positive,Urban (% coverage),59,0.006487565225728814,0.010611780336685575,0.03709314235958959,0.17489931596619238,17.489931596619236,17,0.48993159661923613,15,33,3,7
Cluster 3,Positive,Urban (% coverage),59,0.006487565225728814,0.010611780336685575,0.03709314235958959,0.17489931596619238,17.489931596619236,17,0.48993159661923613,16,34,4,7
Cluster 3,Positive,Urban (% coverage),59,0.006487565225728814,0.010611780336685575,0.03709314235958959,0.17489931596619238,17.489931596619236,17,0.48993159661923613,17,35,5,7
Cluster 3,Positive,Cropland (% coverage),59,0.007837678716181363,0.011125803295876138,0.03709314235958959,0.21129724303756944,21.129724303756944,21,0.12972430375694444,1,36,6,7
Cluster 3,Positive,Cropland (% coverage),59,0.007837678716181363,0.011125803295876138,0.03709314235958959,0.21129724303756944,21.129724303756944,21,0.12972430375694444,2,37,7,7
Cluster 3,Positive,Cropland (% coverage),59,0.007837678716181363,0.011125803295876138,0.03709314235958959,0.21129724303756944,21.129724303756944,21,0.12972430375694444,3,38,8,7
Cluster 3,Positive,Cropland (% coverage),59,0.007837678716181363,0.011125803295876138,0.03709314235958959,0.21129724303756944,21.129724303756944,21,0.12972430375694444,4,39,9,7
Cluster 3,Positive,Cropland (% coverage),59,0.007837678716181363,0.011125803295876138,0.03709314235958959,0.21129724303756944,21.129724303756944,21,0.12972430375694444,5,40,10,7
Cluster 3,Positive,Cropland (% coverage),59,0.007837678716181363,0.011125803295876138,0.03709314235958959,0.21129724303756944,21.129724303756944,21,0.12972430375694444,6,41,1,6
Cluster 3,Positive,Cropland (% coverage),59,0.007837678716181363,0.011125803295876138,0.03709314235958959,0.21129724303756944,21.129724303756944,21,0.12972430375694444,7,42,2,6
Cluster 3,Positive,Cropland (% coverage),59,0.007837678716181363,0.011125803295876138,0.03709314235958959,0.21129724303756944,21.129724303756944,21,0.12972430375694444,8,43,3,6
Cluster 3,Positive,Cropland (% coverage),59,0.007837678716181363,0.011125803295876138,0.03709314235958959,0.21129724303756944,21.129724303756944,21,0.12972430375694444,9,44,4,6
Cluster 3,Positive,Cropland (% coverage),59,0.007837678716181363,0.011125803295876138,0.03709314235958959,0.21129724303756944,21.129724303756944,21,0.12972430375694444,10,45,5,6
Cluster 3,Positive,Cropland (% coverage),59,0.007837678716181363,0.011125803295876138,0.03709314235958959,0.21129724303756944,21.129724303756944,21,0.12972430375694444,11,46,6,6
Cluster 3,Positive,Cropland (% coverage),59,0.007837678716181363,0.011125803295876138,0.03709314235958959,0.21129724303756944,21.129724303756944,21,0.12972430375694444,12,47,7,6
Cluster 3,Positive,Cropland (% coverage),59,0.007837678716181363,0.011125803295876138,0.03709314235958959,0.21129724303756944,21.129724303756944,21,0.12972430375694444,13,48,8,6
Cluster 3,Positive,Cropland (% coverage),59,0.007837678716181363,0.011125803295876138,0.03709314235958959,0.21129724303756944,21.129724303756944,21,0.12972430375694444,14,49,9,6
Cluster 3,Positive,Cropland (% coverage),59,0.007837678716181363,0.011125803295876138,0.03709314235958959,0.21129724303756944,21.129724303756944,21,0.12972430375694444,15,50,10,6
Cluster 3,Positive,Cropland (% coverage),59,0.007837678716181363,0.011125803295876138,0.03709314235958959,0.21129724303756944,21.129724303756944,21,0.12972430375694444,16,51,1,5
Cluster 3,Positive,Cropland (% coverage),59,0.007837678716181363,0.011125803295876138,0.03709314235958959,0.21129724303756944,21.129724303756944,21,0.12972430375694444,17,52,2,5
Cluster 3,Positive,Cropland (% coverage),59,0.007837678716181363,0.011125803295876138,0.03709314235958959,0.21129724303756944,21.129724303756944,21,0.12972430375694444,18,53,3,5
Cluster 3,Positive,Cropland (% coverage),59,0.007837678716181363,0.011125803295876138,0.03709314235958959,0.21129724303756944,21.129724303756944,21,0.12972430375694444,19,54,4,5
Cluster 3,Positive,Cropland (% coverage),59,0.007837678716181363,0.011125803295876138,0.03709314235958959,0.21129724303756944,21.129724303756944,21,0.12972430375694444,20,55,5,5
Cluster 3,Positive,Cropland (% coverage),59,0.007837678716181363,0.011125803295876138,0.03709314235958959,0.21129724303756944,21.129724303756944,21,0.12972430375694444,21,56,6,5
Cluster 3,Positive,Pasture (% coverage),33,7.057223257840566e-4,0.005970795103830925,0.03709314235958959,0.01902568186169345,1.9025681861693449,2,0.9025681861693449,1,57,7,5
Cluster 3,Positive,Pasture (% coverage),33,7.057223257840566e-4,0.005970795103830925,0.03709314235958959,0.01902568186169345,1.9025681861693449,2,0.9025681861693449,2,58,8,5
Cluster 3,Positive,Forest (% coverage),88,0.014676191156552549,0.008328983671171256,0.03709314235958959,0.3956578014954388,39.565780149543876,40,0.5657801495438761,1,59,9,5
Cluster 3,Positive,Forest (% coverage),88,0.014676191156552549,0.008328983671171256,0.03709314235958959,0.3956578014954388,39.565780149543876,40,0.5657801495438761,2,60,10,5
Cluster 3,Positive,Forest (% coverage),88,0.014676191156552549,0.008328983671171256,0.03709314235958959,0.3956578014954388,39.565780149543876,40,0.5657801495438761,3,61,1,4
Cluster 3,Positive,Forest (% coverage),88,0.014676191156552549,0.008328983671171256,0.03709314235958959,0.3956578014954388,39.565780149543876,40,0.5657801495438761,4,62,2,4
Cluster 3,Positive,Forest (% coverage),88,0.014676191156552549,0.008328983671171256,0.03709314235958959,0.3956578014954388,39.565780149543876,40,0.5657801495438761,5,63,3,4
Cluster 3,Positive,Forest (% coverage),88,0.014676191156552549,0.008328983671171256,0.03709314235958959,0.3956578014954388,39.565780149543876,40,0.5657801495438761,6,64,4,4
Cluster 3,Positive,Forest (% coverage),88,0.014676191156552549,0.008328983671171256,0.03709314235958959,0.3956578014954388,39.565780149543876,40,0.5657801495438761,7,65,5,4
Cluster 3,Positive,Forest (% coverage),88,0.014676191156552549,0.008328983671171256,0.03709314235958959,0.3956578014954388,39.565780149543876,40,0.5657801495438761,8,66,6,4
Cluster 3,Positive,Forest (% coverage),88,0.014676191156552549,0.008328983671171256,0.03709314235958959,0.3956578014954388,39.565780149543876,40,0.5657801495438761,9,67,7,4
Cluster 3,Positive,Forest (% coverage),88,0.014676191156552549,0.008328983671171256,0.03709314235958959,0.3956578014954388,39.565780149543876,40,0.5657801495438761,10,68,8,4
Cluster 3,Positive,Forest (% coverage),88,0.014676191156552549,0.008328983671171256,0.03709314235958959,0.3956578014954388,39.565780149543876,40,0.5657801495438761,11,69,9,4
Cluster 3,Positive,Forest (% coverage),88,0.014676191156552549,0.008328983671171256,0.03709314235958959,0.3956578014954388,39.565780149543876,40,0.5657801495438761,12,70,10,4
Cluster 3,Positive,Forest (% coverage),88,0.014676191156552549,0.008328983671171256,0.03709314235958959,0.3956578014954388,39.565780149543876,40,0.5657801495438761,13,71,1,3
Cluster 3,Positive,Forest (% coverage),88,0.014676191156552549,0.008328983671171256,0.03709314235958959,0.3956578014954388,39.565780149543876,40,0.5657801495438761,14,72,2,3
Cluster 3,Positive,Forest (% coverage),88,0.014676191156552549,0.008328983671171256,0.03709314235958959,0.3956578014954388,39.565780149543876,40,0.5657801495438761,15,73,3,3
Cluster 3,Positive,Forest (% coverage),88,0.014676191156552549,0.008328983671171256,0.03709314235958959,0.3956578014954388,39.565780149543876,40,0.5657801495438761,16,74,4,3
Cluster 3,Positive,Forest (% coverage),88,0.014676191156552549,0.008328983671171256,0.03709314235958959,0.3956578014954388,39.565780149543876,40,0.5657801495438761,17,75,5,3
Cluster 3,Positive,Forest (% coverage),88,0.014676191156552549,0.008328983671171256,0.03709314235958959,0.3956578014954388,39.565780149543876,40,0.5657801495438761,18,76,6,3
Cluster 3,Positive,Forest (% coverage),88,0.014676191156552549,0.008328983671171256,0.03709314235958959,0.3956578014954388,39.565780149543876,40,0.5657801495438761,19,77,7,3
Cluster 3,Positive,Forest (% coverage),88,0.014676191156552549,0.008328983671171256,0.03709314235958959,0.3956578014954388,39.565780149543876,40,0.5657801495438761,20,78,8,3
Cluster 3,Positive,Forest (% coverage),88,0.014676191156552549,0.008328983671171256,0.03709314235958959,0.3956578014954388,39.565780149543876,40,0.5657801495438761,21,79,9,3
Cluster 3,Positive,Forest (% coverage),88,0.014676191156552549,0.008328983671171256,0.03709314235958959,0.3956578014954388,39.565780149543876,40,0.5657801495438761,22,80,10,3
Cluster 3,Positive,Forest (% coverage),88,0.014676191156552549,0.008328983671171256,0.03709314235958959,0.3956578014954388,39.565780149543876,40,0.5657801495438761,23,81,1,2
Cluster 3,Positive,Forest (% coverage),88,0.014676191156552549,0.008328983671171256,0.03709314235958959,0.3956578014954388,39.565780149543876,40,0.5657801495438761,24,82,2,2
Cluster 3,Positive,Forest (% coverage),88,0.014676191156552549,0.008328983671171256,0.03709314235958959,0.3956578014954388,39.565780149543876,40,0.5657801495438761,25,83,3,2
Cluster 3,Positive,Forest (% coverage),88,0.014676191156552549,0.008328983671171256,0.03709314235958959,0.3956578014954388,39.565780149543876,40,0.5657801495438761,26,84,4,2
Cluster 3,Positive,Forest (% coverage),88,0.014676191156552549,0.008328983671171256,0.03709314235958959,0.3956578014954388,39.565780149543876,40,0.5657801495438761,27,85,5,2
Cluster 3,Positive,Forest (% coverage),88,0.014676191156552549,0.008328983671171256,0.03709314235958959,0.3956578014954388,39.565780149543876,40,0.5657801495438761,28,86,6,2
Cluster 3,Positive,Forest (% coverage),88,0.014676191156552549,0.008328983671171256,0.03709314235958959,0.3956578014954388,39.565780149543876,40,0.5657801495438761,29,87,7,2
Cluster 3,Positive,Forest (% coverage),88,0.014676191156552549,0.008328983671171256,0.03709314235958959,0.3956578014954388,39.565780149543876,40,0.5657801495438761,30,88,8,2
Cluster 3,Positive,Forest (% coverage),88,0.014676191156552549,0.008328983671171256,0.03709314235958959,0.3956578014954388,39.565780149543876,40,0.5657801495438761,31,89,9,2
Cluster 3,Positive,Forest (% coverage),88,0.014676191156552549,0.008328983671171256,0.03709314235958959,0.3956578014954388,39.565780149543876,40,0.5657801495438761,32,90,10,2
Cluster 3,Positive,Forest (% coverage),88,0.014676191156552549,0.008328983671171256,0.03709314235958959,0.3956578014954388,39.565780149543876,40,0.5657801495438761,33,91,1,1
Cluster 3,Positive,Forest (% coverage),88,0.014676191156552549,0.008328983671171256,0.03709314235958959,0.3956578014954388,39.565780149543876,40,0.5657801495438761,34,92,2,1
Cluster 3,Positive,Forest (% coverage),88,0.014676191156552549,0.008328983671171256,0.03709314235958959,0.3956578014954388,39.565780149543876,40,0.5657801495438761,35,93,3,1
Cluster 3,Positive,Forest (% coverage),88,0.014676191156552549,0.008328983671171256,0.03709314235958959,0.3956578014954388,39.565780149543876,40,0.5657801495438761,36,94,4,1
Cluster 3,Positive,Forest (% coverage),88,0.014676191156552549,0.008328983671171256,0.03709314235958959,0.3956578014954388,39.565780149543876,40,0.5657801495438761,37,95,5,1
Cluster 3,Positive,Forest (% coverage),88,0.014676191156552549,0.008328983671171256,0.03709314235958959,0.3956578014954388,39.565780149543876,40,0.5657801495438761,38,96,6,1
Cluster 3,Positive,Forest (% coverage),88,0.014676191156552549,0.008328983671171256,0.03709314235958959,0.3956578014954388,39.565780149543876,40,0.5657801495438761,39,97,7,1
Cluster 3,Positive,Forest (% coverage),88,0.014676191156552549,0.008328983671171256,0.03709314235958959,0.3956578014954388,39.565780149543876,40,0.5657801495438761,40,98,8,1
Cluster 3,Positive,Grass/Shrubland (% coverage),33,7.864079205940784e-4,0.007143059104902186,0.03709314235958959,0.02120089780937016,2.120089780937016,2,0.12008978093701606,1,99,9,1
Cluster 3,Positive,Grass/Shrubland (% coverage),33,7.864079205940784e-4,0.007143059104902186,0.03709314235958959,0.02120089780937016,2.120089780937016,2,0.12008978093701606,2,100,10,1
Cluster 3,Negative,Temperature,23,0.0013507731934193127,0.005837686034082474,0.01115302823559894,0.12111268481396195,12.111268481396195,12,0.11126848139619483,1,1,1,10
Cluster 3,Negative,Temperature,23,0.0013507731934193127,0.005837686034082474,0.01115302823559894,0.12111268481396195,12.111268481396195,12,0.11126848139619483,2,2,2,10
Cluster 3,Negative,Temperature,23,0.0013507731934193127,0.005837686034082474,0.01115302823559894,0.12111268481396195,12.111268481396195,12,0.11126848139619483,3,3,3,10
Cluster 3,Negative,Temperature,23,0.0013507731934193127,0.005837686034082474,0.01115302823559894,0.12111268481396195,12.111268481396195,12,0.11126848139619483,4,4,4,10
Cluster 3,Negative,Temperature,23,0.0013507731934193127,0.005837686034082474,0.01115302823559894,0.12111268481396195,12.111268481396195,12,0.11126848139619483,5,5,5,10
Cluster 3,Negative,Temperature,23,0.0013507731934193127,0.005837686034082474,0.01115302823559894,0.12111268481396195,12.111268481396195,12,0.11126848139619483,6,6,6,10
Cluster 3,Negative,Temperature,23,0.0013507731934193127,0.005837686034082474,0.01115302823559894,0.12111268481396195,12.111268481396195,12,0.11126848139619483,7,7,7,10
Cluster 3,Negative,Temperature,23,0.0013507731934193127,0.005837686034082474,0.01115302823559894,0.12111268481396195,12.111268481396195,12,0.11126848139619483,8,8,8,10
Cluster 3,Negative,Temperature,23,0.0013507731934193127,0.005837686034082474,0.01115302823559894,0.12111268481396195,12.111268481396195,12,0.11126848139619483,9,9,9,10
Cluster 3,Negative,Temperature,23,0.0013507731934193127,0.005837686034082474,0.01115302823559894,0.12111268481396195,12.111268481396195,12,0.11126848139619483,10,10,10,10
Cluster 3,Negative,Temperature,23,0.0013507731934193127,0.005837686034082474,0.01115302823559894,0.12111268481396195,12.111268481396195,12,0.11126848139619483,11,11,1,9
Cluster 3,Negative,Temperature,23,0.0013507731934193127,0.005837686034082474,0.01115302823559894,0.12111268481396195,12.111268481396195,12,0.11126848139619483,12,12,2,9
Cluster 3,Negative,Precipitation,66,0.0063033316095427614,0.007116945643387035,0.01115302823559894,0.5651677263241734,56.51677263241734,57,0.516772632417343,1,13,3,9
Cluster 3,Negative,Precipitation,66,0.0063033316095427614,0.007116945643387035,0.01115302823559894,0.5651677263241734,56.51677263241734,57,0.516772632417343,2,14,4,9
Cluster 3,Negative,Precipitation,66,0.0063033316095427614,0.007116945643387035,0.01115302823559894,0.5651677263241734,56.51677263241734,57,0.516772632417343,3,15,5,9
Cluster 3,Negative,Precipitation,66,0.0063033316095427614,0.007116945643387035,0.01115302823559894,0.5651677263241734,56.51677263241734,57,0.516772632417343,4,16,6,9
Cluster 3,Negative,Precipitation,66,0.0063033316095427614,0.007116945643387035,0.01115302823559894,0.5651677263241734,56.51677263241734,57,0.516772632417343,5,17,7,9
Cluster 3,Negative,Precipitation,66,0.0063033316095427614,0.007116945643387035,0.01115302823559894,0.5651677263241734,56.51677263241734,57,0.516772632417343,6,18,8,9
Cluster 3,Negative,Precipitation,66,0.0063033316095427614,0.007116945643387035,0.01115302823559894,0.5651677263241734,56.51677263241734,57,0.516772632417343,7,19,9,9
Cluster 3,Negative,Precipitation,66,0.0063033316095427614,0.007116945643387035,0.01115302823559894,0.5651677263241734,56.51677263241734,57,0.516772632417343,8,20,10,9
Cluster 3,Negative,Precipitation,66,0.0063033316095427614,0.007116945643387035,0.01115302823559894,0.5651677263241734,56.51677263241734,57,0.516772632417343,9,21,1,8
Cluster 3,Negative,Precipitation,66,0.0063033316095427614,0.007116945643387035,0.01115302823559894,0.5651677263241734,56.51677263241734,57,0.516772632417343,10,22,2,8
Cluster 3,Negative,Precipitation,66,0.0063033316095427614,0.007116945643387035,0.01115302823559894,0.5651677263241734,56.51677263241734,57,0.516772632417343,11,23,3,8
Cluster 3,Negative,Precipitation,66,0.0063033316095427614,0.007116945643387035,0.01115302823559894,0.5651677263241734,56.51677263241734,57,0.516772632417343,12,24,4,8
Cluster 3,Negative,Precipitation,66,0.0063033316095427614,0.007116945643387035,0.01115302823559894,0.5651677263241734,56.51677263241734,57,0.516772632417343,13,25,5,8
Cluster 3,Negative,Precipitation,66,0.0063033316095427614,0.007116945643387035,0.01115302823559894,0.5651677263241734,56.51677263241734,57,0.516772632417343,14,26,6,8
Cluster 3,Negative,Precipitation,66,0.0063033316095427614,0.007116945643387035,0.01115302823559894,0.5651677263241734,56.51677263241734,57,0.516772632417343,15,27,7,8
Cluster 3,Negative,Precipitation,66,0.0063033316095427614,0.007116945643387035,0.01115302823559894,0.5651677263241734,56.51677263241734,57,0.516772632417343,16,28,8,8
Cluster 3,Negative,Precipitation,66,0.0063033316095427614,0.007116945643387035,0.01115302823559894,0.5651677263241734,56.51677263241734,57,0.516772632417343,17,29,9,8
Cluster 3,Negative,Precipitation,66,0.0063033316095427614,0.007116945643387035,0.01115302823559894,0.5651677263241734,56.51677263241734,57,0.516772632417343,18,30,10,8
Cluster 3,Negative,Precipitation,66,0.0063033316095427614,0.007116945643387035,0.01115302823559894,0.5651677263241734,56.51677263241734,57,0.516772632417343,19,31,1,7
Cluster 3,Negative,Precipitation,66,0.0063033316095427614,0.007116945643387035,0.01115302823559894,0.5651677263241734,56.51677263241734,57,0.516772632417343,20,32,2,7
Cluster 3,Negative,Precipitation,66,0.0063033316095427614,0.007116945643387035,0.01115302823559894,0.5651677263241734,56.51677263241734,57,0.516772632417343,21,33,3,7
Cluster 3,Negative,Precipitation,66,0.0063033316095427614,0.007116945643387035,0.01115302823559894,0.5651677263241734,56.51677263241734,57,0.516772632417343,22,34,4,7
Cluster 3,Negative,Precipitation,66,0.0063033316095427614,0.007116945643387035,0.01115302823559894,0.5651677263241734,56.51677263241734,57,0.516772632417343,23,35,5,7
Cluster 3,Negative,Precipitation,66,0.0063033316095427614,0.007116945643387035,0.01115302823559894,0.5651677263241734,56.51677263241734,57,0.516772632417343,24,36,6,7
Cluster 3,Negative,Precipitation,66,0.0063033316095427614,0.007116945643387035,0.01115302823559894,0.5651677263241734,56.51677263241734,57,0.516772632417343,25,37,7,7
Cluster 3,Negative,Precipitation,66,0.0063033316095427614,0.007116945643387035,0.01115302823559894,0.5651677263241734,56.51677263241734,57,0.516772632417343,26,38,8,7
Cluster 3,Negative,Precipitation,66,0.0063033316095427614,0.007116945643387035,0.01115302823559894,0.5651677263241734,56.51677263241734,57,0.516772632417343,27,39,9,7
Cluster 3,Negative,Precipitation,66,0.0063033316095427614,0.007116945643387035,0.01115302823559894,0.5651677263241734,56.51677263241734,57,0.516772632417343,28,40,10,7
Cluster 3,Negative,Precipitation,66,0.0063033316095427614,0.007116945643387035,0.01115302823559894,0.5651677263241734,56.51677263241734,57,0.516772632417343,29,41,1,6
Cluster 3,Negative,Precipitation,66,0.0063033316095427614,0.007116945643387035,0.01115302823559894,0.5651677263241734,56.51677263241734,57,0.516772632417343,30,42,2,6
Cluster 3,Negative,Precipitation,66,0.0063033316095427614,0.007116945643387035,0.01115302823559894,0.5651677263241734,56.51677263241734,57,0.516772632417343,31,43,3,6
Cluster 3,Negative,Precipitation,66,0.0063033316095427614,0.007116945643387035,0.01115302823559894,0.5651677263241734,56.51677263241734,57,0.516772632417343,32,44,4,6
Cluster 3,Negative,Precipitation,66,0.0063033316095427614,0.007116945643387035,0.01115302823559894,0.5651677263241734,56.51677263241734,57,0.516772632417343,33,45,5,6
Cluster 3,Negative,Precipitation,66,0.0063033316095427614,0.007116945643387035,0.01115302823559894,0.5651677263241734,56.51677263241734,57,0.516772632417343,34,46,6,6
Cluster 3,Negative,Precipitation,66,0.0063033316095427614,0.007116945643387035,0.01115302823559894,0.5651677263241734,56.51677263241734,57,0.516772632417343,35,47,7,6
Cluster 3,Negative,Precipitation,66,0.0063033316095427614,0.007116945643387035,0.01115302823559894,0.5651677263241734,56.51677263241734,57,0.516772632417343,36,48,8,6
Cluster 3,Negative,Precipitation,66,0.0063033316095427614,0.007116945643387035,0.01115302823559894,0.5651677263241734,56.51677263241734,57,0.516772632417343,37,49,9,6
Cluster 3,Negative,Precipitation,66,0.0063033316095427614,0.007116945643387035,0.01115302823559894,0.5651677263241734,56.51677263241734,57,0.516772632417343,38,50,10,6
Cluster 3,Negative,Precipitation,66,0.0063033316095427614,0.007116945643387035,0.01115302823559894,0.5651677263241734,56.51677263241734,57,0.516772632417343,39,51,1,5
Cluster 3,Negative,Precipitation,66,0.0063033316095427614,0.007116945643387035,0.01115302823559894,0.5651677263241734,56.51677263241734,57,0.516772632417343,40,52,2,5
Cluster 3,Negative,Precipitation,66,0.0063033316095427614,0.007116945643387035,0.01115302823559894,0.5651677263241734,56.51677263241734,57,0.516772632417343,41,53,3,5
Cluster 3,Negative,Precipitation,66,0.0063033316095427614,0.007116945643387035,0.01115302823559894,0.5651677263241734,56.51677263241734,57,0.516772632417343,42,54,4,5
Cluster 3,Negative,Precipitation,66,0.0063033316095427614,0.007116945643387035,0.01115302823559894,0.5651677263241734,56.51677263241734,57,0.516772632417343,43,55,5,5
Cluster 3,Negative,Precipitation,66,0.0063033316095427614,0.007116945643387035,0.01115302823559894,0.5651677263241734,56.51677263241734,57,0.516772632417343,44,56,6,5
Cluster 3,Negative,Precipitation,66,0.0063033316095427614,0.007116945643387035,0.01115302823559894,0.5651677263241734,56.51677263241734,57,0.516772632417343,45,57,7,5
Cluster 3,Negative,Precipitation,66,0.0063033316095427614,0.007116945643387035,0.01115302823559894,0.5651677263241734,56.51677263241734,57,0.516772632417343,46,58,8,5
Cluster 3,Negative,Precipitation,66,0.0063033316095427614,0.007116945643387035,0.01115302823559894,0.5651677263241734,56.51677263241734,57,0.516772632417343,47,59,9,5
Cluster 3,Negative,Precipitation,66,0.0063033316095427614,0.007116945643387035,0.01115302823559894,0.5651677263241734,56.51677263241734,57,0.516772632417343,48,60,10,5
Cluster 3,Negative,Precipitation,66,0.0063033316095427614,0.007116945643387035,0.01115302823559894,0.5651677263241734,56.51677263241734,57,0.516772632417343,49,61,1,4
Cluster 3,Negative,Precipitation,66,0.0063033316095427614,0.007116945643387035,0.01115302823559894,0.5651677263241734,56.51677263241734,57,0.516772632417343,50,62,2,4
Cluster 3,Negative,Precipitation,66,0.0063033316095427614,0.007116945643387035,0.01115302823559894,0.5651677263241734,56.51677263241734,57,0.516772632417343,51,63,3,4
Cluster 3,Negative,Precipitation,66,0.0063033316095427614,0.007116945643387035,0.01115302823559894,0.5651677263241734,56.51677263241734,57,0.516772632417343,52,64,4,4
Cluster 3,Negative,Precipitation,66,0.0063033316095427614,0.007116945643387035,0.01115302823559894,0.5651677263241734,56.51677263241734,57,0.516772632417343,53,65,5,4
Cluster 3,Negative,Precipitation,66,0.0063033316095427614,0.007116945643387035,0.01115302823559894,0.5651677263241734,56.51677263241734,57,0.516772632417343,54,66,6,4
Cluster 3,Negative,Precipitation,66,0.0063033316095427614,0.007116945643387035,0.01115302823559894,0.5651677263241734,56.51677263241734,57,0.516772632417343,55,67,7,4
Cluster 3,Negative,Precipitation,66,0.0063033316095427614,0.007116945643387035,0.01115302823559894,0.5651677263241734,56.51677263241734,57,0.516772632417343,56,68,8,4
Cluster 3,Negative,Precipitation,66,0.0063033316095427614,0.007116945643387035,0.01115302823559894,0.5651677263241734,56.51677263241734,57,0.516772632417343,57,69,9,4
Cluster 3,Negative,Land-use heterogeneity,3,1.1368240542979285e-4,0.011469315407190407,0.01115302823559894,0.010192963115338861,1.019296311533886,1,0.019296311533886,1,70,10,4
Cluster 3,Negative,Urban (% coverage),33,7.875213637344734e-4,0.0016283711719906851,0.01115302823559894,0.0706105415586426,7.0610541558642606,7,0.06105415586426055,1,71,1,3
Cluster 3,Negative,Urban (% coverage),33,7.875213637344734e-4,0.0016283711719906851,0.01115302823559894,0.0706105415586426,7.0610541558642606,7,0.06105415586426055,2,72,2,3
Cluster 3,Negative,Urban (% coverage),33,7.875213637344734e-4,0.0016283711719906851,0.01115302823559894,0.0706105415586426,7.0610541558642606,7,0.06105415586426055,3,73,3,3
Cluster 3,Negative,Urban (% coverage),33,7.875213637344734e-4,0.0016283711719906851,0.01115302823559894,0.0706105415586426,7.0610541558642606,7,0.06105415586426055,4,74,4,3
Cluster 3,Negative,Urban (% coverage),33,7.875213637344734e-4,0.0016283711719906851,0.01115302823559894,0.0706105415586426,7.0610541558642606,7,0.06105415586426055,5,75,5,3
Cluster 3,Negative,Urban (% coverage),33,7.875213637344734e-4,0.0016283711719906851,0.01115302823559894,0.0706105415586426,7.0610541558642606,7,0.06105415586426055,6,76,6,3
Cluster 3,Negative,Urban (% coverage),33,7.875213637344734e-4,0.0016283711719906851,0.01115302823559894,0.0706105415586426,7.0610541558642606,7,0.06105415586426055,7,77,7,3
Cluster 3,Negative,Cropland (% coverage),31,0.00145925470859202,0.0015532779905754316,0.01115302823559894,0.13083932702100393,13.083932702100393,13,0.08393270210039283,1,78,8,3
Cluster 3,Negative,Cropland (% coverage),31,0.00145925470859202,0.0015532779905754316,0.01115302823559894,0.13083932702100393,13.083932702100393,13,0.08393270210039283,2,79,9,3
Cluster 3,Negative,Cropland (% coverage),31,0.00145925470859202,0.0015532779905754316,0.01115302823559894,0.13083932702100393,13.083932702100393,13,0.08393270210039283,3,80,10,3
Cluster 3,Negative,Cropland (% coverage),31,0.00145925470859202,0.0015532779905754316,0.01115302823559894,0.13083932702100393,13.083932702100393,13,0.08393270210039283,4,81,1,2
Cluster 3,Negative,Cropland (% coverage),31,0.00145925470859202,0.0015532779905754316,0.01115302823559894,0.13083932702100393,13.083932702100393,13,0.08393270210039283,5,82,2,2
Cluster 3,Negative,Cropland (% coverage),31,0.00145925470859202,0.0015532779905754316,0.01115302823559894,0.13083932702100393,13.083932702100393,13,0.08393270210039283,6,83,3,2
Cluster 3,Negative,Cropland (% coverage),31,0.00145925470859202,0.0015532779905754316,0.01115302823559894,0.13083932702100393,13.083932702100393,13,0.08393270210039283,7,84,4,2
Cluster 3,Negative,Cropland (% coverage),31,0.00145925470859202,0.0015532779905754316,0.01115302823559894,0.13083932702100393,13.083932702100393,13,0.08393270210039283,8,85,5,2
Cluster 3,Negative,Cropland (% coverage),31,0.00145925470859202,0.0015532779905754316,0.01115302823559894,0.13083932702100393,13.083932702100393,13,0.08393270210039283,9,86,6,2
Cluster 3,Negative,Cropland (% coverage),31,0.00145925470859202,0.0015532779905754316,0.01115302823559894,0.13083932702100393,13.083932702100393,13,0.08393270210039283,10,87,7,2
Cluster 3,Negative,Cropland (% coverage),31,0.00145925470859202,0.0015532779905754316,0.01115302823559894,0.13083932702100393,13.083932702100393,13,0.08393270210039283,11,88,8,2
Cluster 3,Negative,Cropland (% coverage),31,0.00145925470859202,0.0015532779905754316,0.01115302823559894,0.13083932702100393,13.083932702100393,13,0.08393270210039283,12,89,9,2
Cluster 3,Negative,Cropland (% coverage),31,0.00145925470859202,0.0015532779905754316,0.01115302823559894,0.13083932702100393,13.083932702100393,13,0.08393270210039283,13,90,10,2
Cluster 3,Negative,Pasture (% coverage),8,2.0588105319912584e-4,0.006999783615616857,0.01115302823559894,0.018459654978903547,1.8459654978903548,2,0.8459654978903548,1,91,1,1
Cluster 3,Negative,Pasture (% coverage),8,2.0588105319912584e-4,0.006999783615616857,0.01115302823559894,0.018459654978903547,1.8459654978903548,2,0.8459654978903548,2,92,2,1
Cluster 3,Negative,Forest (% coverage),24,7.851945316504445e-4,0.00196285859834425,0.01115302823559894,0.07040191372816676,7.040191372816676,7,0.040191372816676285,1,93,3,1
Cluster 3,Negative,Forest (% coverage),24,7.851945316504445e-4,0.00196285859834425,0.01115302823559894,0.07040191372816676,7.040191372816676,7,0.040191372816676285,2,94,4,1
Cluster 3,Negative,Forest (% coverage),24,7.851945316504445e-4,0.00196285859834425,0.01115302823559894,0.07040191372816676,7.040191372816676,7,0.040191372816676285,3,95,5,1
Cluster 3,Negative,Forest (% coverage),24,7.851945316504445e-4,0.00196285859834425,0.01115302823559894,0.07040191372816676,7.040191372816676,7,0.040191372816676285,4,96,6,1
Cluster 3,Negative,Forest (% coverage),24,7.851945316504445e-4,0.00196285859834425,0.01115302823559894,0.07040191372816676,7.040191372816676,7,0.040191372816676285,5,97,7,1
Cluster 3,Negative,Forest (% coverage),24,7.851945316504445e-4,0.00196285859834425,0.01115302823559894,0.07040191372816676,7.040191372816676,7,0.040191372816676285,6,98,8,1
Cluster 3,Negative,Forest (% coverage),24,7.851945316504445e-4,0.00196285859834425,0.01115302823559894,0.07040191372816676,7.040191372816676,7,0.040191372816676285,7,99,9,1
Cluster 3,Negative,Grass/Shrubland (% coverage),6,1.4738937003100927e-4,0.0021057093527280337,0.01115302823559894,0.013215188459808841,1.3215188459808842,1,0.3215188459808842,1,100,10,1
