PC1,PC2,PC3,PC4,PC5,PC6,PC7,PC8,PC9,PC10,PC11,PC12,PC13,PC14,PC15,PC16,bioregion,species,species_label,species_weight,is_reference_cluster
1.3054403339850829,1.002093862070866,-0.10921392100267101,-0.29270482745758414,0.3433671222739618,0.2450679771632106,-0.622741224252828,0.44866679737870613,-0.025020394513277953,0.010008755533684553,0.5538780909411696,-1.8473814710341956,-0.15601069758940245,-0.4437889629554663,-0.4322839061925481,-0.7288141007196035,Cluster 1,Acanthis_flammea,Acanthis flammea,0.0023354023802875487,FALSE
-0.691542890050743,0.30945715677500785,0.4995570588604309,0.10475400835620974,0.15078995168673595,-0.051845753782905055,-0.5208008810648722,0.24281492584641298,0.41955640704606456,-0.2658822894252297,-0.48103568783395884,-0.20369909400112374,-0.05993800038367253,0.28981989819928394,-0.07556916616863969,0.040123507912765734,Cluster 1,Accipiter_nisus,Accipiter nisus,0.00301385922280216,FALSE
-0.49342870005239803,1.207284629968309,0.18336895031017636,-0.3891690391997552,0.04351815046968013,-0.0696405884307001,-0.279691583517174,0.10020093506883873,0.10129227960864984,-0.006549028411550325,-0.04428229780236012,0.049529039332346696,-0.056607116171781297,-0.11942726957653216,-0.12599472168958442,0.07254788362782341,Cluster 1,Acrocephalus_arundinaceus,Acrocephalus arundinaceus,9.334302889293773e-4,FALSE
-0.4335833944834023,0.24221505853276998,0.1334820347225692,-0.7960323882791848,0.08701634151181133,-0.3620823192278363,0.4573423152672677,-0.35409339745435814,-0.06998539941470636,0.21555206238998853,0.2668386444669613,0.13534530326531294,-0.3830779927924956,-0.258414088061447,-0.15857441339170208,0.07971168238087153,Cluster 1,Acrocephalus_palustris,Acrocephalus palustris,0.0074771351106570315,FALSE
1.9395886325369096,-0.9752427083151073,2.5936651207024233,-1.3508302919161084,-1.174204435473442,-0.42764083892167293,2.8063820508930717,-1.805489405720647,-1.8096421519144856,-1.5319360505452377,0.4890245449194098,1.295178384529935,-1.3511447697258114,-0.7237958068794391,-0.09367698559488553,-0.30548687297189203,Cluster 1,Acrocephalus_schoenobaenus,Acrocephalus schoenobaenus,0.01494554512278632,FALSE
1.9661938186682173,-1.2202543092072222,2.9152379157712316,-1.5688687419903231,-1.2715675735303855,-0.47803501740468374,3.065736429644855,-1.9141070876441735,-1.9648992075843008,-1.3692097385029396,0.48112825333643094,1.315318822353836,-1.7873172627360088,-0.909197594644303,-0.1823342301857503,-0.21906748710144325,Cluster 1,Acrocephalus_scirpaceus,Acrocephalus scirpaceus,0.013983079558095394,FALSE
-0.4099715737819179,0.7234514013404784,0.5845397339989172,-0.2870444879964374,0.09372093777572492,-0.29644816869906815,-0.32058904270468724,0.39560127394450356,-0.19112457753086898,-0.15019465731017106,0.0016410631237147345,0.15416309808233755,0.07129309534993773,-0.12777965394518842,-0.09271652144504995,0.006045153155240627,Cluster 1,Aegithalos_caudatus,Aegithalos caudatus,0.0014911313589876596,FALSE
0.5938007076550628,0.8895381651715801,0.27888580615927977,-0.017884877866156074,0.1795946179770818,0.1589086963839691,-0.17238012616950082,0.10289880028887968,0.05611543031138551,-1.9426943317150522,1.1460824923391622,0.9248165932533756,0.963393141439696,-0.24298935163533575,0.37402292004374044,-0.29151453643909087,Cluster 1,Alauda_arvensis,Alauda arvensis,0.01864338622033882,FALSE
-0.4768380523758307,1.1238015126042746,0.19137627976986996,-0.23318123316714334,0.17318136333073259,0.2328880451599118,-0.13844038357459681,0.20574422358706226,0.19730627464259606,0.08602156133012497,-0.11597129140669062,0.08551409535234866,-0.025296155073764832,0.020297997536641545,-0.08549454090875054,0.06459406369997314,Cluster 1,Alcedo_atthis,Alcedo atthis,2.5815411716829115e-4,FALSE
1.4621595537577086,0.8472123242120924,-0.08955421946113405,-0.16724946070518978,-0.2059695484521212,-0.5570458321680561,-0.5064997570984855,0.3105889487483337,0.7029929670882521,0.06626103408716973,-0.05194432660862175,0.7382980082329713,-0.14934728305808265,-0.20325657165473998,0.08348440085936673,-0.028708305900536375,Cluster 1,Anarhynchus_alexandrinus,Anarhynchus alexandrinus,0.001086371064383856,FALSE
2.5832364413169113,0.7566598289521441,-0.0655597680127821,-0.33322674523189033,0.22689636430918816,0.4125073230126586,-0.09822348383843289,0.019041218288101944,-0.7476829322285983,-0.0949419636747007,0.5602828524715172,-3.2610938511164864,-0.028004234688263043,-0.2072830256919648,-1.1374672802659505,-0.7743344415041656,Cluster 1,Anas_acuta,Anas acuta,0.002130875601569759,FALSE
-0.32548046089062627,-0.027952081525601018,0.5607240348243581,0.13355571697807153,-1.55655206348951,1.219899444905187,-0.5598609125669657,-1.0178925599884991,0.3607889018174343,0.265581037426991,-0.4648311932917027,-0.12880758407100565,0.27352495366869223,0.8602413771253652,-0.03335203919550213,-0.1748401284677805,Cluster 1,Anas_crecca,Anas crecca,0.0042502482635385,FALSE
-0.859698424859527,-3.0529377302815446,1.7258605742496387,-0.6664472713313871,-2.546243739029676,2.7965695080997977,-0.7753444815233251,-1.1226789686405685,1.6044964170317741,0.7730072619206257,1.1822926504004956,-0.059270802541366414,-1.1309015737420283,1.1899541562274805,0.09780065153979067,0.29050771704578854,Cluster 1,Anas_platyrhynchos,Anas platyrhynchos,0.015472933187999433,FALSE
-0.3039226389643586,0.9959222527638205,0.4032493499890614,-0.4619761795052414,0.02865096975091188,-0.0505486458303676,-0.1307599054526399,0.0672902141605498,0.018331207640524243,-0.25215965742861274,0.19733923358054678,0.22294761442642816,-0.1599491301951655,-0.2855908719784147,-0.09099794914115784,0.07652451286409548,Cluster 1,Anser_anser,Anser anser,0.0026719956182861444,FALSE
7.891257291113819,-0.2539703858374891,0.26835524342800393,-0.5300419810841304,-2.884146979438033,-1.7377255798080526,3.6628051244181443,-3.6344056388739427,-2.7321873965473285,1.5043077898593045,-3.644264467545167,-3.4160673454683512,-0.49811396114249956,1.7739159862404668,1.7162423118498396,-1.4838738757467718,Cluster 1,Anthus_pratensis,Anthus pratensis,0.015167645305753617,FALSE
-1.091621817596818,-1.1705127488802212,-0.23126722590796703,1.8646684016658432,-0.6897422338329015,0.7102990580917371,-1.6510974718156473,-0.7803714284916873,-0.10307822020404891,-0.26211572341340117,-0.3953271860781954,-0.15575540360325685,-0.7356374819144451,0.18799637810954434,-0.05508093372685298,0.17355217388103714,Cluster 1,Anthus_trivialis,Anthus trivialis,0.007789390770885403,FALSE
-0.8166393495440947,0.04455911912201608,-1.766469878756202,-1.467015983037458,-0.7641433851178321,0.16813306149034563,0.41410260656664594,1.2661199080691157,-0.17385479543073512,-0.5784863769616967,-0.4730601515271157,0.0018834262862627512,-0.1012637817658818,-0.07730606101763371,-0.09300926541615752,0.020867687191989788,Cluster 1,Apus_apus,Apus apus,0.0029322175957543365,FALSE
-0.2573235959922881,1.1753189564858288,0.1761160695959634,-0.34606896869856724,-0.040914885783728795,-0.08596286406601171,-0.10695848044524804,-0.07425424370936841,-0.05679617572474718,-0.11091546894678946,-0.1319476151298785,-0.055203338534946834,0.05469182723579902,0.02142247780076804,-0.17389100754575504,0.0024368258789759546,Cluster 1,Ardea_cinerea,Ardea cinerea,0.0012282193797038031,FALSE
-0.47676173948286543,0.9084765729758045,0.3995651445240574,-0.37072134200255974,-0.1158270446542316,0.20406649389342796,-0.22796378886702412,-0.039484269330106764,0.5215069454414624,-0.11194519327773345,-0.2947837031166077,-0.11290190770338798,0.022468086600078728,0.2540195739344329,-0.08443076894672745,0.0196380928617716,Cluster 1,Asio_flammeus,Asio flammeus,9.887797728754392e-4,FALSE
-0.6027996710632344,0.8212686323469287,-0.05241202655764715,-0.01000799620494349,-0.23522232822636027,0.1457023081427499,-0.6009915880243253,-0.20439689808335135,-0.0764029484690393,0.17962604708339291,0.034173540570980834,0.0976204591357254,0.04733359978759259,-0.29126280078824607,-0.131851674883303,0.07109746632090833,Cluster 1,Asio_otus,Asio otus,0.004101892639858175,FALSE
-0.522413916874692,1.197708043563032,0.13096090242771824,0.13563783228908,0.012752537624181652,0.009847837224953932,0.11407422634114149,0.30287865421336635,0.1406516114615605,0.09087254896940551,-0.04451332534205399,0.021669090367151055,-0.059920976038779106,-0.0964008914733155,-0.10944397284661238,0.07051940366178519,Cluster 1,Astur_gentilis,Astur gentilis,4.2834075347159185e-4,FALSE
-0.5086624275915302,0.909817447334706,-0.033334173210345486,-0.3602267061885396,0.14260786091096286,-0.18930904044236171,-0.08122929806199893,-0.1941932140683657,0.1412701060546169,0.07139406297800359,-0.14628028055540418,0.00923407625801056,0.14757682460917004,-0.24968946658835844,-0.14057808856336332,0.01992521602908915,Cluster 1,Athene_noctua,Athene noctua,0.0031397720340015528,FALSE
-0.4705133907452777,0.44628802847156124,0.6005288407353693,-0.4439428299738498,-0.020824067082833877,0.3607908375459757,-0.16763306575740372,-0.11791578466444193,0.8415882388986388,-0.2662832284479498,-0.1304028061572281,-0.06543272379702415,0.03977031969246989,-0.03326411498896579,-0.06169139508616946,0.06941888013306433,Cluster 1,Aythya_ferina,Aythya ferina,0.00300114416256042,FALSE
-0.65070318912741,0.03862739751992049,0.7266815371274107,-0.300587664436483,-0.7686443208049606,1.0781236257421785,-0.6468299588288483,-0.2567107349804176,1.0434687925258361,0.0866246093337444,-0.03366767139132271,-0.17126084672229813,-0.03600774226285562,0.5121992647105225,-0.018876344074545578,0.08209619027529155,Cluster 1,Aythya_fuligula,Aythya fuligula,0.002514088821235645,FALSE
0.026263015086817405,1.1849505990578022,0.13157350380509703,-0.35452476418341516,-0.1082549408817804,-0.058253811841565764,0.05354374307285312,-0.24129750473751377,-0.2645157800657247,-0.040062063077674695,-0.2626036364558433,-0.48625646144628987,0.14242277742816725,0.1784710095440711,-0.39602680902894233,0.0030056888884641454,Cluster 1,Botaurus_stellaris,Botaurus stellaris,9.366890088298007e-4,FALSE
-0.8763360069056494,-0.510870009395936,-0.1469647998045345,2.1322361524206515,-0.04214628416211028,0.42171507035500044,-0.033898944686647246,0.03830432454326361,0.35369783651210646,-0.3045488282993536,-0.23354672290024545,-0.11864289907421458,-0.3885799011920637,-0.1427034354079906,-0.011102949653965659,0.1393308974689849,Cluster 1,Buteo_buteo,Buteo buteo,0.004010574449930821,FALSE
6.974920286741022,-0.4600992064372369,0.3550727018572339,-0.2783647848208131,-0.9088282317711128,-0.4860694021114382,1.345229366800824,-1.1029659479935077,-1.4969541575062761,-0.9104471683363727,0.23382859563516117,-2.759139056964833,0.4258795478570076,0.022045458109392856,1.4501770436405166,1.2736821587914207,Cluster 1,Calidris_alpina,Calidris alpina,0.004664453671037372,FALSE
3.3991875488467307,-0.8434814807847993,0.48541394046524533,0.33922208417361754,-3.5232888806966622,1.4642607010659325,1.2483702787765445,-3.5111574133985783,-2.08185221552485,0.9168777911189636,-1.604371347358178,-2.736359363522836,0.6359689290653365,2.030948251736415,-0.87655691811755,-1.780764584551923,Cluster 1,Calidris_pugnax,Calidris pugnax,0.004377582734221331,FALSE
-0.6123843444051146,0.9737373493442716,0.04482120463923236,0.6009775692263919,-0.27495779206667564,0.24043409962365192,-0.10258517423774731,0.2916772834994297,-0.05495958120940667,0.20587922846751938,0.10179987233103598,0.07700945469960233,-0.18867997232589256,-0.089664477147207,-0.09508834961920766,0.10333274058513522,Cluster 1,Caprimulgus_europaeus,Caprimulgus europaeus,0.0010030242670609093,FALSE
-0.5842156237097735,0.6896837521594091,-0.24558471162079215,-0.3192751609950685,0.2526608937060783,-0.2821807796019694,-0.03127347646482776,-0.2673129254852041,0.18188194341535222,0.10182522215091024,-0.10166513463977274,-0.020087967397633945,0.194151721820329,-0.21817767997425822,-0.12471181823039922,0.007471106987707508,Cluster 1,Carduelis_carduelis,Carduelis carduelis,0.007535151909351344,FALSE
-0.484163462983408,1.2218311109173687,0.15863185016438933,-0.3701211103988427,0.048477319007308194,-0.0786920021087892,-0.3103055460800811,0.12253376906347872,0.11287031709117712,0.00662773184076396,-0.061159159562142185,0.03427896164560792,-0.01902433189793159,-0.10192119047835654,-0.1076238676100623,0.03440389868349345,Cluster 1,Carpodacus_erythrinus,Carpodacus erythrinus,6.290657536205284e-5,FALSE
-0.4652027425745609,1.2453243956353928,0.15462788538012773,-0.24587186119924503,0.006288669105821523,-0.03704482270525081,-0.13437994123030558,0.13690499232937178,0.10853235791288657,0.016622925643418204,-0.051654949024033225,0.04880447199281237,0.014853022824583747,-0.07996876561451122,-0.11241095341362177,0.04592922378870135,Cluster 1,Certhia_brachydactyla,Certhia brachydactyla,1.1502866367852801e-4,FALSE
-0.5733882386156667,0.9017654284752753,0.27004042223380165,-0.20024553030001235,0.125682240730864,-0.29037348710979827,-0.41250890245138455,0.34820742602340266,-0.0806244645613736,-0.007237547837413946,-0.14027129694586188,0.00991310549723961,0.044636620330975894,0.0659716702212539,-0.10626833177825905,0.019441712323507172,Cluster 1,Certhia_familiaris,Certhia familiaris,0.0016066909125725488,FALSE
-0.5140354762519731,1.041276309867126,0.049546718412669756,-0.3230879811634965,0.006381386681004472,-0.052418023847471434,-0.3341274810430339,0.04459593839876596,0.06689017171859961,0.028285717911080824,0.06385661090460233,0.08090868035175935,0.07120695334403974,-0.09892774274138118,-0.09747781973829352,0.041694383461346,Cluster 1,Charadrius_dubius,Charadrius dubius,8.995196995815497e-4,FALSE
50.940026437638714,-7.2980311896902315,-7.8680836214734615,4.437108334508697,-5.9104946063172275,-11.970938394716683,-6.944921411227729,5.9296641128856065,14.384182479220218,7.358272970379311,-2.28997273189401,8.178056073104571,-5.356977937336683,-2.805965015654396,5.457905535136036,-4.5812273456020876,Cluster 1,Charadrius_hiaticula,Charadrius hiaticula,0.01072578408732167,FALSE
-0.443397399277395,1.253076663814559,0.1563295531692559,-0.20468613124991125,-0.03755620206017395,-0.040847732312787044,-0.033973459663830786,0.10754518451618758,0.08007545084644314,0.058264188387260815,-0.10634238251420115,0.03394644097071977,0.021986948959203743,-0.0419577392574192,-0.11894087421319975,0.0282856776710328,Cluster 1,Chlidonias_niger,Chlidonias niger,8.283345125200223e-4,FALSE
-0.4743816985279885,-0.16084059258930253,-0.3199526718325317,-0.5300115148767369,0.15418359214791663,-0.6453493023338619,0.6255246086568357,-0.5218008976289892,-0.2401468583837295,0.12435944808331204,0.18806361978432215,0.038655343191968804,-0.47154257522313114,0.3417932266906905,-0.08683726799582152,-0.029077955267608056,Cluster 1,Chloris_chloris,Chloris chloris,0.013512967546352431,FALSE
1.9398713736059703,-1.366527990288443,1.6301317368500785,-0.6921537462619016,-0.43153282035051765,2.7003097847754467,-1.054881402592216,0.3790516422227363,3.8982357196351956,0.0016634936226717111,-0.41855204171401134,-4.009127504628335,-0.3244881550977178,1.2481326684350436,-0.04763610601019129,-1.6285409420117067,Cluster 1,Chroicocephalus_ridibundus,Chroicocephalus ridibundus,0.009916817417125802,FALSE
-0.5014577489066853,1.2337416155716239,0.15080244844465018,-0.3687645660195848,0.049141058199421155,-0.06940975116690955,-0.3031613158070854,0.10835762129081591,0.11263690246683819,-0.006972089211043633,-0.059173439203946104,0.03973852356465867,-0.014069366853769905,-0.09380255997502292,-0.12081468111775105,0.06317389401328935,Cluster 1,Cinclus_cinclus,Cinclus cinclus,4.004345380421665e-5,FALSE
1.1596784834438156,0.9971964722282652,0.15962450212205143,-0.21213519339651055,-0.34968618984625144,-0.006671396798483227,0.6847221141030164,-0.8201019851804572,-0.8574982014182103,-0.7381839812999068,-0.23572795298006607,-0.8674554734751941,0.7176310775118273,0.5755036435970374,-0.5833031441847233,-0.25133881064084834,Cluster 1,Circus_aeruginosus,Circus aeruginosus,0.002215352653604485,FALSE
0.39592539931391685,1.2457401291205203,0.15994882343092826,0.49367758818478147,-0.5313079750548116,0.08795689063467645,1.4109993696307643,-0.2506224218287448,-0.4924044438872247,0.26960010316023225,-0.5041790390888172,-0.642460887178839,0.334222883867173,0.4687688617200555,-0.4510866766305329,-0.16066433218735632,Cluster 1,Circus_pygargus,Circus pygargus,8.19174192284941e-4,FALSE
-0.5465724279689594,1.0887563485386615,0.03261364688055126,-0.33725840071409463,0.104480492728262,-0.1344979272745691,-0.27561459156417095,0.09639561804503877,0.10679363741231285,-0.011095006040741448,-0.0045041280271658456,0.026348638747341273,-0.06563832316983964,-0.0062937593876398025,-0.10404246295419693,0.06202538275663017,Cluster 1,Coccothraustes_coccothraustes,Coccothraustes coccothraustes,0.001008298789964888,FALSE
-1.260763112030249,-2.125774075181783,-0.7325236445153889,-0.8000179273448492,0.9978070143109167,-1.7079488359990396,0.3214924758802316,0.582290100860955,-0.3005739933316714,1.1158930046722273,0.8262911165832538,-0.06792710374804409,1.1759908595374418,0.5188619331227006,0.04588494189752197,-0.27928436748277596,Cluster 1,Coloeus_monedula,Coloeus monedula,0.010449021735248495,FALSE
-0.4976049166675624,1.23104077596289,0.15199662416038962,-0.36806569759562036,0.04610925669413301,-0.07017562402351989,-0.29590723310015915,0.10047621690184985,0.10884341317110971,-0.009579873738030006,-0.06243486905920692,0.040047405783851596,-0.021365780843632488,-0.09229160356130627,-0.12141214357029813,0.06286377696334242,Cluster 1,Columba_oenas,Columba oenas,8.648969456191062e-5,FALSE
-1.0345856907893936,-1.0084942145332096,-0.647973307477569,0.9051347660498422,1.032307851241855,-0.9077729020858961,-0.14398134532100504,-0.5182706799119897,-0.008631636805988472,-0.5025818657708906,-0.4082384203596471,-0.1949162142592381,-0.8535781454152578,-0.4524895207280239,-0.14884096328632307,0.20546949572709902,Cluster 1,Columba_palumbus,Columba palumbus,0.016257677119363902,FALSE
-0.46084688442423577,1.3052037175254558,0.16279835156637013,0.4643982873965255,-0.09912751235946486,0.18758432415319556,0.636015905493042,0.5279056326736107,0.23245446415792384,0.2630925221203954,0.1193871572281635,0.07146402904112553,0.09436605036335032,-0.1721795545016961,-0.08297643381201501,0.051035883201504685,Cluster 1,Corvus_corax,Corvus corax,3.179764569998968e-4,FALSE
-0.928701841800526,-0.669002597104855,-0.2990504089421315,0.35338529918059913,-0.7005211507604361,0.8441410256578193,-0.9167308188583764,-0.882280591788664,0.5095538656449761,0.49113242064512724,0.17023024058644964,-0.05510042356281467,0.3273170056006717,-0.15378113534970358,-0.060491797986190546,0.05496883459307023,Cluster 1,Corvus_cornix,Corvus cornix,0.012787903832372102,FALSE
0.6606665239596667,1.278305569734693,0.1704265300763004,1.7049730180869733,-1.378701652322716,0.4352855524583471,3.0184243330309988,-0.32334120678827577,-0.7883830126071789,0.8791450717133271,-0.7079800706568127,-0.46877016445195135,0.6166737661581865,0.7529603146038057,-0.35724557248062677,-0.4157439516639404,Cluster 1,Corvus_corone,Corvus corone,0.0015418912470622117,FALSE
-0.11666731765119985,-0.36005552444750505,0.8512845901296454,-0.5702407342918092,0.17357812845218512,-1.1312648668183714,-0.3922901848791195,0.9949713350036723,-0.39525592301372137,0.8605533483513875,-0.23776822307057485,0.0774101542980109,0.9857707113872897,-0.19575753077184874,0.5081694508236915,0.7130721639187718,Cluster 1,Corvus_frugilegus,Corvus frugilegus,0.0025232370410661056,FALSE
-0.5047003789549473,1.2084343283863623,0.17180741398088,-0.3732552151937046,0.03883318651028402,-0.038798288501066924,-0.30391195003996546,0.1018728457095183,0.1593829014286933,-0.015178728089104134,-0.07006138722928287,0.026996654059728724,-0.012893324186689911,-0.07081695974066748,-0.1172994803270943,0.06353487137942768,Cluster 1,Coturnix_coturnix,Coturnix coturnix,4.949953779058508e-4,FALSE
-0.4587478411956589,1.1936955466270054,0.13869923667301937,-0.3465373890907345,0.0712439908108221,-0.06460871753990462,-0.2888231646465616,0.08408263395909417,0.12288617545091551,-0.0896124411228392,-0.012533536859450035,0.0763072918553056,0.04612750976707149,-0.13177973639614074,-0.10136756865501272,0.04758992135522911,Cluster 1,Crex_crex,Crex crex,0.0012103116391909412,FALSE
-0.3952412413720288,0.050594544164528424,-0.38978307446362426,0.9367255083374993,-2.8782117773868725,1.6199668603319417,-1.728542826728316,-1.5912480626813148,-1.6393316401013731,1.3621556100727301,0.6463441970047816,0.5929515853202982,0.3962986191549246,-0.045272867447347716,-0.11693029959764602,-0.1521859540717734,Cluster 1,Cuculus_canorus,Cuculus canorus,0.016274711637647085,FALSE
-0.02212936651910233,0.6372995998294712,0.8752791980676095,-0.7641157954850849,-0.3664922369665871,-0.23867371932996795,0.6333188240403711,-0.4903105998538994,-0.47070213368868175,0.015412739024142627,-0.2003586721167778,0.20233091403481343,-0.6826720317828795,-0.24975511793381572,-0.23965359080466508,0.03924258121241301,Cluster 1,Curruca_communis,Curruca communis,0.016952702284314624,FALSE
-0.7316809821403231,0.5156641819599505,-0.6328730697089742,-0.6584578579410745,0.22380096006961966,-0.41828555600299067,0.010531867982062931,0.19382083648478485,0.08347424620089067,0.205587624410067,0.6812696667430804,0.02769957356759222,-0.2327563438456257,0.7882450608016452,0.03817411338437986,0.012229898046810439,Cluster 1,Curruca_curruca,Curruca curruca,0.014662416404398878,FALSE
-0.8904534136095137,-0.0401544495615297,-0.9311530407065346,-0.3189429680670526,0.5247737673351294,-0.6242786751760471,0.043038201628042415,-0.04565130331917816,0.14054754483021836,0.12735785282026238,0.5285953548474144,-0.055716018966351484,-0.23836914034982315,0.5754083005369286,0.023040000734967165,0.02709628686265942,Cluster 1,Cyanistes_caeruleus,Cyanistes caeruleus,0.013696407833878729,FALSE
3.81605356050787,-0.24597077559826072,1.172018682978833,0.2777593017473122,-0.9477354759353338,-0.051996122974020204,2.377938597845703,-1.9747156875663374,-1.5811120352402666,-5.082381526948662,1.5768107035849224,2.3801567830142174,2.453004562952349,0.5379929833030855,1.0299862104188853,-1.5420791084441061,Cluster 1,Cygnus_olor,Cygnus olor,0.012146216426922436,FALSE
-1.4383625619282105,-2.3632530496986486,-3.509924197992626,-2.5571647956076187,-1.6546459209250561,1.1579458670114902,1.0858968806570402,2.3185542486165067,0.8544919704301288,-1.4933752136102412,-1.5507264852639944,-0.42810467550824777,0.09717331185748872,-0.2580159621926127,-0.055989848359027025,0.03947714484733717,Cluster 1,Delichon_urbicum,Delichon urbicum,0.011804177211312612,FALSE
-0.7035487086957373,-0.14095767145509908,-0.46033512412093897,0.8823628442308363,0.7252101525691793,-0.6083126090457311,-0.4328124392549565,-0.12248905912001767,-0.057923404870382535,-0.8892564104531397,-0.21775247091718716,-0.026734966573428755,-0.511110833215195,0.04688896242215428,-0.0017739840805708596,0.0717734416375562,Cluster 1,Dendrocopos_major,Dendrocopos major,0.006315799654156445,FALSE
-0.4992581782793928,1.2341806684695023,0.1493382633401502,-0.368323910531518,0.049122701945354334,-0.06923803914484793,-0.3037154677271907,0.10799067799763867,0.11411294791120155,-0.006496714511393891,-0.059163005243141165,0.03891817798631216,-0.016673708340728025,-0.09475998075542891,-0.11910327280894002,0.06008894236242216,Cluster 1,Dryobates_minor,Dryobates minor,9.490512947390793e-6,FALSE
-0.4942987261554155,1.150752178420641,0.22816852186129447,-0.28472779982892454,0.04951106999908921,-0.1200552052023991,-0.2820480033390733,0.25120551707812355,0.0688634544220824,0.06163047176910745,-0.0772634747130051,0.027709692673893026,0.05338806760052488,-0.08710791962208354,-0.10013373618038328,0.006265147581365402,Cluster 1,Dryocopus_martius,Dryocopus martius,9.461769467034346e-5,FALSE
-0.014078857311731226,-1.805347016694217,-0.6712622131725857,0.06659323674689936,0.11198074768874365,-0.7395337717043456,2.1138458666182336,-3.3187599631171576,0.5086934591892536,0.2641066946399965,-2.183357313528589,-0.5469969212671151,1.6011089460825805,-0.5646908109244931,-0.2980012415296616,-0.6359032114261963,Cluster 1,Emberiza_calandra,Emberiza calandra,0.015535272499912564,FALSE
-0.4432971989922173,-1.8039058661970877,0.5083711275998989,0.16353151865989707,0.6720760198678228,0.5331437761505239,0.2209257615848693,-1.1843871871550122,1.9892419732016606,-1.118461377769918,-0.3050265438355548,-0.10056139344269935,0.8298034219822507,-1.083153353273273,0.05002006257756332,-0.008246627827268479,Cluster 1,Emberiza_citrinella,Emberiza citrinella,0.017950454117937425,FALSE
0.6387562398816723,0.1087461325050601,1.5132415819828886,-1.0874611404769017,-0.959268336408413,-0.4890287314203758,1.8059997960191565,-1.3773423088174885,-1.2231167439683845,0.028867387536867087,-0.6580405957924607,0.3137900963404368,-1.140377647137767,-0.10560503475219456,-0.35204376481223604,-0.13910279330844774,Cluster 1,Emberiza_schoeniclus,Emberiza schoeniclus,0.017333253786636093,FALSE
-0.9256554126421809,-0.1641140355559502,-0.6358814167812952,0.640808813241818,0.7029651215318024,-0.6880157487651524,-0.35352590708596915,-0.10612797412889674,-0.024764473420113457,-0.43258412966372667,-0.2232744006148518,-0.1696720734217808,-0.6495407754004814,0.23529951108766392,-0.05716833320387675,0.11498833407681305,Cluster 1,Erithacus_rubecula,Erithacus rubecula,0.012989018090267338,FALSE
-0.6574285968586874,0.0639553862488136,-0.48565063414086185,0.7204699815543011,-2.0269694418242157,1.2052889732457372,-1.6349310248082753,-0.9600091406652026,-1.153674210739001,1.0455341471542743,0.8315949831529923,0.4715085565412376,0.08070705295694874,0.019393557458108824,-0.0703560284868917,-0.00728432896647457,Cluster 1,Falco_tinnunculus,Falco tinnunculus,0.007589262358705062,FALSE
-0.5494999374077749,-0.40197050253438077,1.4740163489335616,-0.6720873551315869,0.08861739836329856,-0.896478023041941,-0.17473629604925062,1.0598917428605106,-0.8230441666104327,0.4361495139980929,0.08377303157688057,0.18531293359890788,0.07082552427331065,-0.09640559116269463,-0.17397365525077818,-0.030030591999404714,Cluster 1,Ficedula_hypoleuca,Ficedula hypoleuca,0.0035486041415831266,FALSE
-1.8592882957442356,-3.4302453797801618,-3.4399841321648403,0.06739114802076086,2.1486452466573374,-1.8469474278832292,1.0106337219389077,-1.4921122307028274,0.8274635879516472,0.6836698910120017,0.9657416846195174,-0.38277339522394593,0.507527609102151,-0.16355571826976475,0.07733115634901432,-0.04338580522419954,Cluster 1,Fringilla_coelebs,Fringilla coelebs,0.01712325344684533,FALSE
-0.21818693448654033,-2.6009371415358054,1.1960268194791526,-0.14085914594745758,-1.2036317540799752,1.3847159037753565,-0.16752787649582818,-1.4969710851436928,0.32977258923917824,-0.17061093139245348,1.2867585602582505,0.6827211515899335,-0.5463212264517971,-1.321363774066712,-0.02347749742071428,0.22931401767267887,Cluster 1,Fulica_atra,Fulica atra,0.014864420230755996,FALSE
-0.38956454264915313,-3.05098834126339,0.6201927718514936,1.2756812648270417,-3.787922201631262,3.8082046087753767,-1.961410257442895,-2.911715489725533,0.9659605308989129,0.7492432189229046,0.518893078399001,0.2647332946203008,1.4915753415195838,0.24048513232018315,0.18942788118265802,-0.29881627301550423,Cluster 1,Gallinago_gallinago,Gallinago gallinago,0.012799104632518942,FALSE
-0.743102495331765,-1.0153465816075937,0.7253463299942566,-0.6954676456103936,0.19054431222669713,0.4177202548934055,0.32407470484418477,-0.6810348281301773,1.4897913174452144,0.0103160574688342,-0.19122923618729556,-0.2691974341311542,-0.15640519598004382,-0.4416598726213872,-0.14091002389950227,0.18536373786463403,Cluster 1,Gallinula_chloropus,Gallinula chloropus,0.01392532649618762,FALSE
-0.731236339407922,0.2072534727157915,0.3719909830006745,0.2367129363217313,0.4071033513664192,-0.652502257660599,-0.5586333447863281,0.45041494730274917,-0.2538123576212756,-0.03164784717659954,-0.48463136953068636,-0.07878640917568229,0.2841196961421875,-0.13250676391845465,-0.13691622016646326,-0.029539403426700105,Cluster 1,Garrulus_glandarius,Garrulus glandarius,0.005939058120026265,FALSE
59.119981657284036,-9.880511813356907,-7.331125624443843,4.368438124214852,0.7522248092636515,-1.9058989790148446,-1.1200662356695557,1.8334252309130306,3.679385913050821,0.418189300515835,-0.43969716616979376,3.934838701731221,1.9980098732476765,3.5542612476567426,-11.414630794575233,0.8530254216932968,Cluster 1,Haematopus_ostralegus,Haematopus ostralegus,0.012790059696106644,FALSE
-0.5041645169475802,0.5632604999943351,-0.3218253847923723,-0.3360153295513745,0.2287491241835173,-0.34867068442661264,0.19458843418640345,-0.5658866208012415,0.15823020932178192,0.1697058157281061,-0.27642665884276435,-0.04342837957927113,0.4040572970100568,-0.3079711591237184,-0.14888586368481127,-0.06674011834894189,Cluster 1,Hippolais_icterina,Hippolais icterina,0.014793710245422483,FALSE
-1.0037837789414579,-0.9195224049052347,-0.2105011171383208,-0.029210286668702918,0.5451765599307229,0.14907539612646015,-0.04710138155682826,-0.677937486060708,1.53478224513893,-0.10407184267081686,-0.4475354247233831,-0.45861942972984665,0.3479283725736525,-0.05056417207932632,-0.05061662928593354,0.053963489776049985,Cluster 1,Hirundo_rustica,Hirundo rustica,0.0174220283151542,FALSE
-0.35643593179444333,1.1308547716298876,0.08731525909368133,-0.21179555732561933,0.08763033018917497,-0.14637486594762586,-0.41147606813671767,0.16990632744588643,0.14521214353291206,-0.004809471297378706,-0.12492004237656539,-0.04442189381649723,-0.2376106172247411,-0.11230588997658762,0.019917247077718653,-0.19550001423585103,Cluster 1,Jynx_torquilla,Jynx torquilla,7.961880147610486e-4,FALSE
0.2221246050988386,0.1792240807709069,0.6374135134058776,0.03946990721424052,-0.14051416602010752,0.1473009279565112,-0.5798018347153719,0.280801041892126,-0.7216344713996655,-0.48674211702401404,0.6809302654989943,-0.26439585071635135,0.1579506185378682,-0.2870519221488384,-0.38693589343107093,0.11237021996695343,Cluster 1,Lanius_collurio,Lanius collurio,0.0029914581811479337,FALSE
-0.49963802231235915,1.2368388989557755,0.1457251097037797,-0.20389614054992616,-0.007752829178172268,-0.009847182843842277,-0.15392280522065827,0.16480768337164142,0.11295626852467644,0.06011784787091794,-0.03179904451539342,0.04418094335457306,-0.0076541022006568074,-0.09817026821882908,-0.11676994871472059,0.06160834120478093,Cluster 1,Lanius_excubitor,Lanius excubitor,1.9034231479081557e-4,FALSE
5.831343089363404,0.3561631419253413,-0.7679563176639259,0.09716509663348223,0.3148776260334488,-0.18852381306540852,-1.490954992078991,1.2416297158045737,0.7559063621462048,0.1278714959101535,1.1781960963947506,-2.9293425620833546,-0.4174556034144317,-1.3343474622658944,2.382608037236146,-1.44252912263614,Cluster 1,Larus_argentatus,Larus argentatus,0.003713260683965158,FALSE
9.403324437128045,-0.15673998417314663,-1.2791052142228112,0.3961688005002112,0.30380651470431325,-0.5049346029862125,-2.137442407728661,1.8371596042214602,1.2796533212669388,0.18447448381893763,1.6792926890646347,-3.8849358672795358,-0.5023605018069518,-1.9618455977264726,4.4977337032174844,-1.4990750293466353,Cluster 1,Larus_canus,Larus canus,0.0057081021488633995,FALSE
-0.24077139815566592,1.186450193967511,0.12437390234132588,-0.3596935233805475,0.05493801513779001,-0.09190899237509348,-0.35845881051058265,0.16967675796237486,0.1355096269744169,0.04887855790466082,-0.03413486511487854,-0.10078184102127664,-0.04881567556443578,-0.14847718946563257,-0.009150709053665397,0.013859981641088056,Cluster 1,Larus_fuscus,Larus fuscus,2.0938932185130452e-4,FALSE
-0.06496568493942918,1.183977610405262,0.07172055708245449,-0.34787505466812124,0.059910801922414554,-0.09342277688932063,-0.4014536261843377,0.19413796986549442,0.174470357023193,0.09290911285450819,-0.022851268415657742,-0.21021931848003217,-0.09695704885896088,-0.18575345051487366,0.06758042494885969,-0.05072965174952529,Cluster 1,Larus_marinus,Larus marinus,3.1087663546546353e-4,FALSE
4.666556424836811,0.1534732194598732,-0.27350051745952375,0.48263287110224606,-2.8931035410062846,0.11118341815960983,2.063254495535698,-3.5518861324805595,-3.30356777319224,0.054731778196252814,-1.73568519236186,-2.45249290367466,1.80161953196585,2.216728257564124,-0.3698786524506243,0.5949698615635194,Cluster 1,Limosa_limosa,Limosa limosa,0.0031110577903325463,FALSE
-0.2996579467399942,0.4968509891781244,-0.16610619244074523,-0.8610635710394647,-0.175405956183728,-0.4463849902456393,0.605459760260065,-0.32958428664146727,-0.27743399282829795,0.23789209195837796,0.2819553603485675,0.08993037754172456,-0.2672284405425219,0.7006563083001291,-0.0509785865933796,-0.10775759341563984,Cluster 1,Linaria_cannabina,Linaria cannabina,0.016889568469112024,FALSE
-0.45215067160219824,1.2326666784606948,0.15154111335315149,-0.36569980606885594,0.0026473217777209864,-0.08815194106787806,-0.22965734658631454,0.03207598094067948,0.06501198766082698,-0.009449330136931102,-0.12438365563576932,0.034314121642697974,0.005445064782205716,-0.03990888194680348,-0.1228785817980124,0.03301265143112942,Cluster 1,Locustella_luscinioides,Locustella luscinioides,6.449167764368976e-4,FALSE
-0.4808906897977247,1.278789424691006,0.12727937121213717,0.20000625067469247,-0.09055278971048285,0.09125255765471126,0.4325008804600298,0.38924416431834113,0.17183138718694072,0.2561690340815855,0.050567840777021596,0.03909081430978833,0.0384805558007353,-0.06131680678311063,-0.09839158971515523,0.044219682127809364,Cluster 1,Locustella_naevia,Locustella naevia,0.0028009841092177987,FALSE
-0.17220382340073762,0.9997244903617405,0.151863088033392,-0.0347632489741498,0.050940444022153385,-0.13420717026840748,-0.1862834876853618,-0.03668757237787393,-0.07684784707424117,-0.6271134639784068,0.001276059752997414,0.2100278742205001,0.08355115912417746,0.0758039311946238,0.0029165814610406537,-0.0722665939718463,Cluster 1,Lophophanes_cristatus,Lophophanes cristatus,0.0055743847923122435,FALSE
-0.5486766800009713,1.2254638341571504,0.14160108125403895,0.2580208622599691,0.009194540088850088,0.05891435249764555,0.19277840250890646,0.4261067716305355,0.17436800889192314,0.12804947150483534,0.016076633824451132,0.025746435177488973,-0.08793680834382095,-0.10921329810961523,-0.10266379265287869,0.09023463293204267,Cluster 1,Loxia_curvirostra,Loxia curvirostra,0.0010875938964060767,FALSE
-0.5077572285720402,1.2620246003517912,0.15195740292345766,0.6153484899401078,-0.09703105584139445,0.1475603376758974,0.6459891609467723,0.5531301628946782,0.17992984800129505,0.2672690644783189,0.01904086868771026,0.02090917432739691,-0.049130902146899844,-0.08356341423772125,-0.09492606034845195,0.06575867436094554,Cluster 1,Lullula_arborea,Lullula arborea,0.0013364332913462754,FALSE
-0.667255962524535,-4.450742371947381,4.429232820389086,-2.053408885837241,-0.35916234519074136,-0.036676904941345644,0.8015883536032197,0.9606737858146324,0.970867199444248,0.8290441804214298,0.02242057241052913,-0.16111598788714515,-0.07524136559671157,-0.1643185461781016,-0.2146092433524281,0.0801753958377329,Cluster 1,Luscinia_luscinia,Luscinia luscinia,0.006720258916137631,FALSE
-0.384053371170947,1.2220591540599839,0.1284586374544511,-0.3655880699490389,0.05516500115442753,-0.06872839864555849,-0.3239371168972625,0.1256820981855807,0.11449276301491348,0.018653009044830762,-0.04829951532231724,-0.054557607441960664,-0.0231140481667079,-0.10771175164819784,-0.09441616604477034,0.10601865536465203,Cluster 1,Mareca_strepera,Mareca strepera,3.964758265517487e-4,FALSE
-0.4313371606964981,1.2236440549315768,0.14241670109886978,-0.3611911364670439,0.05460348550049227,-0.06308081355814103,-0.3088487790891901,0.11402968209523988,0.11184813542835514,-0.032239284748411305,-0.03160413443278502,0.012516979353161909,-6.9883486187042e-4,-0.102097597405905,-0.1036903647629414,0.07841488662115106,Cluster 1,Mergus_merganser,Mergus merganser,2.0542143972490594e-4,FALSE
19.105943727630684,-2.6657231585518115,-2.1157457662349444,1.022977220681758,3.8975389000114937,2.7451873402659808,-2.3981633264456286,2.801552654416468,0.222633088402273,-2.2157415693634612,3.368467072130556,-0.9284735456787656,1.8356768206835428,-1.033021083232941,2.242587269450957,2.850433845989856,Cluster 1,Mergus_serrator,Mergus serrator,0.0058515038419396795,FALSE
-0.4959264478053676,0.8913133122330265,0.35076199364187133,-0.25918334345745636,0.08508260800418575,-0.16048024332312338,-0.22446643142510714,0.08761354159040134,-0.04593934750530778,-0.14448120231677516,-0.05514814213670016,0.07094243011583401,-0.48473251937256756,-0.17614202713572139,-0.1490114483618448,0.14251597562214205,Cluster 1,Motacilla_alba,Motacilla alba,0.015493655453591337,FALSE
-0.506335340161786,1.2381255773922257,0.1461802356029909,-0.2971458481563717,0.0411867819921966,-0.048774236925329895,-0.23180787448558376,0.14794369512550123,0.12523989456438087,0.017230112241721954,-0.04166069402172498,0.03939727964471206,-0.01853262443060998,-0.09677623758321154,-0.11809593457442129,0.06631864845636151,Cluster 1,Motacilla_cinerea,Motacilla cinerea,1.4110907786953238e-4,FALSE
7.824561186485477,-0.45976208566795185,0.3316299159534954,-0.03889742611169077,-2.9953917687646454,-2.4993925392711978,3.133869403752852,-3.1228270433755014,-1.6712938225164635,-0.5070678966233906,-2.888822784869345,1.0679362784633095,1.604918765351995,1.8556957790726152,5.419348182623781,5.253704805113702,Cluster 1,Motacilla_flava,Motacilla flava,0.010257305718078022,FALSE
-0.5391624150712844,0.9367329432263507,-0.04091447226326207,-0.21689288448524902,0.12946974681618548,-0.21950221892938007,-0.20709500973254474,-0.01454829447638917,0.04469363982427847,-0.060144313742153774,-0.108835871936091,-0.0031891356199673987,-0.09957786294854087,0.058465793246586024,-0.1033974385182035,0.035881156505780366,Cluster 1,Muscicapa_striata,Muscicapa striata,0.004343165431181902,FALSE
-0.14775074794975845,-2.7168059907053794,0.5953843249555449,5.607377765901363,-6.535606044607006,7.0978506626845554,-0.10280269677551306,-0.7173366185429545,0.27497758228309704,3.7143277416244884,2.4045185546590067,-1.32687586707903,1.2248897063986202,0.7598774845015993,-0.6430704891445926,0.29330175115653295,Cluster 1,Numenius_arquata,Numenius arquata,0.0025906122510686407,FALSE
1.8951188831198773,-1.1116166970624137,0.010230209019667565,0.11737678714753554,-2.1894409815344598,0.2858582441382972,-2.059212843529995,0.15875408974693528,-0.6058831347634167,2.608922096942515,1.0022467812725562,0.10591491009295553,-1.2374618793607253,-1.1926999947045824,2.1493460556366677,-1.1902857232750113,Cluster 1,Oenanthe_oenanthe,Oenanthe oenanthe,0.006836114792917958,FALSE
0.08185099980411216,1.1447116493487304,0.12961165230944902,-0.38226259519904937,0.08429983288818634,0.08282403678319002,-0.15803420563240442,-0.001782848289112082,-0.21740828248447097,-0.052680226949635686,0.043623848454949106,-0.8166068320095419,0.07372429035324568,-0.01142214824303023,-0.5829995222560049,0.17278694564527983,Cluster 1,Oriolus_oriolus,Oriolus oriolus,0.0011606508306922483,FALSE
-0.2965446570648371,1.0704964029453208,0.09069898473060539,-0.18827971198594723,-0.5098365042743668,0.07107001946194837,-0.20370355316165484,-0.40048496714694787,-0.30400877427732487,0.16384092881694662,-0.2237482335098254,0.09005692973231011,0.12273144233343282,0.12355770320914033,-0.12837294121159532,-0.08401380181400972,Cluster 1,Panurus_biarmicus,Panurus biarmicus,9.600264344869002e-4,FALSE
-1.2945804789914568,-1.446333899077235,-1.9452655647981187,-0.07201867872401008,1.1977658956694588,-1.142301473153999,0.3989921499554006,-0.6098900222921213,0.38465593225470224,0.2926054926749046,0.6715843205308066,-0.19911803171113912,-0.0199643432743145,0.32530254898594224,0.04871860012109143,0.006056318699986438,Cluster 1,Parus_major,Parus major,0.016917513133814985,FALSE
-1.5455297402032988,-2.5736427374706996,-2.8596236022203967,0.013831568786837818,-0.27882687471988965,-0.0828621205532475,-0.31879186529894116,-1.691084758517703,-0.14901880267954212,1.7485989171074472,1.9145620180258764,0.206371111918379,0.8303214650349787,-0.12891794170210472,0.08093614334113554,-0.07553590373162425,Cluster 1,Passer_domesticus,Passer domesticus,0.017405894804254255,FALSE
-0.9496962648941973,-0.7547041794523783,-0.9466912614230817,-0.42959804101967014,0.862174470422171,-0.709264226065552,0.43210463283462136,-0.7422460295139205,0.43314860388302867,0.38129539135870016,0.3256172542182829,-0.04992949637233455,0.1999491885803604,-0.7428874412269356,-0.13482205439892464,0.08046735140275987,Cluster 1,Passer_montanus,Passer montanus,0.014442025828842074,FALSE
-0.8022800852196693,-0.09723794137924327,-0.45936250292775144,-0.08184811407622,0.7909284952767218,-0.41435928210121975,0.09910229639157102,-0.8860120192513031,0.5642674598852708,0.21979749152383865,-0.41404229927141095,-0.09035462675571916,0.6442967982877921,-1.5515771217970762,-0.266345236404479,0.08810215371788752,Cluster 1,Perdix_perdix,Perdix perdix,0.013232875115650451,FALSE
-1.271582193007129,-2.2377202831460967,0.5893980991556761,2.5055357028272773,-0.8110783745037373,-0.5123104603492857,-2.5560339672743604,0.6647701232683231,-2.1526066101029224,0.4889291065530685,-0.5065639348114825,0.09243682312943244,0.3525940727676476,0.23580854299599938,-0.09442094447520256,-0.16064808070048006,Cluster 1,Periparus_ater,Periparus ater,0.008239451342166153,FALSE
-0.5094314985047821,1.2026596159949237,0.15183931050309968,-0.3402300774808339,0.061789696070520365,-0.08632649991833503,-0.31280135710994206,0.11515543328875334,0.1014243677541678,-0.016884607050505086,-0.07405644504262968,0.03491118153912048,-0.020205440495121508,-0.09017444648570223,-0.12079191841193397,0.06262579253689757,Cluster 1,Pernis_apivorus,Pernis apivorus,1.9516445106589284e-4,FALSE
-0.554703664890717,1.068532457671232,-0.0535549683079303,-0.4867663344760004,0.08346601432260235,-0.14799165625148258,-0.20638259356099858,0.125933118308204,0.11777113748947099,0.07289368570211667,0.15387397278529752,0.04240255836029066,-0.04231306601734018,0.1258673003104163,-0.07967957316623857,0.04698236288184197,Cluster 1,Phoenicurus_ochruros,Phoenicurus ochruros,8.637517405002236e-4,FALSE
-0.49512996471856074,0.6903797999782186,-0.24564371103226723,-0.14266609187475765,0.06317299187040028,-0.4115352394004348,-0.004954573312835833,-0.09276582039118533,-0.17696794981324052,-0.1203186214842959,-0.09168650780363734,-0.03499120770501699,-0.30490394325428966,0.628372606556854,-0.04598584494202272,-0.0446561848907232,Cluster 1,Phoenicurus_phoenicurus,Phoenicurus phoenicurus,0.0069543331751042575,FALSE
-0.3245261556477816,0.8238314733630937,0.017026048063913297,1.1268212087201226,0.13019211014480142,0.09033529364714989,0.5988139284680437,0.7238464296164396,0.11791706423074008,-0.5212840170893668,0.47033134135579,0.2569574157256799,-0.08652866652006236,0.06926240754187167,0.10450693936015967,0.011080676299376402,Cluster 1,Phylloscopus_collybita,Phylloscopus collybita,0.006329568582563981,FALSE
-0.41139344524018456,0.3351235205743142,0.5210441240981445,0.1268610911116961,0.2504508251926067,-0.5031757519906012,-0.46631063978614523,0.5674025857260913,-0.3653175084423737,-0.5052809952494386,0.01107181502815036,0.17838034673740197,0.05048271567461215,0.1415492833422254,-0.00458789230740064,-0.0539357370011646,Cluster 1,Phylloscopus_sibilatrix,Phylloscopus sibilatrix,0.0035931221691950623,FALSE
-0.16715177745700513,-1.7723259138282605,1.6632484238669512,0.04347674797341458,-0.22201225221797952,2.031017612505854,-0.3111549966676997,-0.5399946064843631,3.5586697430153627,-2.0679317639090473,-0.34636891290945454,-0.3948240511239148,1.000834841094175,1.1594070062563016,0.4625347183101033,-0.1891354705312316,Cluster 1,Phylloscopus_trochilus,Phylloscopus trochilus,0.016233843392103056,FALSE
-1.9190726089722376,-3.8581218543602374,-6.630329512824473,-2.619465716930585,-4.549492001997227,2.234011552184918,0.15372283994741873,2.861051793239217,-1.8690556851233966,-0.6789930052690937,-0.31453004970964665,0.40211291966824053,-0.09845622849262978,-0.6192683042910735,-0.02474327919974399,0.011488459685296831,Cluster 1,Pica_pica,Pica pica,0.01447536453172766,FALSE
-0.32883489007608985,0.9578642009530077,0.12741595230845848,0.0463544613254436,0.1775612349339146,-0.12725656397457105,-0.37908064182571655,0.1324737830287314,0.004495234902238768,-0.6276933150163677,0.07482492904332763,0.18326448332182851,-0.06810996172465078,-0.0034572769192534156,-0.0035112593983473973,0.01242375501733079,Cluster 1,Picus_viridis,Picus viridis,0.0015824088656074564,FALSE
-0.15327961038651197,-0.43620055423826726,0.6224497314351976,0.2739361752167099,-0.8848442730615135,1.389247791648013,-0.889121184400396,-0.3428771435826684,1.0002977167957683,-1.0090285047475602,0.6333096234972724,0.2759064871514282,0.5018229734503653,0.6928785713935863,0.305782913828826,-0.1344266078874755,Cluster 1,Podiceps_cristatus,Podiceps cristatus,0.005928126835186962,FALSE
-0.5547476081782339,0.29341257298928874,0.6624471937778347,-0.5725480898878627,-0.017933201120632677,0.2881797800316605,-0.04995303161096361,-0.16861068920166758,0.7819037250498556,-0.05860287118029507,-0.14160415288543718,-0.10014260103251205,-0.20299682603814428,-0.1453662867346184,-0.12681615879199787,0.13600009746602262,Cluster 1,Podiceps_grisegena,Podiceps grisegena,0.0031321215847383986,FALSE
-0.5168201336733783,1.1436790600876958,0.17731650049906184,-0.3469933599948921,-0.023993923954573046,0.02630263850734413,-0.34584627045699756,0.07382697737017498,0.17638863449704384,0.004478108483996036,-0.053754339804601065,0.024619630532548835,-0.010344795794555092,-0.0420981157987023,-0.1114863959728473,0.06323544554486257,Cluster 1,Podiceps_nigricollis,Podiceps nigricollis,5.468718128440767e-4,FALSE
-0.45888039013327403,0.6064714718411336,-0.060553971465294176,-0.07619801970361534,0.25700445864460697,-0.28148076694663543,-0.103575860334217,-0.19707811751089074,0.04702191003936562,-0.27449444756890645,-0.08713511367781172,0.06848525998066357,-0.02140928293419871,-0.1943985772456846,-0.08587945807099916,0.016180233238293047,Cluster 1,Poecile_palustris,Poecile palustris,0.0045660351607828345,FALSE
-0.2249139514375971,1.1236120102881866,0.2393547397629591,-0.3474814452315022,-0.03041501550695025,-0.07569571596951837,-0.1004710764489977,-0.04673516251967913,-0.013416217178984165,-0.30362052684408003,0.02584665421461675,0.18292981675716605,0.10107773335137364,-0.05967490947386157,-0.0587895357423502,-0.033418151668418127,Cluster 1,Porzana_porzana,Porzana porzana,0.0015940242300372894,FALSE
-0.7439169236965145,0.039279594336233487,-0.37915726419210916,-0.36595627242725454,0.4014892454430027,-0.5068060208606537,0.08379549213028396,-0.08473208941813336,0.03737341886247601,0.04931397621153612,0.3804874079230903,0.023504262586503392,-0.4890286125223321,0.1294105485066407,-0.06637605751895927,0.11007754214810275,Cluster 1,Prunella_modularis,Prunella modularis,0.013663635146005647,FALSE
-0.5143431621000022,0.2664784116112444,0.562031813836536,-0.20575073669125551,0.14549814155734844,-0.16935291427533317,-0.28102916776413234,0.2445445446882197,0.175668166456936,-0.23512811239863549,-0.08098711465108968,0.02534210299204189,0.006509041554224965,0.02456443968090487,-0.06370526459559696,0.021692774852102865,Cluster 1,Pyrrhula_pyrrhula,Pyrrhula pyrrhula,0.0023388805300820206,FALSE
-0.5626909348040798,0.6506634526343207,0.5043214297525414,-0.49308327111943384,-0.09021651537049674,0.31162931962379503,-0.23835106466333203,0.04374661413028518,0.7395355581834069,-0.10466027373803621,-0.12268046197092079,-0.12936186267232075,-0.12070664988216605,0.29210654712174633,-0.06480837485498604,0.08084839058374135,Cluster 1,Rallus_aquaticus,Rallus aquaticus,0.0039007022078561076,FALSE
19.219090230678813,-2.8694906782473635,-0.14628736556035266,0.4631445353388164,-2.2798263070191167,-2.0178641107464266,2.160570451901169,-1.6228358269043437,-1.9681425474551575,-2.422165847233556,0.8948933320328795,-4.286194837376581,1.9126451178459811,-0.2850653816657822,8.11328925793111,6.362183937374134,Cluster 1,Recurvirostra_avosetta,Recurvirostra avosetta,0.006812687168353456,FALSE
-0.5058975364490476,1.2390615323068939,0.14874976648566476,-0.2949168855975806,0.04156282470035027,-0.04882969364638949,-0.23555091266608205,0.14683578245480852,0.12427432636586314,0.014139572665927927,-0.04591510174186053,0.03904281445135931,-0.019900831878118964,-0.09898768113229585,-0.11867297328281691,0.06666856859909123,Cluster 1,Regulus_ignicapilla,Regulus ignicapilla,1.0914253016075661e-4,FALSE
-0.8817433047168302,-0.4692616425560881,0.42709736814162685,0.5100535116249962,0.673533017481207,-0.9935504617182687,-0.6278514061819875,0.5164709538000168,-0.3693144520950761,0.05343445556680253,-0.735335739910653,-0.1503064116397675,0.6501511813645163,-0.37117137529043787,-0.16589487415060072,-0.0928734048716954,Cluster 1,Regulus_regulus,Regulus regulus,0.00895521387175655,FALSE
-0.4994784659066874,1.2294378891584496,0.15627665525645107,-0.37326186291899494,0.04780380183462601,-0.0682011648728006,-0.29730837965684653,0.10454855671463589,0.1113569071164131,-0.007781350569428266,-0.05536762399067052,0.041933096103467925,-0.02554128920383669,-0.09983815709491094,-0.12196046986353655,0.06576064841122023,Cluster 1,Remiz_pendulinus,Remiz pendulinus,2.4590622082129425e-4,FALSE
0.936677984890692,-0.86217665145965094,1.0187591751653633,-1.0917653393928746,3.289542636311954,4.417207541160166,0.10700049425190652,-0.018554058839068955,-0.1498754182806812,0.19546099121947053,-1.1229942071560728,1.8821141234714744,-0.07612387858310497,0.8430134236312604,0.45198430610621,-0.06566729231494325,Cluster 1,Riparia_riparia,Riparia riparia,0.009806217653224128,FALSE
-0.9188384426541695,-0.8461828879176126,-0.36059881909014846,0.9631314441062523,-1.910437968596446,1.6358228745311172,-1.8253297971115774,-1.436752192556283,-0.38977544568476047,1.1215391756173938,0.5827638956070637,0.3160960058753042,0.44329659015609973,-0.7707579057533503,-0.13244314162666546,0.08615596122043859,Cluster 1,Saxicola_rubetra,Saxicola rubetra,0.011348940613477848,FALSE
-0.5566819679863064,0.8875933726713243,0.34681564479858723,-0.1616940709529096,0.12128741295845315,-0.2787694536709056,-0.41109827128985715,0.3255984280611681,-0.10230438139838245,-0.05301205576807881,-0.1807629588499944,0.01728094567697585,-0.049167939850957174,-0.007168643079680078,-0.12165697196055748,0.041757644463013645,Cluster 1,Scolopax_rusticola,Scolopax rusticola,7.140948800053631e-4,FALSE
-0.4771866242156077,1.2335549370826977,0.14304090079715442,-0.36755234304703677,0.04829293956461913,-0.07208084590504106,-0.3110999309218368,0.11301934746425228,0.12443002802234832,0.004467897201681618,-0.05996649344454352,0.031038695740122378,-0.031233604146525654,-0.10421140255671583,-0.10190746015100637,0.026319040521687244,Cluster 1,Serinus_serinus,Serinus serinus,1.1480950816764709e-4,FALSE
-0.44063732830313496,0.7893306743689957,0.014837313345854327,-0.19943290283133816,0.23564999968720493,-0.1717444283963843,-0.20089858132515104,-0.043503136772231304,0.12340150612144121,-0.28470609549342807,0.0873762162928778,0.13013091911796862,0.051139302647391686,-0.2484111641011602,-0.06485689328878762,0.03548039863307568,Cluster 1,Sitta_europaea,Sitta europaea,0.0024719335322718463,FALSE
2.0158956661100698,0.5191033565463004,0.2621710957380611,-0.4462170227795495,-0.012849728000187244,-0.2679130420653428,-0.3874951553181574,0.38821916856435107,0.1519770912088724,0.010034912985561972,0.4655643824946779,-0.657200667546679,-0.3956146070290641,-0.7176433473823943,1.073451296453557,0.9874035058019149,Cluster 1,Somateria_mollissima,Somateria mollissima,0.0015217295601313997,FALSE
0.7091766352285622,-0.47024600111649356,1.0266625868870023,0.03489607060692271,-2.166408407855731,1.270701225929339,0.5306641463283446,-1.9566025097801578,0.05721269138606998,-0.4666802639557098,-0.7938751229073007,0.09967061603284566,0.7913694147005592,1.4603924980117444,0.1193688709771698,-0.6394892605269167,Cluster 1,Spatula_clypeata,Spatula clypeata,0.004864913950316405,FALSE
0.2789114445050159,1.1316152797118086,0.20895623860300375,-0.2647995256188886,-0.45816843119024747,-0.2569873168824741,0.5586587789522294,-0.741877063003675,-0.4629057462793272,-0.40551263870640436,-0.5771377760813087,0.15207126081032682,0.43091778517448687,0.5006193836113755,-0.04684570571907838,-0.3603909386252312,Cluster 1,Spatula_querquedula,Spatula querquedula,0.003250139146883046,FALSE
-0.36762324423055703,1.1882585416976714,0.10721504026363873,-0.3046755676098357,0.061465191216226005,-0.1119067665646693,-0.3726707552726947,0.15387730834132488,0.15921960724515105,0.03404554185788346,-0.08866979640826787,-0.020883359951545298,-0.1488616502485306,-0.13356439880911172,-0.00540843000008599,-0.15750997569243436,Cluster 1,Spinus_spinus,Spinus spinus,9.682048184425638e-4,FALSE
4.960096089806274,0.5402556524270264,-0.6708812215661626,0.04777648987996795,-0.17520082721487956,-0.5939894117430067,-1.0702464340703843,0.746745788401229,0.9282066285546416,0.6031628673705383,0.2343000328995708,-1.7510480191516329,-0.9448279198921563,-1.1380699867678226,2.8095089860213944,-3.574198949398049,Cluster 1,Sterna_hirundo,Sterna hirundo,0.0036723952056744364,FALSE
17.595721729131437,-1.3656455764864113,-2.472251136064842,0.3942644195465122,0.7944209340564402,-0.36950269030024874,-2.3851811395520284,2.0161281142266674,1.0537621380479631,3.1331978353180134,-0.28987959693057075,-6.003410660076938,-1.9480320048485429,-2.178619358449525,9.118710022541748,-2.400823274665759,Cluster 1,Sterna_paradisaea,Sterna paradisaea,0.005189751360746556,FALSE
10.654622000335737,-0.49790599702832744,-1.4480313421490216,0.437283471004618,-1.2691238049313562,-2.3023837339456383,-1.1901027609506096,0.828111822953888,2.071934338762397,1.8498920138856045,-0.8648697138019957,-0.4857633030765479,-1.0593066596558152,-0.5624746149663661,2.345552140866167,-0.3060730209408279,Cluster 1,Sternula_albifrons,Sternula albifrons,0.0038187018827435357,FALSE
-0.9965100941718547,-0.7781867400747079,-2.2203330386497018,-1.665417946806951,0.3370481944103876,-1.0923269349200908,1.0140497959864567,0.12850762399172502,-0.012900647706142191,0.8915275723895437,2.204146039214238,0.04350215535085141,-0.3113783115857038,2.6730232124192934,0.35693263444217993,-0.21919063568643093,Cluster 1,Streptopelia_decaocto,Streptopelia decaocto,0.011010525482017917,FALSE
-0.4805827084346247,1.2344694937454206,0.1497924083243561,-0.3674442190040184,0.029528405918245314,-0.07635079603219073,-0.27178602147550684,0.07479831556170004,0.09354025470906085,-0.008687033821690579,-0.08622406051816268,0.03746991418639053,-0.007360822309572731,-0.07139194321465475,-0.12167742378751407,0.05086602603869259,Cluster 1,Streptopelia_turtur,Streptopelia turtur,0.00025524605853193834,FALSE
-0.41128871547468326,-0.2470871599278505,0.2916352404074082,-0.4957223581569328,0.11982354182878245,-0.5583351700225364,0.5720036042119764,-0.42268758127769823,-0.3662039533844099,-0.04157247311245231,0.15560493664702194,0.13394052647790225,-1.0233807886051411,-0.12805522182327753,-0.17353063142564756,0.13537844016406045,Cluster 1,Strix_aluco,Strix aluco,0.004991116771671656,FALSE
-1.2522890988521078,-1.2507958106925028,-2.3898263324849744,-1.4070297651029127,0.8724836432997857,-1.098436190632581,0.9090596771727891,-0.3040351711566967,0.47352079642144435,0.9944465655964148,1.8986794928273212,-0.029311300290784777,0.250248904712218,1.2975030611706908,0.22187430191147062,-0.11603322708713029,Cluster 1,Sturnus_vulgaris,Sturnus vulgaris,0.01769350094194663,FALSE
-0.012541183152402631,-0.015237773636472347,-0.7543069118397193,-0.5504422624272824,2.9981984547096063,2.145853188138244,-0.06852023759596526,0.01925428425016961,-0.9852938306087052,0.9250052625947737,-0.8642126132862537,1.2505206849545556,-0.1585861530475299,0.5667911968891667,0.17402772274498357,-0.013477755520358261,Cluster 1,Sylvia_atricapilla,Sylvia atricapilla,0.01115790351216645,FALSE
0.12647614499525747,-1.0335351561976245,-0.8390151319076543,-0.7231388310416654,4.114967481314333,2.7414207125580257,0.37197159888371056,-0.6046149453348437,-1.1225048495256924,1.3813895272995105,-1.2847642363095133,1.6460454211409397,0.005878651414767044,-0.4808958219919817,0.09899006597250853,0.04697826051811991,Cluster 1,Sylvia_borin,Sylvia borin,0.014312966937011699,FALSE
-0.7105541852577425,0.1779757995736113,0.2291972042673243,-0.17190593074818805,-0.5777539679394246,0.7123068938389777,-0.6572404007392082,-0.16888507745715925,0.6664600338981428,0.12564717239155745,0.13417089518204864,-0.11125254966232076,-0.052293747273701605,0.6123795899457956,0.0038369331260302585,0.05108892291215234,Cluster 1,Tachybaptus_ruficollis,Tachybaptus ruficollis,0.003577369390510762,FALSE
16.91694423740422,-3.3807371189888906,-0.143171709493936,-1.0787927495918044,6.835830682083413,7.32807722031598,0.198880780822915,1.2461877109354342,-4.940567908909821,-0.747685559972648,2.699897016879456,-6.136365025297579,-0.5676110142739615,-1.3009142435854033,1.0744251367106368,-0.8727582837838094,Cluster 1,Tadorna_tadorna,Tadorna tadorna,0.013404864594524293,FALSE
0.8224838317000138,1.0354315393161264,0.019395948259894158,-0.24615001823659208,0.04633716474271386,-0.047357184707161326,-0.32205198791841133,0.1384189686365533,0.046726620579715744,-0.2576761247326823,0.21111152882011644,-0.522171700331149,0.11632676372503911,-0.19272890847303392,0.20084093408549777,-0.2433913447978017,Cluster 1,Thalasseus_sandvicensis,Thalasseus sandvicensis,0.0011039400813391686,FALSE
-0.3434917533658926,0.6840539447790336,0.16682464109664866,2.1811014453060626,-1.4131160791833501,1.65718395422076,1.2011089185675834,0.6960093181808265,0.11903393324927325,1.2503713287663079,0.726019901694681,-0.3461976656897551,0.27957072619743556,-0.08697705827515476,-0.2839762838605484,0.15262113668739322,Cluster 1,Tringa_glareola,Tringa glareola,0.001196888135565539,FALSE
-0.5051106787113786,1.2166078024633722,0.15212543593929476,-0.3528834364498163,0.036608200120408295,-0.0655162269950298,-0.3192368020900596,0.1086605090171062,0.09780718273669925,-8.661595956487684e-4,-0.05714699272849244,0.041951844579905216,-0.01251540305673908,-0.09156685913621078,-0.12048073048507237,0.06215444378296057,Cluster 1,Tringa_ochropus,Tringa ochropus,5.467924943513703e-5,FALSE
28.125514303016356,-6.480275410074273,-0.16779577590554795,1.7060069068521044,-7.516056850524696,-2.7906651566103604,4.070237595848242,-5.527899263529993,-3.8605382013036666,-0.9170799713771765,-0.3514114485216423,-1.177693110898835,1.2366047865098115,1.5151407129436818,1.3746045827978366,4.374251277281053,Cluster 1,Tringa_totanus,Tringa totanus,0.014260480670881613,FALSE
-0.9341176956597965,-0.19819944485105837,-0.8230527481451126,0.2358228931124156,0.6748259529349617,-0.6865833355289589,-0.15353669870769682,-0.13933889090113452,0.0785534960491318,-0.16866801748904256,0.09382248501662967,-0.12982719501026907,-0.42186626916757136,0.3119766773150441,-0.02752471871939958,0.07522098088125626,Cluster 1,Troglodytes_troglodytes,Troglodytes troglodytes,0.014043905769871457,FALSE
-1.9213874653532081,-3.695797307070617,-3.2340306516341375,0.9509994523073254,2.4513003117610053,-1.9055812796667102,0.7311738670003591,-1.8290969530724113,0.84846426937522,0.27688854556632475,0.11634865247677706,-0.5100028878953529,0.4726048594568147,-1.010464826713496,-0.056224423073262544,0.03331162930101398,Cluster 1,Turdus_merula,Turdus merula,0.018175567991089984,FALSE
-1.155406391404398,-0.9478134190846826,-1.2325546921235773,0.7446940223031445,1.051143236638214,-0.9940801296442439,-0.15120541580920988,-0.3483162136807816,0.0719045201926846,-0.3441283784102387,-0.05286128863078765,-0.24277833100492005,-0.612567989184747,0.27527063146083386,-0.018793128717939905,0.09984321839465557,Cluster 1,Turdus_philomelos,Turdus philomelos,0.015172533982096498,FALSE
-0.5688218157733664,1.1616858176646978,0.1236780166557867,1.722808588412229,-0.1545592691943521,0.28334906429484946,1.4255953773586163,1.0009561660221604,0.19482997714866593,0.39581681281859327,0.030781382932278733,-0.02462086472750486,-0.24858176029563064,-0.014236726354657734,-0.06451256050323413,0.09270986615089852,Cluster 1,Turdus_viscivorus,Turdus viscivorus,0.003082044241234029,FALSE
-0.43545575867728753,1.2093561454074362,0.13441952523806328,-0.2396791403374227,-0.022552797815202703,-0.07215663695160861,-0.04843628889291511,0.026429932763592345,0.07144342281957726,0.04679138303562945,-0.14977617754277692,0.027157106170474225,0.05216266579747132,-0.06205410306696288,-0.12488115645884902,0.01676804451908965,Cluster 1,Tyto_alba,Tyto alba,5.566585570041255e-4,FALSE
0.31572527536535694,-0.48293020714189266,-0.40512228490885127,0.604912084372082,-2.2710072257905707,0.4438727480653932,0.44406455782209664,-2.9865371729117074,-1.6782739922375844,1.0263881094471041,-0.972505168291006,0.25441023738492474,0.9720158354788614,-0.062303881888183824,-0.26441455649442813,-0.6030743468458147,Cluster 1,Vanellus_vanellus,Vanellus vanellus,0.01824062498101882,FALSE
1.8092444087464008,0.9369286557214885,-0.18108688263207345,-0.2715100218685485,0.42544618120829636,0.33231162839258543,-0.7120858921619259,0.544280980301614,-0.06385385659140708,0.01506806079878402,0.7246575216245992,-2.37363129012685,-0.19487258808226404,-0.5412666212692819,-0.5191429179792645,-0.9498483129724099,Cluster 2,Acanthis_flammea,Acanthis flammea,0.002986654814090681,FALSE
-0.9452735298673409,-0.9254080657931693,0.9675148998252119,0.7359222732702894,0.2864445098730629,-0.030591690501614345,-0.8120152287123434,0.42547743501574625,0.8265735656720488,-0.6094831106665031,-1.0442592477964523,-0.5282503681422203,-0.1176429353202789,0.8017949301413649,-0.01526454057884699,0.008536202509840388,Cluster 2,Accipiter_nisus,Accipiter nisus,0.007031594919575508,FALSE
-0.5009022247085034,1.2346514624636895,0.14990072361328002,-0.3695182498954075,0.04881239191882413,-0.06786240928961589,-0.30145433656952186,0.10557173095546721,0.11372552804262934,-0.00807136667273047,-0.0579764573094706,0.04014545815339029,-0.0182302220242786,-0.09522803300296796,-0.12101104443378939,0.06416333272787303,Cluster 2,Acrocephalus_arundinaceus,Acrocephalus arundinaceus,3.6886247388122654e-5,FALSE
-0.46256321487695917,0.667985116156343,0.13992784265632735,-0.6129123467664601,0.07073819163723304,-0.23596927052869726,0.13179241925410834,-0.15701897094021577,0.008959228019770418,0.1196961479274887,0.1274045869916881,0.09438398979705637,-0.22605360749163345,-0.18805751490202946,-0.14238956248239656,0.07290094051486865,Cluster 2,Acrocephalus_palustris,Acrocephalus palustris,0.004272967552718217,FALSE
0.823520228598747,0.03575834555782983,1.4756108415065163,-0.9017503029197097,-0.6148736958131252,-0.2630967297281597,1.3848974300813186,-0.9315451982889054,-0.9299378461932711,-0.8351692197740547,0.23864771724292413,0.7211311766825269,-0.7409403208223694,-0.43592449712561593,-0.10608187709613513,-0.13662002879085589,Cluster 2,Acrocephalus_schoenobaenus,Acrocephalus schoenobaenus,0.008111612786120843,FALSE
0.5066264765326807,0.23258615657890552,1.2786164223161591,-0.8589269617330839,-0.4903814481863596,-0.23535832583155308,1.0733794869049162,-0.7192560082325284,-0.7350073905128777,-0.5640792931756615,0.16189308824898224,0.5607746755451417,-0.7398979014396104,-0.42711326780142345,-0.14593783579490024,-0.05172924917647894,Cluster 2,Acrocephalus_scirpaceus,Acrocephalus scirpaceus,0.005711531729111154,FALSE
-0.42736630851820107,0.8211273926582414,0.5014124031724798,-0.30261413820754934,0.08520056022094498,-0.25285388254301333,-0.31711167793904693,0.3403486820749191,-0.1329067615147856,-0.12311050508937754,-0.009832554120262361,0.13235179974146347,0.054526319548370665,-0.1213838040882042,-0.09807183792120082,0.01705973394282035,Cluster 2,Aegithalos_caudatus,Aegithalos caudatus,0.001206844143848372,FALSE
0.8150450214457755,0.8195813293748548,0.3052251571441245,0.05299847637482416,0.20597485345232505,0.20471249058915791,-0.14612007223151421,0.10231409455984516,0.044372088749543,-2.3335677589368466,1.3894736465552295,1.1036403475395913,1.1614088458395515,-0.2730453464122463,0.47400195592014294,-0.36330872579770224,Cluster 2,Alauda_arvensis,Alauda arvensis,0.022410239156738083,FALSE
-0.4078436785917489,0.8068059166026147,0.3126886666668975,0.1504901545330016,0.524644223129267,1.08408354678185,0.32557498383963207,0.4886996996053363,0.4324691493324927,0.35256909024435507,-0.2785554523623271,0.21504232402826204,-0.04976912997302631,0.3445252338577469,0.014469632310757667,0.06678999708619546,Cluster 2,Alcedo_atthis,Alcedo atthis,9.889696016025474e-4,FALSE
-0.350924575600132,1.206034885590791,0.13030018963454135,-0.35328908391529473,0.02951138068320938,-0.10523915358093976,-0.3179762792284787,0.1214687277245053,0.15930309518087415,-0.002439468667972448,-0.05803501930977757,0.09322868554492782,-0.026808441802937916,-0.10257761146914045,-0.10516869445819317,0.05673596094741864,Cluster 2,Anarhynchus_alexandrinus,Anarhynchus alexandrinus,8.3155736493837e-5,FALSE
-0.4568107177766367,1.2288807612004373,0.14544213002334042,-0.3681990037865075,0.051590501515945374,-0.06087563239452316,-0.2994114248433495,0.10454395785262185,0.10183017826270283,-0.009383554994114715,-0.0496322428382589,-0.007754662606485169,-0.01681471243079854,-0.09585971537259365,-0.13544030946422944,0.051753598574902394,Cluster 2,Anas_acuta,Anas acuta,3.0672839030948255e-5,FALSE
-0.4499889667076355,0.8674314423654707,0.2686699627795594,-0.2223117683936615,-0.41895740651953595,0.30754023270609443,-0.3774078754766726,-0.22173382807250017,0.1861008425160445,0.07164718006588326,-0.1769637676038547,-0.00937372222745452,0.06792792341456938,0.18397314811709542,-0.09531532996562835,-0.005744694043518735,Cluster 2,Anas_crecca,Anas crecca,0.0012388425005262166,FALSE
-0.7556485630648732,-1.808155973969391,1.268045112320832,-0.5800301962242728,-1.792976254039407,1.9652012752152517,-0.6380597150878956,-0.7661201690926318,1.171954829836893,0.5462842550695852,0.8221461643728608,-0.030527699814772748,-0.8074950575718802,0.8172243387938829,0.034350978165660614,0.2247120754776397,Cluster 2,Anas_platyrhynchos,Anas platyrhynchos,0.010981978594821149,FALSE
-0.5002796730043132,1.2346467046566967,0.1497245544517718,-0.3691494313076954,0.04893414136995541,-0.06770797610170941,-0.30154082204956084,0.1056111951151574,0.11378495485709164,-0.009284363324459357,-0.05733363009737777,0.04062296147531055,-0.017326814391959076,-0.0951344955756226,-0.12066548405757462,0.06387826776380892,Cluster 2,Anser_anser,Anser anser,1.2596078462888094e-5,FALSE
5.580167358890377,0.1562714571346995,0.23535644133363934,-0.48561484607164845,-2.0764183011398423,-1.277864011059886,2.5708938386450195,-2.6044421336489556,-1.948348399075978,1.087816549031054,-2.6568394332351803,-2.4644131555833164,-0.3655303565806339,1.2594714308732198,1.2103619949150082,-1.0576754804724982,Cluster 2,Anthus_pratensis,Anthus pratensis,0.010990829075813294,FALSE
-1.709728707732807,-3.689676051493144,-0.6288732614882293,4.2028088365889325,-1.4631686751681305,1.5248855728625694,-3.063111664484365,-1.7081033340913456,-0.3305872308402709,-0.5280111042618412,-0.7479123636335093,-0.36044131705921384,-1.4883495426758977,0.4834638246633115,0.01372713614082795,0.2884333206789932,Cluster 2,Anthus_trivialis,Anthus trivialis,0.015944162681368702,FALSE
-0.7802435824324072,0.18200753042815296,-1.5455088387655505,-1.3402882065697317,-0.6703155619615286,0.14091122714225912,0.33143494245265165,1.1322358560605676,-0.1406133912582602,-0.5126764168059287,-0.42523083728926275,0.006253734730395027,-0.09150079181073406,-0.07925910348515068,-0.09621658466490705,0.02582354047214481,Cluster 2,Apus_apus,Apus apus,0.002593884433892812,FALSE
-0.4276695842900517,1.21754708781979,0.1568437915713688,-0.361882778388389,0.02190864474704144,-0.07326922513708793,-0.2434324805790423,0.0515023014410207,0.06266461088078894,-0.039126177783951985,-0.0806748528068772,0.011124835062650102,0.004861132493630613,-0.059358450417357836,-0.13681297278879948,0.0453097051217066,Cluster 2,Ardea_cinerea,Ardea cinerea,3.7035074460370495e-4,FALSE
-0.49118331064794274,1.1015475317827228,0.2514787435348126,-0.36953473508013596,-0.018579665255819344,0.04370194986552396,-0.27184318227057175,0.0462129265395981,0.2812631764150033,-0.050708176692834055,-0.15542621272599852,-0.022848781041252743,-6.079806617072393e-4,0.04858977531117916,-0.10588809646184259,0.04569952467482486,Cluster 2,Asio_flammeus,Asio flammeus,4.055100760869895e-4,FALSE
-0.6498522891699064,0.6292838919385896,-0.14547785582455477,0.15612905487452466,-0.3668773213765612,0.2445834991187688,-0.7393111745227002,-0.3480649528267551,-0.1647001709833256,0.26658937808047795,0.0771148762097563,0.12441951035241103,0.0769689747428508,-0.38251980297958743,-0.1369676113260906,0.07446886777874404,Cluster 2,Asio_otus,Asio otus,0.006001733704555352,FALSE
-0.60107059898444,1.0564903450711511,0.06581179942341872,2.006507171808125,-0.1218189128077575,0.2978413713158403,1.6587921771610332,1.0339658492122936,0.23863594717578226,0.4581357581435247,0.00751792545158349,-0.04543659509681056,-0.22042917408615947,-0.10444483532506084,-0.06729670567993705,0.09537678226755161,Cluster 2,Astur_gentilis,Astur gentilis,0.0020172639279026354,FALSE
-0.5136807478095531,0.6903309977374098,-0.1557889368716979,-0.3545146056146099,0.2056187473575732,-0.2711348796184436,0.06766302347655445,-0.3961899350206258,0.15947291254889814,0.12494460367806279,-0.20536063724622675,-0.011320267943127618,0.25816048751015946,-0.3543670998169267,-0.1538917022027017,-0.009630415355647761,Cluster 2,Athene_noctua,Athene noctua,0.005253950152382277,FALSE
-0.5000649733308746,1.2063356305880744,0.16538000390305158,-0.37151536807367136,0.0464251932447347,-0.05180656584930246,-0.2973258380222447,0.09745012369956327,0.14136157396319077,-0.01776094642417052,-0.061219797311982155,0.03583654926409904,-0.014547208034948151,-0.0919587704788725,-0.11860149008759764,0.06402722484756831,Cluster 2,Aythya_ferina,Aythya ferina,1.119191982571292e-4,FALSE
-0.5115002672606939,1.1533701647972798,0.18832192833904238,-0.3640204976579182,-0.007255386488067072,0.011091023978575188,-0.326062421928893,0.08083934542287392,0.17820183538277098,-0.001611178354571929,-0.05682776459715219,0.025233563394882995,-0.017983716970002967,-0.05248796610269562,-0.11378955333986034,0.06507654511918018,Cluster 2,Aythya_fuligula,Aythya fuligula,1.730602907657064e-4,FALSE
-0.47535964822660465,1.2332865191130589,0.14769306300830756,-0.36801459358131333,0.04132207768376613,-0.06732194331251982,-0.28490830819355156,0.08878271752401289,0.09567537985910943,-0.00969871060462373,-0.06854050308061324,0.013980731977321742,-0.008855488934097586,-0.08086793004382031,-0.1342938538690831,0.06083809930115892,Cluster 2,Botaurus_stellaris,Botaurus stellaris,4.590467674832394e-5,FALSE
-1.2838105482820905,-2.4081359518771976,-0.4679341933852034,4.848845963064078,-0.14118519604537422,0.9534307828798764,0.25770112232278136,-0.03500377132475188,0.6138080114911251,-0.62652437607395,-0.42364492729862063,-0.2907046841400558,-0.7925810033962173,-0.195354258351449,0.10806011887350891,0.22135509187250887,Cluster 2,Buteo_buteo,Buteo buteo,0.008366992487076895,FALSE
-0.17820203416453603,1.16250672422239,0.15744773843480142,-0.36480639063901665,0.007645748289374193,-0.08586112669083246,-0.23116573576154775,0.05356804411991272,0.0446252307978077,-0.04711861828527703,-0.045908034740078645,-0.08116756755882154,0.0024683395189271473,-0.089208602664369,-0.052931369964043615,0.11609077337016493,Cluster 2,Calidris_alpina,Calidris alpina,2.0152864127992876e-4,FALSE
-0.39887937561593445,1.1812262342009887,0.15736235873521615,-0.35013655265627736,-0.044692701513734355,-0.027594581022493535,-0.26166522105857776,0.010898853334975048,0.05662074430334864,0.016134492816427967,-0.09909611157142038,-0.033074509074800605,4.7076900147557623e-4,-0.038476439286947155,-0.14063378811092928,0.015424124032791036,Cluster 2,Calidris_pugnax,Calidris pugnax,1.1484970813589618e-4,FALSE
-0.7904671165690215,0.5539939562585858,-0.12129255132310433,2.154250962889807,-0.7939312061668685,0.7341552327463264,0.21740348183182606,0.589432619807011,-0.3259836947124202,0.548691846724513,0.35863674190395,0.1366776889815817,-0.4642405184352594,-0.0823474278376491,-0.05389306472670492,0.16662801013331072,Cluster 2,Caprimulgus_europaeus,Caprimulgus europaeus,0.002609697732857002,FALSE
-0.5887794161085551,0.6596586872457396,-0.26725339797794584,-0.316557170910153,0.2638568202496515,-0.2939683539838048,-0.01636929002194078,-0.2878268437592454,0.18560116232256516,0.10787094844949693,-0.10403622757218765,-0.023378466817944456,0.20574199416573408,-0.22499238054569062,-0.12492656595825986,0.004373048256972437,Cluster 2,Carduelis_carduelis,Carduelis carduelis,0.007949446092769557,FALSE
-0.4944505090541682,1.2302474055009338,0.15253182616889027,-0.3692693923250394,0.048810977804292104,-0.07211242249397916,-0.3055043707737944,0.11243088885819953,0.11369512078923524,-0.0022806602069115026,-0.05957847510281472,0.037586285307250715,-0.017592253101580038,-0.0972811750514239,-0.11557900649915738,0.0521549082249625,Cluster 2,Carpodacus_erythrinus,Carpodacus erythrinus,2.4943790925927676e-5,FALSE
-0.4880696555072284,1.2392613979235583,0.15075133720838987,-0.32388242818285773,0.03343250571590963,-0.05656966136955517,-0.24105236949899397,0.11714653405356347,0.1121552419532297,9.005650590619867e-4,-0.05602735153349425,0.043060220517448254,-0.005154397369282567,-0.08902716730114686,-0.1177423904183824,0.05729006914470417,Cluster 2,Certhia_brachydactyla,Certhia brachydactyla,4.197750339013418e-5,FALSE
-0.561355616314164,0.957447358172534,0.2497828171088836,-0.22832959360151112,0.11290385799694884,-0.2532672735844421,-0.3941446625397055,0.30779534334900305,-0.048139803279360925,-0.007386992101435166,-0.12664614655442838,0.014888672069405801,0.034419533884734,0.039264626966549636,-0.10869185430734553,0.026839584445866822,Cluster 2,Certhia_familiaris,Certhia familiaris,0.0013388452785064087,FALSE
-0.5053562535297099,1.1728955640622274,0.11652465959040585,-0.35396032580581677,0.03524192550273313,-0.06281976124976323,-0.31262340783832715,0.08600790060641474,0.09892990265449211,0.0036404273307224125,-0.018969316362197106,0.05306288069031106,0.011753115085733982,-0.095750402995422,-0.11326404430106289,0.056665725968605786,Cluster 2,Charadrius_dubius,Charadrius dubius,2.908130489008801e-4,FALSE
9.788338278325725,-0.4712000994676359,-1.455000433966033,0.5925753773579988,-1.143025446163258,-2.4487200649668095,-1.6310320199857862,1.270714246403407,2.968586981508219,1.4653336629720384,-0.5048828685869798,1.6676245153243525,-1.0848516584614198,-0.6366475014023782,0.9950773696846983,-0.8653082291596415,Cluster 2,Charadrius_hiaticula,Charadrius hiaticula,0.0021454280322025284,FALSE
-0.4909719379573605,1.2388408692963235,0.14990605102876223,-0.3396634242185914,0.03369694326249494,-0.06301827631818784,-0.25482395549116527,0.10610304103219106,0.1081875113806503,0.0036242100621697196,-0.06700504205626234,0.03872999817220615,-0.009808989286285527,-0.08497528245087373,-0.12047571379617737,0.057526016471080084,Cluster 2,Chlidonias_niger,Chlidonias niger,1.466866987122175e-4,FALSE
-0.46907003209114706,-0.43735643300985133,-0.41270613162447745,-0.5619475842894741,0.1750028680389806,-0.7597001865024716,0.8092340756217912,-0.646057903500809,-0.3103111900113594,0.15059177293731418,0.236888546697153,0.03843675296221676,-0.5616063186477352,0.42812176862890416,-0.08011181181749742,-0.04747046154896705,Cluster 2,Chloris_chloris,Chloris chloris,0.016188394596628568,FALSE
0.5818959430906745,0.08113666266915297,0.805911984164766,-0.512221590061763,-0.16419520695993822,1.1604139941224607,-0.6362474002484627,0.22703746587710197,1.7931941276594483,-0.003786860093169007,-0.21827697293905482,-1.7567283633550808,-0.15323825308455843,0.5013738606245488,-0.08834058014048836,-0.6870800523048513,Cluster 2,Chroicocephalus_ridibundus,Chroicocephalus ridibundus,0.004400083657091775,FALSE
-0.501762777199675,1.2312381228354359,0.15360465184942365,-0.3688319590942753,0.04927737087890726,-0.0714025439430057,-0.30415937260172904,0.11151180424579894,0.11066912002366025,-0.005543242802090667,-0.05995256121942438,0.03971286055021791,-0.010894272613046416,-0.09327395560362702,-0.12082535358853526,0.06238135741419335,Cluster 2,Cinclus_cinclus,Cinclus cinclus,8.928643888176941e-5,FALSE
-0.4421499931040295,1.2272936812739548,0.14891848312512898,-0.3631421102649084,0.03485220933161621,-0.06561595346672959,-0.26725031530656623,0.07286870527166452,0.07968302028727998,-0.03409393037932741,-0.06484052326596029,0.007499635313330915,0.009459137813463234,-0.07041719016063959,-0.1372519911022314,0.05261165948757383,Cluster 2,Circus_aeruginosus,Circus aeruginosus,7.877597778330757e-5,FALSE
-0.1982460800086987,1.2391418311403348,0.15238201146256658,-0.07748049656203837,-0.1469507062606698,-0.015193587338543542,0.27625037302008937,-0.014569123929934024,-0.09062651653171631,0.08565714754677274,-0.20903276556038605,-0.19062723317876423,0.10183934718653026,0.095893809616537,-0.2323421913743599,-0.011989714211575266,Cluster 2,Circus_pygargus,Circus pygargus,2.766361298288438e-4,FALSE
-0.5847867905999081,0.9649031976865757,-0.06503108216618145,-0.3107632144842501,0.15119279429753243,-0.19069450126873064,-0.25309244880744547,0.08847934933635467,0.10052316141560105,-0.013589410281480299,0.04101654217135294,0.015051181898553612,-0.10690586734366336,0.06778732203834259,-0.08992055962942742,0.06051493878814752,Cluster 2,Coccothraustes_coccothraustes,Coccothraustes coccothraustes,0.001857707593048229,FALSE
-1.4647224052812995,-3.028435637949572,-0.9691071453741127,-0.9158350740927785,1.25257757367287,-2.148373152665588,0.4890098766566575,0.7102417001874338,-0.41196125023103947,1.4177226739536917,1.0638906080710926,-0.09684365053950647,1.4962454308022284,0.6834932652642257,0.09064567487869304,-0.3714161270032226,Cluster 2,Coloeus_monedula,Coloeus monedula,0.013254848252006637,FALSE
-0.4937419671191005,1.2259649254128775,0.15571821135294248,-0.36737550654060824,0.04297911503800444,-0.07273290034733586,-0.2890033664614168,0.09477898865151367,0.1030634891491175,-0.01112929536170836,-0.06660881004557465,0.04035604570145839,-0.026417901574125612,-0.09021180336793112,-0.12206169405810634,0.06184082022244423,Cluster 2,Columba_oenas,Columba oenas,1.791734329445091e-4,FALSE
-1.1925685907769215,-1.6732345650906388,-0.8838911562972472,1.2824401913248205,1.3235490345669407,-1.1565712300692033,-0.0970735447712134,-0.7031146648326148,-0.045024639968861475,-0.64903448071622,-0.5118171196756589,-0.2644257795739285,-1.1014710670349896,-0.5586032167526349,-0.1571447574860994,0.24742574481928553,Cluster 2,Columba_palumbus,Columba palumbus,0.021073107604297835,FALSE
-0.3924527600457438,1.4228454357109404,0.18698642435695678,1.8760859195155855,-0.35017829260070943,0.6203105667875003,2.226060726165813,1.2431689240355221,0.43277186527606304,0.7226813187694014,0.4208815270112364,0.12518700485630505,0.28248307808137807,-0.30425968316718793,-0.01887486360295137,0.02937617415081773,Cluster 2,Corvus_corax,Corvus corax,8.567822353116773e-4,FALSE
-1.0763233537215855,-1.3267609053981746,-0.4536066416723166,0.6027390436693044,-0.9593560999891865,1.1590486338423647,-1.1288887974016082,-1.2234818933335696,0.6460645960150616,0.6635390162691659,0.24922909709109847,-0.08785739906588753,0.4460960800554915,-0.17434449076239752,-0.03966410712411268,0.05191291465845516,Cluster 2,Corvus_cornix,Corvus cornix,0.01720382061483288,FALSE
0.41574755842263095,1.2693407995515462,0.16580950973688005,1.2678487972099126,-1.077741358811762,0.329239351405704,2.3184181500417567,-0.23288145742036925,-0.5981142299618634,0.6921101132717452,-0.5710806165248866,-0.3615741225788845,0.48317132044286343,0.5743754011262735,-0.30740503575259215,-0.314654089733775,Cluster 2,Corvus_corone,Corvus corone,0.0012168666019660925,FALSE
-0.2153553686154132,0.049495273197864155,0.6709297066780147,-0.518520301495498,0.14161444493400388,-0.8583369943490453,-0.3692080749746848,0.7667746285684602,-0.2645008448302224,0.6376154774108422,-0.1917714820478624,0.06774755157782772,0.72851149393643,-0.16970236361595278,0.34675067486098105,0.5464492023767121,Cluster 2,Corvus_frugilegus,Corvus frugilegus,0.0018756794416387892,FALSE
-0.5043412447784096,1.211247491850856,0.1694118991685814,-0.3727875612390507,0.03988229648979379,-0.04178099254904796,-0.30375122117185066,0.10227613572350266,0.15473812044616156,-0.014453938761701582,-0.06887600848107933,0.028309734710006355,-0.013279958760515395,-0.073226033362772,-0.11766024510262531,0.06356403879234254,Cluster 2,Coturnix_coturnix,Coturnix coturnix,4.440683085211965e-4,FALSE
-0.4813233264259995,1.216068997488555,0.14392258621116052,-0.35832566337043475,0.05943370278080542,-0.06629969528263278,-0.2960147574670578,0.09562511522440004,0.11828774682257703,-0.04629320940622689,-0.03699349293103171,0.05687605450761562,0.012750220638988145,-0.11181713935759087,-0.1117023026628886,0.056218018545953964,Cluster 2,Crex_crex,Crex crex,5.668313579280612e-4,FALSE
-0.38903749763095313,-0.018789973370152185,-0.42129733311213957,1.0131499988166366,-3.049582187214587,1.718773674891023,-1.8120368798245785,-1.690598431431279,-1.7419913412471022,1.4423768876196892,0.687610437467808,0.6253372825764113,0.4204740702854422,-0.04240661413932171,-0.11670340315658508,-0.16483156028344614,Cluster 2,Cuculus_canorus,Cuculus canorus,0.017227486985198416,FALSE
0.06430908142725576,0.5293187694058342,1.0064046227752816,-0.8354572406179248,-0.4414632023313863,-0.26950568441321976,0.8021375579693579,-0.5978630077490105,-0.5762402499171511,0.019661177940270988,-0.225946440934315,0.23166300903907025,-0.8028393487607317,-0.27781542496901124,-0.2610967606388096,0.03480847521148984,Cluster 2,Curruca_communis,Curruca communis,0.020011406960780687,FALSE
-0.7939004719139952,0.32125784117365164,-0.8438239187886608,-0.7366800941124729,0.2709831815727775,-0.5129077651352273,0.09499936763217119,0.21758547137287465,0.07516932008655515,0.26328527167606647,0.8809933492451503,0.02444382831342281,-0.29109743617058664,1.0264842847268503,0.08109339532994463,-0.0016972534382644307,Cluster 2,Curruca_curruca,Curruca curruca,0.018620775475200177,FALSE
-1.0086021657328594,-0.42744332209385266,-1.2588718013776397,-0.3038370469430288,0.6691781760244574,-0.7931922113524836,0.14787522412804074,-0.0916197278561964,0.14853367340552742,0.16848425508313036,0.7068109380031332,-0.08469606530717327,-0.3056680753985273,0.7786671145676989,0.06670217287153311,0.015949881242309623,Cluster 2,Cyanistes_caeruleus,Cyanistes caeruleus,0.017853735136529908,FALSE
0.5880380611611918,0.8619315708160115,0.40675205393666436,-0.2056052820181169,-0.2024542898453045,-0.06380463598084181,0.3738884199037365,-0.419120647950818,-0.3135003941218431,-1.2883692893153034,0.35405992848347095,0.6302428708522643,0.6064441637575991,0.06527838476076045,0.16953947121323731,-0.3413503991040196,Cluster 2,Cygnus_olor,Cygnus olor,0.0030644967201056946,FALSE
-1.6276263430352214,-3.0900993781687722,-4.248770253984493,-2.9991367444376738,-1.9987137903674286,1.405490609988189,1.3662618158818893,2.7654350478425083,1.0039909997079035,-1.793328808293812,-1.8520827460502243,-0.522592700508795,0.12016089057860334,-0.29109305734092733,-0.0428998275342697,0.03456128484986993,Cluster 2,Delichon_urbicum,Delichon urbicum,0.014188103373515991,FALSE
-0.848129489118967,-1.124699952016996,-0.8953935653042154,1.776313349608137,1.208372677727897,-0.9945420947885972,-0.5260342214971877,-0.28560716492562865,-0.1809401974931212,-1.518860015869567,-0.3315173973817475,-0.07424832855388924,-0.8644255436641135,0.14772685327085355,0.08328001866629677,0.07745771656104702,Cluster 2,Dendrocopos_major,Dendrocopos major,0.010828736999990185,FALSE
-0.4989877448580126,1.2339593998773892,0.14945113470617175,-0.36827044088988936,0.04913551885558342,-0.06943880544905277,-0.30390472724967904,0.10829526336311357,0.1140957482814329,-0.006269827280879192,-0.05924935608237766,0.03880160650395092,-0.01667681458370869,-0.09483308887882613,-0.11886731660602949,0.05957213601575035,Cluster 2,Dryobates_minor,Dryobates minor,1.0805663233309658e-5,FALSE
-0.49310981767880735,1.1361251324216646,0.24186995782608242,-0.2702802288150376,0.04959379299592439,-0.1290466131882799,-0.27855546267330117,0.27622115037394496,0.06105774898587678,0.07363218161107245,-0.08048453037336153,0.02563676078440976,0.0654370670693955,-0.08588228032919823,-0.0965774483417202,-0.003635838636546092,Cluster 2,Dryocopus_martius,Dryocopus martius,1.1089495001270239e-4,FALSE
0.15300433342261235,-2.848435899167097,-0.952444271191272,0.2158997617047746,0.13357243400159424,-0.9699384327458576,2.9425876072455655,-4.49336261382579,0.6439898237564742,0.35748374932701243,-2.912157961232758,-0.7482510963245927,2.155991773618459,-0.7260554439217266,-0.3587782299328408,-0.8759038493781873,Cluster 2,Emberiza_calandra,Emberiza calandra,0.020863785170854177,FALSE
-0.4296431559529814,-2.520572586186273,0.5932124141353272,0.2890181497820952,0.8189716519870577,0.6748258732877598,0.3442985230551872,-1.488573151461029,2.4313122469575905,-1.3802434808100756,-0.363140754637781,-0.13364485252328967,1.0293722156111322,-1.3163114372380684,0.09029575733986997,-0.025237406368332736,Cluster 2,Emberiza_citrinella,Emberiza citrinella,0.022182636195675287,FALSE
0.48756491756121717,0.2582219563162143,1.332241882498673,-0.9921346339621893,-0.8255397883638463,-0.43316061147695656,1.5263737670772617,-1.180637184396861,-1.045746278083046,0.023959970171668274,-0.57853005646543465,0.27744597161531687,-0.9913401481700251,-0.10409670721064672,-0.32137517932186543,-0.1121897797504185,Cluster 2,Emberiza_schoeniclus,Emberiza schoeniclus,0.015034380236771195,FALSE
-1.0920062645089184,-0.7127663846399557,-0.9433093530642523,1.0364643056693361,0.9592585121952723,-0.9310979727308298,-0.3735831322913381,-0.18918496846360744,-0.0792426411505203,-0.5989367150010839,-0.28783796836331693,-0.2517534849023692,-0.8975859384410254,0.3644512849290372,-0.03222714444723075,0.13504311856105158,Cluster 2,Erithacus_rubecula,Erithacus rubecula,0.01807973803171011,FALSE
-0.6641419191167856,0.013597719488126457,-0.5129035289690482,0.7672761941140385,-2.1161830739197023,1.2599980056299387,-1.6921971320159832,-1.0058107154186628,-1.208161199673593,1.0908142907559009,0.8698474767742046,0.4900624667228366,0.08489091282620828,0.024276499189754625,-0.06818800046666489,-0.010339883423362114,Cluster 2,Falco_tinnunculus,Falco tinnunculus,0.00791540194110588,FALSE
-0.5288132149118623,0.29961313803775774,0.9061976284948677,-0.5421255008038353,0.07165891371695361,-0.5414817000896103,-0.2294037369619698,0.6511717709804926,-0.421528661780873,0.2458259342551229,0.02280857886334354,0.12296024623451735,0.03335192813854299,-0.09547463733187476,-0.15119752764293934,0.010172723623128798,Cluster 2,Ficedula_hypoleuca,Ficedula hypoleuca,0.002028441852502556,FALSE
-2.257966615445514,-4.800005670824492,-4.493428537596164,0.19541317841593361,2.765009425032414,-2.3692381097202886,1.3960738830067478,-1.9611941067527994,1.0368387696388408,0.8867562328297933,1.2664303582567318,-0.5068123595096481,0.6614058642779873,-0.18390630761343676,0.13549641285826192,-0.07485672348051106,Cluster 2,Fringilla_coelebs,Fringilla coelebs,0.022149965422287733,FALSE
-0.3340458127666864,-1.0303305008281363,0.7672184587059194,-0.2341326193896066,-0.6908390570873053,0.7901149213384578,-0.2227188666782099,-0.8408598702013252,0.24154045195309268,-0.10409898622513333,0.7360439776932024,0.41951678860573977,-0.3294942760808318,-0.8190223454652985,-0.0633201269374722,0.16156632352339853,Cluster 2,Fulica_atra,Fulica atra,0.008779485627639938,FALSE
-0.42572958134677213,-1.6623831842746748,0.4674057818134054,0.7430163152424376,-2.545024357565001,2.5526601316948,-1.4239934356246207,-1.9342588992232848,0.6900631141672365,0.5039072306268951,0.33184614844028415,0.1918578590798106,1.0030179057297217,0.13206061512127346,0.0889343165912892,-0.18134861457060766,Cluster 2,Gallinago_gallinago,Gallinago gallinago,0.008653111187310268,FALSE
-0.7094070174178295,-0.7017667564358929,0.6449953921712281,-0.6499505261205941,0.17083150776903674,0.3500891575276407,0.2368142691688128,-0.5714303639334924,1.2981776774032328,0.007745978807893034,-0.1727457107168228,-0.2261599879283431,-0.13693758569426673,-0.3932634967678928,-0.13810954931228256,0.1684325623715798,Cluster 2,Gallinula_chloropus,Gallinula chloropus,0.011985539319510642,FALSE
-0.9158922150877674,-0.6184030388399426,0.5513812427070995,0.7227212604931268,0.6945496708348291,-1.1218856968326014,-0.7643672517887244,0.7270634459231027,-0.5492672249013405,-0.050523792152513645,-0.8266800154813688,-0.17395007965262643,0.5255662167028397,-0.16323183280327977,-0.14984883718063569,-0.10448316562498906,Cluster 2,Garrulus_glandarius,Garrulus glandarius,0.010706688547601408,FALSE
12.898872997140987,-1.2626496027700647,-1.5325550393440919,0.6959816999045465,0.20707579132166126,-0.48091119257444825,-0.4861345196799065,0.4940844846234714,0.9155174209241396,0.0876837346728905,-0.14420638002520123,0.9151928360889806,0.43615123642388687,0.7257799982109255,-2.6591347876907907,0.24119556597777234,Cluster 2,Haematopus_ostralegus,Haematopus ostralegus,0.0028746130995433985,FALSE
-0.5047870107611592,0.42158051295496135,-0.42091443156634545,-0.3291275518776592,0.2666107347100642,-0.4078443311991831,0.2992790222060001,-0.7073901522934647,0.16749830053184667,0.20717155444442814,-0.3223291436093823,-0.06095365261353262,0.4926885073769259,-0.35299977135962046,-0.1548014835389372,-0.09424504002957111,Cluster 2,Hippolais_icterina,Hippolais icterina,0.017910319881422814,FALSE
-1.1284105679541276,-1.453987092519191,-0.29953101099859014,0.054977760217279806,0.6682094213573695,0.2028528310587142,0.016194323309258782,-0.8722845122031565,1.8870447151319858,-0.12786221694740915,-0.5439973578998315,-0.5822058931082835,0.4383357283319648,-0.03973545511732369,-0.0332112821563013,0.051519706667146926,Cluster 2,Hirundo_rustica,Hirundo rustica,0.02174228987011053,FALSE
-0.19128904527796622,1.0111670253696878,0.017493277782777202,-0.032799791341937536,0.13166240364102005,-0.23601934653652473,-0.5359590939609256,0.24304226680358212,0.18054615158061063,-0.0010171025946692886,-0.20064148109287425,-0.1404494885709536,-0.489664172833799,-0.13292273728251397,0.18044360410361593,-0.4913106610512162,Cluster 2,Jynx_torquilla,Jynx torquilla,0.0017044186158118564,FALSE
0.21512534245112216,0.18944769954275878,0.6326828269071596,0.03552020279910391,-0.13868006129060317,0.14521963217495742,-0.5771171006605577,0.27910759346599145,-0.713546255011956,-0.4821109197094255,0.673774866348753,-0.26145272690867855,0.1562611028910016,-0.2851861259570404,-0.38436071764117175,0.11190041347841664,Cluster 2,Lanius_collurio,Lanius collurio,0.0029625116743999392,FALSE
-0.49755969653338006,1.238242568428172,0.14202430923561457,0.014046224030361444,-0.08284025164991346,0.06677288628781951,0.04235048321338846,0.2428465299426468,0.11126259829784851,0.1503711219694021,0.0035618625165241453,0.05002781019589116,0.004243391197352702,-0.10337751936890828,-0.11143284681604894,0.05868589577383577,Cluster 2,Lanius_excubitor,Lanius excubitor,4.4204271117233106e-4,FALSE
-0.1290213134085564,1.1840791071406938,0.09465870493903637,-0.34132851264303704,0.06465508254923596,-0.07488528307007011,-0.37220860163493275,0.17255019365256413,0.1519504287786342,-1.404356705186352e-4,0.014147839610618513,-0.13474610637908696,-0.040208097879196464,-0.1671187242787762,0.026329233021081814,-0.024715444398258495,Cluster 2,Larus_argentatus,Larus argentatus,2.1824255856383004e-4,FALSE
0.2947099004031372,1.123875941620076,0.03380074894791838,-0.30724479818154893,0.0695038098007729,-0.10291786421607568,-0.44981614129806585,0.2449238135754476,0.2078888853714367,0.0073438476509094,0.08111081594278603,-0.2756256486034766,-0.05568245534782816,-0.24431215528865888,0.250335764569307,-0.061774362011031106,Cluster 2,Larus_canus,Larus canus,4.5869804158093965e-4,FALSE
-0.4843659764975312,1.2325871928317425,0.1469618697804851,-0.3681266420415535,0.04941229586235866,-0.06934918355815685,-0.30597854536402974,0.10992437245498175,0.11561285876888852,-0.004446738517468846,-0.05696148934080428,0.03066995181933426,-0.018731509619625546,-0.0977406673509799,-0.11358474708816622,0.06058733357203978,Cluster 2,Larus_fuscus,Larus fuscus,1.3542159272326387e-5,FALSE
-0.4819372889101894,1.2334889931526396,0.14513073374270588,-0.3677893261440582,0.049510894776211276,-0.06892168980456045,-0.3067279341587477,0.10969562312507793,0.11689805580332216,-0.0036701105625706544,-0.05696321861804596,0.028715816440565277,-0.02019904570722897,-0.09827563340078413,-0.11248345458328811,0.05875785965626341,Cluster 2,Larus_marinus,Larus marinus,1.3733928290659124e-5,FALSE
-0.30910334795208755,1.1955438698596363,0.13283543482380875,-0.33706198188255804,-0.06034056609222647,-0.06113612646210541,-0.21441082674178352,-0.03017772523612477,-0.012816292270685321,-0.005797029550634403,-0.12088601368272235,-0.0528875076299208,0.05094104340634228,-0.008324839704321135,-0.13006502046624788,0.08356337664420717,Cluster 2,Limosa_limosa,Limosa limosa,1.1565035372009664e-4,FALSE
-0.2717422357999767,0.39450677538060414,-0.2096836763405311,-0.9292565089078337,-0.20649124766558777,-0.4988219885403123,0.7311949412861616,-0.3898857108047122,-0.3316819741067584,0.2719676728177588,0.32911528855992933,0.09687925623343749,-0.301934360551731,0.8107515207002911,-0.04130721499626959,-0.13152153877797404,Cluster 2,Linaria_cannabina,Linaria cannabina,0.019228840096627453,FALSE
-0.49647057417830737,1.2354769096886822,0.14881522927501287,-0.36841899962486363,0.044549596921424066,-0.06975629810529958,-0.2953275895504109,0.09867162160431664,0.10948189404477449,-0.008261061472793199,-0.0649004203007873,0.0392333758949066,-0.014516771636808246,-0.0889847260874347,-0.12100621485091122,0.060842519123181595,Cluster 2,Locustella_luscinioides,Locustella luscinioides,6.229933994453654e-5,FALSE
-0.48754337874157716,1.2647067757634718,0.1342350350993276,0.013801822745212617,-0.04485164498877905,0.03918036675308682,0.19190200262192245,0.29643876327342666,0.15297431712883108,0.16963305827689745,0.014844670060130342,0.039309714723105064,0.02042972889769836,-0.0720937694359785,-0.10573033665012214,0.05063652692076926,Cluster 2,Locustella_naevia,Locustella naevia,0.0018839083967052126,FALSE
0.2971636673142464,0.6629658742585485,0.156627065498534,0.4416526629019606,0.053665626674314286,-0.22896052928217603,-0.020700691609534878,-0.2399532631367041,-0.3494540549100984,-1.5101640521715896,0.08661086784295684,0.4529368750264693,0.22650232181350136,0.3183817558624127,0.17942211489522042,-0.26640858752126867,Cluster 2,Lophophanes_cristatus,Lophophanes cristatus,0.01352693258176043,FALSE
-0.6043219414987279,1.213373290746709,0.13348567615609874,0.9927335774195495,-0.037504588675251714,0.20744825870848443,0.7732142529890493,0.8016091193183416,0.24485916868336707,0.28769657327192155,0.10354913543266675,0.009319126044073612,-0.17150440910137665,-0.1267753061536138,-0.08139578421361941,0.12120226679565184,Cluster 2,Loxia_curvirostra,Loxia curvirostra,0.002362573978888184,FALSE
-0.5131107383424018,1.2834853274353653,0.1547648911499871,1.4199528573715223,-0.21645643853660568,0.32363855088860455,1.4213879739710285,0.9188907011223586,0.23364282639570907,0.4924493397227459,0.08247390494059267,0.005496501746293647,-0.07568749619919474,-0.07484002686096985,-0.07376561136992359,0.06734514311264109,Cluster 2,Lullula_arborea,Lullula arborea,0.002429153218750111,FALSE
-0.5627521740359939,-0.8718429026243073,1.7351021372255413,-0.9931173491697884,-0.10226002523646073,-0.05625794223751859,0.10680779868246253,0.4226411080688712,0.4317337311104771,0.30215310102198756,-0.028533139707943748,-0.03469195013675345,-0.03836679404009731,-0.12020874934064568,-0.1555727180238263,0.06988084755247961,Cluster 2,Luscinia_luscinia,Luscinia luscinia,0.0024907596794464973,FALSE
-0.49842802736847613,1.235451691329754,0.1480473381672278,-0.3686356439494728,0.049175871509361715,-0.06781154867552122,-0.30286227133142923,0.1062649400376682,0.11424313662335836,-0.007497987717096442,-0.05829673218540593,0.03751999512496871,-0.01680473993407319,-0.09455245501366838,-0.12017942058322871,0.06482034379617443,Cluster 2,Mareca_strepera,Mareca strepera,9.413645727609364e-6,FALSE
-0.4999489872356556,1.2355584844837595,0.14841356002063802,-0.3685741037980523,0.049130770572254893,-0.06770429531663703,-0.302466978478241,0.10594132085854302,0.11419396177539198,-0.008568934261106102,-0.0580538674175336,0.03926785419773852,-0.0163634607113361,-0.0943743234200676,-0.12049718301715114,0.06408173628236002,Cluster 2,Mergus_merganser,Mergus merganser,3.7064430447690674e-6,FALSE
0.5956332308895271,1.0175237306696294,0.021858345466585296,-0.2908574608586092,0.26431947226976404,0.08957135366443152,-0.419591535236025,0.25659609302714576,0.12030084282784416,-0.1316296809809859,0.13317017768762113,-0.014404485378466182,0.08696971546971935,-0.14674914814571244,0.01140448007663983,0.2197043075113697,Cluster 2,Mergus_serrator,Mergus serrator,3.273387276463742e-4,FALSE
-0.49540464459199923,0.857292169491311,0.37073613966162017,-0.2483659200801634,0.08864333827582581,-0.16963490863402114,-0.21677425582836374,0.08581806928498152,-0.061759238978775166,-0.157947591693234,-0.05481315648809351,0.07402223609808858,-0.5309627605528264,-0.1842318651733584,-0.15179717120682315,0.15028857810871318,Cluster 2,Motacilla_alba,Motacilla alba,0.017023892915982396,FALSE
-0.5245369821824749,1.2464641624840818,0.13785818011061268,-0.04301520694337964,0.013333977609655621,0.018749982597676424,0.018693277716280085,0.29762610694255465,0.16431204420986728,0.10730061836777918,0.018278960437699006,0.038111381504553975,-0.025213421862971635,-0.1058096211629463,-0.10847221163136729,0.07519738941015744,Cluster 2,Motacilla_cinerea,Motacilla cinerea,6.422015682403778e-4,FALSE
1.6075883618733007,0.8063216309748243,0.19490190948893701,-0.28517303996379423,-0.7220781066477965,-0.6836794042157405,0.5679951852662958,-0.7119702631929345,-0.33801223788790147,-0.13450678269613947,-0.7754098429849811,0.3001818154457207,0.39406908967851556,0.3996563655217608,1.282435401961373,1.3783419888671837,Cluster 2,Motacilla_flava,Motacilla flava,0.0025980280693692205,FALSE
-0.5578538793260414,0.7894554755300556,-0.13421157346333032,-0.14212405210745516,0.16908569856983888,-0.2942198762862699,-0.16018268248119874,-0.07381545711948231,0.010443951773756673,-0.08575905748730485,-0.13360632705854386,-0.02434100823219757,-0.1404186632277959,0.13366867269892824,-0.09482383319546252,0.02212225946275615,Cluster 2,Muscicapa_striata,Muscicapa striata,0.0064821463582954144,FALSE
-0.15431329462832102,-2.6434197814050826,0.587087623695229,5.496421875544548,-6.413351446613132,6.96480877656265,-0.10650761524917975,-0.7020538694240326,0.2719931703134249,3.645214119238256,2.358787825414145,-1.301502036583657,1.2018384565122249,0.7440195300374096,-0.6333737902863328,0.2890410148811342,Cluster 2,Numenius_arquata,Numenius arquata,0.0025425132753618823,FALSE
0.6217456114845753,0.1357535197248129,0.08371733421014392,-0.14092235591237123,-0.9999507757310696,0.09793524019290173,-1.1256419801422142,0.13061119715285227,-0.2232220006969567,1.218257519701486,0.4385605749773746,0.070760854592992,-0.5887413416509463,-0.608990703988306,0.9430211105570947,-0.5238735128750783,Cluster 2,Oenanthe_oenanthe,Oenanthe oenanthe,0.0032035053504442016,FALSE
-0.338868364182822,1.2104220079669958,0.1432580629314559,-0.3724832724295904,0.058850316899588216,-0.025854057455212555,-0.26216800985422356,0.07584048636368336,0.02189719386986252,-0.020536986662999263,-0.030094471297806433,-0.19867828737567367,0.008511941978268711,-0.0711755851035351,-0.2494943454578008,0.09415844339062293,Cluster 2,Oriolus_oriolus,Oriolus oriolus,3.2315951175501147e-4,FALSE
-0.4919936469823923,1.2283348111110033,0.1459199034026745,-0.36058500544945044,0.02386446604694719,-0.06153642297043378,-0.29790768247972815,0.08299503743489191,0.09540347250385767,-3.899758039338337e-4,-0.06597919782091188,0.04202428828826248,-0.010374893927175763,-0.08442533103151663,-0.12114674140991961,0.0571614930022133,Cluster 2,Panurus_biarmicus,Panurus biarmicus,4.3229950980129194e-5,FALSE
-1.5243549089874038,-2.223121521635147,-2.5516645683984547,0.013908389844499004,1.5304603885601584,-1.4534995180996821,0.6021133547043008,-0.8171645969572716,0.46297409452928623,0.37970505291439904,0.8830414044540023,-0.26830122546697793,-0.020923862223028434,0.44680741093671844,0.09781597078713497,-0.010672609025771464,Cluster 2,Parus_major,Parus major,0.021817128885098874,FALSE
-1.7936523808254117,-3.478732513144098,-3.5743369466273904,0.10472053224773137,-0.35672326974578095,-0.08644332197912309,-0.3226983973852755,-2.1180094225786137,-0.21156643082118992,2.1659855378939707,2.383356290882366,0.2459568121647532,1.031555866622291,-0.13715896475981307,0.1288685704619218,-0.10864543830406918,Cluster 2,Passer_domesticus,Passer domesticus,0.021541405412750736,FALSE
-1.0540354421133824,-1.2177843027266704,-1.2014900527325416,-0.4437635331039896,1.0513502689390766,-0.8585016331233087,0.6029734377157083,-0.9395399316003248,0.5073425052133685,0.4718950791911146,0.4149903639848258,-0.07079537217629417,0.2503407009859563,-0.8937952683989954,-0.13808285072914933,0.08434069169633215,Cluster 2,Passer_montanus,Passer montanus,0.017801923827064966,FALSE
-0.831914655134578,-0.22844758291142336,-0.5191971758036171,-0.05361211951208203,0.8639540669142127,-0.44847241491283635,0.13861750118348704,-0.9836360576752379,0.6085642691839154,0.24223294906224085,-0.44903465405386117,-0.10316184146517027,0.7093543853144832,-1.695024590118061,-0.2806707659061582,0.09049242372341096,Cluster 2,Perdix_perdix,Perdix perdix,0.014535396351572308,FALSE
-2.151448540910873,-6.204909893930648,1.0929343880137479,5.788300732728019,-1.793435108061687,-1.0200119426968213,-5.130036758178486,1.3031956019432125,-4.7416391873092,1.056640320644134,-1.0182661338903336,0.15260135327767413,0.7743206746721661,0.6127585685955655,-0.06428575013825995,-0.4170181862439696,Cluster 2,Periparus_ater,Periparus ater,0.017649984663265103,FALSE
-0.5190336150157544,1.1639818110302875,0.15571150687197416,-0.30696905174128325,0.07669131940646697,-0.10797589398705784,-0.3250076832740511,0.12609003819902007,0.08646059766572664,-0.0271043185906421,-0.09217803306522261,0.0292490242361264,-0.024356279790085183,-0.0854352066899975,-0.12077546983961497,0.0612329984810999,Cluster 2,Pernis_apivorus,Pernis apivorus,4.2309427728257044e-4,FALSE
-0.5150104055247618,1.1926305295856672,0.09639024257294693,-0.3991667218316684,0.057914171068751456,-0.08848035898233332,-0.27759152828994454,0.11098864870664922,0.11514880708995706,0.01277001965598,-0.0037400451285248375,0.04044129245067087,-0.023271674481533767,-0.037449737023460945,-0.11019595390830743,0.05947491330547872,Cluster 2,Phoenicurus_ochruros,Phoenicurus ochruros,2.2283597351389767e-4,FALSE
-0.496166351379289,0.7833513269735995,-0.1784517207736453,-0.18119876049590872,0.060762134391367816,-0.3529383753035015,-0.05565021269119054,-0.05891842434444194,-0.12732751401648185,-0.10119500335445741,-0.08603614686930354,-0.022248802314250506,-0.25576678408470915,0.505193313314036,-0.05874010750768628,-0.026165005566029208,Cluster 2,Phoenicurus_phoenicurus,Phoenicurus phoenicurus,0.005768858642350406,FALSE
-0.21463462435333294,0.5676142446213059,-0.06476132741585494,2.0569937603301343,0.1806722218400776,0.18868371515629775,1.159308964323287,1.1082561312234709,0.1202059060231227,-0.8404469564703985,0.7992723631677467,0.39204765691632953,-0.12999016364391575,0.17095096854995173,0.24464440086262806,-0.021720486418978276,Cluster 2,Phylloscopus_collybita,Phylloscopus collybita,0.010266358304303294,FALSE
-0.39849080650449864,0.20573924570446792,0.5745588861189812,0.19805278476375762,0.279386091482897,-0.5657216062979484,-0.4898645994625008,0.6337155847240153,-0.43420836838262644,-0.576699110921018,0.02107194691541251,0.19829406934532842,0.06012691432135337,0.1754207227138797,0.012107528786132736,-0.07085181309988751,Cluster 2,Phylloscopus_sibilatrix,Phylloscopus sibilatrix,0.004109295488241611,FALSE
-0.0689250808426956,-2.656831346472215,2.1086394425467088,0.16467644407560883,-0.3017098243562054,2.648152688504937,-0.31374410965450217,-0.7298824925818468,4.571473855667384,-2.6735965691364227,-0.4310024254752591,-0.5226093614893812,1.3000173879562391,1.528028279018103,0.6340607536256526,-0.26351424741671947,Cluster 2,Phylloscopus_trochilus,Phylloscopus trochilus,0.02100725744635236,FALSE
-2.448065003246889,-5.7586116413676205,-9.15946107403525,-3.459203309429141,-6.265160893676628,3.0927935365420027,0.32387956829538,3.889015146560276,-2.609005068320302,-0.9292847018213121,-0.41003777239966366,0.5373038888455179,-0.12897694294991344,-0.8151546580904256,0.011096892559031611,-0.00803537741163032,Cluster 2,Pica_pica,Pica pica,0.019875997924516605,FALSE
0.15890005818402012,0.1715081248645364,0.06769138823025103,1.2207796656843952,0.5412400699557284,-0.2955194688659699,-0.5961909803088253,0.2079679704317153,-0.30601953417716665,-2.380737861621405,0.4521809489939432,0.5893124776819437,-0.21371238712997137,0.2533911793196417,0.3283744933140127,-0.13299742845906715,Cluster 2,Picus_viridis,Picus viridis,0.006059838490448431,FALSE
-0.4150198364414144,0.821592018601434,0.2659255470785436,-0.20951235499228232,-0.18231085636956082,0.2931505876325739,-0.44770579932732524,-0.0053526009752030675,0.3337336044471281,-0.2560773875830356,0.11284632989046325,0.09825817551657559,0.11178608540682876,0.1007521379437293,-0.01513062851189778,0.014708767066546424,Cluster 2,Podiceps_cristatus,Podiceps cristatus,0.0014685262467868461,FALSE
-0.5101307035138759,1.0787515586618592,0.23415859377401882,-0.4026752564275276,0.037872126563404294,-0.008474282960681388,-0.2602929637071503,0.06006898066599214,0.22549007538156637,-0.016543606237853465,-0.07238083765709014,0.0164475829463333,-0.047701969266303615,-0.10275282679071317,-0.12180747224572515,0.07584598005307361,Cluster 2,Podiceps_grisegena,Podiceps grisegena,5.219040797982615e-4,FALSE
-0.5043456103909622,1.217276208704783,0.15430778894778047,-0.36434725824512987,0.03436073994440097,-0.04888757796991272,-0.3110875313342814,0.09937125796467872,0.12672239875119384,-0.005600413313101757,-0.057578529250943866,0.03671803748093188,-0.015384410575955344,-0.08375940023017082,-0.1189338310239101,0.06370126877385543,Cluster 2,Podiceps_nigricollis,Podiceps nigricollis,1.098584787219762e-4,FALSE
-0.4366142338543509,0.27544262992773133,-0.17053347762309098,0.07766962741876705,0.3664035128722877,-0.39388723136322246,9.835839175675158e-4,-0.35639486667870474,0.011665251537162243,-0.41460593467819196,-0.10217684325103012,0.08359570179571249,-0.023912090999638324,-0.24708819627811635,-0.0675073231842573,-0.0088784801974871,Cluster 2,Poecile_palustris,Poecile palustris,0.006967870650619601,FALSE
-0.4788970326503883,1.226719325081364,0.1558589413847789,-0.3669954389792977,0.042614494311417304,-0.06842774854976201,-0.2860467064779427,0.09347508645694318,0.10392823550613423,-0.031996452162052595,-0.05172511309638386,0.05132133203397909,-0.007143910806135827,-0.0914416686996103,-0.11579777079575733,0.05596589024848959,Cluster 2,Porzana_porzana,Porzana porzana,1.2872778888525172e-4,FALSE
-0.810339191806493,-0.2881688401933829,-0.5235689966072342,-0.3652027179682492,0.49794755705654803,-0.6269527964318942,0.1894727797676245,-0.13687346680419024,0.016337959805981402,0.06503590197943014,0.5006370596083305,0.01905568215746297,-0.6183052497996403,0.1906154551342294,-0.05148008356740659,0.1227374011583144,Cluster 2,Prunella_modularis,Prunella modularis,0.017402995040761097,FALSE
-0.5221638241888695,-0.31071617458466544,0.8082660682392068,-0.10871249744977828,0.2029425083355523,-0.22983166983349274,-0.26833328698106124,0.327167980657337,0.21224893154298982,-0.37029772815901735,-0.09435391574703948,0.016756948843489904,0.02030047189570182,0.09530514950569434,-0.029703128112240098,-0.003392018726804637,Cluster 2,Pyrrhula_pyrrhula,Pyrrhula pyrrhula,0.0037316284693292316,FALSE
-0.5091951560025352,1.1597802546530809,0.19473630516257864,-0.3848639370947448,0.03094423894569478,-0.018508710961848703,-0.2940372911654253,0.0977338836887337,0.19545356188623234,-0.020671253386262623,-0.06687073173640515,0.017793185783955216,-0.030166456542182803,-0.04405302149508989,-0.11353278627993195,0.06603030304388172,Cluster 2,Rallus_aquaticus,Rallus aquaticus,5.06640221280413e-4,FALSE
0.22142246155575587,1.085343652722574,0.1377206693240949,-0.33822723121928305,-0.03630858364195615,-0.1392479413550841,-0.21209828161585678,0.0424487051155633,0.03793018896703268,-0.09659396598696418,-0.023602193399887072,-0.11876120281519656,0.054045991295989484,-0.10122530880150524,0.1809248090739123,0.29461615541816916,Cluster 2,Recurvirostra_avosetta,Recurvirostra avosetta,2.49644625558138e-4,FALSE
-0.5159028627103623,1.246070901297518,0.14923215729662773,-0.13741934327855326,0.02562503937769272,-0.00836395151083582,-0.0929809581174746,0.23443481390770884,0.14569704309515738,0.06167848199135122,-0.018969814289036838,0.03751340885377238,-0.026836384993933742,-0.10913694474474274,-0.1141204085218664,0.07275180248988614,Cluster 2,Regulus_ignicapilla,Regulus ignicapilla,3.4208750814955735e-4,FALSE
-1.2570133010924431,-2.1507163157458766,0.7018177104871826,1.3766615900198957,1.2893975992791944,-1.9065063936566815,-0.9488507049447599,0.9214686391961595,-0.8461774065015295,0.11415128603651328,-1.4027700572621338,-0.33774319441611467,1.307730335269898,-0.6442796748589854,-0.2103600692288205,-0.24739779326341912,Cluster 2,Regulus_regulus,Regulus regulus,0.017786557769274392,FALSE
-0.5011143949575981,1.2354283954283432,0.14895057461106326,-0.36896037217994343,0.04896269322626883,-0.06781192752516614,-0.3020721720552632,0.10572420561147469,0.11407850278194989,-0.008114585221265977,-0.05836522878845324,0.03987906219596026,-0.017140717999680578,-0.09454102676588784,-0.12086955991431221,0.06392529882354422,Cluster 2,Remiz_pendulinus,Remiz pendulinus,1.3537992800457122e-5,FALSE
0.8082333311392891,-0.6747691199049195,0.9410221665185315,-1.027175716903511,3.0000718388930876,4.016568559619398,0.07043376776338625,-0.00744632317097041,-0.12628259058316813,0.17727411313717112,-1.0279078736442762,1.717538950400627,-0.07081126916180376,0.7592904614786858,0.4008176862534458,-0.054100505060626684,Cluster 2,Riparia_riparia,Riparia riparia,0.008930240871940205,FALSE
-1.0285430042170145,-1.3930814158710858,-0.4943373847350885,1.312985376098973,-2.425159726394688,2.0833352334574955,-2.2253929330836786,-1.8419546994026226,-0.5221716786916166,1.4182867158617833,0.751224402374772,0.38868532831112795,0.5641177319444474,-0.9484706114003749,-0.13550003674980712,0.09202369846221123,Cluster 2,Saxicola_rubetra,Saxicola rubetra,0.014330130469758718,FALSE
-0.5649092080807513,0.8359532639177732,0.3762248478698751,-0.13099101802685395,0.13200407245902168,-0.310060493889464,-0.4272270615225974,0.3581984055122886,-0.13442022455661506,-0.059668040696753064,-0.1988901928778448,0.0139471069387414,-0.05399057104891601,0.005744017998386456,-0.12178318152978852,0.03848575910717498,Cluster 2,Scolopax_rusticola,Scolopax rusticola,8.200042081857007e-4,FALSE
-0.48977466725912294,1.2347195070583863,0.1459139021026173,-0.36815882874914074,0.04867926838658009,-0.06983205898060495,-0.3065148366557391,0.10923259975160379,0.11908893759516812,-0.0021354697152919763,-0.05921894691797791,0.03560832194737342,-0.0235925043521553,-0.09898243241402989,-0.11181025567676504,0.04596860831243119,Cluster 2,Serinus_serinus,Serinus serinus,5.464957283025732e-5,FALSE
-0.43966908337396404,0.7821942566762359,0.012700345637158984,-0.19672702486032687,0.2386331030657645,-0.17340614415583003,-0.19927689252882053,-0.0458896195728911,0.12354799901997826,-0.28912707978668867,0.08970867406734415,0.13157550122549336,0.052222930252059666,-0.2508756999551237,-0.06396255095727228,0.03502741828335124,Cluster 2,Sitta_europaea,Sitta europaea,0.002511447205161579,FALSE
-0.19988884026660977,1.1499848750865724,0.16212839184373504,-0.3779881012984062,0.041622608505298454,-0.09174592472596528,-0.3125424142376882,0.13960176852495007,0.11875489672841394,-0.0059590123662625095,0.004200269572106146,-0.04367319296878122,-0.06201671732392294,-0.16886048373105186,0.02215767593952152,0.1743800789861559,Cluster 2,Somateria_mollissima,Somateria mollissima,1.821651462001514e-4,FALSE
-0.4704777237438712,1.1924610891386038,0.17081989319526256,-0.3584621201753991,-0.007220274510831553,-0.03380467533797133,-0.2811993054248265,0.053428020838870764,0.11278920380909571,-0.019776592779491498,-0.07721019982467434,0.04128055171192312,0.003864535096704549,-0.054760134129403754,-0.11470790830237103,0.045961230382736064,Cluster 2,Spatula_clypeata,Spatula clypeata,1.235212616290241e-4,FALSE
-0.4707465451542829,1.2317099530336957,0.150883594711365,-0.36465214444789834,0.02922447515267084,-0.07517729637250141,-0.2687279628894426,0.07269181550542543,0.09170006066313902,-0.023651345117352385,-0.07879074108911777,0.04414508859488358,8.259525065213151e-4,-0.07100388325473472,-0.11791790695220415,0.047253306268648994,Cluster 2,Spatula_querquedula,Spatula querquedula,1.2691555753965495e-4,FALSE
-0.34091298649997737,1.1787572707492735,0.09895547355981342,-0.2918721004757808,0.06395153237509717,-0.12072794664222469,-0.3867312602489689,0.16349169790204363,0.16821374684093499,0.04247922904175462,-0.09469419465318928,-0.03300871698437168,-0.1752967596384789,-0.14142872518765526,0.017665007738126768,-0.20176398975903287,Cluster 2,Spinus_spinus,Spinus spinus,0.0011617947971422301,FALSE
-0.297351554276259,1.2098151592734914,0.11793722218317855,-0.35316327660451996,0.04066017553616756,-0.08743110806077539,-0.3310135569607066,0.12971802423793413,0.14462070208511082,0.014684324986043051,-0.047608822998146505,-0.027087384370070952,-0.051298019859343055,-0.13319649876121661,-0.011423994007524944,-0.07198056077923451,Cluster 2,Sterna_hirundo,Sterna hirundo,1.3708217889110764e-4,FALSE
0.14239851414116406,1.143259114367486,0.05531721599119461,-0.3415749720732823,0.07553965565099731,-0.07851953619364825,-0.37642456200643826,0.17373281350668007,0.14765079986697105,0.10358587922637184,-0.06676735246977097,-0.17516289631530482,-0.0853398716342512,-0.16836257923220146,0.20779271509567784,-0.0238353647719046,Cluster 2,Sterna_paradisaea,Sterna paradisaea,1.8457088412451297e-4,FALSE
-0.04830870282865846,1.1653938656844036,0.08370730071112116,-0.3359882993880418,-0.004483797452143724,-0.1585086254396404,-0.33839043850524075,0.13511718822515664,0.19371505351730262,0.06729756526171655,-0.09127500143723265,0.018424384500759904,-0.05898069265947634,-0.1132419630207824,-0.02067755789667621,0.04880163342659187,Cluster 2,Sternula_albifrons,Sternula albifrons,1.5503047715770222e-4,FALSE
-1.1305814729313775,-1.3233406636438685,-2.8615517882818438,-2.016420001468049,0.41501091965688663,-1.3696559723868271,1.370382037127145,0.13465625872986017,-0.047315174531526456,1.1350542689435363,2.816625711968766,0.044515272688777606,-0.39115708562269486,3.4220833493848954,0.48625027527636466,-0.295797495742253,Cluster 2,Streptopelia_decaocto,Streptopelia decaocto,0.013990931649051784,FALSE
-0.4928198739075085,1.2352454265105004,0.14903976464544014,-0.36819501536329574,0.041098040435001,-0.07127157622735049,-0.2899182280708645,0.09318603365684171,0.10581883772375739,-0.008358941036641523,-0.06980014820457725,0.03882816916414208,-0.012872483689753453,-0.08494227140951162,-0.12116044466919836,0.058550129031727745,Cluster 2,Streptopelia_turtur,Streptopelia turtur,1.0381886777044175e-4,FALSE
-0.4382461622895824,0.19746135548629024,0.24873179401240184,-0.4576452055147482,0.09860038318500887,-0.4112742278958458,0.3098809003184592,-0.26425428294215964,-0.22217236323193765,-0.03154794086858453,0.09140638550299847,0.10570592952785252,-0.721572981959972,-0.11791546888161866,-0.15772429547582228,0.11392542023800659,Cluster 2,Strix_aluco,Strix aluco,0.003494828034919937,FALSE
-1.415841389831905,-1.7922628650809371,-2.9425681266789434,-1.6331305164043892,1.05179583924952,-1.3228660842561688,1.1728517386201622,-0.39327778366033556,0.5517571025149193,1.2127648284355999,2.3248763955951324,-0.0443518806954619,0.3083681117649537,1.600562267676355,0.29649510680690866,-0.15519705044228288,Cluster 2,Sturnus_vulgaris,Sturnus vulgaris,0.021546372743536657,FALSE
0.18610281628310707,-0.5237760721978523,-1.1213080286258925,-0.6243166144552184,4.197036824285404,3.0456999491869032,0.026531562249015782,-0.015923625152040783,-1.4322536911642298,1.3043268406073356,-1.1917189865321278,1.7426957574915711,-0.21628274491161614,0.8354976248941213,0.2938777798670473,-0.04489866914446785,Cluster 2,Sylvia_atricapilla,Sylvia atricapilla,0.01569359688417432,FALSE
0.29137842496646926,-1.629716853409007,-1.0984560816036255,-0.8162525459638208,5.183148841883258,3.4794413756624274,0.5491256991099513,-0.7912494541320265,-1.4474150913143309,1.7464377395936863,-1.6069113632257743,2.068040322165561,0.011797598225530611,-0.5824779717087829,0.15673371715193787,0.042554116843890745,Cluster 2,Sylvia_borin,Sylvia borin,0.018073193295996676,FALSE
-0.6422177810965879,0.5232744116928603,0.20286293563400623,-0.23614868637014386,-0.37315255168179345,0.45765979015811864,-0.5413932889295612,-0.0792218980943698,0.48619766424024496,0.08197692958471207,0.07126424052537553,-0.06195765964096001,-0.04065896625862557,0.38171994519613944,-0.036850311371247044,0.05524420141273199,Cluster 2,Tachybaptus_ruficollis,Tachybaptus ruficollis,0.002409607235725135,FALSE
6.822381729139327,-0.7052702115858659,0.02587824040829752,-0.6672693978644748,2.9025905805921886,3.0418574157933556,-0.09160365218496226,0.5852802026371478,-2.0110930088685115,-0.3190839138540437,1.1012652852040679,-2.5570377214305164,-0.24830637577000073,-0.6015906971878882,0.3817377551627192,-0.329972199653809,Cluster 2,Tadorna_tadorna,Tadorna tadorna,0.005636174295540196,FALSE
-0.433055860942977,1.2254620737753625,0.1418752655657245,-0.3623994522979128,0.048891552745152854,-0.06673725153513824,-0.30336413846522786,0.10747254931672717,0.1107611126232935,-0.020982332706454436,-0.044656160175046686,0.010826891335855413,-0.009804567631892615,-0.09930376228918673,-0.10424516359554382,0.048000869117263596,Cluster 2,Thalasseus_sandvicensis,Thalasseus sandvicensis,5.683925986805631e-5,FALSE
-0.355023950424579,0.7243954760011768,0.16548649615656083,1.9946615069316993,-1.3062052367716586,1.5310554405303467,1.0911773541956549,0.6528532015451408,0.11868319052730722,1.1583505332222708,0.6686535855603194,-0.3179768272789264,0.25791123439796654,-0.0875075632393847,-0.27204541733009996,0.1461279569712404,Cluster 2,Tringa_glareola,Tringa glareola,0.001109372734626762,FALSE
-0.505050210434237,1.216904947054173,0.1520696068599115,-0.3531287574814412,0.03680075147124317,-0.06555146071676145,-0.3189750384067079,0.10861605562826618,0.09806185938038786,-9.78817072958393e-4,-0.057168583499586506,0.04191785977237918,-0.012579512735772722,-0.09160817737300454,-0.12048577246730323,0.062180235996645745,Cluster 2,Tringa_ochropus,Tringa ochropus,5.383167627171156e-5,FALSE
5.689911909041835,-0.43297872938816057,0.08011310516210705,0.07999066145283944,-1.587076456406932,-0.6566675260769823,0.6433127995789705,-1.1126097995347024,-0.7453903602648783,-0.2047123805217779,-0.12187941266817587,-0.22353991175655005,0.2543912756642657,0.2538278396997167,0.20260749027248814,0.996038708052761,Cluster 2,Tringa_totanus,Tringa totanus,0.0030841241244222153,FALSE
-1.107453567854867,-0.7723621636686809,-1.2120708851784703,0.47787708869365814,0.92539386392272,-0.9343477912263112,-0.09395213433897588,-0.23748930416426656,0.06426583497284614,-0.23294565759434796,0.15482820140781442,-0.19772947377861505,-0.5841138898950111,0.4746223393140755,0.009825002362976983,0.0797865736035456,Cluster 2,Troglodytes_troglodytes,Troglodytes troglodytes,0.01966706984233627,FALSE
-2.2567667487936802,-4.8604036269241595,-4.032831128410542,1.2626527844822664,3.018603678859274,-2.3395814390010883,0.9752435942142875,-2.2860270105930565,1.0218542494978708,0.3441974837450045,0.157649107754586,-0.6398309170447645,0.5881441830677518,-1.2268358894095273,-0.04097328730921922,0.02610737008836348,Cluster 2,Turdus_merula,Turdus merula,0.022467783474453384,FALSE
-1.3675245420546394,-1.6558256395072457,-1.680358558314072,1.1057064778734664,1.376070534995379,-1.2944226911664147,-0.10219806075746794,-0.4955574716684433,0.0581785239841197,-0.4530719236516676,-0.0510200524308487,-0.3343889744942599,-0.8057893098558033,0.3950790984411174,0.014283746473285524,0.11152399340750238,Cluster 2,Turdus_philomelos,Turdus philomelos,0.020092109271065396,FALSE
-0.6419712960001803,1.0815261936236957,0.09679744015724095,3.985620386707168,-0.3748225426112617,0.6632452866790776,3.2950575979083347,1.9694327039562698,0.2820233747805563,0.8328508287834675,0.12741796731533658,-0.09427380605629748,-0.49950712170726247,0.07231053188527638,-0.00360873695131139,0.12396754991340882,Cluster 2,Turdus_viscivorus,Turdus viscivorus,0.006416505096600369,FALSE
-0.42353580193547674,1.2045664662905373,0.13186269391138555,-0.21628830963442774,-0.03552945413384533,-0.0729483622185544,-0.002406549353010992,0.012042952284334496,0.06368573841177351,0.05674832427802272,-0.16631560769285417,0.024872548185850045,0.06463734520679265,-0.05622077966858374,-0.12561990540786278,0.008238703467845752,Cluster 2,Tyto_alba,Tyto alba,6.575703078066551e-4,FALSE
0.3802163953009687,-0.6186097673351962,-0.4488286430397359,0.6817725014192785,-2.4541574348951403,0.4842647695352108,0.5029885768823292,-3.2306542952418376,-1.8197798014961317,1.1080561625559056,-1.0446561312180382,0.271355372210841,1.050063968830807,-0.059783354986791534,-0.27575141523564806,-0.6557207130278997,Cluster 2,Vanellus_vanellus,Vanellus vanellus,0.01968059065830139,FALSE
-0.3035278214832523,1.2102079824466174,0.12032234576073748,-0.3603933773571789,0.0812362688887071,-0.03355671768736717,-0.3374066413701141,0.143309649152054,0.09899965014376086,-0.0061488372055068154,0.00847030377940668,-0.16672971937419878,-0.03189986284886355,-0.1324805477330282,-0.1548876107249404,-0.02291070175983697,Cluster 3,Acanthis_flammea,Acanthis flammea,2.555374493480427e-4,TRUE
-0.9570010122410888,-0.9824837904360046,0.98914400751019,0.765095000328398,0.2927144914614065,-0.029609323324035576,-0.8254752157737673,0.4339201337697332,0.8453859824816602,-0.6253644113151947,-1.0702915566130542,-0.5432511948047719,-0.12031006928500797,0.8254585214492169,-0.012477248377278592,0.007076230755483973,Cluster 3,Accipiter_nisus,Accipiter nisus,0.007217295490071626,TRUE
-0.49608193722008137,1.2170003532019495,0.17148712117402518,-0.3821926516241798,0.04539770246608429,-0.06900930249735278,-0.28741775663181435,0.10210766528278167,0.10570630891584235,-0.00708948617976681,-0.049143973471653224,0.046197697362444744,-0.042982620820819856,-0.11083610050156427,-0.12422542562979137,0.06957121557549986,Cluster 3,Acrocephalus_arundinaceus,Acrocephalus arundinaceus,6.151408494827543e-4,TRUE
-0.41151960637941065,-0.08194500198021568,0.12857451844130582,-0.9354508435581281,0.09940971195649385,-0.45809849689416987,0.7051997493494974,-0.5041360246436718,-0.13008989654437547,0.28853196897647554,0.37299677301416995,0.1665312018855035,-0.5026285185510351,-0.311980069521343,-0.17089675066322668,0.08489704113471261,Cluster 3,Acrocephalus_palustris,Acrocephalus palustris,0.00991662828514767,TRUE
1.1623321407712117,-0.2711576096492007,1.8150256183340852,-1.0380803425959244,-0.7846732500093133,-0.31304842092903157,1.8164264661166998,-1.1968539437091401,-1.1969952209169352,-1.0466911134491421,0.3146561871981814,0.8953983017814477,-0.9261839272353826,-0.5233154030710984,-0.10231604608165625,-0.187883999867916,Cluster 3,Acrocephalus_schoenobaenus,Acrocephalus schoenobaenus,0.010186232652136834,TRUE
1.488409538372944,-0.7446720484299626,2.3794955763858425,-1.3364717756157138,-1.0158490192031477,-0.39859564857223195,2.413545331298194,-1.5229767529509828,-1.5622984095966268,-1.105653094517146,0.37662773513965825,1.0683214268061039,-1.4444481869096581,-0.7513889711619152,-0.17041999738719238,-0.1642898983840371,Cluster 3,Acrocephalus_scirpaceus,Acrocephalus scirpaceus,0.011275417217132865,TRUE
-0.059802056245229766,-1.2428421508868825,2.2579574532636673,0.0263846608406453,0.2652427541656226,-1.1740350006948685,-0.390591095667497,1.5078788528182427,-1.3630944210185574,-0.6954196728008081,0.23261388769594873,0.5932414705131343,0.4088213119104342,-0.2565330780480396,0.015090157710479961,-0.2156869111004182,Cluster 3,Aegithalos_caudatus,Aegithalos caudatus,0.007214053753402072,TRUE
0.48611386777644666,0.9235884440048835,0.2660655830158512,-0.05238612351366394,0.16675449501568437,0.13661449244310228,-0.18516175284804598,0.10318339568091409,0.061831298533003606,-1.7524434572457697,1.0276160612573182,0.837777226390691,0.8670124250822582,-0.2283601164632381,0.32535985502221343,-0.25656995756512574,Cluster 3,Alauda_arvensis,Alauda arvensis,0.016809935759812898,TRUE
-0.35229974223809013,0.5516085397294207,0.4103512314117571,0.45936489272293674,0.8075894785847008,1.7693386795346837,0.6991306612262109,0.7164930701207782,0.6217870752462235,0.5671532392007559,-0.4094438682278596,0.31931905407138605,-0.06947110399837626,0.60554444441977,0.09494581276464162,0.06855783375970334,Cluster 3,Alcedo_atthis,Alcedo atthis,0.0015773127740577196,TRUE
-0.37595331424425343,1.2109882553561213,0.1333351721022123,-0.35585726982094584,0.032762079608631256,-0.09900218360645181,-0.3153738049254466,0.11885801567442494,0.1517977227124464,-0.0033878454698736088,-0.058119098340259724,0.08432381939808342,-0.025116853099541862,-0.10118778772039923,-0.10777295806662271,0.057915477214175365,Cluster 3,Anarhynchus_alexandrinus,Anarhynchus alexandrinus,6.930684010841169e-5,TRUE
-0.30056235889547034,1.20461016872873,0.13459733105687122,-0.36640154548419746,0.06060064245463342,-0.03654531577971689,-0.28907103077588636,0.10014940012451629,0.058168016981665835,-0.013780973930474815,-0.01828462626792332,-0.1749655256248212,-0.017389816828164022,-0.10158650461875113,-0.18694117821690964,0.009295408356498091,Cluster 3,Anas_acuta,Anas acuta,1.3861630759945116e-4,TRUE
-0.44346332983711173,0.8205033413620704,0.2839768593503299,-0.20366033596080113,-0.4785800771838557,0.3553580494505877,-0.386970453215139,-0.26346144131216315,0.19525644865826894,0.08181148106471235,-0.19205123712703928,-0.01563339105346049,0.07870350498863729,0.21941715943682075,-0.09206776119741268,-0.014607184154338534,Cluster 3,Anas_crecca,Anas crecca,0.001396673809722894,TRUE
-0.8153334304298947,-2.52218512059635,1.5306562744269694,-0.629600580815656,-2.225063996940549,2.4420890082247744,-0.7168087199842925,-0.9706486931270907,1.42006844398596,0.6763366391775909,1.0287326497346552,-0.047015259185890536,-0.9930068371136269,1.0310288487933001,0.07074684909110847,0.2624536358455099,Cluster 3,Anas_platyrhynchos,Anas platyrhynchos,0.013558070716549976,TRUE
-0.30571011727450725,0.9980954103588462,0.4009414618335724,-0.4611311585982186,0.028835611617740474,-0.05070485072940094,-0.1323145591257148,0.06763905790131462,0.01920014265783204,-0.24994871386652062,0.1950208943255594,0.22128787575626072,-0.15865081003420034,-0.2838571085636535,-0.09126801878973424,0.07640939150400713,Cluster 3,Anser_anser,Anser anser,0.0026477865594220448,TRUE
4.670793345707424,0.3176945441022738,0.22237198206514497,-0.4681335349823597,-1.7585910026407658,-1.0969164181296518,2.141245587342237,-2.1991692651555477,-1.6399212777938317,0.9239344318331515,-2.268304719095387,-2.0899536515407644,-0.31336099576017895,1.0570463744738117,1.0113068185728626,-0.8899737654856537,Cluster 3,Anthus_pratensis,Anthus pratensis,0.009347323955398404,TRUE
-1.4344676256174498,-2.567818929741969,-0.4518076610945155,3.1615664940015464,-1.118739252723533,1.1621263654978604,-2.4343004332251215,-1.2949571738986947,-0.22927081217853595,-0.40960011187553386,-0.5908958684924205,-0.2692886913066336,-1.153144839940916,0.3518835262292365,-0.016915110487226864,0.23727338493502922,Cluster 3,Anthus_trivialis,Anthus trivialis,0.01231260416567298,TRUE
-1.1666206803237071,-1.2771434226831269,-3.8912290187151597,-2.6856290079755603,-1.6663907896478016,0.429897947010402,1.2090340339019687,2.55354760668937,-0.49350380388726706,-1.2113142924495075,-0.9329863565682709,-0.0401414157922449,-0.19514459505950743,-0.05852562427747256,-0.06216771575276349,-0.026787748145164512,Cluster 3,Apus_apus,Apus apus,0.006185625880069523,TRUE
-0.24800154607054767,1.173008055288033,0.17717072981805732,-0.3452035704296996,-0.044352853966719556,-0.08665751344969506,-0.09949004837367494,-0.0811361715058032,-0.0633335730979133,-0.1148440813124445,-0.1347534766284485,-0.058833095546974974,0.05741877272282458,0.02584315041594926,-0.17592007376831964,9.064136014317138e-5,Cluster 3,Ardea_cinerea,Ardea cinerea,0.0012751655644811025,TRUE
-0.49572610486204344,1.1623648743967392,0.20483153444084298,-0.36916095395740706,0.012053254514901572,-0.006812873687194,-0.28566518905403404,0.07320753906172518,0.20558640088100602,-0.03141851945324627,-0.11152861004515717,0.005517949468184424,-0.007876940724456091,-0.016120601242620526,-0.11264715358328657,0.053908874425718074,Cluster 3,Asio_flammeus,Asio flammeus,2.2178015002684336e-4,TRUE
-0.590692154490755,0.8706698882108931,-0.028464452213833227,-0.052758159324182916,-0.20134504199752698,0.12025833272496371,-0.565399377575358,-0.1674284269602753,-0.05368242561796283,0.157248759408174,0.02312393368806121,0.09072456322623224,0.039707864858476064,-0.2677806714010658,-0.1305352489806173,0.07022994182034417,Cluster 3,Asio_otus,Asio otus,0.00361302808563189,TRUE
-0.6395227644951734,0.9874545534536242,0.033962959319766915,2.921101781732906,-0.18760561453779476,0.4386301096894278,2.4139441708524347,1.391365692059116,0.28653664414499197,0.6376763302396377,0.032953962334703726,-0.0782419315915681,-0.2988953340054899,-0.10837720384163242,-0.04669256055903269,0.10752857930086981,Cluster 3,Astur_gentilis,Astur gentilis,0.0027940261208694583,TRUE
-0.5072088802329155,0.9733912997800088,0.002134627212253125,-0.36188120577020394,0.12435687181913387,-0.16560833438265887,-0.12435568922235408,-0.13568522983601158,0.1359976961346375,0.05588324589076195,-0.12916776228573662,0.015187604814104217,0.11554646701293868,-0.21936977978579567,-0.1367218244952443,0.028485951108764736,Cluster 3,Athene_noctua,Athene noctua,0.0025274041726250215,TRUE
-0.4887143297390968,0.9144044144029019,0.33251891573471865,-0.399334463849837,0.0205950237917814,0.10667043142377518,-0.24751136767556028,0.014728947580530671,0.4103158096329666,-0.1132173518365179,-0.08779271176536678,-0.0030605697644930712,0.006315935122769706,-0.06941439021502756,-0.09674255230433786,0.06609813788033489,Cluster 3,Aythya_ferina,Aythya ferina,0.0012216588452382436,TRUE
-0.574525744285096,0.6486595328291708,0.4320694783153641,-0.33530066534995706,-0.3519816331998266,0.49420041439159146,-0.471293044648286,-0.07198973712621493,0.5699598674419658,0.03833843286842116,-0.046341807099617605,-0.06373119225960978,-0.026144269756887672,0.20317967085731073,-0.07081667454072886,0.0727823550286664,Cluster 3,Aythya_fuligula,Aythya fuligula,0.001232983731179361,TRUE
-0.3808264696306927,1.2241773849024975,0.14465525534830484,-0.3654723710204816,0.013133576557241199,-0.06561301077304384,-0.2211254081204566,0.026577528476302945,0.0277956412824495,-0.015420828905949582,-0.10511262429432401,-0.08029134822309984,0.019653620437558847,-0.03199427244031917,-0.18361867510249552,0.04993930628000027,Cluster 3,Botaurus_stellaris,Botaurus stellaris,2.1377722421032604e-4,TRUE
-1.5430192113877703,-3.6150525038788404,-0.6721139370492967,6.576975516429516,-0.20418727675938206,1.2916735563554547,0.44319802054791924,-0.0816375891347737,0.7792730991718005,-0.8313441692552608,-0.5445729765810196,-0.40015914263907265,-1.0495800915891034,-0.22884726967060123,0.1838638723552301,0.2735335217244387,Cluster 3,Buteo_buteo,Buteo buteo,0.011138260825765281,TRUE
-0.08386887679784007,1.141108300746015,0.16005395512420867,-0.36366642556658296,-0.004440426153758116,-0.09113894923195835,-0.21037672634568758,0.03831603273474224,0.024295360217356853,-0.058503927289865816,-0.04221895486830092,-0.11648382451634014,0.008052155138890205,-0.0877414186359367,-0.033108842659377954,0.13135672933014228,Cluster 3,Calidris_alpina,Calidris alpina,2.603843116097181e-4,TRUE
-0.3268199239542001,1.1428121328650043,0.16358637152023972,-0.33705758212832365,-0.11069094172641554,7.098895737330071e-4,-0.2330158232801892,-0.05592394056260781,0.016048213080648504,0.03322399372690642,-0.12765519445438656,-0.08436302720025624,0.012527862743372092,7.860622582289175e-4,-0.15459621117196232,-0.018654362733190568,Cluster 3,Calidris_pugnax,Calidris pugnax,1.9572511411193472e-4,TRUE
-0.6403408415280046,0.9078435246998998,0.01874367516120264,0.8448197030463077,-0.356429338032923,0.3179413917099976,-0.05235144396689971,0.3384206944518743,-0.09750656516138093,0.25969600063215703,0.14211965800159249,0.08637653046871022,-0.2319391125609629,-0.08851580304760111,-0.08862126776968497,0.1132692100117649,Cluster 3,Caprimulgus_europaeus,Caprimulgus europaeus,0.001255249463120924,TRUE
-0.615596671734734,0.48322869862543133,-0.3945805527535263,-0.30058601610564106,0.329645094092055,-0.36323320386932256,0.07120905334131822,-0.4083684771596542,0.2074556279619478,0.14339618128839524,-0.11796898343088329,-0.042713738097115296,0.2738474794955964,-0.2650361755458221,-0.12618844296973786,-0.013831424178981751,Cluster 3,Carduelis_carduelis,Carduelis carduelis,0.010383876069061045,TRUE
-0.4838696840193893,1.2215907571475275,0.15880605554050609,-0.37014543388798016,0.04846779033065609,-0.07887990270431698,-0.3104426587456462,0.12282228859181533,0.11284676222671283,0.00688213900185149,-0.061204300979776305,0.034184510613474044,-0.0190652294133399,-0.10205370071655114,-0.10739668359189154,0.03389696276063393,Cluster 3,Carpodacus_erythrinus,Carpodacus erythrinus,6.39907221041007e-5,TRUE
-0.3397375823035498,1.2785905816692476,0.17589755737728502,0.18215304615276245,-0.14264292566968587,0.07008319319684243,0.4509055911298202,0.24531482191948276,0.08865447898347589,0.1028876740317687,-0.027664645512832323,0.08032177536103224,0.12462884558755934,-0.03026753035116609,-0.08315866211191773,-0.016404956937931228,Cluster 3,Certhia_brachydactyla,Certhia brachydactyla,5.158425190753828e-4,TRUE
-0.8899272572514482,-0.5630443977182723,0.802951892857452,0.5385545096257291,0.4618397822038277,-1.2665168513986527,-0.8956121142017441,1.4113174173662664,-0.9351898739351783,-0.003306157032592423,-0.498704531664006,-0.12097781091703144,0.3134148164691885,0.7685468072677846,-0.0425133643425291,-0.17517215678400078,Cluster 3,Certhia_familiaris,Certhia familiaris,0.008652835304770923,TRUE
-0.5212735015290537,0.9315126225762186,-0.00630943907568824,-0.2973420338552578,-0.017686818063413722,-0.0437435099361945,-0.35206077189137297,0.010060492216056843,0.040170684293764955,0.04883862246139907,0.13292917354514328,0.10413064483633114,0.12078839604964457,-0.1015774806420038,-0.08431292052192675,0.029209053960420374,Cluster 3,Charadrius_dubius,Charadrius dubius,0.001407149733392328,TRUE
11.5392866086518,-0.7616724721335487,-1.7278683964160042,0.7561550228915239,-1.3458747711663084,-2.853877496684533,-1.857130782231263,1.4689462231380905,3.454305035139834,1.7160702111562118,-0.5808360130494654,1.9446345184539,-1.2666248179483397,-0.7289490095403153,1.1849646349307243,-1.023415530793855,Cluster 3,Charadrius_hiaticula,Charadrius hiaticula,0.002510510505858329,TRUE
-0.47844480918048893,1.2425893792371276,0.15159746077744699,-0.30412176731789625,0.014934862704683714,-0.057180421290790276,-0.1966705255593258,0.10648278022966981,0.10078516104228488,0.018011780889674936,-0.07736318620919264,0.037470411873794233,-0.0014366156588258995,-0.0736480826881154,-0.120071566249164,0.04982657261327129,Cluster 3,Chlidonias_niger,Chlidonias niger,3.261753533786543e-4,TRUE
-0.47016559542646197,-0.38032336815145157,-0.3935751694339946,-0.5553605767771058,0.17070876644106095,-0.7361146248815359,0.7713428867171003,-0.620429144351894,-0.2958393721568061,0.14518119724476258,0.2268181101569135,0.03848183851945607,-0.5430301267293499,0.41031598461304064,-0.08149897783965847,-0.04367689586369602,Cluster 3,Chloris_chloris,Chloris chloris,0.01563657158261878,TRUE
0.5636524656767508,0.10058505385922478,0.7948391516934755,-0.5098043237740879,-0.1606037077308744,1.1397265402515806,-0.6306233368119389,0.22499525868362905,1.7649143238606366,-0.0038600818928263875,-0.2155864134402121,-1.7264689109838642,-0.15093762698388724,0.49134166332715745,-0.08888741709921001,-0.6744321648015096,Cluster 3,Chroicocephalus_ridibundus,Chroicocephalus ridibundus,0.004325970086633713,TRUE
-0.5024508449037663,1.2255908680109258,0.15992572339403777,-0.3689839810517122,0.049584858264727326,-0.07589778711123389,-0.30641073964874066,0.11862685381332368,0.10623029392475017,-0.0023201218959240763,-0.06171006604346127,0.03965497119427246,-0.003732052403651083,-0.09208155606378722,-0.12084942801913144,0.06059359263734771,Cluster 3,Cinclus_cinclus,Cinclus cinclus,2.0036632380922794e-4,TRUE
0.1251462825524511,1.1458035019934072,0.15271007803868097,-0.3096621885429329,-0.1013341582441719,-0.0447404178162559,0.06989590330454813,-0.24338172626993854,-0.25222481158902194,-0.2834512551253867,-0.1253612368458859,-0.3023704799015395,0.26026208569282566,0.15833918964187288,-0.29522343536155576,-0.0550340542779224,Cluster 3,Circus_aeruginosus,Circus aeruginosus,8.35456239492748e-4,TRUE
-0.31092806407124723,1.2378904932122827,0.15094699915501647,-0.18579809247897724,-0.07405905604891297,-0.034755617694281336,0.06105026193961451,0.030197336389012855,-0.01443111573837846,0.05077318237146043,-0.15305958467367195,-0.104938985979482,0.057768840795850686,0.02517971084095916,-0.1908582705548904,0.01620576725507409,Cluster 3,Circus_pygargus,Circus pygargus,1.7374619412088965e-4,TRUE
-0.7293230520025071,0.4964596556609695,-0.43434782881406653,-0.2105518044494814,0.3278703826570767,-0.40324397611388946,-0.16790808123679862,0.05853804442800233,0.07680665549001338,-0.023023869960030464,0.21318708314241025,-0.027678620821184004,-0.262990023705347,0.3479804696613616,-0.03650799508757989,0.0548020625491551,Cluster 3,Coccothraustes_coccothraustes,Coccothraustes coccothraustes,0.005070383779375464,TRUE
-1.3127744059325377,-2.3559601828460535,-0.7928543791411923,-0.8295522504071307,1.0627755981366842,-1.820260651806631,0.36421078808190094,0.6149188089318639,-0.3289786581214821,1.1928620477945024,0.8868809371588589,-0.07530106053048301,1.2576584038993535,0.5608442741332599,0.057299296209389464,-0.302778722389442,Cluster 3,Coloeus_monedula,Coloeus monedula,0.011164530527595183,TRUE
-0.47012005551186914,1.1949261319935702,0.17847569306431793,-0.3631549926847931,0.023838318972308196,-0.08837062859581858,-0.24678626643394733,0.05994047459707865,0.06771929098365707,-0.02060399861053421,-0.09213243229247566,0.042243376809645926,-0.057311587299917005,-0.07749383858162628,-0.12603369110723928,0.055585446340809926,Cluster 3,Columba_oenas,Columba oenas,7.459338961696203e-4,TRUE
-1.042258426062797,-1.0407785740162876,-0.6594310994310467,0.9234593103238259,1.0464525244979008,-0.9198562586215212,-0.1417031801784196,-0.5272479740576782,-0.010399131130341955,-0.5096946111671449,-0.4132689137856947,-0.19829207641692137,-0.8656175291959638,-0.4576431310146024,-0.14924425259589225,0.20750717950410733,Cluster 3,Columba_palumbus,Columba palumbus,0.016491547515092117,TRUE
-0.24816337503479965,1.6710312458644276,0.23801540059239543,4.854288244890638,-0.8798138865453603,1.5332223701797156,5.58053878110908,2.7521421197501104,0.8553765097097652,1.692264384990494,1.0569367085867774,0.23852503223468843,0.6793488978601426,-0.5829058492010548,0.1163586265213884,-0.01631877591747224,Cluster 3,Corvus_corax,Corvus corax,0.001993487399672233,TRUE
-0.9659179332513094,-0.8348266225832489,-0.33801477678203684,0.41624857457808606,-0.7657746833641884,0.9235307446237828,-0.9702168631938418,-0.9682990770092458,0.5439688757566667,0.5345969506175177,0.19014623135178277,-0.06335861425676538,0.3572617801787417,-0.15896525591326385,-0.05524103718754601,0.0541984225150953,Cluster 3,Corvus_cornix,Corvus cornix,0.013901177641022645,TRUE
0.7132662397188416,1.2802308774071547,0.17141809868339186,1.7988514554679578,-1.4433370138953179,0.4580604323884432,3.1687602866969926,-0.3427686818879066,-0.8292458500891314,0.9193134009788229,-0.7373811109524719,-0.4917919885098326,0.6453452521837094,0.7913138805156892,-0.36794951310617585,-0.43745438961227007,Cluster 3,Corvus_corone,Corvus corone,0.0016116947590495154,TRUE
0.13734501486246695,-1.4141948288143233,1.3154984861198689,-0.70336351506261785,0.2558491807919066,-1.8337515895429457,-0.4517010306591055,1.5823248910543843,-0.7318053033378028,1.434371232583124,-0.3561588424115429,0.10228064501219741,1.6479280166220422,-0.26282070324956436,0.9236438612835505,1.1419415832467652,Cluster 3,Corvus_frugilegus,Corvus frugilegus,0.0041899800222111126,TRUE
-0.5029634950011579,1.2220396569796208,0.16022196344354112,-0.3709934960290318,0.04390700684879247,-0.053223567793014445,-0.3031346155221797,0.10382328095008989,0.13691930402006008,-0.01167342273281787,-0.06432852897901506,0.03334711820515023,-0.014763208567317821,-0.08246798487581104,-0.11904425036194048,0.06367593400942809,Cluster 3,Coturnix_coturnix,Coturnix coturnix,2.4869631920731885e-4,TRUE
-0.4720648788857479,1.2068934064001446,0.1417804347938221,-0.35349116622031274,0.06427722800498152,-0.06560620725510895,-0.2930654084639219,0.09089142041390942,0.12017361150228034,-0.06405888886959618,-0.026962203777554625,0.06484501241882734,0.026438603292790647,-0.12000401355155946,-0.10746391789826,0.05267954376246806,Cluster 3,Crex_crex,Crex crex,8.307294919647062e-4,TRUE
-0.4041344856051111,0.15005923616089786,-0.34460648260504806,0.8271688136081983,-2.632547389473741,1.4783244633469201,-1.6088517116233176,-1.448826465204592,-1.4921660199067026,1.2471561123998482,0.5871878600676332,0.5465257612730692,0.36164241794449875,-0.04938172361001939,-0.11725556214074752,-0.13405811559076475,Cluster 3,Cuculus_canorus,Cuculus canorus,0.014908880904031922,TRUE
-0.04353002190170727,0.66403377420124865,0.8428148249473512,-0.7464528952588755,-0.34793073069718994,-0.23104026135852618,0.5915222435512817,-0.46368249544414636,-0.44457273283992516,0.014360899486087389,-0.1940235858735159,0.1950687977919873,-0.6529206954274284,-0.24280787425860584,-0.23434463513928827,0.04034038868941201,Cluster 3,Curruca_communis,Curruca communis,0.016195420238495913,TRUE
-0.7373978983380568,0.4978015353418866,-0.6522558761321098,-0.6656451552110764,0.22813620626558903,-0.42697973273155543,0.018292999079221314,0.19600440350886608,0.08271116429847178,0.21088905994780577,0.6996208869109171,0.027400425778901526,-0.23811690107486838,0.8101352062070138,0.04211766771184601,0.01095022895593648,Cluster 3,Curruca_curruca,Curruca curruca,0.01502612249023512,TRUE
-0.9586283136326857,-0.26363019255891157,-1.1202552812544966,-0.3102264590571809,0.608098863439593,-0.7217461747004335,0.10353188775858062,-0.07217627874813745,0.145155748534524,0.15108885557902763,0.6314303771888116,-0.0724382587399024,-0.27720237460879743,0.6926939178315541,0.048234208601820636,0.02066452118483201,Cluster 3,Cyanistes_caeruleus,Cyanistes caeruleus,0.016095293713993278,TRUE
2.7415644851518093,0.12280966180187351,0.9172892268139572,0.11686479403038892,-0.6996584475926203,-0.05592674791203464,1.7108631073160498,-1.4569146187414683,-1.1591701763949243,-3.8194927019323894,1.1698013970944265,1.797674021759772,1.8383516976481247,0.38064346871808613,0.7435747537857523,-1.142400147511786,Cluster 3,Cygnus_olor,Cygnus olor,0.009123241905147244,TRUE
-1.601693936607755,-2.9905088791839614,-4.147535585104669,-2.9385789549886714,-1.9515705505102092,1.3715727053246185,1.3278469781050286,2.7042046611178168,0.9835070509826528,-1.7522299858925208,-1.8107917341700832,-0.5096462093602461,0.11701119531893676,-0.28656092409383255,-0.04469338644018468,0.03523484256201757,Cluster 3,Delichon_urbicum,Delichon urbicum,0.013861464321026732,TRUE
-0.9520681758228942,-1.831909308595499,-1.2081557656719084,2.4189716699964805,1.5557167588882284,-1.2722013064551345,-0.5930510794093768,-0.40287227890161753,-0.2693765984470234,-1.9714801476704802,-0.41330265967650964,-0.10840554108712513,-1.1184224227080628,0.22021890867494673,0.1444250845494885,0.08154412464849972,Cluster 3,Dendrocopos_major,Dendrocopos major,0.014073074037942026,TRUE
-0.4770897179480657,1.2160424369528795,0.15859076026682567,-0.3639407998075394,0.05017335302440167,-0.0856956198237371,-0.319229793564567,0.13295870361212198,0.1127030285739608,0.012102098252499152,-0.06624151330779274,0.029362368392583514,-0.016928338940547846,-0.10075293282901646,-0.09976104174350305,0.017724352450784166,Cluster 3,Dryobates_minor,Dryobates minor,1.1729840442149342e-4,TRUE
-0.4233232993096298,0.2775471725718283,1.0461164843280235,0.5777629130986953,0.054449465280019475,-0.656824041743253,-0.07355040288739932,1.7445881330839894,-0.3971213426143832,0.7781082290334409,-0.2695539704793925,-0.09604014053283448,0.7726889197632796,-0.013939737475986197,0.11216944131541426,-0.5848036662396503,Cluster 3,Dryocopus_martius,Dryocopus martius,0.0010663368543299108,TRUE
-0.05681346198815034,-1.538557815225588,-0.5993447208221088,0.0284053418925957,0.10645827606953696,-0.6806035342463571,1.9018798962001424,-3.018333692172181,0.47408892100366345,0.24022379235425656,-1.9969531191229697,-0.49552245772137976,1.4591874387648176,-0.5234188327585008,-0.2824564068792225,-0.5745186260595337,Cluster 3,Emberiza_calandra,Emberiza calandra,0.014172407202062028,TRUE
-0.44723012877839124,-1.5974761748810828,0.4839333239432345,0.12738617270713448,0.6297639951173217,0.49233346535852107,0.18538929762362236,-1.096769033607573,1.861907428976145,-1.0430572921393615,-0.2882872447131431,-0.09103198729729478,0.772319345610267,-1.015994170408733,0.03841899473748549,-0.003352580047983524,Cluster 3,Emberiza_citrinella,Emberiza citrinella,0.016731410432033134,TRUE
0.40087971485347135,0.3439235818335418,1.22846611416076,-0.9374793970489583,-0.7488668277921706,-0.4011287512625775,1.3660508158048743,-1.0678567461921251,-0.9440513226209251,0.021146313524283963,-0.5329428685687856,0.25660814990254005,-0.9058898352103226,-0.10323191102603747,-0.3037914151931425,-0.09675926429524387,Cluster 3,Emberiza_schoeniclus,Emberiza schoeniclus,0.013716326286246597,TRUE
-1.0270252694878779,-0.49844842254938276,-0.8232199578326906,0.8819109186865264,0.8591436083294952,-0.8361436962245034,-0.3657482553635658,-0.15674073343408063,-0.05796204350812962,-0.5339550428410661,-0.2626177496068507,-0.2196903380600981,-0.8006930080853518,0.3140012230341458,-0.04196982531857839,0.12720919504281006,Cluster 3,Erithacus_rubecula,Erithacus rubecula,0.016091169632713235,TRUE
-0.6482735980134369,0.1326284460721344,-0.4484856938788606,0.6566400616635876,-1.9053082631388698,1.1306819293640042,-1.5568368822656404,-0.8975492515286762,-1.0793699688749012,0.9837853368859126,0.7794298223776829,0.4462064751339998,0.07500149752564843,0.01273465979224469,-0.07331258162981656,-0.003117450564255521,Cluster 3,Falco_tinnunculus,Falco tinnunculus,0.007144503804671954,TRUE
-0.5970023734359209,-2.013000573211683,2.7778851685859838,-0.970515715280134,0.12755876919700454,-1.711647759311284,-0.04920473273408622,1.9984258350296475,-1.7450348099442652,0.8731850895067079,0.22376427550582678,0.32849194822025163,0.1568752648007489,-0.0985433186254386,-0.22627394326759798,-0.12234852340956916,Cluster 3,Ficedula_hypoleuca,Ficedula hypoleuca,0.007039317177624373,TRUE
-1.830043120514738,-3.329766176988262,-3.3627083819949872,0.058000051171180164,2.1034316558724897,-1.808634628425001,0.9823596360559311,-1.457702580154632,0.8121048047558672,0.6687724276695526,0.9436845711134847,-0.37367447745851845,0.49623982064152267,-0.16206289430124501,0.0730644254162759,-0.04107724598343459,Cluster 3,Fringilla_coelebs,Fringilla coelebs,0.01675451738750763,TRUE
-0.24883858120852007,-2.185417152003709,1.0825811985568528,-0.16553559369941725,-1.0679672213039495,1.2274081555497207,-0.18212921528331538,-1.3233901781879538,0.3064298783329072,-0.153014518615775,1.141061406272262,0.6130877556030702,-0.4889574475059588,-1.1884642308303808,-0.03401827101140477,0.21139067491191674,Cluster 3,Fulica_atra,Fulica atra,0.013254588782793284,TRUE
-0.43411280473334873,-1.3404980807048787,0.43198905023567075,0.6195421140974149,-2.256914883644045,2.2616191096968876,-1.299417728498299,-1.7076799366684505,0.6261088157748127,0.4470372128218979,0.2884878041916292,0.17496499576399652,0.8897680304663738,0.10692731011197924,0.06563944311066762,-0.1541190675576663,Cluster 3,Gallinago_gallinago,Gallinago gallinago,0.007692050713932279,TRUE
-0.7247857617975098,-0.8448857822665355,0.681667866044551,-0.6707247127138487,0.17982850675908815,0.3809562477989796,0.276640264162523,-0.6214542585954974,1.3856308720839048,0.008918972491592615,-0.18118166209794703,-0.24580244219469263,-0.1458226771309542,-0.4153517869252496,-0.13938769657372355,0.1761600153140858,Cluster 3,Gallinula_chloropus,Gallinula chloropus,0.012870865570626352,TRUE
-0.9128514551305302,-0.6048068115358968,0.5484271925506917,0.7147180781108526,0.6898162430201076,-1.1141562792813338,-0.7609793962766503,0.722507827675173,-0.5444019189570353,-0.05021295873101294,-0.8210474417969151,-0.17238300317859256,0.5215902754616956,-0.16272587782727718,-0.14963587355944466,-0.10324905384653493,Cluster 3,Garrulus_glandarius,Garrulus glandarius,0.010628179160116704,TRUE
14.996491012215438,-1.6537475999486624,-1.795707232650837,0.862646043935133,0.23181588159823452,-0.5455803478315568,-0.5149037687596809,0.5548667842951976,1.0409479981742455,0.10268282165048924,-0.157616417436093,1.052231166638119,0.507031899146421,0.8541428479158697,-3.05647891653879,0.26896178285815525,Cluster 3,Haematopus_ostralegus,Haematopus ostralegus,0.003324598398714613,TRUE
-0.5040871767391201,0.5808631805242256,-0.30951431058336015,-0.3368710844994437,0.22404510177094658,-0.341318800637714,0.18158141030177255,-0.5483058635555715,0.15707871818953528,0.16505097743216185,-0.2707236178434001,-0.0412509952579733,0.39304553089073946,-0.3023766902614886,-0.14815089208716764,-0.06332283719681121,Cluster 3,Hippolais_icterina,Hippolais icterina,0.014406494768450101,TRUE
-0.9740632200178398,-0.7920651433753018,-0.18926958074554245,-0.04928715640081795,0.5158361152595518,0.1362507423234757,-0.06219591894311395,-0.6315902898611065,1.4507759285279527,-0.09839839777101686,-0.4245315216976437,-0.4291469640095997,0.326368343905416,-0.05314656646729099,-0.05476739533752194,0.054546274588690165,Cluster 3,Hirundo_rustica,Hirundo rustica,0.0163917475133559,TRUE
-0.22704339245589378,1.0370794559519254,0.03260975628927185,-0.07155242480270277,0.12212944740812011,-0.21661129138532645,-0.5090084840102282,0.22720831545192885,0.17289632894348173,-0.0018381514808065126,-0.1842477684060477,-0.11965948741540892,-0.43509450746031236,-0.12845918406731685,0.14568960285431456,-0.4272675731779935,Cluster 3,Jynx_torquilla,Jynx torquilla,0.0015077864363468902,TRUE
1.03478151214701,-1.0078001570869417,1.186674950182641,0.4980545803878491,-0.3534648655009564,0.38895201002323226,-0.8915157656026859,0.477420690202802,-1.6607255219857775,-1.0244522552242272,1.5117155688662174,-0.6061104013745671,0.35411364728776323,-0.5036821928964985,-0.6859294443028321,0.16691760689921056,Cluster 3,Lanius_collurio,Lanius collurio,0.006352323436197086,TRUE
-0.4996676910785548,1.236818861124453,0.14577793981585221,-0.20700733761260998,-0.006680932171417891,-0.010940958872583319,-0.1567246692806141,0.16369365384051052,0.11298044620965758,0.05882945347447484,-0.03230383278959331,0.04409747745762526,-0.007823942729754882,-0.09809593304074667,-0.11684613755383118,0.061650060049385176,Cluster 3,Lanius_excubitor,Lanius excubitor,1.8674921101126084e-4,TRUE
0.9423805083582982,1.0352575563997584,-0.060400154594862795,-0.2625073500319898,0.10963368969806102,-0.0953123106530297,-0.5733082055885798,0.3647219587068297,0.2605141748099979,0.022870274318897668,0.22339065408737066,-0.6370871599482745,-0.10802000288612543,-0.37693324429644953,0.44988075316850396,-0.27957371398385195,Cluster 3,Larus_argentatus,Larus argentatus,8.464875002525781e-4,TRUE
1.9957127695128944,0.8847252612153745,-0.21137998641205105,-0.1758846945451171,0.11325904520723254,-0.17799312657579228,-0.76497462227333,0.5422684467540893,0.4080372584437211,0.04042239314366749,0.37956585985519875,-0.9496520894767382,-0.13909806543121447,-0.5650556999407464,1.04352292280964,-0.3301853864378372,Cluster 3,Larus_canus,Larus canus,0.0014390064530964643,TRUE
-0.47583526823624805,1.2309714701829013,0.14617083673799916,-0.3678313133215158,0.04960580714406827,-0.07013923048267222,-0.3078164098784514,0.11201690740444169,0.11630964572555688,-0.0025792809171390836,-0.05616209851204773,0.026066495934646515,-0.019785060337815262,-0.09951746579739201,-0.10992745587469031,0.05895093669548112,Cluster 3,Larus_fuscus,Larus fuscus,2.0400747912245297e-5,TRUE
-0.4636273478771614,1.2313148630921384,0.14190716649478458,-0.36691485619702147,0.0499675726045876,-0.0699975747221303,-0.31088750238542,0.11340363195537694,0.11942615467248516,5.708494187386529e-4,-0.055465304153896666,0.018223763290055005,-0.023569621780365455,-0.10211693496137983,-0.10457653961590087,0.05395007452508802,Cluster 3,Larus_marinus,Larus marinus,2.6781976155200298e-5,TRUE
-0.3562604370017363,1.2054201517400156,0.13668650615121156,-0.344830684917106,-0.03349289925714168,-0.06276929442008386,-0.2359975250557104,0.0031994598108819115,0.018371985809489812,-0.006370694653823112,-0.10558166568796594,-0.030145115562813456,0.03434889178178871,-0.02941290276319714,-0.12779217358458334,0.07871649356715336,Cluster 3,Limosa_limosa,Limosa limosa,8.726121505735824e-5,TRUE
-0.3129053926950681,0.5454186020184487,-0.14542642669661135,-0.8287025016448852,-0.16065438063587634,-0.42150092755966323,0.5457919259400409,-0.3009681478895994,-0.25169052522675905,0.22172146973090356,0.25957553983933607,0.08663277587524251,-0.2507586898479753,0.6484104464871392,-0.05556815168880007,-0.09648037455693739,Cluster 3,Linaria_cannabina,Linaria cannabina,0.015779463319852697,TRUE
-0.48028335174570086,1.2344505121713056,0.14981082017963085,-0.36742585233955954,0.029245378979640184,-0.07647504853383928,-0.27134245492071146,0.0743484984518454,0.093239884826501,-0.008695059926266005,-0.08662583722211138,0.037436687315857885,-0.00722599102818687,-0.07106046274303479,-0.12169007060163493,0.05067805051164415,Cluster 3,Locustella_luscinioides,Locustella luscinioides,2.750921821991283e-4,TRUE
-0.48399155480166745,1.2722254031967268,0.13052145496338607,0.11321506007209418,-0.06925116543439139,0.0669813440434572,0.32035605502587344,0.34598691560194506,0.1630419744977872,0.21583400846720557,0.033917020207958185,0.03919284532863367,0.030066938704211028,-0.06634002470613654,-0.10181223116337133,0.04721061851791498,Cluster 3,Locustella_naevia,Locustella naevia,0.0023735286837655222,TRUE
-0.17880274071287064,1.0044590369713238,0.15179611046466127,-0.041461261237133604,0.05090213021615316,-0.1328750166924829,-0.1886114443530716,-0.03382982549031707,-0.07301523007398258,-0.6146985057011715,7.632318501612011e-5,0.20661277530035613,0.08154138443606865,0.07239348833608361,4.350601726961522e-4,-0.06953711869375712,Cluster 3,Lophophanes_cristatus,Lophophanes cristatus,0.00546257857155457,TRUE
-0.5598976310606405,1.2230257578099157,0.13996459755385812,0.40617679140507296,-2.2240978768716565e-4,0.08886643911620752,0.30982416878278407,0.5018273874167631,0.1885826577743084,0.16024255079908467,0.033715595942585885,0.022433843469468272,-0.10478834130520925,-0.11275470356745766,-0.09837506661565477,0.09647930309198657,Cluster 3,Loxia_curvirostra,Loxia curvirostra,0.0013446955565027162,TRUE
-0.5049689028374178,1.2508469804019546,0.15049514881214174,0.19627779424076522,-0.03482945684931773,0.05585163922064547,0.24212990642163706,0.3626271909759908,0.15195394315294156,0.14998601404484568,-0.01399763782410411,0.0289367213835589,-0.0352991473175938,-0.08810690935756561,-0.10594728324219695,0.0649323768781209,Cluster 3,Lullula_arborea,Lullula arborea,7.673002879504233e-4,TRUE
-0.7954566316981487,-8.841179441342412,7.734274306618109,-3.35412808928307,-0.6743188558468496,-0.012655746275331677,1.6539146984937922,1.620708702461134,1.6322525177560279,1.475411072354948,0.0849283540416625,-0.31620745848017134,-0.12047747442511618,-0.21843051238968111,-0.28703266610366784,0.09280429664695353,Cluster 3,Luscinia_luscinia,Luscinia luscinia,0.011908823275912458,TRUE
-0.4778636144673934,1.2330437307258504,0.14452531551775577,-0.3680876941485721,0.05025270915009343,-0.06797639709543365,-0.3066515008727523,0.10975611955937696,0.11428801912056194,-0.002796072860553584,-0.0564992457293228,0.020964563169326857,-0.0179391452641493,-0.09691847925782376,-0.1155472212689894,0.07222774608342983,Cluster 3,Mareca_strepera,Mareca strepera,7.900691725722542e-5,TRUE
-0.4335949630672526,1.2240361218484044,0.14261403912313772,-0.3614340870192149,0.05442339542910515,-0.06323295800031693,-0.3086387738280583,0.113763519217834,0.11192532929645152,-0.03146036694163458,-0.03247451309563411,0.013397267660446252,-0.0012143091053627923,-0.10184344841738828,-0.10424342501528051,0.07794322710634663,Cluster 3,Mergus_merganser,Mergus merganser,1.98783624923966e-4,TRUE
5.991820359095242,-0.05622862249158146,-0.6013030971680045,0.09215598445159043,1.323487653882845,0.863745336692945,-0.9963913481746511,0.9985102732797959,0.15013307856837016,-0.7391968932008997,1.07633466219427,-0.2808769304707281,0.5967586125180987,-0.4051180830725284,0.6618462892951023,0.9866233106165545,Cluster 3,Mergus_serrator,Mergus serrator,0.0019377616694484959,TRUE
-0.49624349269611867,0.9119843798068475,0.33862580746969634,-0.2657559530639079,0.08291912700015198,-0.15491791678124484,-0.22914015690097173,0.08870446112929008,-0.03632726456790574,-0.13629909488759562,-0.05535167765669077,0.06907115618312801,-0.45664326773730657,-0.1712266840501931,-0.14731885779815754,0.13779338319060222,Cluster 3,Motacilla_alba,Motacilla alba,0.01456389121171322,TRUE
-0.5587230777500907,1.2621255883337312,0.12222779994721483,0.4342897734145444,-0.03897880996002442,0.14557312410976345,0.4891813973725707,0.578757733932732,0.23769686522186947,0.27646991236603524,0.13085686705242308,0.035696223758912286,-0.03776121173989576,-0.12277600881108972,-0.09039705600125723,0.09187332921941013,Cluster 3,Motacilla_cinerea,Motacilla cinerea,0.0015833471937043422,TRUE
2.6487200818461596,0.59429562495474,0.21779920509482315,-0.2439302421149542,-1.1027809068446361,-0.9877496635859873,0.9976919386043757,-1.1157068624945858,-0.5612916036778052,-0.19689811112570824,-1.1293347053369778,0.4287546027408307,0.5968452704705154,0.6434934968306047,1.9752277367867126,2.027333591086274,Cluster 3,Motacilla_flava,Motacilla flava,0.003880696843564372,TRUE
-0.5717778250664709,0.6797431789950652,-0.20371194845500595,-0.08642605269370052,0.19859704958841715,-0.349879753581574,-0.12523599824597237,-0.11796570375527576,-0.01506987590406864,-0.10484040377464669,-0.1520587323056609,-0.040097800880810726,-0.17084244808132015,0.1896900094303179,-0.08843704542503293,0.011872760907474805,Cluster 3,Muscicapa_striata,Muscicapa striata,0.008075550382881788,TRUE
-0.43179011171946413,0.4594871802395896,0.23628748910895156,0.8049981338599911,-1.2441970942472484,1.3395475922882445,-0.26315853691252383,-0.05587049128927065,0.14580661884272458,0.7229601686468293,0.4252065778214153,-0.22864875749532343,0.22718825412307925,0.0735153879985656,-0.2233791239976498,0.10888907112058446,Cluster 3,Numenius_arquata,Numenius arquata,5.087981129154797e-4,TRUE
0.9778427841875884,-0.21307193264347885,0.06316675560659381,-0.06868933783031192,-1.3325901586046762,0.15048766286537807,-1.3867138530765095,0.138481320319147,-0.3302326871780701,1.607155052863774,0.5961946865333851,0.08059164031107577,-0.7701551929532938,-0.7722242449574918,1.2803683062872901,-0.7102348173442888,Cluster 3,Oenanthe_oenanthe,Oenanthe oenanthe,0.0042193598377446495,TRUE
0.92434149010568,1.0131266618511885,0.10228471620924108,-0.4018456882061839,0.13526248647272038,0.3004519111750025,0.05049372839093309,-0.15722356927410397,-0.6966174783604039,-0.11704706286691567,0.19124477743751792,-2.054008689643291,0.20431201238131286,0.10823410394548065,-1.2508436101919147,0.3302405146667928,Cluster 3,Oriolus_oriolus,Oriolus oriolus,0.002837727125038072,TRUE
-0.47647158221125846,1.2157996836797802,0.14153439761566108,-0.34690095455372616,-0.018520716057287955,-0.05100515448256228,-0.2904262286354274,0.04459827749342079,0.06368316140101303,0.012652827538373115,-0.07850881586537267,0.04583891926659422,1.960748650242227e-4,-0.06790784414073145,-0.12172062793354953,0.04594970791626491,Cluster 3,Panurus_biarmicus,Panurus biarmicus,1.1603961044648193e-4,TRUE
-1.287346440449677,-1.4218781247751917,-1.9261741725843764,-0.07472393938255137,1.1872916023190119,-1.13250395716711,0.3925972407227579,-0.6033643516076802,0.38219022445411843,0.2898633182051183,0.6649269709943076,-0.19693992211869238,-0.01993413452977887,0.32147718489133403,0.04717285688193083,0.0065829991836804415,Cluster 3,Parus_major,Parus major,0.01676325746147875,TRUE
-1.4939960132269774,-2.3856604990434964,-2.711181516223504,-0.005045576065445136,-0.26264821587747594,-0.08211832443667565,-0.3179804997683446,-1.6024148208529654,-0.13602799948807837,1.6619099793093812,1.8171959896583043,0.19814937663638973,0.7885261710479301,-0.12720632590115769,0.07098083814866417,-0.06865923294216547,Cluster 3,Passer_domesticus,Passer domesticus,0.016546971676273704,TRUE
-0.9722759731480072,-0.8549178706118021,-1.001831454440946,-0.4326635499402903,0.9031134010620019,-0.7415602169074234,0.4690818054242351,-0.7849417730313191,0.4492046692163,0.4009017805757127,0.34495820359173845,-0.05444501394368657,0.21085425491221726,-0.7755449223531612,-0.13552771292311344,0.0813055686105961,Cluster 3,Passer_montanus,Passer montanus,0.015169130628634217,TRUE
-0.7740552152925808,0.027730130573863865,-0.40237413211959006,-0.108740938103129,0.721376709415219,-0.3818688920203776,0.06146680788620217,-0.7930319019698827,0.5220778251367573,0.19842927620658019,-0.3807145113192627,-0.07815664411785754,0.5823339644464001,-1.4149533696604517,-0.2527011643635297,0.08582558752542255,Cluster 3,Perdix_perdix,Perdix perdix,0.011992314089567534,TRUE
-1.599445484406718,-3.716008260060941,0.7770300791688529,3.7287875639297927,-1.1771325062024909,-0.7014945102308296,-3.5151808071417716,0.9026656618923399,-3.117353976934225,0.7004744937130696,-0.6972387658311066,0.11485584270769944,0.5097414305460207,0.3762708715992904,-0.0831917117334167,-0.2561788926473237,Cluster 3,Periparus_ater,Periparus ater,0.011746084407326345,TRUE
-0.6257458780957023,0.734139484703085,0.19874481490780002,0.06267438311727284,0.24229917762467665,-0.34857449875748564,-0.46066159742679413,0.24761079193350358,-0.07983792292824027,-0.14068016879263603,-0.2935706808511188,-0.03367685455598294,-0.0704862610645885,-0.03276608907407364,-0.12059267010222487,0.04575430630644895,Cluster 3,Pernis_apivorus,Pernis apivorus,0.0029561720160506152,TRUE
-0.6043765765945157,0.9132337327168247,-0.2411993023703941,-0.5963901822948825,0.1154420846703668,-0.22246524350152372,-0.11727035677788573,0.14463491631713324,0.12105277241877502,0.1481336030715621,0.3511152001416307,0.04485692441418478,-0.06614183129346213,0.33024539635988615,-0.04149078468341559,0.031348943906911404,Cluster 3,Phoenicurus_ochruros,Phoenicurus ochruros,0.001665806114759801,TRUE
-0.4913723485465233,0.35329391628749224,-0.48926100059653943,-0.0029586021422509,0.07191401237458574,-0.6239892708008391,0.17885207105870488,-0.21548596682497853,-0.3569487537014515,-0.189654921801068,-0.11217296177804707,-0.08119121237639765,-0.4830600223897099,1.0749824693508392,2.5715016317598644e-4,-0.11169945850994477,Cluster 3,Phoenicurus_phoenicurus,Phoenicurus phoenicurus,0.011252495670445836,TRUE
-0.12810228562007916,0.3658600624234646,-0.12916349558799559,2.7894433437345527,0.22042198301870616,0.266126615657042,1.6006618668593107,1.4109534375580222,0.12200821809350959,-1.091766737497197,1.0582917397057527,0.49842231902695555,-0.16421322839399816,0.2510240087815136,0.354993416342791,-0.04754924037076371,Cluster 3,Phylloscopus_collybita,Phylloscopus collybita,0.013366320764653026,TRUE
-0.23250257383238787,-1.458747186966829,1.2630088188555542,1.1139106687450209,0.651628840567884,-1.3703535912833014,-0.7928785967695082,1.4868106556112874,-1.3204667782315742,-1.4954698402223523,0.1497203770899108,0.4544776058548198,0.18419637962257163,0.6111657260837315,0.22688866757502418,-0.2884716064533187,Cluster 3,Phylloscopus_sibilatrix,Phylloscopus sibilatrix,0.010749696629138876,TRUE
-0.16004974469236463,-1.8362778411521083,1.6954512945402938,0.05223978533954009,-0.2277745835199315,2.075638002695336,-0.3113421959312138,-0.5537239696326318,3.631897981774738,-2.111722825192562,-0.3524881248950625,-0.40406324466636673,1.0224664781507087,1.1860592346945367,0.47493647429690167,-0.19451323980009727,Cluster 3,Phylloscopus_trochilus,Phylloscopus trochilus,0.016578973017561068,TRUE
-1.9078564928008892,-3.8178261630341543,-6.576704860163709,-2.6016609346825774,-4.513115029834837,2.215802975640792,0.1501150420789747,2.83925609916965,-1.853366691609162,-0.6736861222673012,-0.31250501924692897,0.3992464935494137,-0.09780910410541663,-0.6151149665032813,-0.02550319093835923,0.011902419559502364,Cluster 3,Pica_pica,Pica pica,0.014360856020474969,TRUE
-0.13233270351798346,0.6410513727645485,0.10335368760000735,0.5195153890562384,0.32408279657640643,-0.1950475411143627,-0.4665516266064696,0.1628894277350081,-0.12060720301071606,-1.33397259184593,0.22685685395598615,0.34685603857930514,-0.12677132085500092,0.10002368839820537,0.13020127510037338,-0.04616458405272566,Cluster 3,Picus_viridis,Picus viridis,0.003386308123964644,TRUE
-0.2133013710310265,-0.14776600260157352,0.540692297432878,0.1630726965626501,-0.7237406734466327,1.137892908166189,-0.7878966650095379,-0.26547667055111746,0.8474425282424382,-0.8363632159127093,0.5139579911403459,0.23516852111325184,0.41238047128117306,0.5570932868941283,0.23219164313924595,-0.10022717315006302,Cluster 3,Podiceps_cristatus,Podiceps cristatus,0.004905459883600617,TRUE
-0.5611840561206319,0.18011933724281148,0.7242322346493332,-0.5970539953875899,-0.02598369429690417,0.330975183426742,-0.019609330421262786,-0.20160008641917057,0.8621721237088642,-0.06467035325539769,-0.15159032893730032,-0.11696193566407667,-0.2253997082831916,-0.15151371714552977,-0.12753871340347067,0.14467794834254574,Cluster 3,Podiceps_grisegena,Podiceps grisegena,0.0035086723386571123,TRUE
-0.5104138888411164,1.1814746008328898,0.16550046263249468,-0.35590538961464463,0.005973895702963397,-0.012311016286427688,-0.3279960498241403,0.08694514724709985,0.15088272466133504,-6.976787359057985e-4,-0.05571823800925288,0.03083272222647606,-0.012932871139722399,-0.06349311278994582,-0.11531099842292482,0.06347466732399779,Cluster 3,Podiceps_nigricollis,Podiceps nigricollis,3.224452475984481e-4,TRUE
-0.38695542034990454,-0.4628302591712736,-0.41581388063413494,0.42083100188783656,0.6103893703055115,-0.644580327344109,0.23417596239480382,-0.7117090320853342,-0.06718848903248015,-0.7270878072130039,-0.13572347044181418,0.11729557359503115,-0.02949394704170413,-0.3645985529097464,-0.02653310165313223,-0.06476535899150208,Cluster 3,Poecile_palustris,Poecile palustris,0.012324533882659632,TRUE
-0.43854896699350704,1.210339569835012,0.16912318693589903,-0.3638954218553053,0.031012936274672963,-0.0695823468216001,-0.2565659329202279,0.07120111330698865,0.08528675096786609,-0.07514698780768489,-0.039401966429924135,0.07222881830140049,0.010048313113316845,-0.08639516213379304,-0.10674137223592307,0.04176623106363523,Cluster 3,Porzana_porzana,Porzana porzana,3.6150658947340454e-4,TRUE
-0.779070550767884,-0.13402072316419536,-0.4555863945200009,-0.3655574577949992,0.4525392865042642,-0.5703930536802152,0.13972462651885847,-0.11232763211447833,0.02624051563606566,0.05763472060968282,0.4440759629104704,0.021149875393031668,-0.5574475753972911,0.1618029151593689,-0.0584924436638785,0.11677770423356823,Cluster 3,Prunella_modularis,Prunella modularis,0.015642671197713745,TRUE
-0.5568450566971815,-2.8703229468673435,1.900207815806343,0.321609858776493,0.4576832729779192,-0.49802862803114206,-0.21203258144843445,0.6935669582527983,0.3744687033302548,-0.9697161429909419,-0.15362986085671143,-0.0213144732128941,0.0814594628941509,0.40900940847488193,0.12108154814135852,-0.11463216037305997,Cluster 3,Pyrrhula_pyrrhula,Pyrrhula pyrrhula,0.009907859401907521,TRUE
-0.5425982749350651,0.8418843482962444,0.3880433093429157,-0.4524368066969624,-0.04470933928133929,0.1876316639771363,-0.25926644216715816,0.06402387466926822,0.5351819673513379,-0.07311455449689072,-0.1017186972839617,-0.07409140203263048,-0.08670035349747637,0.1658472417101982,-0.08310894076900376,0.07528281513988802,Cluster 3,Rallus_aquaticus,Rallus aquaticus,0.002625915026542109,TRUE
1.4914810743245486,0.8209495457635211,0.1187337676062541,-0.2846528068996268,-0.1862953631826391,-0.26483981268468404,-0.05347731840750693,-0.0688812217105106,-0.09618258675350366,-0.2520663446644495,0.037802351991809265,-0.3973682952773342,0.17829965532710537,-0.11351564205455883,0.7112303134298876,0.7002536691216386,Cluster 3,Recurvirostra_avosetta,Recurvirostra avosetta,6.884063098209196e-4,TRUE
-0.5289748175642003,1.2552286391469671,0.14986240070280174,0.06835113426649721,0.004802329076533032,0.04450452478945639,0.0932866318339841,0.34888291429796847,0.17368581413750192,0.12378804846349697,0.01623419324731671,0.03551524103767988,-0.03589768243176582,-0.12239695369163475,-0.10817248443922893,0.08069954519301706,Cluster 3,Regulus_ignicapilla,Regulus ignicapilla,6.464300309387906e-4,TRUE
-1.0744028966733374,-1.3325024408048842,0.5681358459565995,0.9549608060591114,0.9897112895935997,-1.462252247153513,-0.7926490039522623,0.7243924225167772,-0.6141307792793194,0.08460582523707728,-1.0779893612515958,-0.2465344459513277,0.9877452674734185,-0.5113822476303275,-0.1887228284842103,-0.17220456884005203,Cluster 3,Regulus_regulus,Regulus regulus,0.013489131126415994,TRUE
-0.5003705577912857,1.232704584633435,0.15228165493169693,-0.3709162080277597,0.0484357593177698,-0.06798890904250408,-0.2999061332306783,0.10518965226790758,0.11284102612819522,-0.007963067452813796,-0.05700225411833171,0.040813006587020244,-0.02096035619024066,-0.09694956790117402,-0.1213655834826212,0.06475981009756895,Cluster 3,Remiz_pendulinus,Remiz pendulinus,1.1919301749473638e-4,TRUE
0.86000549240687,-0.7503074367054725,0.9723556072696937,-1.053209843307896,3.1167487761460024,4.178054034932001,0.08517271100080007,-0.01192351599706873,-0.13579214699240505,0.18460469450066636,-1.0662343033487274,1.7838742329679709,-0.0729526215939853,0.7930366593294104,0.42144140563114224,-0.05876272771909007,Cluster 3,Riparia_riparia,Riparia riparia,0.009283320660493043,TRUE
-0.7898734618154999,-0.20326743232087985,-0.20338027402618186,0.5518549666926148,-1.3053484382611944,1.1097424456790606,-1.3550290736968644,-0.9604097981583671,-0.23413490157611802,0.7726927803869018,0.3847274081732711,0.23076244778378177,0.3012633327084197,-0.5618448455117527,-0.12884955886797633,0.07925804731265582,Cluster 3,Saxicola_rubetra,Saxicola rubetra,0.007844354412005695,TRUE
-0.7732957379414855,-0.47203130213973127,1.121126139632748,0.646682002566193,0.4034447329218689,-1.1026265563872415,-0.8357507692142951,1.1839183427685422,-0.9478775969523127,-0.22825648422939085,-0.6580321835908354,-0.0704951942218931,-0.17614227302967328,0.33280687290922273,-0.1249799247711867,-0.044387334126816995,Cluster 3,Scolopax_rusticola,Scolopax rusticola,0.0035025656900469237,TRUE
-0.48669759639625637,1.234434834982864,0.14521161433831134,-0.36801057699338824,0.04858483264645493,-0.07038176132099712,-0.30763563517231024,0.11015824728961567,0.12039453479344575,-5.213166760311245e-4,-0.05940168013771513,0.03449130450408088,-0.025460324906647697,-0.1002606224879943,-0.10938957730222333,0.041165390504245565,Cluster 3,Serinus_serinus,Serinus serinus,6.935530457098114e-5,TRUE
-0.2289266003266377,-0.771076345962358,-0.4524194474590069,0.39221842195162454,0.8879177977171571,-0.535085399800708,0.15369033030119858,-0.5653173965832153,0.15543277967452687,-1.2513724573821383,0.5973776823780532,0.4459947262930245,0.2880789262156855,-0.7872920443899429,0.1306947283731304,-0.0635656141163255,Cluster 3,Sitta_europaea,Sitta europaea,0.011111760295602735,TRUE
0.055200329800382135,1.0773555004736948,0.17364567172100623,-0.385842862853559,0.035351555038318355,-0.11202692390520438,-0.3211712463562628,0.16822350771382535,0.12257955656940284,-0.004117733517904742,0.05731418400079834,-0.11430470693278759,-0.1004217195143832,-0.23203836264163324,0.14318642055881414,0.2679782924381445,Cluster 3,Somateria_mollissima,Somateria mollissima,3.363806728534047e-4,TRUE
-0.2724569813975034,0.9133534930765802,0.31448452194649973,-0.2924316932505239,-0.36966884580493936,0.18517406618864465,-0.14491717992148295,-0.2839824543436695,0.10345994379041012,-0.09479534386579996,-0.19751198059886857,0.0510821040009792,0.13605774887534028,0.19957847505947182,-0.07541499402928033,-0.06910079097905128,Cluster 3,Spatula_clypeata,Spatula clypeata,9.194273614355491e-4,TRUE
-0.35363659292991845,1.216073379326308,0.15995557772962532,-0.34905338397066055,-0.04691499212927474,-0.10357926514963697,-0.13947539285789098,-0.05455837559706539,0.005060739198819744,-0.0833048917551624,-0.1566414386927183,0.061005082146947644,0.06801396980321661,0.018293869048884574,-0.10681516115918659,-0.016427997342556063,Cluster 3,Spatula_querquedula,Spatula querquedula,6.148188019247934e-4,TRUE
-0.29972270543010593,1.1641052211572003,0.08621827433554623,-0.2721276856056537,0.0677857556238023,-0.134331218105475,-0.4084141716532271,0.17831818936894742,0.1820837417196388,0.05548494201775915,-0.10398450774144737,-0.051707408299613504,-0.2160627304077597,-0.15355641849652782,0.05324689523886321,-0.2700087553565708,Cluster 3,Spinus_spinus,Spinus spinus,0.0014603327489426906,TRUE
0.43907050328456615,1.1160285116315953,0.00744571742389717,-0.29700277672302494,0.01042405821182477,-0.15838582478383442,-0.4345595042019401,0.21614643711404266,0.25437927683685174,0.09711378664715135,-0.008121240094970747,-0.2685662775072471,-0.17645668467551204,-0.2739513006581142,0.38371018706839716,-0.562543861904433,Cluster 3,Sterna_hirundo,Sterna hirundo,6.322811175311703e-4,TRUE
1.610671259224681,0.9321957923733649,-0.15731619925846418,-0.2796719802954049,0.13601603456357883,-0.10299869292445407,-0.5454125821093523,0.32872557748607634,0.22387803553287763,0.3584540558202697,-0.08553682253578362,-0.6654682231412785,-0.24204012052043702,-0.3374768048261617,0.9574297243374936,-0.22380109740055568,Cluster 3,Sterna_paradisaea,Sterna paradisaea,6.056351128403603e-4,TRUE
0.7945439877503041,1.0344094836111315,-0.0369166734324037,-0.27509337160611047,-0.10407383147922672,-0.3273381688221181,-0.4054625370249568,0.18969031484226215,0.34162427781958465,0.2076763613973911,-0.1521953608058608,-0.021280249754760262,-0.13775607261121156,-0.14861890414928208,0.16566234501799534,0.020855357257259323,Cluster 3,Sternula_albifrons,Sternula albifrons,4.4354353841505117e-4,TRUE
-0.9257310765499783,-0.49038885569443685,-1.8818205716369214,-1.4801167972101135,0.29589008031379843,-0.945919274974087,0.8259347321429141,0.12526163420249833,0.0052674835024689145,0.7629648582124278,1.8808055175307117,0.0429673100275798,-0.26926146826193936,2.2775790756865106,0.2886632121082791,-0.1787483105010302,Cluster 3,Streptopelia_decaocto,Streptopelia decaocto,0.009437108227950512,TRUE
-0.4925823002705303,1.2352303624689576,0.1490543765501778,-0.36818043932261874,0.04087342631527326,-0.07137018474291902,-0.28956620747615686,0.09282905253459796,0.10558046000220053,-0.008365310664998923,-0.07011900379171432,0.03880179985699141,-0.012765479707272084,-0.08467920389125062,-0.12117048135699605,0.05840094903583607,Cluster 3,Streptopelia_turtur,Streptopelia turtur,1.0675869141884476e-4,TRUE
-0.2977970849683432,-2.1186492629694182,0.4722599901897018,-0.6560282716981184,0.20917365334028357,-1.1774659883214027,1.675547766308369,-1.0896963480226216,-0.9725811122847304,-0.08377604369656054,0.4258826931240561,0.2528089959792294,-2.294000380693939,-0.1707438748764408,-0.24007576278004517,0.2256962743198976,Cluster 3,Strix_aluco,Strix aluco,0.01129053561531263,TRUE
-1.2115100856045466,-1.1157901066956613,-2.252009461728326,-1.3506553451704804,0.8277751627870504,-1.042478370962813,0.8432875629216191,-0.2817840265488698,0.45401388922061436,0.9400125782815971,1.7924144626041436,-0.025561184508859726,0.2357578578418687,1.2219403446666686,0.20326885913139603,-0.10626838636336335,Cluster 3,Sturnus_vulgaris,Sturnus vulgaris,0.016732852153128367,TRUE
0.20147383577919994,-0.5631266295965648,-1.1497064767906433,-0.6300329920377755,4.289802616374665,3.115329850653247,0.03388664507410888,-0.018645682363885793,-1.4668393255155983,1.3336786427633969,-1.217061342015115,1.78078013284122,-0.22074729174374383,0.856290056356067,0.3031517452013446,-0.04733001102881223,Cluster 3,Sylvia_atricapilla,Sylvia atricapilla,0.016044567623021463,TRUE
0.18945473489411932,-1.2612256564165287,-0.9380994209588805,-0.75870031913671,4.522921548757322,3.023281586080529,0.43962933793375897,-0.6758933909243484,-1.2465928177158165,1.520806772830628,-1.407796930561513,1.807211439073985,0.008139183676014917,-0.519691529056651,0.12104320997710982,0.045288615413385365,Cluster 3,Sylvia_borin,Sylvia borin,0.015749052319401484,TRUE
-0.7131489157536823,0.16486482526834031,0.23019711537985513,-0.16946663592134298,-0.5855226754210795,0.7219758340434591,-0.6616391108786848,-0.17228958474301084,0.6733045887670044,0.12730532974073247,0.1365594583094016,-0.11312427463823238,-0.052735519437220865,0.6211377273070059,0.005381826150308802,0.05093114715592218,Cluster 3,Tachybaptus_ruficollis,Tachybaptus ruficollis,0.0036217092721919975,TRUE
9.213060268086618,-1.3388966131218645,-0.014157579560174705,-0.7647297924526193,3.83409332689379,4.056955761213814,-0.02280870447706281,0.7418018344586563,-2.7048757030842805,-0.42058893264948927,1.4798665935289594,-3.4047238853645165,-0.3239267650669866,-0.7672103357590718,0.5457857617910761,-0.45851933000308476,Cluster 3,Tadorna_tadorna,Tadorna tadorna,0.007476020366957671,TRUE
-0.333157140256151,1.2103420362368047,0.1321300323555408,-0.3531499082083532,0.04868830939484166,-0.06519525019954957,-0.3048510625853495,0.10993484319560955,0.10566612130404804,-0.03981519570273196,-0.024305656663798355,-0.031581865430191314,2.3124303575668942e-4,-0.10673726091805075,-0.07997057392206679,0.0248158519021255,Cluster 3,Thalasseus_sandvicensis,Thalasseus sandvicensis,1.4015325870698632e-4,TRUE
-0.46662602267137254,1.1147979690463952,0.15253668724154001,0.19040136757943124,-0.27158264941238425,0.3104551138427682,0.027321930393488777,0.2352127448171655,0.11528890109592885,0.267825386951244,0.11349486557148004,-0.04487153509888397,0.048302938916020506,-0.09264148984885764,-0.15658524770916687,0.08329064088083751,Cluster 3,Tringa_glareola,Tringa glareola,2.6244824586078635e-4,TRUE
-0.5335300630412046,1.0769533137513059,0.17836445148222238,-0.2375854155451409,-0.053888686863707465,-0.04895678911129203,-0.4422626773493994,0.12955308280829733,-0.021887866617411048,0.05208153953915341,-0.0469995823721005,0.05792430736722553,0.017615397651429852,-0.07214777020594515,-0.11811105769833687,0.05003240445777605,Cluster 3,Tringa_ochropus,Tringa ochropus,4.530287413951382e-4,TRUE
8.228111475656556,-1.1171255396485544,0.05206651191998145,0.2639462182017562,-2.257837829449384,-0.8980923724377541,1.0310099462821927,-1.6121232784774926,-1.0978153480685924,-0.2853044269767094,-0.14784698437393654,-0.33148580926440613,0.3655117111120275,0.39652353077210034,0.3351986487394648,1.378224910525778,Cluster 3,Tringa_totanus,Tringa totanus,0.004348535163823302,TRUE
-1.0073445415788846,-0.4407581513144658,-0.9873959439275406,0.33808023349692123,0.7806799667510943,-0.7912530117582325,-0.12836481905618405,-0.1808031596523007,0.07251758240397528,-0.19582251694970101,0.11959473941376608,-0.15851294621662582,-0.490408812458185,0.380687375682245,-0.011746090578640787,0.07714974467706273,Cluster 3,Troglodytes_troglodytes,Troglodytes troglodytes,0.016419447334913084,TRUE
-1.821068710595689,-3.347439905289773,-2.9950932065186735,0.8577776114139513,2.2816083535302356,-1.7757630180783568,0.6581676548785703,-1.692419893262637,0.7965998050144611,0.2567550752074305,0.1039948475491576,-0.47116868775250603,0.43804470132399304,-0.945743847669841,-0.06078634750935634,0.035466569539866745,Cluster 3,Turdus_merula,Turdus merula,0.016891679171170113,TRUE
-1.2198227965848583,-1.1628237891244386,-1.368544541165148,0.8543269063440571,1.1498177180110016,-1.0852886758089255,-0.1363227778540968,-0.39303069240284605,0.06773618603284991,-0.37721254179067076,-0.05230213885164517,-0.27059880894026866,-0.6712457725035985,0.31165427298039994,-0.008748286313412455,0.10339045626064094,Cluster 3,Turdus_philomelos,Turdus philomelos,0.0166665190755859,TRUE
-0.5987744171419492,1.1288627646872758,0.11267119623926236,2.6493647246458494,-0.2447507237930612,0.4389056051646259,2.19108621190901,1.3975193621736508,0.23053315744663064,0.5747696314048328,0.0703512757144577,-0.05314173431265682,-0.35132845515013683,0.021201878507148154,-0.039574202185213556,0.10550898568723258,Cluster 3,Turdus_viscivorus,Turdus viscivorus,0.004447409743083772,TRUE
-0.4083261756638843,1.1984549315839261,0.12860022830344736,-0.1864420777327006,-0.05208740791979754,-0.0739585878159162,0.05632647719607072,-0.006314546908482655,0.05378708834689673,0.06945318205437732,-0.18741958959283936,0.021957497913894307,0.08055478650154033,-0.048777575743231,-0.12656253428365552,-0.002644565032394016,Cluster 3,Tyto_alba,Tyto alba,7.863316824796789e-4,TRUE
0.19798673433323902,-0.23522612817740496,-0.3253295499509943,0.46459147317332955,-1.9366381152645182,0.3701308486854089,0.3364896228104696,-2.5408635072534773,-1.4199331920420741,0.877290413026822,-0.840782395953162,0.223474265828099,0.8295268639690951,-0.06690549464197713,-0.24371736268834898,-0.5069602407315165,Cluster 3,Vanellus_vanellus,Vanellus vanellus,0.015611744320412443,TRUE
