"survey","site","rarity_score","rarity_percentile","rarity_rank","is_top_decile","tmean_year","tmean_winter","tmean_breeding","prec_year","prec_winter","prec_breeding","hh","unique","perc_urban","perc_cropland","perc_pasture","perc_forest","perc_grass_shrub","perc_fresh_saltwater","hotspot_group","dominant_landcover"
"CC05_3","CC05",0.523106768580429,1,1,TRUE,9.76640736590763,2.92755486003016,9.53751469103255,571.243417364984,164.183424076598,203.311585875476,0.693026235721828,4,0.0495577104814113,0.27521555328382,0.345974594573931,0,0,0.329252141660837,"Top-decile rarity hotspots","Pasture"
"AE98_3","AE98",0.503997111625229,0.999474513925381,2,TRUE,9.91671991200946,3.19536838803427,9.53736057857733,614.483796925308,163.400370883403,198.854502768896,0.734836424852048,6,0.0580747243501769,0.0243546670909719,0.286697147165005,0.173774689142721,0.00996133480344407,0.447137437447681,"Top-decile rarity hotspots","Fresh/saltwater"
"CC04_3","CC04",0.491459886921224,0.998949027850762,3,TRUE,9.75564854428193,2.87584146125067,9.54331718747262,576.049472700116,165.897550839486,205.951092713972,0.661474936001125,6,0.000424187549992996,0.27130391312481,0.487607200354894,0.0730640030674031,0,0.1676006959029,"Top-decile rarity hotspots","Pasture"
"BG45_3","BG45",0.452736984512496,0.998423541776143,4,TRUE,10.1661514594658,3.12424194613389,9.84032843170606,624.829211226715,155.440543744405,213.073613089237,0.564869039218993,4,0,0,0.146128003971886,0,0.0730640019859429,0.780807994042172,"Top-decile rarity hotspots","Fresh/saltwater"
"BG31_3","BG31",0.446487766461792,0.997898055701524,5,TRUE,10.2502414547786,3.26388920001995,9.88248737684629,615.355784988117,147.558329624798,208.956710778633,0.689531036781252,5,0,0,0.435141006265673,0.0765503698362349,0,0.415244619781981,"Top-decile rarity hotspots","Pasture"
"DC88_3","DC88",0.437138247429093,0.997372569626905,6,TRUE,9.65341466267652,2.56170147910785,9.58955439236623,492.044788182299,137.84674969558,179.658510279309,0.51972210953776,4,0.0390836171852021,0,0.274364679107543,0,0.0121773339255454,0.674374369781709,"Top-decile rarity hotspots","Fresh/saltwater"
"BF04_3","BF04",0.424893197196743,0.996847083552286,7,TRUE,10.1180094130599,3.42720625356628,9.67788496240386,588.048999712632,151.03458157017,193.187141635158,0.697620185454376,4,0,0.172873910965346,0.395524818400189,0.139345252678726,0,0.292256017955739,"Top-decile rarity hotspots","Pasture"
"BD08_3","BD08",0.418988342926499,0.996321597477667,8,TRUE,9.91132803339501,3.41883748178103,9.48383727691975,605.207097385806,169.472880455818,191.929664609797,0.438861066353141,3,0,0,0.174935505306242,0,0,0.825064494693758,"Top-decile rarity hotspots","Fresh/saltwater"
"BH86_3","BH86",0.41407452955853,0.995796111403048,9,TRUE,10.1230394991521,2.48423112907264,10.0403702168449,672.051518406219,158.078159221275,237.401364677635,0.578498968502816,3,0.131758054080597,0.579449403959173,0.209639871714175,0,0.0791526702460551,0,"Top-decile rarity hotspots","Cropland"
"BG32_3","BG32",0.398483741362364,0.995270625328429,10,TRUE,10.2393499873055,3.25841840606867,9.8724738251673,614.319569894303,148.424084297548,208.978023234411,0.551345519129878,5,0,0,0.518494718295939,0.0260978508971671,0,0.452320947860159,"Top-decile rarity hotspots","Pasture"
"DC41_3","DC41",0.386158518421033,0.99474513925381,11,TRUE,9.62669267814771,2.20685776637925,9.67714729338705,492.202870781734,133.77473026872,187.085587618742,0.638256057319649,5,0,0.20424715924694,0.525628536180058,0.201962913112317,0.0362999385947855,0,"Top-decile rarity hotspots","Pasture"
"AE95_3","AE95",0.373264061110483,0.994219653179191,12,TRUE,9.96386593170838,3.22211576863013,9.56915016175862,606.962178753688,159.989739218606,196.315004690952,0.719195817709949,4,0,0.380225880644222,0.277833152194631,0,0,0.341940967161147,"Top-decile rarity hotspots","Cropland"
"GG10_3","GG10",0.371298492758866,0.993694167104572,13,TRUE,9.8498336767904,2.39096374286791,9.68363903693581,493.045578440172,120.569057771122,185.617817379569,0.537705115061557,6,0.000146000652764518,0.00268267888899221,0.127124847564842,0.10533782029434,0.0021515874742949,0.762557065124766,"Top-decile rarity hotspots","Fresh/saltwater"
"GE01_3","GE01",0.366977544955218,0.993168681029953,14,TRUE,9.42958062649308,1.51464734052039,9.5609385425618,510.620223217262,121.703635506557,193.909745092474,0.721441023902543,4,0.329247659627475,0.294406749092142,0,0.267739179176813,0.10860641210357,0,"Top-decile rarity hotspots","Urban"
"CC14_3","CC14",0.362971198353297,0.992643194955334,15,TRUE,9.77052472381278,2.82257037227567,9.58337166830387,566.525348046044,161.75515299252,204.444527214834,0.724988709936091,5,0.0388788843087538,0.387344909316087,0.254225503015539,0,0,0.31955070335962,"Top-decile rarity hotspots","Cropland"
"BH76_3","BH76",0.349852665942298,0.992117708880715,16,TRUE,10.165088187457,2.63151334050147,10.0332405684583,656.018444107929,154.20870778725,230.258020299793,0.526153630345265,2,0,0.470691387087386,0.499761102245572,0,0.0295475106670426,0,"Top-decile rarity hotspots","Pasture"
"BF08_3","BF08",0.338345565117223,0.991592222806096,17,TRUE,10.0422558202445,3.26889240100015,9.64388893350204,599.307878710519,156.629731999264,196.46303881022,0.522588443142166,3,0,0,0.416996651963653,0,0.0243546681646002,0.558648679871746,"Top-decile rarity hotspots","Fresh/saltwater"
"HA07_3","HA07",0.332212737982289,0.991066736731477,18,TRUE,9.26059974399695,2.22466615551232,8.7929239284875,515.564648907443,125.657847607212,171.875149098613,0.601011521910552,6,0.0648265216309686,0.101257094491013,0.00606899214552176,0.131056806987022,0.0900054568269945,0.60678512791848,"Top-decile rarity hotspots","Fresh/saltwater"
"BF02_3","BF02",0.330993942506759,0.990541250656858,19,TRUE,10.1316372398157,3.49820602626655,9.66449168718774,593.446282710091,152.300349233559,194.356542167044,0.595710041051231,4,0.0398565583982938,0.00570611152641395,0.492686372101661,0.392458742466446,0,0.0692922155071855,"Top-decile rarity hotspots","Pasture"
"GF43_3","GF43",0.330635446158583,0.990015764582239,20,TRUE,9.59139698317109,1.74519521068759,9.60310794996156,485.445851896448,117.08459872036,185.827881042861,0.694483085619214,6,0.0892299819302002,0,0.361718528456793,0.0274645172260908,0.242042956422118,0.279544015964799,"Top-decile rarity hotspots","Pasture"
"EF93_3","EF93",0.329231709640695,0.98949027850762,21,TRUE,9.71396795948062,2.52239286684239,9.540753820063,472.880381159131,117.014302927283,177.252360317551,0.718180425334941,5,0.048709335107575,0.253643991002539,0.304507226941316,0.33388162013117,0.0592578268174003,0,"Top-decile rarity hotspots","Forest"
"BG29_3","BG29",0.328269880758909,0.988964792433,22,TRUE,10.1570585230275,3.31548244300613,9.75037162355841,618.941841474693,157.965574941245,206.499242313234,0.534502545506689,4,0.30342399952572,0,0.0918549289286247,0.000574008695340561,0,0.604147062850315,"Top-decile rarity hotspots","Fresh/saltwater"
"GF74_3","GF74",0.324087515247183,0.988439306358382,23,TRUE,9.53589443409457,1.49755507200636,9.61061148435921,469.81617823686,113.311616425605,181.073003371254,0.674535328406612,4,0,0,0.246784825443204,0,0.200946041043936,0.55226913351286,"Top-decile rarity hotspots","Fresh/saltwater"
"BC83_3","BC83",0.316679246711299,0.987913820283763,24,TRUE,9.78630285623674,3.01737563623426,9.52552638537347,581.872548695904,169.654340445633,203.401908803944,0.740989158055408,7,0.0487093355347059,0.06210593946736,0.178272025939808,0.0308183515111081,0.027997330284173,0.652097017262845,"Top-decile rarity hotspots","Fresh/saltwater"
"FE82_3","FE82",0.315012836315369,0.987388334209143,25,TRUE,9.51873234383045,1.75514724658805,9.61492450100789,486.640317209279,114.940228700801,183.763289269812,0.715755579221592,6,0.0322689287240822,0.162208395456285,0.0773239030897721,0.415840935321912,0.0353377115613348,0.277020125846613,"Top-decile rarity hotspots","Forest"
"GH59_3","GH59",0.314022401300373,0.986862848134524,26,TRUE,9.45982071803552,2.06305679761719,9.2589079023244,520.873316723423,125.655058558204,196.580927418194,0.630682990407448,4,0,0.16712243465704,0,0.225974280329949,0,0.606903285013011,"Top-decile rarity hotspots","Fresh/saltwater"
"BF39_3","BF39",0.305976522679007,0.986337362059905,27,TRUE,9.90582973507699,2.78176018365999,9.66130150475658,637.216574069716,170.661875303899,214.955984230943,0.705312646231534,4,0.248469092865922,0.279296636410112,0.381049823619067,0,0,0.0911844471048989,"Top-decile rarity hotspots","Pasture"
"HA52_3","HA52",0.305953123143674,0.985811875985286,28,TRUE,9.69278189806084,2.70053939565712,9.17774216790795,461.585968507468,111.24864204499,151.715965718949,0.629377966293884,5,0.234420834244263,0.121707718608873,0,0.0634679314078315,0.0369363097821595,0.543467205956874,"Top-decile rarity hotspots","Fresh/saltwater"
"FH11_3","FH11",0.304125868279061,0.985286389910667,29,TRUE,10.0767656562693,2.45555559794108,10.0286607323663,495.525737283009,116.500512560123,195.050633439576,0.455262045919358,4,0,0.712559462860001,0.121350941099178,0.0188534007779117,0,0.147236195262909,"Top-decile rarity hotspots","Cropland"
"DF38_3","DF38",0.298756161610013,0.984760903836048,30,TRUE,9.67867116393204,2.08688987467162,9.70603986945573,533.602247355893,144.001294785344,197.020032201649,0.687175604339714,6,0,0.234341528887163,0.0168478833800951,0.194540845631847,0.0168963357483293,0.537373406352566,"Top-decile rarity hotspots","Fresh/saltwater"
"DH98_3","DH98",0.296210971807543,0.984235417761429,31,TRUE,10.0263208946254,2.70170531958205,9.88439282821589,508.637166988057,128.13764583536,189.861706242926,0.566409499930707,3,0,0.215366156192077,0,0,0,0.784633843807922,"Top-decile rarity hotspots","Fresh/saltwater"
"GF17_3","GF17",0.294335839724043,0.98370993168681,32,TRUE,9.41631627186725,1.54842046421362,9.50647534552798,512.710614034414,124.993616719165,193.462719278023,0.623637553296231,5,0.522466963083906,0.0932195979415035,0.00683049068457,0.295647593876155,0.0791526755265636,0.00268267888730185,"Top-decile rarity hotspots","Urban"
"BE07_3","BE07",0.281846991524758,0.983184445612191,33,TRUE,9.88815394535459,3.05101086681334,9.55189398533074,613.953553702786,164.702216463949,201.714413408433,0.413399135688856,6,0.00878743269171646,0.735797651021782,0.198307758047456,0.00232366346979189,0,0.0547834947692536,"Top-decile rarity hotspots","Cropland"
"EG94_3","EG94",0.275740459805258,0.982658959537572,34,TRUE,9.91598163725176,2.67845607594832,9.74343137991916,480.084663913794,118.964245330658,180.13452303842,0.260763834007464,4,0.00662877738907846,0.853930164343694,0.058024475066724,0,0,0.0814165832005032,"Top-decile rarity hotspots","Cropland"
"HA03_3","HA03",0.274531605623963,0.982133473462953,35,TRUE,9.62149854659609,2.62331463647486,9.12385232782914,468.535396659246,113.519649612734,157.166436765647,0.603254786403266,5,0.106913933641976,0,0.0485504369762671,0.243174078079797,0,0.60136155130196,"Top-decile rarity hotspots","Fresh/saltwater"
"FE30_3","FE30",0.274091890701601,0.981607987388334,36,TRUE,9.69908757797893,2.31809116865261,9.63814212653771,440.512588362681,102.775568787931,166.070398981886,0.759710592135317,6,0.129080765706828,0.0437623728687431,0.0574627613712673,0.328923338893921,0,0.44077076115924,"Top-decile rarity hotspots","Fresh/saltwater"
"EF09_3","EF09",0.27357969062394,0.981082501313715,37,TRUE,9.76347597567565,2.40258097131929,9.69819308141269,446.085390072601,111.93732046222,172.248577521483,0.458273164279501,6,0.0243546667532184,0.0138831807626115,0.0209799011518509,0.0663144690569026,0.0629397034553428,0.811528078820074,"Top-decile rarity hotspots","Fresh/saltwater"
"DF37_3","DF37",0.266022341522274,0.980557015239096,38,TRUE,9.71534343603752,2.1770901789829,9.72470653798038,515.026968535198,137.519510572334,191.575875691918,0.621582190478804,5,0.212275940735162,0.0404568253934109,0,0.0273219607864454,0,0.719945273084982,"Top-decile rarity hotspots","Fresh/saltwater"
"GE12_3","GE12",0.262244872257618,0.980031529164477,39,TRUE,9.20991341275513,1.20907760763658,9.37430293732115,528.4837646274,126.095172006586,201.350299254039,0.155371749084334,3,0.016515808171997,0,0,0.916438988537613,0,0.0670452032903906,"Top-decile rarity hotspots","Forest"
"AF98_3","AF98",0.26089819163839,0.979506043089858,40,TRUE,10.0593593271174,3.36208594606386,9.61680218971684,596.36099920088,154.980735002845,193.483751985964,0.485786425980842,4,0.0556632768568694,0,0.155566006167684,0,0.0104362032552896,0.778334513720157,"Top-decile rarity hotspots","Fresh/saltwater"
"BG28_3","BG28",0.259128080260742,0.978980557015239,41,TRUE,10.1763016032476,3.35149762563671,9.75932856124125,615.686423012264,156.231219246901,205.5023076304,0.69565325165927,5,0.127412393449916,0,0.418990744787928,0.113722709379776,0,0.33987415238238,"Top-decile rarity hotspots","Pasture"
"DB78_3","DB78",0.25580952706665,0.97845507094062,42,TRUE,9.62360236703686,2.59468206827524,9.51078817648743,505.587570867884,141.228861997527,177.838070257011,0.597194419549681,5,0.0243546668219672,0,0.562395325963299,0.129831674010097,0.0222214413844859,0.261196891820151,"Top-decile rarity hotspots","Pasture"
"HA43_3","HA43",0.251043560394937,0.977929584866001,43,TRUE,9.29813332645871,2.3397137619836,8.76682909747952,491.577762601278,119.715593686392,160.633794163596,0.545504413957029,3,0,0.388835965420051,0,0.546975305780777,0.0641887287991725,0,"Top-decile rarity hotspots","Forest"
"BG33_3","BG33",0.251015413736289,0.977404098791382,44,TRUE,10.2250872299594,3.25232472560723,9.85771091422573,614.108590465633,149.738391893016,208.824813609448,0.378665024782017,4,0,0,0.0926843764122939,0,0,0.825160768409539,"Top-decile rarity hotspots","Fresh/saltwater"
"CC87_3","CC87",0.248503284481434,0.976878612716763,45,TRUE,9.67688610264836,2.40748327848803,9.64505978533041,533.235192976865,149.044006442694,195.825060797365,0.60106816735524,4,0.243087607655814,0.556881684777183,0.0338518746839135,0,0.166178832883089,0,"Top-decile rarity hotspots","Cropland"
"EG84_3","EG84",0.24707398231511,0.976353126642144,46,TRUE,9.93496910698887,2.70880353495492,9.76378351275295,477.078828275953,118.025632684061,179.370622004518,0.616997723121332,6,0.0445155903259441,0.185522208380511,0.112082474361953,0.048709337185351,0,0.609170389746242,"Top-decile rarity hotspots","Fresh/saltwater"
"FG93_3","FG93",0.246506186487168,0.975827640567525,47,TRUE,9.78585257953203,2.26292597100051,9.66063311107819,497.762574656409,124.093348407205,184.73512726556,0.614525312072006,7,0.0505791233772458,0.0437321695591445,0.0445940220600238,0.120416117893518,0.0289825545083283,0.71169601260174,"Top-decile rarity hotspots","Fresh/saltwater"
"HA24_3","HA24",0.245200009264028,0.975302154492906,48,TRUE,9.04189573264799,2.07829600699679,8.5200417831321,500.475855028396,122.193713239718,165.36722793106,0.59520194839005,4,0.0670410779167324,0.358234717612694,0,0.518285260103573,0.0564389443670004,0,"Top-decile rarity hotspots","Forest"
"DC40_3","DC40",0.243073810655012,0.974776668418287,49,TRUE,9.6061635423133,2.13666206452408,9.66640915249277,492.014905076887,133.684122009835,187.125367912941,0.586642208186703,6,0.00557344740940445,0.245382982236037,0.580701833362843,0.105625373929961,0.0383616946914295,0.0243546683703247,"Top-decile rarity hotspots","Pasture"
"FH24_3","FH24",0.24274577361422,0.974251182343668,50,TRUE,9.97016900825721,2.46645026027694,9.85868741073164,496.297329031461,118.069380802495,192.200289059384,0.650017128656368,5,0.252695284387627,0.487687505230532,0.0243546651808716,0.0175775881840256,0,0.217684957016943,"Top-decile rarity hotspots","Cropland"
"DB65_3","DB65",0.242295391488953,0.973725696269049,51,TRUE,9.63741082906065,2.61196260661622,9.53158752187441,490.492276311889,138.486869298857,174.846482408305,0.6333873862341,4,0.0668659685768223,0.0996656643066436,0.373046592718702,0.460421774397832,0,0,"Top-decile rarity hotspots","Forest"
"BC94_3","BC94",0.24180897281709,0.97320021019443,52,TRUE,9.76028497939304,2.95462333565936,9.51435552895859,582.99731903506,169.161874498464,205.583478485001,0.689268922180673,7,0.0266401274048868,0.13071391331395,0.488568994729132,0.166714001521737,0.0487093353700269,0.138653627660268,"Top-decile rarity hotspots","Pasture"
"BD07_3","BD07",0.232787486331975,0.972674724119811,53,TRUE,9.91284472499683,3.36895244664358,9.49231411128926,602.42124289611,168.189405586281,192.014200336059,0.370510200648366,4,0.0235230135783356,0,0.181246146368531,0,0,0.795230840053133,"Top-decile rarity hotspots","Fresh/saltwater"
"BG30_3","BG30",0.231919686776266,0.972149238045192,54,TRUE,10.2651025826159,3.26723767239517,9.90589385307486,611.735078827439,145.848806545932,208.11064499615,0.616018918375016,4,0,0,0.145340395889113,0,0.0121773340185866,0.706788413028025,"Top-decile rarity hotspots","Fresh/saltwater"
"EF02_3","EF02",0.229275166098427,0.971623751970573,55,TRUE,9.85984733326354,2.65182974084823,9.70660242800226,473.305524446043,120.534635430828,180.765291953415,0.39910929746746,5,0.07306400025999,0.0526263634181411,0,0,0.0282716966649657,0.846037939656904,"Top-decile rarity hotspots","Fresh/saltwater"
"GE11_3","GE11",0.227832722821423,0.971098265895954,56,TRUE,9.26903156619212,1.29029849974935,9.42003961506662,522.897710940815,125.297296849943,198.527341835086,0.12059583889349,3,0.0331429490393378,0,0,0.936694136099156,0,0.0301629148615064,"Top-decile rarity hotspots","Forest"
"BF43_3","BF43",0.223292370126132,0.970572779821335,57,TRUE,9.94783825092297,2.82715804480319,9.67703918548543,634.235192305062,166.404012280058,213.256904593216,0.730909996137171,5,0.137719935261299,0.37673880778815,0.205959057972134,0.224784197485177,0.0547980014932404,0,"Top-decile rarity hotspots","Cropland"
"DD57_3","DD57",0.222578516685013,0.970047293746716,58,TRUE,9.6177949561068,2.10017242739937,9.69130872337842,500.870059603634,135.628387702512,190.782755448983,0.754940212536592,6,0.0487093336253906,0.342576585849205,0,0.129639154364381,0.132895829003049,0.346179097157974,"Top-decile rarity hotspots","Fresh/saltwater"
"BF29_3","BF29",0.221602408549785,0.969521807672097,59,TRUE,9.95583926532853,2.93331729762239,9.66678019920392,623.753305057953,166.215381429163,208.511085805278,0.641331790713651,4,0,0.415026132930708,0.386470900603441,0,0,0.198502966465852,"Top-decile rarity hotspots","Cropland"
"BD06_3","BD06",0.220431859278361,0.968996321597478,60,TRUE,9.91197164192329,3.3649850514116,9.48803445641184,603.839145661293,167.941536025081,192.071041527756,0.531779448865229,4,0.14080531551933,0,0.000868240509841608,0,0,0.858326443970828,"Top-decile rarity hotspots","Fresh/saltwater"
"GF01_3","GF01",0.219649786168268,0.968470835522859,61,TRUE,9.63767732628938,1.94116995673649,9.62521612195159,485.055569974332,120.204506377793,181.156396457798,0.744547212135753,5,0.321889274426843,0.189906994009869,0.0974186707415182,0,0,0.39078506082177,"Top-decile rarity hotspots","Fresh/saltwater"
"EG26_3","EG26",0.219095391328168,0.96794534944824,62,TRUE,9.88153570519064,2.74786519285803,9.68608921367291,489.800605432344,124.866088038006,184.680697856718,0.655005038661807,6,0.486655232012813,0.298313425112642,0,0.121773330966446,0.00111627630264814,0.0921417356054504,"Top-decile rarity hotspots","Urban"
"GF38_3","GF38",0.214977140777176,0.967419863373621,63,TRUE,9.24762701900553,1.24273915082629,9.37715365728651,526.796227101678,127.961018580924,200.396126803301,0.500952798823691,4,0.215246718171927,0,0.0938019566415381,0.66517826173942,0,0.0257730634471147,"Top-decile rarity hotspots","Forest"
"BG54_3","BG54",0.211411961480209,0.966894377299002,64,TRUE,10.1307636893228,2.91128977678519,9.86882560346186,640.362182413767,158.437097522361,220.614182861959,0.527957650416554,4,0,0.133614170663983,0.198680491653768,0,0,0.667705337682249,"Top-decile rarity hotspots","Fresh/saltwater"
"HA34_3","HA34",0.210559114547323,0.966368891224383,65,TRUE,9.01713874168456,2.06353849147478,8.48662092784028,496.133729390649,121.111488503444,163.437032105713,0.322122851719805,4,0.00577098149679362,0.14511630382615,0,0.809439948946143,0.0396727657309137,0,"Top-decile rarity hotspots","Forest"
"GE32_3","GE32",0.208072638328677,0.965843405149764,66,TRUE,9.20093862977996,1.04057807812461,9.41372894500643,535.08579727411,127.504045487727,205.129992511649,0.600163774854417,6,0.26323022785172,0.0391216387592943,0.0536683830295665,0.567395783808857,0.0278746253883383,0.0487093411622244,"Top-decile rarity hotspots","Forest"
"FH63_3","FH63",0.207986076860756,0.965317919075145,67,TRUE,10.0101095132457,2.45968112989748,9.90340840859307,490.491148153308,116.233305646324,192.249542288246,0.678391162952242,5,0,0.252937029656081,0.0730640094271249,0.147679372473692,0,0.526319588443101,"Top-decile rarity hotspots","Fresh/saltwater"
"DG23_3","DG23",0.206390399700032,0.964792433000526,68,TRUE,9.94413716328025,2.49300048485754,9.86369093870151,559.007414474468,145.980291949536,203.470471390314,0.657995816899608,7,0.0487093345722462,0.167688726279459,0.0243546672861231,0.052233928149074,0.122121444185596,0.584891899527502,"Top-decile rarity hotspots","Fresh/saltwater"
"BG95_3","BG95",0.204776181673464,0.964266946925906,69,TRUE,9.8903424497365,2.3217166624557,9.783125373151,686.143428376045,174.5763198474,241.103245277515,0.675896888441747,4,0,0.390111468025119,0.0554522124876472,0.349181600572964,0.20525471891427,0,"Top-decile rarity hotspots","Cropland"
"BE82_3","BE82",0.203566293854234,0.963741460851287,70,TRUE,9.40656288337864,1.8437004863209,9.36590541834382,697.359374701206,195.342045057503,239.800155976931,0.596256196046752,4,0.0747129208622049,0.180922782309382,0,0.582407773701051,0.161956523127362,0,"Top-decile rarity hotspots","Forest"
"DF41_3","DF41",0.202047582195262,0.963215974776668,71,TRUE,9.79887239596968,2.44543369270925,9.71624532258159,505.852624477911,131.742707969262,188.544490101648,0.790062510898808,7,0.12987083790451,0.337646102621151,0.178310719436782,0.168703666692602,0.0974186734804694,0.0880499998644865,"Top-decile rarity hotspots","Cropland"
"BH99_3","BH99",0.201515136074049,0.962690488702049,72,TRUE,9.97699294295564,2.32244897708066,9.89883837989563,693.099265467465,169.103813247872,245.149930564825,0.699097755166651,5,0.0690876075916414,0.426015503337727,0.0326505755580518,0.267901344539042,0.204344968973538,0,"Top-decile rarity hotspots","Cropland"
"GH17_3","GH17",0.1987970017948,0.96216500262743,73,TRUE,9.85019393577829,2.38230019740629,9.676619399693,505.917573923757,123.174013762357,192.014746650148,0.493386086694188,4,0,0.0985594912936889,0,0.170482685747698,0.0487093387850565,0.682248484173557,"Top-decile rarity hotspots","Fresh/saltwater"
"DH67_3","DH67",0.197786366836657,0.961639516552811,74,TRUE,9.94597206586326,2.45464357051824,9.86894010736476,548.067229093429,136.832418741884,204.736363090256,0.627064549144913,5,0.0730640062528459,0.420506884874664,0,0,0.0487093375018973,0.457719771370593,"Top-decile rarity hotspots","Fresh/saltwater"
"EH92_3","EH92",0.195779048610571,0.961114030478192,75,TRUE,10.074096746675,2.51340310769968,10.0110671032927,486.829623727425,113.992361193447,191.669266678264,0.573048767318859,4,0,0.138928277269242,0.152133481857545,0,0,0.708938240873213,"Top-decile rarity hotspots","Fresh/saltwater"
"FH21_3","FH21",0.194737714661866,0.960588544403573,76,TRUE,10.0636971790346,2.46086753700496,10.0153938315641,497.971872603356,117.105587882838,195.590245950291,0.65372400140441,6,0,0.42049089649402,0.048282882120656,0.0176786007696942,0.0409933533722885,0.472554267243341,"Top-decile rarity hotspots","Fresh/saltwater"
"GE13_3","GE13",0.194705549010899,0.960063058328954,77,TRUE,9.36225188571744,1.33221944113741,9.54408599251932,493.198759072784,116.463013019903,188.869845978749,0.759054709337032,5,0.124531413078861,0.184355348399132,0.163747359344655,0.366739610994641,0.160626268182711,0,"Top-decile rarity hotspots","Forest"
"CG54_3","CG54",0.194586178987472,0.959537572254335,78,TRUE,9.77762855826553,2.06405655920399,9.7707973045226,645.756052317437,172.688078118662,228.185253662395,0.801663448422394,6,0.238978935642639,0.283056137327222,0.146128003680722,0.124822251468395,0.133950670040662,0.0730640018403608,"Top-decile rarity hotspots","Cropland"
"GF27_3","GF27",0.193485652159828,0.959012086179716,79,TRUE,9.33366814411736,1.42461056874172,9.43326577352007,520.99729619114,126.493407211979,197.735655247846,0.681647879701362,4,0.352181006947428,0,0,0.375929843866501,0.0487093307412203,0.22317981844485,"Top-decile rarity hotspots","Forest"
"CC91_3","CC91",0.191928693234913,0.958486600105097,80,TRUE,9.34204956352809,1.83729139264407,9.39558116045054,536.309823371088,147.351426212661,203.344512172379,0.426437362024247,3,0.136624732362396,0.733505371947714,0,0.12986989568989,0,0,"Top-decile rarity hotspots","Cropland"
"BG62_3","BG62",0.191324618917742,0.957961114030478,81,TRUE,10.1130083939072,2.79242944562726,9.89609726881809,654.789741144634,160.845417393169,226.848411792913,0.567690345717909,7,0.0615577762651037,0.610940054166423,0.220096051610904,0.0257292964762584,0.0342864820780006,0.0473903394033097,"Top-decile rarity hotspots","Cropland"
"FG63_3","FG63",0.19088192860876,0.957435627955859,82,TRUE,9.70670450097595,2.20742030210258,9.58198102610684,522.625271844,129.766710750948,194.113267281975,0.341151746714846,4,0.146128018855242,0.796694171922566,0,0.00472888699283101,0.0524489222293612,0,"Top-decile rarity hotspots","Cropland"
"BD73_3","BD73",0.190744547583552,0.95691014188124,83,TRUE,9.71953608047108,2.50530390234321,9.58660041941725,610.728227338925,173.881365200985,215.594483095189,0.710622289031351,7,0.0679774743780186,0.340994379224013,0.392141848321952,0.0332364478683682,0.0623662149731495,0.103283635234499,"Top-decile rarity hotspots","Pasture"
"DC00_3","DC00",0.189278436570043,0.956384655806621,84,TRUE,9.41354993599338,1.87177146861277,9.49021580520725,506.360932572772,137.660334344612,192.949635704563,0.645667368387116,5,0.103015627346373,0.243629556423764,0.0398662820913845,0.524220288925211,0.0892682452132675,0,"Top-decile rarity hotspots","Forest"
"GH19_3","GH19",0.188463536136856,0.955859169732002,85,TRUE,9.84671416738919,2.39610354237536,9.67275355792761,500.004345011679,121.143132875545,189.320029533017,0.573890058310505,4,0.0052193571246569,0.464567164108367,0,0,0,0.530213478766977,"Top-decile rarity hotspots","Fresh/saltwater"
"DF80_3","DF80",0.188333078718958,0.955333683657383,86,TRUE,9.88329896916119,2.65403256799673,9.74177788037337,489.21711619153,126.152104430817,184.431540399614,0.723858905153654,7,0.134345168831463,0.428843218165268,0.0987409931714042,0.0243546678508959,0.0487093357017919,0.265006616279177,"Top-decile rarity hotspots","Cropland"
"FG52_3","FG52",0.187385988094867,0.954808197582764,87,TRUE,9.86036552171454,2.40954650157279,9.7195174098064,496.073234319588,122.665903437591,185.40690689278,0.565619431156723,7,0.0484674115586599,0.54065294671922,0.0224607410841237,0.00411531046516333,0.00411531046519879,0.380188279707634,"Top-decile rarity hotspots","Cropland"
"CC75_3","CC75",0.186701504569412,0.954282711508145,88,TRUE,9.68471396856333,2.37778949320614,9.65630078062298,538.596290366144,150.510299408213,199.618130270597,0.790936379042798,7,0.0658633167279383,0.327837343624846,0.0606238944103821,0.18318256238694,0.034286483246206,0.328206399603688,"Top-decile rarity hotspots","Fresh/saltwater"
"CF34_3","CF34",0.186579716717357,0.953757225433526,89,TRUE,9.35216643818493,1.6906280857308,9.33424693402312,691.759497483238,192.316993381668,238.634597347817,0.649827621318204,5,0.179416293646107,0.130627992646819,0.0684821829472938,0.536018722434605,0.085454808325175,0,"Top-decile rarity hotspots","Forest"
"FF79_3","FF79",0.184953007350316,0.953231739358907,90,TRUE,9.59635826508755,1.91023602435831,9.63378081949442,478.482524688404,113.649750191072,180.4102838317,0.783746262699433,6,0,0.0713310579507381,0.0974145493248865,0.295787821263412,0.146127991302276,0.389338580158687,"Top-decile rarity hotspots","Fresh/saltwater"
"FF62_3","FF62",0.184910088404101,0.952706253284288,91,TRUE,9.30461805895827,1.71249372105424,9.26231449648303,493.235268726261,121.849160725495,184.395237382599,0.669300480220988,4,0.0979293442589732,0.290484177033574,0,0.463446808511319,0.148139670196134,0,"Top-decile rarity hotspots","Forest"
"DC42_3","DC42",0.183888187029989,0.952180767209669,92,TRUE,9.63155643321418,2.23271195336183,9.6667284683068,508.347532625972,138.304421279792,192.906336975806,0.735834512461175,7,0.120845086017097,0.301621741174099,0.0692603672346745,0.367894565114975,0.12749873479765,0.0128795056615046,"Top-decile rarity hotspots","Forest"
"CD81_3","CD81",0.183412797033178,0.95165528113505,93,TRUE,9.4717303704725,1.66492970957674,9.60299556099092,524.045428761774,143.425633940963,196.635602980787,0.671854668337029,4,0,0.42174861249991,0.0547980020438306,0.218889190303941,0.304564195152319,0,"Top-decile rarity hotspots","Cropland"
"EF81_3","EF81",0.183280888330109,0.951129795060431,94,TRUE,9.83368630778939,2.65648514673685,9.65324904660089,470.270057481786,116.553564452634,177.097120800129,0.36287862507986,5,0.0355550699646349,0.789924722124372,0.0730640057819963,0,0.0243546685939988,0.0771015335349979,"Top-decile rarity hotspots","Cropland"
"FG51_3","FG51",0.183241079238345,0.950604308985812,95,TRUE,9.87859666922583,2.43551738135871,9.7296117563604,495.902704233445,121.946708187291,186.364622070337,0.671582177467584,5,0,0.445062221099898,0.184283291678693,0,0.0157483181061718,0.354906169115237,"Top-decile rarity hotspots","Cropland"
"GE43_3","GE43",0.182398780542456,0.950078822911193,96,TRUE,9.23177825211752,0.947117926695406,9.48896771053934,507.519112534091,120.548126359214,195.167874661014,0.655564791604285,5,0.200012598280806,0.00822020388980211,0.0243546652371613,0.45545248460177,0.00180836244736173,0.310151685543098,"Top-decile rarity hotspots","Forest"
"EH13_3","EH13",0.181637715777471,0.949553336836574,97,TRUE,10.059098497743,2.54873697603221,9.98677994935406,514.742738420176,125.546322590817,196.156901528493,0.516191236908612,6,0.102763003600077,0.0626384326968475,0.0182363192802933,0,0.0426206713096575,0.773741573113124,"Top-decile rarity hotspots","Fresh/saltwater"
"CG39_3","CG39",0.18106104913895,0.949027850761955,98,TRUE,9.63366354891332,1.97811247360227,9.59898335496995,689.501440344016,185.222024738459,240.60054454314,0.543758992260833,4,0.251232973268213,0.611118960230637,0,0.0243546676123071,0.113293398888842,0,"Top-decile rarity hotspots","Cropland"
"GH07_3","GH07",0.180648905151199,0.948502364687336,99,TRUE,9.87704973560443,2.40272006286974,9.71130743475239,510.736752860851,124.054214975771,194.275571892169,0.624128398925663,6,0.00477322796506485,0.564210516319028,0.0658902758076121,0,0.0487093353685621,0.316416644539733,"Top-decile rarity hotspots","Cropland"
"GE23_3","GE23",0.180290972905241,0.947976878612717,100,TRUE,9.34531479304336,1.22130952862631,9.55223245988557,508.858723758956,120.586608584502,194.89327689099,0.736819319160478,5,0.117883376798641,0.199406344592673,0.372618353060889,0.227784550772944,0.0823073747748535,0,"Top-decile rarity hotspots","Pasture"
"FG66_3","FG66",0.180242415045491,0.947451392538098,101,TRUE,9.5987535259624,2.0756499574809,9.49969531223937,498.032947467688,124.47795318117,184.430460471973,0.608457591761087,5,0.0487093396176904,0.575200633509029,0.0489415656781061,0.175777946683677,0.151370514511497,0,"Top-decile rarity hotspots","Cropland"
"DE24_3","DE24",0.179757004291084,0.946925906463479,102,TRUE,9.46530788967266,1.71716132804911,9.56595388235187,510.32991269095,138.956962576319,189.062161719414,0.468781979935829,4,0.171467231921447,0.700250836788755,0,0.103927264004834,0.0243546672849635,0,"Top-decile rarity hotspots","Cropland"
"CC71_3","CC71",0.179140274773124,0.94640042038886,103,TRUE,9.486682126577,2.03506826978595,9.51470149291623,556.738031531546,153.960512092929,209.79436182212,0.657155673394874,6,0.0487093351624017,0.504006949247342,0.103486790219156,0.259847521657036,0.0836593531504732,0.00029005056359217,"Top-decile rarity hotspots","Cropland"
"EG42_3","EG42",0.179129147436572,0.945874934314241,104,TRUE,9.94807186408691,2.76004197698914,9.76856798418094,491.875209728193,122.327981414058,185.786608672943,0.642038761808904,6,0.0058165039857143,0.011633007971586,0,0.31661068388555,0.0545258399681845,0.611413964188965,"Top-decile rarity hotspots","Fresh/saltwater"
"CH55_3","CH55",0.17901928645745,0.945349448239622,105,TRUE,9.83995926469145,1.86879907678854,9.92950060726699,712.566030348225,177.841938698876,257.033999934843,0.802961842796442,6,0.205220528611339,0.116019477217413,0.145087179569999,0.227573767143744,0.0487093345601701,0.257389712897335,"Top-decile rarity hotspots","Fresh/saltwater"
"CE74_3","CE74",0.17871796831678,0.944823962165003,106,TRUE,9.34796230226918,1.52869685183728,9.44740884050073,576.896255215905,160.767006546449,207.734089582199,0.177193019759297,2,0.0983879054029057,0,0,0.901612094597094,0,0,"Top-decile rarity hotspots","Forest"
"BG58_3","BG58",0.178419641782182,0.944298476090384,107,TRUE,10.0558967595947,2.86377091328753,9.79562290270946,652.211452436296,166.434679383552,222.133178616014,0.559644757260959,4,0.0487093360217985,0.613333182323434,0.172394935800282,0,0,0.165562545854486,"Top-decile rarity hotspots","Cropland"
"FH81_3","FH81",0.178260320676332,0.943772990015765,108,TRUE,10.0278114034568,2.36797256313007,9.959682787471,505.660689160847,118.724326246925,200.422808981804,0.397957174532556,3,0.0106797107103545,0,0.070634620935383,0.163775812580989,0,0.754909855773274,"Top-decile rarity hotspots","Fresh/saltwater"
"GE02_3","GE02",0.177892843817547,0.943247503941146,109,TRUE,9.38858935051799,1.46748563876567,9.52746540754423,511.88119353341,122.086217791024,193.697841736213,0.693740664444925,4,0.273417520139428,0.354337998314939,0,0.32151758996446,0.0507268915811722,0,"Top-decile rarity hotspots","Cropland"
"CD71_3","CD71",0.17680675983136,0.942722017866527,110,TRUE,9.43149341063906,1.64082451125776,9.55165637315466,542.044356407735,149.723050898682,202.132675226354,0.730806843243159,5,0.0971825056053118,0.406482508318722,0.198769049929312,0.0849476923552152,0.212618243791439,0,"Top-decile rarity hotspots","Cropland"
"DB57_3","DB57",0.176130848384247,0.942196531791908,111,TRUE,9.60841331744504,2.58847668055167,9.50043710007589,515.223555451846,144.926951806929,180.992171600455,0.559276852136996,4,0,0,0.036711513374452,0.603170764414437,0.00617842328024278,0.353939298930868,"Top-decile rarity hotspots","Forest"
"BE80_3","BE80",0.176071369207148,0.941671045717289,112,TRUE,9.61390937481724,2.0362370596735,9.56196627301377,684.678571355776,190.707500893274,233.785583527287,0.672796789096861,5,0.0487093355345437,0.421412904814758,0.026575612914246,0.351348080680335,0.151954066056117,0,"Top-decile rarity hotspots","Cropland"
"DB74_3","DB74",0.176063464202912,0.94114555964267,113,TRUE,9.65194929675395,2.61124967212252,9.54738489741082,476.648341834587,133.841014468306,171.301212935095,0.744159769230932,6,0.124979908177084,0.212321373948623,0.340251418039942,0.259551373845642,0.00287618578684036,0.0600197402018686,"Top-decile rarity hotspots","Pasture"
"FH62_3","FH62",0.175341049059059,0.94062007356805,114,TRUE,9.99733086941881,2.4141118002461,9.91275043565606,500.732221861614,118.579688522719,196.41193785707,0.660899476598441,4,0.0487093396151977,0.180584067330899,0,0.445031567169047,0,0.325675025884857,"Top-decile rarity hotspots","Forest"
"BH87_3","BH87",0.174775353363885,0.940094587493431,115,TRUE,10.1133640047222,2.50153152467976,10.0223843710634,671.335280929432,160.345422421124,235.935251340575,0.590088134937517,5,0.275988610838669,0.567359630240746,0.100118061335638,0.0275202413877295,0.0290134561972171,0,"Top-decile rarity hotspots","Cropland"
"GF33_3","GF33",0.173382584069087,0.939569101418812,116,TRUE,9.59119822132921,1.77034573101498,9.59967997480966,494.974930864494,120.02972932787,188.415630110854,0.441672231447442,3,0.222147594029182,0,0,0,0,0.777852405970818,"Top-decile rarity hotspots","Fresh/saltwater"
"EF75_3","EF75",0.173260344580209,0.939043615344193,117,TRUE,9.8483107293304,2.69214684159249,9.67223464911869,441.90412127304,107.974720845947,167.792796995187,0.412767369815194,5,0,0.0697187233118279,0.150106566394219,0,0.00607984286013519,0.774094867433818,"Top-decile rarity hotspots","Fresh/saltwater"
"BC20_3","BC20",0.173061261069575,0.938518129269574,118,TRUE,9.79493446060953,3.27267010876793,9.40491990749084,604.75155655986,172.167560135853,194.359551816398,0.695624957633604,6,0.00543142722909764,0.214282961224235,0.140571027894074,0.458060977245698,0.0274717799209413,0.154181826485954,"Top-decile rarity hotspots","Forest"
"DG89_3","DG89",0.172707027362303,0.937992643194955,119,TRUE,9.90287547532621,2.68068880529611,9.7491447439143,496.23986100753,128.37171685882,186.09621130692,0.705442974957602,6,0.0586411502177908,0.144385630854616,0.048879878598883,0,0.0487093357008586,0.699384004627851,"Top-decile rarity hotspots","Fresh/saltwater"
"CF65_3","CF65",0.171615538396272,0.937467157120336,120,TRUE,9.3176111804743,1.68328142680529,9.32599231847724,655.610880207186,183.696079718692,229.006195309685,0.659213113027983,4,0.333283383599201,0.190004826704281,0,0.438331110562523,0.0383806791339956,0,"Top-decile rarity hotspots","Forest"
"CE82_3","CE82",0.170470497844088,0.936941671045717,121,TRUE,9.37292637686556,1.60344674075685,9.46151132050125,572.093592959963,160.546226087915,204.256259965302,0.177554151127225,3,0.0322689257772932,0,0,0.903123594873576,0.0243546675751501,0.040252811773981,"Top-decile rarity hotspots","Forest"
"DC03_3","DC03",0.170190891312552,0.936416184971098,122,TRUE,9.56626322112892,2.10830639888246,9.60636698004485,510.921180425397,140.348406232636,193.084450553338,0.542534842184114,5,0.634136313339286,0.204214818901533,0.103007714559001,0.047234046383973,0.0114071068162067,0,"Top-decile rarity hotspots","Urban"
"CH35_3","CH35",0.170168126583472,0.935890698896479,123,TRUE,9.86994780527259,1.90989616960541,9.94167215965387,734.761739769498,179.309171434431,263.929092214437,0.616846016482018,3,0,0.472396284145186,0.161789864142611,0.365813851712202,0,0,"Top-decile rarity hotspots","Cropland"
"HA36_3","HA36",0.169754517523167,0.93536521282186,124,TRUE,9.33694261624781,2.35736867038859,8.83058597577202,432.589456173283,104.216625584816,146.65715163698,0.725498184347963,6,0.0970759449298712,0.189541878438234,0,0.148232785983193,0.117110980280278,0.448038410368422,"Top-decile rarity hotspots","Fresh/saltwater"
"DG72_3","DG72",0.169318826168443,0.934839726747241,125,TRUE,9.7162657123759,2.42617174116172,9.56574360477078,519.630633897828,133.57961411622,191.835527669047,0.594103876866268,5,0.0384185118299798,0.30795373642905,0,0.547731396284662,0.00847768816924463,0.0974186672870631,"Top-decile rarity hotspots","Forest"
"AD90_3","AD90",0.168704199608342,0.934314240672622,126,TRUE,9.92801227071647,3.24730375713766,9.53574431702078,612.543202036734,165.254707805919,196.760619024112,0.56490884344611,5,0,0.0459864669930725,0.37857579152538,0,0.0143047705050037,0.561132970976544,"Top-decile rarity hotspots","Fresh/saltwater"
"FF76_3","FF76",0.168622748916216,0.933788754598003,127,TRUE,9.58481073752948,1.90525394321951,9.60220278251687,479.805733991772,116.885691825029,179.983000699587,0.616312343988369,5,0.120249597002278,0.577776121544085,0.0586611934102015,0,0.149728358497245,0.0935847295461908,"Top-decile rarity hotspots","Cropland"
"BD19_3","BD19",0.168115199366684,0.933263268523384,128,TRUE,9.8500548182079,3.3543903812086,9.43854658681581,614.608739399297,173.365058962522,195.396435460136,0.783077156857857,6,0.0243546676620339,0.195072705895275,0.295968334295172,0.24959423390313,0.0979227350948555,0.137087323149533,"Top-decile rarity hotspots","Pasture"
"FF84_3","FF84",0.167092862731169,0.932737782448765,129,TRUE,9.56607415574169,1.84813145611436,9.57800299433299,487.464867393067,118.568390385326,183.416212736356,0.72346695311663,6,0.408164873202991,0.0984438095195357,0,0.0510270267895139,0.061399239660366,0.380965050827594,"Top-decile rarity hotspots","Urban"
"GE21_3","GE21",0.166893503344295,0.932212296374146,130,TRUE,9.33208018471659,1.27888578459869,9.50586163768577,500.761749806406,119.860588020119,191.598177307928,0.643621051543549,6,0.45378018667249,0.032259717761684,0.0142614124820925,0.375819343264611,0.0606587002711067,0.063220639548016,"Top-decile rarity hotspots","Urban"
"BG73_3","BG73",0.166786467968977,0.931686810299527,131,TRUE,10.0063196132327,2.59799587329766,9.83677200681082,676.09208865448,167.741780714152,235.649204006456,0.623549528483193,4,0.151944509936934,0.553623428966522,0,0.189115000575027,0.105317060521518,0,"Top-decile rarity hotspots","Cropland"
"EB03_3","EB03",0.165566729480271,0.931161324224908,132,TRUE,9.67695854868853,2.64324907669902,9.61601409518964,464.186834069246,126.079928394454,166.454090083086,0.473287630151471,4,0,0.0121773340817245,0.698263415354225,0.166679022623736,0,0.122880227940315,"Top-decile rarity hotspots","Pasture"
"FG75_3","FG75",0.164722178907071,0.930635838150289,133,TRUE,9.26886057013669,1.76053773764312,9.15611103706993,538.526969134821,133.374908824278,200.497610259561,0.576150985262841,4,0.0243546652174375,0.477030841439521,0.00291619188737989,0.43861013871532,0.0570881627403415,0,"Top-decile rarity hotspots","Cropland"
"CD91_3","CD91",0.163404299072331,0.93011035207567,134,TRUE,9.43824135712834,1.62451048642255,9.57907900822119,534.139809322731,145.702862782411,201.016921104231,0.587045407024957,3,0,0.561320620283603,0,0.248096907433034,0.190582472283363,0,"Top-decile rarity hotspots","Cropland"
"BC84_3","BC84",0.163044471878426,0.929584866001051,135,TRUE,9.74356082145981,3.00881254545018,9.47223992846134,599.959873574109,175.030578795577,208.434739335038,0.579055977164362,6,0.0243546677664559,0.0834084470476761,0.208169657393442,0.605135818861575,0.0281820259185185,0.0507493830123332,"Top-decile rarity hotspots","Forest"
"FF86_3","FF86",0.162753493078455,0.929059379926432,136,TRUE,9.60880717766168,1.87820017894423,9.64025330444452,487.136662154863,118.478674488814,182.896459497283,0.701843608350302,6,0.236638364608691,0.132521085981285,0,0.048709339604453,0.0481883739537024,0.533942835851869,"Top-decile rarity hotspots","Fresh/saltwater"
"DE42_3","DE42",0.162695765668636,0.928533893851813,137,TRUE,9.32050751082737,1.6681736656131,9.37544106070164,507.837513441437,136.314924101919,191.416501827059,0.475032334572694,3,0.381275847456481,0.616106573868767,0,0.00261757867475132,0,0,"Top-decile rarity hotspots","Cropland"
"FF75_3","FF75",0.160817129852506,0.928008407777194,138,TRUE,9.63057880425481,1.96120880023162,9.63806025752428,474.364892052782,115.92399666793,177.642020549675,0.615322696653248,6,0.105725957559608,0.17673940233685,0,0.0109349633556226,0.0558839023550284,0.650715774392891,"Top-decile rarity hotspots","Fresh/saltwater"
"FE72_3","FE72",0.159864547357034,0.927482921702575,139,TRUE,9.55440358170131,1.8700204642533,9.62616165237519,476.62672406059,111.273092541152,180.559100816016,0.620317647711532,5,0.148571226261876,0,0.0182659989133158,0.510906774575851,0.0126310843328011,0.309624915916155,"Top-decile rarity hotspots","Forest"
"DD21_3","DD21",0.159329846129347,0.926957435627956,140,TRUE,9.47943637994364,1.69024798380421,9.61385219722331,524.874481301989,143.477153696924,197.375499451191,0.467484126822127,4,0.686884844692012,0.0961077547844987,0.200926005099501,0.0130656460339493,0.0030157493900394,0,"Top-decile rarity hotspots","Urban"
"FE83_3","FE83",0.159169043095089,0.926431949553337,141,TRUE,9.46791043736064,1.70758360318613,9.57462337258366,492.403977254792,114.967383688564,187.077041799331,0.695323479857035,5,0.419182086619181,0.086386288335161,0.0145785806629672,0.184436430857785,0,0.295416613524906,"Top-decile rarity hotspots","Urban"
"BC44_3","BC44",0.158792134724136,0.925906463478718,142,TRUE,9.76518719755173,3.25956026988713,9.38290764989452,622.348140038425,176.614964227846,203.679526676781,0.666521040171359,6,0,0.00191759048918121,0.424235900919608,0.358775650141922,0.0447601408493654,0.170310717599924,"Top-decile rarity hotspots","Pasture"
"FG33_3","FG33",0.158144087934595,0.925380977404099,143,TRUE,9.85747298189079,2.45191293164382,9.72189475534362,494.383917556669,122.927162308812,184.072449847905,0.597255799273222,5,0.0730640074218128,0.16307516427317,0,0.097418676562417,0,0.6664421517426,"Top-decile rarity hotspots","Fresh/saltwater"
"CH45_3","CH45",0.158011416919547,0.92485549132948,144,TRUE,9.81985538937134,1.84354882748662,9.90132806165255,732.811078651454,181.219316845577,263.653426374896,0.657534150810153,5,0.504901881809796,0.0182703628560288,0.136131652271643,0.243277430743888,0.0974186723186436,0,"Top-decile rarity hotspots","Urban"
"BF03_3","BF03",0.156354663265051,0.924330005254861,145,TRUE,10.0555853762827,3.39624871079754,9.59803651437824,610.707002796729,156.788681847724,200.481820609322,0.411510195274066,5,0.0545016701204582,0.0319628168669509,0.13765686895843,0.751523975889585,0.0243546681645755,0,"Top-decile rarity hotspots","Forest"
"GF29_3","GF29",0.15554459493339,0.923804519180242,146,TRUE,9.24661904370049,1.25964625431268,9.37901238599574,509.516456071546,123.412780588736,193.897020547573,0.656678765293697,4,0.189927533867725,0.0127957032634311,0.29154758507831,0.468760005048376,0,0.0369691727421585,"Top-decile rarity hotspots","Forest"
"BF69_3","BF69",0.154635883655204,0.923279033105623,147,TRUE,9.73593653666247,2.3299935686695,9.6094600610547,677.587138134991,184.728918699841,231.349623102907,0.410867756967367,4,0,0.00744316706155273,0.739063360937982,0.198232836063198,0.0552606359372662,0,"Top-decile rarity hotspots","Pasture"
"BF49_3","BF49",0.154163748726674,0.922753547031004,148,TRUE,9.85697624790873,2.62299774810493,9.6585627395802,650.70792354229,175.283841212172,220.792215901034,0.784775112453954,5,0.109848518811009,0.280188177388196,0.194480128328784,0.2122274847213,0.203255690750711,0,"Top-decile rarity hotspots","Cropland"
"EF91_3","EF91",0.153961747310416,0.922228060956385,149,TRUE,9.66422684227095,2.45414513622523,9.48952854430711,505.348199151426,125.284424457665,189.649435440842,0.306976028924084,4,0.0757551148054482,0.826094225273712,0,0.0447923050534886,0,0.053358354867351,"Top-decile rarity hotspots","Cropland"
"DC14_3","DC14",0.153280311892911,0.921702574881766,150,TRUE,9.57267419626877,2.1756696142332,9.60162046010809,524.820333305326,143.729277960043,198.353357370117,0.237748680247107,3,0.867692367873472,0,0,0,0,0.132307632126528,"Top-decile rarity hotspots","Urban"
"BC55_3","BC55",0.152722277762254,0.921177088807147,151,TRUE,9.70517783159246,3.18084517623383,9.34006444518431,635.982707906531,182.198419101839,209.842942937096,0.653086521293115,5,0.00855788797426621,0.160890199718809,0.518470472949444,0.197546991365126,0.114534447992355,0,"Top-decile rarity hotspots","Pasture"
"CD03_3","CD03",0.152346792476802,0.920651602732528,152,TRUE,9.65330960490517,2.24877082093396,9.6129906069824,579.492124739793,163.54657716782,211.227542488588,0.669321490631212,7,0.531907140799397,0.131083032717944,0.0502828751661672,0.126500541915977,0.0156083366682759,0.144618072732239,"Top-decile rarity hotspots","Urban"
"CE11_3","CE11",0.152193609929632,0.920126116657909,153,TRUE,9.40094294981899,1.69383985132339,9.42105080922393,679.892931855316,191.395498448124,235.986746853132,0.681107444034793,5,0.0730640032441232,0.165358061932272,0.0999269655289657,0.493185851280523,0.168465118014116,0,"Top-decile rarity hotspots","Forest"
"DE34_3","DE34",0.151043438919704,0.91960063058329,154,TRUE,9.44719631094041,1.71753848214966,9.54180672679801,517.02678346161,139.657017680926,193.336490281735,0.54380165358492,5,0.637510257260156,0.192007069157878,0.0487093353091333,0.0974186706182666,0,0.0243546676545666,"Top-decile rarity hotspots","Urban"
"FH36_3","FH36",0.150836828148851,0.91907514450867,155,TRUE,9.9908419063293,2.51915506274121,9.84715875186213,496.433680349589,119.530907137142,190.359074606691,0.538108275485674,4,0,0.380940132637245,0,0.0243546691407763,0,0.594705198221979,"Top-decile rarity hotspots","Fresh/saltwater"
"BG93_3","BG93",0.150662547793813,0.918549658434051,156,TRUE,9.81202414648881,2.23462870311373,9.72076761099461,710.760852178509,179.444723506001,249.418750789335,0.576233902691351,3,0,0.51035732067473,0,0.392175548686241,0.0974671306390293,0,"Top-decile rarity hotspots","Cropland"
"EB04_3","EB04",0.150649798224232,0.918024172359432,157,TRUE,9.65956495626506,2.60836645627534,9.60861756045953,464.033810809295,125.695373226488,166.183789646351,0.666221663246614,4,0.0974186726593933,0,0.156092075893822,0.271747255756333,0,0.474741995690451,"Top-decile rarity hotspots","Fresh/saltwater"
"DF08_3","DF08",0.150428895828611,0.917498686284813,158,TRUE,9.63837082734779,1.97584171926784,9.67343233311933,554.636393785583,152.534553827638,199.85515090882,0.619062672698079,7,0.577937633431774,0.166163449857681,0.110090919422114,0.0158728372498014,0.0686381381857143,0.0612970218529156,"Top-decile rarity hotspots","Urban"
"DH08_3","DH08",0.149548269246836,0.916973200210194,159,TRUE,9.96552578275172,2.23178935527255,9.9801964104673,609.175331937624,156.210136466514,223.062294851124,0.746774445277895,5,0.17914928525658,0.265477519437325,0,0,0.0942530944245622,0.461120100881532,"Top-decile rarity hotspots","Fresh/saltwater"
"DG51_3","DG51",0.148974757141181,0.916447714135575,160,TRUE,9.90335700076546,2.49367550864592,9.7975383085456,536.186959475203,138.2927570803,196.786019308227,0.683686081376038,6,0.301329103665122,0.452640363348271,0,0.0279438855651829,0.0247136931306588,0.193372954290766,"Top-decile rarity hotspots","Cropland"
"BH79_3","BH79",0.148951215813884,0.915922228060956,161,TRUE,10.0689896950749,2.59613908518951,9.913205184288,667.26211536911,160.754814938941,233.476761798702,0.451235120118079,4,0.0730640030216307,0.71786467857719,0,0.0487093353477538,0.160361983053425,0,"Top-decile rarity hotspots","Cropland"
"HA13_3","HA13",0.148696848193798,0.915396741986337,162,TRUE,9.48074807111961,2.48921907398122,8.96788235888021,486.524939739883,118.407803477162,161.393791826069,0.55034206034351,7,0.0422039970151969,0.651075310395797,0.0970917971197726,0.098222666088245,0.0530107427779753,0.0583954866030131,"Top-decile rarity hotspots","Cropland"
"FG92_3","FG92",0.148551194956003,0.914871255911718,163,TRUE,9.78946758894347,2.28003490787618,9.65454451251465,489.012529468548,119.616363597875,184.42406078767,0.798046878406488,7,0.148886094350524,0.32057668519737,0.0528246426263794,0.131705144702263,0.0201639571523321,0.325843475971133,"Top-decile rarity hotspots","Fresh/saltwater"
"DG62_3","DG62",0.148381378895828,0.914345769837099,164,TRUE,9.66017458920945,2.33198171181566,9.52090842246427,525.153159275659,135.18159211364,193.194868855512,0.664148392533111,5,0.163925617237211,0.115580113201803,0.0243546687509465,0.526015945898935,0.0727049799073182,0.0974186750037858,"Top-decile rarity hotspots","Forest"
"DC01_3","DC01",0.147741910772743,0.91382028376248,165,TRUE,9.49209175278654,1.96939338735533,9.55766555983009,506.591310155876,139.324486011908,192.013367747206,0.775428519956829,5,0.233189022382974,0.209653073952056,0.0791526677108796,0.242672283109563,0.235332952844527,0,"Top-decile rarity hotspots","Forest"
"BC21_3","BC21",0.147550712316151,0.913294797687861,166,TRUE,9.78499893138178,3.29725306769989,9.38020063721433,622.145363490181,176.475086598901,198.812263774321,0.488187443920148,6,0,0.0122865437952942,0.255354748785947,0.665291517552715,0.0502678911638674,0.0167992987021773,"Top-decile rarity hotspots","Forest"
"DE56_3","DE56",0.147000071865224,0.912769311613242,167,TRUE,9.49594714427502,1.79951073914156,9.58414287686702,505.63874869595,137.850719328989,190.407977019954,0.51249780653626,6,0.643436304889516,0.265464349547356,0.0182660001093802,0.0428977859734068,0,0.029935559480341,"Top-decile rarity hotspots","Urban"
"GE10_3","GE10",0.146985925750114,0.912243825538623,168,TRUE,9.26285246129863,1.30620295190598,9.39804710821719,535.803351825941,128.299601542944,203.643405368188,0.618728614985096,4,0.342050495650569,0.0672470058575362,0,0.498230786378991,0.0924717121129038,0,"Top-decile rarity hotspots","Forest"
"DB46_3","DB46",0.146920882933543,0.911718339464004,169,TRUE,9.61684577676465,2.59201559906559,9.50196987908825,512.644123721793,145.455137460278,179.50678004013,0.724852598946831,5,0.0709512472613922,0.377637929972886,0.285339947492459,0.204998527895361,0,0.0610723473779007,"Top-decile rarity hotspots","Cropland"
"DH18_3","DH18",0.146383801411174,0.911192853389385,170,TRUE,9.9149217382828,2.22611531145086,9.91243141602888,607.24333552053,155.594865099385,222.249615705577,0.364388043583832,4,0.159857155456468,0.779256173791612,0.0243546683007678,0,0.0365320024511517,0,"Top-decile rarity hotspots","Cropland"
"DG70_3","DG70",0.14569360081667,0.910667367314766,171,TRUE,9.95748896677055,2.60528377021518,9.828561987711,528.83713547372,135.948032651001,194.108262197179,0.717295167925673,6,0.0666521103362267,0.419385868048778,0.0852413338761534,0,0.121773334108791,0.30694735363005,"Top-decile rarity hotspots","Cropland"
"DC64_3","DC64",0.145633624734996,0.910141881240147,172,TRUE,9.64275071436789,2.38765839721312,9.64188234873489,506.076490268543,138.82978616335,190.110914212213,0.734221996133528,6,0.157946320540821,0.0483503111631587,0.220368838154194,0.168057648592022,0.00355785066066938,0.401719030889136,"Top-decile rarity hotspots","Fresh/saltwater"
"GF39_3","GF39",0.145533713086715,0.909616395165528,173,TRUE,9.27359523022758,1.22160959491541,9.42391751027752,505.600373843677,121.639648784663,193.549941737065,0.718871488606343,4,0.331740273378296,0.00670703835582257,0.220175147207868,0.332218698227337,0,0.109158842830677,"Top-decile rarity hotspots","Forest"
"BF64_3","BF64",0.144810318397383,0.909090909090909,174,TRUE,9.7897571777033,2.44548345389328,9.61275079824707,675.368557100085,179.400644511356,229.229315257537,0.660157047570508,5,0.147010442835362,0.523235822339659,0.0428443707642324,0.116426690537022,0.170482673523725,0,"Top-decile rarity hotspots","Cropland"
"GF28_3","GF28",0.144677476137437,0.90856542301629,175,TRUE,9.27226646509727,1.32525478714188,9.38814464958074,517.104030734685,125.826754652156,196.187421495092,0.645237285192072,5,0.543357346449199,0.00608866634297183,0.156935660047876,0.15241214477876,0.0974186614875493,0.0437875208936447,"Top-decile rarity hotspots","Urban"
"DB83_3","DB83",0.144035618211805,0.908039936941671,176,TRUE,9.63902356597207,2.6158229605694,9.54988314085375,463.645385419328,130.439788993159,166.938263493618,0.585822722808822,5,0.456337444989087,0,0.00727265644304673,0.0164888596973256,0,0.51990103887054,"Top-decile rarity hotspots","Fresh/saltwater"
"FH64_3","FH64",0.143599935880612,0.907514450867052,177,TRUE,9.97239411339951,2.44885227036111,9.85042205053287,499.057731503948,118.955308632633,194.157804835595,0.758795584905145,5,0.221573375822757,0.331012601243844,0.00608866745206091,0.233954662611729,0,0.207370692869609,"Top-decile rarity hotspots","Cropland"
"GG17_3","GG17",0.14353585449121,0.906988964792433,178,TRUE,9.64096468297477,2.03017407733439,9.54663929695981,491.935880862398,120.537492956694,184.541745699745,0.17745081528248,3,0.0948113858973654,0.901969858384062,0,0.00321875571857281,0,0,"Top-decile rarity hotspots","Cropland"
"BC33_3","BC33",0.143410286586843,0.906463478717814,179,TRUE,9.748214785356,3.25219763819146,9.34781737831899,635.669189904707,179.614758856633,205.108533149164,0.533338534255413,3,0,0,0.256168054609147,0.62310778082121,0.0133746534340184,0.107349511135624,"Top-decile rarity hotspots","Forest"
"GH49_3","GH49",0.143080278142957,0.905937992643195,180,TRUE,9.69238311947913,2.27964912466286,9.49762849609415,510.396728746063,123.943220211788,191.318978212321,0.556178920490715,7,0.0230292002121162,0.630243455947957,0.179899826828103,0.0649562650575633,0.0974186609391545,0.00445259101510609,"Top-decile rarity hotspots","Cropland"
"FE91_3","FE91",0.142702912583766,0.905412506568576,181,TRUE,9.53679946980074,1.69492185635147,9.64531036097346,489.431262695896,116.45338232323,185.332765059411,0.716551238858852,6,0.085013368447616,0.251171772198653,0.108912108295635,0.0315283929703373,0.0837574416075151,0.439616916480243,"Top-decile rarity hotspots","Fresh/saltwater"
"CH77_3","CH77",0.14112141874508,0.904887020493957,182,TRUE,9.86314584528674,1.98239233776329,9.92543761089351,636.117307587098,163.665116558677,230.405420154377,0.711680621106518,5,0.196747723994369,0.271173423762067,0,0.403228714796867,0,0.128850137446697,"Top-decile rarity hotspots","Forest"
"FF46_3","FF46",0.141031733548604,0.904361534419338,183,TRUE,9.67622671220103,2.19525413842091,9.63210255879135,465.404561083975,112.552868470423,174.633053774735,0.678255913076136,5,0.0589305535284826,0.34016376212652,0,0.0213873738906953,0,0.579518310454302,"Top-decile rarity hotspots","Fresh/saltwater"
"FH46_3","FH46",0.140987386662856,0.903836048344719,184,TRUE,9.94444681564167,2.47757801123306,9.80704220802009,508.5163721076,122.405314707522,194.985775298569,0.563211268013127,4,0,0.526977598568524,0,0.393188361782311,0.0654073886863207,0.0144266509628437,"Top-decile rarity hotspots","Cropland"
"BD05_3","BD05",0.14072103686675,0.9033105622701,185,TRUE,9.91158688845681,3.33674947147697,9.50319597607185,600.753696505479,166.479886544195,192.027289970291,0.49658146598631,6,0.081542015960403,0.0290019192408126,0.106752924490634,0,0.0433866428818698,0.73931649742628,"Top-decile rarity hotspots","Fresh/saltwater"
"BC75_3","BC75",0.140716849837116,0.902785076195481,186,TRUE,9.77613228104297,3.13129759887399,9.47509080647489,594.842192845942,172.360375708556,202.980099387879,0.682455721770789,5,0,0,0.427370132462134,0.338985676155202,0.0576136969051824,0.176030494477481,"Top-decile rarity hotspots","Pasture"
"CD95_3","CD95",0.140619929737949,0.902259590120862,187,TRUE,9.38655482310006,1.68517504833619,9.48904858888791,541.682877342421,148.464476706837,205.214715193349,0.635960581442091,5,0.486352729670788,0.340091412562424,0.0815205285586335,0.0553176937045692,0.0367176355035851,0,"Top-decile rarity hotspots","Urban"
"DB67_3","DB67",0.14056540902294,0.901734104046243,188,TRUE,9.59457218961824,2.57259009442734,9.48714775780564,517.789194705616,145.349961895235,182.566516696146,0.522564898380774,4,0.0377749351289342,0,0.362012094878333,0.587040187241572,0.00599891060407904,0.00717387214708174,"Top-decile rarity hotspots","Forest"
"DH86_3","DH86",0.140334008407442,0.901208617971624,189,TRUE,10.0011925377658,2.53802238932232,9.91409777015816,499.662246986332,123.572846985848,188.774448485584,0.680302779350911,5,0.0708435613602899,0.281348517693896,0.0821054465212593,0,0,0.565702474424555,"Top-decile rarity hotspots","Fresh/saltwater"
"FH08_3","FH08",0.14018257546666,0.900683131897005,190,TRUE,9.98379625988812,2.62907945895852,9.83839207938827,488.041343909777,118.009902521815,186.322432715756,0.591482776386781,3,0,0.250245882601151,0,0,0,0.749754117398849,"Top-decile rarity hotspots","Fresh/saltwater"
"BF32_3","BF32",0.139928780783968,0.900157645822386,191,TRUE,9.98500861449363,3.0030562106393,9.6565921696144,647.059243888635,167.845057564325,216.845163200172,0.638374084711059,5,0.51115249863969,0.0130489254488831,0.0759616760638781,0.284988463729137,0.114848436118412,0,"Top-decile rarity hotspots","Urban"
"CF64_3","CF64",0.139927777678636,0.899632159747767,192,FALSE,9.53024281625824,1.88968467502521,9.53294514025046,614.019778527356,168.982586672075,216.727430987605,0.658745619387465,5,0.483665666588115,0.0514578635467205,0.12177333982536,0.295573610333336,0.0475295197064691,0,"Other Atlas 3 cells","Urban"
"CC30_3","CC30",0.139856222082617,0.899106673673148,193,FALSE,9.64130905133424,2.38957146126728,9.58448462921784,563.692061603355,157.08967553168,210.411744807602,0.362000796966434,5,0.0680474135620039,0.791141697799642,0.0649135798885291,0.0243546676140363,0,0.0515426411357885,"Other Atlas 3 cells","Cropland"
"EG10_3","EG10",0.139655508039653,0.898581187598529,194,FALSE,9.90544721386854,2.66162183523157,9.74066647272218,508.788228636253,130.285294886627,188.410329098354,0.759744706882232,5,0.178476147505122,0.259596755308744,0,0.0976278660693046,0,0.464299231116829,"Other Atlas 3 cells","Fresh/saltwater"
"CG62_3","CG62",0.138994451946357,0.89805570152391,195,FALSE,9.88226679701782,2.13396580262801,9.89132618144314,622.957136254354,166.189645571865,222.362563960262,0.733101505706306,7,0.10417762810321,0.273356696590094,0.0603423438874294,0.0243546679652188,0.0505603526849329,0.487208310769115,"Other Atlas 3 cells","Fresh/saltwater"
"DG94_3","DG94",0.138121597390322,0.897530215449291,196,FALSE,9.49688492604945,2.30479644989283,9.31847457490429,533.66955828384,137.671026246153,197.789290774124,0.322683242253772,3,0.134511704597181,0.810029427253203,0,0.0554588681496157,0,0,"Other Atlas 3 cells","Cropland"
"FH95_3","FH95",0.138024120082178,0.897004729374672,197,FALSE,9.87474196146387,2.38772036741018,9.72868648965111,514.107611825175,124.136140947483,198.052448219511,0.506432404484104,5,0.0563659442424755,0.666820661238052,0,0.196811907701124,0.0243546661743475,0.0556468206440006,"Other Atlas 3 cells","Cropland"
"BC22_3","BC22",0.13787907013137,0.896479243300053,198,FALSE,9.79938254997252,3.33510285703219,9.3861773147527,633.448253732532,178.33980789437,202.226590937683,0.672534034568877,4,0.0243546674701888,0,0.377249600568483,0.236671222441566,0.00330308978068017,0.358421419739082,"Other Atlas 3 cells","Pasture"
"EH09_3","EH09",0.137644041015431,0.895953757225434,199,FALSE,9.93233908965322,2.6438829826645,9.78308020690515,523.563206758269,132.930019590841,194.490367396294,0.633963583548367,6,0.106748857934855,0.563932721256158,0,0.13507992000097,0.0243546667533665,0.16988383405465,"Other Atlas 3 cells","Cropland"
"DC50_3","DC50",0.137101013506078,0.895428271150814,200,FALSE,9.60443021007757,2.16279228543377,9.66024888216261,501.866589919335,136.253747464702,190.953539212134,0.619053331978595,5,0,0.101433984458714,0.115710768355956,0.194936699606751,0.0243546668139943,0.563563880764584,"Other Atlas 3 cells","Fresh/saltwater"
"AF81_3","AF81",0.137063739172431,0.894902785076195,201,FALSE,10.2274215074076,3.77624302894578,9.66887919683771,591.877643675776,148.383343601851,190.740688135104,0.523921930954848,4,0.0241983715431819,0,0.294418903352814,0,0,0.681382725104004,"Other Atlas 3 cells","Fresh/saltwater"
"EH24_3","EH24",0.137047002481172,0.894377299001576,202,FALSE,10.0354303676289,2.57752443821735,9.94804291459642,505.52984090445,123.822667190117,191.972287412019,0.697354749542111,6,0.102443146690541,0.370613958751535,0.0487093323847827,0,0.0707887966330379,0.407444765540103,"Other Atlas 3 cells","Fresh/saltwater"
"CG05_3","CG05",0.136684706767615,0.893851812926957,203,FALSE,9.77688802910677,2.14865094664283,9.70063668105597,723.190616710168,186.582195868966,253.016473492034,0.606506343673203,5,0.281674104271755,0.532464086003184,0.000424187549993435,0.174699347290483,0.0107382748845846,0,"Other Atlas 3 cells","Cropland"
"FF97_3","FF97",0.1362957903071,0.893326326852338,204,FALSE,9.50223856581749,1.72192913239269,9.56106822013459,511.003929207527,123.501876495961,192.894053499287,0.554517014553176,5,0.541632773379645,0.387368984860652,0.0234893902886591,0.026406082920796,0.0211027685502483,0,"Other Atlas 3 cells","Urban"
"DG95_3","DG95",0.136113687116554,0.892800840777719,205,FALSE,9.57291675642838,2.38049030749813,9.39457649456266,514.529187836624,132.13159577682,192.06407994379,0.148753221106721,3,0.0288102329868571,0.920793047580466,0,0.050396719432677,0,0,"Other Atlas 3 cells","Cropland"
"HA53_3","HA53",0.136110784556715,0.8922753547031,206,FALSE,9.52746987685102,2.55675737630407,9.00334573232643,463.478559003878,112.780083166357,151.475407700517,0.77180686390565,6,0.150859583091039,0.338015798191061,0,0.208743862517085,0.0745516739267013,0.227829082274115,"Other Atlas 3 cells","Cropland"
"FH71_3","FH71",0.135954670741143,0.891749868628481,207,FALSE,10.0305584920923,2.38526584921792,9.96261409182749,502.965090501815,118.121693124783,199.436091022979,0.567964999269639,3,0.00981696801670665,0.580043747869599,0.130276539039322,0,0,0.279862745074373,"Other Atlas 3 cells","Cropland"
"GE20_3","GE20",0.135407177661914,0.891224382553862,208,FALSE,9.26464415124781,1.2411664302042,9.41829032598186,495.440373004767,119.192527464172,189.110858383515,0.666143868768531,5,0.0923505454683326,0.217387277012422,0.122446462963982,0.506701087993668,0.0611146265615954,0,"Other Atlas 3 cells","Forest"
"DF31_3","DF31",0.135253093642258,0.890698896479243,209,FALSE,9.81880098627783,2.43232768438863,9.7486138807192,518.570554720076,136.108732840398,191.869441756256,0.689546234349297,6,0.432711548356989,0.0788244688801048,0.0592318666534688,0.0511186975471499,0.0487093353114677,0.32940408325082,"Other Atlas 3 cells","Urban"
"FE40_3","FE40",0.135247912444157,0.890173410404624,210,FALSE,9.67799901380104,2.23221695037759,9.63658902240941,455.127642390355,106.696725351889,171.364101586383,0.691422650097674,6,0.0854692974662194,0,0.0532749468371003,0.239468891841426,0.0705905183603456,0.551196345494908,"Other Atlas 3 cells","Fresh/saltwater"
"GE30_3","GE30",0.134787446114151,0.889647924330005,211,FALSE,9.38319967083015,1.28351268622128,9.55933922797858,483.826981488515,116.452678036528,185.408980357853,0.613827072541002,6,0.536779115731585,0.0797206496844515,0.297642057727738,0.0164108907980254,0.0243546705820854,0.0450926154761147,"Other Atlas 3 cells","Urban"
"GF09_3","GF09",0.134599388204045,0.889122438255386,212,FALSE,9.41124272922459,1.54737408968747,9.51059521688826,502.481574315286,119.958912510976,191.123970629088,0.375309530014354,4,0.0730640030524676,0.779962168971262,0,0.0836895868920864,0.0632842410841838,0,"Other Atlas 3 cells","Cropland"
"DH06_3","DH06",0.134217409298419,0.888596952180767,213,FALSE,9.97520064874423,2.17295882534318,10.0123599619801,620.05613490564,157.655380467067,227.792806494224,0.509074999621368,5,0.0527652789817435,0.0258263980468731,0,0.186530641901343,0,0.73487768107004,"Other Atlas 3 cells","Fresh/saltwater"
"AF92_3","AF92",0.134065458745988,0.888071466106148,214,FALSE,10.1656274619093,3.62104385274052,9.6520807116914,594.718701629849,150.322108082548,193.665351505975,0.497687482361419,2,0.00764108706944922,0,0.565863210090243,0.426495702840308,0,0,"Other Atlas 3 cells","Pasture"
"EG85_3","EG85",0.134003573390255,0.887545980031529,215,FALSE,9.90135431633897,2.69122469446355,9.72027875760351,487.111615152419,121.260339501606,182.600153576902,0.694360121488591,6,0.132155301016874,0.260728326796512,0.0734397340184922,0.0487093371863641,0,0.484967300981758,"Other Atlas 3 cells","Fresh/saltwater"
"BH97_3","BH97",0.133789185859205,0.88702049395691,216,FALSE,10.0623991026248,2.35697806847313,10.0130653484958,693.534587844412,165.85675464067,245.404933156523,0.266864482207217,4,0.0487093353699804,0.851130607829101,0.0243546676849902,0,0.0758053891159287,0,"Other Atlas 3 cells","Cropland"
"DE75_3","DE75",0.13372396951332,0.886495007882291,217,FALSE,9.54228198583961,1.94238685008967,9.58487100728157,517.700935414144,137.034346130726,197.707077294425,0.564219160000656,5,0.208192368039384,0.609837589483877,0,0,0.0174870582446277,0.164482984232112,"Other Atlas 3 cells","Cropland"
"CD43_3","CD43",0.132877143624075,0.885969521807672,218,FALSE,9.61731147947876,2.00118637901079,9.67087324826904,545.973894684183,150.416035981722,205.123176643156,0.729040373060303,7,0.040876372036946,0.404145849372913,0.249137598543242,0.000313779004870586,0.0487093361618053,0.256817064880223,"Other Atlas 3 cells","Cropland"
"BG94_3","BG94",0.132299581902947,0.885444035733053,219,FALSE,9.83369910254678,2.26173636878863,9.73484538574018,686.480084901315,173.979897673887,241.382973763092,0.428505153277839,4,0.0730640030548817,0.740794887455793,0,0.0959157578349497,0.0902253516543766,0,"Other Atlas 3 cells","Cropland"
"HA05_3","HA05",0.132160604131867,0.884918549658434,220,FALSE,9.53385514863851,2.5178997150755,9.05242119299661,473.64425036739,115.245194432217,158.063292328675,0.71193374246385,7,0.0693822059614435,0.412943719431271,0.01820669492504,0.21886839732737,0.0243643350849986,0.256234647269876,"Other Atlas 3 cells","Cropland"
"BC54_3","BC54",0.13214880411637,0.884393063583815,221,FALSE,9.68678679350752,3.12494196831326,9.33227894124364,619.662230014541,178.059282405643,205.868754508434,0.788762030538706,6,0.0338646879557476,0.173596192858301,0.216116095180288,0.306515717430417,0.12377929851877,0.146128008056477,"Other Atlas 3 cells","Forest"
"DC09_3","DC09",0.131968482964227,0.883867577509196,222,FALSE,9.66293876972037,2.42134406596647,9.62311218868199,527.017122964319,147.68391689296,192.213294085522,0.192075310611176,4,0.0266417256378665,0.896596436937485,0.0245326828596435,0,0.0522291545650051,0,"Other Atlas 3 cells","Cropland"
"BG39_3","BG39",0.131775885638177,0.883342091434577,223,FALSE,10.05958477329,3.09893528785662,9.70089891258722,645.880471268652,166.299762992912,215.855805080054,0.55842549154063,7,0.644787051537294,0.000881555370022264,0.0780694183338323,0.0730640041111441,0.0489334704328572,0.15426450021485,"Other Atlas 3 cells","Urban"
"EH08_3","EH08",0.13074013682314,0.882816605359958,224,FALSE,10.009992167192,2.69341507424455,9.86782705239255,507.754321945122,127.642274275103,189.773748263958,0.327722201927672,3,0,0.803842213790129,0,0,0,0.196157786209871,"Other Atlas 3 cells","Cropland"
"FH23_3","FH23",0.130634898455437,0.882291119285339,225,FALSE,9.96008013544133,2.43979871393917,9.86331222551187,507.256143480574,120.338172097181,197.047414620749,0.477281407369993,4,0.0107150275573532,0.68544547129015,0,0.209404815906199,0,0.0944346852462975,"Other Atlas 3 cells","Cropland"
"FF39_3","FF39",0.130618713295346,0.88176563321072,226,FALSE,9.6258066862642,2.24994474275323,9.55716335528181,447.990035869914,105.757236541762,168.449860018985,0.733976576943872,7,0.097212847126072,0.14422949993295,0.0433905829183577,0.209754017799433,0.0243546691387067,0.48105838308448,"Other Atlas 3 cells","Fresh/saltwater"
"BG66_3","BG66",0.130609539605735,0.881240147136101,227,FALSE,10.0704072483325,2.78069327609979,9.8514329067143,652.421539467995,164.75875244501,224.639613481558,0.380229275881913,3,0.0778114329970709,0.764857936491044,0.157330630511885,0,0,0,"Other Atlas 3 cells","Cropland"
"GF00_3","GF00",0.130591646228149,0.880714661061482,228,FALSE,9.67110899694999,1.99831121483207,9.64773762104942,480.269608623322,118.980623091817,179.455529050321,0.594494312225273,4,0.33237164737469,0,0.0167760074147799,0,0,0.65085234521053,"Other Atlas 3 cells","Fresh/saltwater"
"CC61_3","CC61",0.130583071906627,0.880189174986863,229,FALSE,9.5345558830615,2.13470533844152,9.5399222654289,538.74638930897,149.963759560498,202.158136789968,0.561239233089762,7,0.0382519685495334,0.629535093299831,0.125746759955326,0.0541793152546098,0.149014130486226,0.00327273245447408,"Other Atlas 3 cells","Cropland"
"CG33_3","CG33",0.130572741734371,0.879663688912244,230,FALSE,9.71112325584326,1.97083734791177,9.69663456506806,695.073048195023,181.964110352039,245.918852494484,0.575805187707677,5,0.122049572517564,0.617049774537457,0.115205377683669,0.0873854918936315,0.0583097833676785,0,"Other Atlas 3 cells","Cropland"
"FG37_3","FG37",0.130402358469483,0.879138202837625,231,FALSE,9.66526793489284,2.25233913398531,9.5495416357385,493.037412237318,124.372527468802,182.450631413106,0.69631206400163,5,0.0911619432520912,0.462662410877703,0,0.245489071662082,0.121773345695876,0.0789132285122473,"Other Atlas 3 cells","Cropland"
"BF07_3","BF07",0.130329517530454,0.878612716763006,232,FALSE,10.0572130306948,3.30861221729704,9.65480986006531,595.960004314503,154.947805328993,195.426547072054,0.583743342308805,6,0.00464732694002011,0.13812177732963,0.597119279601338,0.180704068310126,0,0.0794075478188858,"Other Atlas 3 cells","Pasture"
"FG56_3","FG56",0.13031751750783,0.878087230688387,233,FALSE,9.58318459245279,2.08954000739721,9.47794696365859,515.408355070448,128.852562339262,190.700602923898,0.65979677645569,5,0.167088427657115,0.274512106388914,0.0365320009168184,0.48289166432418,0.0389758007129729,0,"Other Atlas 3 cells","Forest"
"CC31_3","CC31",0.129975088676788,0.877561744613768,234,FALSE,9.64001824264013,2.42385031518461,9.56941864292452,562.317339387534,157.927302641249,208.535074289658,0.579753879248599,5,0.0243546676124437,0.595804664503246,0.0955359148229268,0,0.229123823987205,0.0551809290741778,"Other Atlas 3 cells","Cropland"
"CE62_3","CE62",0.129428215363242,0.877036258539149,235,FALSE,9.15716312526984,1.3805160673168,9.23448342538521,615.829644817743,174.259750801488,217.622553729643,0.472583125847484,4,0.00605266870015737,0.0828315667117301,0.121773339825558,0.697789752204172,0.0915526725583833,0,"Other Atlas 3 cells","Forest"
"GF52_3","GF52",0.128832563110509,0.87651077246453,236,FALSE,9.59497651016352,1.75831568019264,9.59399774553454,477.125184523125,114.643020763057,183.746587949108,0.494015065391113,5,0.0303694527210603,0.0151847263605487,0.165218836356187,0.0506092135149675,0,0.738617771047236,"Other Atlas 3 cells","Fresh/saltwater"
"HA26_3","HA26",0.128494871384586,0.875985286389911,237,FALSE,9.09963675194879,2.11423130913677,8.59894132333301,463.119812452939,112.559003519741,155.423332965852,0.652430641427943,5,0.145627498139309,0.113794094743798,0,0.518454955586815,0.210376954811929,0.0117464967181497,"Other Atlas 3 cells","Forest"
"DD02_3","DD02",0.128377237527482,0.875459800315292,238,FALSE,9.44563963813342,1.6532389447149,9.58024782670957,513.315842286041,140.486581421137,193.202104481077,0.609740770942261,5,0.0686381381817638,0.585386365601918,0.105691946404325,0.0825122763563439,0.157771273455649,0,"Other Atlas 3 cells","Cropland"
"AF99_3","AF99",0.12834572754224,0.874934314240673,239,FALSE,10.0464892125588,3.35779242559705,9.61506583316981,597.582050714879,155.332518749915,193.708406372519,0.483013113804253,2,0,0,0.375479783696907,0,0.0121773335447009,0.612342882758393,"Other Atlas 3 cells","Fresh/saltwater"
"CG73_3","CG73",0.127515295518767,0.874408828166054,240,FALSE,9.82741607831057,2.1471697922566,9.82076007346553,630.07510655584,169.345986638961,224.503499679773,0.444909554883244,5,0.0730640027472981,0.71924705823496,0.00495817290167515,0.0243546675824327,0,0.178376098533634,"Other Atlas 3 cells","Cropland"
"BG76_3","BG76",0.127362739490673,0.873883342091435,241,FALSE,10.0212416833724,2.62876385555771,9.84862178366152,664.413485332045,168.356031498206,230.338318078661,0.629902666134502,3,0.434210596719498,0.325998145275131,0.239791258005371,0,0,0,"Other Atlas 3 cells","Urban"
"GF46_3","GF46",0.12736115535003,0.873357856016816,242,FALSE,9.4172678691521,1.45616711537093,9.51311136941936,494.48221409851,120.208213108449,189.034036899487,0,1,1,0,0,0,0,0,"Other Atlas 3 cells","Urban"
"FH33_3","FH33",0.127319839916197,0.872832369942196,243,FALSE,9.95134581899086,2.42852795836839,9.8603065153509,503.256330488623,119.618684647257,195.553922329547,0.65071529797459,5,0.0379943089816092,0.50258877614405,0,0.192298777314543,0.239838857877051,0.0272792796827469,"Other Atlas 3 cells","Cropland"
"FF54_3","FF54",0.126705952260867,0.872306883867577,244,FALSE,9.56630584897729,2.01572983703584,9.52764357401176,484.602609056081,118.075521352781,181.71572104491,0.745497431982229,6,0.0663888840022256,0.316323432840711,0,0.318343628655386,0.0207887694703087,0.278155285031369,"Other Atlas 3 cells","Forest"
"BC10_3","BC10",0.126521603939249,0.871781397792958,245,FALSE,9.80396372480935,3.34008837031657,9.38039313801377,635.873959319728,178.849082891158,201.727877865982,0.573891791319865,4,0,0,0.611443404741129,0.131891818684077,0,0.256664776574795,"Other Atlas 3 cells","Pasture"
"CF51_3","CF51",0.126302987368372,0.87125591171834,246,FALSE,9.55694703336174,1.95444558627436,9.53480913434712,651.646015773097,178.032957012992,228.343976217926,0.63059802456056,5,0.233445109085187,0.537919835927787,0.104343091267269,0.0273988442124114,0.0968931195073455,0,"Other Atlas 3 cells","Cropland"
"AD95_3","AD95",0.126286714644575,0.87073042564372,247,FALSE,9.92232383983183,3.39007893257882,9.48853976418937,603.442003479473,165.973025149125,191.601454649853,0.504079734813482,4,0.0463856708146477,0.0090620297948388,0.106402818592705,0,0,0.838149480797808,"Other Atlas 3 cells","Fresh/saltwater"
"CH46_3","CH46",0.126268838985698,0.870204939569101,248,FALSE,9.84824711856256,1.89369379887446,9.91361814114546,726.575990233312,181.519746774355,260.514280850783,0.613524956303202,5,0.0415782732813871,0.394942553897795,0.0166980555646498,0.472140464105838,0.0746406531503304,0,"Other Atlas 3 cells","Forest"
"DD47_3","DD47",0.126192858128069,0.869679453494482,249,FALSE,9.59075785035261,2.01667394441885,9.68004684418778,496.085751277286,134.361356440766,189.012485543909,0.785596967786861,6,0.12368558192166,0.17579204922489,0.0162013034256036,0.281851565073933,0.140043595659276,0.262425904694637,"Other Atlas 3 cells","Forest"
"BH57_3","BH57",0.125976729811458,0.869153967419863,250,FALSE,10.2215811204107,2.92269880123292,9.98420770132908,635.725497191662,150.980166467,219.224551618389,0.669847174746241,5,0,0.0389029005542698,0.202467676281209,0,0.132352537229378,0.626276885935143,"Other Atlas 3 cells","Fresh/saltwater"
"DG61_3","DG61",0.125864005949358,0.868628481345244,251,FALSE,9.69551743868981,2.33302485355592,9.56935691154468,581.231012770495,150.735007345428,212.143340023874,0.591408204380921,4,0.571157538549139,0.0730640062572104,0,0.260784819087641,0.0949936361060098,0,"Other Atlas 3 cells","Urban"
"FG94_3","FG94",0.125858603046861,0.868102995270625,252,FALSE,9.66295669506661,2.13258163114374,9.54550463374082,490.754377463604,123.49633718234,181.701857126329,0.414513964183684,5,0.0418359350112247,0.752626909693355,0,0.0701198410771379,0.107726206732737,0.0276911074855463,"Other Atlas 3 cells","Cropland"
"FH83_3","FH83",0.125667193797528,0.867577509196006,253,FALSE,9.99819954211971,2.45245325706088,9.87824401758725,501.536736994026,119.603495813838,196.154720751459,0.637228154803467,4,0.0243546698032772,0.466677167130462,0.168266851738642,0,0,0.340701311327619,"Other Atlas 3 cells","Cropland"
"EH23_3","EH23",0.125542989015567,0.867052023121387,254,FALSE,10.0532001184863,2.55657557564861,9.9798199926645,511.623666520713,124.394199015724,195.32305625505,0.490004311419597,5,0.0859411485290573,0.150361015061152,0,0,0.02435466619266,0.739343170217131,"Other Atlas 3 cells","Fresh/saltwater"
"EF70_3","EF70",0.125409161424113,0.866526537046768,255,FALSE,9.85117240637311,2.69078932216904,9.67683122585406,478.818339133749,118.78378839235,180.962366473042,0.587892841976329,3,0.10735047509569,0.479275076293264,0,0,0,0.413374448611046,"Other Atlas 3 cells","Cropland"
"CE42_3","CE42",0.125017349909408,0.866001050972149,256,FALSE,9.14652356692745,1.3758181983948,9.21089310288391,659.243177977785,186.537750670121,231.67202955401,0.422307117206211,4,0.0101854838687169,0.103471341046619,0,0.738197610364542,0.148145564720123,0,"Other Atlas 3 cells","Forest"
"BH77_3","BH77",0.124757617039588,0.86547556489753,257,FALSE,10.1398892330198,2.62891213231984,9.9995397090198,663.331371190066,157.764263943127,231.831208083424,0.280252679759568,5,0.0649767376440938,0.8442555137668,0.0311318139086791,0.0275202412827982,0.0321156933976285,0,"Other Atlas 3 cells","Cropland"
"DE68_3","DE68",0.124459560389804,0.864950078822911,258,FALSE,9.4026924293083,1.74299653330465,9.48808494172262,488.563028573997,131.607334687263,186.07976088322,0.699743158266,4,0.428805687095039,0.261538294176403,0,0.150537312402315,0.159118706326244,0,"Other Atlas 3 cells","Urban"
"DE85_3","DE85",0.124402770550306,0.864424592748292,259,FALSE,9.540288919838,1.98891371480065,9.56211647034792,513.270709007125,134.833658081756,196.782724082173,0.629058239713174,5,0,0.351936984283924,0.0498040870966491,0,0.0267100680372026,0.571548860582225,"Other Atlas 3 cells","Fresh/saltwater"
"DF28_3","DF28",0.124216099434516,0.863899106673673,260,FALSE,9.66653458441681,2.04019436510744,9.69502754544073,541.161526004672,147.78943261532,197.568871239633,0.433955457128385,5,0.016896335491954,0.18700830743251,0,0.020761419381742,0.048709334572966,0.726624603120828,"Other Atlas 3 cells","Fresh/saltwater"
"BF68_3","BF68",0.124088810366016,0.863373620599054,261,FALSE,9.7426539223033,2.34219502452252,9.61093483654295,661.853048573711,178.58166177976,226.78036992234,0.664738515120588,4,0.0132023416392219,0.368764567910298,0.24830674182638,0.369726348624099,0,0,"Other Atlas 3 cells","Forest"
"FF40_3","FF40",0.124066437944417,0.862848134524435,262,FALSE,9.58118859792633,2.09917544954514,9.49465143352069,492.713171098516,124.042899098713,182.412918225762,0.533240966331637,4,0.146128001682505,0.643221566303182,0,0,0.174190501823793,0.0364599301905204,"Other Atlas 3 cells","Cropland"
"CE81_3","CE81",0.123944053488145,0.862322648449816,263,FALSE,9.25658982304473,1.51687694169955,9.32937178014853,569.94343028322,159.626475330953,203.44485233133,0.406369352932515,5,0.042743006651706,0.138401825208955,0,0.754903948974491,0.0395965515890591,0,"Other Atlas 3 cells","Forest"
"FH07_3","FH07",0.123913565775988,0.861797162375197,264,FALSE,9.99529064554203,2.62293305573241,9.85945548379006,483.411833537465,116.177172212727,185.578092475772,0.48955656815853,5,0.043435088236973,0.136257198948662,0,0,0.104184908585819,0.716122804228547,"Other Atlas 3 cells","Fresh/saltwater"
"DG96_3","DG96",0.123847109205793,0.861271676300578,265,FALSE,9.71830905395705,2.52358203321498,9.54709078678712,502.809266755059,129.004376330609,188.401488289369,0.64357355047946,5,0.34391466555679,0.475761015215623,0.0669753377281574,0.0646396449698599,0.048709336529569,0,"Other Atlas 3 cells","Cropland"
"DD31_3","DD31",0.123839029368654,0.860746190225959,266,FALSE,9.49726784306028,1.74881137305244,9.62411558434293,507.134449832298,138.441595685908,191.41997655062,0.603805874513918,3,0.537574694463102,0.243233296647578,0.21919200888932,0,0,0,"Other Atlas 3 cells","Urban"
"DD09_3","DD09",0.123762624357387,0.86022070415134,267,FALSE,9.1942730417659,1.61846817406626,9.27663995873513,541.918888900609,147.354407348858,207.310239713886,0.159301063960393,4,0.048709333976153,0,0.00589247668313098,0.91495485560562,0.0304433337350956,0,"Other Atlas 3 cells","Forest"
"BE05_3","BE05",0.123725535127217,0.859695218076721,268,FALSE,9.92615374915427,3.07514945706181,9.58297841359167,611.472261950783,163.005146741492,200.866795753853,0.655701566733669,4,0,0.436293641611024,0.107052392785382,0,0.105026821359212,0.351627144244382,"Other Atlas 3 cells","Cropland"
"GF37_3","GF37",0.123601326155543,0.859169732002102,269,FALSE,9.34195233566955,1.39509325265575,9.44838685431313,506.168735827919,122.801935120863,193.077343251061,0.459064296662542,3,0.699700724772633,0,0,0.206047684919591,0,0.0942515903077762,"Other Atlas 3 cells","Urban"
"DD65_3","DD65",0.123252533965619,0.858644245927483,270,FALSE,9.60915153639025,2.05288780001655,9.69102217084573,499.613897200834,135.402628282027,189.901322459174,0.666770558616166,6,0,0.198688301612019,0.0243546687520813,0.146128012512488,0.073064006256244,0.557765010867167,"Other Atlas 3 cells","Fresh/saltwater"
"DB16_3","DB16",0.123214915386146,0.858118759852864,271,FALSE,9.56515890434247,2.53343521584491,9.44695431217508,528.464343558825,150.192109821942,182.245568565701,0.726296814265506,7,0.334933857159771,0.0102742097616455,0.185061011961698,0.0668350155954684,0.0306529688249447,0.372242936696472,"Other Atlas 3 cells","Fresh/saltwater"
"DB26_3","DB26",0.123191692410978,0.857593273778245,272,FALSE,9.61175909187799,2.5578738941084,9.50027618707703,495.070956312,141.463097934819,170.961861818393,0.770496319875922,6,0.0547408333519209,0.176122482617208,0.109596002783167,0.3707607943112,0.103048096088696,0.185731790847807,"Other Atlas 3 cells","Forest"
"CG23_3","CG23",0.123106468190787,0.857067787703626,273,FALSE,9.74547019536289,2.02637031749146,9.71270016551452,689.349640833824,177.664726873292,244.745068499721,0.596399144864215,4,0.0566193600955832,0.567145801349371,0.0121773338559876,0.257638929003197,0.106418575695861,0,"Other Atlas 3 cells","Cropland"
"FG46_3","FG46",0.123087317894052,0.856542301629007,274,FALSE,9.71375701581318,2.26566889029089,9.60146966810398,493.387896652254,124.324864581804,182.43414067411,0.240419887146332,2,0.139736129445605,0.860263870554395,0,0,0,0,"Other Atlas 3 cells","Cropland"
"CH37_3","CH37",0.123079152402849,0.856016815554388,275,FALSE,9.88651293419915,1.9762283312931,9.93247653419289,721.367058134241,180.660500780415,257.130342851415,0.688750474009091,4,0.276509186826974,0.438945042495717,0,0.115684671159123,0.168861099518186,0,"Other Atlas 3 cells","Cropland"
"HA32_3","HA32",0.123079008022762,0.855491329479769,276,FALSE,9.59443312517398,2.62459424175028,9.0744232625733,487.683820144896,118.049613484432,160.088573399469,0.720171229201609,6,0.0267089961290789,0.42154479921577,0.0242682008320678,0.140075090891667,0.157583598921445,0.229819314009971,"Other Atlas 3 cells","Cropland"
"DE89_3","DE89",0.122920924728608,0.85496584340515,277,FALSE,9.58104234396817,2.01488233680948,9.6311443004019,483.599338456965,128.870770574387,185.363210761074,0.700637574593839,5,0.224445071792967,0.0974167199939149,0.156999313013339,0.454631937296585,0.0665069579031936,0,"Other Atlas 3 cells","Forest"
"FG49_3","FG49",0.122365729310915,0.854440357330531,278,FALSE,9.54598831785184,2.07204622755512,9.45446177102909,506.11723304688,127.658332013581,187.286644561315,0.0123704965435014,2,0.00622398627692615,0.993776013723074,0,0,0,0,"Other Atlas 3 cells","Cropland"
"DE94_3","DE94",0.122322805368351,0.853914871255912,279,FALSE,9.60047767827864,2.10140408317953,9.60422071325029,471.117398483783,121.749667268349,181.517880885564,0.493327842348431,6,0,0.0243546682633641,0.0309117140229682,0.11879367903386,0.0795725999169689,0.746367338762839,"Other Atlas 3 cells","Fresh/saltwater"
"FE20_3","FE20",0.12196080575221,0.853389385181293,280,FALSE,9.69961362565779,2.38433103609895,9.6126513499979,444.966676370014,103.958056571946,166.91161981294,0.809734454503031,7,0.0436853149213353,0.235781053882442,0.16439398998012,0.20320275654503,0.0844581306491605,0.268478754021913,"Other Atlas 3 cells","Fresh/saltwater"
"GF26_3","GF26",0.121878484257576,0.852863899106674,281,FALSE,9.37833704607507,1.50136112820353,9.45961149087716,518.709273068842,126.144893376891,197.235004297845,0.229428084930638,2,0.867812394482134,0,0,0.132187605517866,0,0,"Other Atlas 3 cells","Urban"
"BF05_3","BF05",0.121750284550671,0.852338413032055,282,FALSE,10.0340321492591,3.3308689065063,9.60471809848754,612.124529085209,158.666377349614,200.383947743883,0.581440953470165,4,0,0.158635710747875,0.156918482731589,0.600195053707871,0.0842507528126648,0,"Other Atlas 3 cells","Forest"
"BD98_3","BD98",0.12145650120737,0.851812926957436,283,FALSE,9.72553320640977,2.65085994783937,9.56833515768222,572.544408731784,163.304468586263,207.172553739235,0.58995889184973,3,0,0.471849130229277,0.418878270505966,0,0,0.109272599264758,"Other Atlas 3 cells","Cropland"
"FH74_3","FH74",0.121259519043021,0.851287440882817,284,FALSE,9.95623987191755,2.42256381335248,9.82905779710374,508.175027279931,121.45439396342,197.230129427927,0.63400295996012,5,0.12650634283013,0.50457090263416,0.018265998912795,0.304489578421605,0,0.0461671772013099,"Other Atlas 3 cells","Cropland"
"EH75_3","EH75",0.121146049419079,0.850761954808198,285,FALSE,10.046448878751,2.6272153864928,9.93583243926708,486.169679002825,115.957645271887,187.994271960687,0.588368747361187,5,0.420301092929769,0.478544072664469,0.0730639961861982,0.00307000786641176,0,0.0250208303531519,"Other Atlas 3 cells","Cropland"
"FE60_3","FE60",0.120967446046758,0.850236468733579,286,FALSE,9.61274720353313,2.00002306391714,9.63369993855826,475.532829459869,111.880423470359,179.133208527374,0.701991164111071,6,0.0680465014655873,0,0.0611146376968231,0.31169932142183,0.061114637696802,0.498024901718958,"Other Atlas 3 cells","Fresh/saltwater"
"FG53_3","FG53",0.120706797853074,0.84971098265896,287,FALSE,9.81073030736349,2.34727230739817,9.6824650085728,505.94192033502,125.753582650353,188.362547068874,0.724033316533137,6,0.0732137541540281,0.409930331553134,0,0.287151392580966,0.111434039549627,0.118270482162245,"Other Atlas 3 cells","Cropland"
"CG29_3","CG29",0.120596121845362,0.84918549658434,288,FALSE,9.68370380112928,2.02500290982872,9.64735248796978,681.897705676852,182.617412725511,236.978943735281,0.570610875450065,4,0.33247039898917,0.55793359631315,0.0608866692764893,0.0243546677105957,0.0243546677105957,0,"Other Atlas 3 cells","Cropland"
"CC63_3","CC63",0.120525636132206,0.848660010509722,289,FALSE,9.62943844176687,2.28314872270911,9.60497994351389,538.188114623749,149.501084146314,201.147813740547,0.658583355292365,5,0.0613507977991294,0.416081924488273,0,0,0.113209722260296,0.409357555452301,"Other Atlas 3 cells","Cropland"
"GG00_3","GG00",0.120226593603337,0.848134524435103,290,FALSE,9.79535135646992,2.33126233845036,9.63295762448864,482.981893986675,118.662781373404,182.43057552764,0.573791698061716,7,0.0256801328360669,0.195515698668614,0.0231502263584028,0.073064003054826,0.0171809404402151,0.665408998641875,"Other Atlas 3 cells","Fresh/saltwater"
"CD50_3","CD50",0.120137488161737,0.847609038360483,291,FALSE,9.48418222648322,1.72731596490031,9.57395402847566,560.79367559017,154.962634240277,208.450486316706,0.774542301289262,6,0.174930098669924,0.222603307989945,0.0630141051802788,0.223446879487189,0.302009520848928,0.0139960878237352,"Other Atlas 3 cells","Grass/shrub"
"CC54_3","CC54",0.120077678520427,0.847083552285864,292,FALSE,9.68507207543704,2.44720271320334,9.62110326022279,551.844407153346,154.884096885229,203.91325460565,0.750215483787924,7,0.0757736490661309,0.29592556783341,0.0481837849424273,0.0624722718399275,0.0467556156420179,0.470889110676087,"Other Atlas 3 cells","Fresh/saltwater"
"DB55_3","DB55",0.120074585319914,0.846558066211245,293,FALSE,9.58071051815674,2.54801222809813,9.4829032469494,502.694779029563,142.295451896335,178.418124285143,0.67733150810341,4,0,0.259866935991888,0.287777423243558,0.412767947860055,0.039587692904499,0,"Other Atlas 3 cells","Forest"
"BC85_3","BC85",0.120039427503004,0.846032580136626,294,FALSE,9.73208949900059,3.03374208366389,9.45837757936996,602.58527496347,174.540947541458,208.976188773932,0.529451736554068,3,0,0,0.430287174544912,0.529003745684728,0.04070907977036,0,"Other Atlas 3 cells","Forest"
"CD23_3","CD23",0.119899438689365,0.845507094062007,295,FALSE,9.57164381856042,2.05336016077277,9.5787768119297,575.094889757964,160.45951593421,213.879785596382,0.674709411641308,6,0.00501658930045338,0.466052551804718,0.276353613494951,0.141159559946469,0.107350485734728,0.00406719971868045,"Other Atlas 3 cells","Cropland"
"GF18_3","GF18",0.119795125704855,0.844981607987388,296,FALSE,9.28932567868776,1.39417263673528,9.39394573903434,523.527120959622,127.110800540457,198.571186610755,0.479957379392633,4,0.677433043979573,0.0460709657562347,0.048709338788021,0.227786651476172,0,0,"Other Atlas 3 cells","Urban"
"CE52_3","CE52",0.119770248031689,0.844456121912769,297,FALSE,9.12330748275264,1.34988150335366,9.19218342520639,633.276552880685,178.748913616253,223.785355440094,0,1,0,0,0,1,0,0,"Other Atlas 3 cells","Forest"
"FG14_3","FG14",0.11925302020214,0.84393063583815,298,FALSE,9.83024955542591,2.50666868241227,9.6733027279542,496.927324397469,123.825389702488,185.175070622216,0.554698864676712,6,0.0385341457535468,0.633298148531402,0,0.170106962126191,0.0239789417926912,0.134081801796169,"Other Atlas 3 cells","Cropland"
"BD61_3","BD61",0.119044748993505,0.843405149763531,299,FALSE,9.65188923258297,2.40969543370523,9.52541621303509,617.381775058985,172.640942553249,217.176524466754,0.67679011062132,5,0.0829958182106958,0.494770321544362,0.0812835212214254,0,0.115068357571002,0.225881981452515,"Other Atlas 3 cells","Cropland"
"DC51_3","DC51",0.119004281104936,0.842879663688912,300,FALSE,9.62957820850929,2.23182102054578,9.67304063209455,503.705530459236,136.716971085043,191.306586828174,0.496386393595021,4,0,0.159192271589099,0.137388276807612,0.00653401455978875,0.0196020436793663,0.677283393364134,"Other Atlas 3 cells","Fresh/saltwater"
"DG08_3","DG08",0.118973339297504,0.842354177614293,301,FALSE,9.84970869448586,2.38505115141468,9.79339316194086,580.897385652914,154.761742139769,210.039377663223,0.772100068281983,7,0.0557334826146474,0.140705221688348,0.133020981060835,0.0908131672732265,0.135997907272107,0.443729240090836,"Other Atlas 3 cells","Fresh/saltwater"
"DB05_3","DB05",0.118725615135454,0.841828691539674,302,FALSE,9.63756585265728,2.5985592205896,9.52474842806048,527.006022314075,149.044525638857,183.36951766076,0.504054600384144,4,0,0,0.082231079084496,0.272974357364253,0.00713476218197868,0.637659801369272,"Other Atlas 3 cells","Fresh/saltwater"
"FE81_3","FE81",0.118641021044071,0.841303205465055,303,FALSE,9.56359214944405,1.80669398898664,9.64819100252065,471.687127376974,111.987379964949,178.20075091172,0.503189584102749,4,0.165328691579559,0,0,0.0740891397232811,0.0847026700434278,0.675879498653732,"Other Atlas 3 cells","Fresh/saltwater"
"FH44_3","FH44",0.118630579732789,0.840777719390436,304,FALSE,9.97729896731157,2.4701635507498,9.87790335462976,492.819750885325,117.077581340727,191.571644089082,0.483523129237109,4,0.0388396156105723,0.675670616373558,0,0.236780434122274,0.0487093338935959,0,"Other Atlas 3 cells","Cropland"
"BG82_3","BG82",0.117894012753486,0.840252233315817,305,FALSE,9.94222518023236,2.42616707017379,9.81864067586294,695.550860598009,173.327891877949,242.974353490871,0.604135987688934,4,0.0041153105499545,0.506373020085577,0,0.343807850909976,0.145703818454493,0,"Other Atlas 3 cells","Cropland"
"FE80_3","FE80",0.117671440376622,0.839726747241198,306,FALSE,9.54224492235081,1.78042363873483,9.61405663120285,484.322796748021,115.056837301461,183.216906887793,0.754283720375097,7,0.39019904153263,0.128239909522724,0.0243546698028,0.0487093396056001,0.143369921097903,0.265127118438343,"Other Atlas 3 cells","Urban"
"BE08_3","BE08",0.11747271387819,0.839201261166579,307,FALSE,9.89600661215605,3.08135923696373,9.55932887968218,608.810875300296,163.75615012495,200.127388893883,0.691126525091604,5,0.0548346185535535,0.19473663474145,0.0940646034806121,0,0,0.656364143224384,"Other Atlas 3 cells","Fresh/saltwater"
"EE17_3","EE17",0.117153763399262,0.83867577509196,308,FALSE,9.60097978052919,2.20951193762851,9.56832232413051,477.840599556793,123.356114997881,183.069826016733,0.689772265251707,5,0.0697151786164804,0.36363046424267,0.0730640079554509,0.398430177857826,0,0.0951601713275729,"Other Atlas 3 cells","Forest"
"FH01_3","FH01",0.117020176132927,0.838150289017341,309,FALSE,10.0775848070272,2.45555559794108,10.0203711792108,491.655486144595,115.281168169191,193.603589603683,0.510967658322514,5,0.0653480233975744,0.186508077294093,0.0313014157300834,0,0,0.716842483578249,"Other Atlas 3 cells","Fresh/saltwater"
"DG81_3","DG81",0.116574800968047,0.837624802942722,310,FALSE,9.71823062922302,2.43891576780195,9.56450172986653,548.586222668434,142.345442500503,200.54162340614,0.383381313472686,3,0,0.767908971537099,0,0.116874734849173,0.115216293613729,0,"Other Atlas 3 cells","Cropland"
"CG44_3","CG44",0.116537069193264,0.837099316868103,311,FALSE,9.69841110490685,1.98048561755511,9.68656862051706,681.949429867682,180.861814324973,240.843532021349,0.515799818699131,4,0.146026636409504,0.65786249310841,0,0.171756202402458,0.024354668079629,0,"Other Atlas 3 cells","Cropland"
"DE44_3","DE44",0.115981259780827,0.836573830793484,312,FALSE,9.49566364263405,1.79068129065309,9.57966446140625,499.663091983145,134.104587119106,188.175544456278,0.10643257402785,4,0.94401558393944,0,0.0487093367377512,0.00485005288186855,0,0.00242502644093984,"Other Atlas 3 cells","Urban"
"BG61_3","BG61",0.115772070878104,0.836048344718865,313,FALSE,10.1355497568434,2.79168623358361,9.92669483125783,644.100279083493,156.960181672648,223.675934216384,0.437123328876594,4,0.0184897031189729,0.71061723738653,0.070713724773262,0,0.200179334721236,0,"Other Atlas 3 cells","Cropland"
"EH14_3","EH14",0.115766327185225,0.835522858644246,314,FALSE,10.038555419304,2.57351886809607,9.95330806267442,514.723574646815,126.239767471027,195.020040118669,0.620363952845047,6,0.00873563898151805,0.440083961419117,0.0563659515133113,0,0.0220794670833222,0.472734981002731,"Other Atlas 3 cells","Fresh/saltwater"
"CF92_3","CF92",0.11566823182782,0.834997372569627,315,FALSE,9.69281932655935,2.16838406127831,9.66492296879672,598.732088133817,162.39775094528,214.988494890625,0.743577258182324,7,0.327061179676059,0.349421879938398,0.0607389056963201,0.102859438836039,0.0561994088301283,0.103719187023056,"Other Atlas 3 cells","Cropland"
"BC81_3","BC81",0.115643428749788,0.834471886495008,316,FALSE,9.71065856103353,2.83205469476379,9.48496057220353,600.532899447951,175.287419537973,211.391118329013,0.540460178284031,7,0.175381500981237,0.633620274027402,0.00815042298440071,0.00178139149686473,0.00178139149677921,0.179285019013316,"Other Atlas 3 cells","Cropland"
"GF08_3","GF08",0.115064502864311,0.833946400420389,317,FALSE,9.34785651211039,1.50977781700023,9.43200973367327,521.051430566326,125.492417795195,197.622451987645,0.677771585053848,4,0.448998875190931,0.193976726263476,0,0.276665762919548,0.0803586356260447,0,"Other Atlas 3 cells","Urban"
"EF96_3","EF96",0.114858034241905,0.83342091434577,318,FALSE,9.78182318273531,2.5891940849096,9.62430756429784,458.689236665276,110.76132471991,173.181816245099,0.669347785092494,6,0,0.337206872618627,0.044378161563862,0.0487093351059093,0.0626561240417019,0.507049506669899,"Other Atlas 3 cells","Fresh/saltwater"
"HA42_3","HA42",0.114630543942696,0.832895428271151,319,FALSE,9.59160317980367,2.60271594994136,9.07241706255811,482.690681079443,116.502062569054,158.300873769266,0.321595353973188,5,0.0852876515592859,0.815721590859907,0,0.0727977780231943,0.00933357026503732,0.0168594092925754,"Other Atlas 3 cells","Cropland"
"BE20_3","BE20",0.114295699823504,0.832369942196532,320,FALSE,9.91550182229577,2.88812095676894,9.63408173614639,637.989010570578,170.946817399667,213.134988338778,0.364246768269567,5,0,0.787089849274001,0.0379840752386113,0.00470484529064739,0.0730640024110657,0.0971572277856737,"Other Atlas 3 cells","Cropland"
"BH89_3","BH89",0.114245993269688,0.831844456121913,321,FALSE,10.0205207597582,2.4452865442934,9.91221360608425,677.912752290339,163.826366860491,239.008573568934,0.463176893427142,4,0.0487093355336987,0.69103876305478,0,0.0243546677668493,0.235897233644672,0,"Other Atlas 3 cells","Cropland"
"FG29_3","FG29",0.114177048821913,0.831318970047294,322,FALSE,9.58605018545044,2.22761673851393,9.46322448643528,478.736000993903,120.272970509702,177.96119843853,0.768204667806595,6,0.290689587186045,0.244480768377119,0.0188400075262818,0.213160490583699,0.0353572015374499,0.197471944789405,"Other Atlas 3 cells","Urban"
"BD13_3","BD13",0.113928527339844,0.830793483972675,323,FALSE,9.67320035164411,2.91391273135042,9.34184221392785,620.453975025248,170.883382952752,205.574337226572,0.640990813824883,5,0.292256011959695,0.506988463592841,0.044100214196084,0,0.0441002141960563,0.112555096055323,"Other Atlas 3 cells","Cropland"
"CF70_3","CF70",0.113872865546417,0.830267997898056,324,FALSE,9.76069748261535,2.19715226023019,9.73355978855825,608.042054168693,165.233850902653,215.81813462923,0.737089301965228,7,0.304041795310608,0.101845081560722,0.00425705343150003,0.0961784924598248,0.0661395805056939,0.427537996731652,"Other Atlas 3 cells","Fresh/saltwater"
"FH80_3","FH80",0.113766981781463,0.829742511823437,325,FALSE,10.0462011255579,2.34489346548508,9.99274491549992,507.694785860242,119.239418386622,201.806734860996,0.571718448441481,7,0.183172588670407,0.147153149119327,0.00349459003724621,0.00670687602670208,0.0243546698024225,0.635118126343895,"Other Atlas 3 cells","Fresh/saltwater"
"FE90_3","FE90",0.113693926180924,0.829217025748818,326,FALSE,9.51695296679324,1.6836141778047,9.61450147282864,492.261468237305,117.296941246291,186.525987055938,0.62552306808887,5,0.22693494190473,0.551308292327443,0.110279887212426,0,0.0705539540057707,0.0409229245496304,"Other Atlas 3 cells","Cropland"
"EG25_3","EG25",0.113618402218823,0.828691539674199,327,FALSE,9.84391832241827,2.69439971289658,9.65023925745069,470.083834867814,118.915519632916,177.879997584722,0.725636686029121,5,0.221722064360687,0.399081902703028,0,0.121773330960126,0,0.257422701976159,"Other Atlas 3 cells","Cropland"
"DG71_3","DG71",0.113543119798542,0.82816605359958,328,FALSE,9.7490404083972,2.42908518682118,9.60789064993069,543.578309872438,141.315184423546,198.605061417758,0.626644794333454,4,0.158737928208435,0.472728534687846,0,0.352563902384043,0.0159696347196761,0,"Other Atlas 3 cells","Cropland"
"CG15_3","CG15",0.11353485503137,0.827640567524961,329,FALSE,9.72950476772517,2.06121253594827,9.68293190132468,710.355242856167,185.749303221511,247.883972071866,0.489026060096579,4,0.117282300321011,0.692048572419329,0,0.102758083759164,0.0879110435004954,0,"Other Atlas 3 cells","Cropland"
"EF71_3","EF71",0.113137195570338,0.827115081450342,330,FALSE,9.86404814970477,2.7282043912249,9.68564697292526,469.075384955649,115.858625230411,177.589497420941,0.573350134546268,6,0.0382035086106697,0.622488663500901,0.146127992380043,0.0487093307933475,0.00510940892267016,0.139361095792369,"Other Atlas 3 cells","Cropland"
"AE97_3","AE97",0.112990858271071,0.826589595375723,331,FALSE,9.89842129988964,3.1686625853117,9.52145759900594,625.703465538677,166.406904059657,202.144468640191,0.766989335513065,6,0.0141069535730726,0.167253732934461,0.209951173221885,0.317083655982969,0.0570139996878382,0.234590484599774,"Other Atlas 3 cells","Forest"
"DD35_3","DD35",0.112789049914494,0.826064109301104,332,FALSE,9.43947514024814,1.78269938650233,9.55080072059914,492.859952538335,134.236379733829,187.271878773402,0.467184087307757,3,0,0.680906189844565,0,0.255129967080991,0.0639638430744434,0,"Other Atlas 3 cells","Cropland"
"DD45_3","DD45",0.112614632489643,0.825538623226485,333,FALSE,9.42511405807154,1.80003894944632,9.52809647452544,522.420600033211,141.396095228429,198.86610479762,0.201228969875637,3,0.0639638449500734,0.890272630421224,0,0,0.0457635246287031,0,"Other Atlas 3 cells","Cropland"
"CF13_3","CF13",0.112504465595539,0.825013137151866,334,FALSE,9.41672535001201,1.78524533550929,9.37959492340708,698.153234089907,189.934410031504,240.315593805345,0.668499156670801,5,0.111416462712761,0.166984070734652,0.0914038865759934,0.519286312600008,0.110909267376586,0,"Other Atlas 3 cells","Forest"
"FF61_3","FF61",0.112459411754814,0.824487651077246,335,FALSE,9.28953075605385,1.71823522835216,9.23658781681112,523.200699161881,131.693985833463,192.89467039454,0.585481367391729,4,0.0606908579918182,0.177168731939608,0,0.592011289749736,0.170129120318838,0,"Other Atlas 3 cells","Forest"
"FF60_3","FF60",0.112387968733201,0.823962165002627,336,FALSE,9.47379404455568,1.89356547711638,9.41464785321397,514.099223405407,129.582105247195,189.496013095762,0.540321881476869,4,0.0730640094245846,0.63363490458394,0,0.21677120051172,0.0765298854797553,0,"Other Atlas 3 cells","Cropland"
"EF65_3","EF65",0.112369306880079,0.823436678928008,337,FALSE,9.82104990915346,2.67719814442592,9.63723745173472,437.038220233358,106.955427826611,166.850934091402,0.743853566556432,7,0.0932606948178523,0.420150722631876,0.0114555611643483,0.206252822144281,0.11416976023312,0.154710439008521,"Other Atlas 3 cells","Cropland"
"BC11_3","BC11",0.1123490303626,0.822911192853389,338,FALSE,9.83022874967035,3.39230552148606,9.40498370192227,634.630732181992,177.65673143431,201.030281188321,0.559640314739713,4,0,0,0.267556290359603,0.0263099455873743,0.0608866691548162,0.645247094898206,"Other Atlas 3 cells","Fresh/saltwater"
"BC32_3","BC32",0.112296057065042,0.82238570677877,339,FALSE,9.7488706361594,3.22680221117597,9.3652098868568,619.290866101849,176.735949932354,200.263648147133,0.509470981650787,3,0,0.281681696518492,0.0801482672212898,0.63561652306254,0.0025535131976774,0,"Other Atlas 3 cells","Forest"
"DG43_3","DG43",0.112243821649973,0.821860220704151,340,FALSE,9.74489674320059,2.36851062051792,9.63427189181503,578.78410024636,151.241424182259,210.340099060664,0.567657630291442,6,0.200592188891352,0.618609567766206,0,0.0404787154118025,0.0692478125765196,0.0710717153541206,"Other Atlas 3 cells","Cropland"
"AF97_3","AF97",0.112195886379541,0.821334734629532,341,FALSE,10.0803125574408,3.40726766455649,9.63417025185354,599.254026141497,154.991296030765,194.862985441888,0.511141682435051,5,0.049285398300197,0,0.14973892529484,0.0687771966760554,0.00174113028545517,0.730457349443453,"Other Atlas 3 cells","Fresh/saltwater"
"GF55_3","GF55",0.112107979863956,0.820809248554913,342,FALSE,9.52236697085889,1.5690276427043,9.60004606292519,480.312048776429,116.276470810227,184.261526882891,0.570068596561149,3,0.414521974285691,0,0,0,0,0.585478025714309,"Other Atlas 3 cells","Fresh/saltwater"
"CF49_3","CF49",0.11162109565876,0.820283762480294,343,FALSE,9.17448646346298,1.42861047299223,9.21665852943683,661.840813987441,185.409023700165,231.610863931378,0.529748875118255,3,0,0.279013463236663,0,0.617587846493304,0.103398690270033,0,"Other Atlas 3 cells","Forest"
"CD60_3","CD60",0.110609713138887,0.819758276405675,344,FALSE,9.37656461817197,1.58489084718244,9.48005386987813,571.514633494842,157.265712597623,213.020268513798,0.535347813433098,5,0.0632457444066341,0.635937139376714,0.0143047710195289,0.0566916628569372,0.229820682340186,0,"Other Atlas 3 cells","Cropland"
"FF24_3","FF24",0.11034548309482,0.819232790331056,345,FALSE,9.66582914694979,2.31058380169812,9.55655396127572,464.281906791585,112.894826235224,175.271248177041,0.577281721013831,5,0.0487093303611663,0.617393725096801,0.133950658493207,0.11318121244846,0.0867650736003654,0,"Other Atlas 3 cells","Cropland"
"GF03_3","GF03",0.110264779190064,0.818707304256437,346,FALSE,9.45012975277265,1.68788316614422,9.46071189074277,488.662962952716,120.522148337064,183.744465207881,0.391910455778524,4,0.205864435839656,0.751336566563646,0.00843711670964059,0,0.0171809404435397,0,"Other Atlas 3 cells","Cropland"
"DB36_3","DB36",0.11012662541263,0.818181818181818,347,FALSE,9.6396571056526,2.60336632851979,9.52699694461113,498.7006914346,142.182532431129,173.409016737263,0.794045849777084,6,0.085241336791304,0.315802203246449,0.131114437371425,0.198443804430265,0.0836664273128152,0.185731790847741,"Other Atlas 3 cells","Cropland"
"FH56_3","FH56",0.110100019416992,0.817656332107199,348,FALSE,9.95112636499096,2.47214970023109,9.81859190044338,498.06589580032,120.141448176877,191.158487437003,0.554542882883849,5,0,0.441352436096036,0.0243546672781456,0.0181306809143386,0,0.51616221571148,"Other Atlas 3 cells","Fresh/saltwater"
"EB07_3","EB07",0.109853972356605,0.81713084603258,349,FALSE,9.66894691887626,2.62149988615809,9.61512891845802,460.856621469916,124.109396560587,164.476107520689,0.507964379269223,5,0,0.0751069800247936,0.655206861004292,0.233654847609229,0,0.0360313113616846,"Other Atlas 3 cells","Pasture"
"FF26_3","FF26",0.109226051667976,0.816605359957961,350,FALSE,9.76065477481142,2.42044692015666,9.67368892065525,463.772272023388,112.498919471744,174.160971616992,0.621011092782405,6,0.0487093303634068,0.566454240731063,0.194229201479667,0.0669753292496843,0.103507327022239,0.020124571153939,"Other Atlas 3 cells","Cropland"
"DB15_3","DB15",0.109167197362789,0.816079873883342,351,FALSE,9.50833029263843,2.46949909808313,9.39333457188423,543.098855439447,154.679345839731,188.78734636847,0.71579678451306,5,0.19483734640691,0.397179985216043,0.155151780312049,0.0748671059704716,0.177963782094526,0,"Other Atlas 3 cells","Cropland"
"FG28_3","FG28",0.109116534609986,0.815554387808723,352,FALSE,9.56787547747036,2.21195466473607,9.43827374654828,488.174117500822,123.543059162745,180.795717135883,0.6659129004281,6,0.121773325911754,0.146476241736372,0.0420332659525251,0.529377946854576,0.0579620528832633,0.10237716666151,"Other Atlas 3 cells","Forest"
"GF25_3","GF25",0.108900530169479,0.815028901734104,353,FALSE,9.45905463661434,1.58319521492282,9.52489113691898,505.761683943543,123.439736835586,192.064114502412,0.47576509458854,3,0.63910347952133,0,0.0216719869269248,0.339224533551746,0,0,"Other Atlas 3 cells","Urban"
"HA44_3","HA44",0.108147597030316,0.814503415659485,354,FALSE,9.12717628470666,2.18824434336498,8.59171430605247,468.931891645724,113.959590230619,155.817749990266,0.520564265377797,3,0,0.485793926086063,0,0.492937780766166,0.0212682931477711,0,"Other Atlas 3 cells","Forest"
"DC78_3","DC78",0.108013173546408,0.813977929584866,355,FALSE,9.59836607319986,2.47738113247286,9.54199126653221,511.614921941537,142.794095248629,188.270183055231,0.561935017781522,7,0.00786580782169784,0.528367461058011,0.0230290266064278,0.0243546668226301,0.396875354907692,0.0195076827835419,"Other Atlas 3 cells","Cropland"
"CE49_3","CE49",0.107995576617119,0.813452443510247,356,FALSE,9.36187664531142,1.62489509784145,9.44037709553319,555.556568827745,153.685558590919,205.281165395042,0.527515875119238,6,0.00555885813603503,0.643979102664154,0.00940626303746743,0.221313636465104,0.0423051789862329,0.0774369607110062,"Other Atlas 3 cells","Cropland"
"FH35_3","FH35",0.107970232568175,0.812926957435628,357,FALSE,9.9830265034516,2.49845279871183,9.85196414766804,493.651497111925,118.152201486035,190.67416115637,0.606750462920402,5,0.0712849919679073,0.58665383701696,0,0.113982926942397,0,0.228078244072736,"Other Atlas 3 cells","Cropland"
"DD64_3","DD64",0.107915786111864,0.812401471361009,358,FALSE,9.56026781300776,1.97813291020293,9.64390690312871,504.299806433485,136.207298085753,191.881362219317,0.641393921187695,5,0,0.259285612927446,0.12105529107415,0,0.0974186750027141,0.52224042099569,"Other Atlas 3 cells","Fresh/saltwater"
"CE80_3","CE80",0.107662926454693,0.81187598528639,359,FALSE,9.24685652704489,1.51291792539611,9.30581587341397,593.062743203557,167.156156412157,209.474307164307,0.568055462706749,4,0.0476944325985463,0.595484132400741,0,0.253934416473943,0.102887018526769,0,"Other Atlas 3 cells","Cropland"
"BF82_3","BF82",0.10721029366032,0.811350499211771,360,FALSE,9.67011015524372,2.19263101614968,9.54198286156883,709.508678569619,188.040258684972,242.697696921574,0.539247023660148,3,0,0.455449375574101,0,0.486494430519683,0.0580561939062164,0,"Other Atlas 3 cells","Forest"
"FH79_3","FH79",0.106931546352211,0.810825013137152,361,FALSE,9.85073002103173,2.40025362037043,9.69867996668482,520.139638279956,127.81294739165,195.910855332567,0.424463277074449,5,0.171513699065695,0,0,0.0233295351011357,0.0230292001955277,0.782127565637641,"Other Atlas 3 cells","Fresh/saltwater"
"CE72_3","CE72",0.106560868563007,0.810299527062533,362,FALSE,9.23833368826786,1.4626290459746,9.32467264539971,585.395533536278,163.966997264512,208.617724601653,0.165198361134554,4,0,0.0589613679131715,0,0.911429858264805,0.00525410624082387,0,"Other Atlas 3 cells","Forest"
"CG46_3","CG46",0.106306128150036,0.809774040987914,363,FALSE,9.6185891950865,1.96059297021835,9.60249188517706,693.417741841166,184.823846492711,243.517804252815,0.258450583014155,4,0.00571551011915292,0.8556116635483,0.0170493092908562,0.0581155991995717,0.063507917842119,0,"Other Atlas 3 cells","Cropland"
"DD01_3","DD01",0.106083182701707,0.809248554913295,364,FALSE,9.40377069291722,1.59817431147258,9.54120614166142,529.221281870898,144.766689532878,198.887159507402,0.689951332769459,4,0,0.439095310985839,0,0.240367082832966,0.223118938230046,0.097418667951149,"Other Atlas 3 cells","Cropland"
"DC65_3","DC65",0.105784557441663,0.808723068838676,365,FALSE,9.65551121100218,2.44135764750432,9.64184419503945,502.240546525172,138.395963946682,187.657907684199,0.770198530397069,6,0.0343079647710262,0.0547563387551562,0.334997665818473,0.229123833641378,0.153849930373998,0.192964266639969,"Other Atlas 3 cells","Pasture"
"FF64_3","FF64",0.105748259925192,0.808197582764057,366,FALSE,9.51854336978384,1.90141320843026,9.49999106123199,475.05606904118,115.667021315711,178.678789529708,0.467281502777987,5,0.0622154389457084,0.712942590401731,0,0.0651070681697127,0.0814720789798402,0.0782628235030081,"Other Atlas 3 cells","Cropland"
"EG04_3","EG04",0.105396679999757,0.807672096689438,367,FALSE,9.5076655238165,2.33062821026725,9.32204831612784,509.04060598993,130.16878334787,190.38185670622,0.425372331502939,4,0.083371542539787,0.737330229446378,0,0.152685055547033,0.0266131724668018,0,"Other Atlas 3 cells","Cropland"
"GE33_3","GE33",0.104992118126603,0.807146610614819,368,FALSE,9.22341466702538,1.0153150700728,9.4572204272255,529.643763742461,125.241316107519,203.037920737239,0.637302071125102,4,0.119978883975926,0.236198253809311,0.036532005873189,0.525720903335262,0.0815699530063119,0,"Other Atlas 3 cells","Forest"
"DH99_3","DH99",0.104714119124124,0.8066211245402,369,FALSE,9.99901487940688,2.69727628266892,9.85199857720662,512.996407706199,130.452287636707,190.046244273788,0.547308290968577,5,0.0460584061545022,0.30769866027578,0,0.0243546682637614,0,0.621888265305956,"Other Atlas 3 cells","Fresh/saltwater"
"FF57_3","FF57",0.104605194310792,0.806095638465581,370,FALSE,9.66865555314493,2.11094927948741,9.65412266554242,471.070516619694,112.82779525418,177.28596382166,0.386019923667604,4,0,0.0720097847714595,0,0,0.090905282561252,0.837084932667289,"Other Atlas 3 cells","Fresh/saltwater"
"EB08_3","EB08",0.104476763486119,0.805570152390962,371,FALSE,9.62989211741085,2.56744813942757,9.58607884536108,461.651369705124,124.198769326654,164.827000287366,0.586240555486218,5,0,0.00404569094185609,0.19675828152158,0.593425485152921,0.00565430209652232,0.200116240287121,"Other Atlas 3 cells","Forest"
"HA04_3","HA04",0.104361249818571,0.805044666316343,372,FALSE,9.52967019419359,2.52439674910483,9.03708103613365,477.546880479405,115.874663103027,160.232045701882,0.737247023210151,7,0.426002792472284,0.145873010598775,0.0242754112061738,0.136822793596225,0.0484620815059991,0.218563910620543,"Other Atlas 3 cells","Urban"
"GF54_3","GF54",0.104304518631893,0.804519180241724,373,FALSE,9.53801197569996,1.60078288162478,9.59576358728602,486.927274401133,117.626829059863,186.83227759551,0.184228332521194,4,0.899875725159241,0,0.0189503949180568,0,0,0.0811738799227018,"Other Atlas 3 cells","Urban"
"EH39_3","EH39",0.104156580485292,0.803993694167105,374,FALSE,9.97109597789533,2.72404392512852,9.81564429973314,499.326778501791,123.40505407695,188.742542003954,0.737648036307314,6,0.0599666161503862,0.304209243006931,0.0562420817387967,0.286341163095132,0.00866545512207342,0.284575440886681,"Other Atlas 3 cells","Cropland"
"DG60_3","DG60",0.103925955594566,0.803468208092486,375,FALSE,9.95838859367368,2.56494377003551,9.84326617230177,544.027325088904,139.918693114621,199.450799157962,0.50223624481557,4,0.079502427262632,0.188639312334006,0,0,0,0.731858260403362,"Other Atlas 3 cells","Fresh/saltwater"
"CC95_3","CC95",0.103857771114092,0.802942722017867,376,FALSE,9.68632673451232,2.30884166995787,9.69566836485603,527.106508711167,146.567109584544,196.374246682624,0.694955372767549,6,0.0228618615586086,0.237518859814261,0.0182660012318023,0,0.15284751746397,0.568505759931358,"Other Atlas 3 cells","Fresh/saltwater"
"GE03_3","GE03",0.103807537481414,0.802417235943248,377,FALSE,9.34994487563182,1.41006565662414,9.50442374903865,510.923487723847,120.832463060201,194.281631861005,0.73413855537252,5,0.26400004103391,0.240506605324235,0.00940066463832585,0.343125455990897,0.142967233012632,0,"Other Atlas 3 cells","Forest"
"BG67_3","BG67",0.103574889256474,0.801891749868628,378,FALSE,10.0433858722555,2.75551021351744,9.82487158271665,661.371178330439,168.296469870721,226.901745413627,0.385134511295276,3,0.168882839374568,0.76233210160903,0.0200757237236852,0,0.048709335292716,0,"Other Atlas 3 cells","Cropland"
"DF48_3","DF48",0.103408142728749,0.801366263794009,379,FALSE,9.70546457172524,2.14869571407609,9.71080003632875,514.007929975854,137.186847788989,191.984791808546,0.6100362664212,6,0.0487093367409294,0.522297689846434,0.00750678449628352,0.0417448152144671,0,0.379741373701886,"Other Atlas 3 cells","Cropland"
"BG65_3","BG65",0.103206394269188,0.80084077771939,380,FALSE,10.0534699873679,2.76019351264478,9.83716835486838,660.663873422025,165.385518336583,228.157503793247,0.564539489505894,5,0.249625871152834,0.60233328196606,0.0379974377071027,0.0856887415278442,0.0243546676461588,0,"Other Atlas 3 cells","Cropland"
"DE11_3","DE11",0.10288661646717,0.800315291644771,381,FALSE,9.40450133062378,1.69665579935425,9.47500675192433,515.712266295698,140.11165919374,189.215545898981,0.783290982178681,5,0.253946366926552,0.125340463578574,0,0.144241636589079,0.266098109908683,0.210373422997111,"Other Atlas 3 cells","Grass/shrub"
"CD88_3","CD88",0.102882039893412,0.799789805570152,382,FALSE,9.33505609742058,1.72492103559084,9.40326122199598,547.984701691191,149.293737347199,208.932768104637,0.329442394160697,3,0,0.804784083747017,0,0.11471029270271,0.0805056235502722,0,"Other Atlas 3 cells","Cropland"
"FF56_3","FF56",0.102806533676829,0.799264319495533,383,FALSE,9.65671922744087,2.10380334029135,9.63595895998206,480.836407176126,116.035399002211,180.687946780677,0.641981884195104,5,0.13343810794051,0.140716311337144,0,0,0.0427747483608142,0.683070832361532,"Other Atlas 3 cells","Fresh/saltwater"
"EG12_3","EG12",0.102248987984549,0.798738833420914,384,FALSE,9.60944601771411,2.42677325224831,9.42576081273848,503.152095419972,129.295767589127,187.124969396806,0.471490582455655,4,0.13545998656788,0.702026918310625,0,0.0441923267329694,0.118320768388525,0,"Other Atlas 3 cells","Cropland"
"CG50_3","CG50",0.102090855535878,0.798213347346295,385,FALSE,9.71497930396635,1.90691491578631,9.73461006830897,702.128040254114,185.162483326446,248.75056942387,0.729170540498385,6,0.408462863650187,0.262215890805911,0.120053369848172,0.107964682415289,0.0902767001501065,0.0110264931303344,"Other Atlas 3 cells","Urban"
"FF87_3","FF87",0.102044263461535,0.797687861271676,386,FALSE,9.5943853872268,1.87013179941286,9.63311830388067,483.289784066947,116.7500445859,181.993768238078,0.701105712383864,5,0.118180598204674,0.325678352037562,0,0,0.0502554355654736,0.505885614192291,"Other Atlas 3 cells","Fresh/saltwater"
"DD18_3","DD18",0.101457293963056,0.797162375197057,387,FALSE,9.3834725829093,1.76558042096545,9.48093705206922,509.514892717887,139.236843542338,194.118294649072,0.681102003774474,5,0.0955968515853629,0.293737819826394,0.081463352135212,0.459153721067206,0.070048255385825,0,"Other Atlas 3 cells","Forest"
"CF74_3","CF74",0.101395003959204,0.796636889122438,388,FALSE,9.54058645320624,1.93650944203063,9.53697126090871,613.34499561192,168.519604284167,218.000411508454,0.684892249254611,4,0.353951152549146,0.0040130551386658,0,0.280729720386949,0.0327627363679976,0.328543335557242,"Other Atlas 3 cells","Urban"
"BG92_3","BG92",0.101184488218528,0.796111403047819,389,FALSE,9.83998186148253,2.24785661279235,9.75435164125118,707.208361986498,177.897483165116,248.226551006924,0.473236225585346,4,0.0487093353700382,0.672463505685405,0,0.268471156354095,0.0103560025904625,0,"Other Atlas 3 cells","Cropland"
"FF73_3","FF73",0.101163909398044,0.7955859169732,390,FALSE,9.51216679079643,1.85092356405121,9.49658029489556,475.269766408553,117.043773933327,177.695054433259,0.582068516821813,3,0.331941861787752,0.539459522175771,0,0,0.128598616036477,0,"Other Atlas 3 cells","Cropland"
"CF41_3","CF41",0.101115846926935,0.795060430898581,391,FALSE,9.46102995004873,1.84589409413735,9.43544075267218,677.986596271725,184.860636678783,237.075962032589,0.418074253255461,4,0.0596922481057052,0.744646013247767,0,0.146426852849378,0.049234885797149,0,"Other Atlas 3 cells","Cropland"
"DE29_3","DE29",0.101046268545999,0.794534944823962,392,FALSE,9.29872024701565,1.49487655322508,9.4306730800519,541.370426348819,148.630725063272,202.1515518205,0.330833639453824,5,0.0956154375732738,0.808667768707974,0.0103741020757018,0.0273704166750301,0.05797227496802,0,"Other Atlas 3 cells","Cropland"
"GG30_3","GG30",0.101019119956845,0.794009458749343,393,FALSE,9.76321775014453,2.33175656400048,9.58077780167186,491.356697852946,118.744151517092,185.94446685219,0.660927933570167,6,0.0604495016691286,0.416223276384338,0,0.097418682327277,0.0117401605054667,0.41416837911379,"Other Atlas 3 cells","Cropland"
"GE42_3","GE42",0.101015446269169,0.793483972674724,394,FALSE,9.25908254131072,1.01515798579438,9.49669836391211,512.679805253212,123.666193119799,195.265765590354,0.621641213100311,3,0.480088846252484,0.0161344613367426,0,0.151396938195553,0,0.352379754215221,"Other Atlas 3 cells","Urban"
"EB06_3","EB06",0.100774315307235,0.792958486600105,395,FALSE,9.69578579397721,2.65272438367951,9.66197410386182,456.314610585041,122.815245254771,163.367634576379,0.383455278121927,3,0,0,0.153417608572517,0,0,0.846582391427482,"Other Atlas 3 cells","Fresh/saltwater"
"DG37_3","DG37",0.100764101380829,0.792433000525486,396,FALSE,9.59187480672759,2.2316483931347,9.50004095338511,546.00197635241,143.242444478877,199.763245445796,0.638647860216209,4,0.274543801976459,0.510358666967292,0,0.142033528092361,0.073064002963888,0,"Other Atlas 3 cells","Cropland"
"DG83_3","DG83",0.100719521533622,0.791907514450867,397,FALSE,9.61765584326065,2.37899177001932,9.45621228133409,549.010222914258,141.914910498163,201.960640430561,0.304839185384908,4,0.106041722943646,0.825009584076815,0,0.0537691750228902,0.0151795179566483,0,"Other Atlas 3 cells","Cropland"
"CH99_3","CH99",0.100679015972438,0.791382028376248,398,FALSE,9.95458226950109,2.21120886520286,9.96566463948183,618.516562572418,160.554924711318,224.860972942599,0.631979348792616,4,0.123318161448523,0.522438808284309,0.109596007386492,0,0,0.244647022880676,"Other Atlas 3 cells","Cropland"
"CH26_3","CH26",0.10053296699463,0.790856542301629,399,FALSE,9.9330026180831,2.02973477016368,9.97694489581069,726.118073993466,176.978320957518,259.714716511679,0.591863201101659,3,0,0.532374874526338,0,0.146128006273683,0.321497119199979,0,"Other Atlas 3 cells","Cropland"
"CC06_3","CC06",0.100441507199013,0.79033105622701,400,FALSE,9.70863289731108,2.91815998261773,9.46840853449192,590.761301777868,169.390673959272,209.222465239329,0.66551926885672,6,0,0.0517628388923628,0.160390828382263,0.517312986379594,0.0243546676891514,0.246178678656629,"Other Atlas 3 cells","Forest"
"BF42_3","BF42",0.100431508279167,0.789805570152391,401,FALSE,9.8875365180848,2.7944104691995,9.60795753399149,657.715557958486,170.997286048976,222.129140250265,0.487426398839336,5,0.0229807422468685,0.668056747575282,0.00876769145873109,0.25148548406139,0.0487093346577278,0,"Other Atlas 3 cells","Cropland"
"CG40_3","CG40",0.100396215040868,0.789280084077772,402,FALSE,9.71569595143903,1.896340743786,9.73991988978018,712.120496823842,186.010815607817,251.7251459164,0.691925920524025,5,0.478139878348647,0.194834620682649,0.0487093361591791,0.125135536880591,0.153180627928934,0,"Other Atlas 3 cells","Urban"
"DC13_3","DC13",0.100185408037065,0.788754598003153,403,FALSE,9.50954689213572,2.07744259768665,9.54958000408982,527.25919892811,143.942425380964,199.964774148328,0.715508523612363,5,0.397551048127085,0.301445251446618,0.0746044583404485,0.0663954156325999,0.160003826453249,0,"Other Atlas 3 cells","Urban"
"EF11_3","EF11",0.099921532380297,0.788229111928534,404,FALSE,9.84126448198465,2.66147170886374,9.68297070734096,481.216431552807,121.814462991586,183.753619202317,0.487808918355266,4,0.0331442450544521,0.289117016871123,0,0,0.0243546693197825,0.653384068754642,"Other Atlas 3 cells","Fresh/saltwater"
"FH86_3","FH86",0.0996961076608352,0.787703625853915,405,FALSE,9.87662808055694,2.3913877063701,9.72363138405567,504.43534286807,121.900121408094,193.794627496715,0.280358543477526,3,0,0.835104953712443,0,0.148196989538286,0.016698056749271,0,"Other Atlas 3 cells","Cropland"
"DC10_3","DC10",0.0995410279602796,0.787178139779296,406,FALSE,9.36424879049272,1.82062920957698,9.43909409219312,519.415874600019,141.257685620967,198.520043712674,0.236805091671595,3,0,0.868210981098454,0,0.0469152065532868,0.0848738123482591,0,"Other Atlas 3 cells","Cropland"
"CH79_3","CH79",0.0995374910030342,0.786652653704677,407,FALSE,9.86575618149986,2.05896487973676,9.90108826369463,626.247394283274,161.339103481654,228.608275465109,0.611194851921257,5,0.101384157487684,0.550667532503634,0,0.0020683292316504,0,0.345879980777031,"Other Atlas 3 cells","Cropland"
"GF15_3","GF15",0.0995257169941745,0.786127167630058,408,FALSE,9.47536585309265,1.6408612092252,9.52901209761871,504.627505476938,122.768757374582,191.505140731549,0.72256289221835,5,0.237182335105038,0.405684733403734,0.148810695248794,0.183967566848893,0.0243546693935423,0,"Other Atlas 3 cells","Cropland"
"DG14_3","DG14",0.0993516378764045,0.785601681555439,409,FALSE,9.86384344857289,2.37687663414504,9.80183393899567,591.407517070655,155.223380562471,214.943624969294,0.617220240560597,4,0.0962914884912943,0.325557405438111,0,0,0,0.578151106070595,"Other Atlas 3 cells","Fresh/saltwater"
"BG57_3","BG57",0.0993417185804841,0.78507619548082,410,FALSE,10.0806328035916,2.88331624336842,9.82190192312984,645.739523450433,163.343246618028,221.226465068078,0.58081702575835,4,0,0.301504254789031,0.143779950385559,0,0,0.554715794825411,"Other Atlas 3 cells","Fresh/saltwater"
"BF92_3","BF92",0.0991362822650166,0.784550709406201,411,FALSE,9.5835638760936,2.03074323698314,9.4923067954536,707.67408862236,188.353973733371,243.274547888858,0.713175166310212,4,0.243546676850104,0.387057222156587,0,0.252180859536727,0.117215241456582,0,"Other Atlas 3 cells","Cropland"
"CH56_3","CH56",0.0990633763138037,0.784025223331582,412,FALSE,9.79068386972623,1.84880319872798,9.86396155387517,725.803291152822,183.019190526232,260.669703811679,0.693705089849111,4,0.0968931195083082,0.410073799561011,0,0.306538632275079,0.186494448655601,0,"Other Atlas 3 cells","Cropland"
"CE00_3","CE00",0.0989282007485934,0.783499737256963,413,FALSE,9.49022145804019,1.81744499079627,9.48718354600498,685.578855587761,191.632453253468,236.26109067078,0.606283478588318,4,0,0.262761228083433,0.0369561890848888,0.54631513756535,0.153967445266329,0,"Other Atlas 3 cells","Forest"
"DE26_3","DE26",0.0988180464744198,0.782974251182344,414,FALSE,9.18652048869424,1.41755300634062,9.3053047004633,540.463153733303,148.728091673478,200.200604868376,0.455515803329208,4,0.173606269988928,0.707649977717686,0,0.116481940250939,0.0022618120424469,0,"Other Atlas 3 cells","Cropland"
"DG15_3","DG15",0.0986763354773202,0.782448765107725,415,FALSE,9.81555423768764,2.35866608842706,9.74801150140811,587.604874598778,154.143252892567,213.586021360342,0.63726663915601,4,0.147255194500672,0.457659786100573,0,0,0.0339107547642793,0.361174264634476,"Other Atlas 3 cells","Cropland"
"BD82_3","BD82",0.0985822273408209,0.781923279033106,416,FALSE,9.65225333570083,2.32255212331209,9.56764530779788,608.500873841151,171.939873245728,217.846460409423,0.369733039226956,4,0,0.0409101635156486,0.0974186710651052,0.782823392995676,0.0788477724235697,0,"Other Atlas 3 cells","Forest"
"CC33_3","CC33",0.0985447955700108,0.781397792958487,417,FALSE,9.70804683371839,2.57310500833064,9.60574943677464,559.095488280097,156.517282036464,206.691760130544,0.668317272646597,6,0.0243546676133826,0.373882732477573,0.0344997659666908,0,0.0947090231825459,0.417059616813792,"Other Atlas 3 cells","Fresh/saltwater"
"FH98_3","FH98",0.098472961924688,0.780872306883868,418,FALSE,9.87569297910554,2.40970068279247,9.70824597898096,504.965919419018,123.513984383212,191.344192467763,0.484321302693237,5,0.0551170907660631,0.0969213411053417,0,0.073063998526298,0,0.774897569602297,"Other Atlas 3 cells","Fresh/saltwater"
"CE61_3","CE61",0.0983263724798844,0.780346820809249,419,FALSE,9.12009434288661,1.37434052199315,9.18293693378546,628.260019024748,177.070796458085,221.786185767606,0.652633455979916,4,0.140075339073766,0.198266475814206,0,0.498654953911474,0.163003231200555,0,"Other Atlas 3 cells","Forest"
"CE02_3","CE02",0.0982057453448543,0.77982133473463,420,FALSE,9.43840609821838,1.77409283953579,9.44612179422352,659.34197480027,185.992233533524,228.84149814831,0.557186046500116,4,0.04177655339406,0.158693481037662,0,0.618897976708375,0.180631988859903,0,"Other Atlas 3 cells","Forest"
"CH57_3","CH57",0.0981582982132429,0.77929584866001,421,FALSE,9.7664619800699,1.85295761689479,9.82245686236512,720.298096778985,183.817470319854,257.199025561934,0.78510307447275,5,0.267375790463193,0.254274612740884,0.182660004600963,0.137007344628397,0.158682247566564,0,"Other Atlas 3 cells","Urban"
"BG55_3","BG55",0.0981502085808987,0.778770362585391,422,FALSE,10.1124450717328,2.89678903457123,9.8638386448662,643.458822326572,160.544269124728,221.142501566429,0.540039847646268,5,0.0329125559821742,0.116870917365519,0.192818731781724,0,0.0243546680093377,0.633043126861245,"Other Atlas 3 cells","Fresh/saltwater"
"BD81_3","BD81",0.0980310389778103,0.778244876510772,423,FALSE,9.55825182619227,2.18249839490017,9.48528849308269,592.236573683486,166.174223559086,212.382154626181,0.631743862300492,4,0.133950672714849,0.465868774367001,0,0.361827220010301,0.0383533329078485,0,"Other Atlas 3 cells","Cropland"
"DH07_3","DH07",0.097862376048891,0.777719390436153,424,FALSE,9.97242328339777,2.1940819346824,10.0054489675528,597.039439002683,151.885732577795,219.984128872963,0.782412328467545,7,0.348489575405533,0.154530310870225,0.0487093339754088,0.198653001356229,0.0031655735199924,0.246452204872613,"Other Atlas 3 cells","Urban"
"CH98_3","CH98",0.097695921455898,0.777193904361534,425,FALSE,9.9677852027587,2.17397903385799,10.0019146861471,592.788169221104,151.951869509987,217.297045099122,0.685536528714068,5,0.144030970371491,0.372652090426423,0,0.073064004926366,0.0243546683087887,0.385898265966932,"Other Atlas 3 cells","Fresh/saltwater"
"BG49_3","BG49",0.0973459128325906,0.776668418286915,426,FALSE,10.0437476015553,2.96008448813426,9.73453631818485,643.07232005899,166.306288868793,216.062373057405,0.797937578809384,6,0.19403742223912,0.247763937956475,0.172495611432144,0.216218248095579,0.137067352623532,0.0324174276531502,"Other Atlas 3 cells","Cropland"
"GF47_3","GF47",0.0973108176202301,0.776142932212296,427,FALSE,9.3354092630738,1.32562457289919,9.45184278477499,506.202244350085,122.71666157196,193.910862352575,0.524476585153226,4,0.593648571722482,0,0.048709330471796,0.347195623617392,0,0.0104464741883301,"Other Atlas 3 cells","Urban"
"DC25_3","DC25",0.0973091256621263,0.775617446137677,428,FALSE,9.6681637879776,2.32657084166948,9.68598453019431,514.008719290627,141.718525342974,193.334377903776,0.695872686733846,5,0.118274730977216,0.43670655586687,0.204747671423081,0,0,0.240271041732833,"Other Atlas 3 cells","Cropland"
"CE75_3","CE75",0.0972791369105564,0.775091960063058,429,FALSE,9.32035041080573,1.49699501945373,9.43166637873278,593.814256951729,166.845488050567,213.292924959387,0.750042988923493,5,0.351901219885843,0.152551712145624,0.103384998830519,0.282810741806258,0.109351327331757,0,"Other Atlas 3 cells","Urban"
"CE64_3","CE64",0.0972470610707076,0.774566473988439,430,FALSE,9.34089115239268,1.5154166179286,9.43380584406308,554.103683533419,154.679674695112,198.974088670585,0.446704596293089,4,0.247569121019441,0,0,0.700298323534769,0.024354667965166,0.0277778874806247,"Other Atlas 3 cells","Forest"
"DG42_3","DG42",0.0969507341259138,0.77404098791382,431,FALSE,9.93324701519833,2.52172470112657,9.83058416322636,553.776417726114,143.459632102659,201.854821302273,0.60340448650856,7,0.127033161636087,0.154948697710881,0.0243546683690385,0.0593649844824743,0.0130806741859547,0.621217813615565,"Other Atlas 3 cells","Fresh/saltwater"
"FF74_3","FF74",0.0969388213419472,0.773515501839201,432,FALSE,9.62015922699267,1.94680629238182,9.6210617842279,465.635841113872,113.797069590381,174.652649104794,0.758769518837771,7,0.211897048000624,0.346300118233317,0.0182659989125634,0.000729804189609936,0.0931368311715115,0.329670199492375,"Other Atlas 3 cells","Cropland"
"GF23_3","GF23",0.0968654224169621,0.772990015764582,433,FALSE,9.59874083220604,1.80540650909634,9.61718421807005,491.932168649199,119.894442484398,186.053798570103,0.640930394810127,3,0.446054261456958,0,0,0,0,0.553945738543042,"Other Atlas 3 cells","Fresh/saltwater"
"CC36_3","CC36",0.0967885756646858,0.772464529689963,434,FALSE,9.60541856507125,2.59193775600085,9.45155474317649,582.978189029668,161.934789725772,213.247801108009,0.640296885159551,5,0,0.0488931600829393,0.0676832741645819,0.522248047231989,0.0952130936028686,0.265962424917621,"Other Atlas 3 cells","Forest"
"FF82_3","FF82",0.0966632639924802,0.771939043615344,435,FALSE,9.47066098057491,1.77667415114598,9.45556722563902,495.36033394546,122.407523431814,184.951395903102,0.186379525899114,3,0.0780061701231071,0.897639160074989,0,0,0.0243546698019038,0,"Other Atlas 3 cells","Cropland"
"DD59_3","DD59",0.0966035103690298,0.771413557540725,436,FALSE,9.609511376514,2.13447358637203,9.67299497676453,500.712844490852,135.768107036105,190.500748668718,0.690226093957246,5,0.0974186672498818,0.230453320041947,0.0420210763156005,0.147293350850997,0.0121773334062352,0.470636252135339,"Other Atlas 3 cells","Fresh/saltwater"
"DD49_3","DD49",0.0966018799243985,0.770888071466106,437,FALSE,9.57934554784229,2.0706140714003,9.65251648566845,490.37136964426,133.24469993306,186.608128728011,0.723521574052916,5,0.00944012157993736,0.318971118422293,0.302032192739413,0.262206079056722,0.107350488201635,0,"Other Atlas 3 cells","Cropland"
"CE86_3","CE86",0.0965855911382729,0.770362585391487,438,FALSE,9.35192497519683,1.52460201899101,9.47984973014197,559.338561766217,155.62635972508,203.120307944525,0.661991223401209,4,0,0.419330649307835,0.0353543012607286,0.350876464123068,0.194438585308368,0,"Other Atlas 3 cells","Cropland"
"GF16_3","GF16",0.0964212698934891,0.769837099316868,439,FALSE,9.43749975006831,1.59601523603621,9.51215709987345,517.17969885861,125.488551902423,196.012525236745,0.53476544429314,4,0.580891154335536,0.352765028017576,0.00534684400947289,0.00503850894307901,0.0559584646943367,0,"Other Atlas 3 cells","Urban"
"FH58_3","FH58",0.0962391344933857,0.769311613242249,440,FALSE,9.92568704578553,2.46591632613017,9.78573346244797,501.83272126407,122.078665936378,190.910026173012,0.657710791136257,4,0,0.439777619778362,0,0.0799374033101195,0,0.480284976911518,"Other Atlas 3 cells","Fresh/saltwater"
"FF83_3","FF83",0.0959486623451036,0.76878612716763,441,FALSE,9.4322878849318,1.73101561156327,9.42804019725057,516.008777393737,126.967420018569,192.588460066604,0.49965196886135,2,0.387189478766093,0.588455851430578,0.0243546698033287,0,0,0,"Other Atlas 3 cells","Cropland"
"FF70_3","FF70",0.0959382778183047,0.768260641093011,442,FALSE,9.49160520020352,1.86979985101273,9.44456535582902,508.300102033058,127.99094718089,187.030838909672,0.6790052171315,4,0.142784970251729,0.397370919950574,0,0.365891324328616,0.0939527854690808,0,"Other Atlas 3 cells","Cropland"
"EG88_3","EG88",0.0959347231515814,0.767735155018392,443,FALSE,9.883761655935,2.67989956374334,9.71413181801271,474.371477106837,118.424945793095,177.869871950107,0.228201951627812,4,0,0.873121537113466,0.083110323563712,0,0,0.0437681393228222,"Other Atlas 3 cells","Cropland"
"EG05_3","EG05",0.0958797010019638,0.767209668943773,444,FALSE,9.61448579245723,2.44874698218627,9.42718098738416,499.49302474005,127.857438077766,187.301332563612,0.302051250406235,4,0.075870554912298,0.827268908019193,0,0.0835539508350765,0.013306586233433,0,"Other Atlas 3 cells","Cropland"
"FG47_3","FG47",0.0957149225272135,0.766684182869154,445,FALSE,9.61019299071957,2.14847489824355,9.50704328034394,517.642589197977,130.729292963316,190.868642846041,0.574287420107935,4,0.113408934208404,0.612465743101679,0,0.127997321010429,0.146128001679489,0,"Other Atlas 3 cells","Cropland"
"BE88_3","BE88",0.0956179798137923,0.766158696794535,446,FALSE,9.54309952527496,2.06122617222157,9.49528387189016,637.554208428222,179.780883956591,225.012002544941,0.674345146736207,5,0.0974186710717414,0.477151268943386,0.0387579480286513,0.26818057669499,0.118491535261231,0,"Other Atlas 3 cells","Cropland"
"CE53_3","CE53",0.0954498947916724,0.765633210719916,447,FALSE,9.04490405547811,1.24421144255865,9.12579882684725,641.299691648271,180.887593655883,227.497923523117,0.406941555082979,5,0.0313721012631997,0.158305337331612,0.0487093345635729,0.751155859753778,0.010457367087837,0,"Other Atlas 3 cells","Forest"
"AE94_3","AE94",0.0954238295780417,0.765107724645297,448,FALSE,9.97107481581364,3.23511131124259,9.57632422180502,606.772498263523,159.365080012761,196.322081249916,0.734302276751256,6,0.0730640012684725,0.28908168772727,0.380133266656619,0,0.0243546670894908,0.233366377258148,"Other Atlas 3 cells","Pasture"
"BE90_3","BE90",0.0953393981581368,0.764582238570678,449,FALSE,9.56597968969206,1.93179615839313,9.5405398356847,684.245213475939,190.922197238935,234.748520128538,0.708044058582823,4,0,0.276273415071217,0.256922025532842,0.373505875540999,0.0932986838549423,0,"Other Atlas 3 cells","Forest"
"BE25_3","BE25",0.095312613634411,0.764056752496059,450,FALSE,9.67982326551044,2.6264583312084,9.42263568340975,664.944879217425,180.143628460268,223.817961972878,0.396498956529821,3,0,0.203017858266576,0,0.748272806792156,0.0487093349412684,0,"Other Atlas 3 cells","Forest"
"BH69_3","BH69",0.0951261432687589,0.76353126642144,451,FALSE,10.1187253245312,2.75129442919922,9.91383910770857,644.959769682208,155.164374064627,223.812769713,0.565459968453281,5,0.0356119472290375,0.602408824853329,0.0186110996969105,0.0974186705867664,0.245949457633956,0,"Other Atlas 3 cells","Cropland"
"EH66_3","EH66",0.0951153441908083,0.763005780346821,452,FALSE,10.0294017757484,2.66391520892047,9.90314727110308,491.704770519084,118.5604525278,188.442093085804,0.526178156245793,5,0.0344530124061441,0.649307591872794,0,0,0.00729280968671365,0.308946586034349,"Other Atlas 3 cells","Cropland"
"DF62_3","DF62",0.095043205176189,0.762480294272202,453,FALSE,9.83494310478966,2.48821918030569,9.74017182663604,487.147407948693,125.724888707195,184.209666859484,0.579921094267116,4,0,0.379371458044457,0,0.0243546687508823,0,0.596273873204661,"Other Atlas 3 cells","Fresh/saltwater"
"BH67_3","BH67",0.0950425491835165,0.761954808197583,454,FALSE,10.193125849362,2.79146687765131,9.99499507591774,644.86428624898,153.204190590782,223.643428003905,0.423323912253092,3,0,0.714072821094977,0.21498457195742,0,0.0709426069476027,0,"Other Atlas 3 cells","Cropland"
"BF61_3","BF61",0.0950120713249806,0.761429322122964,455,FALSE,9.85334996178541,2.56380256014541,9.64852123794492,664.143208150562,173.747700209477,226.147528874883,0.20264470621414,3,0.0837196459276833,0.888582665088951,0,0,0.0276976889833651,0,"Other Atlas 3 cells","Cropland"
"BE37_3","BE37",0.0949684598837922,0.760903836048345,456,FALSE,9.58235683009234,2.44628427200663,9.37492600588664,654.83593541396,179.107393138349,223.499639074453,0.375847339876991,3,0,0,0.160887604106129,0.769758903924262,0.0693534919696084,0,"Other Atlas 3 cells","Forest"
"EH28_3","EH28",0.0947865377197206,0.760378349973726,457,FALSE,9.97571592529565,2.69590586724007,9.83250160854458,504.929979500576,125.022770154899,189.987957225424,0.645306708552564,4,0.211787252356327,0.429833419884497,0,0.00474080166685835,0,0.353638526092318,"Other Atlas 3 cells","Cropland"
"ED30_3","ED30",0.0946530099734073,0.759852863899107,458,FALSE,9.68947201565155,2.4032975731798,9.63050192755629,451.862429669471,113.97898806984,172.266861749433,0.725315264782086,5,0.388445931631358,0.14026958147586,0.0233086796366015,0.186091432318337,0,0.261884374937844,"Other Atlas 3 cells","Urban"
"GG28_3","GG28",0.0945978645564037,0.759327377824488,459,FALSE,9.62517420242294,1.99289388230344,9.54461392157176,481.348693236655,116.464392972108,182.749970372603,0.566462623259596,3,0,0.58554377100856,0,0.256161161092971,0,0.158295067898469,"Other Atlas 3 cells","Cropland"
"EG95_3","EG95",0.0945035857570363,0.758801891749869,460,FALSE,9.85199146277449,2.61933575423648,9.6789474140143,488.022425595526,121.552844565298,182.479697685472,0.589382966087693,5,0.257519385469157,0.571926087655423,0,0,0.0487093351048103,0.121845191770609,"Other Atlas 3 cells","Cropland"
"DG22_3","DG22",0.0943671554534405,0.75827640567525,461,FALSE,9.96192097155089,2.47131867888455,9.88092535762224,563.406580412791,146.132316471045,205.761997335979,0.514987778727324,6,0.0138321361041617,0.105986467258264,0.0974186691394997,0,0.0487093345697498,0.734053392928324,"Other Atlas 3 cells","Fresh/saltwater"
"CC80_3","CC80",0.0942994946111052,0.757750919600631,462,FALSE,9.4029388967218,1.87968704061558,9.4593734310039,554.365630045024,152.435716237835,210.157271120637,0.67051654613476,4,0.155753719418007,0.502086064170951,0.145847583475003,0.171957965359289,0.02435466757675,0,"Other Atlas 3 cells","Cropland"
"CE40_3","CE40",0.0942933949246412,0.757225433526012,463,FALSE,9.18669871516068,1.43217830602582,9.24084309836993,672.141266775528,189.390141406632,234.938253401492,0.674272077747076,4,0.147179107753437,0.240708532765761,0,0.477498392210089,0.134613967270713,0,"Other Atlas 3 cells","Forest"
"CC46_3","CC46",0.0941584925838496,0.756699947451393,464,FALSE,9.55029831919375,2.47283108471406,9.43004392866704,556.25975763538,155.077476454271,203.827730299245,0.78572917424734,6,0,0.183214000527468,0.252950960960362,0.28951798218888,0.12842699380074,0.145890062522549,"Other Atlas 3 cells","Forest"
"CD40_3","CD40",0.0940805110104522,0.756174461376773,465,FALSE,9.48300998022632,1.76263668584083,9.55523737275897,540.582156925681,149.640026422648,200.881297295198,0.482986810353555,5,0.16626430257103,0.0797746964003102,0,0.693528882629008,0.0401417240006606,0.0202903943989918,"Other Atlas 3 cells","Forest"
"DC66_3","DC66",0.0940753954940307,0.755648975302154,466,FALSE,9.64793969408021,2.4557683933307,9.61901246716818,505.636543550658,139.832176791115,188.113602801193,0.459154201370519,5,0.15846337263789,0.714236797151501,0.0511671627304274,0.0315553550976066,0.0445773123825755,0,"Other Atlas 3 cells","Cropland"
"CF91_3","CF91",0.0940629517926891,0.755123489227535,467,FALSE,9.77706178281976,2.2641107975847,9.7465733197092,578.495038825804,157.019447915731,207.557693779965,0.543265930501867,3,0.506341478886361,0,0,0,0,0.493658521113639,"Other Atlas 3 cells","Urban"
"CE36_3","CE36",0.0939774485913251,0.754598003152916,468,FALSE,9.21178830736676,1.44371141285671,9.2833905301763,625.65917760276,175.120111081408,225.788934909217,0.0857756779869244,4,0.014948404755671,0.0142929987719426,0,0.955810191716799,0.0149484047555871,0,"Other Atlas 3 cells","Forest"
"CG83_3","CG83",0.0939134847942139,0.754072517078297,469,FALSE,9.90348991211522,2.25726352049357,9.88862700193913,618.26477209179,165.393392668542,220.853026187108,0.717650229222375,6,0.0487093351527719,0.42497478296548,0.0536829766477878,0,0.0871111276550679,0.385521777578892,"Other Atlas 3 cells","Cropland"
"CF10_3","CF10",0.0938124457099029,0.753547031003678,470,FALSE,9.5751039276373,1.95252520768408,9.52493281092658,702.056403291185,188.366841422992,242.758854179364,0.703361574295851,4,0.115251932681097,0.390523057927662,0,0.313135148501979,0.181089860889262,0,"Other Atlas 3 cells","Cropland"
"CG65_3","CG65",0.0936276923657977,0.753021544929059,471,FALSE,9.7287693135653,2.07628029468874,9.71940883078029,632.346040116304,169.675356109412,224.401634077965,0.484149987654665,5,0.00971745231671745,0.66426560480102,0.0416919017498658,0.269033155576667,0.01529188555573,0,"Other Atlas 3 cells","Cropland"
"AD94_3","AD94",0.0935720237110936,0.75249605885444,472,FALSE,9.9154604337557,3.34597435655683,9.50055410730533,604.061202572272,165.21508640314,192.352564954999,0.668016529420152,5,0,0.246145809869359,0.231498739138354,0,0,0.449291449723499,"Other Atlas 3 cells","Fresh/saltwater"
"CC64_3","CC64",0.0935627700640452,0.751970572779821,473,FALSE,9.70718923314318,2.40239515190247,9.66363663102003,540.166394877486,151.249556240871,200.356051829754,0.622386269012828,5,0.0407783614805494,0.360282577983596,0,0.00604623613936911,0.108896668607704,0.483996155788782,"Other Atlas 3 cells","Fresh/saltwater"
"BG42_3","BG42",0.0935566305340759,0.751445086705202,474,FALSE,10.2022371939525,3.14982439179706,9.86579552005762,619.868217265752,150.201991277219,211.937249310603,0.604190736373434,5,0,0,0.271251700857148,0.101491990332258,0.0427049667070256,0.584551342103569,"Other Atlas 3 cells","Fresh/saltwater"
"CH48_3","CH48",0.0935518734690577,0.750919600630583,475,FALSE,9.77833739638864,1.90228502562401,9.8201946580655,731.413245326379,188.143486583227,258.850724450177,0.647498397341882,5,0.120206441035872,0.493890578787721,0.0370575517565459,0.30013609225851,0,0,"Other Atlas 3 cells","Cropland"
"CH58_3","CH58",0.0935493148309732,0.750394114555964,476,FALSE,9.7549649365006,1.87992258172787,9.80148830407161,707.133334875821,183.104275480426,251.038187162313,0.666634392469678,5,0.0609985441207199,0.263307991627095,0.0238291176628722,0.479688956340208,0.172175390249105,0,"Other Atlas 3 cells","Forest"
"EF85_3","EF85",0.0934775758048892,0.749868628481345,477,FALSE,9.80131951087019,2.63383962054208,9.62298534097393,459.784631211559,112.433486011984,173.470426622902,0.588125311997322,5,0,0.602172871379377,0.176183632424089,0,0.0958949286874764,0.125748567509058,"Other Atlas 3 cells","Cropland"
"DD29_3","DD29",0.0934494525237783,0.749343142406726,478,FALSE,9.40833756528753,1.84636890831009,9.49050176964656,502.215581363614,136.484488929799,191.475754823284,0.724589202117066,4,0.21558554243026,0.38784273323497,0.00217431722166617,0.215959501758926,0.178437905354178,0,"Other Atlas 3 cells","Cropland"
"HA54_3","HA54",0.0933626971249092,0.748817656332107,479,FALSE,9.38438184911727,2.43366187774885,8.85097310384771,453.15504379878,109.850055020081,150.866941507441,0.632616867598411,6,0.0689613198427495,0.556195094825861,0,0.203988937953171,0.059403247382273,0.111451399995945,"Other Atlas 3 cells","Cropland"
"DC04_3","DC04",0.0933049753285547,0.748292170257488,480,FALSE,9.63663347132025,2.21779969673863,9.6588996798067,525.978042534918,144.268076725504,198.478054500161,0.698226506015234,6,0.487147939210612,0.112512972218897,0.110217972186355,0,0.124064310249003,0.166056806135134,"Other Atlas 3 cells","Urban"
"CE21_3","CE21",0.0929678729262216,0.747766684182869,481,FALSE,9.32610039537633,1.59851435559453,9.35984329334439,674.103359164433,190.570778810295,234.526194846421,0.611477396672625,4,0,0.19112466242985,0.181486566493363,0.560552177834583,0.0668365932422038,0,"Other Atlas 3 cells","Forest"
"DC26_3","DC26",0.0929170622448063,0.74724119810825,482,FALSE,9.48403080813275,2.1922985767233,9.48484866710253,549.096214871027,152.57039016045,204.564128182879,0.576778942515547,4,0.207677047386434,0.116652439574708,0,0.599590761793291,0.076079751245568,0,"Other Atlas 3 cells","Forest"
"BH66_3","BH66",0.0927519858233629,0.746715712033631,483,FALSE,10.2079444819816,2.79211606927698,10.0185448038522,643.580868910901,151.790220500788,223.473658101371,0.509078369797854,4,0.0988035010980629,0.664422530052323,0.149054021367586,0,0.0877199474820279,0,"Other Atlas 3 cells","Cropland"
"CH34_3","CH34",0.0927183455093935,0.746190225959012,484,FALSE,9.89800773848336,1.9055389835216,9.98576380584633,735.780432294354,178.08228217592,264.302813126193,0.716996403435662,5,0.0570522307599998,0.358508313806278,0.31955862002422,0.216171500183192,0.0487093352263099,0,"Other Atlas 3 cells","Cropland"
"GF63_3","GF63",0.0927058667399407,0.745664739884393,485,FALSE,9.56001072676126,1.65270791459256,9.59173690483832,474.47337602483,114.296982991606,183.015653771902,0.413135570217408,4,0.215485306374233,0,0.0468668069483581,0,0,0.737647886677409,"Other Atlas 3 cells","Fresh/saltwater"
"FH99_3","FH99",0.0926630732194322,0.745139253809774,486,FALSE,9.75701309793466,2.30685025446123,9.590669010861,507.936214797847,126.097643736146,190.114402043988,0.683209967902655,5,0,0.277506962156647,0,0.121200858938103,0.100856401092017,0.500435777813233,"Other Atlas 3 cells","Fresh/saltwater"
"DG90_3","DG90",0.092604234546057,0.744613767735155,487,FALSE,9.84820570834404,2.57495569152715,9.69426926774483,539.60482315611,138.810125436502,198.434663273865,0.602966129395286,6,0.229140529058134,0.574105308064754,0,0.0944515924155322,0.0730640047906076,0.0292385656709722,"Other Atlas 3 cells","Cropland"
"CE96_3","CE96",0.0925969308508635,0.744088281660536,488,FALSE,9.28267954951472,1.46913064771207,9.408124253912,561.669729098486,154.844517990909,205.487006328093,0.535947387977611,4,0.18355277491729,0.643440514361072,0,0.0708523243824467,0.102154386339191,0,"Other Atlas 3 cells","Cropland"
"DE88_3","DE88",0.0925249136862963,0.743562795585917,489,FALSE,9.47228032408637,1.91196168028124,9.50878186041172,496.660596331558,132.711262047797,188.82973053439,0.664945077860758,5,0.145887063408161,0.445082476870901,0.0686255321696414,0.329917265441647,0,0.0104876621096505,"Other Atlas 3 cells","Cropland"
"FF12_3","FF12",0.0924504210998003,0.743037309511298,490,FALSE,9.63143864583562,2.31116042126097,9.49800772794148,479.943736520322,119.907740030234,178.955896769963,0.685963261752205,5,0.0205566038484113,0.363717252961874,0.109596015251831,0.381370724545759,0.124759403392124,0,"Other Atlas 3 cells","Forest"
"CG47_3","CG47",0.0923560157064424,0.742511823436679,491,FALSE,9.62190780276809,1.97070206908452,9.60162284800986,674.725286635342,179.777864412842,237.613976210876,0.0793042445545927,3,0.0395498107102193,0.958707947888092,0.00121669176620089,0.000525549635487944,0,0,"Other Atlas 3 cells","Cropland"
"CH06_3","CH06",0.0923532634808953,0.74198633736206,492,FALSE,10.0376471744323,2.22857046176186,10.037772702718,694.034120406696,164.46118876178,248.340481631311,0.640624603041748,5,0.0169888869047523,0.534494887218034,0.113382733727239,0.206620171614099,0.128513320535876,0,"Other Atlas 3 cells","Cropland"
"GF19_3","GF19",0.0923460985958007,0.741460851287441,493,FALSE,9.28820631204606,1.36597296246953,9.40179742232182,521.478925766511,125.189624908978,198.623255171059,0.645016451966805,4,0.344351057142443,0.45351580117509,0,0.172831506845459,0.0293016348370081,0,"Other Atlas 3 cells","Cropland"
"BE06_3","BE06",0.0922959548319577,0.740935365212822,494,FALSE,9.90215153630294,3.05194235109769,9.56660717757408,617.17228471216,165.150578338024,202.651291142184,0.397867986236978,4,0.0559839092217922,0.755320922686733,0.141053651074483,0,0,0.047641517016992,"Other Atlas 3 cells","Cropland"
"BC82_3","BC82",0.0921816549551076,0.740409879138203,495,FALSE,9.76459501007959,2.92641338461534,9.52494407140548,586.787945715658,170.454274115792,206.283757729672,0.573667153220979,6,0.0620765097260102,0.0056433190659963,0.146128006602209,0.0323305590880345,0.0712826117981118,0.682538993719638,"Other Atlas 3 cells","Fresh/saltwater"
"DD52_3","DD52",0.092140193360578,0.739884393063584,496,FALSE,9.59375409032057,1.94757741145288,9.70362626349388,500.479840505166,136.471319282184,189.327526934244,0.446747806451442,6,0.0247136931236126,0.725018472470023,0.129133632864143,0,0.021929640526587,0.0992045610156343,"Other Atlas 3 cells","Cropland"
"DG33_3","DG33",0.0919044655322575,0.739358906988965,497,FALSE,9.86701635236152,2.44118248798302,9.77184000232317,563.851965213711,147.417162427401,205.307201426305,0.526507187064252,6,0.0243546676558291,0.670032143398639,0,0.0835865343086003,0.0923369172969577,0.129689737339973,"Other Atlas 3 cells","Cropland"
"BD75_3","BD75",0.0918830374440003,0.738833420914346,498,FALSE,9.69098654613444,2.59081175480231,9.52816593543019,606.600438006662,172.551978129011,215.198537280296,0.700663325904048,7,0.246093942207738,0.456112936218944,0.0193213583493416,0.0350921967278904,0.151992970584754,0.0913865959113321,"Other Atlas 3 cells","Cropland"
"CG84_3","CG84",0.0918333561117128,0.738307934839727,499,FALSE,9.86186721944325,2.24665192792184,9.84701379922936,605.016859888261,161.747815102655,217.24718943888,0.616039960328837,7,0.129214958699762,0.587286038096236,0.034662210202876,0.0179842045129167,0.107350484703613,0.123502103784597,"Other Atlas 3 cells","Cropland"
"HA23_3","HA23",0.0917251601470438,0.737782448765108,500,FALSE,9.37873538273893,2.39988847165062,8.85756579218508,487.209283466187,118.800336379555,160.056992614727,0.363039878089487,3,0.0863237185539341,0.779771393496264,0,0,0.133904887949802,0,"Other Atlas 3 cells","Cropland"
"CG58_3","CG58",0.0916484462708527,0.737256962690489,501,FALSE,9.56963809173189,1.95377615143123,9.55114964962941,667.223939312159,179.575372678218,235.104911077906,0.501578361956545,4,0.0434928016217484,0.675432385020578,0,0.120722237171352,0.160352576186321,0,"Other Atlas 3 cells","Cropland"
"DH16_3","DH16",0.0916252799781263,0.73673147661587,502,FALSE,10.0175136844983,2.24696764316011,10.0470495127438,597.683278047129,150.723190198014,221.310045272748,0.61072483494598,7,0.0487093366025676,0.287728738524271,0.0487093366025676,0.0258951217349381,0.0243546683012838,0.564602798234372,"Other Atlas 3 cells","Fresh/saltwater"
"BH68_3","BH68",0.091552541690296,0.736205990541251,503,FALSE,10.1527009498391,2.76764476607955,9.95029941624483,651.807605269483,156.218004399324,225.462210550143,0.251023596136754,3,0.0374520556894327,0.855328963814463,0.107218980496104,0,0,0,"Other Atlas 3 cells","Cropland"
"FG08_3","FG08",0.0914601690725897,0.735680504466632,504,FALSE,9.55163978866995,2.28449327532708,9.39578058960708,500.158126591547,124.68445560231,186.930469554099,0.644878025365697,4,0.315255148376248,0.190330604706593,0.00482240491437413,0.463051892967741,0.0265399490350429,0,"Other Atlas 3 cells","Forest"
"BF66_3","BF66",0.0914587723372078,0.735155018392013,505,FALSE,9.71374273426268,2.33894161672899,9.55544564338342,669.828390025743,180.225881877207,227.682998614814,0.192234470237403,2,0,0.892278937595811,0,0.107721062404189,0,0,"Other Atlas 3 cells","Cropland"
"BH58_3","BH58",0.0913664151182716,0.734629532317394,506,FALSE,10.1827477721881,2.89365819759223,9.93848409171993,649.287835811315,154.890069036258,223.934250775609,0.529689844404269,3,0,0.272963298799029,0.107090962576227,0,0,0.619945738624745,"Other Atlas 3 cells","Fresh/saltwater"
"CG69_3","CG69",0.0913405567164572,0.734104046242775,507,FALSE,9.6894785216861,2.09832792774727,9.66724677859568,608.164792101092,162.907274130901,217.11675075974,0.502195296118009,3,0.498888718109632,0.49890870857876,0,0,0,0.00220257331160792,"Other Atlas 3 cells","Cropland"
"BD00_3","BD00",0.0913273058580324,0.733578560168156,508,FALSE,9.88331316167388,3.10171905667451,9.53896449071347,617.312619390676,167.572864982991,202.148711337698,0.672354210565275,6,0.0143047711355446,0.464767750867215,0.302873228816952,0.0443363798280038,0.100653864859381,0.073064004492903,"Other Atlas 3 cells","Cropland"
"CH97_3","CH97",0.0912844915699355,0.733053074093536,509,FALSE,9.89571196847069,2.07539934914159,9.94110270884405,629.071464121225,160.582778585315,230.336596923541,0.550650881512937,6,0.211876972939219,0.62938033503599,0.0547980036924682,0.00295057534867742,0,0.100994112983644,"Other Atlas 3 cells","Cropland"
"BE89_3","BE89",0.0912580699012111,0.732527588018917,510,FALSE,9.50521698700847,2.05956114862745,9.4456158199842,651.973984236589,184.613611663799,230.114589199618,0.627945181689798,4,0.117706488242423,0.341938285231685,0,0.488450750194326,0.0519044763315656,0,"Other Atlas 3 cells","Forest"
"BF31_3","BF31",0.0911814674422938,0.732002101944298,511,FALSE,9.99131489292262,3.02321837757796,9.65274553833834,633.06042623497,163.20547529547,212.623819998453,0.507762437245062,4,0.0607856907201706,0.668360247271999,0,0.186202423528496,0.0846516384793344,0,"Other Atlas 3 cells","Cropland"
"DE16_3","DE16",0.0911586324697923,0.73147661586968,512,FALSE,9.14072820287954,1.35399489348685,9.26490805917061,559.509858394154,153.612038520962,207.153860658361,0.602924854442267,5,0.0258951217370017,0.476478446392329,0.0123798809718281,0.402805598558812,0.0824409523400295,0,"Other Atlas 3 cells","Cropland"
"BE98_3","BE98",0.0908282626730091,0.73095112979506,513,FALSE,9.49776779306536,1.95694983748427,9.47280931594991,633.392915772664,178.462851427544,225.446502886145,0.702083390643002,5,0.164075440642816,0.311447262752232,0.0157435789741488,0.402592467687183,0.10614124994362,0,"Other Atlas 3 cells","Forest"
"DG07_3","DG07",0.0907892008944243,0.730425643720441,514,FALSE,9.86978219936713,2.3985429398587,9.82043268415379,579.447679105377,153.571646235723,210.05639451223,0.732394170936487,7,0.0487093339756559,0.3273092103439,0.0243546669878279,0.0279444267098239,0.167665203377578,0.404017158605214,"Other Atlas 3 cells","Fresh/saltwater"
"CE38_3","CE38",0.0904963707384772,0.729900157645822,515,FALSE,9.25612964140117,1.52538757233575,9.3299231100027,618.959802752826,173.208560671788,225.54272550986,0.666537405935478,5,0.149331778645309,0.296582595167393,0.0487093352279046,0.46778467182317,0.0375916191362237,0,"Other Atlas 3 cells","Forest"
"EE07_3","EE07",0.0904864830406427,0.729374671571203,516,FALSE,9.5593248123226,2.11212982313538,9.54675874476129,464.566468783721,120.98609651094,178.360405750973,0.141109686853936,2,0,0,0,0.923609674786863,0,0.0763903252131369,"Other Atlas 3 cells","Forest"
"CF32_3","CF32",0.0904638146733489,0.728849185496584,517,FALSE,9.43782387913728,1.79312939444629,9.41556968131427,683.685960436264,186.943875774285,236.972509757441,0.740368597750386,5,0.136774651909757,0.298967510454693,0.0193380783324584,0.309200805225356,0.235718954077736,0,"Other Atlas 3 cells","Forest"
"CC90_3","CC90",0.0904190075420361,0.728323699421965,518,FALSE,9.28708131389294,1.75067666426774,9.35029873553716,545.55494566052,149.699971299633,207.02911563119,0.294547056471049,4,0.0758269676172479,0.831625358255021,0.00257062193668813,0.0899770521910428,0,0,"Other Atlas 3 cells","Cropland"
"CH38_3","CH38",0.0903054961365996,0.727798213347346,519,FALSE,9.83573106943828,1.96637289523014,9.87391782478449,730.655496990352,185.335550962156,258.92695410894,0.477127829496748,4,0.132754764937251,0.700297506964355,0.0852413366470355,0,0.0817063914513593,0,"Other Atlas 3 cells","Cropland"
"DD36_3","DD36",0.0902129644208836,0.727272727272727,520,FALSE,9.46842382657762,1.83808028566574,9.57462390181303,510.550351846881,138.070119243973,195.238977210264,0.754594837304103,6,0.0371359952466644,0.264417842203257,0.350116133576972,0.0912450748031263,0.0578094951807218,0.199275458989259,"Other Atlas 3 cells","Pasture"
"DB43_3","DB43",0.0901063340496656,0.726747241198108,521,FALSE,9.5216093593557,2.46043694068657,9.43687706749621,501.310218799683,141.889381301669,179.469719777507,0.252983821822111,3,0,0.855759287006258,0.0121773341844087,0.018266001276613,0.11379737753272,0,"Other Atlas 3 cells","Cropland"
"FE71_3","FE71",0.0900831038880793,0.726221755123489,522,FALSE,9.56478726491805,1.88147036791874,9.62074452745786,480.934592444154,113.260173178088,181.35581340231,0.759042171258914,7,0.32561603896022,0.0678651825518521,0.146127991305803,0.13905019313951,0.010698450756363,0.310642143286251,"Other Atlas 3 cells","Urban"
"CC16_3","CC16",0.0898240176532289,0.72569626904887,523,FALSE,9.7242119571825,2.85378642069845,9.51090318949201,574.410063885568,163.86556821186,205.453992955924,0.727514172157844,7,0.00720068605015392,0.0519867331973767,0.198984396178966,0.344059242026756,0.0487093354948025,0.349059607051945,"Other Atlas 3 cells","Fresh/saltwater"
"CF29_3","CF29",0.0895386328811866,0.725170782974251,524,FALSE,9.36744014160299,1.63862927269394,9.3898962207431,668.350977031114,187.691292811719,230.854359090957,0.667551052281797,5,0.0834950128696341,0.516018566214989,0.0975452707120695,0.13478948915173,0.168151661051577,0,"Other Atlas 3 cells","Cropland"
"DE07_3","DE07",0.089506854806816,0.724645296899632,525,FALSE,9.20402753232658,1.3750617295423,9.33357651512051,568.357071764722,156.620694070338,208.947295585547,0.604919194430419,4,0.123908973448058,0.556718600415684,0.062752218691152,0.256620207445106,0,0,"Other Atlas 3 cells","Cropland"
"DF18_3","DF18",0.089503005812238,0.724119810825013,526,FALSE,9.58961324797219,1.94587724409716,9.62361003943849,578.280478408253,158.59048928763,209.54864852262,0.775303934923981,7,0.24508713644812,0.22856637297639,0.024354668301182,0.0640167563569292,0.048709336602364,0.389265729315015,"Other Atlas 3 cells","Fresh/saltwater"
"BE11_3","BE11",0.0894815674046615,0.723594324750394,527,FALSE,9.95290816003603,3.01821388290062,9.63426427045241,615.308314907583,163.922224557118,204.413053639592,0.588587672085284,3,0,0.357986481742367,0.125622801045002,0,0,0.51639071721263,"Other Atlas 3 cells","Fresh/saltwater"
"DE97_3","DE97",0.0894695341857631,0.723068838675775,528,FALSE,9.46893044560207,1.96635645992497,9.47447644513539,497.253899948232,129.814914368856,191.033562795273,0.541703716861377,3,0.0819280001632875,0.582191890966719,0,0.335613154042424,0.00026695482757024,0,"Other Atlas 3 cells","Cropland"
"CB93_3","CB93",0.0894046488535223,0.722543352601156,529,FALSE,9.56411685090998,2.48894205889139,9.46517848230174,551.843522566405,155.596989332041,194.613019514202,0.769455749071272,7,0.0492149749401575,0.355362975691953,0.181849838863922,0.0107419881438339,0.120328860814232,0.282501361545902,"Other Atlas 3 cells","Cropland"
"BG83_3","BG83",0.0893376644389973,0.722017866526537,530,FALSE,9.92894692966642,2.43031914770984,9.80107881963619,692.316253463314,173.692978911682,241.814073971972,0.517857908745995,4,0.0445940249724799,0.654191381097311,0,0.208123327459065,0.0930912664711442,0,"Other Atlas 3 cells","Cropland"
"BF53_3","BF53",0.0891438689739503,0.721492380451918,531,FALSE,9.87924880838443,2.65678390325373,9.64818534157668,660.147044768671,172.897296672495,224.101641461317,0.650903260145941,5,0.114534447991229,0.538253341219794,0.0605863533086332,0.124551250359181,0.162074607121162,0,"Other Atlas 3 cells","Cropland"
"DC15_3","DC15",0.0885528577869293,0.720966894377299,532,FALSE,9.63825636753549,2.27195521061641,9.65332872222602,522.333525244626,143.736019837231,196.446286587511,0.59298085227493,7,0.608949733790581,0.0950326477027885,0.048752657524015,0.0487093366020738,0.0121773341505185,0.186378290230024,"Other Atlas 3 cells","Urban"
"DG87_3","DG87",0.0885350346211464,0.72044140830268,533,FALSE,9.82853712141936,2.60163216385981,9.66556622166498,503.41504491778,129.740123693085,187.889535165226,0.371224193061642,3,0.77213421603485,0.173067781301,0.00608866696268338,0,0.0487093357014671,0,"Other Atlas 3 cells","Urban"
"DB42_3","DB42",0.0884329656256159,0.719915922228061,534,FALSE,9.36321362936785,2.29138548698871,9.2830171472577,528.868571138888,149.494410946282,190.573132215443,0.507660006206669,4,0,0.663346034239935,0.021877591826276,0.177989463087569,0.13678691084622,0,"Other Atlas 3 cells","Cropland"
"DG92_3","DG92",0.088383971588075,0.719390436153442,535,FALSE,9.56431853606064,2.34934474337068,9.38995190215571,544.983852016056,140.70622750973,200.609877999331,0.394485430641141,3,0.161876328314957,0.756763611948835,0,0.0813600597362074,0,0,"Other Atlas 3 cells","Cropland"
"GG37_3","GG37",0.0883501280404879,0.718864950078823,536,FALSE,9.5676332454593,1.96124197944834,9.46168761326053,475.113125076126,114.076833875118,182.041978664147,0.475529175493899,4,0.0676622928558837,0.685381763656503,0,0,0,0.246955943487613,"Other Atlas 3 cells","Cropland"
"CE12_3","CE12",0.0882328831786777,0.718339464004204,537,FALSE,9.381010323395,1.67916669338139,9.40527634435635,666.647659630118,187.65234983109,232.30582540012,0.33670328478514,4,0.0148470402590281,0.804065822020603,0,0.0816509105157824,0.0994362272045859,0,"Other Atlas 3 cells","Cropland"
"CF23_3","CF23",0.0881170551749583,0.717813977929585,538,FALSE,9.38168828535714,1.72655938967556,9.35510942869555,699.596592216689,191.644839999499,241.763961329217,0.677390348887018,4,0,0.352298011551103,0.0608866692806262,0.395287179166603,0.191528140001668,0,"Other Atlas 3 cells","Forest"
"FH34_3","FH34",0.0881143410809069,0.717288491854966,539,FALSE,9.96477997331888,2.46808616491479,9.85652984786735,497.027342947374,118.146607301728,192.881495700808,0.313926287260732,3,0.118652833351543,0.817242835784707,0,0.0641043308637491,0,0,"Other Atlas 3 cells","Cropland"
"CC85_3","CC85",0.0881095825626663,0.716763005780347,540,FALSE,9.67694667451971,2.32854487921729,9.66865469944739,540.593656679894,150.442062623812,201.299382289992,0.570780388758474,4,0.257637981804821,0.59003139101345,0.0183883390774693,0,0.0183883390774693,0.11555394902679,"Other Atlas 3 cells","Cropland"
"DG78_3","DG78",0.0880411430217696,0.716237519705728,541,FALSE,9.86163385192521,2.60352612155222,9.71988610235978,496.689520759253,128.399526951113,185.665828483615,0.127263261204501,4,0.933162088075603,0.0312659102181622,0.0307284770345744,0,0,0.00484352467166033,"Other Atlas 3 cells","Urban"
"BG50_3","BG50",0.087995126763049,0.715712033631109,542,FALSE,10.1489462613208,2.8910594812607,9.90132283994989,649.105433991511,156.235220833625,223.777751480238,0.576073527962568,3,0,0.461004777970087,0,0,0.0876920509825866,0.451303171047326,"Other Atlas 3 cells","Cropland"
"CD84_3","CD84",0.087905235637666,0.71518654755649,543,FALSE,9.4837402977871,1.7581911895385,9.58686051675313,535.042412542593,146.397686231747,202.456367320649,0.718836521194969,5,0.1525836875291,0.318616293684289,0.0243546675752533,0.371679045238828,0.13276630597253,0,"Other Atlas 3 cells","Forest"
"EH16_3","EH16",0.0877322676457009,0.714661061481871,544,FALSE,10.0437172342676,2.6854357205305,9.92585970013973,495.003392294443,122.384613755409,186.847488835204,0.482127484852406,4,0.0475930621952829,0.25863168550831,0,0,0,0.693775252296407,"Other Atlas 3 cells","Fresh/saltwater"
"GG25_3","GG25",0.0877158714344261,0.714135575407252,545,FALSE,9.70897708300268,2.16684358698117,9.58095240026596,489.483457601433,119.833039951071,184.330453550641,0.583178560557826,3,0.0974186614822852,0.452791921562584,0,0,0,0.44978941695513,"Other Atlas 3 cells","Cropland"
"DF02_3","DF02",0.0875411226835676,0.713610089332633,546,FALSE,9.69643169946494,2.19465113094979,9.66421212923818,575.746196226508,155.444352223048,208.72483588414,0.506887831220641,4,0.0514091965486412,0,0,0.287534610941898,0.022879379393664,0.638176813115796,"Other Atlas 3 cells","Fresh/saltwater"
"DB75_3","DB75",0.087537219921768,0.713084603258014,547,FALSE,9.68435053628946,2.64629725336715,9.58423434799869,483.823935788235,136.514276005232,172.771020744651,0.569799679065572,5,0.0792620376589478,0.0730640004709311,0.159742136698677,0.0642903381455796,0,0.623641487025865,"Other Atlas 3 cells","Fresh/saltwater"
"CE44_3","CE44",0.0874244598894738,0.712559117183395,548,FALSE,9.09163662927602,1.29401916817493,9.16698457934407,635.068585149629,178.410170927195,226.548137991917,0.663578087606016,5,0.136065637849683,0.270416790559149,0.0979442219539385,0.484844970312295,0.0107283793249348,0,"Other Atlas 3 cells","Forest"
"BH88_3","BH88",0.0872781805942945,0.712033631108776,549,FALSE,10.0441888969517,2.45698800939183,9.94604351287417,678.807302685413,163.892515224091,238.017591041952,0.376480776920346,4,0.0487093355349522,0.778523270403986,0,0.094253097438238,0.0785142966228234,0,"Other Atlas 3 cells","Cropland"
"DC02_3","DC02",0.087040842929197,0.711508145034157,550,FALSE,9.47169345370835,1.97892246148044,9.52233973466566,512.038943094545,140.528824080812,194.094348581245,0.667115439321538,5,0.489537156583014,0.218827845120571,0.0121773334943247,0.185481310694783,0.0939763541073068,0,"Other Atlas 3 cells","Urban"
"FH87_3","FH87",0.0868540461407878,0.710982658959538,551,FALSE,9.90411920064154,2.42295169114958,9.75700915126052,493.508495756524,119.733445375981,188.893493693621,0.532959668217218,3,0.0735204694193999,0.590622872621508,0,0,0,0.335856657959092,"Other Atlas 3 cells","Cropland"
"GE00_3","GE00",0.0867980863656237,0.710457172884918,552,FALSE,9.42570001724238,1.53375596581865,9.54003151248226,509.537160673024,121.706635036558,193.592078562213,0.688664087265885,4,0.340792076156576,0.369789992627551,0,0.0541796316536871,0.235238299562186,0,"Other Atlas 3 cells","Cropland"
"HA17_3","HA17",0.0867209015293034,0.7099316868103,553,FALSE,9.20513513322809,2.18756175163103,8.72579783924212,473.481407360228,114.691138719536,160.025833223787,0.788537236425578,5,0.13166835450251,0.202671709911797,0.0182052806118292,0.296377600243201,0.198108744913274,0.152968309817389,"Other Atlas 3 cells","Forest"
"BD21_3","BD21",0.0866915703403919,0.70940620073568,554,FALSE,9.69091200284828,2.76492258146002,9.42280217069296,649.427488715082,180.524535172173,217.004577966036,0.320490096795316,4,0,0.0752007110866953,0.048709334938827,0.817330722315913,0.0587592316585644,0,"Other Atlas 3 cells","Forest"
"FF94_3","FF94",0.0865665876799461,0.708880714661062,555,FALSE,9.45296410673726,1.70799325175174,9.46813048998374,500.268387333521,120.963933173132,189.231853718057,0.575257380987699,5,0.523081635735433,0.382085015575637,0.00723775799043886,0,0.0163813672393039,0.00568875450183019,"Other Atlas 3 cells","Urban"
"CF50_3","CF50",0.0864453830713776,0.708355228586443,556,FALSE,9.61262407083212,2.00768537274936,9.59051990351306,657.72345856152,178.314209168079,231.500054287678,0.642621150298745,5,0.548511457228574,0.111711009231276,0.132684408189262,0.1345546731284,0.0725384522224872,0,"Other Atlas 3 cells","Urban"
"DH28_3","DH28",0.0864074601797745,0.707829742511823,557,FALSE,9.81448557871193,2.16953067892971,9.79232351251925,591.246386365779,149.92024484891,219.081178915537,0.632266028538056,5,0.191671764718052,0.547579157962343,0,0.0585323754572235,0.0410383604359778,0.161178341426404,"Other Atlas 3 cells","Cropland"
"CD99_3","CD99",0.0860652857449811,0.707304256437204,558,FALSE,9.25847574134585,1.68809494969537,9.33379201929255,550.286994177168,150.319815748039,209.457823977439,0.529152610558247,5,0.0243546683075781,0.381792779302311,0.00037995340995964,0.569117930672573,0.0243546683075781,0,"Other Atlas 3 cells","Forest"
"CD98_3","CD98",0.085958221539994,0.706778770362585,559,FALSE,9.21668362045504,1.59815383491591,9.30109647068995,555.891743206659,151.803362283647,211.971878822905,0.452555623783213,3,0,0.293334117855714,0,0.67757550072658,0.0290903814177063,0,"Other Atlas 3 cells","Forest"
"EH15_3","EH15",0.0859357698831561,0.706253284287966,560,FALSE,10.0122418983702,2.5834964712068,9.90727677818757,512.525487192172,126.056767324135,193.662443216082,0.553696883276683,6,0.0818535836854018,0.639165915864979,0.101969081732909,0,0.00227520222844888,0.174736216488261,"Other Atlas 3 cells","Cropland"
"FH18_3","FH18",0.085851098423205,0.705727798213347,561,FALSE,9.9708343309042,2.58651471236605,9.82914817470251,490.706000027653,118.867544446883,187.134920767114,0.571913283776259,3,0,0.321603871512042,0,0,0,0.678396128487959,"Other Atlas 3 cells","Fresh/saltwater"
"DC07_3","DC07",0.0858015360089183,0.705202312138728,562,FALSE,9.65838503176868,2.36702186926394,9.6493839239241,522.694463399353,145.644564061662,193.120734198517,0.623298498200631,4,0,0.527244734789017,0.276946711277538,0.134436277450251,0.0613722764831951,0,"Other Atlas 3 cells","Cropland"
"CH49_3","CH49",0.0857564170539613,0.704676826064109,563,FALSE,9.69225486532952,1.85111375499583,9.72080373487242,737.591122259418,190.810905874854,261.62254150704,0.509587588821411,4,0.0556898919382859,0.65260282291137,0,0.242997948990193,0.0487093361601519,0,"Other Atlas 3 cells","Cropland"
"CG52_3","CG52",0.0856973746904706,0.70415133998949,564,FALSE,9.66095019013982,1.90517922688971,9.66364798514945,673.486062983667,178.230701227446,239.702510225383,0.406233973006176,4,0.12844715115305,0.753219445550631,0,0.0974186691207283,0,0.0209147341755903,"Other Atlas 3 cells","Cropland"
"BG60_3","BG60",0.0856713707742795,0.703625853914871,565,FALSE,10.1275955734731,2.77668062087941,9.92037042501925,641.430153325366,155.145915287061,222.893828892735,0.20085074823923,2,0,0.886227382764815,0,0,0.113772617235185,0,"Other Atlas 3 cells","Cropland"
"CE51_3","CE51",0.0855711753910852,0.703100367840252,566,FALSE,9.11934072587061,1.36091635720782,9.18254770759206,647.468799028397,182.692152353812,227.936579157801,0.204664853736724,3,0,0.0830654425737385,0,0.887449089057146,0.0294854683691152,0,"Other Atlas 3 cells","Forest"
"FF89_3","FF89",0.085526720636715,0.702574881765633,567,FALSE,9.55216737244768,1.80349445442554,9.61440280808201,491.661000819895,117.399798108579,185.710441842534,0.652332384438865,4,0.263410328638342,0.488141988323825,0.05852717332715,0,0.00372916627434323,0.18619134343634,"Other Atlas 3 cells","Cropland"
"DB64_3","DB64",0.0855052572082257,0.702049395691014,568,FALSE,9.55859936231604,2.52091561260313,9.4643334080884,477.775584376653,135.331722042885,170.754668929686,0.727628118914945,5,0.047384771182355,0.258332890822016,0.20007653570553,0.373890841006219,0.120314961283879,0,"Other Atlas 3 cells","Forest"
"GF06_3","GF06",0.0854741566255424,0.701523909616395,569,FALSE,9.53487685076999,1.72170667607351,9.59861389099457,499.045810190483,121.077488677866,188.559483653299,0.694573843168916,5,0.225377800512329,0.430146708935613,0.212726653413669,0.0213873745381254,0.110361462600264,0,"Other Atlas 3 cells","Cropland"
"BG72_3","BG72",0.0853840134984045,0.700998423541776,570,FALSE,10.0055623715646,2.58343670112832,9.84170704559408,685.535794522139,169.898517161231,238.224244755664,0.344111095711384,4,0.0988895176941376,0.800662394337378,0,0.0517387526214163,0.0487093353470682,0,"Other Atlas 3 cells","Cropland"
"CH17_3","CH17",0.085376006462563,0.700472937467157,571,FALSE,9.96419676318566,2.14531681225231,9.97474538407286,717.401564991701,174.750346079949,255.264842784621,0.34228703625095,5,0.0487093354948099,0.800758782545278,0.0156107869212596,0.0194394421546533,0.115481652884,0,"Other Atlas 3 cells","Cropland"
"DB89_3","DB89",0.0852555969386855,0.699947451392538,572,FALSE,9.62984293749077,2.58240790603351,9.53594197020717,505.963479366304,139.387850391923,178.280841523743,0.677433454152651,5,0.116258270919858,0,0.146459384405364,0.236438113746269,0.0203745193794434,0.480469711549066,"Other Atlas 3 cells","Fresh/saltwater"
"EH49_3","EH49",0.085156271560297,0.699421965317919,573,FALSE,10.0081157755224,2.77610844687406,9.84977596842382,478.738551261649,118.780893468073,181.157765166174,0.469626519912561,5,0.0487093359827797,0.183023034009336,0.0655312586162103,0,0.00259182468252216,0.700144546709152,"Other Atlas 3 cells","Fresh/saltwater"
"DF10_3","DF10",0.0851448661717169,0.6988964792433,574,FALSE,9.73060632708629,2.30152857269264,9.66202963360162,552.756150934116,146.302331926791,202.193020834558,0.633226666672586,4,0.218618005981276,0.154496150774596,0,0,0.0913871741687873,0.535498669075341,"Other Atlas 3 cells","Fresh/saltwater"
"BF38_3","BF38",0.0851260699542637,0.698370993168681,575,FALSE,9.83133501555606,2.7264419222325,9.57058758283635,652.61124185867,173.494807224615,220.194967286615,0.788728040587773,5,0.132569367818563,0.260473987067313,0.174674076401745,0.247007784130069,0.18527478458231,0,"Other Atlas 3 cells","Cropland"
"DF16_3","DF16",0.0850569767587305,0.697845507094062,576,FALSE,9.48212933178745,1.91729313465612,9.48242188506489,545.124998278782,147.666818066426,198.669346999751,0.193448348716979,3,0.0487093366010861,0.894854932477825,0,0.0564357309210892,0,0,"Other Atlas 3 cells","Cropland"
"DB44_3","DB44",0.0850050309277336,0.697320021019443,577,FALSE,9.5312374696053,2.48685694419579,9.43452258905895,499.4450082748,142.789667258336,176.484923991307,0.496269980183482,4,0.124198368283288,0.677985316017679,0,0.0318614528668199,0.165954862832213,0,"Other Atlas 3 cells","Cropland"
"CH68_3","CH68",0.0849180953463061,0.696794534944824,578,FALSE,9.72718100541585,1.8721978362282,9.7751684916635,690.831743902587,178.469983027069,247.740293782517,0.236084409740212,4,0.024354667966209,0.870513117768455,0,0.0513493567634704,0.0537828575018658,0,"Other Atlas 3 cells","Cropland"
"CF03_3","CF03",0.0847414673037298,0.696269048870205,579,FALSE,9.47998135505254,1.86750953943949,9.42872531307409,714.16193227175,192.597650327655,245.274350996473,0.702933102267491,5,0.0414460457224202,0.12158456683394,0.128083652928105,0.434759122421544,0.274126612093991,0,"Other Atlas 3 cells","Forest"
"EG24_3","EG24",0.0846529665091662,0.695743562795586,580,FALSE,9.78930086937913,2.64349350100843,9.59305781656092,475.241642067269,121.055793469583,179.045873912865,0.332607029691418,4,0.12759628194425,0.804707296560772,0,0.0590168744270144,0,0.00867954706796329,"Other Atlas 3 cells","Cropland"
"DG82_3","DG82",0.0846344103616164,0.695218076720967,581,FALSE,9.64421857710137,2.40028016635524,9.4818941308613,534.607270674782,137.659558865798,197.24521585073,0.53794649471889,4,0.040843527543532,0.518867101010496,0,0.437202888523344,0.00308648292262883,0,"Other Atlas 3 cells","Cropland"
"DG63_3","DG63",0.084632745503342,0.694692590646348,582,FALSE,9.74894055895617,2.43073944269279,9.60821656018028,503.461033780452,129.246471794748,186.409708849175,0.362104543401178,4,0.172671616244572,0.778852525233765,0,0.0302098569575151,0.0182660015641479,0,"Other Atlas 3 cells","Cropland"
"DD19_3","DD19",0.0845693604349225,0.694167104571729,583,FALSE,9.31663332287984,1.74309435819,9.40491705695923,516.487139607348,141.210609523509,196.493632156238,0.694991814007072,6,0.0487093365991107,0.30450605105137,0.0487093365991107,0.439402405132687,0.10996353401861,0.0487093365991107,"Other Atlas 3 cells","Forest"
"FF93_3","FF93",0.084555048686094,0.69364161849711,584,FALSE,9.37087805825561,1.63481205187338,9.37419112054788,522.073959184082,128.43983781388,195.068428580374,0.673820297120779,5,0.380232016914257,0.391548539433838,0.00352283220081405,0,0.112565690426249,0,"Other Atlas 3 cells","Cropland"
"FE92_3","FE92",0.0845173267947157,0.693116132422491,585,FALSE,9.41769700076375,1.57719085624037,9.53738073452494,508.325189501252,120.871110978441,192.236438920132,0.587803462343508,6,0.394014899804804,0.502808329981306,0.0036543646936484,0.0166786176661038,0.0271127634829267,0.0557310243712106,"Other Atlas 3 cells","Cropland"
"FF18_3","FF18",0.0844923241442357,0.692590646347872,586,FALSE,9.64140037979063,2.3768083446566,9.5291677548846,453.593454304218,107.727626174401,171.065072085916,0.753336069581358,6,0.0494925377598347,0.184558354297467,0.017303851812117,0.357861718213894,0.143277407879755,0.247506130036932,"Other Atlas 3 cells","Forest"
"CG49_3","CG49",0.0844254713251472,0.692065160273253,587,FALSE,9.5322594337707,1.89808315041895,9.51295630620158,703.225891669429,189.352057458333,246.094136552716,0.332425709475263,4,0.044315211572513,0.803247189679443,0,0.141627155313571,0.0108104434344729,0,"Other Atlas 3 cells","Cropland"
"DG91_3","DG91",0.0843705526063645,0.691539674198634,588,FALSE,9.59449301278109,2.35262269921971,9.43037766308957,555.207273045707,143.169318354674,204.281461940743,0.601326282144425,4,0.150243320197575,0.320197508576284,0,0.523002125468004,0.00655704575813707,0,"Other Atlas 3 cells","Forest"
"BE18_3","BE18",0.0842503048951149,0.691014188124015,589,FALSE,9.85293404312137,2.93128943073758,9.5621322385634,623.56074832734,169.198022090616,207.598440649969,0.620212829227812,5,0.0810416802387253,0.539652657373783,0.252165261554811,0,0.0187958096061584,0.108344591226522,"Other Atlas 3 cells","Cropland"
"CG28_3","CG28",0.0842357518754634,0.690488702049396,590,FALSE,9.68213307569204,2.02592700865615,9.64123579171944,677.502151712765,179.267181333851,237.610962353574,0.126750195368673,2,0,0.93200104434557,0,0,0.0679989556544298,0,"Other Atlas 3 cells","Cropland"
"DD16_3","DD16",0.084215885677937,0.689963215974777,591,FALSE,9.37396366220378,1.68735164943854,9.48028588596356,516.125494523667,141.704176375674,195.492044750461,0.386134952382537,5,0.0487093365987598,0.774221073811864,0,0.0776140849545171,0.0275882767630682,0.071867227871791,"Other Atlas 3 cells","Cropland"
"AF94_3","AF94",0.0842009683055638,0.689437729900158,592,FALSE,10.1280877085296,3.53240830396561,9.64792945355784,600.490412839805,153.163344080419,195.535244848208,0.588030193140901,3,0,0,0.105026819195053,0.462497868309541,0,0.432475312495405,"Other Atlas 3 cells","Forest"
"BF06_3","BF06",0.0841892974338967,0.688912243825539,593,FALSE,10.0584520877281,3.3341740083166,9.641947612291,594.541524582519,153.770952125044,195.365847210758,0.670557412382391,5,0.0228244461070029,0.30131250119937,0.248285733170736,0.415939621745308,0.0116376977775841,0,"Other Atlas 3 cells","Forest"
"CC96_3","CC96",0.084180028513909,0.68838675775092,594,FALSE,9.67465953941478,2.34141471007627,9.66911465193039,537.354072264018,149.512588577899,199.659396341914,0.55961298194437,5,0.262883331176778,0.598088489265591,0.103507340306797,0,0.028320153035037,0.00720068621579657,"Other Atlas 3 cells","Cropland"
"CD80_3","CD80",0.0841259609263838,0.687861271676301,595,FALSE,9.24833739267214,1.4223359985949,9.37433268076449,576.717682786042,158.82886783498,214.561344534716,0.558792609073952,5,0.0886727575155055,0.614821842505883,0.0183883390767711,0.229407725748871,0.0487093351529698,0,"Other Atlas 3 cells","Cropland"
"CD14_3","CD14",0.0841195345488888,0.687335785601682,596,FALSE,9.65454549486299,2.25427280870493,9.61574737297825,577.303679278444,161.544753205901,213.060445506897,0.708779421716412,4,0,0.352161499342997,0.229223046884474,0,0.0974186709897764,0.321196782782753,"Other Atlas 3 cells","Cropland"
"FF88_3","FF88",0.0840960356908214,0.686810299527063,597,FALSE,9.56287758989757,1.83051507481824,9.61819573571954,487.226989902874,117.065116860956,183.817256132626,0.658589778193461,4,0.433893017257467,0.179637504752979,0.020625503518921,0,0.020625503518921,0.345218470951712,"Other Atlas 3 cells","Urban"
"DH17_3","DH17",0.0839943980968295,0.686284813452444,598,FALSE,9.92580768266005,2.19614754705423,9.940636786504,609.164682064227,154.275989957401,224.846940424458,0.600908713882434,4,0.361784517877921,0.507550525032777,0.0974186731989238,0,0,0.0332462838903782,"Other Atlas 3 cells","Cropland"
"FG91_3","FG91",0.083954027469199,0.685759327377825,599,FALSE,9.72472360306616,2.23888538199592,9.57598794560586,487.667898117098,119.187612024611,184.499234135542,0.642164929723727,5,0,0.532773434563377,0,0.115956827306653,0.220517460621275,0.130752277508695,"Other Atlas 3 cells","Cropland"
"CC72_3","CC72",0.0839055549561397,0.685233841303205,600,FALSE,9.55222513373939,2.13624372044626,9.57105133206391,549.696020651662,151.755303800213,206.750758010872,0.722224298704185,6,0.229064190445768,0.411654548905737,0.00447474637541507,0.0487093351636795,0.0956372788378209,0.210459900271579,"Other Atlas 3 cells","Cropland"
"CC40_3","CC40",0.0838082853874068,0.684708355228586,601,FALSE,9.54763574332296,2.23058949617991,9.50948121567532,567.547408736576,157.821624921398,212.773952991384,0.288537711883941,5,0.000915746430753005,0.836577550579213,0.0532298955895371,0.0911945696911223,0.0180822377093751,0,"Other Atlas 3 cells","Cropland"
"CE22_3","CE22",0.0838042650532957,0.684182869153967,602,FALSE,9.25186814815755,1.51511242327217,9.28986375041842,679.617796185454,191.471758819628,238.20806442114,0.34518674817777,4,0,0.1052149014303,0.0243546677107127,0.798757069290409,0.0716733615685787,0,"Other Atlas 3 cells","Forest"
"CE68_3","CE68",0.0837746355940907,0.683657383079348,603,FALSE,9.32930657417979,1.51563454920371,9.44026796442724,568.86523357524,157.265424312166,209.5359186501,0.38424794701993,5,0.12152045897084,0.77178940467386,0.0203891807417354,0.0675051457734065,0.0187958098401587,0,"Other Atlas 3 cells","Cropland"
"CG04_3","CG04",0.083767324882968,0.683131897004729,604,FALSE,9.86622287104019,2.22590921709055,9.80025352511121,682.92765603226,174.776026223472,240.149127170148,0.137899568692728,3,0,0.92689408170307,0,0.0487093353781876,0.024396582918743,0,"Other Atlas 3 cells","Cropland"
"DG24_3","DG24",0.0836864072514653,0.68260641093011,605,FALSE,9.76071195156756,2.31859489461519,9.6777141096097,588.845583812986,154.901321742869,213.87304893965,0.47759854106165,5,0.146128003708734,0.697098926342896,0,0.0346622097899333,0.117818765473619,0.00429209468481759,"Other Atlas 3 cells","Cropland"
"DB54_3","DB54",0.0834789134841079,0.682080924855491,606,FALSE,9.46282959017192,2.41985463073883,9.3692439104257,521.801311662508,146.733880883074,186.764293316486,0.608755958013093,5,0.168057641402693,0.201137541683423,0.00849245030798958,0.564481392279199,0.0578309743266952,0,"Other Atlas 3 cells","Forest"
"CF40_3","CF40",0.083412152819792,0.681555438780872,607,FALSE,9.59833416217883,1.97765199748502,9.57775384194172,663.130930920241,180.116195317433,231.43141389862,0.622942370883629,4,0.139416873670544,0.552969720128477,0.00608866701992901,0.182218613868247,0.119306125312803,0,"Other Atlas 3 cells","Cropland"
"FF19_3","FF19",0.0834082778300451,0.681029952706253,608,FALSE,9.74620208380447,2.46389931518031,9.64247604808421,451.292911069546,106.079624937054,169.790002998462,0.493612632635547,5,0,0.00111850061078389,0.155920030315948,0.135745043774297,0.0268281528460174,0.680388272452954,"Other Atlas 3 cells","Fresh/saltwater"
"BG27_3","BG27",0.0834054404035764,0.680504466631634,609,FALSE,10.1738618526236,3.35776342224063,9.75794582736199,624.717337019001,157.808867568663,208.871732791414,0.600079610062606,4,0,0,0.234231281209519,0.2137978612556,0,0.551970857534881,"Other Atlas 3 cells","Fresh/saltwater"
"DE25_3","DE25",0.083334247473415,0.679978980557015,610,FALSE,9.33525933218466,1.57398766597002,9.44483595884034,541.91692637197,149.144710671681,199.991160110747,0.550268464449309,4,0.215070222791791,0.624969637389714,0,0.0730640018582203,0.0868961379602748,0,"Other Atlas 3 cells","Cropland"
"BG78_3","BG78",0.08328900893135,0.679453494482396,611,FALSE,9.9031413993553,2.52689436803847,9.72474832689347,683.309578294945,176.176388063034,235.057588975858,0.27725179538745,4,0.0487093353498414,0.842515021690981,0.0811999088323309,0,0.0275757341268464,0,"Other Atlas 3 cells","Cropland"
"DD26_3","DD26",0.0832811273633536,0.678928008407777,612,FALSE,9.51566325601025,1.84373442567698,9.62786447409035,500.996511146262,135.803774660586,190.803115692136,0.710941133606606,7,0.161859616354847,0.0990091983852485,0.00345803402503133,0.26945253514867,0.0182003194677045,0.448020296618498,"Other Atlas 3 cells","Fresh/saltwater"
"CC97_3","CC97",0.083267981073721,0.678402522333158,613,FALSE,9.65544484763996,2.370362028955,9.63419084626283,535.732379511115,149.171213219911,197.503324646307,0.676408365338376,5,0.105941786285174,0.445933057956678,0.312819656419168,0.0243546683084039,0.110950831030576,0,"Other Atlas 3 cells","Cropland"
"FG76_3","FG76",0.0832287862499686,0.677877036258539,614,FALSE,9.49941949121913,1.94789147313515,9.40334655659715,518.778208733092,128.275852700783,192.95167320912,0.522909910167234,4,0.21138968847319,0.648498278077861,0,0.101983918404843,0.0381281150441054,0,"Other Atlas 3 cells","Cropland"
"DB77_3","DB77",0.0832145094108238,0.67735155018392,615,FALSE,9.64195030671609,2.61903422050348,9.54035082291037,500.831017058113,140.70037969212,176.808729080555,0.43040574921184,4,0.00167319727593064,0,0.169984090441145,0.0998299528075899,0,0.728512759475335,"Other Atlas 3 cells","Fresh/saltwater"
"DD37_3","DD37",0.083163979275182,0.676826064109301,616,FALSE,9.483991068122,1.87295899732626,9.58264325253356,513.927950597933,139.793665912252,195.396438786701,0.779133059348195,7,0.299868115776978,0.277732700512667,0.0122044258664345,0.177493622511539,0.0780636848698294,0.154637450462553,"Other Atlas 3 cells","Urban"
"FF20_3","FF20",0.0831448988649341,0.676300578034682,617,FALSE,9.60048989835713,2.22221429287685,9.48332723523914,488.395205294262,122.173542946546,181.967686363979,0.577803520698294,5,0.0235714676927986,0.609329145621326,0.072489986900848,0.176516941223559,0.118092458561469,0,"Other Atlas 3 cells","Cropland"
"BH59_3","BH59",0.0831337128382695,0.675775091960063,618,FALSE,10.1484762902426,2.88385429829807,9.90143346989833,654.906839263141,156.857210899113,225.618938130906,0.645050012472335,6,0.0243546680098882,0.400390109645568,0.0329125559828053,0.0243546680098882,0.0883885649741803,0.42959943337767,"Other Atlas 3 cells","Fresh/saltwater"
"BC64_3","BC64",0.0829616768889238,0.675249605885444,619,FALSE,9.76270064366551,3.14054460906103,9.43704768371593,580.101600722637,168.681396061063,195.382233109916,0.50355680892527,5,0.0229735896390526,0.680137545379257,0.129747003516746,0.0584174481813552,0.108724413283589,0,"Other Atlas 3 cells","Cropland"
"DC57_3","DC57",0.0829502102224783,0.674724119810825,620,FALSE,9.43996366033078,2.25113183409757,9.40436245440495,543.96743483218,152.090230844952,201.347525332759,0.570410042855562,4,0.0919564105993425,0.613884948040459,0,0.154980853020626,0.139177788339573,0,"Other Atlas 3 cells","Cropland"
"FH89_3","FH89",0.08293791388685,0.674198633736206,621,FALSE,9.65908516119416,2.21238401710417,9.49874201069006,558.350249515546,138.145667908567,209.252790260835,0.635914643017235,6,0.0350284763844716,0.52370215188406,0.0115146022654673,0.092927614082201,0.034543806796402,0.302283348587399,"Other Atlas 3 cells","Cropland"
"DD48_3","DD48",0.0829113662613509,0.673673147661587,622,FALSE,9.58342716735352,2.05112552922911,9.67197980441092,497.749869559869,135.119236387663,189.461415697313,0.568950778672143,5,0.0936721184512757,0.62174628413922,0.0202861227327071,0.125083533610013,0.139211941066785,0,"Other Atlas 3 cells","Cropland"
"GF13_3","GF13",0.08289807761756,0.673147661586968,623,FALSE,9.57680978756589,1.79180630008694,9.59114926561714,483.343335096537,118.91315804471,182.078690067736,0.454515547457908,2,0.650805259427667,0.349194740572334,0,0,0,0,"Other Atlas 3 cells","Urban"
"CD48_3","CD48",0.0827861675337954,0.672622175512349,624,FALSE,9.53742340878025,2.1200514778197,9.52968920973258,555.548470000392,154.065030505305,209.061235486124,0.234081961558876,2,0.135364539271669,0.864635460728331,0,0,0,0,"Other Atlas 3 cells","Cropland"
"FG77_3","FG77",0.0827717220185743,0.67209668943773,625,FALSE,9.53798134571138,1.96577731212389,9.45658333765485,521.676342354287,130.315660164346,192.855466812653,0.324817927322728,3,0.116885726850038,0.810050277498539,0,0.0730639956514234,0,0,"Other Atlas 3 cells","Cropland"
"FG70_3","FG70",0.0827178338993534,0.671571203363111,626,FALSE,9.79443709728344,2.33413410210614,9.63850603223676,518.722514901722,127.70778686887,194.69694284016,0.693756800760727,5,0.243782750940715,0.466772903161581,0.106996586925497,0.0974186608690436,0.0850290981031634,0,"Other Atlas 3 cells","Cropland"
"GF34_3","GF34",0.08255941649823,0.671045717288492,627,FALSE,9.5272088219968,1.67177528275369,9.56747514065055,501.861612916032,122.129815429664,190.870594608133,0.183275485706927,2,0.896711237424858,0,0.103288762575142,0,0,0,"Other Atlas 3 cells","Urban"
"DF27_3","DF27",0.0824823389790164,0.670520231213873,628,FALSE,9.65243621073843,2.08744640131149,9.66081032852829,515.29490116029,138.301353516144,190.31130262913,0.648223657036809,5,0.0585926957079066,0.312031347575322,0.0426206677486874,0,0,0.586755288968084,"Other Atlas 3 cells","Fresh/saltwater"
"CC20_3","CC20",0.0824131709392003,0.669994745139254,629,FALSE,9.71132325988706,2.53171454619242,9.62599692113018,567.967549820398,159.394271115215,210.594206796635,0.675125196414199,6,0.00501658930046871,0.216648932327039,0,0.115500908284833,0.0829958175858889,0.57983775250177,"Other Atlas 3 cells","Fresh/saltwater"
"BD55_3","BD55",0.0824106919467562,0.669469259064635,630,FALSE,9.78907659048273,2.81817081273399,9.56245008327245,597.247079573969,171.18780561936,205.465804104713,0.541373789445499,6,0.0730640040325817,0.0288631356847216,0.0250416305710391,0,0.121773340054303,0.751257889657355,"Other Atlas 3 cells","Fresh/saltwater"
"GF35_3","GF35",0.0823330255039585,0.668943772990016,631,FALSE,9.46742724827944,1.56903749448816,9.53533060498163,501.760296079018,122.234120521602,191.109562482226,0.0114644977716511,1,0.994129919745392,0,0,0.00587008025460773,0,0,"Other Atlas 3 cells","Urban"
"DE43_3","DE43",0.082314747539494,0.668418286915397,632,FALSE,9.27081260467635,1.60785095765313,9.3354787297211,527.956789132585,141.75841574227,198.716944954924,0.467202440378319,3,0.676073034508086,0.269780092619028,0,0.0541468728728856,0,0,"Other Atlas 3 cells","Urban"
"BD47_3","BD47",0.0821261319363094,0.667892800840778,633,FALSE,9.80435725103935,3.00948286113616,9.51790035631078,597.935376829167,171.847188579983,201.61624040056,0.622339770801565,6,0.0243546673291354,0.31997364631304,0.0243546673291354,0,0.0339172267760198,0.59739979225267,"Other Atlas 3 cells","Fresh/saltwater"
"FG04_3","FG04",0.082043513547053,0.667367314766159,634,FALSE,9.89733954106015,2.61447059166257,9.72838646334842,480.991736549636,119.82552287374,179.733711057553,0.215115353147785,4,0.00643561085110943,0.881878142790989,0,0.0346622093655102,0,0.077024036992391,"Other Atlas 3 cells","Cropland"
"BG68_3","BG68",0.0820132824324102,0.66684182869154,635,FALSE,9.97565509814281,2.69154855648759,9.76050121302959,677.058609376158,173.672766908162,231.548893008719,0.0741817651428036,2,0.0385792403580023,0.961420759641998,0,0,0,0,"Other Atlas 3 cells","Cropland"
"DD13_3","DD13",0.0819686232430461,0.666316342616921,636,FALSE,9.35950063138915,1.59522014870362,9.491003096969,543.689746227334,148.585433521877,205.351442532802,0.117949927145291,2,0,0.937064110202788,0,0.0629358897972124,0,0,"Other Atlas 3 cells","Cropland"
"FF92_3","FF92",0.0817267570097064,0.665790856542302,637,FALSE,9.45817360505678,1.73833906467471,9.44869987122571,510.560953196171,126.390926424158,190.538842904182,0.311841883640114,2,0.193276903086933,0.806723096913067,0,0,0,0,"Other Atlas 3 cells","Cropland"
"CF04_3","CF04",0.0814762839929055,0.665265370467683,638,FALSE,9.46659559122269,1.84597826725783,9.42567536836054,703.450816830259,191.441212152712,241.073435804257,0.433768664631344,5,0.000424187549994462,0.731452205295637,0.0258784133149067,0.0966504948760584,0.145594698963404,0,"Other Atlas 3 cells","Cropland"
"BG71_3","BG71",0.0814656353598192,0.664739884393064,639,FALSE,10.088042773775,2.6369959593016,9.92864896652217,665.068985006937,163.00964885048,231.919820863551,0.13859036003585,4,0.00586496453541056,0.92650695805893,0.0300772395259152,0,0.0375508378797441,0,"Other Atlas 3 cells","Cropland"
"BD48_3","BD48",0.0812857724380995,0.664214398318445,640,FALSE,9.82115023754551,3.07177821350443,9.5206629996119,589.69759845055,169.604450576302,198.16170048883,0.485755500410449,3,0,0.303315800486442,0,0,0,0.696684199513558,"Other Atlas 3 cells","Fresh/saltwater"
"CG13_3","CG13",0.0812038668654805,0.663688912243826,641,FALSE,9.77711082244782,2.08323979599887,9.73172021248924,696.539664577477,177.77426197057,246.719746704167,0.303651625006857,4,0.0866263789294274,0.827688463136358,0,0.0500910378580329,0.035594120076182,0,"Other Atlas 3 cells","Cropland"
"FF50_3","FF50",0.081178419580362,0.663163426169207,642,FALSE,9.48859572864072,1.96543210909092,9.41262588497103,521.54576430626,131.088068948517,192.980361888571,0.622487146502361,4,0.0719159844467517,0.540675168296831,0,0.143862174483463,0.243546672772954,0,"Other Atlas 3 cells","Cropland"
"CH59_3","CH59",0.0811764201761749,0.662637940094588,643,FALSE,9.81361695632731,1.9702056935366,9.84782180574594,659.103060693046,171.470975331442,235.269841940409,0.7627294999084,6,0.296946008288054,0.147281418943948,0,0.273605578434753,0.0321720135892587,0.249994980743987,"Other Atlas 3 cells","Urban"
"BD26_3","BD26",0.0811714459450248,0.662112454019968,644,FALSE,9.80824068628683,3.09887642535565,9.46749274992834,621.73575667621,177.468386875875,203.400103046142,0.719488971064998,6,0.0322337320053182,0.198995612546924,0.0974186698777999,0.00322355450138304,0.393956505929734,0.27417192513884,"Other Atlas 3 cells","Grass/shrub"
"CG42_3","CG42",0.0811524306377334,0.661586967945349,645,FALSE,9.66343319229897,1.89157402051196,9.66934673816277,691.328507918084,181.937957629951,244.971623343775,0.538229790911096,5,0.102044771641433,0.64168468850772,0.0243546680796958,0.0913300052988592,0.140585866472292,0,"Other Atlas 3 cells","Cropland"
"AF93_3","AF93",0.0811016391146754,0.66106148187073,646,FALSE,10.1449477803264,3.58815198343362,9.64637633036197,599.735466349086,152.008900703583,195.333174067195,0.512264292109657,3,0.00461439490825975,0,0.642106031334025,0.256088209023532,0,0.0971913647341833,"Other Atlas 3 cells","Pasture"
"CD51_3","CD51",0.0811005674187543,0.660535995796111,647,FALSE,9.42043781103794,1.69833479846048,9.50227507121442,572.857769468043,158.622505533951,213.157630450314,0.670605966329653,6,0.484410397392212,0.257294674036401,0.0100498966417892,0.0200997932832487,0.145773756606627,0.0823714820397216,"Other Atlas 3 cells","Urban"
"FH88_3","FH88",0.0809827225971752,0.660010509721492,648,FALSE,9.90126523112544,2.42744301936818,9.74535449156552,502.63773425426,122.583354705833,191.222481687828,0.506576949785038,4,0.113042595833221,0.181958260138456,0,0,0,0.704999144028323,"Other Atlas 3 cells","Fresh/saltwater"
"EG77_3","EG77",0.0809767757211185,0.659485023646873,649,FALSE,9.92346542417872,2.76268151531313,9.72795821011119,472.571299770103,117.386567748127,178.056179135081,0.780553480665,6,0.331910394446442,0.186453718552985,0.0446515541870244,0,0.0730639961867389,0.36392033662681,"Other Atlas 3 cells","Fresh/saltwater"
"DC24_3","DC24",0.0809706672750832,0.658959537572254,650,FALSE,9.64342868850184,2.25621958449781,9.67522161093235,498.966415272956,137.221240386307,188.102237628427,0.669213195990771,6,0.491701187204646,0.263446806783707,0.0596214201072635,0,0,0.136521251334204,"Other Atlas 3 cells","Urban"
"DB45_3","DB45",0.0808907747368038,0.658434051497635,651,FALSE,9.58746683807068,2.53889274652779,9.48489218237326,498.489704726907,141.872225066949,175.758164140645,0.239142590369979,3,0.136063433868971,0.861511539690932,0.00242502644009758,0,0,0,"Other Atlas 3 cells","Cropland"
"FG48_3","FG48",0.0808417630300107,0.657908565423016,652,FALSE,9.63155853371091,2.15095553593695,9.53647252897937,491.013054831917,123.778846151671,181.26852302066,0,1,0,1,0,0,0,0,"Other Atlas 3 cells","Cropland"
"CD61_3","CD61",0.0807711971934273,0.657383079348397,653,FALSE,9.35603873037894,1.59574157279665,9.45953003272084,576.994369457924,159.535782093562,215.113211822925,0.107574961495946,4,0.0157845855924812,0.944015826710466,0.010049896924255,0,0.030149690772798,0,"Other Atlas 3 cells","Cropland"
"CF54_3","CF54",0.0806970022947926,0.656857593273778,654,FALSE,9.50192698178647,1.85045207444399,9.5051226839132,636.988391292225,176.693044422014,222.209317207869,0.742160173964406,4,0.266854694530531,0.25303745973753,0,0.196523638376024,0.283584207355914,0,"Other Atlas 3 cells","Grass/shrub"
"CD41_3","CD41",0.0806319393339492,0.656332107199159,655,FALSE,9.44097912294652,1.76524245211653,9.50548634771819,581.090975035128,161.090890790977,216.313708206594,0.632479177176412,5,0.495395502138275,0.240687936105564,0,0.253124248318196,0.0100498969714038,0.000742416466559852,"Other Atlas 3 cells","Urban"
"DE96_3","DE96",0.0805002374146913,0.65580662112454,656,FALSE,9.38377148686538,1.87929381619021,9.39052327499555,494.387027954664,129.99199964805,189.668379670431,0.661003665905557,5,0,0.153540448914108,0.0742589034027115,0.518356800858075,0.0630684458957103,0.190775400929395,"Other Atlas 3 cells","Forest"
"BG91_3","BG91",0.0804520413612052,0.655281135049921,657,FALSE,9.91681962650052,2.30481159206272,9.83663333621206,686.014767920527,171.450141535503,240.97577297459,0.414772461470052,2,0,0.700602018714921,0,0,0.299397981285079,0,"Other Atlas 3 cells","Cropland"
"CE13_3","CE13",0.0804139346370798,0.654755648975302,658,FALSE,9.34412241891893,1.62868571650534,9.3736418440511,659.513618923113,186.419358653307,230.812957682677,0.5268782178474,4,0.111576730985974,0.649791817117752,0,0.0487093354978652,0.189922116398409,0,"Other Atlas 3 cells","Cropland"
"CG48_3","CG48",0.080350849896744,0.654230162900683,659,FALSE,9.60163501675727,1.96058226175685,9.57796397437054,689.966112761881,184.514050319692,242.41060777303,0.264120175113771,3,0.155287533891213,0.843661366837748,0,0.00105109927103868,0,0,"Other Atlas 3 cells","Cropland"
"CF73_3","CF73",0.0802697361594698,0.653704676826064,660,FALSE,9.44277223843794,1.86453856888295,9.42048288690771,620.865523913781,170.588901612455,220.617276079456,0.7286099029633,4,0.261460557246895,0.345907162028477,0,0.141631725057414,0.251000555667214,0,"Other Atlas 3 cells","Cropland"
"CF67_3","CF67",0.0802642676032182,0.653179190751445,661,FALSE,9.28011634816658,1.59560393914168,9.30774334347882,614.878794871047,171.805561083586,216.27618169008,0.474451307523879,4,0.108357299874065,0.69704232567931,0.0174113034809157,0.0243546679651847,0.152834403000526,0,"Other Atlas 3 cells","Cropland"
"CE83_3","CE83",0.0802342619833791,0.652653704676826,662,FALSE,9.10781236547026,1.32643746473171,9.20406163891618,602.965001598861,168.404468072018,216.385845776207,0.421120449287271,4,0.065149744507549,0.0275476333567758,0,0.738499661363776,0,0.1688029607719,"Other Atlas 3 cells","Forest"
"CF83_3","CF83",0.0802068554074727,0.652128218602207,663,FALSE,9.585658517551,2.01458312481641,9.56660274727447,595.791805780712,163.577784948,212.550741080837,0.72913162368562,6,0.344251808107541,0.33896676929148,0.024354667576661,0.167176636844958,0.0670492183531101,0.0582008998262503,"Other Atlas 3 cells","Urban"
"CD38_3","CD38",0.0800309872312925,0.651602732527588,664,FALSE,9.56731042714515,2.2142583392819,9.53167786705486,583.839652953079,162.662943822764,218.362817596406,0.402374534830654,4,0,0.759297551669406,0.0924302874023252,0.055870079753923,0.0924020811743462,0,"Other Atlas 3 cells","Cropland"
"DE79_3","DE79",0.0799805231144885,0.651077246452969,665,FALSE,9.53075957333561,1.91521573394493,9.6029689324085,482.947310382292,129.67862744254,183.97951597342,0.710835071229252,5,0.110128990640325,0.286134700480091,0.174204337475015,0.399618446732769,0.0299135246718004,0,"Other Atlas 3 cells","Forest"
"EG87_3","EG87",0.0798945435011778,0.65055176037835,666,FALSE,9.89444261930028,2.6978187874085,9.71331728726176,473.139290096546,117.525672527571,177.810613852383,0.238605677751405,4,0.0487093371861118,0.864679547892422,0.0836957348898238,0,0,0.00291538003164263,"Other Atlas 3 cells","Cropland"
"BE38_3","BE38",0.0798877657383809,0.650026274303731,667,FALSE,9.64960292763404,2.53890382451388,9.43938631882906,652.62354850157,178.915111315707,222.61929892467,0.711602094709824,5,0.0974186721544561,0.256078257446357,0.0182660010289605,0.401966266625994,0.226270802744232,0,"Other Atlas 3 cells","Forest"
"FF78_3","FF78",0.0798381364466785,0.649500788229112,668,FALSE,9.56202485276711,1.88402673691702,9.59364077586013,489.730777206248,116.639326585574,185.312920647366,0.779965406284791,6,0.296210255127591,0.269631869083913,0.0609375432782354,0.0750436673822929,0.0974186608756854,0.200758004252282,"Other Atlas 3 cells","Urban"
"DD11_3","DD11",0.079749098596064,0.648975302154493,669,FALSE,9.45550036887248,1.65057703658703,9.59391167197157,526.586617995889,144.576918751765,197.511955143338,0.520123582152183,4,0.108885319266843,0.657762597048481,0,0.0700482553824306,0.163303828302246,0,"Other Atlas 3 cells","Cropland"
"DC11_3","DC11",0.0797453769258473,0.648449816079874,670,FALSE,9.45797747038209,1.93837082306155,9.52606331833151,529.259764337731,144.195494683967,201.86362963096,0.601469750143407,5,0.000947033031118674,0.513931606999327,0.0106694593917032,0.340965356191815,0.131705152850322,0,"Other Atlas 3 cells","Cropland"
"GF36_3","GF36",0.0796387097913042,0.647924330005255,671,FALSE,9.37225351639045,1.45675109214731,9.45844160020403,516.771336191397,125.861576542666,196.460993187869,0.166229511255195,2,0.908515904674962,0,0,0.0914840953250382,0,0,"Other Atlas 3 cells","Urban"
"DE19_3","DE19",0.0796118740121921,0.647398843930636,672,FALSE,9.36556605018519,1.54353847630893,9.50128739843851,529.474461353271,144.454114380353,198.234877025791,0.570803691659815,4,0.0997434480593335,0.572266750552791,0,0.301780357498966,0.0262094438889096,0,"Other Atlas 3 cells","Cropland"
"CG34_3","CG34",0.0795390138731879,0.646873357856017,673,FALSE,9.69217481116856,1.97308883795594,9.6702579736773,697.700479356202,184.294245455352,245.239982472732,0.611304641975992,5,0.514993961543747,0.335048111579518,0.0309226279301624,0.0974186704497264,0.021616628496846,0,"Other Atlas 3 cells","Urban"
"BD92_3","BD92",0.079401161103848,0.646347871781398,674,FALSE,9.65483541299563,2.26831329254631,9.60215998544151,589.552956024597,166.704245951402,212.759838184805,0.734425148074465,6,0.0342864821336414,0.309812541543298,0.351570692776737,0.189767040115772,0.0462264438825637,0.0683367995479875,"Other Atlas 3 cells","Pasture"
"CD20_3","CD20",0.0793979039352529,0.645822385706779,675,FALSE,9.39730559349903,1.77048427005272,9.43337653269402,591.378197121642,164.591267596009,217.274135932199,0.685587071743716,5,0.00411584507164573,0.313847812658876,0.068691046716513,0.408956996606455,0.204388298946511,0,"Other Atlas 3 cells","Forest"
"DB56_3","DB56",0.0793745906797824,0.64529689963216,676,FALSE,9.6158318923942,2.58651995673812,9.50956410903514,507.802438583639,143.742039767869,178.865046108582,0.659986873261753,4,0,0.413837177913636,0.33617794495613,0.225630210317618,0.0243546668126168,0,"Other Atlas 3 cells","Cropland"
"EG27_3","EG27",0.0792358726642918,0.644771413557541,677,FALSE,9.87945475899377,2.7389933414936,9.68657823503871,488.904567556883,124.35588392394,184.707899236176,0.509173709943979,3,0,0.57235441123736,0,0,0.0243546661920597,0.40329092257058,"Other Atlas 3 cells","Cropland"
"CF82_3","CF82",0.0792057834295264,0.644245927482922,678,FALSE,9.70188335422055,2.14717739308001,9.6753795432506,579.661033897847,158.490420709648,206.731191254463,0.660623854197264,6,0.238570797772896,0.499156137319146,0.0182660006814031,0.0618302814072543,0.166278638619933,0.0158981441993676,"Other Atlas 3 cells","Cropland"
"GH29_3","GH29",0.0790199843165575,0.643720441408303,679,FALSE,9.83334361500928,2.38972297845856,9.65477866632677,492.786101494075,119.509766464231,186.667209593821,0.567964942085279,5,0.0895483751566633,0.629953323427552,0,0,0.0730639961088182,0.207434305306966,"Other Atlas 3 cells","Cropland"
"BE86_3","BE86",0.0789593854331134,0.643194955333684,680,FALSE,9.49864858206398,1.96818122901492,9.46307721029878,636.372819655106,178.797872725841,223.138442231013,0.67021045416654,5,0.0353543015381796,0.450455366490518,0.0365320016501566,0.17942892764697,0.298229402674176,0,"Other Atlas 3 cells","Cropland"
"AD91_3","AD91",0.078957869763044,0.642669469259065,681,FALSE,9.91260547744505,3.26325985814128,9.51773525566579,615.822174036378,166.928990128231,197.585678964939,0.46167590948259,4,0,0.688677928514806,0.0566317937602494,0,0.010049896563162,0.244640381161782,"Other Atlas 3 cells","Cropland"
"GF07_3","GF07",0.0789310693030892,0.642143983184446,682,FALSE,9.43243862758223,1.61055656704371,9.50343363604359,518.368087624904,125.97173882324,195.666292780079,0.631410800439542,4,0.369181940633054,0.463374423092989,0,0.125908028145625,0.0415356081283321,0,"Other Atlas 3 cells","Cropland"
"CE35_3","CE35",0.0788679733404028,0.641618497109827,683,FALSE,9.22205559765023,1.44047236090585,9.29445012936711,623.681106892431,174.941678315623,223.47571885677,0.523516237739757,3,0,0.278539971501097,0,0.62402353883332,0.0974364896655832,0,"Other Atlas 3 cells","Forest"
"CF33_3","CF33",0.0788082242279948,0.641093011035208,684,FALSE,9.52095044132937,1.86151095153347,9.50132749966613,647.232256245959,177.920426607896,224.296656964871,0.651822138985879,5,0.0318931975906244,0.208959497145455,0.184996308633518,0.508421825403307,0.0657291712270952,0,"Other Atlas 3 cells","Forest"
"CH96_3","CH96",0.0787851371505585,0.640567524960589,685,FALSE,9.95735397827968,2.08988177093524,10.0180760099939,637.937433966941,161.55648608496,234.271575229523,0.605422453610816,5,0.0854860132633344,0.270454432942949,0,0,0.0897620606490767,0.55429749314464,"Other Atlas 3 cells","Fresh/saltwater"
"FH54_3","FH54",0.0787447985648504,0.64004203888597,686,FALSE,9.97421679367427,2.45497130347516,9.8643648554338,497.453374171063,118.333460093395,193.376671474148,0.347178206467702,4,0.0608866681924736,0.795608777918471,0,0.121425088658221,0.0220794652308347,0,"Other Atlas 3 cells","Cropland"
"FF69_3","FF69",0.0786980460121431,0.63951655281135,687,FALSE,9.61873778727505,1.98597180408614,9.63825083010197,484.228191089467,114.6546133721,182.486392010184,0.561067108767753,7,0.0499460809967053,0.00173293802699568,0.00746244409447807,0.10798480571969,0.0730640094213195,0.759809721740812,"Other Atlas 3 cells","Fresh/saltwater"
"BD83_3","BD83",0.0786941633712653,0.638991066736731,688,FALSE,9.68138185967865,2.40911126374364,9.58148023440699,604.764195186437,171.501351717673,216.438314199263,0.689235961266582,5,0.024354667767805,0.389534834836686,0.0811744865972153,0.360806114581014,0.144129896217279,0,"Other Atlas 3 cells","Cropland"
"ED22_3","ED22",0.0786644686715924,0.638465580662112,689,FALSE,9.58507312024655,2.29329569863214,9.54789596172296,456.028569571552,117.376040200564,173.316912779022,0.590866859307702,5,0.0664585101228088,0.259819621206949,0,0.572396725115567,0.0977729118271512,0.00355223172752426,"Other Atlas 3 cells","Forest"
"BF59_3","BF59",0.0786421084306637,0.637940094587493,690,FALSE,9.80124162246593,2.4757647157413,9.63996219257174,664.37509532785,179.853688197978,226.500651393418,0.636614015259724,5,0.0049469651675895,0.151164342467064,0.541682348832287,0.124394093065339,0.17781225046772,0,"Other Atlas 3 cells","Pasture"
"DD90_3","DD90",0.0786403659503014,0.637414608512874,691,FALSE,9.47726360836732,1.98430973798194,9.50052724249297,503.828936245028,134.163750619998,192.179013440082,0.608522531415387,4,0.146128009588262,0.560972030818424,0,0.0672689818458953,0.225630977747419,0,"Other Atlas 3 cells","Cropland"
"CC98_3","CC98",0.0785358410487815,0.636889122438255,692,FALSE,9.6721366239594,2.41211450782471,9.64148592483379,530.832924720346,148.068662085163,194.514214519707,0.654367298881993,4,0,0.471998178723187,0.307849329007031,0.13651952197915,0.0836329702906317,0,"Other Atlas 3 cells","Cropland"
"GG02_3","GG02",0.0784744837831579,0.636363636363636,693,FALSE,9.80101370197443,2.29691299176906,9.66469680499313,498.234478408636,122.421007667012,187.366822758126,0.581799073900464,6,0.0243546676844354,0.189052405958243,0,0.0487093353688707,0.107425883933751,0.6304577070547,"Other Atlas 3 cells","Fresh/saltwater"
"BF33_3","BF33",0.0783856852642063,0.635838150289017,694,FALSE,9.94489129553193,2.95030822323547,9.62738569886506,650.042210691482,171.000536241765,216.458014668726,0.476622163559722,5,0.170778206345443,0.69895010806938,0.0426945515861794,0.047229872902001,0.0403472610969964,0,"Other Atlas 3 cells","Cropland"
"EH25_3","EH25",0.0783849375490587,0.635312664214398,695,FALSE,10.0025536443074,2.59180208752475,9.89499162632905,498.027128525586,122.135655225405,189.141391832344,0.309961839691315,5,0.0122070157746049,0.821679044039117,0,0.0563659442857901,0.00227520193640718,0.10747279396408,"Other Atlas 3 cells","Cropland"
"CE01_3","CE01",0.0783777477633466,0.634787178139779,696,FALSE,9.47980569384713,1.80640466201251,9.47977670594871,677.687243944374,190.803958545373,233.851581407935,0.582372316886341,5,0.000424187550003575,0.406838053822917,0.0717291498798297,0.495840705924875,0.0251679028223743,0,"Other Atlas 3 cells","Forest"
"CB81_3","CB81",0.0783704084285157,0.63426169206516,697,FALSE,9.68994755032298,2.56583815885291,9.6013226448273,533.702354194214,149.192757314693,191.380147210677,0.749911825999763,5,0.103669619379128,0.258763951466409,0.230861890686111,0.0730640027257626,0,0.333640535742589,"Other Atlas 3 cells","Fresh/saltwater"
"DE18_3","DE18",0.0783432278741253,0.633736205990541,698,FALSE,9.31034793183148,1.48739037679234,9.44576361831515,511.07364017623,139.415606603879,190.320008265996,0.550632265236149,4,0.0398453411935411,0.505287056170479,0,0.438399208970157,0.0164683936658231,0,"Other Atlas 3 cells","Cropland"
"DD62_3","DD62",0.0782930148190767,0.633210719915922,699,FALSE,9.54963315582035,1.93695962047669,9.63710268374318,523.232742248501,142.284456238265,198.406767801334,0.404782698745894,4,0.121414317412843,0.756812338834362,0,0.0487093375011182,0.0730640062516773,0,"Other Atlas 3 cells","Cropland"
"DB33_3","DB33",0.0782633062257599,0.632685233841303,700,FALSE,9.52903568892888,2.46431775733734,9.43866769162396,522.379852871238,148.225991292658,186.243683018923,0.360413805335377,4,0.0845814759538851,0.788105235854879,0,0.0235444942331443,0.103768793958092,0,"Other Atlas 3 cells","Cropland"
"CG51_3","CG51",0.0782356425418926,0.632159747766684,701,FALSE,9.70117841784791,1.91489742785388,9.71629410571183,680.482105835264,180.187210324687,241.243597911781,0.70642991600482,5,0.364154652376074,0.218704981693074,0,0.326477028068529,0.0802059707739541,0.0104573670883688,"Other Atlas 3 cells","Urban"
"BD42_3","BD42",0.0782253421422535,0.631634261692065,702,FALSE,9.70012047927483,2.65230811700185,9.49501427443925,607.794647186658,170.979172683401,208.559480146618,0.646876427937814,5,0.262753225956763,0.517699166359557,0,0,0.0747935287930697,0.14475407889061,"Other Atlas 3 cells","Cropland"
"FG43_3","FG43",0.0781903174952976,0.631108775617446,703,FALSE,9.84947053858126,2.42681086753638,9.72452921470485,495.390420908567,123.054524228906,184.718176701647,0.730431384975507,7,0.0663462883108209,0.211532563629861,0.0243546669479382,0.0974186677917526,0.0062239862783824,0.594123827041245,"Other Atlas 3 cells","Fresh/saltwater"
"CF02_3","CF02",0.0781696362509085,0.630583289542827,704,FALSE,9.45751405535098,1.85567065487273,9.39319575624725,725.032132389121,194.682398187649,249.141712684002,0.685851580370335,5,0.00234806444397955,0.442499210515309,0.119380053981628,0.28547645021623,0.150296220842853,0,"Other Atlas 3 cells","Cropland"
"CE65_3","CE65",0.078126715089897,0.630057803468208,705,FALSE,9.29587052535597,1.46402884456428,9.39825562713355,571.616535368056,160.539697676527,206.189795371462,0.508973513503694,5,0.643934459334432,0.271040885647365,0.0138973005845795,0.0258412380277661,0,0.0452861164058577,"Other Atlas 3 cells","Urban"
"DD70_3","DD70",0.0780608095747947,0.629532317393589,706,FALSE,9.46319118190619,1.86518346181635,9.53774929640366,525.202187930053,141.65243876128,200.328290593093,0.516147765142799,5,0.0862753041509732,0.0805069804183996,0.0564077539470103,0.675136420318767,0.10167354116485,0,"Other Atlas 3 cells","Forest"
"DD41_3","DD41",0.0780258634162382,0.62900683131897,707,FALSE,9.48087295553275,1.77976480711613,9.59602213440832,515.444712873542,140.078088352946,195.268622905854,0.322992538035451,6,0.166664262757232,0.80538138782017,0.0182660012764637,0.00485005288138811,0.00242502644068465,0.00241326882406133,"Other Atlas 3 cells","Cropland"
"DE69_3","DE69",0.0778904470126981,0.628481345244351,708,FALSE,9.42025354390258,1.76212246944688,9.50953412001706,513.152450681979,138.909750775093,194.706544533561,0.525052857123253,5,0.0581695930633192,0.661901702830267,0.0852413406274225,0.153656119858851,0.0410312436201402,0,"Other Atlas 3 cells","Cropland"
"CF24_3","CF24",0.0777261071993559,0.627955859169732,709,FALSE,9.3582470998299,1.69504278373153,9.33901885523366,706.043907929102,194.068559618116,243.599759496218,0.73095666992969,6,0.194837341685471,0.281508348841747,0.00501658930034426,0.371013448634504,0.0989149361165657,0,"Other Atlas 3 cells","Forest"
"CF80_3","CF80",0.0774778926673456,0.627430373095113,710,FALSE,9.75964131184332,2.22131034839844,9.72603231470391,612.848493200093,166.21802545625,218.675111606585,0.721611840674002,6,0.196401052069287,0.0427430066505738,0,0.186274702264205,0.0697209813550702,0.504860257660865,"Other Atlas 3 cells","Fresh/saltwater"
"CE60_3","CE60",0.0774437397068369,0.626904887020494,711,FALSE,9.1036644838391,1.37667839439673,9.15539682979527,633.859302927867,178.555494953263,223.51375420943,0.549732757464524,3,0,0.612300593011696,0,0.183854423521568,0.203844983466736,0,"Other Atlas 3 cells","Cropland"
"CC70_3","CC70",0.0773476189948631,0.626379400945875,712,FALSE,9.46792921163351,1.98521552843666,9.50567683625731,553.036698933429,152.641313338195,209.145496688545,0.631361817246187,5,0.0424369049224884,0.544592724374821,0.0671230327918431,0.226939728198964,0.118907609711883,0,"Other Atlas 3 cells","Cropland"
"DE87_3","DE87",0.0772373542789038,0.625853914871256,713,FALSE,9.56806394066551,2.00944217357647,9.59725891172116,510.369782726847,135.268375137584,194.466918197785,0.697651200967147,5,0.00993181451544719,0.377453897173338,0,0.163855997550003,0,0.448758290761213,"Other Atlas 3 cells","Fresh/saltwater"
"CF55_3","CF55",0.0772322131035617,0.625328428796637,714,FALSE,9.25000603770849,1.60121625506659,9.25626912926562,680.216665347872,190.564534273748,237.00610873078,0.73117255305855,4,0.222534126184276,0.365610078991362,0,0.22620943950811,0.185646355316252,0,"Other Atlas 3 cells","Cropland"
"EE05_3","EE05",0.0770531374265664,0.624802942722018,715,FALSE,9.61097489347805,2.16758275360146,9.59416692129742,495.50688978419,127.095838308212,190.449658079366,0.68251738240975,7,0.106973922281481,0.0974186670182197,0.0209314473988721,0.197484011361848,0.0487093335091099,0.52848261843047,"Other Atlas 3 cells","Fresh/saltwater"
"DH85_3","DH85",0.077043456523021,0.624277456647399,716,FALSE,9.98877064555487,2.4854238344264,9.91836880885905,525.676132589988,130.504241687396,197.411490782411,0.600530667101914,4,0.0233928327867025,0.53249305961047,0.130529518455345,0,0,0.313584589147483,"Other Atlas 3 cells","Cropland"
"DG84_3","DG84",0.0769967591913045,0.62375197057278,717,FALSE,9.57663167004366,2.35222579881099,9.41050471624778,554.145032515661,143.676947566279,203.911339686602,0.29599251223277,2,0.181535387396343,0.818464612603658,0,0,0,0,"Other Atlas 3 cells","Cropland"
"CD72_3","CD72",0.0768940560609937,0.623226484498161,718,FALSE,9.3640009923481,1.6048928795295,9.47989738904784,552.897147567162,151.43087724964,208.12993146794,0.444576390236523,5,0.109551296528952,0.729272834427462,2.95205897544652e-05,0.0755174357550619,0.0758151806513886,0.00981373204738138,"Other Atlas 3 cells","Cropland"
"FF30_3","FF30",0.0768581585920332,0.622700998423542,719,FALSE,9.56636200264508,2.1396249443887,9.46278627860769,497.801286728615,125.239082910254,184.596499497913,0.523047652185961,5,0.0475613208062337,0.658327121423404,0,0.0974186765584094,0.177280674223144,0.0194122069888088,"Other Atlas 3 cells","Cropland"
"CF35_3","CF35",0.0768303271105343,0.622175512348923,720,FALSE,9.18548510073575,1.51975452776326,9.18008105947629,710.814248382601,198.596073577633,244.928014198349,0.67504533122289,4,0.0542167817688763,0.424786741910727,0,0.28469090608051,0.236305570239887,0,"Other Atlas 3 cells","Cropland"
"DC49_3","DC49",0.0768005611497463,0.621650026274304,721,FALSE,9.35209508818289,2.19896061271757,9.30265121565167,545.436629483477,153.033195954906,200.188652168803,0.575015871256424,4,0.0163438086644951,0.450584615744492,0,0.460007570484808,0.0730640051062054,0,"Other Atlas 3 cells","Forest"
"CG16_3","CG16",0.0766907317606712,0.621124540199685,722,FALSE,9.61090289892116,1.96029636886764,9.55589105380053,711.348003410652,186.217064664722,248.965901105808,0.127092746406229,2,0,0.931802763767076,0,0,0.068197236232924,0,"Other Atlas 3 cells","Cropland"
"FG27_3","FG27",0.0766783001404367,0.620599054125066,723,FALSE,9.65856140539272,2.29651341907901,9.5254408904023,478.40187439292,120.413150205556,177.274321976238,0.737112562487362,5,0.0471429353841205,0.379840883747022,0,0.242192846358453,0.126640092391732,0.204183242118673,"Other Atlas 3 cells","Cropland"
"BG43_3","BG43",0.0765811797258666,0.620073568050447,724,FALSE,10.1992079956183,3.15484710258629,9.86575458943918,620.020791961294,151.33706076542,211.642079275694,0.516716001466069,4,0,0,0.212440599928123,0,0.066891036256799,0.720668363815079,"Other Atlas 3 cells","Fresh/saltwater"
"DB66_3","DB66",0.0765700325208547,0.619548081975828,725,FALSE,9.63488516867315,2.6138919123102,9.52832767971342,505.395043822787,142.411841481591,179.102157783756,0.639638453733035,5,0.0920437178548585,0.0843437747874063,0.265471021294123,0.521609482937953,0.0365320031256593,0,"Other Atlas 3 cells","Forest"
"CC15_3","CC15",0.0765326266524308,0.619022595901209,726,FALSE,9.75812526584866,2.85154281656982,9.55836819880687,572.75333087901,163.379882400851,206.259906749993,0.152529720307939,3,0.0415086494283502,0.918420107694433,0.0400712428772163,0,0,0,"Other Atlas 3 cells","Cropland"
"DG53_3","DG53",0.0765283463474529,0.61849710982659,727,FALSE,9.61049760401003,2.27239107095033,9.48398941598199,546.167453495684,141.081935714166,200.383076432623,0.65857994755175,4,0.205189837029265,0.498153109882112,0,0.0891493623949698,0.207507690693653,0,"Other Atlas 3 cells","Cropland"
"CD47_3","CD47",0.0764128646919128,0.617971623751971,728,FALSE,9.55471907880824,2.09970099914669,9.56129218296761,569.554411624656,158.270417637658,213.800953469405,0.462323304090013,5,0.0594728053491033,0.716159182302569,0.029530667710157,0.0730640042393141,0.121773340398857,0,"Other Atlas 3 cells","Cropland"
"DE98_3","DE98",0.0763664131469182,0.617446137677352,729,FALSE,9.55039839465963,2.04358497565225,9.5614060370093,484.524014910805,127.205274658845,185.755400877989,0.627873777922376,5,0.0893983691171017,0.222517241171995,0.0392506625039001,0.54676474430579,0.102068982901213,0,"Other Atlas 3 cells","Forest"
"CE85_3","CE85",0.0763637445527078,0.616920651602733,730,FALSE,9.32389000408872,1.50166684167337,9.44098898970435,577.17480444683,160.323173980951,208.783354161081,0.718636941463573,5,0.286289682415601,0.341547951116981,0.0317433729447669,0.279287647793501,0.0611313457291501,0,"Other Atlas 3 cells","Cropland"
"DD61_3","DD61",0.0762961925155981,0.616395165528113,731,FALSE,9.55594351168341,1.9236271052058,9.64510946353049,500.545090242777,135.477368000031,190.171843996256,0.549879576529559,5,0.287030526886812,0.601539670800932,0.0182660015627964,0.0243546687503953,0.0688091319990635,0,"Other Atlas 3 cells","Cropland"
"GF48_3","GF48",0.0762370661713474,0.615869679453494,732,FALSE,9.36272384464493,1.31091348068365,9.50524444253708,487.72899669102,117.855125153682,187.00381856831,0.618748614430339,4,0.303253536530486,0,0.00361672489419047,0.502406530972285,0,0.190723207603039,"Other Atlas 3 cells","Forest"
"FG82_3","FG82",0.0761307868668746,0.615344193378875,733,FALSE,9.74695177716592,2.23716326925787,9.6115782310854,489.371428612696,120.332028773135,183.557141322873,0.569888634023282,5,0.0703059116884248,0.625601836743939,0,0.121773349009366,0.0569399613866409,0.12537894117163,"Other Atlas 3 cells","Cropland"
"BD35_3","BD35",0.0761084721008514,0.614818707304256,734,FALSE,9.78887140280829,2.94493613955604,9.50178847436143,628.830889164411,178.518534030048,211.038890827881,0.584092960613199,4,0,0.427618835760579,0,0,0.0438111254833878,0.528570038756033,"Other Atlas 3 cells","Fresh/saltwater"
"FH52_3","FH52",0.0760651704886902,0.614293221229637,735,FALSE,9.97397437690821,2.38444168143707,9.89693804036623,508.178499616815,120.725861859749,198.430264885061,0.421911715411822,5,0.157709383781488,0.738177122354204,0,0.00574411166681918,0.0906534045614794,0.00771597763600976,"Other Atlas 3 cells","Cropland"
"GE22_3","GE22",0.076061072765904,0.613767735155018,736,FALSE,9.36355505964446,1.27973444934999,9.55534219474984,498.695621985749,119.240959884909,190.123437058259,0.696459245807681,6,0.0891125580399359,0.232821278389783,0.0287090674788432,0.0908860346280389,0.0856785034841777,0.472792557979221,"Other Atlas 3 cells","Fresh/saltwater"
"FF81_3","FF81",0.0760347310315801,0.613242249080399,737,FALSE,9.45300411821746,1.78456997321137,9.42706566514568,499.377882033965,124.543532904596,185.084937520908,0.314202347967894,3,0.0691469789922971,0.817401420098812,0,0.113451600908891,0,0,"Other Atlas 3 cells","Cropland"
"CF98_3","CF98",0.0760089824667762,0.61271676300578,738,FALSE,9.52886351461304,1.85037087083621,9.56444698107109,575.549501125729,160.248915820694,204.788491112846,0.568882285571874,4,0.311632596261383,0.568603033186209,0,0.0179198342931367,0.101844536259272,0,"Other Atlas 3 cells","Cropland"
"EE39_3","EE39",0.0759801981705337,0.612191276931161,739,FALSE,9.6394985309569,2.35551278358789,9.5732231423722,443.696387890296,112.237276010895,169.204081401356,0.692994529132134,5,0.0365320022451544,0.327509485877067,0.0542681944832099,0.178168972347696,0,0.403521345046872,"Other Atlas 3 cells","Fresh/saltwater"
"DD08_3","DD08",0.0759315446074101,0.611665790856542,740,FALSE,9.20281331899299,1.58665606461989,9.29456092303168,534.821468417802,146.413068520009,203.800761044086,0.584888719530262,4,0.0794297726849815,0.357081769198941,0.0342213204498787,0.529267137666199,0,0,"Other Atlas 3 cells","Forest"
"CE18_3","CE18",0.0758805966419417,0.611140304781923,741,FALSE,9.46050676309,1.8148973987259,9.48584163071963,597.005332068584,166.981219200748,216.319925614167,0.717616281456552,4,0.00774533627048248,0.165907993630499,0.407482831707836,0.191093314248432,0.22777052414275,0,"Other Atlas 3 cells","Pasture"
"CF89_3","CF89",0.0758633856433071,0.610614818707304,742,FALSE,9.26377125840838,1.56408156336362,9.30575479948448,629.805392077083,176.573757954399,222.97487541095,0.563876297715529,4,0.0367766781508796,0.509344084721702,0,0.036759965814019,0.4171192713134,0,"Other Atlas 3 cells","Cropland"
"CC21_3","CC21",0.075836023205799,0.610089332632685,743,FALSE,9.63354409994136,2.49734605168795,9.5312388208482,588.207249039322,165.72475331376,217.287982724154,0.562951352832826,6,0.0992000623355392,0.619792353979813,0.0100331786001261,0,0.0618763476872825,0.20909805739724,"Other Atlas 3 cells","Cropland"
"CE10_3","CE10",0.075799535807004,0.609563846558066,744,FALSE,9.43071672169438,1.71932238938309,9.44455902185008,669.447616083423,187.377275519124,232.278730898568,0.710421291122364,5,0.367976014810859,0.241210972264921,0.0487093354963901,0.302901969420235,0.0392017080075955,0,"Other Atlas 3 cells","Urban"
"AE93_3","AE93",0.0757874441302459,0.609038360483447,745,FALSE,9.98969182212685,3.25464172798997,9.5968545629041,602.680446558069,158.130494291724,194.678521931305,0.615968298204112,5,0.0243546670910123,0.13312605706855,0.293714591308718,0,0,0.54880468453172,"Other Atlas 3 cells","Fresh/saltwater"
"DF81_3","DF81",0.0757731778377692,0.608512874408828,746,FALSE,9.86539250274845,2.58855876826949,9.7377075327533,482.287512104599,123.8333950982,182.885685998719,0.677415455596499,5,0.212017273943346,0.348260970494219,0.0286526343454334,0,0,0.411069121217002,"Other Atlas 3 cells","Fresh/saltwater"
"DE53_3","DE53",0.0757541018252372,0.607987388334209,747,FALSE,9.4120053287203,1.7681995920146,9.46932728545024,493.472679378775,131.800253982365,186.817519799121,0.641202253875573,4,0.19086706023784,0,0,0.333431640342868,0.0164404088396103,0.459260890579681,"Other Atlas 3 cells","Fresh/saltwater"
"BD22_3","BD22",0.0756963946456568,0.60746190225959,748,FALSE,9.65342167611808,2.7786084981367,9.36972618417514,630.762065095188,176.485727162858,209.937968781542,0.532341622700788,4,0,0.475539849675417,0.00935133734834374,0.490754145506837,0.0243546674694014,0,"Other Atlas 3 cells","Forest"
"DE35_3","DE35",0.0756700985593542,0.606936416184971,749,FALSE,9.2960384278122,1.54690398732334,9.4015071362125,555.760289621275,151.8633384423,206.498095205499,0.500725664424783,3,0.658352717357571,0.22977847215608,0,0,0.111868810486349,0,"Other Atlas 3 cells","Urban"
"FG65_3","FG65",0.0756547748501616,0.606410930110352,750,FALSE,9.51412872064412,2.01924342071187,9.40210724578622,521.097388945513,130.359150662606,192.526693086531,0.52414488840867,5,0.188990614033993,0.655931927090463,0.0606544484327515,0.0734514114780774,0.0209715989647152,0,"Other Atlas 3 cells","Cropland"
"BF11_3","BF11",0.0755223834069499,0.605885444035733,751,FALSE,10.0978279337828,3.34552303779032,9.67028497680524,623.341771370972,160.216630638041,206.126720322059,0.768082685828728,7,0.048928771950364,0.0784507509038538,0.192166957382132,0.316610679620683,0.010218818796874,0.353624021346093,"Other Atlas 3 cells","Fresh/saltwater"
"DD24_3","DD24",0.0754350934513463,0.605359957961114,752,FALSE,9.30246197600524,1.59531560615767,9.41918236627317,535.853233663917,146.127903322657,202.995398566826,0.502694335763271,4,0.019813918979303,0.647069711082541,0,0.0599500148070758,0.27316635513108,0,"Other Atlas 3 cells","Cropland"
"FH55_3","FH55",0.0753588170062802,0.604834471886495,753,FALSE,9.9627726824675,2.46161810253285,9.84004223131898,497.728402793351,119.372441735076,192.253419872331,0.639544294753817,6,0.0323116077087082,0.535346584270499,0,0.219027691118813,0.0385365638650456,0.174777553036934,"Other Atlas 3 cells","Cropland"
"BE03_3","BE03",0.0753431220135369,0.604308985811876,754,FALSE,9.94774496953949,3.10191721540155,9.6032079373974,609.647794650635,161.664187664986,200.107435438169,0.670367942307278,5,0.235507864471983,0.258968727225673,0.0499165570320556,0,0,0.455606851270289,"Other Atlas 3 cells","Fresh/saltwater"
"DC58_3","DC58",0.0753234549772991,0.603783499737257,755,FALSE,9.41035090721606,2.24405097829398,9.36572791667763,507.974879386278,141.773276075002,187.425641729974,0.617745043865126,4,0,0.406148292555257,0.0517985452662123,0.450723161629793,0.0913300005487377,0,"Other Atlas 3 cells","Forest"
"DC77_3","DC77",0.0752854041591695,0.603258013662638,756,FALSE,9.66599965408702,2.52327810533267,9.62180529211397,494.727258501206,137.96390679473,182.430104679769,0.655465815326582,5,0.0730640004694186,0.270419421277478,0,0.0459782053179569,0.108321699396313,0.502216673538833,"Other Atlas 3 cells","Fresh/saltwater"
"EF92_3","EF92",0.0751308325002451,0.602732527588019,757,FALSE,9.65487487517209,2.47248640887602,9.47841524243063,501.192305863262,123.768054681506,188.102382052993,0.374724991258972,4,0,0.778023111957765,0.0547241194568842,0.0465376982572033,0,0.120715070328147,"Other Atlas 3 cells","Cropland"
"EH93_3","EH93",0.075108177770032,0.6022070415134,758,FALSE,10.0706929553913,2.56852562102472,9.99160029842136,488.171044990204,115.270294250331,190.797622254153,0.215695196991369,2,0,0.874874869066188,0.125125130933812,0,0,0,"Other Atlas 3 cells","Cropland"
"BD02_3","BD02",0.0751076563480277,0.601681555438781,759,FALSE,9.72446593641235,3.01634838127576,9.36270805239285,641.634814642061,176.911867960398,207.754103528405,0.292809601175278,3,0.178090825842576,0.82187228643794,0,3.68877194836126e-05,0,0,"Other Atlas 3 cells","Cropland"
"DD58_3","DD58",0.0750395860003789,0.601156069364162,760,FALSE,9.61177307112208,2.11326218437565,9.68070784469689,503.627719390905,136.280473746538,191.648401150333,0.655613712368451,6,0.073064000440527,0.512702041812037,0.133944001491719,0,0.013591198161745,0.266698758093972,"Other Atlas 3 cells","Cropland"
"FH57_3","FH57",0.0750111011062232,0.600630583289543,761,FALSE,9.93051089171559,2.46467274773555,9.79469106856037,503.62232530006,121.725505578078,192.430992037558,0.44747181395681,3,0,0.69664151106971,0,0,0,0.303358488930289,"Other Atlas 3 cells","Cropland"
"CD63_3","CD63",0.0749915727942699,0.600105097214924,762,FALSE,9.50672081109714,1.80168260744774,9.60538303092513,538.595077631268,147.220275625377,203.718894211672,0.572674225141257,6,0.0730640038993923,0.614622322601105,0.186906369281952,0.0290818714839168,0.07197076476717,0.0243546679664641,"Other Atlas 3 cells","Cropland"
"DG55_3","DG55",0.0749628391835741,0.599579611140305,763,FALSE,9.78283085070633,2.45544844670198,9.65696378060286,507.804213210991,132.74437107862,186.086802886849,0.49879759984506,4,0.120666125928018,0.679567788593846,0,0.0593510230974821,0.140415062380653,0,"Other Atlas 3 cells","Cropland"
"DG38_3","DG38",0.0749383986187281,0.599054125065686,764,FALSE,9.53972768118485,2.19663422488532,9.44257132446172,554.84520024371,144.783172947283,204.56053863435,0.50906483797376,3,0.147024915815317,0.655387607298735,0,0.197587476885948,0,0,"Other Atlas 3 cells","Cropland"
"CF62_3","CF62",0.0748775306263456,0.598528638991067,765,FALSE,9.41418308851467,1.82582337914627,9.39194161091301,662.554700905154,181.940379007176,233.057966274744,0.268653028282534,3,0,0.847857207752738,0,0.0974186718608274,0.0547241203864353,0,"Other Atlas 3 cells","Cropland"
"BD37_3","BD37",0.0748283376810842,0.598003152916448,766,FALSE,9.74966909435453,3.0164812236337,9.43214800904353,584.01768213507,168.483097844488,192.720242743358,0.760948784243897,7,0.0455922235524419,0.418516802364145,0.0730640041120181,0.11315059345524,0.13656544849897,0.213110928017185,"Other Atlas 3 cells","Cropland"
"FF66_3","FF66",0.0747484750785603,0.597477666841829,767,FALSE,9.52325951531731,1.90721066761441,9.52186652064954,506.359501030781,122.311955907632,190.553636096786,0.380343981336255,5,0.0506842006709229,0.776829567923966,0,0.0616084483310649,0.098336505513155,0.0125412775608913,"Other Atlas 3 cells","Cropland"
"GE31_3","GE31",0.074670215427122,0.59695218076721,768,FALSE,9.30762944697853,1.18391047413844,9.50493831796336,521.521230798972,125.710027015953,198.842875770596,0.677687304242546,5,0.347722038254522,0.409691067862962,0.175216551968846,0.0430156713328958,0.0243546705807742,0,"Other Atlas 3 cells","Cropland"
"CH87_3","CH87",0.0745493454512138,0.596426694692591,769,FALSE,9.90163758919292,2.05610495398889,9.95723229462858,660.075477317927,170.253862508857,238.085849344015,0.524919038411335,4,0.143547352619531,0.643284715106012,0,0.0118749095996343,0,0.201293022674822,"Other Atlas 3 cells","Cropland"
"FF51_3","FF51",0.0745039771233764,0.595901208617972,770,FALSE,9.30839678033915,1.78140325680114,9.23846916168997,540.521253605011,135.396917320759,200.447082910765,0.656149055907559,4,0.0262834216343234,0.434521385245565,0,0.334289758412623,0.204905434707489,0,"Other Atlas 3 cells","Cropland"
"DG99_3","DG99",0.0743761322147498,0.595375722543353,771,FALSE,9.88705707509412,2.68354508640353,9.7196426360505,504.201470860915,130.21755508516,189.290624443158,0.721260329589134,5,0.301613825129502,0.12163487066102,0.00655704575827571,0,0,0.570194258451202,"Other Atlas 3 cells","Fresh/saltwater"
"BE77_3","BE77",0.0743484237896159,0.594850236468734,772,FALSE,9.49589446312845,2.05580367429581,9.43004717043268,639.183487383615,179.219424095457,223.766733818663,0.540106211017059,5,0.159262221030076,0.632859523810511,0.0121773338367132,0.0106305630718405,0.180671634849859,0,"Other Atlas 3 cells","Cropland"
"EB10_3","EB10",0.0742585205931967,0.594324750394115,773,FALSE,9.65437569695673,2.56029314457495,9.6258621769076,453.876727969517,121.296994548309,161.177824328618,0.63210884520204,5,0.0226296473898432,0,0.016182762983575,0.305618080399928,0.157571028050192,0.497998481176462,"Other Atlas 3 cells","Fresh/saltwater"
"DD17_3","DD17",0.0741473515921353,0.593799264319495,774,FALSE,9.37348945411429,1.71813242592685,9.47370968466993,497.953998161256,136.131659426462,189.668603565972,0.241519693564333,4,0.0186696947958975,0.866326110775806,0,0.0449559390449028,0.0700482553833933,0,"Other Atlas 3 cells","Cropland"
"EE28_3","EE28",0.0741214696635861,0.593273778244876,775,FALSE,9.58336131193428,2.25390099477846,9.52854239372713,467.654633446744,119.540126245202,179.073223152609,0.619226455207788,6,0.170434216409534,0.573882250743292,0,0.128351560934693,0.0487093323875451,0.054267973331164,"Other Atlas 3 cells","Cropland"
"CC62_3","CC62",0.0741147763736854,0.592748292170257,776,FALSE,9.5952463274251,2.21914796113453,9.58964303940248,531.488986766548,147.958537372003,199.044906870187,0.84531197802587,7,0.149910239420127,0.186527827337909,0.170482675759789,0.118023327086843,0.116483231222433,0.258572699172899,"Other Atlas 3 cells","Fresh/saltwater"
"FF22_3","FF22",0.0740039615980289,0.592222806095638,777,FALSE,9.62275686957673,2.24639439481497,9.50355902582228,484.3134687407,120.829919857673,180.477230106528,0.667219050646603,5,0.030369448947172,0.449842658254354,0.0487093303620992,0.322095114206646,0.148983448229729,0,"Other Atlas 3 cells","Cropland"
"CH16_3","CH16",0.0739578237684385,0.59169732002102,778,FALSE,9.98511014352091,2.12438414290071,10.0160178515193,716.696904547143,172.182684382118,256.126141808204,0.275621023266021,4,0.0243546677489276,0.844720240979394,0.00639231482172153,0.0296940805196943,0.094838695930263,0,"Other Atlas 3 cells","Cropland"
"DF51_3","DF51",0.0739552869736278,0.5911718339464,779,FALSE,9.78108201731126,2.45416728880763,9.68276033570209,494.215307977787,127.700663285295,185.862923809713,0.391446163105497,5,0.0910766110338505,0.765931041665398,0.0686897327303735,0.0438592810537216,0.030443333516656,0,"Other Atlas 3 cells","Cropland"
"CF60_3","CF60",0.0739517526407777,0.590646347871781,780,FALSE,9.63873343626797,2.05259554724595,9.61813443071426,641.416655445281,174.565811559101,226.673952620596,0.65164693152435,5,0.508472785855535,0.121760936154016,0.0218883149281194,0.256627351745302,0,0.091250611317028,"Other Atlas 3 cells","Urban"
"GE24_3","GE24",0.0738917180647278,0.590120861797162,781,FALSE,9.40784891129664,1.25995804018501,9.62920119148175,501.703327450102,118.290285976204,192.094185882356,0.669045414353665,7,0.119964997779709,0.048709330740472,0.0621528320341819,0.238717771402919,0.00337112870349283,0.527083939339225,"Other Atlas 3 cells","Fresh/saltwater"
"FF35_3","FF35",0.0738698480443303,0.589595375722543,782,FALSE,9.6670909125958,2.24657114272268,9.59019528982706,479.829925734679,116.270023353733,180.483200371194,0.698165238963618,5,0.256886959033284,0.333382732257404,0.0487093382797133,0,0.011455560756814,0.349565409672784,"Other Atlas 3 cells","Fresh/saltwater"
"DF96_3","DF96",0.0738404202607073,0.589069889647924,783,FALSE,9.75991593970797,2.43611252122802,9.66870769192544,466.461655792414,118.200002567726,179.666375787727,0.556561513377191,5,0,0.384551353139632,0,0.0277294340752564,0.0243546682642741,0.563364544520838,"Other Atlas 3 cells","Fresh/saltwater"
"CE28_3","CE28",0.0737343621948234,0.588544403573305,784,FALSE,9.35628531883613,1.66164738428391,9.40918559414577,624.361268253184,174.905595325814,226.75057416882,0.662102184549149,5,0.0742331865432729,0.464882088841679,0.0219221158945527,0.3180896910422,0.120872917678295,0,"Other Atlas 3 cells","Cropland"
"CG43_3","CG43",0.0737226396432696,0.588018917498686,785,FALSE,9.66165961783528,1.91377399537534,9.65489012449635,691.70869818236,182.554402698406,244.878318009671,0.32572278301857,3,0.203693065205713,0.795478262097773,0,0.000828672696513526,0,0,"Other Atlas 3 cells","Cropland"
"BD76_3","BD76",0.0737094331526775,0.587493431424067,786,FALSE,9.75521613762571,2.71608257629255,9.57524344330338,590.318178457473,169.748056222892,207.905122843199,0.606547729531066,7,0.00558643568750831,0.00772854839683102,0.305423022533978,0.0912643227774131,0.0177337669767359,0.572263903627533,"Other Atlas 3 cells","Fresh/saltwater"
"GF24_3","GF24",0.0736963429101276,0.586967945349448,787,FALSE,9.53416052711657,1.70759900702213,9.57025552226892,502.344300105774,122.78397404119,190.16404263496,0.177155715761735,2,0.900298102501641,0,0.0875245648135603,0,0.0121773326847984,0,"Other Atlas 3 cells","Urban"
"FG60_3","FG60",0.0736418534820346,0.586442459274829,788,FALSE,9.88023124302551,2.42159709354195,9.72911678760146,502.681354140549,123.47449962983,189.291831670047,0.751737177579144,7,0.332243122137582,0.291628280478415,0.0147767419463166,0.0812628736999919,0.00819886427558189,0.271890117462112,"Other Atlas 3 cells","Urban"
"CF47_3","CF47",0.0736318280064987,0.58591697320021,789,FALSE,9.15632489610428,1.45820466570381,9.17611450487437,682.495455288334,192.604660667757,236.095933101457,0.704873357277571,4,0.100385965501966,0.302347627997067,0,0.229472906615505,0.367793499885462,0,"Other Atlas 3 cells","Grass/shrub"
"CG59_3","CG59",0.0736097438450084,0.585391487125591,790,FALSE,9.58548238104405,1.97786616545634,9.5670864618869,639.97688089965,171.869420604349,226.711536551361,0.714962508885241,5,0.415035843020488,0.255932903517988,0.0978491756381738,0.177566563084333,0.0536155147390164,0,"Other Atlas 3 cells","Urban"
"EE16_3","EE16",0.0735666304519584,0.584866001050972,791,FALSE,9.64932754238474,2.24139901447482,9.62208129698783,462.576064414102,118.649017430391,177.526974422757,0.752728134283919,5,0.0977945681319818,0.238208081929005,0.0840636424292747,0.23640964447268,0,0.343524063037058,"Other Atlas 3 cells","Fresh/saltwater"
"DB32_3","DB32",0.0735298647107127,0.584340514976353,792,FALSE,9.47179629840612,2.37873434520415,9.39641143286368,527.79454151307,148.728709886011,190.070987970867,0.56768483817258,5,0.111226729487682,0.612097779321443,0.014301562853155,0.0581954879920982,0.204178440345622,0,"Other Atlas 3 cells","Cropland"
"CF84_3","CF84",0.0733714520593023,0.583815028901734,793,FALSE,9.63955598439255,2.03762832880829,9.63827978437873,584.977961810315,160.697656332059,208.802828047039,0.637370330754088,7,0.0168928088767271,0.0626013938111153,0.0158981441992107,0.26591441856108,0.0776352395814308,0.561057994970437,"Other Atlas 3 cells","Fresh/saltwater"
"DD05_3","DD05",0.0733191930384035,0.583289542827115,794,FALSE,9.38481105134127,1.68148462219825,9.49437541513083,533.919518040264,145.677280049788,202.777732722347,0.754954553805368,6,0.226146028216803,0.375366394146348,0.0396091743344002,0.0487093339788976,0.176988627559289,0.133180441764263,"Other Atlas 3 cells","Cropland"
"GG09_3","GG09",0.0733065100756254,0.582764056752496,795,FALSE,9.64899597320056,1.99175655546972,9.59813626282298,480.207241510051,118.636421218731,179.629120727114,0.761454683008653,7,0.312666403240286,0.232345685743804,0.00040493302608604,0.0824218088036719,0.00935780575227822,0.362803363433873,"Other Atlas 3 cells","Fresh/saltwater"
"ED31_3","ED31",0.0732585506407712,0.582238570677877,796,FALSE,9.65048428390712,2.38607717538565,9.59014021274363,458.228220231724,116.03048080842,173.320422555193,0.527177675976213,5,0.25261527562592,0.63502431205217,0,0,0.024236585800703,0.0881238265212071,"Other Atlas 3 cells","Cropland"
"BG96_3","BG96",0.0732046251594623,0.581713084603258,797,FALSE,9.82900183499832,2.27224799878564,9.72519761280156,720.977850107857,185.627869619851,251.001273422409,0.034235696444122,3,0,0.98260846532172,0.0110989360802786,0,0.0062925985980014,0,"Other Atlas 3 cells","Cropland"
"BC96_3","BC96",0.0731134501573086,0.581187598528639,798,FALSE,9.73158410617461,2.99512105461184,9.47595151472922,596.905741686354,171.391206628223,209.484180903601,0.55213898539811,4,0,0,0.0547796056581801,0.618818704398731,0,0.326401689943088,"Other Atlas 3 cells","Forest"
"FF10_3","FF10",0.0730965983972043,0.58066211245402,799,FALSE,9.63532678583853,2.33078455902672,9.49400566339891,489.284438505946,122.192065706378,182.205414253069,0.624796391512124,4,0.12255654792727,0.554654243788524,0,0.176323341580933,0.146465866703273,0,"Other Atlas 3 cells","Cropland"
"DG98_3","DG98",0.0730724600391937,0.580136626379401,800,FALSE,9.88265348998768,2.68523935854021,9.70797919899243,503.441631698738,129.876051465003,188.912761386831,0.320507800308506,4,0.0571935118490902,0.815394090548763,0,0.0243546682649106,0,0.103057729337236,"Other Atlas 3 cells","Cropland"
"BF54_3","BF54",0.0730540692476955,0.579611140304782,801,FALSE,9.83824131149299,2.58800436978272,9.6235838781261,667.757587730272,177.479518668921,225.152402966439,0.642945660829995,5,0.0846055221581212,0.549752007535886,0.0852413380328852,0.150219723291483,0.130181408981624,0,"Other Atlas 3 cells","Cropland"
"DD38_3","DD38",0.0729365573458719,0.579085654230163,802,FALSE,9.50687667081697,1.93058624075045,9.60145309105654,505.019118584264,137.566582081813,192.380518946019,0.669359651255767,5,0.0094020141336381,0.421003841223529,0.0243546676556874,0.315511460931817,0.229728016055328,0,"Other Atlas 3 cells","Cropland"
"GE14_3","GE14",0.0729354510209061,0.578560168155544,803,FALSE,9.41901953227015,1.36291972150189,9.61358688589416,506.007377486549,119.397459488508,193.357049296042,0.666262065051484,6,0.313879098649103,0.467497506178785,0.089154917598164,0.00650859543159603,0,0.122959882142352,"Other Atlas 3 cells","Cropland"
"CH27_3","CH27",0.0728649102366534,0.578034682080925,804,FALSE,9.91935501116466,2.05280099619534,9.95440317941753,723.843316417072,178.675837507019,257.825816391734,0.583072455322975,5,0.112468438744772,0.594388822165449,0.00368641918904917,0.0811448023316765,0.208311517569054,0,"Other Atlas 3 cells","Cropland"
"GF05_3","GF05",0.0728317365681991,0.577509196006306,805,FALSE,9.5069564134412,1.69675690730175,9.55716751314749,496.603566999524,120.190255074149,187.865236842608,0.410136898942605,4,0.154460677369097,0.748085005199901,0,0.0493611582425907,0.0480931591884116,0,"Other Atlas 3 cells","Cropland"
"FG17_3","FG17",0.0727840835705484,0.576983709931687,806,FALSE,9.58428177325365,2.26529721235829,9.43927649816143,507.045768419395,128.258802694388,187.6366531414,0.381170323306365,3,0.0198636016292657,0.752843230646094,0,0.227293167724641,0,0,"Other Atlas 3 cells","Cropland"
"EF82_3","EF82",0.0727774205492113,0.576458223857068,807,FALSE,9.82239582743186,2.65729605655527,9.63935298099955,467.36398615988,116.253046424065,175.793361649811,0.375034492700747,3,0.00961787108108769,0.754463723270738,0,0,0,0.235918405648174,"Other Atlas 3 cells","Cropland"
"CC88_3","CC88",0.0727721935709142,0.575932737782449,808,FALSE,9.68362413724648,2.44235617141759,9.6403590431087,527.704290676805,147.72316375999,192.687441750603,0.490769605218606,3,0.142292586064179,0.68007559618992,0.153277150170148,0,0.0243546675757525,0,"Other Atlas 3 cells","Cropland"
"BH78_3","BH78",0.072760817716455,0.57540725170783,809,FALSE,10.0731904477917,2.58454873449115,9.92442392709511,678.015093371713,162.870236707901,236.553785551889,0.339513656231427,3,0,0.795755005087854,0,0.0455437617293367,0.15870123318281,0,"Other Atlas 3 cells","Cropland"
"BE99_3","BE99",0.0726578739507177,0.574881765633211,810,FALSE,9.49831992654088,1.98504096365363,9.46735678183981,621.39414033154,175.601444386572,221.507799178114,0.359303533885787,5,0.00985565025232967,0.0244403981635091,0.00416914353445249,0.778843263553918,0.182691544495791,0,"Other Atlas 3 cells","Forest"
"EF00_3","EF00",0.0726456717831721,0.574356279558592,811,FALSE,9.87648554617636,2.69696949325446,9.72068166130329,491.960437986142,126.081375376375,186.318329498045,0.579077131105958,5,0.0620159197398904,0.526400064381042,0.0182660000651065,0,0,0.393318015813962,"Other Atlas 3 cells","Cropland"
"CD54_3","CD54",0.0726330122221767,0.573830793483973,812,FALSE,9.51627651937764,1.88650671620734,9.58003427957545,561.604827374284,155.181362189373,211.239565877774,0.559974980176699,5,0.0557267685406865,0.62401446957964,0.035877469890668,0.0883916734851186,0.195989618503887,0,"Other Atlas 3 cells","Cropland"
"BF37_3","BF37",0.0725719602559114,0.573305307409354,813,FALSE,9.79986854493707,2.71241866018153,9.52955919281635,664.65793370979,176.144904155326,223.418551426898,0.170442673262765,5,0.00296729317827211,0.908943632062722,0.013929042826048,0.022483402680193,0.0516766292527652,0,"Other Atlas 3 cells","Cropland"
"BE31_3","BE31",0.0725015307024281,0.572779821334735,814,FALSE,9.6811557308519,2.54219891677357,9.45145608688324,669.065128853829,182.70881983731,224.746939082709,0.61989492238014,4,0.037403593487423,0.463663876929266,0,0.389564486598374,0.109368042984937,0,"Other Atlas 3 cells","Cropland"
"BE91_3","BE91",0.0723790227260535,0.572254335260116,815,FALSE,9.51381224047878,1.88739372064544,9.49557947094488,670.300300200555,188.882554125746,230.184458612575,0.672022643229694,5,0.0969944831924554,0.301763639718591,0.0119493706609018,0.45855555163697,0.130736954791082,0,"Other Atlas 3 cells","Forest"
"DF25_3","DF25",0.0721847643533528,0.571728849185497,816,FALSE,9.68726152503661,2.16728669395784,9.6712235700833,510.791983052571,137.971081397033,187.217736674575,0.757951442197923,6,0.0875353111331712,0.306562048867599,0.0114555598873386,0.292192523781255,0.0832331396713017,0.219021416659335,"Other Atlas 3 cells","Cropland"
"CG53_3","CG53",0.0721604332986276,0.571203363110878,817,FALSE,9.74524416413717,2.01174699834358,9.74269059664626,649.494706245973,172.454283833952,230.745252210926,0.616230278515171,4,0.202133320855334,0.547669514539717,0,0.201487830042181,0.0487093345627686,0,"Other Atlas 3 cells","Cropland"
"BF20_3","BF20",0.0721523063062607,0.570677877036258,818,FALSE,10.0881812534725,3.22922617071904,9.69695827301059,632.866957705664,163.24463270513,209.906182161715,0.590512764931986,4,0.571949024592518,0.20841146885127,0,0.0237806587721518,0,0.195858847784061,"Other Atlas 3 cells","Urban"
"DG25_3","DG25",0.0721323418596719,0.57015239096164,819,FALSE,9.6894618858505,2.26214112389812,9.60796876618077,576.794811333285,150.78972723549,210.532536098849,0.0926734705906507,2,0.048709334569532,0.951290665430468,0,0,0,0,"Other Atlas 3 cells","Cropland"
"FG18_3","FG18",0.0721221009324495,0.56962690488702,820,FALSE,9.49188012423713,2.18215955408298,9.34984203609751,502.181148526115,125.568242597153,187.219419117784,0.27291281984297,6,0.0243546700574631,0.115398437402951,0.000587398234190885,0.84418036169764,0.0149968633732765,0.000482269234478343,"Other Atlas 3 cells","Forest"
"BG90_3","BG90",0.0721118272921581,0.569101418812402,821,FALSE,9.97351995521064,2.33816441618213,9.89359519557846,691.301982518502,170.984577398652,243.229106598159,0.568076955207434,4,0.344941743038788,0.554425552719884,0,0.0347106702752862,0.0659220339660413,0,"Other Atlas 3 cells","Cropland"
"FF29_3","FF29",0.0720536959460784,0.568575932737782,822,FALSE,9.65472208392019,2.34045459403751,9.55994916056624,465.741501371659,109.389725859903,175.369293530889,0.659388185458258,5,0.188040745975764,0.461841933877821,0.27116138844834,0.0471429353845049,0.0318129963135702,0,"Other Atlas 3 cells","Cropland"
"BF35_3","BF35",0.0720248302581632,0.568050446663163,823,FALSE,9.79839747343222,2.76723670781241,9.50487143443921,658.447740821312,173.313093020562,220.97170497899,0.489010488633297,4,0.214787254202259,0.677717140218026,0.00326223136235057,0.0570477837949255,0.0471855904224388,0,"Other Atlas 3 cells","Cropland"
"CD17_3","CD17",0.0720037435831101,0.567524960588544,824,FALSE,9.62888112464808,2.3688993131439,9.5458835207612,561.27194678629,157.423048991518,207.82071077745,0.466136819988664,5,0,0.696030909256737,0.0243546677475925,0.0243546677475925,0.0392017080067435,0.216058047241334,"Other Atlas 3 cells","Cropland"
"CD08_3","CD08",0.0719878351459647,0.566999474513925,825,FALSE,9.67887432078265,2.54206832506522,9.5494497854466,578.445069511248,163.91531576988,211.768391277561,0.516349162625926,5,0.0487093353805504,0.672463362357735,0.0706134456723982,0,0,0.208213856589316,"Other Atlas 3 cells","Cropland"
"BF00_3","BF00",0.0719473028404798,0.566473988439306,826,FALSE,10.2142340868414,3.58369427845595,9.72661455721125,591.189989699667,150.333283976846,194.225232376303,0.66285432783595,4,0,0,0.386551139031171,0.0975293603895233,0.0217239613176002,0.494195539261705,"Other Atlas 3 cells","Fresh/saltwater"
"EG15_3","EG15",0.0719268080087821,0.565948502364687,827,FALSE,9.70614922966508,2.54951521146696,9.51340126237122,485.571982003088,123.705721768498,182.637963295008,0.415239543386879,4,0.223035171653486,0.729384742684747,0,0.036532003978217,0.0110480816835499,0,"Other Atlas 3 cells","Cropland"
"CG85_3","CG85",0.0718892047856449,0.565423016290068,828,FALSE,9.88865614113959,2.27768197136274,9.87092615437699,585.525472361646,155.694678148448,210.949094253685,0.600774001501655,6,0.0487093351500366,0.239574501075649,0,0.000281796167370123,0.000375728223091243,0.711058639383853,"Other Atlas 3 cells","Fresh/saltwater"
"CG55_3","CG55",0.071771930922597,0.564897530215449,829,FALSE,9.60511281760559,1.93252584264889,9.59078792645432,681.17246659807,182.203777829181,240.895539226552,0.325105954442491,5,0.000537057784891011,0.813082122225004,0.031372101262861,0.0575900496071946,0.0974186691200493,0,"Other Atlas 3 cells","Cropland"
"EG00_3","EG00",0.0717629608809579,0.56437204414083,830,FALSE,9.8696339954808,2.61357929938109,9.71110353543765,518.441468348187,133.120620411814,191.060381409561,0.563176510763517,5,0.628758264148407,0.0295862501186226,0,0.0947081588008385,0,0.246947326932132,"Other Atlas 3 cells","Urban"
"CE27_3","CE27",0.0717389018558157,0.563846558066211,831,FALSE,9.3656717559892,1.65394419070152,9.42081801303242,604.713557210166,169.171866065262,218.778471704378,0.745236403987033,5,0.062488556179711,0.255728272671122,0.0846833736339735,0.294911970101543,0.302187827413651,0,"Other Atlas 3 cells","Grass/shrub"
"DD10_3","DD10",0.0716935443592917,0.563321071991592,832,FALSE,9.4462007981262,1.62717609974418,9.58517818445123,518.446853299682,141.76369055478,193.858828986822,0.732365710502469,5,0.306666654206526,0.356325274522273,0.120265466746452,0.133009140229601,0.0837334642951475,0,"Other Atlas 3 cells","Cropland"
"CF69_3","CF69",0.0716251083244425,0.562795585916973,833,FALSE,9.13728510276313,1.4098544813533,9.18623841016156,640.262228656096,181.184910933868,224.966515891138,0.58327264876421,4,0.0487093359302518,0.554387300249163,0,0.315399551210855,0.0815038126097301,0,"Other Atlas 3 cells","Cropland"
"CF93_3","CF93",0.071611348080526,0.562270099842354,834,FALSE,9.73011236854531,2.17788348094871,9.7073374558871,562.542311809177,153.716377925396,201.490778636251,0.591906753970662,7,0.251025670793995,0.0253695708920262,0.0610344358121566,0.00845652363075007,0.0183398837513761,0.635773915119696,"Other Atlas 3 cells","Fresh/saltwater"
"CG11_3","CG11",0.0715712010120604,0.561744613767735,835,FALSE,9.7506768993988,2.01786169090428,9.72855714226398,747.350896644306,191.076616447209,261.886702865662,0.295620782016616,4,0.0948161994261017,0.832119797327274,0.0487093354977494,0,0.0243546677488747,0,"Other Atlas 3 cells","Cropland"
"DE86_3","DE86",0.0715309322883874,0.561219127693116,836,FALSE,9.4368035034675,1.88814859402429,9.45832755944324,532.813970684464,139.932583114323,204.139885230426,0.699280019468483,7,0.0719961842564361,0.457432504902636,0.00803818504601474,0.133013915807568,0.0664933231261168,0.263025886861227,"Other Atlas 3 cells","Cropland"
"DD28_3","DD28",0.0714868831827012,0.560693641618497,837,FALSE,9.39660183853633,1.80416922505302,9.49024412863047,521.799539549365,142.398544103379,198.689220406805,0.646569582942358,4,0.0821112500295425,0.512432535607818,0,0.233534756177062,0.171921458185577,0,"Other Atlas 3 cells","Cropland"
"CG09_3","CG09",0.0714720562439812,0.560168155543878,838,FALSE,9.61520140213688,2.01184466494079,9.54112205436697,719.216242615391,190.732752347947,247.968698966967,0.459472701671715,4,0.318332706057843,0.66257777797782,0,0.00973171021456826,0.00935780574976892,0,"Other Atlas 3 cells","Cropland"
"CH95_3","CH95",0.0713348125501308,0.559642669469259,839,FALSE,9.99969804623633,2.0984912150418,10.07246739392,641.638775960627,160.90360424394,236.978279537323,0.472441523508034,5,0.0640225617518463,0.18079784982443,0,0.048709336615536,0.00765661256807032,0.698813639240118,"Other Atlas 3 cells","Fresh/saltwater"
"EG16_3","EG16",0.0712877326967107,0.55911718339464,840,FALSE,9.84646452190055,2.69181391811483,9.65574907631584,479.478352050652,122.105318686708,180.932946977669,0.182098939578625,3,0.0758705497869003,0.900891057338804,0,0,0.0232383928742954,0,"Other Atlas 3 cells","Cropland"
"CF44_3","CF44",0.0712592202262428,0.558591697320021,841,FALSE,9.35202242067374,1.69187425760979,9.34459789542525,683.544882801643,190.587114552562,236.412113309725,0.593758242899292,5,0.0586411488316806,0.603275696550009,0.0982882111149639,0.10992520530906,0.129869738194287,0,"Other Atlas 3 cells","Cropland"
"HA25_3","HA25",0.0712387593372786,0.558066211245402,842,FALSE,9.04821500155977,2.07638320343818,8.53896461470421,482.407138466401,117.466681094645,160.26018555136,0.619899026701308,3,0,0.425542991484064,0,0.415360350352426,0.159096658163509,0,"Other Atlas 3 cells","Cropland"
"CD33_3","CD33",0.0711878942499309,0.557540725170783,843,FALSE,9.59306668090604,2.0238634523878,9.62186761624697,558.963200102577,154.865134724842,208.974773861614,0.756978700290576,7,0.0526176794878745,0.223128385029272,0.0290818710627042,0.102741363744291,0.156247841774537,0.436182858901321,"Other Atlas 3 cells","Fresh/saltwater"
"CG79_3","CG79",0.0711742324721128,0.557015239096164,844,FALSE,9.72985203728749,2.16643107715448,9.69968164552324,609.571746194207,163.941707713339,218.346383112942,0.453216588354614,6,0.0337124732895016,0.716160594752681,0.00935780570846067,0.165315627199771,0.0730640027431169,0.00238949630646897,"Other Atlas 3 cells","Cropland"
"CE30_3","CE30",0.0711582361307098,0.556489753021545,845,FALSE,9.29184313959968,1.5405152437592,9.33538308583732,666.972783378653,187.920781388739,232.283194739106,0.6010705822086,4,0.0735199291570277,0.576280912717863,0,0.167860025573395,0.182339132551714,0,"Other Atlas 3 cells","Cropland"
"CF06_3","CF06",0.0711183388198412,0.555964266946926,846,FALSE,9.48570853499522,1.84585480953772,9.45021989397682,705.033349842412,193.757410267961,241.212605558779,0.198246645961506,3,0.0213873745443776,0.890076644788648,0,0,0.0885359806669742,0,"Other Atlas 3 cells","Cropland"
"CC67_3","CC67",0.0711013228226502,0.555438780872307,847,FALSE,9.65043052145834,2.48666698927739,9.57143685413072,553.547992361664,154.47117379695,203.195668725741,0.175413110393843,2,0,0,0.0972814516242408,0.902718548375759,0,0,"Other Atlas 3 cells","Forest"
"FG68_3","FG68",0.0710917315372823,0.554913294797688,848,FALSE,9.5571019277236,2.00926764458775,9.47581137809359,509.821922219622,128.730317949006,187.920630064475,0,1,0,1,0,0,0,0,"Other Atlas 3 cells","Cropland"
"FE61_3","FE61",0.0710816793635215,0.554387808723069,849,FALSE,9.6113866801327,2.01454880746187,9.64047007345028,469.14454979678,109.744989916381,177.104127257007,0.777394264759256,7,0.115393364931007,0.297454851772076,0.300170296608898,0.0808069473061565,0.0606587113209997,0.145515828060862,"Other Atlas 3 cells","Pasture"
"DD82_3","DD82",0.0710743103430714,0.55386232264845,850,FALSE,9.47571676133184,1.96921431023027,9.52444143925186,512.696817765337,137.028844486454,195.730345259892,0.616364363244304,5,0.126456870156173,0.578168090318407,0,0.0556185890637128,0.146450462684811,0.0933059877768956,"Other Atlas 3 cells","Cropland"
"CG10_3","CG10",0.0710497655315888,0.553336836573831,851,FALSE,9.85505780392879,2.0945048934926,9.83269766964077,721.399154554357,182.034017439336,254.475452018707,0.39490216030728,3,0.146128006483852,0.758167496822318,0.0226404934519044,0,0.073064003241926,0,"Other Atlas 3 cells","Cropland"
"FF04_3","FF04",0.0710434842595968,0.552811350499212,852,FALSE,9.66990669512117,2.43683191448538,9.5205790769906,455.73010621585,112.366925830515,170.44545307512,0.683316455876617,5,0.201609122003631,0.455119168384294,0,0.251127287403092,0.0730640009556688,0.019080421253314,"Other Atlas 3 cells","Cropland"
"CG78_3","CG78",0.0709272409232962,0.552285864424593,853,FALSE,9.71213827873121,2.14074883229811,9.6836923246086,605.710994449074,162.788493680035,216.89815127545,0.726411064781306,7,0.126640104855052,0.444261294981745,0.026929518855777,0.146128005495579,0.0487093351651931,0.207331740646654,"Other Atlas 3 cells","Cropland"
"GG18_3","GG18",0.0708825581305053,0.551760378349974,854,FALSE,9.64581423399007,2.01170471476086,9.56839508663157,483.687274080346,118.631748860781,181.686757549897,0.253448091638554,5,0.0438153231020146,0.860832837342387,0,0,0.0487093387884363,0.0466425007671624,"Other Atlas 3 cells","Cropland"
"FF96_3","FF96",0.0708599252083659,0.551234892275355,855,FALSE,9.55378721626752,1.77879289649827,9.59876566857894,503.834277513223,122.17061791824,189.621648500243,0.620853797699072,6,0.413067541602649,0.446832266194481,0.0551746877006913,0,0.0292391900455481,0.0556863144566312,"Other Atlas 3 cells","Cropland"
"ED00_3","ED00",0.0708457074285119,0.550709406200736,856,FALSE,9.52119236739515,2.0856623437249,9.5194104475654,495.551544679917,131.100029531761,188.768567489974,0.392001981458455,3,0,0.759989849333403,0,0.0916236444300188,0.148386506236578,0,"Other Atlas 3 cells","Cropland"
"CC94_3","CC94",0.0708268396403813,0.550183920126117,857,FALSE,9.67509706094113,2.26620609612007,9.69161032319187,518.667371414855,142.689868976425,195.180336174632,0.73636866346718,7,0.102636029900637,0.273487081622016,0.182281294568641,0.0270643156469894,0.0076596512297017,0.406871627032016,"Other Atlas 3 cells","Fresh/saltwater"
"ED20_3","ED20",0.0707652271917509,0.549658434051498,858,FALSE,9.65899510551195,2.3356849339828,9.61151803405686,456.327654774413,116.486887649195,174.361967550774,0.171055038935988,4,0.0282981501636181,0.907641759028449,0.0497553208308359,0,0.0143047699770976,0,"Other Atlas 3 cells","Cropland"
"CF08_3","CF08",0.0707016363717517,0.549132947976879,859,FALSE,9.45906201677918,1.80054532631254,9.44417736949119,698.266410994767,194.103888648544,239.507356441047,0.435990575976322,4,0.0487093353813555,0.72860125309232,0,0.0608866692266943,0.161802742299631,0,"Other Atlas 3 cells","Cropland"
"CF78_3","CF78",0.0706284061368347,0.54860746190226,860,FALSE,9.36095128681154,1.65979058479542,9.40476377703088,625.560198823485,176.021169378559,219.85954041916,0.691205328223992,5,0.169596240187245,0.488495210961185,0.0809949770725528,0.146128005496687,0.11478556628233,0,"Other Atlas 3 cells","Cropland"
"DE09_3","DE09",0.0705294530402121,0.548081975827641,861,FALSE,9.28547355735041,1.46295594462603,9.42230271595358,522.33946150523,141.948093289218,195.139490915978,0.454701290709665,4,0.0117151032233818,0.700059231882715,0,0.226397462089482,0.0618282028044207,0,"Other Atlas 3 cells","Cropland"
"EG09_3","EG09",0.0703969226312116,0.547556489753022,862,FALSE,9.88537241243377,2.7058151291939,9.71832670415612,495.601752199337,127.382740995492,186.996102869208,0.563211093644327,3,0.2480636789546,0.591083480857558,0,0,0,0.160852840187843,"Other Atlas 3 cells","Cropland"
"CD21_3","CD21",0.070345303056772,0.547031003678403,863,FALSE,9.45378292625786,1.8573372193382,9.47974431627778,582.007536063,161.480908357708,215.116237520184,0.759088642607186,5,0.180053129205601,0.302713377920839,0.0485912530610715,0.28270993339429,0.185932306418197,0,"Other Atlas 3 cells","Cropland"
"CE08_3","CE08",0.0702692745399723,0.546505517603784,864,FALSE,9.46711895698665,1.87936075363352,9.46368134905616,621.992452953412,174.799146076709,223.235742626326,0.564025442317078,5,0.000848375100037021,0.119551939074488,0.210392250983893,0.61056628501992,0.058641149821662,0,"Other Atlas 3 cells","Forest"
"CD70_3","CD70",0.0701990500043094,0.545980031529165,865,FALSE,9.32907399018355,1.51652679483566,9.44378744336843,563.720867804599,154.964097746342,210.379861160298,0.308393997451973,5,0.00793097432465716,0.824131354899234,0.0202710992953021,0.051062839618792,0.0966037318620152,0,"Other Atlas 3 cells","Cropland"
"BD36_3","BD36",0.070162122244963,0.545454545454545,866,FALSE,9.78430453462498,3.00918797221173,9.47642914911674,614.072783083556,175.665136640266,204.069548598356,0.638332803002698,5,0.0243546680370046,0.301628747992365,0,0.0723354132674092,0.0960826576360995,0.505598513067122,"Other Atlas 3 cells","Fresh/saltwater"
"CG60_3","CG60",0.0701239497135117,0.544929059379926,867,FALSE,9.79594879099697,2.00729923222383,9.81728818862441,663.748524545776,176.454977386497,235.256556479648,0.486283696549837,4,0.0188082697930978,0.668509747769708,0.062606636513378,0,0,0.250075345923817,"Other Atlas 3 cells","Cropland"
"BD57_3","BD57",0.0701047171630091,0.544403573305307,868,FALSE,9.73690245211857,2.87489314647278,9.48080291895908,622.291841707623,179.51091729365,212.731928677975,0.461734934694706,5,0.0487093360192388,0.71597315566719,0,0,0.0867779503630628,0.148539557950509,"Other Atlas 3 cells","Cropland"
"CE63_3","CE63",0.0700415569102934,0.543878087230688,869,FALSE,9.00136662923859,1.20728279910315,9.08807450356278,624.306883260484,175.264129586816,222.744809425819,0.699030856042654,5,0.36134645485757,0.0733615923092949,0.036532001950034,0.370799617701588,0.157960333181513,0,"Other Atlas 3 cells","Forest"
"BC65_3","BC65",0.0700333956414874,0.543352601156069,870,FALSE,9.73253424752255,3.15247885085043,9.39933472865079,602.265901080043,175.205689009386,201.218375626138,0.7786258360984,6,0.0157967798011419,0.250245742000806,0.25859845006854,0.10079855762302,0.260030419993435,0.114530050513057,"Other Atlas 3 cells","Grass/shrub"
"DB31_3","DB31",0.0699888854993725,0.54282711508145,871,FALSE,9.38326668232925,2.27698571287323,9.31437247412415,540.424857897854,151.961598702408,195.834748337275,0.460750934575359,4,0.0200741984473685,0.686095924025946,0.0429214703071177,0.250908407219568,0,0,"Other Atlas 3 cells","Cropland"
"BE87_3","BE87",0.0699401147736995,0.542301629006831,872,FALSE,9.51536356179281,2.00609561176771,9.47947965078391,634.435172703157,178.390397223832,223.495993308913,0.378524494448676,3,0,0.768074794618264,0.00127371990571128,0.0735088285996774,0.157142656876347,0,"Other Atlas 3 cells","Cropland"
"CG19_3","CG19",0.069931299359222,0.541776142932212,873,FALSE,9.61152783945024,1.97160196647266,9.5589062164657,701.119458866385,187.177917031591,242.734404700612,0.482456609689627,4,0.654045523823071,0.296471027744482,0,0.0401256426602359,0.00935780577221105,0,"Other Atlas 3 cells","Urban"
"EE06_3","EE06",0.0699239347006266,0.541250656857593,874,FALSE,9.55333536309664,2.10796242259341,9.53826839035421,488.255534594219,127.342038816503,186.001200841229,0.592872006508619,4,0.0326230091272934,0,0,0.45135683054888,0,0.516020160323827,"Other Atlas 3 cells","Fresh/saltwater"
"DD27_3","DD27",0.0698946619648806,0.540725170782974,875,FALSE,9.43434468324205,1.79123142367797,9.53578467430043,520.604056570693,142.055701152808,198.018616130205,0.682467592205888,4,0.0780805933532552,0.427077336112388,0,0.302836712030304,0.192005358504053,0,"Other Atlas 3 cells","Cropland"
"BC45_3","BC45",0.06986161809666,0.540199684708355,876,FALSE,9.79682555753715,3.29956631181111,9.41277623712028,630.066212936482,178.590605004114,205.42511123908,0.435506945748095,2,0,0,0.320426819580561,0,0,0.679573180419439,"Other Atlas 3 cells","Fresh/saltwater"
"EF69_3","EF69",0.0698478715705233,0.539674198633736,877,FALSE,9.81671211624904,2.64682375574237,9.65962368532704,437.547321047156,106.372605568759,166.310785537629,0.490748637986899,6,0.073064010008435,0.0728974687374665,0.0487093400056233,0,0.05611667129929,0.749212509949185,"Other Atlas 3 cells","Fresh/saltwater"
"BE28_3","BE28",0.0697557558445345,0.539148712559117,878,FALSE,9.75811643607268,2.73865913663576,9.51499445634944,640.317007581045,174.280340092223,216.130881800995,0.64690013174896,5,0.00525927425886935,0.451829291002119,0.1133992957833,0.359349002871859,0.0701631360838527,0,"Other Atlas 3 cells","Cropland"
"FH66_3","FH66",0.0697179667573096,0.538623226484498,879,FALSE,9.92189807530478,2.43849322233753,9.79162485737661,508.649709272692,123.075261104323,194.798506451121,0.120073315722122,3,0.0243546698093835,0.936928236857102,0,0,0,0.0387170933335145,"Other Atlas 3 cells","Cropland"
"BG70_3","BG70",0.0696497126149952,0.538097740409879,880,FALSE,10.0888637736622,2.62045983128964,9.9332179597955,658.731201185268,159.618259249575,230.83662840913,0.138077090642612,3,0.0487093353468664,0.926569901927475,0.0247207627256584,0,0,0,"Other Atlas 3 cells","Cropland"
"DG64_3","DG64",0.0696203180287748,0.53757225433526,881,FALSE,9.78837402479542,2.48131709334358,9.6456599399715,519.141221432278,134.053780243026,191.544510642009,0.404925171162362,3,0.210857428391647,0.740433234106803,0,0,0.0487093375015495,0,"Other Atlas 3 cells","Cropland"
"DH19_3","DH19",0.0695823434043739,0.537046768260641,882,FALSE,9.88459112613446,2.23115834877127,9.86102139813529,577.539050038456,147.94996202562,212.410324431089,0.702129934525933,5,0.0515284157311552,0.25735891853059,0,0.262640078988204,0.0312791378160184,0.397193448934033,"Other Atlas 3 cells","Fresh/saltwater"
"DG97_3","DG97",0.0695666192115181,0.536521282186022,883,FALSE,9.85243489772167,2.67156009455316,9.67301661366697,498.867531552626,128.397510851095,186.937287600019,0.538778368135176,4,0.323145580265766,0.592174116218759,0,0.0779307718928,0.00674953162267542,0,"Other Atlas 3 cells","Cropland"
"DE23_3","DE23",0.0695406806013534,0.535995796111403,884,FALSE,9.24142813509546,1.50976250090991,9.32521352364338,524.011703591317,142.257561807745,193.814518745534,0.592731026095405,3,0.397019393797163,0.485680108906677,0,0.11730049729616,0,0,"Other Atlas 3 cells","Cropland"
"DF71_3","DF71",0.0695275609894932,0.535470310036784,885,FALSE,9.82942462414643,2.53877190487446,9.70816204826089,478.436855094482,123.179526974719,181.241529385927,0.330896620892501,4,0.100102365067014,0.808567634346824,0.0669753337631855,0.0243546668229765,0,0,"Other Atlas 3 cells","Cropland"
"EG13_3","EG13",0.0694759313457033,0.534944823962165,886,FALSE,9.50342231585277,2.32771370802919,9.30687609544347,506.359294008962,129.755471294363,189.190970150365,0.286970966624424,4,0.0608866733003291,0.835605982089111,0,0.0791526752904279,0.0243546693201316,0,"Other Atlas 3 cells","Cropland"
"DB13_3","DB13",0.0694759059553062,0.534419337887546,887,FALSE,9.5715795810698,2.48168474366408,9.48527679848856,527.791224407038,150.415736632616,186.353819310466,0.470159570843215,2,0.3778516697683,0.6221483302317,0,0,0,0,"Other Atlas 3 cells","Cropland"
"CD55_3","CD55",0.069471929348026,0.533893851812927,888,FALSE,9.47998181249279,1.90021280278685,9.52730073860612,559.133881989381,154.259439702989,211.309655181852,0.30367581332157,3,0,0.823118081528497,0,0.128172583908019,0.0487093345634838,0,"Other Atlas 3 cells","Cropland"
"CG25_3","CG25",0.0693044663085661,0.533368365738308,889,FALSE,9.73666895694623,2.04443092118243,9.70249188995944,689.862713596671,180.953412743829,242.062627800651,0.629979432348828,5,0.165991636035364,0.54955965484062,0.000281796168964693,0.136346014087332,0.147820898867718,0,"Other Atlas 3 cells","Cropland"
"EF74_3","EF74",0.0692005078485899,0.532842879663689,890,FALSE,9.76979078302963,2.62449084514409,9.57621404251656,460.224160401647,112.69049717446,174.619407540876,0.283522703040334,5,0.000666164958034782,0.840794222333982,0.0789970933181176,0.048709330790841,0.00038354127651885,0.0304496473225059,"Other Atlas 3 cells","Cropland"
"DE37_3","DE37",0.0691989719706786,0.53231739358907,891,FALSE,9.30034366417621,1.53288454502701,9.41731202513295,519.115691580395,141.694559655623,194.143607890124,0.499029697500359,4,0.385962072168053,0.592960414578056,0,0.0200096939701859,0.00106781928370467,0,"Other Atlas 3 cells","Cropland"
"DG17_3","DG17",0.0691761521405021,0.531791907514451,892,FALSE,9.79106604579439,2.35354790413355,9.72279743973025,581.411888756435,154.124678747287,210.772195414079,0.512211569063644,5,0,0.622242752310602,0,0.3116620354994,0.0586411479519754,0.00745406423802175,"Other Atlas 3 cells","Cropland"
"FG07_3","FG07",0.0691684445558737,0.531266421439832,893,FALSE,9.67080224674864,2.39035912003591,9.51332512294313,495.64872480405,124.782471309638,183.881819439009,0.112646631166715,4,0.0342109154253723,0.94110022364869,0.00126626182857985,0.022156337268813,0.00126626182854456,0,"Other Atlas 3 cells","Cropland"
"EH26_3","EH26",0.0691436724826666,0.530740935365213,894,FALSE,9.98969493035551,2.63516730456673,9.86433800362848,503.665577229573,123.70854701811,191.06453071374,0.347047190602224,6,0.0904784911463075,0.799811778543896,0.0662977581383868,0.016698054271352,0.0176310953951457,0.00908282250491141,"Other Atlas 3 cells","Cropland"
"BD11_3","BD11",0.068994783714951,0.530215449290594,895,FALSE,9.77397134549736,2.9361415677377,9.46405798879842,633.026320728674,175.099765450579,208.604115680498,0.62468744826117,4,0.0487093353236198,0.230389357489055,0,0.53367211443894,0.187229192748385,0,"Other Atlas 3 cells","Forest"
"CE92_3","CE92",0.0689326626968613,0.529689963215975,896,FALSE,9.45320798994338,1.69119944557048,9.54376108127623,561.91619128597,156.523430500485,201.557640027402,0.76808415875209,5,0.104404361101852,0.126199204560085,0,0.302872602888453,0.210905567035074,0.255618264414537,"Other Atlas 3 cells","Forest"
"CF95_3","CF95",0.0689137655547606,0.529164477141356,897,FALSE,9.47807327103411,1.88642808327836,9.48080343181801,605.397454540708,167.279657938138,215.053898427988,0.514438302772747,5,0.136168622549022,0.670517776655661,0.0243546683081558,0.120249595870849,0,0,"Other Atlas 3 cells","Cropland"
"EG41_3","EG41",0.0688725785194052,0.528638991066737,898,FALSE,9.94774841396889,2.74762190739038,9.77650204407514,496.962742758227,123.603798024083,187.377421081815,0.614625188375651,4,0.115956835960767,0.538453626113932,0,0,0.0672474999753303,0.278342037949971,"Other Atlas 3 cells","Cropland"
"GG20_3","GG20",0.0688138568768032,0.528113504992118,899,FALSE,9.83439886414669,2.39208686051768,9.66200717958328,490.579397235183,119.367368120732,184.931185830973,0.707559824759627,6,0.0881834329098206,0.393854702034847,0.0460266522948616,0,0.0613238381178668,0.410611374642605,"Other Atlas 3 cells","Fresh/saltwater"
"FH05_3","FH05",0.0688059581327243,0.527588018917499,900,FALSE,9.98937236762273,2.57251380866111,9.86561025005823,494.687718578744,118.018436421293,191.100102588775,0.162520386171028,2,0,0.910779511312926,0,0.0892204886870742,0,0,"Other Atlas 3 cells","Cropland"
"AE96_3","AE96",0.0687952000126215,0.52706253284288,901,FALSE,9.94127663307476,3.20148858003926,9.55884503091599,611.537862555508,162.116592508838,197.745587450135,0.671794244000371,4,0,0.352907074598933,0.304084138975903,0,0,0.343008786425165,"Other Atlas 3 cells","Cropland"
"CG61_3","CG61",0.0687887351673431,0.526537046768261,902,FALSE,9.86362833831584,2.08781456705605,9.87820212794116,616.499757030602,162.708885701971,221.335215697606,0.724319089905376,6,0.106525913379638,0.302783555231185,0.0553423289177477,0.125213273034907,0.0185381639712955,0.391596765465226,"Other Atlas 3 cells","Fresh/saltwater"
"DC36_3","DC36",0.0687281584151089,0.526011560693642,903,FALSE,9.61427710039122,2.33923801834951,9.60891614629429,510.418128290022,141.509266298009,190.398177648909,0.252322625140169,3,0.0742740521865837,0.858750611763323,0,0,0.0669753360500933,0,"Other Atlas 3 cells","Cropland"
"DE51_3","DE51",0.0686921945389019,0.525486074619023,904,FALSE,9.63488346341843,2.01905992259661,9.67929440270518,483.665024502286,128.999788704277,182.446377266913,0.689874620084843,4,0.21470096267927,0.438673436977514,0,0,0,0.346625600343215,"Other Atlas 3 cells","Cropland"
"FF33_3","FF33",0.068612852585984,0.524960588544404,905,FALSE,9.42272932774934,1.99375944153864,9.32683785888731,518.211985739849,128.514059818019,193.243782709259,0.533496960609672,3,0,0.598442072196275,0,0.0829958137386373,0.318562114065088,0,"Other Atlas 3 cells","Cropland"
"FF25_3","FF25",0.068608090912214,0.524435102469785,906,FALSE,9.7355577214527,2.39240657825733,9.63651252486472,465.180656458487,113.333619788513,174.62389947518,0.409355472368159,4,0.0701393854703858,0.74872437113955,0.109595993318261,0,0.0715402500718037,0,"Other Atlas 3 cells","Cropland"
"DC48_3","DC48",0.0685533700402718,0.523909616395166,907,FALSE,9.40659217674706,2.21558507501351,9.36482121315528,550.087602032221,153.351075073955,203.423197024911,0.462469460801864,3,0,0.678968936640537,0,0.272321726621023,0.0487093367384393,0,"Other Atlas 3 cells","Cropland"
"BE27_3","BE27",0.0685289215255885,0.523384130320547,908,FALSE,9.68195706229979,2.64625036957817,9.43581608545893,655.310751721343,177.704273008253,221.440636127285,0.240239652883637,3,0,0.138259041620185,0,0.860606470731197,0.00113448764861852,0,"Other Atlas 3 cells","Forest"
"CD83_3","CD83",0.0685064672103417,0.522858644245927,909,FALSE,9.44383865972162,1.69334363320336,9.56040123494624,531.473689535846,145.254627911103,200.8098100672,0.677566361676537,4,0.140161676959472,0.480429823174303,0,0.189951994468854,0.189456505397371,0,"Other Atlas 3 cells","Cropland"
"DF52_3","DF52",0.0684945806363535,0.522333158171308,910,FALSE,9.83924819430149,2.50402759986829,9.74949790454896,500.354279935015,130.029345967055,187.440158644082,0.503459325654121,4,0.00391702992065357,0.457639313023626,0.00264525456505061,0,0,0.53579840249067,"Other Atlas 3 cells","Fresh/saltwater"
"GF44_3","GF44",0.0684856807156481,0.521807672096689,911,FALSE,9.54932036317167,1.65588808016902,9.59685041378775,491.395428669578,119.165534161163,187.766246982195,0.509954600739777,5,0.671788409422792,0,0.0571213326106751,0,0.0182659989261124,0.252824259040421,"Other Atlas 3 cells","Urban"
"DG48_3","DG48",0.0684701376109454,0.52128218602207,912,FALSE,9.50794728956467,2.19220222315857,9.39723564100509,529.235686567955,137.505700379686,195.889640244396,0.584142168037664,4,0.120103922299242,0.556409301461853,0,0.293493051565419,0.0299937246734862,0,"Other Atlas 3 cells","Cropland"
"ED23_3","ED23",0.068416940787602,0.520756699947451,913,FALSE,9.65828116995868,2.37823018404214,9.62541924990185,443.944028547585,113.951867914923,169.324139268783,0.547356305447968,5,0.0487093323873611,0.0923321364416716,0.0487093323873611,0.169411435838974,0,0.640837762944633,"Other Atlas 3 cells","Fresh/saltwater"
"CD74_3","CD74",0.06841639644103,0.520231213872832,914,FALSE,9.45189971865496,1.75842861271744,9.54126923506562,546.138473523415,150.265241803816,206.021136127482,0.525188182543677,5,0.139672323408552,0.646397410150967,0.00921824220226202,0.0117045773346875,0.193007446903531,0,"Other Atlas 3 cells","Cropland"
"CF25_3","CF25",0.0684120251215317,0.519705727798213,915,FALSE,9.28319314356692,1.61880774075877,9.27271664149316,726.486061355337,201.497429749845,249.273129290803,0.658246687903443,5,0.155958457438532,0.518485517337426,0.0292698932968197,0.19182274126674,0.104463390660482,0,"Other Atlas 3 cells","Cropland"
"CE43_3","CE43",0.0683793098350675,0.519180241723594,916,FALSE,9.11350007241808,1.33165404706478,9.18491910403685,649.214173339456,183.074135465246,229.944298509916,0.307550583953538,3,0,0.166835738849024,0.0182660010608565,0.814898260090119,0,0,"Other Atlas 3 cells","Forest"
"BC43_3","BC43",0.0683394884306634,0.518654755648975,917,FALSE,9.66321761843499,3.13478737358429,9.28822501518729,629.257944958417,180.073197322425,206.206414850281,0.714344408083849,6,0.0243546673298177,0.0939043190728447,0.0623117261707087,0.449827316741008,0.207248241095219,0.162353729590401,"Other Atlas 3 cells","Forest"
"BF60_3","BF60",0.0682507768791045,0.518129269574356,918,FALSE,9.92790730002693,2.64075385806308,9.71687748984979,662.299156733815,172.469272610689,225.271201264483,0.43160258970635,4,0.0481353265911852,0.720591216283401,0.0154244696882347,0,0.215848987437179,0,"Other Atlas 3 cells","Cropland"
"FH73_3","FH73",0.0682391247916894,0.517603783499737,919,FALSE,9.99773837126469,2.44727958364098,9.88347178150431,503.530556145273,119.49510186784,197.247998469303,0.698893183961986,5,0.192621485275592,0.423350834087651,0.0669753293490856,0.0364429497047496,0,0.280609401582923,"Other Atlas 3 cells","Cropland"
"CE31_3","CE31",0.0682364047169309,0.517078297425118,920,FALSE,9.29018564773612,1.54140990810322,9.33993896984649,655.723260396086,185.622761723038,228.927033198039,0.486652382962873,4,0.037608810614725,0.688102210876107,0,0.116756748785311,0.157532229723857,0,"Other Atlas 3 cells","Cropland"
"CE20_3","CE20",0.0682093233650266,0.516552811350499,921,FALSE,9.36458522065857,1.62763403383356,9.39218698751876,670.054107083346,188.456182323014,232.499219100739,0.617194286291603,5,0.00933125631818629,0.532120538543003,0.0462358528612305,0.284984730021518,0.127327622256062,0,"Other Atlas 3 cells","Cropland"
"CH66_3","CH66",0.0682052350564539,0.51602732527588,922,FALSE,9.81963705647448,1.88497773366053,9.8935450413912,690.554860844302,175.547784686628,248.842770582564,0.701299881125859,6,0.0827214564853162,0.482444347422064,0.0974186718669673,0.159499755554387,0.0243546679667418,0.153561100704523,"Other Atlas 3 cells","Cropland"
"CH18_3","CH18",0.068178861004968,0.515501839201261,923,FALSE,9.92576544185273,2.12704163389423,9.92291111818243,718.779441934622,177.660128553324,254.867911677872,0.488029071200747,3,0,0.669485797784547,0,0.0996298192488979,0.230884382966555,0,"Other Atlas 3 cells","Cropland"
"GG36_3","GG36",0.0681680328073759,0.514976353126642,924,FALSE,9.58172971091464,2.01443000062804,9.46210635064879,485.159909174123,117.563559080737,184.533014299234,0.486474856378846,3,0.104130124757878,0.67309115456376,0,0,0,0.222778720678362,"Other Atlas 3 cells","Cropland"
"CG64_3","CG64",0.0679813838504322,0.514450867052023,925,FALSE,9.78211514360651,2.09056603807388,9.77534092682946,642.738799239174,171.779260250447,228.47172866024,0.496902736636632,3,0.640300141667362,0.292584085273271,0.0671157730593671,0,0,0,"Other Atlas 3 cells","Urban"
"CF39_3","CF39",0.0679127217249912,0.513925380977404,926,FALSE,9.28449998061671,1.54150684355166,9.31465996629655,662.215903479155,185.57196522029,230.221738109419,0.688725885902679,4,0.0680474135572721,0.374633555891523,0,0.352791530958074,0.204527499593132,0,"Other Atlas 3 cells","Cropland"
"EF08_3","EF08",0.0679035765151758,0.513399894902785,927,FALSE,9.74545940932016,2.40807340874346,9.66815502848699,443.876974608568,111.220841654796,171.773329080084,0.692795871705541,5,0.0730640002646146,0.471403100702821,0,0,0.146128000529229,0.309404898503335,"Other Atlas 3 cells","Cropland"
"CC57_3","CC57",0.067866474083926,0.512874408828166,928,FALSE,9.69787645231288,2.57854115594002,9.60434308398377,546.326109415582,151.643473192512,200.626177967566,0.670325518120474,4,0,0,0.479419444527125,0.198551343852934,0.00540588472533065,0.316623326894611,"Other Atlas 3 cells","Pasture"
"DD51_3","DD51",0.0678296350635514,0.512348922753547,929,FALSE,9.50314185132096,1.84287938356969,9.60749514810729,504.477053119198,137.109552035563,191.246237506869,0.541354534803548,6,0.0586411539002488,0.659027356592849,0.0487093336242434,0.0925686146770726,0.0706389741507181,0.0704145670548678,"Other Atlas 3 cells","Cropland"
"CH86_3","CH86",0.067819048877207,0.511823436678928,930,FALSE,9.95774936012235,2.06252731041195,10.028256136974,663.611120278914,168.073599226151,242.248602706015,0.734339195354249,5,0.352462912000142,0.283886425446051,0,0.0308680970201842,0,0.332782565533623,"Other Atlas 3 cells","Urban"
"FG54_3","FG54",0.0677865023164072,0.511297950604309,931,FALSE,9.70970383694044,2.23419089472382,9.59062922250614,524.785211403884,131.626924855676,194.04302887103,0.650734722217459,4,0.515408525476156,0.217561102299247,0,0.147858396847159,0.119171975377438,0,"Other Atlas 3 cells","Urban"
"CF87_3","CF87",0.0677464262673527,0.51077246452969,932,FALSE,9.41732615880953,1.76221944431391,9.44550591894716,586.177722992258,162.701785831242,208.551581466917,0.0836664656657439,4,0.00890187936601904,0.956672644659692,0,0.0317962883983581,0.00262918757593119,0,"Other Atlas 3 cells","Cropland"
"FF16_3","FF16",0.0676398174722025,0.510246978455071,933,FALSE,9.79687004367711,2.51977759198054,9.68033713361057,449.610193514028,109.088601848785,168.9089587001,0.126278910247113,3,0.045287746150286,0.933129077817022,0.0215831760326918,0,0,0,"Other Atlas 3 cells","Cropland"
"EG07_3","EG07",0.0675936825982226,0.509721492380452,934,FALSE,9.84438513298076,2.67897658146417,9.66188801062031,502.730395601941,129.27951067566,188.735389568416,0.495781643736491,3,0.251495363200054,0.657835500990966,0,0,0.0906691358089804,0,"Other Atlas 3 cells","Cropland"
"GF53_3","GF53",0.0675510808062689,0.509196006305833,935,FALSE,9.56992267290622,1.68994652132732,9.59839301735935,482.534049721052,116.134562171258,185.4119805654,0.508389945941372,4,0.607157813724881,0.00916994184070816,0.33951348892157,0.0305625227293955,0,0.0135962327834451,"Other Atlas 3 cells","Urban"
"CF18_3","CF18",0.0675135476157788,0.508670520231214,936,FALSE,9.43941400601278,1.74442883431909,9.44176893941903,678.426740013099,189.585831311867,232.974775602991,0.614261593422014,3,0,0.447651671555922,0,0.148107678434985,0.404240650009093,0,"Other Atlas 3 cells","Cropland"
"DE12_3","DE12",0.0674618226567919,0.508145034156595,937,FALSE,9.30527264544669,1.58308192248038,9.37741898125136,580.030529129526,160.394289906281,210.992620949362,0.673530069304606,5,0.494083818778235,0.181580522426032,0,0.111518136079864,0.182660012246977,0.0301575104688916,"Other Atlas 3 cells","Urban"
"FG19_3","FG19",0.0674532283129088,0.507619548081976,938,FALSE,9.54465526060305,2.23597360115653,9.40639852004666,506.946888095453,126.324312913438,189.151774737298,0.584925952698816,5,0.0259210653463235,0.481877715322788,0,0.419697815006531,0.0714192782685855,0.00108412605577233,"Other Atlas 3 cells","Cropland"
"FF45_3","FF45",0.0674266778339914,0.507094062007357,939,FALSE,9.62307502689477,2.13464060323444,9.57574190011531,473.98010126583,114.879013118158,178.546960298747,0.768307038387347,7,0.227036030991913,0.0943711766220135,0.0471855883108689,0.116090626618912,0.0592441582240895,0.456072419232203,"Other Atlas 3 cells","Fresh/saltwater"
"HA06_3","HA06",0.0674049659954724,0.506568575932738,940,FALSE,9.26674671829774,2.23866102216798,8.78945411549565,511.196396321398,125.285046950792,169.843137600075,0.684702703156503,5,0.0808286862434538,0.476747769683406,0,0,0.115010164295218,0.327413379777922,"Other Atlas 3 cells","Cropland"
"CG90_3","CG90",0.0673864412381009,0.506043089858119,941,FALSE,9.92302204802331,2.22066543885569,9.92097027752965,618.915525240499,160.975077671939,225.411812939647,0.683767862780145,4,0.206174913201069,0.426097452755037,0,0,0.0730640049230638,0.29466362912083,"Other Atlas 3 cells","Cropland"
"FH65_3","FH65",0.0673830284681832,0.5055176037835,942,FALSE,9.94487549928552,2.43431792273173,9.81833558942713,504.038920718119,120.998183282671,194.850389440673,0.596385541098717,7,0.0731233487727232,0.608192225644442,0.048709339616339,0.127251578084927,0.048709339616339,0.0940141682652294,"Other Atlas 3 cells","Cropland"
"BG97_3","BG97",0.0673505437879219,0.504992117708881,943,FALSE,9.79846746483305,2.25705446070419,9.68624597334524,717.380574715845,186.285638201094,248.706734281727,0.0675161132923144,3,0,0.965289329724505,0,0.0103560025904712,0.024354667685024,0,"Other Atlas 3 cells","Cropland"
"CF45_3","CF45",0.0673464209021988,0.504466631634262,944,FALSE,9.27044974547422,1.60450321562814,9.27216346544515,665.438951330487,185.941240615926,230.774631192572,0.42864183985844,4,0.0303556849436548,0.719851573349356,0,0,0.225438073626885,0.0243546680801049,"Other Atlas 3 cells","Cropland"
"CD73_3","CD73",0.0673422614994211,0.503941145559643,945,FALSE,9.468129589197,1.73634371789732,9.57762061509566,542.900754968855,148.41961209662,205.153613174878,0.719992889760348,6,0.030320996083632,0.44386943755184,0.18137273896349,0.180312315106654,0.10087424161653,0.0632502706778525,"Other Atlas 3 cells","Cropland"
"FE10_3","FE10",0.0673083563722885,0.503415659485024,946,FALSE,9.70398144591745,2.44687466176459,9.59427396844493,456.828943399235,107.249730149444,170.94736213541,0.741721788473613,7,0.0243546700567616,0.0501961931275207,0.0243546700567616,0.365813817647106,0.241856415413755,0.293424233698095,"Other Atlas 3 cells","Forest"
"CF61_3","CF61",0.0673008993805489,0.502890173410405,947,FALSE,9.48647204814118,1.90145118107173,9.46130489471261,666.730433520773,182.040352476996,235.360428653741,0.481954251423795,5,0.193953937502471,0.686253886556825,0.00869545616974278,0.0928307187961973,0.0182660009747645,0,"Other Atlas 3 cells","Cropland"
"DB53_3","DB53",0.0672855674762165,0.502364687335786,948,FALSE,9.32968376228386,2.27926169964825,9.2411112210051,534.717640782549,150.561814676538,192.692666219277,0.524291792780913,3,0,0.573219872593963,0,0.380495820065871,0.0462843073401657,0,"Other Atlas 3 cells","Cropland"
"DB34_3","DB34",0.0670854282575524,0.501839201261167,949,FALSE,9.4115478601801,2.35985887034154,9.31178251015816,543.438969575508,155.314721693423,191.530414116655,0.655344842186497,4,0.0487093353091472,0.478760394572972,0,0.222059713344454,0.250470556773426,0,"Other Atlas 3 cells","Cropland"
"BG99_3","BG99",0.0670850435086948,0.501313715186548,950,FALSE,9.63720741594765,2.09170873331103,9.53410752025727,726.411916194829,190.762178803052,251.006206236505,0.107716615138684,3,0.0313120856482139,0.943759237966633,0,0,0.0249286763851534,0,"Other Atlas 3 cells","Cropland"
"DC21_3","DC21",0.0670500816824597,0.500788229111929,951,FALSE,9.50346189542857,2.00713723663724,9.57036541511056,510.892525761831,139.503219901295,194.290350036909,0.372360456021468,4,0.0568597573936511,0.776187769163832,0.12330536141635,0,0.0436471120261663,0,"Other Atlas 3 cells","Cropland"
"EE27_3","EE27",0.0669629103119923,0.50026274303731,952,FALSE,9.59649823343906,2.25517600655112,9.54502057461281,476.032071308835,121.901048426941,181.994414449776,0.726194005258701,7,0.0609221559129801,0.253982149449832,0.0487093323847541,0.0775338688478496,0.0751996370165619,0.483652856388023,"Other Atlas 3 cells","Fresh/saltwater"
"CD39_3","CD39",0.0669619367643666,0.49973725696269,953,FALSE,9.60197744902174,2.3015282186494,9.55661645431385,562.132254432258,156.448255262105,210.270094973548,0.653926410691726,5,0.0487093352250499,0.493877342968879,0.0984907480734666,0.282121469706232,0.0768011040263723,0,"Other Atlas 3 cells","Cropland"
"BD71_3","BD71",0.0669129880202982,0.499211770888071,954,FALSE,9.52253753118121,2.20916327311059,9.4206559610653,648.28552178241,180.872350290074,230.604386103794,0.502685035532669,5,0.175993391168304,0.671913489494531,0.00877611981674583,0.0243546676733905,0.118962331847028,0,"Other Atlas 3 cells","Cropland"
"DD80_3","DD80",0.0669005748710336,0.498686284813452,955,FALSE,9.41635262694062,1.86811945962168,9.46958810187555,522.071066456362,140.459840866416,198.618908496226,0.654917481445307,5,0.181718473483394,0.251624276446387,0.0285145171534637,0.495990442862053,0.0421522900547023,0,"Other Atlas 3 cells","Forest"
"DC05_3","DC05",0.0668025282981336,0.498160798738833,956,FALSE,9.6770181973527,2.30376838896968,9.69160320644827,527.828621512121,145.779206552349,197.727272884544,0.748696457215815,5,0.308909226288089,0.0984473667206807,0.248479996625999,0,0.274049984584156,0.0701134257810757,"Other Atlas 3 cells","Urban"
"CG38_3","CG38",0.0667669009899981,0.497635312664214,957,FALSE,9.65578000055431,1.99262444832419,9.62506045154653,674.7320332035,179.676790255688,236.954949481966,0.471018859404966,3,0.33590029913229,0.644810080715441,0,0.0192896201522688,0,0,"Other Atlas 3 cells","Cropland"
"CD62_3","CD62",0.0667348661796954,0.497109826589595,958,FALSE,9.38434757575249,1.65881477653931,9.48405985948142,555.886260270089,152.895636790744,208.527231959157,0.67190160902392,4,0.182940882045879,0.471007237803513,0,0.0926914682989392,0.253360411851669,0,"Other Atlas 3 cells","Cropland"
"CD87_3","CD87",0.0666999378261396,0.496584340514976,959,FALSE,9.26201815425431,1.63347802789151,9.33979170252407,571.238792519466,157.063687884185,216.679583377557,0,1,0,1,0,0,0,0,"Other Atlas 3 cells","Cropland"
"FH32_3","FH32",0.0666389990347428,0.496058854440357,960,FALSE,10.0157439359214,2.44063310468874,9.94983021588434,505.332657833339,119.789559447683,196.743174649409,0.495244280181027,6,0,0.677215453186176,0.0120372508086431,0.080758715369893,0.192583394963133,0.0374051856721548,"Other Atlas 3 cells","Cropland"
"DC08_3","DC08",0.0666330899434936,0.495533368365738,961,FALSE,9.6674694929034,2.41054835297096,9.63616836078991,524.382909030615,146.335788452344,192.733088532388,0.490943928973006,4,0,0.675996490740445,0.182366545995788,0.0116917244609479,0.129945238802819,0,"Other Atlas 3 cells","Cropland"
"CG74_3","CG74",0.0665850413437151,0.495007882291119,962,FALSE,9.80157718483739,2.14719136706229,9.79178007183068,627.454575727391,167.384821226854,224.859147895252,0.408934313355219,4,0.0283201547426926,0.747291062733914,0.0546575659046242,0,0.169731216618769,0,"Other Atlas 3 cells","Cropland"
"DE02_3","DE02",0.066493723905521,0.4944823962165,963,FALSE,9.36182711259599,1.62027148406789,9.44388018666882,586.84831557789,162.337709642939,212.275813076969,0.538593265129169,5,0.204238839538799,0.637743140787365,0,0.00371742532442585,0.0544443154526525,0.0998562788967578,"Other Atlas 3 cells","Cropland"
"DB79_3","DB79",0.0664131439910707,0.493956910141881,964,FALSE,9.63290599219059,2.59164011711545,9.52600253260857,511.155431423342,141.318959853086,179.965928517171,0.596375300775121,5,0,0,0.157485484803163,0.153097001892611,0.0282650333748289,0.588088479462545,"Other Atlas 3 cells","Fresh/saltwater"
"FF53_3","FF53",0.0663863729328764,0.493431424067262,965,FALSE,9.46850088059075,1.91972056577664,9.41802903050451,494.321650746586,121.41699291725,184.520664367745,0.27851193338268,3,0.137856232850226,0.837789099871457,0,0.0243546672783165,0,0,"Other Atlas 3 cells","Cropland"
"BE13_3","BE13",0.0663670766157495,0.492905937992643,966,FALSE,9.86965009596854,2.91692085322239,9.56982582087669,626.366566000016,167.6842246069,208.327731045719,0.544140828794667,5,0.134641038038487,0.642776617216696,0,0.0730640029905183,0.138213747730346,0.0113045940239525,"Other Atlas 3 cells","Cropland"
"CF75_3","CF75",0.0663312957265124,0.492380451918024,967,FALSE,9.28616489777091,1.66595063239686,9.29732785338783,677.125645560262,189.262622620521,237.560419398877,0.558001654941562,3,0.378042494196777,0.539619746817141,0,0.0823377589860828,0,0,"Other Atlas 3 cells","Cropland"
"CE17_3","CE17",0.066312330511556,0.491854965843405,968,FALSE,9.37225770299846,1.70308241946609,9.39863640479808,621.718300400265,174.526141170406,223.450097310103,0.575825747756223,5,0.109112776862875,0.0414499787633659,0.167622930141671,0.613665536583211,0.0681487776488779,0,"Other Atlas 3 cells","Forest"
"CE73_3","CE73",0.0662027020435793,0.491329479768786,969,FALSE,9.11271423791016,1.32475817893757,9.2062627860626,602.755493240309,168.997367227601,215.565320432107,0.510017279834447,5,0.136575541046686,0.11356149128466,0.048709335165536,0.67412209684033,0.0270315356627875,0,"Other Atlas 3 cells","Forest"
"CG27_3","CG27",0.0661955045732743,0.490803993694167,970,FALSE,9.61529205034015,1.96639854145778,9.57275100703484,698.825193582374,184.654347318218,245.196679036006,0.642792076338045,4,0.0779307701234494,0.512279731135617,0,0.253579855708899,0.156209643032035,0,"Other Atlas 3 cells","Cropland"
"EH67_3","EH67",0.0661629639153304,0.490278507619548,971,FALSE,10.0070064913355,2.66479502051126,9.86366503687734,490.387553036043,118.70306701087,187.250047761214,0.328395599532025,5,0,0.800877850515534,0.0031439271919197,0,0.0129038751070604,0.183074347185486,"Other Atlas 3 cells","Cropland"
"BD59_3","BD59",0.0661276862897038,0.489753021544929,972,FALSE,9.80484191805589,3.04009146943177,9.52272746012367,592.107699987999,171.400387500592,200.627979893635,0.622304679645681,6,0.123092335958638,0.0483483577265312,0.101078056281914,0,0.113622916953492,0.613858333079425,"Other Atlas 3 cells","Fresh/saltwater"
"DD03_3","DD03",0.0660899693772648,0.48922753547031,973,FALSE,9.44349259912839,1.67026561968566,9.57250823682205,530.204189997917,144.445933281568,200.905183885238,0.521039557853187,5,0.138847503938572,0.667643312183576,0.0861296485325733,0.0343155343773863,0.0730640009678934,0,"Other Atlas 3 cells","Cropland"
"FG72_3","FG72",0.0660884740452946,0.488702049395691,974,FALSE,9.68158710721371,2.18595549327395,9.54331792571839,511.359193197583,126.338793519256,191.102399496167,0.34439160181571,4,0.0243546652168798,0.796995547017865,0,0.113679559099512,0.0649702286657427,0,"Other Atlas 3 cells","Cropland"
"CF12_3","CF12",0.0660647378802256,0.488176563321072,975,FALSE,9.44150785326568,1.80753652867564,9.39350559380924,703.992390939241,190.59405263383,242.570136607057,0.741887357484868,5,0.0400509565047379,0.234625242865926,0.127788123139353,0.356236575707394,0.241299101782588,0,"Other Atlas 3 cells","Forest"
"FG90_3","FG90",0.0660434038659778,0.487651077246453,976,FALSE,9.66176206881034,2.19940505190357,9.50190968005406,492.232926583324,120.515132478842,186.54353060525,0.506670377933629,5,0.048709332348974,0.672655435648792,0,0.151644191659225,0.124456019156268,0.00253502118674072,"Other Atlas 3 cells","Cropland"
"CG75_3","CG75",0.0660198603396918,0.487125591171834,977,FALSE,9.80392133725725,2.17463395112508,9.79230762382736,611.966778418718,163.537773284728,218.85525054035,0.328348622353208,5,0.0259106131486719,0.81097160269095,0,0.102375529276208,0.0524349069797382,0.00830734790443117,"Other Atlas 3 cells","Cropland"
"BE48_3","BE48",0.0659476485750412,0.486600105097215,978,FALSE,9.61915591409412,2.43175231230766,9.44300741972734,646.654577734347,178.452102315903,222.557218371578,0.745648928931326,5,0.0689422267449813,0.203750615553454,0.219192005973208,0.378452286184155,0.129662865544202,0,"Other Atlas 3 cells","Forest"
"EG01_3","EG01",0.0659108250212187,0.486074619022596,979,FALSE,9.58590194408239,2.36867969481186,9.41100800239914,538.48144864781,139.20478055078,198.494562273525,0.658803004059327,3,0.38373086205672,0.353155654338406,0,0.263113483604874,0,0,"Other Atlas 3 cells","Urban"
"DF07_3","DF07",0.0659014440359749,0.485549132947977,980,FALSE,9.47285136282299,1.84700479285194,9.49332585419264,569.619192054951,155.302274557868,205.867912256093,0.51484683367972,6,0.61301158598893,0.328345912177458,0,0.0370088692822037,0.0114071068173225,0.0102265257340853,"Other Atlas 3 cells","Urban"
"CG77_3","CG77",0.0658023878000873,0.485023646873358,981,FALSE,9.81274487766199,2.22391424711879,9.79261066445699,608.259143789146,163.861090563177,216.187809392017,0.693476024303487,4,0.188543742271422,0.422129781601925,0,0,0,0.389326476126653,"Other Atlas 3 cells","Cropland"
"DD55_3","DD55",0.0657862815503491,0.484498160798739,982,FALSE,9.56218650571119,1.97035385809809,9.65119457976748,483.951872596796,131.411892538811,184.094090154357,0.324748553528353,4,0,0.812826911363341,0,0.0974186672554287,0.0677413072900237,0.0220131140912059,"Other Atlas 3 cells","Cropland"
"DE40_3","DE40",0.0657682551698244,0.48397267472412,983,FALSE,9.54786370134642,1.94006695378801,9.5825029768278,486.050226291145,130.289809710261,181.930355372444,0.494748067120411,4,0.147039862878894,0.684950941161195,0,0.0974186734790413,0.0705905224808692,0,"Other Atlas 3 cells","Cropland"
"DF09_3","DF09",0.0657565305210145,0.483447188649501,984,FALSE,9.40663052080876,1.71695288139181,9.45027608117395,606.744397503533,168.873560343646,217.31716687432,0.611155446479204,5,0.258463333245916,0.551472462914944,0.00559374876276077,0.112881741707108,0.071588713369271,0,"Other Atlas 3 cells","Cropland"
"DF15_3","DF15",0.0657449715041606,0.482921702574882,985,FALSE,9.36111151793379,1.82607309341317,9.34686310606868,583.071075584288,158.537470282247,211.736332825126,0.121658620340567,3,0.0213389187848936,0.935983243645363,0,0.042677837569743,0,0,"Other Atlas 3 cells","Cropland"
"FH43_3","FH43",0.0657114776660991,0.482396216500263,986,FALSE,9.95278002335263,2.40836723232432,9.8643278125492,500.791130940017,118.785057217185,195.218801318779,0.305404410308371,4,0.0362363687065096,0.826134812598622,0,0.0608569846598761,0.0767718340349921,0,"Other Atlas 3 cells","Cropland"
"BF25_3","BF25",0.0656634884668643,0.481870730425644,987,FALSE,9.9057525711385,2.98474172637589,9.56621715083099,643.035968542786,168.889974134424,213.677460256474,0.324002148971579,5,0.0838363150883123,0.81562790258244,0.0487093349400136,0.0274717799192269,0.0243546674700068,0,"Other Atlas 3 cells","Cropland"
"EG76_3","EG76",0.0656281667756758,0.481345244351025,988,FALSE,9.91421541811893,2.75551879291326,9.71680114574072,480.305239133191,119.013630427081,181.153187709383,0.751467889619679,5,0.277955487849881,0.0877704809468955,0,0,0.0974186615871085,0.536855369616115,"Other Atlas 3 cells","Fresh/saltwater"
"FF90_3","FF90",0.0655985022250396,0.480819758276406,989,FALSE,9.58923289656378,1.92270223672506,9.55925275128294,487.815988792908,121.393104200139,181.521720003193,0.522495377196795,5,0.28571905631843,0.626513547504483,0.0307853086426554,0.035957990596092,0.0210240969383397,0,"Other Atlas 3 cells","Cropland"
"HA22_3","HA22",0.0653008615964675,0.480294272201787,990,FALSE,9.6337167013321,2.64184237317735,9.12034705116276,476.354386916271,115.525534694451,156.799892235754,0.477525521885391,4,0.0257186585134117,0.264233463127212,0,0,0.0388675610205926,0.671180317338783,"Other Atlas 3 cells","Fresh/saltwater"
"DC23_3","DC23",0.0652580827414472,0.479768786127168,991,FALSE,9.55563628326457,2.14012182728922,9.59521905323573,507.368804881426,138.5187376474,192.623037356615,0.549188223633057,4,0.229548574895751,0.616262448784075,0,0.129834309034297,0.0243546672858765,0,"Other Atlas 3 cells","Cropland"
"DD46_3","DD46",0.0652094412891602,0.479243300052549,992,FALSE,9.48941045871383,1.88202058980663,9.58522626013042,503.297939140119,136.250570057526,191.552801394085,0.707979240901305,6,0.00910016013885948,0.244773906692103,0.0245469226321606,0.415692671444371,0.0760098171536831,0.229876521938823,"Other Atlas 3 cells","Forest"
"CE45_3","CE45",0.0650853730268222,0.47871781397793,993,FALSE,9.16834533137577,1.35901874889457,9.25676589680664,613.516159436656,171.760179245872,220.653190972479,0.609376500040726,6,0.231882131487697,0.0201045983224197,0.073280145557415,0.568468276252811,0.0819101802989826,0.0243546680806751,"Other Atlas 3 cells","Forest"
"CD58_3","CD58",0.0650645716464717,0.478192327903311,994,FALSE,9.52077424873485,2.03677611843084,9.53878596172562,554.553611095724,153.277571117728,209.575804402248,0,1,0,1,0,0,0,0,"Other Atlas 3 cells","Cropland"
"DG52_3","DG52",0.0650523659907282,0.477666841828692,995,FALSE,9.66178720976843,2.29194989947337,9.53956671810877,594.530928088796,154.427037748269,216.71498715623,0.7214251635788,5,0.189560813118585,0.405148824471153,0.0243546668120983,0.138793570942213,0.242142124655951,0,"Other Atlas 3 cells","Cropland"
"ED01_3","ED01",0.0650236004641405,0.477141355754073,996,FALSE,9.50535113406435,2.0952313253354,9.50463266914004,482.494842715166,127.439554999095,184.19865201858,0.645476060557287,5,0.142635152562455,0.500322935420071,0.0419598023048987,0.0301496892758211,0.284932420436754,0,"Other Atlas 3 cells","Cropland"
"BE36_3","BE36",0.0649835898801679,0.476615869679454,997,FALSE,9.55636695923516,2.40500406991402,9.34187068076197,666.855894463085,183.081213480743,226.339225242225,0.264476633016138,3,0,0.0353543019312699,0.115717185602192,0.848928512466538,0,0,"Other Atlas 3 cells","Forest"
"FF67_3","FF67",0.0649808680460002,0.476090383604834,998,FALSE,9.53022885769027,1.92378168619034,9.53007612579353,492.981961947803,117.46583969314,186.313298028177,0.617617893402903,7,0.0752925027160287,0.569947170872602,0.03131919172387,0.0504422776425874,0.0243546698076946,0.248644187237218,"Other Atlas 3 cells","Cropland"
"GF45_3","GF45",0.064902711572316,0.475564897530215,999,FALSE,9.46279976102778,1.54485465046657,9.53168178565551,498.942052859521,121.281297513408,190.631990055826,0,1,1,0,0,0,0,0,"Other Atlas 3 cells","Urban"
"BE78_3","BE78",0.0648560698136711,0.475039411455596,1000,FALSE,9.57429181294364,2.15373049163166,9.49769236144742,634.999027408922,178.054979313787,223.00501230938,0.545942966814836,4,0.0679303911123894,0.573119201705986,0,0.0151191258424403,0.343831281339184,0,"Other Atlas 3 cells","Cropland"
"FF63_3","FF63",0.0647963508913655,0.474513925380977,1001,FALSE,9.38958915723827,1.78243888246909,9.35508480036914,497.094810461811,121.947618612669,186.134199505304,0.350295838170888,4,0.0622715104593538,0.796975898717622,0,0.0852413443319673,0.0555112464910565,0,"Other Atlas 3 cells","Cropland"
"CF52_3","CF52",0.0647684896198205,0.473988439306358,1002,FALSE,9.43431871535789,1.81839087573039,9.41552142338458,666.401862550854,183.53593530902,232.76684722803,0.553796616625375,3,0.343305723064065,0.565438157168291,0,0.091256119767644,0,0,"Other Atlas 3 cells","Cropland"
"DE36_3","DE36",0.064763132837581,0.473462953231739,1003,FALSE,9.32423624482156,1.56169395628932,9.43754387994969,516.040240109692,140.807321248603,192.590538291677,0.710298162841677,4,0.324776105777169,0.316700173242022,0,0.278277812012872,0.0802459089679374,0,"Other Atlas 3 cells","Urban"
"DG16_3","DG16",0.0645870178769563,0.47293746715712,1004,FALSE,9.87826963150149,2.42323373225064,9.81504122709079,565.273459249442,148.943823279737,205.256131311054,0.53699758583842,6,0,0.651773299594443,0.0487093366020565,0.0213389187858308,0.039153250115182,0.239025194902488,"Other Atlas 3 cells","Cropland"
"BF62_3","BF62",0.0645633777141142,0.472411981082501,1005,FALSE,9.79451695936326,2.49219101138715,9.60124169695714,678.688146388508,177.54000765508,231.707567652628,0.305272695889912,5,0.0908298783203924,0.826133885671478,0.0045110882829506,0.0184897031179872,0.0600354446071915,0,"Other Atlas 3 cells","Cropland"
"FH14_3","FH14",0.0645295090024892,0.471886495007882,1006,FALSE,9.97681098207515,2.4755724996556,9.87195074669877,498.380796230057,118.753544674636,192.844480293551,0.109683939726761,4,0.02592106534838,0.942638002365456,0,0.0298745369944517,0,0.00156639529171223,"Other Atlas 3 cells","Cropland"
"DF59_3","DF59",0.0644705736978009,0.471361008933263,1007,FALSE,9.64823747161497,2.09814437889016,9.66310344388727,497.348536602873,131.967682796219,187.230632720304,0.671090503137951,4,0.170482667685228,0.418315998206031,0,0,0,0.411201334108741,"Other Atlas 3 cells","Cropland"
"CD10_3","CD10",0.0643351999604394,0.470835522858644,1008,FALSE,9.43435103870166,1.85633481114936,9.45174960288946,613.948390476416,172.12416306634,223.445929641297,0.660584660826107,5,0.0386594386404454,0.479455405063418,0.0199817113225011,0.208967222188428,0.252936222785207,0,"Other Atlas 3 cells","Cropland"
"DE99_3","DE99",0.0642874691061386,0.470310036784025,1009,FALSE,9.58661372641313,2.08047848186992,9.60702447258497,488.64124933746,129.227533015607,186.971327002695,0.593006663025441,5,0.0798135364104776,0.577935392665541,0.1518399100062,0.0111177163574386,0.179293444560343,0,"Other Atlas 3 cells","Cropland"
"CD67_3","CD67",0.0642353793017249,0.469784550709406,1010,FALSE,9.46200282314239,1.89674567079082,9.51061536865562,549.048158284475,151.16710230643,207.986538195529,0.436684375734353,4,0.147596912989858,0.730629747183476,0,0.0730640038959995,0.0487093359306663,0,"Other Atlas 3 cells","Cropland"
"EF84_3","EF84",0.0642060420197529,0.469259064634787,1011,FALSE,9.80040010239632,2.63519441237362,9.6129621674693,446.545071503946,109.203943586988,169.012371966502,0.699819176804137,5,0.114234812646676,0.318629152026267,0.402302204300406,0.138955416752087,0.0258784142745641,0,"Other Atlas 3 cells","Pasture"
"BF77_3","BF77",0.06411235652407,0.468733578560168,1012,FALSE,9.69412367358225,2.22518846277314,9.58419763658291,673.815735383176,182.653687001209,230.378648266888,0.318135310402853,5,0.0086416811465497,0.0332582282491685,0.0721691934865527,0.819156046178889,0.0667748509388404,0,"Other Atlas 3 cells","Forest"
"EG02_3","EG02",0.0640888146403751,0.468208092485549,1013,FALSE,9.49731637963555,2.30406153711578,9.31339175752458,536.517000722017,138.277390464433,198.660618124956,0.556649362468033,4,0.0466557023538941,0.53183672670492,0,0.397152904188008,0.0243546667531776,0,"Other Atlas 3 cells","Cropland"
"DB01_3","DB01",0.0640470364319703,0.46768260641093,1014,FALSE,9.62182079710812,2.46921707369197,9.55172712967244,525.395868998096,148.604662497921,188.357110236809,0.219076360651984,4,0.0228793793945098,0.879701952652945,0.0243546669881362,0,0.0730640009644087,0,"Other Atlas 3 cells","Cropland"
"DF17_3","DF17",0.0640467118496424,0.467157120336311,1015,FALSE,9.57271180810237,1.97079422556827,9.58842720208499,527.23112535786,142.170720245208,192.983346676757,0.445946514869966,4,0,0.719487299590885,0,0.128534961467996,0.0129475608679193,0.1390301780732,"Other Atlas 3 cells","Cropland"
"CD66_3","CD66",0.0639821176784041,0.466631634261692,1016,FALSE,9.47516374577874,1.88341970842562,9.53401041549063,549.71513770434,151.222262821967,208.233994589411,0.6323751994629,3,0.32402248364816,0.468681966341028,0.207295550010811,0,0,0,"Other Atlas 3 cells","Cropland"
"CD52_3","CD52",0.0639710380678233,0.466106148187073,1017,FALSE,9.39798268605155,1.71532605217136,9.47808210420005,569.822727637051,157.038371272343,213.498051421865,0.359830736241938,4,0.000115534257217441,0.776514554509998,0,0.0334310789649235,0.189938832267862,0,"Other Atlas 3 cells","Cropland"
"DF04_3","DF04",0.0639076875879128,0.465580662112454,1018,FALSE,9.50157664130142,1.95617833798023,9.48735124990141,618.182893871491,170.136207485988,221.108616085578,0.6728931759611,5,0.0944680927625789,0.490825713926539,0,0.245939959277252,0.0487093339754839,0.120056900058146,"Other Atlas 3 cells","Cropland"
"FF31_3","FF31",0.0639059486689298,0.465055176037835,1019,FALSE,9.55248146224059,2.12369651056996,9.45328424661059,495.442056589591,123.957214068082,184.344524746825,0.289745279214861,4,0,0.835885227403988,0,0.0136396398443906,0.0798843302781796,0.070590802473442,"Other Atlas 3 cells","Cropland"
"CD90_3","CD90",0.0638650397431802,0.464529689963216,1020,FALSE,9.33266488912197,1.51175717533109,9.47040426401753,540.736848256676,148.543539882118,201.359174981851,0.608241868742146,4,0.124610728103154,0.561973608057212,0,0.229385646284828,0.0840300175548068,0,"Other Atlas 3 cells","Cropland"
"CF56_3","CF56",0.0638590215315143,0.464004203888597,1021,FALSE,9.17803083799044,1.51320845462076,9.19337249432227,671.699335544685,188.013196462177,234.438569144375,0.0110158430043161,2,0.00553859756514673,0.994461402434853,0,0,0,0,"Other Atlas 3 cells","Cropland"
"FF13_3","FF13",0.063838120260128,0.463478717813978,1022,FALSE,9.52190884816242,2.23041244264313,9.38321940160075,489.615820316438,121.003868675749,183.620150788532,0.620649597484096,4,0.187260019721559,0.532574736688809,0,0.243528152178713,0.036637091410918,0,"Other Atlas 3 cells","Cropland"
"FF14_3","FF14",0.0638170985614846,0.462953231739359,1023,FALSE,9.71520960595675,2.43071182667242,9.58247997073338,456.3896494697,111.594617505354,171.43072048654,0.185383083811653,4,0.0411708093424163,0.900658196496836,0,0.0338163241053088,0.0243546700554393,0,"Other Atlas 3 cells","Cropland"
"ED02_3","ED02",0.0638154042784687,0.46242774566474,1024,FALSE,9.49776284481164,2.11025824342924,9.49449904443075,477.22796379522,125.478186591056,182.650839755997,0.550887834563208,5,0.000118082355128789,0.156172456495618,0.0717286223547074,0.631247767683647,0.140733071110899,0,"Other Atlas 3 cells","Forest"
"DC35_3","DC35",0.0638111262967617,0.461902259590121,1025,FALSE,9.60707974299818,2.30026341177315,9.6193972403892,532.785131544719,146.708232317529,200.426302948159,0.621808612967702,4,0.311892854388307,0.515790157196129,0,0.0824051020686367,0.0899118863469269,0,"Other Atlas 3 cells","Cropland"
"BG80_3","BG80",0.0637257883318953,0.461376773515502,1026,FALSE,10.0251785962672,2.46398268232932,9.9148349943626,685.851908891818,167.440149581427,241.298827539732,0.245315832698558,3,0,0.862902530872204,0,0.0870626684403575,0.050034800687439,0,"Other Atlas 3 cells","Cropland"
"BF79_3","BF79",0.0636970505289189,0.460851287440883,1027,FALSE,9.69472379989962,2.20408347256491,9.60585557573858,678.854871282185,186.125957138826,232.296000593016,0.725680555135857,5,0.194837341388061,0.368246677106322,0.109597618947943,0.0333536499424664,0.293964712615208,0,"Other Atlas 3 cells","Cropland"
"CG89_3","CG89",0.0636298980072894,0.460325801366264,1028,FALSE,9.80391110732308,2.26658478899183,9.76527412807075,597.147998590729,161.282357091036,213.663342416145,0.622796113649632,5,0,0.110939712794662,0,0.537185817290067,0.0243546675749776,0.327519802340292,"Other Atlas 3 cells","Forest"
"BF83_3","BF83",0.0635885109872893,0.459800315291645,1029,FALSE,9.66165001338052,2.17184234993906,9.54407495648185,699.464285352991,186.245839513115,239.47362555883,0.445540929665385,3,0,0.141393866724576,0.00608866694199424,0.71822191835013,0.1342955479833,0,"Other Atlas 3 cells","Forest"
"CF59_3","CF59",0.0634986095667864,0.459274829217026,1030,FALSE,9.09988414692952,1.369081249378,9.14813542232393,670.534720933947,189.33992273319,235.094595980159,0.398955539961952,4,0.00247348250967375,0.755732207295025,0.00745833177313464,0.149970494159534,0.0843654842626321,0,"Other Atlas 3 cells","Cropland"
"CH69_3","CH69",0.0633455304524478,0.458749343142407,1031,FALSE,9.8480834631378,2.02203032208166,9.88255115691669,650.16476483527,167.802983836669,234.926294127009,0.754536414147229,6,0.166517188534834,0.122044650193646,0,0.0982185842098346,0.125213273029083,0.488006304032603,"Other Atlas 3 cells","Fresh/saltwater"
"BF28_3","BF28",0.0633064014314038,0.458223857067788,1032,FALSE,9.94033303599831,2.93653914925987,9.6361597083447,633.678299328418,167.872283716954,211.616652403848,0.64536043213311,6,0.0173901462014008,0.485841754827715,0.297202978618836,0.02435466747109,0.17048267229763,0.0047277805833273,"Other Atlas 3 cells","Cropland"
"CD12_3","CD12",0.063221054560429,0.457698370993169,1033,FALSE,9.51103942567495,2.01403571834688,9.5050214426799,587.691369164496,163.565031189164,217.188076226874,0.446482341525297,4,0.136627971157372,0.720597720544649,0,0.0194394421541543,0.123334866143826,0,"Other Atlas 3 cells","Cropland"
"CG06_3","CG06",0.0631797180339574,0.45717288491855,1034,FALSE,9.65099010031143,2.03657227719972,9.57163481591278,748.08770055486,193.893196134747,260.897282568688,0.348378966124288,3,0.0295971628856326,0.785121581838203,0,0.185281255276164,0,0,"Other Atlas 3 cells","Cropland"
"CF31_3","CF31",0.0631531049082497,0.456647398843931,1035,FALSE,9.48308782756638,1.84210667744695,9.45508271158793,702.508912730548,191.600771194542,243.396498923184,0.398642282463368,4,0.0353860423088369,0.761090069414062,0,0.0935016403931655,0.110022247883936,0,"Other Atlas 3 cells","Cropland"
"BE92_3","BE92",0.0630841338631362,0.456121912769312,1036,FALSE,9.40481854422208,1.79242366965188,9.38955985842896,667.994277238426,187.919617443865,231.132380108605,0.283071241800015,3,0,0.10406036632793,0,0.83831984230514,0.0576197913669307,0,"Other Atlas 3 cells","Forest"
"BE15_3","BE15",0.0628889344216231,0.455596426694693,1037,FALSE,9.85066942179975,2.88835022123128,9.55506255979347,631.809543946414,169.957925627695,210.187588690523,0.647006778519991,5,0.0730640029892378,0.52159375720477,0.0712855001006664,0.0847631777051769,0.249293562000149,0,"Other Atlas 3 cells","Cropland"
"DC37_3","DC37",0.0628888556679801,0.455070940620074,1038,FALSE,9.59462506482824,2.34331680164076,9.57594088573895,517.970088551286,143.848788951338,193.029586470435,0.285949287805704,2,0.172852699694545,0.827147300305455,0,0,0,0,"Other Atlas 3 cells","Cropland"
"CD92_3","CD92",0.0628683240334781,0.454545454545455,1039,FALSE,9.3481463017535,1.55876301496438,9.48496967981159,560.037390930626,153.944932247331,209.864607191614,0.481727434263526,4,0.101844536251373,0.678125663096054,0,0.000837785885694692,0.219192014766879,0,"Other Atlas 3 cells","Cropland"
"EG14_3","EG14",0.0627585838787849,0.454019968470836,1040,FALSE,9.60252651213787,2.44448577055762,9.40843229304087,488.813297609104,124.37259044162,184.01748175181,0.309310119051279,4,0.12139761834132,0.821103467290051,0,0.0354027510019244,0.0220961633667048,0,"Other Atlas 3 cells","Cropland"
"DC54_3","DC54",0.062726225197227,0.453494482396216,1041,FALSE,9.63435246428126,2.34181742301463,9.64306923476278,513.963926050508,140.558492974307,193.838764000138,0.682223411619312,5,0.073423026746834,0.472578396968821,0.0380863092025596,0.231548847873645,0.184363419208141,0,"Other Atlas 3 cells","Cropland"
"EF01_3","EF01",0.0626726197922796,0.452968996321597,1042,FALSE,9.86304487544541,2.67813640618805,9.71035407758836,483.990399828453,123.127370196123,184.296296204203,0.745885893295076,6,0.0642744254544848,0.327285737511779,0.170482667280578,0,0.0447923035848049,0.393164866168353,"Other Atlas 3 cells","Fresh/saltwater"
"EG08_3","EG08",0.0626498791772309,0.452443510246978,1043,FALSE,9.86326272145417,2.69576569390983,9.68437859223058,504.277226954081,129.612106846474,189.972274546267,0.285543694091904,2,0.172542899063026,0.827457100936975,0,0,0,0,"Other Atlas 3 cells","Cropland"
"BD12_3","BD12",0.0626087926188457,0.451918024172359,1044,FALSE,9.68471914855904,2.88363662122946,9.3631044442041,631.338361952639,175.60399703879,207.424999981197,0.558404426089828,3,0.0654558544393135,0.449598292356874,0,0.484945853203813,0,0,"Other Atlas 3 cells","Forest"
"CD30_3","CD30",0.0625932924129507,0.45139253809774,1045,FALSE,9.34724720038534,1.67223898440932,9.40025796637305,577.111976006191,159.542105977023,213.784988215169,0.589898590669861,4,0.0602022449821159,0.222955399633487,0,0.577568911434459,0.139273443949938,0,"Other Atlas 3 cells","Forest"
"DG73_3","DG73",0.0625795359281875,0.450867052023121,1046,FALSE,9.73248424466695,2.44759188523202,9.58709933925302,526.361472719871,135.799892541956,193.858000513122,0.159652599866216,3,0.0656325703335133,0.914128073246246,0,0,0.0202393564202404,0,"Other Atlas 3 cells","Cropland"
"BG63_3","BG63",0.0625273273028883,0.450341565948502,1047,FALSE,10.1008371620648,2.78842744249124,9.8776678429514,655.187718725249,161.838290302237,226.808947674585,0.680411815763216,5,0.121773338237665,0.501626392221024,0.158263808289448,0.155252733380577,0.0630837278712852,0,"Other Atlas 3 cells","Cropland"
"CH89_3","CH89",0.0625120324989679,0.449816079873883,1048,FALSE,9.97202777506651,2.18234637688745,9.9981731455372,612.591280272613,158.760364253337,222.854171354845,0.6364935529234,6,0.024354667575488,0.281068509415278,0,0.00637463043117968,0.024354667575488,0.663847525002565,"Other Atlas 3 cells","Fresh/saltwater"
"DG58_3","DG58",0.0625034963227316,0.449290593799264,1049,FALSE,9.70800780720628,2.41176179907506,9.5866051514674,478.762447115211,123.717319401753,178.447551870121,0.711771036364132,4,0.133425133764302,0.319562938969798,0,0.364351926164169,0.182660001101731,0,"Other Atlas 3 cells","Forest"
"DE01_3","DE01",0.0624236011464213,0.448765107724645,1050,FALSE,9.24018524000155,1.52084311496744,9.31156189543889,552.526816694327,151.315117118486,200.971439554628,0.705356922567011,6,0.0457679822631532,0.42109935653216,0.0243546669885083,0.11382426726291,0.304398532740441,0.0905551942128272,"Other Atlas 3 cells","Cropland"
"BE14_3","BE14",0.0623628072429629,0.448239621650026,1051,FALSE,9.85376846497609,2.89594321795597,9.55052043493065,631.625227028177,169.565382014971,210.135817387721,0.441741639102283,5,0.0860811929169842,0.733504318270631,0.0487093353239785,0.0487093353239785,0.0829958181644274,0,"Other Atlas 3 cells","Cropland"
"FF27_3","FF27",0.0623587188938211,0.447714135575407,1052,FALSE,9.56103001037955,2.24283953278522,9.46817804378507,487.705642058283,118.281295397123,182.014791133391,0.586128965230528,6,0.121773325906189,0.60089516555719,0.0111273481183136,0.0478440545125935,0.181984929224016,0.0363751766816985,"Other Atlas 3 cells","Cropland"
"BE24_3","BE24",0.0623489817970428,0.447188649500788,1053,FALSE,9.71103216391849,2.65877457888584,9.44990577010241,659.744597958743,178.708052829343,221.58183416138,0.695565018248286,5,0.0426206680717462,0.460614272517227,0.097418669878277,0.222049013362023,0.177297376170726,0,"Other Atlas 3 cells","Cropland"
"CF86_3","CF86",0.0623388565141478,0.446663163426169,1054,FALSE,9.35261543321164,1.7255243404256,9.37122600866804,602.0665522073,167.025373876915,214.047190134311,0.488447242203618,2,0.576002492710378,0.423997507289622,0,0,0,0,"Other Atlas 3 cells","Urban"
"BF24_3","BF24",0.0623148422669925,0.44613767735155,1055,FALSE,9.93736892275412,3.03490307133029,9.58247566575447,642.866592644799,168.570102832377,213.284843583163,0.484050738656176,5,0.0354247720371119,0.6956587889928,0.091330003010404,0.112060963524363,0.0655254724353221,0,"Other Atlas 3 cells","Cropland"
"EH37_3","EH37",0.0623005735269698,0.445612191276931,1056,FALSE,9.99730491497575,2.68983007523367,9.85935218269532,483.076107817924,119.325163188207,182.761843099924,0.608278216129786,5,0.0386035783229169,0.254082801222063,0.0550404836714163,0.00169156024278035,0.0897930250333998,0.560788551507424,"Other Atlas 3 cells","Fresh/saltwater"
"CC99_3","CC99",0.0622229360188823,0.445086705202312,1057,FALSE,9.68166796619063,2.46942294231373,9.63677740627957,524.285237920634,147.127989764627,190.640341593457,0.374103481079198,4,0.0568812409269838,0.781061516917256,0.0967707954125025,0.0522291573946428,0.0130572893486149,0,"Other Atlas 3 cells","Cropland"
"BE34_3","BE34",0.0621841324377471,0.444561219127693,1058,FALSE,9.6040715961621,2.45597878862433,9.38607315785539,657.499911886312,179.702927545537,222.422934285219,0.670330714881822,4,0.071754080133888,0.467412219988778,0.00326223136232526,0.254144502304865,0.203426966210143,0,"Other Atlas 3 cells","Cropland"
"CF57_3","CF57",0.0621768544815143,0.444035733053074,1059,FALSE,9.1990738277592,1.51012142498432,9.22442773834462,643.937573416895,181.383479905911,224.13379975079,0.119099472265422,4,0.00995493588386514,0.937276153501223,0,0.00511067529093307,0.047658235323979,0,"Other Atlas 3 cells","Cropland"
"CC60_3","CC60",0.0621683162455078,0.443510246978455,1060,FALSE,9.52290211787854,2.08987386171486,9.53752990219146,533.728158549434,148.114931906883,200.988010105418,0.527987749640206,4,0,0.633455966780219,0.134742030630851,0.0242154166800026,0.207586585908928,0,"Other Atlas 3 cells","Cropland"
"CF63_3","CF63",0.0621676022182477,0.442984760903836,1061,FALSE,9.35675828494366,1.75278082919072,9.33675393624878,651.458146017119,179.115729918416,229.660107163688,0.441544697064098,4,0.0983952500666618,0.729513678426066,0,0.056247866018981,0.115843205488292,0,"Other Atlas 3 cells","Cropland"
"CH78_3","CH78",0.0621417244485907,0.442459274829217,1062,FALSE,9.76587462820229,1.9282859520919,9.80904103749067,650.687635969415,168.017985561373,235.693087482411,0.0136360592710779,2,0,0.993118836482658,0,0.00688116351734211,0,0,"Other Atlas 3 cells","Cropland"
"BE35_3","BE35",0.0621378478105141,0.441933788754598,1063,FALSE,9.61484173095153,2.461295503353,9.39660617550091,640.806520154883,175.178500092063,217.69492365748,0.635546348509442,4,0,0.460296942077283,0.0374035934881972,0.363017895278577,0.139281569155943,0,"Other Atlas 3 cells","Cropland"
"DF39_3","DF39",0.0620133780396919,0.441408302679979,1064,FALSE,9.42516017551078,1.81458415607426,9.4551120297002,543.319056695343,147.724321779511,200.179476853777,0.470363196793147,3,0,0.677850070522932,0,0.256641163176761,0.0655087663003073,0,"Other Atlas 3 cells","Cropland"
"CF00_3","CF00",0.0620130704743714,0.44088281660536,1065,FALSE,9.6195282024095,2.03276307134874,9.54741829202941,700.096599122777,186.342805214373,241.607626572511,0.335874412572416,4,0.120051312338404,0.803180483908082,0,0.0672605762877756,0.00950762746573857,0,"Other Atlas 3 cells","Cropland"
"DG88_3","DG88",0.0619786205829896,0.440357330530741,1066,FALSE,9.88499737888932,2.66517242481566,9.72672726748165,498.322914359299,128.408569923163,186.76378158363,0.653946180066694,4,0.47635731869845,0.298750837442303,0.160390114831613,0,0,0.0645017290276336,"Other Atlas 3 cells","Urban"
"GG08_3","GG08",0.0619519733797447,0.439831844456122,1067,FALSE,9.59692708436912,1.96985570907111,9.52512685814786,501.951879742373,124.19831990188,187.328079709743,0.291947835236849,4,0.0105330714796368,0.83126577835553,0,0.124938287488819,0.0332628626760137,0,"Other Atlas 3 cells","Cropland"
"DD56_3","DD56",0.061916188655434,0.439306358381503,1068,FALSE,9.5890248910431,2.02261958501308,9.67149188192516,493.659234948565,133.381344367844,188.399818964611,0.257179428949855,3,0,0.855818002487859,0,0.0730640004365729,0,0.0711179970755682,"Other Atlas 3 cells","Cropland"
"FH67_3","FH67",0.0618645144743518,0.438780872306884,1069,FALSE,9.83697437925179,2.37373266109201,9.69698562330684,525.241628737257,127.324147196433,200.658447021447,0.192945548509467,5,0.0504422776435707,0.895424324651266,0,0.00173293802829088,0.0521752156719493,0.000225244004923098,"Other Atlas 3 cells","Cropland"
"CF58_3","CF58",0.0618493076454845,0.438255386232265,1070,FALSE,9.20593611043619,1.48952450901585,9.24409842365378,629.589902209912,177.660442259388,220.244934689219,0.428273664138167,4,0.0735664330222277,0.74089149542346,0.0168963354888746,0.0553818306859101,0.113263905379528,0,"Other Atlas 3 cells","Cropland"
"DB68_3","DB68",0.0618392174898308,0.437729900157646,1071,FALSE,9.61234569699816,2.59345214423773,9.50363394161044,515.371020510014,143.560744197256,181.660512808404,0.534952211798727,3,0,0,0.380407047782473,0.0568604185544961,0,0.562732533663031,"Other Atlas 3 cells","Fresh/saltwater"
"FF43_3","FF43",0.0618187212682597,0.437204414083027,1072,FALSE,9.4705580241259,1.98186855125761,9.39742865710907,486.618177802647,121.17239038329,180.879176425328,0.32624452470588,4,0.103642654069577,0.812049034863681,0,0.0464023828716444,0.037905928195098,0,"Other Atlas 3 cells","Cropland"
"BE30_3","BE30",0.0618067571962916,0.436678928008408,1073,FALSE,9.84430672523978,2.71523272833777,9.60773607496784,653.288708789317,177.639260227272,218.929688619035,0.618836784979727,4,0.347011752128972,0.498703861536929,0,0.0688150850386258,0.0854693012954742,0,"Other Atlas 3 cells","Cropland"
"EE15_3","EE15",0.0617833210217447,0.436153441933789,1074,FALSE,9.58257216830319,2.16997037174009,9.55317234186593,480.609740557053,122.955455602048,184.721826273683,0.743960684141763,7,0.0548645175193255,0.243546693196296,0.0552179340300191,0.115703449277606,0.0243546693196296,0.506312736657124,"Other Atlas 3 cells","Fresh/saltwater"
"FG86_3","FG86",0.0617778172211302,0.43562795585917,1075,FALSE,9.49259025050648,1.92886427556277,9.3932637742749,500.661434731873,124.044080670319,186.884493840439,0.548062087040598,4,0.165715908367624,0.635287789911583,0,0.0761978223940951,0.122798479326698,0,"Other Atlas 3 cells","Cropland"
"DD39_3","DD39",0.0617607675866195,0.435102469784551,1076,FALSE,9.4518126187622,1.91420120115411,9.53214134374452,517.510061853017,140.462916100842,197.320173869667,0.717932814292546,4,0.232175641510817,0.330401327997225,0.00548245721998197,0.328885938506577,0.103054634765398,0,"Other Atlas 3 cells","Cropland"
"BF23_3","BF23",0.0617508552691747,0.434576983709932,1077,FALSE,10.0001274971095,3.11631464847355,9.63534718606352,628.878415484529,164.373634243749,208.509933442912,0.271699571976226,4,0.025154587004796,0.845284009624066,0,0.0159465987015669,0.113614804669571,0,"Other Atlas 3 cells","Cropland"
"CG07_3","CG07",0.0617285247302611,0.434051497635313,1078,FALSE,9.72256189930519,2.11527155734586,9.64048383504344,711.908845087486,185.766675924764,247.404364766067,0.272626918795735,3,0.151193053597289,0.839299318937032,0,0.00950762746567873,0,0,"Other Atlas 3 cells","Cropland"
"DG09_3","DG09",0.0616383726388907,0.433526011560694,1079,FALSE,9.78016836041371,2.31257159232448,9.72479989270444,587.971834551054,157.517913118208,212.02448775699,0.260703610018651,4,0.027197171807426,0.853167620825158,0.101486446872377,0,0,0.0181487604950389,"Other Atlas 3 cells","Cropland"
"EG03_3","EG03",0.0615751876605372,0.433000525486075,1080,FALSE,9.38834768359745,2.20976641177503,9.1957205058755,540.535895129208,139.335009142248,200.38437014751,0.461036191023798,4,0.0140471244509,0.703614878078475,0,0.160564663698252,0.121773333772373,0,"Other Atlas 3 cells","Cropland"
"CE32_3","CE32",0.0615454420306983,0.432475039411456,1081,FALSE,9.2278919913324,1.47143326507692,9.28185277170897,654.574183565878,185.122496966311,229.851365791646,0.654041431638033,4,0.0648960753680199,0.376158338811607,0,0.427867347985917,0.131078237834456,0,"Other Atlas 3 cells","Forest"
"CE48_3","CE48",0.0614652225958642,0.431949553336837,1082,FALSE,9.25517662511386,1.48696902705163,9.34577870984289,586.12976366311,163.515418454424,214.551381638879,0.487285356786185,4,0.189278486496028,0.677750940497663,0,0.000525549635471347,0.132445023370838,0,"Other Atlas 3 cells","Cropland"
"BF40_3","BF40",0.0613586593059249,0.431424067262218,1083,FALSE,9.92512706883686,2.83831870110997,9.62541805127146,654.913902911946,169.207021304827,221.002342766238,0.286684739074919,4,0.0968446606215019,0.837328021612109,0.018266000496675,0.0475613172697135,0,0,"Other Atlas 3 cells","Cropland"
"FF98_3","FF98",0.0613190331214162,0.430898581187599,1084,FALSE,9.47805760150218,1.68626935162841,9.55070331879595,507.442689800106,121.94651276421,191.670569529676,0.551010643167484,5,0.357292451858975,0.563264301254963,0.0130426089601156,0.00512231004513898,0.0612783278808079,0,"Other Atlas 3 cells","Cropland"
"BE50_3","BE50",0.0612943696833002,0.43037309511298,1085,FALSE,9.73090004153878,2.40314444678271,9.57363689221408,683.540542410121,188.081225573214,231.265055503471,0.612373591561337,4,0.189890378897851,0.560993413647956,0.0705905214386211,0,0.178525686015572,0,"Other Atlas 3 cells","Cropland"
"CE09_3","CE09",0.061268110398002,0.42984760903836,1086,FALSE,9.53305608473697,1.96781759348889,9.53047146335058,599.354433048523,168.126413296997,216.322826717284,0.40522030786504,4,0.00444912059744374,0.751599575944637,0,0.128768820998722,0.115182482459198,0,"Other Atlas 3 cells","Cropland"
"BE26_3","BE26",0.0612593168027387,0.429322122963741,1087,FALSE,9.67004151682001,2.61455834390826,9.41795046097419,662.611309039988,180.057823545506,222.817037214464,0.448195958767052,4,0,0.159757412586533,0.0974186698793202,0.718469250064317,0.02435466746983,0,"Other Atlas 3 cells","Forest"
"CC32_3","CC32",0.061253318606182,0.428796636889122,1088,FALSE,9.60716493521557,2.44270818180636,9.51751405998889,573.728906725113,160.360481627436,213.275023518066,0.576514743331796,6,0.131078237838503,0.622107660622706,0.0974186704523075,0,0.0487093352261537,0.0831162870004799,"Other Atlas 3 cells","Cropland"
"BF67_3","BF67",0.0611435073807957,0.428271150814503,1089,FALSE,9.7051816491723,2.32026580490587,9.56282181473974,659.328772398848,177.624759513485,224.923209830394,0.554754654381245,5,0.00528736146552625,0.601986771083976,0.0895346895639621,0.271597618284954,0.0315935596015814,0,"Other Atlas 3 cells","Cropland"
"DD12_3","DD12",0.0611417936135345,0.427745664739884,1090,FALSE,9.3949367698279,1.61009800845312,9.52923787609175,538.367729388512,146.843283531913,203.332347486011,0.120559994872282,4,0.000118082362608353,0.936684566731813,0.0258951217374356,0,0.0373022291681428,0,"Other Atlas 3 cells","Cropland"
"CF26_3","CF26",0.0611150685432378,0.427220178665265,1091,FALSE,9.31457670980412,1.63863314312128,9.31519239271988,691.726237744861,191.77117530788,238.418945869654,0.57550535381207,4,0.034387846312835,0.530506545881806,0,0.064265409070523,0.370840198734836,0,"Other Atlas 3 cells","Cropland"
"DG00_3","DG00",0.0610847690299179,0.426694692590646,1092,FALSE,9.93646851913878,2.26010228009401,9.92249639005516,583.298601258813,150.600505023788,213.676327860098,0.506167518921372,5,0.101164950557954,0.118672937267469,0,0.0730640009630266,0.0263009462595562,0.680797164951994,"Other Atlas 3 cells","Fresh/saltwater"
"FH45_3","FH45",0.0609643406545138,0.426169206516027,1093,FALSE,9.96249385572347,2.46898566810041,9.84123803497558,501.658413399875,120.205133694677,193.713543451455,0.369499906930492,4,0.028408884244788,0.770229472138105,0,0.0107743902943428,0.190587253322764,0,"Other Atlas 3 cells","Cropland"
"BE93_3","BE93",0.0609525621465375,0.425643720441408,1094,FALSE,9.42296753823114,1.81376777813976,9.41640775837133,658.488865943575,184.782323676596,229.296736450701,0.664840340661027,4,0.271457664619631,0.416354283594773,0,0.296033986523016,0.0161540652625804,0,"Other Atlas 3 cells","Cropland"
"CC41_3","CC41",0.0609437499174098,0.425118234366789,1095,FALSE,9.58337018953412,2.30786506201128,9.53667563921448,563.536107677799,157.132834361678,210.421794978006,0.530994810805876,4,0,0.637693826836764,0.0491642942054371,0.230408836864,0.0827330420937987,0,"Other Atlas 3 cells","Cropland"
"DC69_3","DC69",0.0608938526851244,0.42459274829217,1096,FALSE,9.60153631716252,2.48531110147697,9.54634055823547,506.020237292544,141.631948449127,185.911995714826,0.216490271188893,4,0.048709337501001,0.882358681366108,0,0.0445773123823908,0.0243546687505005,0,"Other Atlas 3 cells","Cropland"
"FH85_3","FH85",0.0608809811345901,0.424067262217551,1097,FALSE,9.90695455605662,2.4094467737564,9.77077695347815,505.839793332763,121.492346869288,195.416987202718,0.260074468427334,3,0,0.853606103727537,0,0.090027943633262,0.0563659526392005,0,"Other Atlas 3 cells","Cropland"
"DC56_3","DC56",0.0608612266912378,0.423541776142932,1098,FALSE,9.62834278760978,2.4157370876221,9.61090283378022,511.624582233383,141.650690103329,190.89061963011,0.0157442527111895,3,0.00546225663612321,0.992078557093206,0,0,0.00245918627067076,0,"Other Atlas 3 cells","Cropland"
"FH25_3","FH25",0.0608323080592709,0.423016290068313,1099,FALSE,9.99114992078284,2.52133760174364,9.86011427004188,488.112129151045,116.578931006423,188.651475387169,0.581143328454682,3,0,0.545890667072618,0,0.321268274882153,0,0.132841058045229,"Other Atlas 3 cells","Cropland"
"HA45_3","HA45",0.0608212776305863,0.422490803993694,1100,FALSE,9.29421268478647,2.34365767457691,8.76778598312039,439.811131269682,105.928599616496,148.64947777565,0.651931058082806,5,0.0485330460440464,0.518802842659137,0,0,0.161987467644316,0.270676643652501,"Other Atlas 3 cells","Cropland"
"BF41_3","BF41",0.060675497068985,0.421965317919075,1101,FALSE,9.93154298330199,2.8451373698956,9.63920849167058,649.485357598116,168.331109740869,218.98544745804,0.14072246749378,3,0.0243546673300185,0.925282650279297,0,0.0503626823906848,0,0,"Other Atlas 3 cells","Cropland"
"DE06_3","DE06",0.0606700701770262,0.421439831844456,1102,FALSE,9.21850125406074,1.41168170145405,9.34239869422152,556.735039219677,152.673350680844,205.140366136736,0.594800448311088,5,0.332863383181824,0.536934173882458,0.0574806628853056,0.0451630911772239,0.0275586888731893,0,"Other Atlas 3 cells","Cropland"
"CD36_3","CD36",0.060618758327098,0.420914345769837,1103,FALSE,9.66554769969073,2.23665339440115,9.65630721581001,558.361298521158,155.720190959644,208.762217871928,0.568223553300866,5,0.0448452142658107,0.108289887843545,0.0935979025384004,0,0.126061648554624,0.62720534679762,"Other Atlas 3 cells","Fresh/saltwater"
"CC26_3","CC26",0.0606009497600601,0.420388859695218,1104,FALSE,9.71902965205166,2.76506910579955,9.53789598164176,563.858907456884,158.602570821875,204.238219443435,0.678660436875764,7,0.00720068603919638,0.00833694879499175,0.373490090516834,0.269236198126586,0.0072006860392401,0.334535390483151,"Other Atlas 3 cells","Pasture"
"DC34_3","DC34",0.0605858690518833,0.419863373620599,1105,FALSE,9.67186351878821,2.3202785816959,9.69676003571098,506.948807023641,139.033618724861,191.633923483468,0.661705457993552,6,0.0460211691596311,0.415378226185727,0.0583302508570134,0,0.073064002963904,0.407206350833724,"Other Atlas 3 cells","Cropland"
"DB72_3","DB72",0.0603989512678777,0.41933788754598,1106,FALSE,9.37459054697626,2.354210585858,9.2874029396237,518.489411581827,146.189686455913,187.364557154191,0.685985553064678,5,0.0565751414684938,0.451337072381094,0.0316218350829935,0.223371456118252,0.237094494949167,0,"Other Atlas 3 cells","Cropland"
"CF53_3","CF53",0.0603948994894033,0.418812401471361,1107,FALSE,9.3553951595542,1.71752118430602,9.34350072265155,668.786629991767,183.473901951181,234.946817255817,0.312128444860114,4,0.0795514324825315,0.821850264637423,0,0.0742436355983399,0.0243546672817059,0,"Other Atlas 3 cells","Cropland"
"BE39_3","BE39",0.0603828104400776,0.418286915396742,1108,FALSE,9.72755361224193,2.64094789956798,9.51238913275892,641.822504092409,177.660027565237,218.060632690205,0.525886448654039,4,0.0680856230101569,0.635870588975698,0,0.0469382495157555,0.249105538498389,0,"Other Atlas 3 cells","Cropland"
"EG11_3","EG11",0.0603799266696067,0.417761429322123,1109,FALSE,9.68437011583411,2.48003204019962,9.5069561080415,515.164679422215,132.672150891949,190.678697981878,0.467039601560611,4,0.234928730473627,0.68855468338443,0,0.0487093386405901,0.0278072475013526,0,"Other Atlas 3 cells","Cropland"
"DG93_3","DG93",0.0603467132980031,0.417235943247504,1110,FALSE,9.45658787144351,2.25502832483479,9.27929218078968,561.269209763979,145.524583695392,206.657033537722,0.210269254460788,3,0.0689486941480353,0.884769897062823,0,0.0462814087891414,0,0,"Other Atlas 3 cells","Cropland"
"DE46_3","DE46",0.0603337477193506,0.416710457172885,1111,FALSE,9.3000808655528,1.57052761359706,9.40090359136761,535.06517572043,145.566256455642,201.100843146654,0.62102680440656,3,0.490206167865699,0.320950806712511,0,0.18884302542179,0,0,"Other Atlas 3 cells","Urban"
"DG69_3","DG69",0.0603035623314018,0.416184971098266,1112,FALSE,9.80163579628954,2.50924048526907,9.67647389636869,501.205878472869,130.312208511894,186.877940311787,0.17382174894448,3,0.0697059385189522,0.905939392730419,0,0.0243546687506293,0,0,"Other Atlas 3 cells","Cropland"
"DF20_3","DF20",0.060205474012527,0.415659485023647,1113,FALSE,9.78160394123636,2.37209858564668,9.712944836291,536.059055188904,141.572300269707,196.828233541158,0.780765929743353,5,0.211226224616853,0.289053973050921,0,0.232630683247936,0.127804835204068,0.139284283880222,"Other Atlas 3 cells","Cropland"
"DB63_3","DB63",0.0601700689120726,0.415133998949028,1114,FALSE,9.43755246420622,2.40127497855101,9.34651677303249,491.532476485836,138.683902699991,176.702335861758,0.572256086642,5,0.0215472099474648,0.598015199460083,0.047088990585135,0.0958503600981134,0.237498239909204,0,"Other Atlas 3 cells","Cropland"
"CD93_3","CD93",0.0601627789033818,0.414608512874409,1115,FALSE,9.45533596783661,1.68418887253316,9.57889917520323,523.533645413023,142.05499562015,198.444925718897,0.485290413879491,5,0.0026713771388943,0.692012967294196,0.0501846242916994,0.147008829222204,0.108122202053007,0,"Other Atlas 3 cells","Cropland"
"FG55_3","FG55",0.0601365419199217,0.41408302679979,1116,FALSE,9.57701127259598,2.10788234574262,9.46201785718048,536.233285302179,134.715821358863,197.886388516861,0.652173135854836,4,0.459615620726155,0.316368751604809,0,0.18750502443767,0.0365106032313657,0,"Other Atlas 3 cells","Urban"
"CE19_3","CE19",0.0599648711409812,0.413557540725171,1117,FALSE,9.46618439077344,1.85769503507047,9.49397985006112,616.252074846684,172.597321169631,223.958059439178,0.649086490379782,5,0.0974186709897023,0.541207167494269,0.113968961276046,0.168616955101353,0.0787882451386302,0,"Other Atlas 3 cells","Cropland"
"CE33_3","CE33",0.0599565281836845,0.413032054650552,1118,FALSE,9.20031572356053,1.4376418540553,9.25884433142985,650.30588411138,183.094925384396,229.760871485216,0.696890113867361,5,0.0487093352280031,0.377806807912762,0.0145035587502829,0.306128722195978,0.252851575912974,0,"Other Atlas 3 cells","Cropland"
"BD31_3","BD31",0.0599395573196467,0.412506568575933,1119,FALSE,9.60759926932733,2.5987561287418,9.3762896391359,647.956939035754,181.352084644497,219.029012908931,0.508556597057668,3,0,0.292617242557807,0,0.632638837516599,0.0747439199255943,0,"Other Atlas 3 cells","Forest"
"CH76_3","CH76",0.0599344982494262,0.411981082501314,1120,FALSE,9.9743613419579,2.04525625086152,10.0539905285234,640.923292338102,163.53928605458,231.364922326703,0.680692759566516,6,0.206824260087542,0.0731270401923609,0.016698055222882,0.00430875648413747,0,0.699041888013077,"Other Atlas 3 cells","Fresh/saltwater"
"DE30_3","DE30",0.0599208900932323,0.411455596426695,1121,FALSE,9.2786819563207,1.65015132762779,9.31526764582265,537.251471149208,145.034317127766,199.983951919811,0.387012897967913,2,0,0.737683720553266,0,0.262316279446734,0,0,"Other Atlas 3 cells","Cropland"
"FH15_3","FH15",0.0599131061604357,0.410930110352076,1122,FALSE,9.98441962047695,2.5524757525314,9.85906158219655,491.807511121491,117.187138698063,190.195179608193,0.46442764874075,4,0.0243546700564369,0.671861505049834,0,0.288224377245656,0,0.0155594476480731,"Other Atlas 3 cells","Cropland"
"DC53_3","DC53",0.0598498413306938,0.410404624277457,1123,FALSE,9.65730673020808,2.33244927668725,9.67822983348881,506.095044560495,137.961408654995,191.451845462632,0.797429139006597,7,0.159413103166394,0.0844248553811818,0.0109820507276474,0.211916922463158,0.091999372888521,0.441263695373098,"Other Atlas 3 cells","Fresh/saltwater"
"DB22_3","DB22",0.0597928804268257,0.409879138202838,1124,FALSE,9.56833955574489,2.45880163286828,9.4919130302487,517.117977213651,146.566913636645,185.024194010726,0.426935060119291,4,0.096663379027495,0.732100012621005,0.146128003717543,0,0.0251086046339567,0,"Other Atlas 3 cells","Cropland"
"CD32_3","CD32",0.0597888242057612,0.409353652128219,1125,FALSE,9.52042364235991,1.92238181122962,9.55879982417161,578.13010435428,160.017679904193,215.432592774566,0.539243180289712,5,0.0359202807124235,0.646051194037103,0.161993027833795,0.0524344003815048,0.103601097035175,0,"Other Atlas 3 cells","Cropland"
"DD42_3","DD42",0.0597545106337426,0.4088281660536,1126,FALSE,9.41184925014859,1.73646976461664,9.52436715034228,531.212750276577,146.124411000933,199.795388985199,0.413530267265521,6,0.0978913064637432,0.745291653673829,0,0.146128010212365,0.00242502644067522,0.00826400320938663,"Other Atlas 3 cells","Cropland"
"CG24_3","CG24",0.0597360540172884,0.408302679978981,1127,FALSE,9.70503652804457,1.99991089404523,9.66840349761718,724.982355215128,189.689633617404,254.397171884692,0.291591242900698,5,0.00212315392524898,0.831611951539712,0.0179842046130363,0.0226953394767734,0.125585350445229,0,"Other Atlas 3 cells","Cropland"
"DC12_3","DC12",0.0596767259161628,0.407777193904362,1128,FALSE,9.40459073010113,1.92987561370737,9.45664164418272,547.37583577067,149.325571522627,208.098616304848,0.363039111655545,5,0.037895649574521,0.789851085221178,0,0.0889513468028592,0.0363739733431885,0,"Other Atlas 3 cells","Cropland"
"EG40_3","EG40",0.0596674757979232,0.407251707829743,1129,FALSE,9.9582111033657,2.73708382547087,9.78974520084017,495.02226360747,122.960781411291,186.887377936713,0.62321731363104,4,0,0.413316159314149,0,0.0487093359826394,0.0974186719652789,0.440555832737932,"Other Atlas 3 cells","Fresh/saltwater"
"BE59_3","BE59",0.0596098563489178,0.406726221755123,1130,FALSE,9.61277136448484,2.36493349559855,9.46269180960535,661.724554647637,185.434383411754,228.507972185724,0.397110566940277,3,0.734145112406818,0.252470273695152,0,0.0133846138980305,0,0,"Other Atlas 3 cells","Urban"
"GF02_3","GF02",0.0595680499704576,0.406200735680504,1131,FALSE,9.53125977563689,1.79991314111386,9.52820454340943,493.869813844906,122.566431448581,184.478696835489,0.559702105493347,5,0.398941234196507,0.528575725355598,0.0243546676846981,0.00608866692117453,0.0182660007635236,0.023773705078498,"Other Atlas 3 cells","Cropland"
"CG41_3","CG41",0.0595669615017425,0.405675249605885,1132,FALSE,9.68192636253815,1.88684954699577,9.69752982832301,700.146223303059,184.568382334898,246.731416236024,0.567551412767673,4,0.0190637136941476,0.529608838392069,0,0.0699638939104964,0.381363554003287,0,"Other Atlas 3 cells","Cropland"
"BE69_3","BE69",0.0595453756191376,0.405149763531266,1133,FALSE,9.5694403349061,2.25507124737852,9.45274470977156,655.319830723919,184.930905814475,227.541177778809,0.17445891467356,4,0.0803028948938077,0.904973835564998,0,0.00916441150385213,0.00555885803734278,0,"Other Atlas 3 cells","Cropland"
"DH09_3","DH09",0.059531898488141,0.404624277456647,1134,FALSE,9.85704122443333,2.16687848746362,9.85169419325363,632.559480584668,163.40369150466,230.77954480613,0.564043586570035,5,0.238956866986698,0.603983343334867,0,0.0114071068185774,0.11219793556363,0.0334547472962279,"Other Atlas 3 cells","Cropland"
"EH38_3","EH38",0.0595153675508036,0.404098791382028,1135,FALSE,9.97470331290062,2.70248805337968,9.8260046198829,490.936676513593,121.156555251592,186.05571563522,0.807946078555667,6,0.153967846556337,0.278727124153682,0.0910875252934011,0.118872647245692,0.131855246263938,0.22548961048695,"Other Atlas 3 cells","Cropland"
"CD89_3","CD89",0.0595095100412764,0.403573305307409,1136,FALSE,9.4015106981135,1.83418262532166,9.46489337435195,549.595966848242,150.734769600094,208.652863571825,0.202979189022287,4,0.00627243022385044,0.888907744253968,0.026722582748661,0.0780972427735205,0,0,"Other Atlas 3 cells","Cropland"
"DC30_3","DC30",0.0594765786472844,0.40304781923279,1137,FALSE,9.47933982035772,1.98713284842262,9.54738146377549,512.917632605175,139.333702884802,195.559604589553,0.498402631037139,5,0.129791089625328,0.684679587122201,0.0275915101831217,0.042436905050449,0.1155009080189,0,"Other Atlas 3 cells","Cropland"
"BD39_3","BD39",0.0594029315674598,0.402522333158171,1138,FALSE,9.75341659006903,3.12042153428981,9.41232439255192,600.884625207828,171.925237263514,198.234210988821,0.441517059030449,4,0.115433165490329,0.721473113803475,0,0,0.153814300059567,0.00927942064662885,"Other Atlas 3 cells","Cropland"
"EH64_3","EH64",0.0593690500824537,0.401996847083552,1139,FALSE,10.0667157768048,2.60980289892527,9.97717547616228,485.288768654304,115.06250958915,188.472977443338,0.176728565310446,3,0,0.90434544814993,0,0,0,0.0956545518500705,"Other Atlas 3 cells","Cropland"
"CC86_3","CC86",0.0593530003948888,0.401471361008933,1140,FALSE,9.69774659702653,2.40127436603187,9.67728181650929,537.527678239813,149.725687601038,199.510358016066,0.303673697991577,3,0.112105363196334,0.824460292240232,0,0,0.0634343445634339,0,"Other Atlas 3 cells","Cropland"
"DG75_3","DG75",0.0593232570940748,0.400945874934314,1141,FALSE,9.69440294682907,2.4283177769669,9.54255171807906,544.022842892814,140.923339509341,200.265196987541,0.426581296798676,4,0.216015518736952,0.724082689378628,0,0.0441701762337892,0.0157316156506307,0,"Other Atlas 3 cells","Cropland"
"CC92_3","CC92",0.0593049927443208,0.400420388859695,1142,FALSE,9.41338983418305,1.92737090630985,9.45767520357996,519.626218532316,142.864146990468,196.477534860665,0.635411466257928,4,0.196006530269959,0.500511537690303,0,0.273270660611332,0.0302112714284053,0,"Other Atlas 3 cells","Cropland"
"DC89_3","DC89",0.059271970606231,0.399894902785076,1143,FALSE,9.62535173359051,2.54074667519973,9.55637182265142,481.404507841308,135.026213102186,175.563355081704,0.764892545893812,7,0.0748239139090567,0.114213627104332,0.347436594456944,0.0571873358639889,0.00553263062132192,0.278275315401296,"Other Atlas 3 cells","Pasture"
"BE96_3","BE96",0.059266923145509,0.399369416710457,1144,FALSE,9.47064639073261,1.8760438834632,9.46220884537974,643.021896547209,180.76848980502,227.07563552415,0.573234261349599,5,0.0347385322091025,0.61361642888427,0.073064003055875,0.181619811078095,0.096961224772657,0,"Other Atlas 3 cells","Cropland"
"DD14_3","DD14",0.0592388716681866,0.398843930635838,1145,FALSE,9.35083111069663,1.62303311690388,9.47152450261509,537.141725449682,146.263026242772,203.986502080186,0.488551415104542,4,0.00466360379354266,0.609071882484295,0,0.0116685685076779,0.374595945214484,0,"Other Atlas 3 cells","Cropland"
"CE79_3","CE79",0.0591641023475363,0.398318444561219,1146,FALSE,9.40732560350559,1.57556086698538,9.52518737728476,552.02269864135,153.328837244221,203.960004388667,0.625698785467332,5,0.316121324978675,0.493053379255581,0,0.176520524977781,0.00874591276557317,0.00555885802238941,"Other Atlas 3 cells","Cropland"
"CF72_3","CF72",0.0591233942652354,0.3977929584866,1147,FALSE,9.49863183335074,1.9349395093718,9.47290268293622,621.931613232166,170.680509507842,221.026483961556,0.450797203828782,3,0.287092244645786,0.68253830341174,0,0.0303694519424739,0,0,"Other Atlas 3 cells","Cropland"
"DG77_3","DG77",0.0591047743332455,0.397267472411981,1148,FALSE,9.81328788528367,2.56319908684298,9.66925522506009,498.851026831142,129.109820427359,185.408734760345,0.0549783063265548,4,0.971802179664017,0.00786580782513694,0.0020660123944437,0.0182660001164019,0,0,"Other Atlas 3 cells","Urban"
"DB52_3","DB52",0.0590807836484604,0.396741986337362,1149,FALSE,9.37729793019605,2.33320989273382,9.29625201851896,515.004163744625,146.100865557547,185.384727911996,0.0926734688900851,2,0.0487093336274749,0.951290666372525,0,0,0,0,"Other Atlas 3 cells","Cropland"
"BE12_3","BE12",0.059065605052682,0.396216500262743,1150,FALSE,9.92224205318835,2.97789752357677,9.61970691456021,621.32219967383,166.406772897982,206.10794084594,0.612817737784848,6,0.0243546676619466,0.541671134794014,0.0955244858351802,0,0.0322689258921757,0.306180785816685,"Other Atlas 3 cells","Cropland"
"BE17_3","BE17",0.0590556488246143,0.395691014188124,1151,FALSE,9.81461234669804,2.87302218628091,9.52667422485106,627.362891442999,168.87818080498,209.734046604492,0.563374755798619,5,0.212318103895693,0.611897171715004,0.124976796161035,0.0358489591499523,0,0.0149589690783157,"Other Atlas 3 cells","Cropland"
"BE94_3","BE94",0.0590555686253924,0.395165528113505,1152,FALSE,9.43311600650628,1.81939048382828,9.42594188956991,647.318239984374,181.834890711434,226.159144780399,0.429411125572564,5,0.742977192492096,0.0826466914439531,0.030337287718789,0.0611889769492053,0.0828498513959561,0,"Other Atlas 3 cells","Urban"
"DD54_3","DD54",0.0590469357994713,0.394640042038886,1153,FALSE,9.56098434684991,1.95237342656287,9.65777288739294,494.81908841607,135.095068861593,187.150430347681,0.65474879117374,5,0,0.529829067813244,0.0494273862468371,0,0.17449629878981,0.246247247150109,"Other Atlas 3 cells","Cropland"
"DC19_3","DC19",0.0590006782164009,0.394114555964267,1154,FALSE,9.60034206858644,2.38110713494284,9.55835330542804,538.008688586827,150.966132968832,196.552453246265,0.4922282818556,2,0.562336659135696,0.437663340864304,0,0,0,0,"Other Atlas 3 cells","Urban"
"DG27_3","DG27",0.0589353739801871,0.393589069889648,1155,FALSE,9.62183025993202,2.22481682813762,9.54218003473527,584.89367134608,154.35586865787,212.711557287709,0.637241984484748,4,0.195883238577774,0.44101549516238,0,0.360085516870474,0.00301574938937164,0,"Other Atlas 3 cells","Cropland"
"CF07_3","CF07",0.0589054672716533,0.393063583815029,1156,FALSE,9.49611655505546,1.85001372475451,9.47432768393715,696.839557883124,192.669634396563,238.581503001048,0.629286210080207,4,0.0516766285140521,0.529079285149898,0,0.220464571852193,0.198779514483857,0,"Other Atlas 3 cells","Cropland"
"BF30_3","BF30",0.0588950496662016,0.39253809774041,1157,FALSE,9.98460730935165,3.01639299615467,9.63920972461978,651.220929095441,168.018933535762,217.76654753168,0.499998415719366,2,0.499109977350119,0.500890022649881,0,0,0,0,"Other Atlas 3 cells","Cropland"
"CF43_3","CF43",0.0588892529641549,0.392012611665791,1158,FALSE,9.4201690767027,1.77730247976737,9.40454446506479,676.063269924634,185.186199264262,236.024237722737,0.544270130669948,5,0.0497604354332996,0.647106323470736,0.0572460603415365,0.143765376911027,0.1021218038434,0,"Other Atlas 3 cells","Cropland"
"ED12_3","ED12",0.0588629761832774,0.391487125591172,1159,FALSE,9.47626684119738,2.13921981685425,9.45359302288695,488.916619015376,127.02635141084,186.914423025278,0.380912585220455,5,0.0487093386367419,0.0146644593881765,0.12819525355859,0.773028197411515,0.0354027510049763,0,"Other Atlas 3 cells","Forest"
"DD25_3","DD25",0.0588030010761747,0.390961639516553,1160,FALSE,9.25345629199432,1.5695507963506,9.36691414804172,540.65057255619,146.425581602554,206.068941235835,0.668139681481713,6,0.0761294671336046,0.189005801725821,0.02435466728646,0.513005072741417,0.152991157019725,0.0445138340929721,"Other Atlas 3 cells","Forest"
"DC52_3","DC52",0.0587653300221537,0.390436153441934,1161,FALSE,9.63766133157096,2.27257952401292,9.66653096385274,502.53028140916,136.848926626509,190.371251535018,0.713900136248465,7,0.0477810778554545,0.0785464105711739,0.0837007971768018,0.312553882273497,0.0412846233481219,0.43613320877495,"Other Atlas 3 cells","Fresh/saltwater"
"DC67_3","DC67",0.058695684164286,0.389910667367315,1162,FALSE,9.57937048410881,2.4192237340306,9.54047900834422,506.377835088642,141.565085414251,186.661320692081,0.129159014930698,4,0.0126629434209296,0.93177739151943,0,0.00623813580350361,0.0493215292561367,0,"Other Atlas 3 cells","Cropland"
"EF94_3","EF94",0.0586942549458515,0.389385181292696,1163,FALSE,9.61930721010745,2.43552429840415,9.44545649790645,498.924119835516,122.664606725867,187.68412769748,0.647215693653971,6,0.00395568439075613,0.364752516573182,0.0533669050862143,0.450877310335968,0.097418670207541,0.0296289134063382,"Other Atlas 3 cells","Forest"
"DG28_3","DG28",0.0586750825689072,0.388859695218077,1164,FALSE,9.69336318040154,2.30546823182165,9.61519004697774,550.776686385678,144.663356182257,201.294253341942,0.558011911906109,4,0.260614950823595,0.603387140244968,0,0.0872885743588489,0.0487093345725875,0,"Other Atlas 3 cells","Cropland"
"HA16_3","HA16",0.0586525398431624,0.388334209143458,1165,FALSE,9.05247495033676,2.06368055283724,8.55255743510733,500.192500010968,122.12537794128,166.495270968549,0.554563892774305,4,0.00315969470851367,0.604730678323424,0,0.163586566861855,0.228523060106208,0,"Other Atlas 3 cells","Cropland"
"CC24_3","CC24",0.0586503311880064,0.387808723068839,1166,FALSE,9.74036318998436,2.7313504446144,9.58323183437854,567.246341136896,160.249521848716,207.262164650271,0.250840459535555,5,0.0341851188822291,0.861565894045926,0.0514189826942767,0,0.0419486269551785,0.0108813774223897,"Other Atlas 3 cells","Cropland"
"BE21_3","BE21",0.0586402757879706,0.38728323699422,1167,FALSE,9.83907736781802,2.80340676450937,9.56472213856616,655.770194033925,176.142914173619,219.434149591609,0.371978878682458,5,0.0933835574820237,0.782409238036955,0.00681470388403649,0.0686831656566274,0.048709334940357,0,"Other Atlas 3 cells","Cropland"
"DD40_3","DD40",0.0586179462546968,0.386757750919601,1168,FALSE,9.43329315362175,1.71568049140769,9.55055595152768,517.184368790711,140.923221062818,195.19273128257,0.283685159739966,5,0.0044091273782394,0.839942774198159,0.0182660012776273,0.0886727604056343,0.0487093367403394,0,"Other Atlas 3 cells","Cropland"
"CG20_3","CG20",0.058600499358675,0.386232264844982,1169,FALSE,9.78863364584892,2.00062989005451,9.78760167517922,730.498586828424,187.013366153015,257.357714607843,0.0926734721282396,2,0.0487093354213049,0.951290664578695,0,0,0,0,"Other Atlas 3 cells","Cropland"
"BF44_3","BF44",0.0585779096574445,0.385706778770363,1170,FALSE,9.87989307756893,2.74095168258003,9.62295436911766,641.024311905586,170.143511789268,215.007717731019,0.277474239654242,3,0.070718094187077,0.842623942778134,0,0.0866579630347896,0,0,"Other Atlas 3 cells","Cropland"
"CD56_3","CD56",0.0585393754479167,0.385181292695744,1171,FALSE,9.50563577484975,1.96180138653631,9.54116761651104,551.751513133709,151.873608880343,208.93065627216,0.353771728944325,3,0.188314566494847,0.780338405190382,0.012457286940838,0,0.0188897413739333,0,"Other Atlas 3 cells","Cropland"
"DG76_3","DG76",0.0585063127554802,0.384655806621125,1172,FALSE,9.75212042892727,2.49460883937109,9.60569539622541,522.17738662013,135.323629304518,192.738906087248,0.529770447978141,3,0.437745666197903,0.525722333567415,0,0.0365320002346822,0,0,"Other Atlas 3 cells","Cropland"
"CE26_3","CE26",0.0584694051278393,0.384130320546506,1173,FALSE,9.30416379342679,1.56626834095181,9.36034901836752,621.178338656962,174.253040474484,223.023013885469,0.628441917875662,4,0.0243546677110411,0.33412486333309,0,0.484392828943383,0.157127640012486,0,"Other Atlas 3 cells","Forest"
"BF65_3","BF65",0.0584550092312822,0.383604834471886,1174,FALSE,9.74198722329495,2.37604340522922,9.57379282968861,671.547813412187,179.989392433277,227.721583819379,0.223997603350188,3,0.107362858425638,0.87414743845594,0,0,0.0184897031184222,0,"Other Atlas 3 cells","Cropland"
"BE65_3","BE65",0.058453203548898,0.383079348397267,1175,FALSE,9.45951617052329,2.05671038342756,9.35481002038739,640.859666736778,179.826766661947,220.754331805719,0.58795059651448,4,0.155243180113561,0.590897625797547,0,0.069629033657863,0.184230160431029,0,"Other Atlas 3 cells","Cropland"
"EF64_3","EF64",0.0584274443648526,0.382553862322648,1176,FALSE,9.79263291711601,2.66714741031754,9.59899980030132,458.824465199906,113.061270782961,174.591859654497,0.633771285002494,5,0.4318696369908,0.389805238478153,0,0.000761872885028037,0.00114020442099596,0.176423047225024,"Other Atlas 3 cells","Urban"
"DE03_3","DE03",0.0582558205190731,0.382028376248029,1177,FALSE,9.23236896059089,1.47040067326537,9.32110820575237,586.265905728612,162.229803186785,212.202954049586,0.678271438795516,6,0.149925990447169,0.318114035015058,0.0633011087629557,0.43658193442177,0.00772226436360845,0.0243546669894393,"Other Atlas 3 cells","Forest"
"CF68_3","CF68",0.0582251934270811,0.38150289017341,1178,FALSE,9.2946121560972,1.5829622226548,9.33648784787809,624.874710443458,176.934141513988,218.619397901658,0.393023172319064,4,0.0273133405080651,0.763030960503945,0.132963063805929,0,0.0766926351820609,0,"Other Atlas 3 cells","Cropland"
"DG57_3","DG57",0.0582054450532165,0.380977404098791,1179,FALSE,9.51656203289313,2.21927723631572,9.39164022837615,526.736088807967,137.256883844268,194.828959448355,0.740002933126345,4,0.26793731585841,0.275197686706495,0,0.291232382322655,0.165632615112439,0,"Other Atlas 3 cells","Forest"
"CF79_3","CF79",0.0581902309422101,0.380451918024172,1180,FALSE,9.27176220853201,1.55055528891252,9.31825544451901,615.191031860703,174.15931931671,216.054297667845,0.541524694404618,4,0.0119326570022966,0.5525073041644,0,0.37991792215626,0.0556421166770428,0,"Other Atlas 3 cells","Cropland"
"CF38_3","CF38",0.058189601496396,0.379926431949553,1181,FALSE,9.17844758425576,1.46165725297743,9.20097843321432,694.570140911015,194.655463769543,240.847475446652,0.494080569649521,4,0.0524842700350545,0.672320074563867,0,0.070467340788548,0.20472831461253,0,"Other Atlas 3 cells","Cropland"
"AF96_3","AF96",0.0581432265444559,0.379400945874934,1182,FALSE,10.0723014210458,3.41275905298615,9.6182340518584,611.545370289283,157.535866938065,199.018140055844,0.62632989075619,4,0,0,0.0914840822159712,0.202778689883147,0,0.705737227900882,"Other Atlas 3 cells","Fresh/saltwater"
"EF72_3","EF72",0.0580827701127828,0.378875459800315,1183,FALSE,9.80451895219048,2.67592769560639,9.61455588233404,481.474769930004,119.194505702637,182.398383025064,0.3920000694785,3,0.0571358124325601,0.756453513902095,0,0,0.00706792377234671,0.179342749892998,"Other Atlas 3 cells","Cropland"
"DE13_3","DE13",0.0580381652011385,0.378349973725696,1184,FALSE,9.16281329488167,1.41900862905063,9.24844625700766,572.370890344806,157.022263662976,209.562209570384,0.37310414737486,4,0.113345065128038,0.779799749372841,0,0.0646544440510052,0.0422007414481158,0,"Other Atlas 3 cells","Cropland"
"BG85_3","BG85",0.057998624171263,0.377824487651077,1185,FALSE,9.94093268999797,2.44226501344992,9.80743142019642,670.724837322168,169.079526984721,234.85325537086,0.709545229385038,5,0.0689971527091608,0.282301080626867,0.00796036853137216,0.338565599620603,0.302175798511998,0,"Other Atlas 3 cells","Forest"
"CB80_3","CB80",0.0579674128875684,0.377299001576458,1186,FALSE,9.63845050358615,2.48766549098397,9.56076627596218,535.309909795721,149.874744916981,193.041097595519,0.636068857125934,5,0.203991566346411,0.52973929826552,0.120895255629636,0,0.113601433796544,0.0317724459618885,"Other Atlas 3 cells","Cropland"
"DF14_3","DF14",0.0579140885354236,0.376773515501839,1187,FALSE,9.59306479391282,2.06931561163352,9.57602468351897,576.751089586418,158.607397077329,207.02817761503,0.689302038231408,4,0,0.347778620100226,0,0.250462744832778,0.0487093365990868,0.353049298467909,"Other Atlas 3 cells","Fresh/saltwater"
"DH27_3","DH27",0.057907099894579,0.37624802942722,1188,FALSE,9.83294541267743,2.15289054070329,9.82764598306066,615.04089893764,155.583415382046,227.452746439507,0.0743169470281124,3,0.0344363088958041,0.961499180109841,0,0,0.00406451099435454,0,"Other Atlas 3 cells","Cropland"
"CD69_3","CD69",0.0578927655570109,0.375722543352601,1189,FALSE,9.47741539523687,1.98933498288005,9.50907781234066,549.409248210958,152.574148585503,207.028636934359,0.722987532710946,5,0.336188669269124,0.345499456660199,0.0428044322719654,0.114895156925728,0.160612284872984,0,"Other Atlas 3 cells","Cropland"
"DB25_3","DB25",0.0578674108681951,0.375197057277982,1190,FALSE,9.4709551590391,2.41755448189629,9.36280905227335,523.837652193149,149.967206947185,182.114520921001,0.630694542395753,4,0.118763081017121,0.492888869804193,0.0365320009297653,0.050829529996314,0.300986518252607,0,"Other Atlas 3 cells","Cropland"
"BE60_3","BE60",0.0578628696448463,0.374671571203363,1191,FALSE,9.70969749854786,2.29567641541712,9.59056380525771,680.271067230772,187.688873891905,231.215183754925,0.60731286037451,4,0,0.384378048017711,0.0346768895541987,0.0978745969063197,0.48307046552177,0,"Other Atlas 3 cells","Grass/shrub"
"BE68_3","BE68",0.0578555623143378,0.374146085128744,1192,FALSE,9.56530893617124,2.21764782595605,9.45879892301833,640.317837611854,178.449774070391,223.568214447078,0.423035255771195,4,0.0604696245082568,0.741482175810116,0,0.105740982377447,0.0923072173041805,0,"Other Atlas 3 cells","Cropland"
"BE95_3","BE95",0.057838721250511,0.373620599054125,1193,FALSE,9.438706650061,1.83182382068439,9.42803656265334,642.741677850291,180.453561948541,226.135871021371,0.684533578341589,4,0.192167652159716,0.406339115227263,0,0.0730640030581809,0.32842922955484,0,"Other Atlas 3 cells","Cropland"
"BD72_3","BD72",0.0578334262502477,0.373095112979506,1194,FALSE,9.6937484299614,2.42126031654639,9.58277654992211,622.855116978871,175.707923976538,220.4609423911,0.7800922040649,5,0.200278117046245,0.259277658791342,0.122813501718226,0.198202548665027,0.21942817377916,0,"Other Atlas 3 cells","Cropland"
"FF11_3","FF11",0.0577756882621894,0.372569626904887,1195,FALSE,9.63062367747825,2.31223687596984,9.4922423658248,486.266736905877,121.805953296844,180.922285210456,0.575727764857286,4,0.121773350284431,0.608565385551918,0,0.171797232656507,0.0978640315071435,0,"Other Atlas 3 cells","Cropland"
"BF47_3","BF47",0.0577746341620829,0.372044140830268,1196,FALSE,9.71877814912131,2.52486722524866,9.48913191545843,661.80409055495,175.919512842655,224.458790193191,0.436866956143531,4,0.0487613830427504,0.709062339135707,0,0.00137745469695816,0.240798823124585,0,"Other Atlas 3 cells","Cropland"
"DD07_3","DD07",0.0577032327719859,0.371518654755649,1197,FALSE,9.21755446891648,1.56644299896288,9.30931834729372,543.665487795431,148.342141488862,206.908258379357,0.25109213509699,3,0.133658270166774,0.85493462301694,0,0.0114071068162856,0,0,"Other Atlas 3 cells","Cropland"
"DB14_3","DB14",0.0576201938689119,0.37099316868103,1198,FALSE,9.5584584751834,2.49103212165249,9.45849021248433,525.416349776464,149.380611815227,184.331141519894,0.619426941825127,4,0.188930470791353,0.557023181982151,0.132498595420737,0,0.121547751805759,0,"Other Atlas 3 cells","Cropland"
"DB71_3","DB71",0.0576191393685085,0.370467682606411,1199,FALSE,9.48183176069979,2.44627539589622,9.40743487173362,514.750485795398,145.091272237501,186.532846002072,0.562928382202159,4,0.0994375313937015,0.618610738752033,0,0.098727430205337,0.183224299648928,0,"Other Atlas 3 cells","Cropland"
"CF16_3","CF16",0.05757176888762,0.369942196531792,1200,FALSE,9.40705306274264,1.73758379913653,9.39068611999198,699.377432616405,193.423321785562,239.809484567507,0.57137799820871,4,0.0700967100922097,0.606800450700528,0,0.201801863301513,0.121300975905749,0,"Other Atlas 3 cells","Cropland"
"CD05_3","CD05",0.0575365589397048,0.369416710457173,1201,FALSE,9.60361774784305,2.30846390311187,9.52411043674985,573.443899778793,162.686034516164,209.694552829902,0.401863241002505,4,0.0152545077843077,0.755242156993186,0,0,0.0919303855145323,0.137572949707973,"Other Atlas 3 cells","Cropland"
"DE84_3","DE84",0.0575221206731769,0.368891224382554,1202,FALSE,9.5337588348976,2.0156885326226,9.54634559782468,515.587352215441,133.873070051979,198.130351879239,0.365755533243841,5,0,0,0.0421522900528148,0.0647061879668701,0.055217930717804,0.837923591262511,"Other Atlas 3 cells","Fresh/saltwater"
"GF04_3","GF04",0.0575132709467654,0.368365738307935,1203,FALSE,9.44242246451202,1.6661105572118,9.46481017606641,495.882244374938,120.475633600662,187.900208254961,0.52751673450708,4,0.560796527046381,0.3959907657018,0.0173342939433485,0,0.0258784133084702,0,"Other Atlas 3 cells","Urban"
"CH88_3","CH88",0.0575009086208322,0.367840252233316,1204,FALSE,9.86758054359556,2.05065632317171,9.90696543306023,617.77585845646,159.381012255804,224.849440997204,0.154727366181045,3,0,0.916892260574456,0,0.0212078781692543,0,0.0618998612562892,"Other Atlas 3 cells","Cropland"
"FG44_3","FG44",0.0574974741846762,0.367314766158697,1205,FALSE,9.80486611371144,2.37602970651672,9.67797291693202,500.912107243445,125.404083851205,185.736080190638,0.709859369233351,5,0.366424538854502,0.35543008042141,0,0.127335084520094,0.00185391659671229,0.148956379607282,"Other Atlas 3 cells","Urban"
"CE67_3","CE67",0.0574420804220714,0.366789280084078,1206,FALSE,9.29014658965394,1.4711721973039,9.40372361040669,581.148848255143,161.944009469184,211.855850812702,0.269802283176435,4,0.00106781929713629,0.84702962060488,0,0.100448264774719,0.0514542953232641,0,"Other Atlas 3 cells","Cropland"
"FH75_3","FH75",0.0574405885491341,0.366263794009459,1207,FALSE,9.9174229985861,2.40971275711691,9.79092124860692,507.973310778597,121.861089940083,196.33647684104,0.397194130148178,3,0.0452434550305692,0.746616892994234,0,0.208139651975198,0,0,"Other Atlas 3 cells","Cropland"
"CF30_3","CF30",0.0574235010820562,0.36573830793484,1208,FALSE,9.57042789800428,1.92817997751078,9.54001871615144,696.871381284199,188.883623353898,242.055198585277,0.406899029706118,3,0,0.74243124280609,0,0.19483734090024,0.0627314162936696,0,"Other Atlas 3 cells","Cropland"
"DC47_3","DC47",0.0573566983371025,0.365212821860221,1209,FALSE,9.5043892187298,2.28391580517367,9.47690520446327,540.444936096912,150.113195762239,201.066559845961,0.261595670111037,3,0.123872873390991,0.849925475926164,0,0,0.0262016506828451,0,"Other Atlas 3 cells","Cropland"
"BF16_3","BF16",0.0573552444547902,0.364687335785602,1210,FALSE,10.0131657319894,3.16983827138786,9.63914315541079,612.582540023672,159.630481923362,203.145737889995,0.388139039627563,3,0.0989488926770843,0.763673703908661,0,0,0.137377403414255,0,"Other Atlas 3 cells","Cropland"
"CF71_3","CF71",0.0573328481132131,0.364161849710983,1211,FALSE,9.60503426961517,2.04746243336691,9.58081050082539,616.703813981631,168.781299225526,218.528714123191,0.598345490260115,4,0.205097595730073,0.551770659791377,0.00169117730839921,0.234516144942767,0.00692442222738463,0,"Other Atlas 3 cells","Cropland"
"BD49_3","BD49",0.0572872573224739,0.363636363636364,1212,FALSE,9.78412518371069,3.07956386949437,9.47490395510597,599.724432892929,173.932006712743,199.671797134801,0.549068543065875,4,0.0306270974894598,0.498910762864901,0,0,0.0226114845171825,0.447850655128457,"Other Atlas 3 cells","Cropland"
"FH12_3","FH12",0.0572801194239089,0.363110877561745,1213,FALSE,10.0478127234956,2.45741686204248,9.97789559454561,498.744020697049,117.635112443396,195.34360519251,0,1,0,1,0,0,0,0,"Other Atlas 3 cells","Cropland"
"CF66_3","CF66",0.0572499246950887,0.362585391487126,1214,FALSE,9.23151836790954,1.58115644234775,9.25004714521115,647.555697499204,181.793615171068,226.669536161492,0.259041538008006,4,0.0446142857165614,0.855079947408256,0,0.0874066591393821,0.0128991077358,0,"Other Atlas 3 cells","Cropland"
"CG22_3","CG22",0.0572348719816303,0.362059905412507,1215,FALSE,9.65637476308107,1.91606489732298,9.64236161922184,703.635282853815,181.297414229976,249.180930155254,0.22751765074409,4,0.0363858479512518,0.873611228998918,0,0.0891723767290542,0.000830546320775874,0,"Other Atlas 3 cells","Cropland"
"DG80_3","DG80",0.057227619104467,0.361534419337888,1216,FALSE,9.90431385475193,2.59411650160299,9.76319039577924,539.944878331906,138.905285420537,198.470011797738,0.419123257246567,3,0.248230209418443,0.719890416227572,0,0,0,0.0318793743539849,"Other Atlas 3 cells","Cropland"
"GG27_3","GG27",0.0572201853631522,0.361008933263269,1217,FALSE,9.5850195347505,1.97620806714362,9.48681312506919,491.968511502888,119.177514589627,186.295733507432,0.319177986748519,4,0.0443566826828036,0.817621679546603,0,0.0893123070304018,0.0487093307401914,0,"Other Atlas 3 cells","Cropland"
"CC56_3","CC56",0.0571561930146749,0.36048344718865,1218,FALSE,9.60181416242205,2.46450540919605,9.50752041749636,537.452203420998,150.515813652425,197.411540762357,0.692427756605924,5,0.0274464859856005,0.117165514273325,0.201737433952745,0.464105344230738,0.189545221557591,0,"Other Atlas 3 cells","Forest"
"DD66_3","DD66",0.0571298724309298,0.35995796111403,1219,FALSE,9.62708376114571,2.09693276994228,9.70137605890235,496.457253246332,134.109354871256,189.097205583761,0.556239435857075,4,0,0.542154450347985,0,0,0.0487093375007676,0.409136212151247,"Other Atlas 3 cells","Cropland"
"DB04_3","DB04",0.0571223863993598,0.359432475039411,1220,FALSE,9.5997955772022,2.54443219953654,9.49670396227908,518.040557361168,147.086238773223,181.229420166057,0.734717269424404,5,0.104317508095633,0.356471044212725,0.319765985359065,0,0.123994946599345,0.0954505157332318,"Other Atlas 3 cells","Cropland"
"CC51_3","CC51",0.0571172459515488,0.358906988964792,1221,FALSE,9.50378302227268,2.16169598875902,9.48672869821003,567.356483023081,157.575557453853,213.017626516693,0.731552902914126,5,0.0835213689273083,0.342551688095923,0.0770625224625582,0.318432676631987,0.178431743882223,0,"Other Atlas 3 cells","Cropland"
"BF45_3","BF45",0.0570740157108759,0.358381502890173,1222,FALSE,9.78827767126009,2.6292957621752,9.54076680941254,655.136403445331,174.32489373288,220.56105898866,0.216579458722151,2,0.113613430007046,0.877471467595735,0.00891510239721955,0,0,0,"Other Atlas 3 cells","Cropland"
"BD51_3","BD51",0.0570222065335181,0.357856016815554,1223,FALSE,9.66826513258094,2.49932746008647,9.51133914720811,610.501888700916,170.664310283493,212.294174303153,0.561312356226436,4,0.118531481064794,0.596965216814343,0,0,0.0243546680093012,0.260148634111562,"Other Atlas 3 cells","Cropland"
"CF09_3","CF09",0.0569700149357995,0.357330530740935,1224,FALSE,9.49077673202762,1.81549592230911,9.49145366155871,688.74743884703,191.643455955536,237.033501980393,0.491695396283524,4,0.0243546676891017,0.637888704876086,0,0.0224543409118914,0.315302286522921,0,"Other Atlas 3 cells","Cropland"
"BD88_3","BD88",0.0569006591721735,0.356805044666316,1225,FALSE,9.74724751788751,2.73236843991603,9.55610505531486,570.618457810461,164.734565300522,202.810030566174,0.512905714055333,7,0.0920748180214302,0.117979124559178,0.020287817177394,0.0284593998457693,0.0379458664610273,0.703252973935201,"Other Atlas 3 cells","Fresh/saltwater"
"EG18_3","EG18",0.0568905829598079,0.356279558591697,1226,FALSE,9.89745001974076,2.75054671700634,9.71539698418573,489.213781106894,125.228235378957,184.701785536775,0.678372250177461,5,0.109614756644109,0.493468619534168,0,0.097418677280741,0.0730640079605557,0.226433938580426,"Other Atlas 3 cells","Cropland"
"CH19_3","CH19",0.0568808450176582,0.355754072517078,1227,FALSE,9.89016926741729,2.10730053560984,9.87879927398409,721.000058283889,180.068891025375,255.128849526141,0.100901829338937,3,0,0.946155426214037,0.0176032682317667,0.0153055983581306,0.0209357071960656,0,"Other Atlas 3 cells","Cropland"
"BC73_3","BC73",0.0568235234821159,0.355228586442459,1228,FALSE,9.74390186712073,3.03094329060057,9.45701312258393,590.468571653637,172.422602191922,203.313259621139,0.320786481681012,4,0,0.803028513295859,0,0.00617777799650277,0.182660007558223,0.00813370114941463,"Other Atlas 3 cells","Cropland"
"BD87_3","BD87",0.0567822427752194,0.35470310036784,1229,FALSE,9.67829750737405,2.62508290136684,9.50697026753011,601.974590052844,173.52035774289,213.844944818288,0.781586369713158,7,0.211456319503421,0.280541682059303,0.0957553619236185,0.00807260178850108,0.268175022964031,0.135999011761125,"Other Atlas 3 cells","Cropland"
"CG37_3","CG37",0.0567315097773172,0.354177614293221,1230,FALSE,9.63722567493658,1.97935146068757,9.60086448805792,681.335076939198,181.255156790944,238.999977985045,0.325471774466348,4,0.00506504744643374,0.810082332047815,0,0.0680958717234326,0.116756748782319,0,"Other Atlas 3 cells","Cropland"
"DF29_3","DF29",0.0566782358655934,0.353652128218602,1231,FALSE,9.32587189705023,1.68556190087409,9.36223202957951,583.156270896273,159.870103528715,212.956253487843,0.0956068741614331,3,0.0373022309595452,0.950181569039061,0,0.0125162000013934,0,0,"Other Atlas 3 cells","Cropland"
"BF13_3","BF13",0.0566562909655283,0.353126642143983,1232,FALSE,10.0495143204519,3.27395868722214,9.63713227075681,604.428819824726,156.669091099356,199.663382401977,0.428732589149778,4,0.117069980444705,0.73910122615694,0.051266311295436,0,0.0925624821029191,0,"Other Atlas 3 cells","Cropland"
"CH67_3","CH67",0.056596540688042,0.352601156069364,1233,FALSE,9.7405656541088,1.84587022411467,9.80341987795696,696.583138443215,177.975217319912,250.898624470966,0.317690111691912,4,0.00676624091470329,0.815686375766251,0,0.0679337831385738,0.109613600180471,0,"Other Atlas 3 cells","Cropland"
"CC93_3","CC93",0.056591768116687,0.352075669994745,1234,FALSE,9.51410467016615,2.06433769775429,9.5420525635985,527.397319440284,144.500137251155,199.630772213498,0.639093761604974,5,0.187636653421279,0.504137523931549,0.0190960458133882,0.258454377502909,0.0306753993308747,0,"Other Atlas 3 cells","Cropland"
"DH36_3","DH36",0.0565813885685091,0.351550183920126,1235,FALSE,10.0239447426724,2.33849435669235,10.0240070366425,564.767560203831,142.171714317423,210.059563712452,0.522365224101977,4,0.0905026024663594,0.246214446445099,0.0243546676560941,0,0,0.638928283432448,"Other Atlas 3 cells","Fresh/saltwater"
"CC77_3","CC77",0.0565782075723564,0.351024697845507,1236,FALSE,9.6620489480774,2.43355226434501,9.61032410351677,541.9473809278,151.745053378969,198.520834169038,0.459508884054938,5,0.0831036764860308,0.0303209960826751,0.114047100305069,0.712799974846919,0.0597282522793064,0,"Other Atlas 3 cells","Forest"
"BE97_3","BE97",0.0565356136211099,0.350499211770888,1237,FALSE,9.47224080057207,1.89897348599823,9.46450288119082,644.38902442681,181.494269797562,228.404204222868,0.338718185873806,4,0,0.803789543522723,0.0374742804167663,0.0679591991868294,0.0907769768736815,0,"Other Atlas 3 cells","Cropland"
"DG35_3","DG35",0.056524395767204,0.349973725696269,1238,FALSE,9.52055062618538,2.13358983173363,9.42314666169553,582.53152812977,152.253982272355,213.125973180704,0.38692978399941,2,0,0.737771125245045,0,0.262228874754955,0,0,"Other Atlas 3 cells","Cropland"
"BF34_3","BF34",0.0565201475065724,0.34944823962165,1239,FALSE,9.84236802518972,2.82786348139432,9.53597764335709,658.27137852352,173.992836492333,219.506375983096,0.376509949946747,4,0.104785133507317,0.778152005702982,0,0.0668297790678974,0.0502330817218041,0,"Other Atlas 3 cells","Cropland"
"BC31_3","BC31",0.056515252878165,0.348922753547031,1240,FALSE,9.77592586182219,3.22347803367681,9.40541944204627,606.793477717112,173.947975944262,197.033192036031,0.545728876548502,5,0.0391467763495599,0.627685169187457,0.117092509388116,0.181102099280503,0.0349734457943635,0,"Other Atlas 3 cells","Cropland"
"BD56_3","BD56",0.0564955613061904,0.348397267472412,1241,FALSE,9.79155519020796,2.87265082782222,9.54814470413944,603.300612841119,173.028419178247,207.465913769636,0.589290082824253,6,0.00855788797354995,0.280565427444406,0.121773340046478,0,0.0251863225859547,0.563917021949611,"Other Atlas 3 cells","Fresh/saltwater"
"FF37_3","FF37",0.0564777638892007,0.347871781397793,1242,FALSE,9.7032449478581,2.29752099113241,9.64031014491941,453.752632869225,109.398897987625,169.902326375608,0.663575200051708,7,0.048709338278401,0.261554376953398,0.0206468356104918,0.0412936712209838,0.127622566798439,0.500173211138286,"Other Atlas 3 cells","Fresh/saltwater"
"DF00_3","DF00",0.0564355233386265,0.347346295323174,1243,FALSE,9.74230961797298,2.2693047913777,9.69098781171348,579.707794111628,155.603088126295,209.501439793701,0.538157311313772,4,0.207648635469721,0.634779070108178,0,0,0,0.157572294422101,"Other Atlas 3 cells","Cropland"
"BD70_3","BD70",0.0563555182999684,0.346820809248555,1244,FALSE,9.46026546127281,2.11802381342088,9.36238502311188,671.152182451607,189.485487134389,236.136400389483,0.45315496179162,5,0.100402686943393,0.720337227461743,0.0243546676748271,0.128870718001664,0.0260346999183723,0,"Other Atlas 3 cells","Cropland"
"DG86_3","DG86",0.0563190938166616,0.346295323173936,1245,FALSE,9.71594923269376,2.49638041793737,9.55251864068449,516.53480814913,132.762328826052,192.494124680324,0.475263570643372,2,0.388787524628242,0.611212475371758,0,0,0,0,"Other Atlas 3 cells","Cropland"
"FF01_3","FF01",0.05628313841137,0.345769837099317,1246,FALSE,9.60422276284575,2.34888981335835,9.44327442900642,489.71292321855,122.420130348994,182.893351746103,0.456984190815863,3,0.135579510454709,0.707003452618235,0,0.157417036927057,0,0,"Other Atlas 3 cells","Cropland"
"CD45_3","CD45",0.0562640613226016,0.345244351024698,1247,FALSE,9.50373905160278,1.97740178842971,9.52885174542003,586.581451547934,160.955757431113,221.712876780034,0.676186235107764,7,0.0243546680810022,0.456405396723948,0.11861527243153,0.307952638280357,0.0738594984069519,0.0188125260762106,"Other Atlas 3 cells","Cropland"
"FE00_3","FE00",0.0562087913345637,0.344718864950079,1248,FALSE,9.75666888031956,2.54663769342968,9.62244646196089,444.901664903632,105.178516550805,166.263620010351,0.474911531802431,4,0,0,0,0.0456181949050988,0.0221241027304948,0.932257702364406,"Other Atlas 3 cells","Fresh/saltwater"
"CE78_3","CE78",0.0562014550178398,0.34419337887546,1249,FALSE,9.44406840846351,1.60776768305173,9.57086540900576,540.380553013254,149.120877384187,199.385847791542,0.721053732222033,6,0.127466994379174,0.165061067725655,0.00640578312390889,0.447587664547652,0.0885546751834899,0.16492381504012,"Other Atlas 3 cells","Forest"
"FG80_3","FG80",0.0561929575314041,0.343667892800841,1250,FALSE,9.585139068518,2.1263465877027,9.42565911193582,538.761143846076,131.948192411471,202.88691604178,0.51304842453347,4,0.0106224435081908,0.633259238774472,0.000662732633134142,0.266688347413339,0.0887672376708643,0,"Other Atlas 3 cells","Cropland"
"EH97_3","EH97",0.0561778662270368,0.343142406726222,1251,FALSE,9.97492104239371,2.60173077577602,9.83814022008919,488.130356265627,117.506014502018,187.042211141235,0.426246977263952,6,0.00527424585635033,0.743814280025817,0,0.0808871462295312,0.00633114718473447,0.163693180703567,"Other Atlas 3 cells","Cropland"
"EG06_3","EG06",0.0561705860758154,0.342616920651603,1252,FALSE,9.7669553846318,2.60054159580804,9.58235086170776,491.57031100859,125.850129753875,184.82490501008,0.494931814473541,3,0.290129632979452,0.645426107647406,0,0.0644442593731419,0,0,"Other Atlas 3 cells","Cropland"
"DB73_3","DB73",0.0561412002713526,0.342091434576984,1253,FALSE,9.43079268732501,2.41146028114868,9.33673763420528,492.970160910298,138.093643486634,178.195932776454,0.738633393858402,5,0.186382490761165,0.364661824253675,0.0249533063322785,0.204485771339775,0.219516607313107,0,"Other Atlas 3 cells","Cropland"
"FF36_3","FF36",0.0560857820642341,0.341565948502365,1254,FALSE,9.63571239048308,2.22707030045658,9.56688668064277,484.662437476241,117.199902287763,182.163101859953,0.455097425562485,6,0.0450015047506247,0.715983510142171,0.0136396398452237,0,0.0128991083602689,0.212476236901711,"Other Atlas 3 cells","Cropland"
"DC31_3","DC31",0.0559886957457942,0.341040462427746,1255,FALSE,9.54706532007644,2.08185981407631,9.60926538779599,505.24979253466,137.013013803697,192.532454906778,0.375320560718281,4,0.16242885182187,0.772013929491859,0,0,0.0243546676544915,0,"Other Atlas 3 cells","Cropland"
"CD28_3","CD28",0.0559098318519281,0.340514976353127,1256,FALSE,9.68404223302449,2.40508893000894,9.61823485033517,568.390595548131,159.132584904432,211.405804001176,0.712661862582758,6,0,0.31992853333267,0.0565254481089542,0.0293712570122637,0.119471159437917,0.474703602108194,"Other Atlas 3 cells","Fresh/saltwater"
"DE78_3","DE78",0.0558913498329764,0.339989490278508,1257,FALSE,9.35370304069854,1.73991975150279,9.41562309419476,525.112140089852,141.328071468374,199.639749289068,0.473407826463312,6,0.141165415271034,0.707558994548633,0,0.0243546668234459,0.0444645533042577,0.0824563700526286,"Other Atlas 3 cells","Cropland"
"DD43_3","DD43",0.0558366012134498,0.339464004203889,1258,FALSE,9.43186740674376,1.76458139873631,9.54523147194618,492.932785597978,134.851750897186,186.607660556496,0.407577030655924,6,0.0632502727236696,0.757303177578353,0,0.0730640051103729,0.0976596050974064,0.00872293949019801,"Other Atlas 3 cells","Cropland"
"DF26_3","DF26",0.0558335685090106,0.33893851812927,1259,FALSE,9.63197962294412,2.08322102711764,9.63079177697057,523.91997090004,141.499429171187,192.698232143508,0.522694830298575,5,0.18041448528001,0.659674467249198,0.0372537746614684,0,0.0462836660316913,0.0763736067776324,"Other Atlas 3 cells","Cropland"
"BF26_3","BF26",0.055801338453634,0.338413032054651,1260,FALSE,9.91219241609796,2.95267580975525,9.58557396944134,635.909192826014,167.085566659366,212.119453012543,0.433035533936387,3,0.100662971505632,0.72573724375193,0,0,0.173599784742438,0,"Other Atlas 3 cells","Cropland"
"BE42_3","BE42",0.0557285711581873,0.337887545980032,1261,FALSE,9.57613269361019,2.32697512770026,9.38912750620914,658.179315621841,181.618507301573,222.471019406973,0.223118155454695,3,0.0993907583653413,0.875171321551744,0,0,0.0254379200829147,0,"Other Atlas 3 cells","Cropland"
"BF93_3","BF93",0.0557060211374416,0.337362059905413,1262,FALSE,9.58414951280993,2.0233374962385,9.5072827041805,709.185698161922,190.333567427439,242.872663257669,0.730910422350805,5,0.0239304801365375,0.312563520519866,0.0974186707459417,0.259558283734143,0.306529044863512,0,"Other Atlas 3 cells","Cropland"
"CG36_3","CG36",0.05567224188401,0.336836573830793,1263,FALSE,9.66536596215498,1.99560557420744,9.63773900765058,694.935424188227,184.7920055188,243.136262399766,0.16823624025529,4,0.0386802341793747,0.910266332870231,0,0.0393030723705291,0.0117503605798649,0,"Other Atlas 3 cells","Cropland"
"CH47_3","CH47",0.0555216680895213,0.336311087756174,1264,FALSE,9.83920270547599,1.91631302878071,9.8905230974592,728.572577934997,185.051156109483,259.008411123266,0.262399649091554,4,0.063029330760538,0.853138512441558,0,0.0739003441257089,0.00993181267219534,0,"Other Atlas 3 cells","Cropland"
"CC82_3","CC82",0.055439711148001,0.335785601681555,1265,FALSE,9.36297015603598,1.90968885588861,9.3917465943304,566.4321245832,155.517490717192,214.15663211258,0.103528051881078,5,0.00884374220597396,0.946292491196719,0.0137912543075883,0.00764610051271258,0.0234264117770063,0,"Other Atlas 3 cells","Cropland"
"CG35_3","CG35",0.0554145389701898,0.335260115606936,1266,FALSE,9.71028207179173,2.01020662695265,9.68817034761848,684.087664306989,180.157325097538,241.233410172374,0.354960872051517,4,0.161072332860227,0.785022643021538,0,0.0193380783320612,0.0345669457861745,0,"Other Atlas 3 cells","Cropland"
"BF89_3","BF89",0.0554128804205923,0.334734629532317,1267,FALSE,9.62220336269008,2.06236760899258,9.56262013552458,686.335842455395,188.74639473912,235.461788775377,0.686727468277117,4,0,0.294085327168548,0.0501310528977982,0.387047870068478,0.268735749865176,0,"Other Atlas 3 cells","Forest"
"DD53_3","DD53",0.0553958773548769,0.334209143457698,1268,FALSE,9.55913355263953,1.92715588352873,9.6652180230722,503.389784934565,137.371582563798,190.754217684391,0.532038003732352,5,0,0.651940624508271,0.029171701400889,0,0.142587010273658,0.176300663817182,"Other Atlas 3 cells","Cropland"
"BD46_3","BD46",0.0553822879110222,0.333683657383079,1269,FALSE,9.79807092745633,2.94359714138181,9.52418787391363,597.835447396111,170.717593819957,202.804429151635,0.515099716638508,4,0.0243546673288098,0.261592503567256,0,0,0,0.714052829103934,"Other Atlas 3 cells","Fresh/saltwater"
"FG45_3","FG45",0.0553692867900269,0.33315817130846,1270,FALSE,9.74693249657778,2.30863330795478,9.62230735307004,497.47275262024,125.144910200783,183.88644075507,0.438484448033624,4,0.061720562942063,0.730994128927975,0,0.0730640008404279,0.134221307289534,0,"Other Atlas 3 cells","Cropland"
"BD58_3","BD58",0.0553347426924799,0.332632685233841,1271,FALSE,9.69399487284266,2.88066089287846,9.42486503183168,627.703532821791,179.784885601858,214.992379407546,0.410796051356107,5,0,0.756303409684802,0.0694046197757962,0.0329125559845247,0.0963294627895145,0.0450499517653623,"Other Atlas 3 cells","Cropland"
"FG36_3","FG36",0.0552983619286098,0.332107199159222,1272,FALSE,9.64485785641275,2.24434564568657,9.51962610266791,493.912074144942,124.13632153138,183.072403463017,0.546347812462255,4,0.064489406599915,0.585573336871417,0,0.325582587388322,0.024354669140347,0,"Other Atlas 3 cells","Cropland"
"BF96_3","BF96",0.0552853997115647,0.331581713084603,1273,FALSE,9.56809028557591,1.98031626310412,9.51496552713665,701.455272711609,191.23151944524,240.35954856415,0.546878120292806,4,0.0390960240519445,0.592308506251384,0,0.310676093627014,0.0579193760696577,0,"Other Atlas 3 cells","Cropland"
"FH96_3","FH96",0.0552415637673381,0.331056227009984,1274,FALSE,9.89442612563684,2.41656875717536,9.74049324616294,496.727437407589,119.707036290397,190.810130920727,0.0564168952689241,2,0.0290524951063676,0.970947504893632,0,0,0,0,"Other Atlas 3 cells","Cropland"
"BH98_3","BH98",0.0552046996702245,0.330530740935365,1275,FALSE,10.0199747921988,2.34181405086991,9.96075440598479,692.187593753349,167.994092215686,243.977236103225,0.137593348736105,3,0,0.926856425934724,0.0275998123145422,0,0.0455437617507336,0,"Other Atlas 3 cells","Cropland"
"DF97_3","DF97",0.0551919342701048,0.330005254860746,1276,FALSE,9.67727796216067,2.32575726405116,9.59425590613195,476.514403694493,120.497203057778,183.792377959705,0.579080861052028,5,0.0831883022229484,0.589997778028229,0,0,0.250511204112023,0.0763027156367997,"Other Atlas 3 cells","Cropland"
"BE85_3","BE85",0.0551763290299732,0.329479768786127,1277,FALSE,9.4520612751062,1.90856228581738,9.41807581675402,650.438094578106,182.440716610499,227.300038193627,0.449158221215427,3,0.167681024940067,0.713100066212986,0,0,0.119218908846946,0,"Other Atlas 3 cells","Cropland"
"FF80_3","FF80",0.055117889995359,0.328954282711508,1278,FALSE,9.51222394758497,1.86406084110083,9.47602427919398,505.646499092643,126.349720304826,186.87830495476,0.631031365705011,4,0.33039504907238,0.480868711910555,0,0.0210116481178673,0.167724590899197,0,"Other Atlas 3 cells","Cropland"
"BC70_3","BC70",0.0550629327561489,0.328428796636889,1279,FALSE,9.71534824476094,2.87531074210164,9.46669583008151,585.567474294228,171.077309497171,203.743395736602,0.341405062306283,5,0,0.785415465968923,0.182660007563072,0,0.00888441684596485,0.0230401096220401,"Other Atlas 3 cells","Cropland"
"EH73_3","EH73",0.0550365067358388,0.32790331056227,1280,FALSE,10.061010238896,2.56431080819648,9.98498793390338,488.066548444668,114.91345471303,190.702222306697,0.603914583816473,4,0,0.35084876756257,0,0.121939868220166,0,0.527211364217264,"Other Atlas 3 cells","Fresh/saltwater"
"DG29_3","DG29",0.0550186859011122,0.327377824487651,1281,FALSE,9.7713564792216,2.3744816980333,9.69088400311341,528.212431021044,139.240500617354,193.390360325559,0.208836071923119,3,0.116646778743355,0.881631195183702,0,0.00172202607294295,0,0,"Other Atlas 3 cells","Cropland"
"FE94_3","FE94",0.0549422182439198,0.326852338413032,1282,FALSE,9.48086720400448,1.61559319109647,9.62110034904101,494.582135278755,115.593202580279,188.68495741399,0.65400476194457,6,0.138452863840333,0.0304448631873124,0,0.256563850885155,0.0617265214909645,0.512811900596235,"Other Atlas 3 cells","Fresh/saltwater"
"DD06_3","DD06",0.0549191531139554,0.326326852338413,1283,FALSE,9.25773890577672,1.58154175184204,9.35851690919054,557.250617387376,152.712610523766,211.607031607626,0.309209561335621,4,0.130459894923724,0.819777023561213,0.00910015962261437,0,0.0406629218924489,0,"Other Atlas 3 cells","Cropland"
"FF99_3","FF99",0.054909333797191,0.325801366263794,1284,FALSE,9.49728112052903,1.69112526087178,9.58183046880999,496.383039906731,118.649610137903,187.879700468786,0.177378804526332,4,0.0297954415020014,0.904950902696624,0,0.0143474535923095,0.0509062022090648,0,"Other Atlas 3 cells","Cropland"
"BD93_3","BD93",0.0548637330156765,0.325275880189175,1285,FALSE,9.64285282394339,2.31495009280137,9.57410763159129,596.907792690962,169.447106101244,215.437875914625,0.364160364086692,5,0.0628260833973447,0.789220913484353,0.0540469381889438,0,0.0648241937800273,0.0290818711493314,"Other Atlas 3 cells","Cropland"
"BE76_3","BE76",0.0547261620509397,0.324750394114556,1286,FALSE,9.47589167712153,2.01501282391915,9.40924143716227,649.608827670129,182.515800169946,225.989562517993,0.2127370457339,3,0.0465736967714505,0.883273717330572,0,0,0.0701525858979771,0,"Other Atlas 3 cells","Cropland"
"CD04_3","CD04",0.0546717421819791,0.324224908039937,1287,FALSE,9.63781610287889,2.29984511425198,9.57243374318477,564.835474953695,160.256525613161,205.770112053996,0.708191596487383,4,0.306083375634477,0.220229298195746,0,0,0.100644717157899,0.373042609011879,"Other Atlas 3 cells","Fresh/saltwater"
"CE16_3","CE16",0.0546350763425127,0.323699421965318,1288,FALSE,9.33662928751057,1.65047995119947,9.37149793811865,643.182309168632,181.011453359414,229.209755069368,0.523044956411604,3,0.0243546677476725,0.502313811257221,0,0.473331520995106,0,0,"Other Atlas 3 cells","Cropland"
"DB40_3","DB40",0.0546294144502366,0.323173935890699,1289,FALSE,9.33059328612857,2.21009032247426,9.27192113154566,521.101390704579,147.153687906427,189.80623042809,0.646096610676927,5,0.0323655280344346,0.479044603071967,0.0466860250577761,0.329471601358126,0.112432242477697,0,"Other Atlas 3 cells","Cropland"
"CD31_3","CD31",0.0545516875257401,0.32264844981608,1290,FALSE,9.49708771154961,1.86756949385554,9.54309577512953,562.090538302062,155.40792631631,209.132107021983,0.506799745760663,4,0.146128005674122,0.669674808647226,0,0.0356170290556423,0.148580156623009,0,"Other Atlas 3 cells","Cropland"
"CE99_3","CE99",0.0545332344052272,0.322122963741461,1291,FALSE,9.27522006995077,1.44258910464398,9.40972348471624,560.500676927973,153.666236763165,207.926660404298,0.530809041177279,4,0.0122905229054639,0.622194336750374,0,0.261615368887085,0.103899771457077,0,"Other Atlas 3 cells","Cropland"
"BD44_3","BD44",0.0544958259937092,0.321597477666842,1292,FALSE,9.78155829052979,2.81571381597807,9.54322734154948,620.890193919684,176.729783078097,211.319338942027,0.672501661786536,5,0.122902736102737,0.102196566702514,0,0,0.169108746220919,0.605791950973831,"Other Atlas 3 cells","Fresh/saltwater"
"BE29_3","BE29",0.0544785433945562,0.321071991592223,1293,FALSE,9.77999293228651,2.77303277526085,9.53277913089263,635.164444468995,175.151092642841,212.926371263821,0.494331049134162,5,0.0839707693775871,0.689578171174699,0.0125074304932622,0.111759546422029,0.102184082532423,0,"Other Atlas 3 cells","Cropland"
"DE33_3","DE33",0.0544313631665057,0.320546505517604,1294,FALSE,9.26216490266288,1.56260197594356,9.33827247670905,538.268824344609,145.425846451538,200.724694274893,0.548075619607237,4,0.421223387099376,0.521537513263425,0,0.00852976432493469,0.0487093353122636,0,"Other Atlas 3 cells","Cropland"
"BF01_3","BF01",0.0544288846772655,0.320021019442985,1295,FALSE,10.1750406214203,3.54398025809767,9.68560588778471,587.383177615933,150.121017058716,192.01674822379,0.609858498416773,4,0,0,0.135952512985378,0.284108828564176,0.0037925385747105,0.576146119875736,"Other Atlas 3 cells","Fresh/saltwater"
"FG58_3","FG58",0.0543295140044978,0.319495533368366,1296,FALSE,9.56018207543267,2.0428071124767,9.47619193999467,514.149224047411,129.011791103756,190.309603875121,0,1,0,1,0,0,0,0,"Other Atlas 3 cells","Cropland"
"BD86_3","BD86",0.0543257471019736,0.318970047293747,1297,FALSE,9.69746032218404,2.57336102109954,9.54653771319353,590.884258200094,168.345459397574,211.822371247273,0.741871416068987,6,0.0283464134295399,0.413812416284064,0.119369797378811,0,0.0754200936309601,0.363051279276625,"Other Atlas 3 cells","Cropland"
"BE58_3","BE58",0.0542861549072431,0.318444561219128,1298,FALSE,9.58486476250745,2.31725935353133,9.44217444214466,645.162798537371,179.091531931136,223.66238708725,0.642140196722879,4,0.225433022924359,0.524224691515821,0,0.146296936111664,0.104045349448156,0,"Other Atlas 3 cells","Cropland"
"CE70_3","CE70",0.0542569519355196,0.317919075144509,1299,FALSE,9.05995193384122,1.33493898232275,9.11532215604456,646.16919076518,182.432777764296,228.267237895985,0.712176954420674,4,0.265711871797547,0.40274176490258,0,0.16553570797708,0.166010655322794,0,"Other Atlas 3 cells","Cropland"
"GF49_3","GF49",0.0542394397704649,0.31739358906989,1300,FALSE,9.37979013954628,1.2835714624563,9.54330059517513,477.772269691084,115.079524825688,183.825151611498,0.67108060649995,5,0.207030085896275,0,0.00180836244696466,0.30772643495687,0,0.483435116699891,"Other Atlas 3 cells","Fresh/saltwater"
"BD91_3","BD91",0.054222068452941,0.316868102995271,1301,FALSE,9.62247694553508,2.18366531378899,9.58167874095248,584.987004995167,164.778795033382,210.885275422342,0.612007448878377,5,0.0485912530096913,0.579391696912918,0.0900474623474821,0.110489034580882,0.171480553149026,0,"Other Atlas 3 cells","Cropland"
"EE09_3","EE09",0.0541791851630635,0.316342616920652,1302,FALSE,9.62745165437414,2.18050267950462,9.62092621394464,470.153171977365,122.51566117973,180.593673912719,0.275442086202335,3,0.139378469318698,0.839318354133131,0,0,0.0213031765481712,0,"Other Atlas 3 cells","Cropland"
"CF14_3","CF14",0.0541578140754712,0.315817130846033,1303,FALSE,9.43979223426071,1.79584694349226,9.41424879587137,691.736819610854,189.185321020568,237.826567388718,0.648559054391847,5,0.126344575625182,0.53388096673701,0.0243546677473191,0.16516426969565,0.150255520194839,0,"Other Atlas 3 cells","Cropland"
"DE14_3","DE14",0.0541041313187297,0.315291644771414,1304,FALSE,9.39496502915656,1.62434390670058,9.4885649205005,521.386425832459,143.063980063682,191.164072347944,0.460566697046206,3,0.293177500835343,0.672536016166694,0,0,0.034286482997963,0,"Other Atlas 3 cells","Cropland"
"DG49_3","DG49",0.0540830716844436,0.314766158696795,1305,FALSE,9.6499645079971,2.32233422684287,9.54567245482936,515.047563005193,133.45625845424,191.649972456433,0.493493550323093,4,0.183197280117118,0.676643460481729,0,0.121443647378165,0.0187156120229872,0,"Other Atlas 3 cells","Cropland"
"CE39_3","CE39",0.0540802546156649,0.314240672622176,1306,FALSE,9.24742873057838,1.54420841053459,9.3075858835349,602.657994047684,167.846743645514,221.126936652044,0.644086662789704,5,0.11638155506366,0.439388571310296,0.0514804061742502,0.381631751392816,0.0111177160589772,0,"Other Atlas 3 cells","Cropland"
"FG81_3","FG81",0.0540301921505033,0.313715186547556,1307,FALSE,9.63158179638771,2.15284025143015,9.4775337162515,509.48309062185,124.598779556406,192.087649723236,0.271980620511845,3,0.015748319739784,0.840889141008144,0,0.143362539252072,0,0,"Other Atlas 3 cells","Cropland"
"BF36_3","BF36",0.053889385743699,0.313189700472937,1308,FALSE,9.80120204312939,2.73862109828102,9.51470343462185,660.2800930023,174.207200641925,221.756335062863,0.26135368896606,4,0.0538731032843727,0.854789103534475,0,0.024358194776943,0.0669795984042094,0,"Other Atlas 3 cells","Cropland"
"CF96_3","CF96",0.0538862441596288,0.312664214398318,1309,FALSE,9.41962128540459,1.81277610711751,9.42902222034132,588.570590230242,162.819956544236,209.933302039794,0.219916798671907,3,0.124268086303033,0.874436370253354,0,0.00129554344361336,0,0,"Other Atlas 3 cells","Cropland"
"DB61_3","DB61",0.0538776187420445,0.312138728323699,1310,FALSE,9.42578206131969,2.37763430713383,9.35372251160754,523.996062764752,147.588277107844,190.415277764341,0.0677066744706927,3,0.00625094938016313,0.965105548720464,0,0,0.0286435018993731,0,"Other Atlas 3 cells","Cropland"
"EG89_3","EG89",0.0538632380010463,0.31161324224908,1311,FALSE,9.8252675520151,2.63206266832237,9.65861312563128,485.48198946495,121.296712619128,182.165385953843,0.0706055488424913,3,0.0145893797732249,0.963526550566826,0.0218840696599495,0,0,0,"Other Atlas 3 cells","Cropland"
"CE23_3","CE23",0.0538612489147354,0.311087756174461,1312,FALSE,9.27882142645467,1.53387494086315,9.32447067716183,655.383820306388,184.92859579246,230.491320855492,0.746068761115144,5,0.305601790739316,0.28445530823449,0.0220284427597053,0.236244311768173,0.151670146498316,0,"Other Atlas 3 cells","Urban"
"BF81_3","BF81",0.0537845824121399,0.310562270099842,1313,FALSE,9.71874745225512,2.25922777114467,9.58835160344601,713.792674167069,188.173141519529,244.61740470562,0.504111482750245,4,0.0487093355353095,0.641397193610323,0,0.285538803086713,0.0243546677676547,0,"Other Atlas 3 cells","Cropland"
"CG80_3","CG80",0.0537589922653673,0.310036784025223,1314,FALSE,9.94481166623392,2.20055619814005,9.95723495849435,634.077631987764,165.537174787371,229.77409167973,0.475341893937588,4,0.0646074793501214,0.2208280359132,0,0,0,0.714564484736678,"Other Atlas 3 cells","Fresh/saltwater"
"FH42_3","FH42",0.0537320348363967,0.309511297950604,1315,FALSE,9.9849115920919,2.39880384413238,9.9136108597255,509.685327652374,121.134638126977,198.369686655435,0.214429389659835,6,0.000566270798634241,0.883393194798826,0,0.0108414075731582,0.0577285562902052,0.0474705705391768,"Other Atlas 3 cells","Cropland"
"CE55_3","CE55",0.0537168449943602,0.308985811875985,1316,FALSE,9.14307140371417,1.32332402482465,9.23293346425223,605.610367492068,169.251409431364,218.438937245024,0.695670630447926,5,0.105322154616438,0.449911480106,0.0202575010590753,0.223162931121917,0.20134593309657,0,"Other Atlas 3 cells","Cropland"
"CD82_3","CD82",0.0536936848245039,0.308460325801366,1317,FALSE,9.35920501489647,1.58546738873359,9.48874921504668,546.931119563117,150.294950327592,205.49699512764,0.0198977926760915,2,0,0.989950103237007,0,0,0.0100498967629926,0,"Other Atlas 3 cells","Cropland"
"CF90_3","CF90",0.0536636330453502,0.307934839726747,1318,FALSE,9.77360135389965,2.2684942164958,9.73105764271847,594.766596870625,160.360567951085,213.667689469943,0.566776835687977,5,0.614100706301404,0.00734166770698805,0,0.0984335758136356,0,0.280124050177971,"Other Atlas 3 cells","Urban"
"DC59_3","DC59",0.0536591195758026,0.307409353652128,1319,FALSE,9.58483139681159,2.43843378315743,9.53561740404615,477.809811128773,134.170410737234,175.417163147136,0.452050117831851,3,0.0487093336250362,0.691400190629779,0,0,0.259890475745185,0,"Other Atlas 3 cells","Cropland"
"BE04_3","BE04",0.053658127800239,0.306883867577509,1320,FALSE,9.94066339158949,3.09568807412525,9.59174520768399,605.756579407147,160.965644627404,199.084068738517,0.636334382201469,5,0.00650859509945752,0.40250423701142,0.0535907826506087,0,0.105026821354451,0.432369563884063,"Other Atlas 3 cells","Fresh/saltwater"
"FG09_3","FG09",0.0535715547821599,0.30635838150289,1321,FALSE,9.70602255851665,2.43141573778634,9.56036754019426,478.837490554043,119.122568224904,179.001365833919,0,1,0,1,0,0,0,0,"Other Atlas 3 cells","Cropland"
"CE97_3","CE97",0.0535484099186573,0.305832895428271,1322,FALSE,9.27406643566246,1.44676803526428,9.40154774549811,570.574948553158,157.171497782167,209.920587559592,0.100164918988447,4,0.0261845144106186,0.947920846293412,0,0.00153997098843606,0.0243546683075335,0,"Other Atlas 3 cells","Cropland"
"FF03_3","FF03",0.0535368314696811,0.305307409353652,1323,FALSE,9.53867386070911,2.30309178502074,9.38513258594399,498.850944290366,123.12115975217,187.121146180307,0.663807352764815,4,0.0920532087101665,0.299362148882883,0,0.466947668995627,0.141636973411323,0,"Other Atlas 3 cells","Forest"
"FH72_3","FH72",0.0535350356561666,0.304781923279033,1324,FALSE,10.0226500096929,2.4329487740316,9.93221045924123,500.670247580644,118.083390460325,197.583932744833,0.393887675522407,4,0.0750773714152069,0.761889990211462,0.115731013044647,0,0,0.0473016253286849,"Other Atlas 3 cells","Cropland"
"CD96_3","CD96",0.0535055750896975,0.304256437204414,1325,FALSE,9.31015532717391,1.63076850839057,9.40471987567243,553.805520956598,151.477508407843,210.791639090378,0.222508693491853,2,0.122245982353071,0.873203937589084,0,0,0.00455008005784533,0,"Other Atlas 3 cells","Cropland"
"EG96_3","EG96",0.0534821213374552,0.303730951129795,1326,FALSE,9.82887523580075,2.59253872969426,9.65497923580488,477.335771856636,119.009036847916,178.681618434998,0,1,0,1,0,0,0,0,"Other Atlas 3 cells","Cropland"
"BF95_3","BF95",0.0533553236594192,0.303205465055176,1327,FALSE,9.56939609859487,1.9931340693915,9.50929475318216,703.784812550113,190.77261233906,240.906452223037,0.710900533220581,5,0.169167997572687,0.396343850450713,0.0239304801355841,0.291831824675604,0.118725847165412,0,"Other Atlas 3 cells","Cropland"
"DF01_3","DF01",0.0533260725038174,0.302679978980557,1328,FALSE,9.69128481318171,2.2034197845035,9.64809631955524,587.867907473319,157.202535798552,213.176821949218,0.387859489863833,5,0.0740928388157571,0.027697688235076,0,0,0.048709333977978,0.849500138971189,"Other Atlas 3 cells","Fresh/saltwater"
"BD90_3","BD90",0.0533255805508282,0.302154492905938,1329,FALSE,9.56533808115888,2.09062895464641,9.53230843392405,586.916299292703,165.159225842441,210.683514387874,0.526654343562544,5,0.054344358193771,0.651240372238761,0,0.0671376998932074,0.202922901987978,0.0243546676862826,"Other Atlas 3 cells","Cropland"
"HA14_3","HA14",0.0532693199423991,0.301629006831319,1330,FALSE,9.28546365209816,2.29410341116018,8.77641715812553,489.334028737686,118.981836460547,163.03764031456,0.417944161975608,4,0.0011413638034474,0.738207927480636,0,0.0907387711462877,0.169911937569629,0,"Other Atlas 3 cells","Cropland"
"EG98_3","EG98",0.0532427208644974,0.3011035207567,1331,FALSE,9.69553326466081,2.46706122183623,9.528933074521,503.226024056874,124.976816271066,188.341400825132,0.508871289884972,3,0.522205708746999,0.467245799542058,0,0.00791136878320752,0.00263712292773584,0,"Other Atlas 3 cells","Urban"
"FH29_3","FH29",0.0532304704461736,0.300578034682081,1332,FALSE,9.95692000804068,2.56765924536754,9.81742366931335,494.319112120557,120.089413680971,187.91074244318,0.466669992233955,3,0,0.22860915678158,0,0,0,0.77139084321842,"Other Atlas 3 cells","Fresh/saltwater"
"CB90_3","CB90",0.053204743320467,0.300052548607462,1333,FALSE,9.66646649798835,2.48949972773835,9.6076714028058,522.720999443067,147.048338039098,188.684563311535,0.18014987863062,2,0.0829958196194907,0.900598584409834,0.0164055959706751,0,0,0,"Other Atlas 3 cells","Cropland"
"BD27_3","BD27",0.0531537298318105,0.299527062532843,1334,FALSE,9.57614219124995,2.91505553547617,9.22283466128752,652.335369814653,186.513541728813,212.37237190795,0.241124753190726,4,0.0791037284559225,0.866059153757527,0,0.0183051165818523,0.036532001204698,0,"Other Atlas 3 cells","Cropland"
"FG34_3","FG34",0.0530965889414736,0.299001576458224,1335,FALSE,9.81350260661891,2.41076016120003,9.67586814056376,494.591299620502,123.650054726981,183.718905508116,0.0791770078794902,2,0,0.958706328777198,0,0.0309702534171015,0.0103234178057005,0,"Other Atlas 3 cells","Cropland"
"FH04_3","FH04",0.0530919938578561,0.298476090383605,1336,FALSE,9.97676600492021,2.49216698001553,9.87373016142643,506.280718200826,120.385213521378,196.04642972408,0.497827462244917,2,0,0.467041406620711,0,0.532958593379289,0,0,"Other Atlas 3 cells","Forest"
"FG59_3","FG59",0.0530555246340882,0.297950604308986,1337,FALSE,9.52815644855317,2.0058574572961,9.44853988870219,515.488083716715,129.856357555511,190.241741279325,0.523605411466034,3,0.579436045644996,0.371854619802882,0,0,0.0487093345521225,0,"Other Atlas 3 cells","Urban"
"BE66_3","BE66",0.0530290306184996,0.297425118234367,1338,FALSE,9.43978373404998,2.05042302070446,9.33511824846825,645.182965532489,180.046756405196,224.057272057017,0.508026004515221,4,0.143772605667465,0.669182953774265,0,0.0387280766575811,0.148316363900689,0,"Other Atlas 3 cells","Cropland"
"DD81_3","DD81",0.0530222428439013,0.296899632159748,1339,FALSE,9.44627482259839,1.93005587203856,9.49917915029886,504.11418438127,134.624009646254,193.013020904055,0.479499240528975,3,0,0.181878889570143,0,0.685429650207717,0.13269146022214,0,"Other Atlas 3 cells","Forest"
"DD34_3","DD34",0.0529591560256341,0.296374146085129,1340,FALSE,9.34526499588789,1.67049263417367,9.45755991493723,504.369838568426,136.727307127211,191.672561931225,0.0736700795844707,3,0.0348771989990253,0.961822545858385,0,0.00330025514258937,0,0,"Other Atlas 3 cells","Cropland"
"DH76_3","DH76",0.0529387612989815,0.29584866001051,1341,FALSE,9.91915960577188,2.43682856588897,9.83442822434108,535.560846246078,133.07022032493,200.738244677424,0.51970084609521,4,0.0322204746498094,0.639275337876194,0,0,0.0730640004697486,0.255440187004248,"Other Atlas 3 cells","Cropland"
"BD78_3","BD78",0.0529091956422307,0.295323173935891,1342,FALSE,9.65797409338151,2.70903540227188,9.4408608126024,584.882759606587,169.75028058554,205.170935231442,0.290750804929992,5,0.0527761859240494,0.836574193907514,0.0284215182493749,0.0758917326325923,0,0.00633636928646956,"Other Atlas 3 cells","Cropland"
"AF91_3","AF91",0.0528976385659662,0.294797687861272,1343,FALSE,10.1895525677323,3.65279421436681,9.6624830265597,595.7073882489,150.717401861126,193.615506870335,0.654178306820982,5,0.134106965872082,0,0.380703334956054,0.421286941190134,0.00313188368009412,0.0607708743016351,"Other Atlas 3 cells","Forest"
"BD74_3","BD74",0.0528847751325936,0.294272201786653,1344,FALSE,9.63672946629948,2.48815020312977,9.49079913522016,615.449695001479,176.016471483249,217.085472450854,0.208450642684434,3,0,0.883584513102012,0.00724094719806004,0.00714674788705828,0.10202779181287,0,"Other Atlas 3 cells","Cropland"
"GF14_3","GF14",0.0528542974256464,0.293746715712034,1345,FALSE,9.49848111425782,1.68525230559778,9.5290737909479,489.943603119424,120.118142293509,185.401425767683,0.38363030202127,3,0.743302719372718,0.252673262295997,0.00402401833128507,0,0,0,"Other Atlas 3 cells","Urban"
"EG17_3","EG17",0.0528476683990211,0.293221229637415,1346,FALSE,9.86394737259433,2.70333357347265,9.67374370738714,496.564169401023,127.256885917747,186.907135792314,0.260018298562704,2,0.15360304458808,0.84639695541192,0,0,0,0,"Other Atlas 3 cells","Cropland"
"FH76_3","FH76",0.0528420976550198,0.292695743562796,1347,FALSE,9.88533779566587,2.40285417110853,9.74420427999932,510.535318057521,123.406943676891,195.693300477426,0.392909938441288,2,0,0.731397992167945,0,0.268602007832055,0,0,"Other Atlas 3 cells","Cropland"
"CD15_3","CD15",0.0528021966872735,0.292170257488177,1348,FALSE,9.68623994738063,2.34012245334697,9.63582720229043,556.941530700193,157.042928704351,205.093538405472,0.539729046659549,6,0.0766396923325372,0.0241464605639851,0.015190967461566,0,0.167840003374211,0.716182876267701,"Other Atlas 3 cells","Fresh/saltwater"
"BF22_3","BF22",0.0528015821787047,0.291644771413558,1349,FALSE,10.0840676888181,3.21703529213124,9.71048423027318,612.148363414508,158.785126612534,203.339853389819,0.67331131425415,4,0.111267514263948,0.350866725553262,0.12618690594576,0,0.41167885423703,0,"Other Atlas 3 cells","Grass/shrub"
"ED13_3","ED13",0.0526895448350977,0.291119285338938,1350,FALSE,9.55331927951044,2.22287052356398,9.53041896029926,479.015141297313,123.718286766465,183.627041269398,0.559183674636037,5,0.0487093386391967,0,0.0321852668965122,0.312236074619229,0,0.606869319845062,"Other Atlas 3 cells","Fresh/saltwater"
"BD80_3","BD80",0.0526638306137448,0.29059379926432,1351,FALSE,9.45431314373206,2.0416650777569,9.39007139549119,629.716640017507,178.525534900341,222.817273292962,0.430483828624507,3,0.062708000677874,0.71996823507791,0,0.217323764244216,0,0,"Other Atlas 3 cells","Cropland"
"FG26_3","FG26",0.0526362919421699,0.2900683131897,1352,FALSE,9.62261566792797,2.25980211307458,9.48080399623516,504.911011502786,127.428421571937,186.754319805194,0.393173004982524,4,0.0243546651819843,0.750783270437765,0,0.205374165700483,0.0194878986797675,0,"Other Atlas 3 cells","Cropland"
"DG65_3","DG65",0.0526333756691861,0.289542827115081,1353,FALSE,9.79143394918856,2.49146537105502,9.65306964905586,524.680421541003,136.530155141939,192.467982062658,0.660539952068945,4,0.154554637777857,0.481097938416956,0,0.113865897389538,0.250481526415649,0,"Other Atlas 3 cells","Cropland"
"CE56_3","CE56",0.0526080486095721,0.289017341040462,1354,FALSE,9.22594142323102,1.41123386461838,9.3270828510816,577.540333189103,161.029519801554,209.625176056223,0.603909549936095,5,0.191939671602676,0.580703798494784,0.0259435425057327,0.0829958161225184,0.118417171274289,0,"Other Atlas 3 cells","Cropland"
"BE84_3","BE84",0.052557275525135,0.288491854965843,1355,FALSE,9.41682019005918,1.87303996739712,9.37957872501138,658.968286432007,184.719163696512,229.275499966013,0.451524768056009,3,0.257449321657369,0.692836239105407,0,0.00507195429415449,0.0446424849430685,0,"Other Atlas 3 cells","Cropland"
"CF27_3","CF27",0.0525009081235224,0.287966368891224,1356,FALSE,9.28004416823055,1.58104855297907,9.28661005269513,712.045825017026,198.920861296413,244.91703708708,0.631131021850711,5,0.108886405790295,0.550360087512868,0.0243546677107483,0.191376237934417,0.12502260105167,0,"Other Atlas 3 cells","Cropland"
"CD57_3","CD57",0.052493858710854,0.287440882816605,1357,FALSE,9.49902662183799,1.9841876977516,9.53072032021757,558.639963130241,154.446797085741,210.761764229696,0.121103563976271,4,0.0101002726182048,0.936268195028035,0.0116346055289184,0.0243546672805179,0.0176422595443242,0,"Other Atlas 3 cells","Cropland"
"CE50_3","CE50",0.0524470520088592,0.286915396741986,1358,FALSE,9.06391256063062,1.32360052986647,9.11530846119815,662.907084318573,186.68585189935,232.799771679288,0.691617556630139,5,0.0938940873696242,0.400842863009063,0.0608866682026189,0.355528446498485,0.0888479349202085,0,"Other Atlas 3 cells","Cropland"
"DE15_3","DE15",0.0523697857990173,0.286389910667367,1359,FALSE,9.21760609368896,1.44175129958322,9.32813913230128,560.265929177866,154.822164813821,205.521876045607,0.320832448217865,4,0.0426778375701955,0.81697667703957,0,0.0750119317356076,0.0653335536546266,0,"Other Atlas 3 cells","Cropland"
"DC16_3","DC16",0.0523301733694669,0.285864424592748,1360,FALSE,9.62295275394558,2.31108304325423,9.63034794057427,532.786252124539,147.348860957648,199.005007985355,0.596896909315865,6,0.246277811479469,0.56866663386946,0.00720068621360875,0.131049262216064,0.0396049200079818,0.00720068621341618,"Other Atlas 3 cells","Cropland"
"EH54_3","EH54",0.0522295588858367,0.285338938518129,1361,FALSE,10.0694715794078,2.62953257314211,9.98107304847606,485.868681197155,115.878858265943,188.001329398538,0.48662771284015,3,0,0.352107469806951,0,0,0,0.647892530193048,"Other Atlas 3 cells","Fresh/saltwater"
"CE93_3","CE93",0.0521989227076304,0.28481345244351,1362,FALSE,9.33751956298453,1.55495120981883,9.43126014600606,574.154223422348,160.41903653548,206.330021390909,0.712967202052591,5,0.270851926748945,0.229688418484986,0,0.393016889998903,0.0333787598396806,0.0730640049274857,"Other Atlas 3 cells","Forest"
"BG79_3","BG79",0.0521937867648492,0.284287966368891,1363,FALSE,9.87606215177934,2.48840302394869,9.69779454318138,687.083377268601,177.676609170658,236.196394313748,0.368463385971268,2,0.243546676733629,0.756453323266371,0,0,0,0,"Other Atlas 3 cells","Cropland"
"CD34_3","CD34",0.0521828292772874,0.283762480294272,1364,FALSE,9.61853934813433,2.09109963991693,9.63376574141821,555.572202253332,154.030160498177,208.12058903341,0.701810333879373,6,0.0121773338062726,0.382847738859535,0.151756803017089,0.00921824221393452,0.0457502436325211,0.398249638470648,"Other Atlas 3 cells","Fresh/saltwater"
"FF02_3","FF02",0.0521430222476811,0.283236994219653,1365,FALSE,9.64851305499068,2.39124870451729,9.49164869907727,472.449435208541,117.45714054835,176.968392378903,0.188327962128362,4,0.0341675169264947,0.898000054183392,0,0.00391702994968477,0.0639153989404284,0,"Other Atlas 3 cells","Cropland"
"DE10_3","DE10",0.0520912517472644,0.282711508145034,1366,FALSE,9.16404110858165,1.49174611706966,9.22012377501141,596.078738661123,164.750531779422,215.318313210524,0.393928787592229,4,0.0383004190520349,0.762466458638754,0,0.140591974355181,0.0586411479540302,0,"Other Atlas 3 cells","Cropland"
"CG66_3","CG66",0.0520890032880411,0.282186022070415,1367,FALSE,9.74177167406113,2.11983332442956,9.72762121736521,626.449778662177,167.591568697585,223.136816911081,0.14818425762476,2,0.0805862768248757,0.919413723175124,0,0,0,0,"Other Atlas 3 cells","Cropland"
"FG38_3","FG38",0.0520686260423825,0.281660535995796,1368,FALSE,9.57058669194029,2.15571708276592,9.45941159465977,500.433584914008,126.669230544315,184.647968210959,0.404575463260374,3,0,0.747270260860365,0,0.176741121169728,0.0759886179699073,0,"Other Atlas 3 cells","Cropland"
"BF73_3","BF73",0.0520112065030582,0.281135049921177,1369,FALSE,9.73245317844547,2.32133389247186,9.57777834195186,689.914045487994,182.178363720765,236.131796409264,0.761191268716736,5,0.243546676750316,0.254869773267117,0.0302196322103426,0.236456843742325,0.234907074029899,0,"Other Atlas 3 cells","Cropland"
"CC81_3","CC81",0.0519581840485844,0.280609563846558,1370,FALSE,9.36512667189514,1.88004535110332,9.40594699655539,566.513975749128,156.400414248315,214.152596432399,0.0669716907346132,2,0,0.965310815082449,0.0346891849175503,0,0,0,"Other Atlas 3 cells","Cropland"
"CE54_3","CE54",0.0519368030647259,0.280084077771939,1371,FALSE,9.13801329565565,1.32093070670693,9.22609559908123,599.471515923066,168.354455769986,214.658366838956,0.678009443719878,5,0.124597136515016,0.201683777080723,0.048183784942322,0.496915526222279,0.128619775239659,0,"Other Atlas 3 cells","Forest"
"DB24_3","DB24",0.0518932186509719,0.27955859169732,1372,FALSE,9.51068721838463,2.45025739584719,9.40711078531606,525.626500258525,150.216725417316,184.647138315456,0.638883431124167,5,0.184260842141569,0.504596414415756,0.0082933108245367,0.036066607932448,0.26678282468569,0,"Other Atlas 3 cells","Cropland"
"DG34_3","DG34",0.0518851533903307,0.279033105622701,1373,FALSE,9.6509806906256,2.2507636840895,9.55013203977997,578.916798703001,152.325135075693,210.479186351626,0.067321559970908,2,0,0.965122801004795,0,0,0.0348771989952052,0,"Other Atlas 3 cells","Cropland"
"CD09_3","CD09",0.0518722809512022,0.278507619548082,1374,FALSE,9.70224101082199,2.61184683602528,9.56608985491419,577.048607979991,165.191142629874,209.516549634786,0.777116186517372,7,0.123341446009164,0.0830838923690224,0.113319124637731,0.0365320015337471,0.151256516374995,0.492467019075342,"Other Atlas 3 cells","Fresh/saltwater"
"DB11_3","DB11",0.0516941121574879,0.277982133473463,1375,FALSE,9.57877231868622,2.42479190374533,9.5110758166559,525.36093599698,148.520270766368,188.912656334374,0.551124591667357,3,0.340965356192441,0.569475606463855,0,0,0.0895590373437033,0,"Other Atlas 3 cells","Cropland"
"DD20_3","DD20",0.051681789518148,0.277456647398844,1376,FALSE,9.3331673202426,1.54044714893317,9.4670901531547,536.375969962974,145.471204151139,202.342882475854,0.267961950449747,5,0.110404689395441,0.847920123308345,0.00150787469510091,0.0143047706197122,0.0258625419814012,0,"Other Atlas 3 cells","Cropland"
"CG12_3","CG12",0.0516024296849031,0.276931161324225,1377,FALSE,9.68354104004613,1.97174891314469,9.65408101314535,726.954227653945,185.762556210992,256.324056200805,0.319905539336326,3,0.136339300353273,0.811666599927087,0,0,0.0519940997196394,0,"Other Atlas 3 cells","Cropland"
"BF14_3","BF14",0.0514778624851318,0.276405675249606,1378,FALSE,10.0179015986473,3.23006849327752,9.61965035904895,623.320608609396,161.945464238429,205.891160997199,0.71332441037172,5,0.14141958249158,0.44983018569654,0.0751060298825901,0.146128005971195,0.187516195958095,0,"Other Atlas 3 cells","Cropland"
"EG19_3","EG19",0.051442292620165,0.275880189174987,1379,FALSE,9.8811990768479,2.73542303908055,9.71140222624907,494.423696607182,126.969458902691,187.057857300358,0.588973816746537,4,0.112191286865159,0.270185428468553,0,0,0.0492833473754652,0.568339937290822,"Other Atlas 3 cells","Fresh/saltwater"
"HA35_3","HA35",0.0513217471646903,0.275354703100368,1380,FALSE,9.06447466093684,2.10079540872841,8.54402043349105,464.821172648533,112.838981365967,155.983466548343,0.357034336849022,5,0.0485375741557606,0.790742150148474,0,0.114811766453185,0.0439330109982034,0.00197549824437652,"Other Atlas 3 cells","Cropland"
"FG57_3","FG57",0.0513116910727737,0.274829217025749,1381,FALSE,9.57803439812736,2.07524387223123,9.48118795523368,510.288817897941,128.152529771589,188.580179224108,0.439921355155685,4,0.146128003660484,0.728589112504267,0,0.0668400154684299,0.0584428683668196,0,"Other Atlas 3 cells","Cropland"
"BE75_3","BE75",0.051299765579133,0.27430373095113,1382,FALSE,9.46353721190217,1.99355613207056,9.39637868567827,666.056234898842,186.772548229626,230.763783363889,0.438560487436315,3,0.240925759946895,0.70695712174093,0,0,0.0521171183121749,0,"Other Atlas 3 cells","Cropland"
"DB62_3","DB62",0.0512720537930889,0.273778244876511,1383,FALSE,9.36924389937155,2.34237662235393,9.28219307825588,520.758734231576,146.600816389265,188.495220427548,0.248515878825708,2,0,0.854488253593596,0,0,0.145511746406404,0,"Other Atlas 3 cells","Cropland"
"DC18_3","DC18",0.0512575619744572,0.273252758801892,1384,FALSE,9.64367200066487,2.3991717845751,9.61813689062426,524.60576377165,146.278577486242,193.456447001306,0.172564998656407,3,0.0720927867812335,0.906404321776275,0.00323689021750267,0,0.0182660012249885,0,"Other Atlas 3 cells","Cropland"
"BC74_3","BC74",0.0512390643320423,0.272727272727273,1385,FALSE,9.76568459887315,3.09830056509482,9.46540204218275,599.177239851094,174.31052525491,205.381012961473,0.526190688783526,5,0.048709335347059,0.660091863465426,0.11224500717923,0.131580179516852,0.0473736144914329,0,"Other Atlas 3 cells","Cropland"
"CG14_3","CG14",0.0512314449328638,0.272201786652654,1386,FALSE,9.7899956438369,2.10641481162302,9.74282174988626,713.80847955201,184.935817187526,250.116837608703,0.19057276464935,3,0.0974186709894785,0.894354040420092,0,0.00822728859042954,0,0,"Other Atlas 3 cells","Cropland"
"EF07_3","EF07",0.0511484430911365,0.271676300578035,1387,FALSE,9.72546659977296,2.39688344346221,9.63134494978873,446.046458770716,112.484222420309,172.25730901049,0.620779478869515,3,0.160358370469036,0.442256067497437,0,0,0,0.397385562033527,"Other Atlas 3 cells","Cropland"
"DG44_3","DG44",0.051130311586917,0.271150814503416,1388,FALSE,9.77090519691568,2.40236837403378,9.65950235090806,540.903535761377,142.087962224793,196.221758826654,0.404614762179898,4,0.165615911431124,0.751006782045207,0,0.0263665548175557,0.057010751706113,0,"Other Atlas 3 cells","Cropland"
"DF24_3","DF24",0.051081096706949,0.270625328428797,1389,FALSE,9.71452126717016,2.21606851340055,9.68842929957832,546.067644399239,148.490574545808,197.869934036839,0.514242482111172,5,0.170482670993547,0.00622017862474717,0,0.109545150320089,0.0487093345695848,0.665042665492033,"Other Atlas 3 cells","Fresh/saltwater"
"CG99_3","CG99",0.0509906852390085,0.270099842354178,1390,FALSE,9.82428871898399,2.32801493210432,9.77666088490252,596.396541167836,160.448912224066,214.040949999105,0.714038659501242,7,0.221488049627495,0.307549747038447,0.0273052436558619,0.025369570889839,0.0187156119754596,0.399571776812898,"Other Atlas 3 cells","Fresh/saltwater"
"DB80_3","DB80",0.0509896358693959,0.269574356279559,1391,FALSE,9.62940375532083,2.58585998405439,9.55886384012236,478.312709062055,134.352222825996,174.002357757651,0.686410574866069,6,0.178860602902316,0.130090294780041,0,0.138407250299468,0.0109562290626874,0.541685622955488,"Other Atlas 3 cells","Fresh/saltwater"
"BF84_3","BF84",0.0509783084796704,0.26904887020494,1392,FALSE,9.66803519356189,2.1639924558694,9.56175265162339,696.119925356892,186.042716391262,238.401424463857,0.395369068754795,3,0.103283635027267,0.758126888439537,0,0,0.138589476533197,0,"Other Atlas 3 cells","Cropland"
"BE45_3","BE45",0.0509660373074025,0.268523384130321,1393,FALSE,9.49029757889191,2.25105302407919,9.31148126320648,678.790383197952,186.786611619834,231.956673423796,0.486459200651753,5,0.0487093346599078,0.690681379153193,0.0113057422595676,0.162884508204193,0.086419035723138,0,"Other Atlas 3 cells","Cropland"
"DC29_3","DC29",0.0509643786785494,0.267997898055702,1394,FALSE,9.53053090078707,2.32113015092861,9.48807365247129,534.543236685946,149.925848183213,195.854666588044,0.320204876867439,3,0.00402764637632124,0.801135015343248,0,0,0.194837338280431,0,"Other Atlas 3 cells","Cropland"
"FH77_3","FH77",0.050946656206317,0.267472411981083,1395,FALSE,9.86955321866266,2.39809054328164,9.7210386537631,494.427210456947,119.784393765937,189.45053072679,0.311397886336094,5,0.022621727514991,0.824012045099733,0,0.0226217275150932,0.0695981202466784,0.0611463796235046,"Other Atlas 3 cells","Cropland"
"CG03_3","CG03",0.0509325401899055,0.266946925906463,1396,FALSE,9.80604507087403,2.15761327657001,9.74187623245779,693.407138650988,176.510279719393,244.209579322847,0.359945825436562,5,0.140459055982134,0.786476940946857,0.0243546676903363,0.0243546676903363,0.0243546676903363,0,"Other Atlas 3 cells","Cropland"
"CE90_3","CE90",0.0508920822083599,0.266421439831844,1397,FALSE,9.25705813688746,1.54233778679266,9.31696075865445,615.271014080467,171.877838211513,219.623665103439,0.636320742804318,4,0.147142912434656,0.54167686373515,0,0.165535712914428,0.145644510915765,0,"Other Atlas 3 cells","Cropland"
"FF55_3","FF55",0.0508858702093868,0.265895953757225,1398,FALSE,9.62799308635127,2.06938366872303,9.59950157500462,479.817291651778,116.135647771295,180.42279639608,0.661031122320362,6,0.0593629225894036,0.120278705271956,0,0.0543920427506781,0.118844608741422,0.647121720646541,"Other Atlas 3 cells","Fresh/saltwater"
"CE69_3","CE69",0.050832330602126,0.265370467682606,1399,FALSE,9.34504189524838,1.53908377722881,9.45176890885537,580.200856002009,160.245371671218,215.000594744933,0.411569623022085,5,0.114095246190903,0.752784177966749,0.0365320019477473,0.0179657118890129,0.0786228620055885,0,"Other Atlas 3 cells","Cropland"
"CG30_3","CG30",0.0508255162188357,0.264844981607987,1400,FALSE,9.75771295750754,1.95377674096265,9.77232222545084,717.568588645237,186.306244318065,252.476324665421,0.377235941447951,3,0.125715652793736,0.772383186390762,0,0,0.101901160815501,0,"Other Atlas 3 cells","Cropland"
"CF99_3","CF99",0.0508028481303424,0.264319495533368,1401,FALSE,9.46240786201024,1.7597301976889,9.50520866908914,577.748734707564,161.219323931041,206.425183534005,0.548912254037753,4,0.029833328351496,0.617274979411992,0,0.231278866490601,0.121612825745911,0,"Other Atlas 3 cells","Cropland"
"CG67_3","CG67",0.0507843679235657,0.263794009458749,1402,FALSE,9.68196343624098,2.07684647357266,9.66382934750928,640.38544278888,172.68628195049,226.718399715877,0.181377727883337,2,0.100864624836199,0.8991353751638,0,0,0,0,"Other Atlas 3 cells","Cropland"
"DG45_3","DG45",0.0507737694971018,0.26326852338413,1403,FALSE,9.59478707887958,2.23893779968564,9.48312850089328,538.293946971428,141.367188132599,196.909626212447,0.523100867607911,3,0.174034889730394,0.642658204537692,0,0.183306905731914,0,0,"Other Atlas 3 cells","Cropland"
"DE67_3","DE67",0.0507591744658382,0.262743037309511,1404,FALSE,9.4029544825352,1.74254892332178,9.4814290406693,500.989849226853,136.733622954407,189.277020039798,0.694099580685443,6,0.417232826756533,0.333024089604007,0,0.0664373286025986,0.0169760561719742,0.166329698864888,"Other Atlas 3 cells","Urban"
"DC39_3","DC39",0.0507527074308242,0.262217551234892,1405,FALSE,9.46540194688214,2.2905937368574,9.41898593611539,538.980013743104,151.574641154895,197.567938785162,0.381808404728013,4,0.0325265717472793,0.7726360870158,0,0.0730640029638452,0.121773338273075,0,"Other Atlas 3 cells","Cropland"
"DG59_3","DG59",0.0506716685263637,0.261692065160273,1406,FALSE,9.74152215527815,2.44047227981217,9.6248655641384,496.752205685595,129.098166253933,185.379403712706,0.517215390351218,4,0.141064225722364,0.661875029283138,0,0.14835141137066,0.048709333623838,0,"Other Atlas 3 cells","Cropland"
"GG26_3","GG26",0.0505923776739896,0.261166579085654,1407,FALSE,9.60228518784862,2.02007599852081,9.49493764616932,499.119250196836,121.58297759522,188.438640058861,0.254271065441556,3,0.0665508355343567,0.857644170848766,0,0.0758049936168768,0,0,"Other Atlas 3 cells","Cropland"
"CD75_3","CD75",0.0505581874930234,0.260641093011035,1408,FALSE,9.3956505538771,1.73520758486536,9.47131080720879,557.419411399443,153.14547362712,210.791666559069,0.185258090214413,3,0,0.899276143696379,0,0.0283201547451671,0.0724037015584534,0,"Other Atlas 3 cells","Cropland"
"FG89_3","FG89",0.0505383158603941,0.260115606936416,1409,FALSE,9.47537347826545,1.8470968042781,9.42107902775103,520.060824859878,129.569471143038,192.760442100226,0.515133875621921,4,0.148424053805882,0.661171269808636,0,0.156692200018952,0.0337124763665306,0,"Other Atlas 3 cells","Cropland"
"CE84_3","CE84",0.0504700197405573,0.259590120861797,1410,FALSE,9.22920790308246,1.4215697591947,9.32935818053677,597.460377536943,166.258390429702,215.735529828396,0.712611974080453,6,0.281798646226376,0.229896710867982,0.04870933515039,0.389206260411064,0.024354667575195,0.0260343797689933,"Other Atlas 3 cells","Forest"
"CD94_3","CD94",0.0503810339809816,0.259064634787178,1411,FALSE,9.4071767204626,1.67160450250521,9.51404837992359,555.494463672131,152.018393210373,210.56104744814,0.393585276430061,4,0.108343258364024,0.764841473155412,0,0.0346593584783748,0.0921559100021887,0,"Other Atlas 3 cells","Cropland"
"FH16_3","FH16",0.0502734561071871,0.258539148712559,1412,FALSE,10.0021451184196,2.58985823038027,9.86680368999372,486.018548034767,115.981841979593,187.479822377004,0.571873297796166,5,0,0.263228737563789,0,0.105183138586028,0.0182972063358368,0.613290917514346,"Other Atlas 3 cells","Fresh/saltwater"
"CE59_3","CE59",0.0502468205224618,0.25801366263794,1413,FALSE,9.40648486951839,1.62327291070428,9.50291395508248,552.37012816375,152.267863617858,204.77761586489,0.402584488214918,4,0.00437295632873515,0.745794296291846,0.00608866682007672,0.0547980013806904,0.188946079178651,0,"Other Atlas 3 cells","Cropland"
"EE18_3","EE18",0.050165889033858,0.257488176563321,1414,FALSE,9.54026221950542,2.15642119145036,9.50340647090186,478.534860633486,123.560626202136,183.582638349605,0.23704429501149,4,0.0182660019898811,0.866577754062314,0,0.106629843885157,0.0085264000626473,0,"Other Atlas 3 cells","Cropland"
"BF17_3","BF17",0.0501438031759725,0.256962690488702,1415,FALSE,10.0113785770828,3.14207934256988,9.65154491376076,616.983298129174,161.798145246307,204.229628754632,0.516152460682926,5,0,0.651283255414416,0.0544261871284358,0.0526198911722302,0.22991726874424,0.0117533975406773,"Other Atlas 3 cells","Cropland"
"CD11_3","CD11",0.0501435414275529,0.256437204414083,1416,FALSE,9.47903214225597,1.93266256164728,9.48729863996206,592.719242646075,166.10133346216,216.894888545921,0.498474659847088,4,0.146017036270514,0.6801744289845,0,0.0518157503605357,0.121992784384451,0,"Other Atlas 3 cells","Cropland"
"BD32_3","BD32",0.0501378175926504,0.255911718339464,1417,FALSE,9.62418778560396,2.66023052103261,9.38054496427746,628.201835410234,176.156741242303,212.270202238167,0.339558587396715,4,0,0.800177548787695,0.112422002618602,0.000693381007473009,0.0867070675862309,0,"Other Atlas 3 cells","Cropland"
"CC79_3","CC79",0.0500776466621862,0.255386232264845,1418,FALSE,9.64273483372877,2.48404128909025,9.5713727702057,552.623398931794,153.839579953394,200.70084747765,0.714647223337422,6,0.0764614850231781,0.0429650123609013,0.220629092444375,0.401043079207084,0.0059663285001779,0.252935002464284,"Other Atlas 3 cells","Forest"
"CG45_3","CG45",0.0500305027953988,0.254860746190226,1419,FALSE,9.63572992931195,1.94546707208398,9.62262355495443,700.308617562569,185.86258460642,246.951452604809,0.205639431553374,4,0.0524000890687162,0.888283389122614,0,0.0497604354300092,0.00955608637866119,0,"Other Atlas 3 cells","Cropland"
"FF15_3","FF15",0.0499976289709046,0.254335260115607,1420,FALSE,9.73600157955886,2.45928202744913,9.61022884250023,465.23549060724,113.536878368304,174.716974851693,0.118509428129111,2,0.0632560407567792,0.936743959243221,0,0,0,0,"Other Atlas 3 cells","Cropland"
"CE88_3","CE88",0.0499792382367275,0.253809774040988,1421,FALSE,9.37442398121135,1.53735146631414,9.50291815432364,571.023277667662,157.903203637226,210.083786559992,0.432311912326413,3,0,0.725048470495348,0.00752103904113048,0.187739810446839,0.0796906800166826,0,"Other Atlas 3 cells","Cropland"
"CD29_3","CD29",0.0498563702574421,0.253284287966369,1422,FALSE,9.64889241342629,2.41207169563215,9.57401548564816,579.693025920452,162.189490551887,215.388843017656,0.724882461774647,7,0.0487093354215908,0.0739105830703352,0.1389672617095,0.372320724710602,0.013591198657299,0.352500896430673,"Other Atlas 3 cells","Forest"
"DB02_3","DB02",0.049809383765329,0.25275880189175,1423,FALSE,9.62706838861827,2.51019138887165,9.54573111986744,518.554838753051,147.305096877927,184.07560325045,0.0715263439160121,2,0.0371427563038533,0.962857243696147,0,0,0,0,"Other Atlas 3 cells","Cropland"
"HA33_3","HA33",0.0497982475031483,0.252233315817131,1424,FALSE,9.29724909220988,2.34345912997421,8.76690778077729,497.929657673969,121.491652547911,162.526944760684,0.449699969895692,4,0.0156506098893361,0.697056404002843,0,0.250648428129055,0.0366445579787658,0,"Other Atlas 3 cells","Cropland"
"CC50_3","CC50",0.0497662411937648,0.251707829742512,1425,FALSE,9.48931875992419,2.1140084353369,9.47839701245404,569.110265181895,158.230406776807,213.707185613455,0.64911576307485,4,0.0839580623952247,0.455921983007283,0,0.352769471196522,0.10735048340097,0,"Other Atlas 3 cells","Cropland"
"BD84_3","BD84",0.049762269132065,0.251182343667893,1426,FALSE,9.5811565208477,2.3631832191992,9.46344519380023,627.198610315893,179.646542755705,223.269411344251,0,1,0,1,0,0,0,0,"Other Atlas 3 cells","Cropland"
"DC27_3","DC27",0.0497488953739775,0.250656857593274,1427,FALSE,9.60879800312398,2.33998069333074,9.5955583335428,513.491694759689,142.019831932488,191.341034506858,0.213889181929341,2,0,0.878226663570047,0,0,0.121773336429953,0,"Other Atlas 3 cells","Cropland"
"BC50_3","BC50",0.0497389446916986,0.250131371518655,1428,FALSE,9.74265284050556,3.02398008812075,9.44309510865104,596.602675842712,173.453599480171,201.147377338603,0.705974210989138,6,0.0974186720438042,0.41691377309905,0.0543876156657036,0,0.0361644753147433,0.395115463876699,"Other Atlas 3 cells","Cropland"
"CE24_3","CE24",0.0497336146779194,0.249605885444036,1429,FALSE,9.2678155015382,1.51924516643596,9.32329309307881,639.009744929462,179.797549827142,226.852019549699,0.602390334297637,3,0.288962145669811,0.530623365896702,0,0,0.180414488433487,0,"Other Atlas 3 cells","Cropland"
"FH06_3","FH06",0.0497150201238649,0.249080399369417,1430,FALSE,9.9994061785032,2.60126349779661,9.86359895123301,486.829735969527,116.644726393856,187.186893208912,0.366669730243693,4,0,0.782790771785155,0,0.0743409862312263,0.0967098902428327,0.0461583517407865,"Other Atlas 3 cells","Cropland"
"BF12_3","BF12",0.049679437726555,0.248554913294798,1431,FALSE,10.1027153531451,3.34791980400187,9.68264936132615,606.460353105382,157.33330615932,199.587221820231,0.637786084839578,6,0.0208823465077823,0.465359147436648,0.295057784585925,0,0.146634446955495,0.0720662745141501,"Other Atlas 3 cells","Cropland"
"CD79_3","CD79",0.0496301096262415,0.248029427220179,1432,FALSE,9.46092178618868,1.92643332712861,9.51112777690853,549.096562457241,151.45317672843,207.729019314513,0.0806508085563112,4,0.00627243022529555,0.958366684866879,0.00076829993873997,0.00627243022541928,0.0283201547436662,0,"Other Atlas 3 cells","Cropland"
"EG86_3","EG86",0.0495602442401551,0.24750394114556,1433,FALSE,9.84282218945965,2.65015327413118,9.65907891293894,487.045925085046,120.881391062345,182.97893371549,0.0682542452907258,3,0,0.964871702787585,0,0,0,0.0351282972124149,"Other Atlas 3 cells","Cropland"
"BF27_3","BF27",0.0495008816581086,0.246978455070941,1434,FALSE,9.92600258045331,2.94887382048327,9.61242363168859,636.328247178054,167.802456198829,212.341300092139,0.21140527381336,4,0.00993181435965641,0.882930663811647,0,0.093508114060663,0.0136294077680335,0,"Other Atlas 3 cells","Cropland"
"EH27_3","EH27",0.0493589050671311,0.246452968996322,1435,FALSE,9.97262683430674,2.65678973252431,9.83894478218365,510.853483873965,126.304692848939,192.346258796965,0.424968718992562,5,0.215781988066798,0.725531675693528,0.0322371829171679,0,0.0248776604164883,0.00157149290601738,"Other Atlas 3 cells","Cropland"
"DE55_3","DE55",0.0493411720537005,0.245927482921703,1436,FALSE,9.52724764754996,1.82555112578201,9.6101995804878,484.314638688871,131.040930790336,182.75985395899,0.480844192687461,2,0.402133235180326,0,0,0,0,0.597866764819674,"Other Atlas 3 cells","Fresh/saltwater"
"CF05_3","CF05",0.0493086270950635,0.245401996847084,1437,FALSE,9.50437496894761,1.88147097434186,9.46124017982374,693.34843570641,189.267868286802,237.805389957056,0.500912170764813,4,0,0.671144418159752,0.0719644449876105,0.200197919638806,0.0566932172138311,0,"Other Atlas 3 cells","Cropland"
"GH39_3","GH39",0.0492161710205375,0.244876510772465,1438,FALSE,9.80625952623972,2.38428387876153,9.61786271455623,494.924093616513,120.373671188127,186.164056644523,0.616346141524079,5,0,0.493972617066886,0.0487093411620695,0,0.0730640117431043,0.38425403002794,"Other Atlas 3 cells","Cropland"
"BG69_3","BG69",0.049179221330267,0.244351024697846,1439,FALSE,9.94885270281439,2.64991448497839,9.73604310740581,669.770276104773,172.557488222864,228.72146402123,0.490892960006715,3,0.380371807302873,0.603459102784802,0.0161690899123256,0,0,0,"Other Atlas 3 cells","Cropland"
"BG41_3","BG41",0.0491788185112374,0.243825538623226,1440,FALSE,10.2123321278598,3.15207778874296,9.8760704655449,622.361731521207,149.66110800391,212.590499318277,0.617606573703248,5,0.0802059709340874,0,0.124640626695515,0.161179801849965,0,0.633973600520433,"Other Atlas 3 cells","Fresh/saltwater"
"BE55_3","BE55",0.0491100346503986,0.243300052548607,1441,FALSE,9.3915519956554,2.0727735643657,9.24817085721157,694.924516152583,193.272678279355,238.26423241354,0.627265890489322,5,0.0182660010078952,0.538506288388267,0.0452861164882537,0.207889709072097,0.190051885043487,0,"Other Atlas 3 cells","Cropland"
"CC83_3","CC83",0.0490643673892442,0.242774566473988,1442,FALSE,9.58655763464841,2.15945686289627,9.60831902359916,538.947646306504,147.862559105679,203.335443327756,0.654620728929178,6,0.145215237633885,0.540674305123844,0.0462753444786497,0.0400483320680561,0.147056261209916,0.0807305194856485,"Other Atlas 3 cells","Cropland"
"CE37_3","CE37",0.0490448958236194,0.242249080399369,1443,FALSE,9.26592587113165,1.5172569652687,9.34667068246868,612.237161229082,170.897245910632,222.578301668063,0.554696945680792,4,0.0149484047553488,0.463885976014012,0,0.477472873285809,0.0436927459448306,0,"Other Atlas 3 cells","Forest"
"CC68_3","CC68",0.0490217115051903,0.24172359432475,1444,FALSE,9.67877797420438,2.52262404576136,9.60033217940069,552.22259955041,153.43925851799,201.885529303378,0.621214908545233,4,0,0.0203891807405626,0.186114822271654,0.276513442154069,0,0.516982554833714,"Other Atlas 3 cells","Fresh/saltwater"
"DG46_3","DG46",0.048931321034742,0.241198108250131,1445,FALSE,9.48995819827294,2.14640472308004,9.3790345050772,544.952475311454,141.726060475394,201.399006034644,0.692431132043945,4,0.208957176381768,0.430053103489423,0,0.263571046647539,0.0974186734812702,0,"Other Atlas 3 cells","Cropland"
"FF07_3","FF07",0.048924652410211,0.240672622175512,1446,FALSE,9.6356851344452,2.40989781458739,9.49764852995764,470.840838430093,114.133507935453,176.565002335153,0.687763371883343,5,0.0930900162498039,0.460689239664766,0.0260957972633293,0.1852958828477,0.234829063974401,0,"Other Atlas 3 cells","Cropland"
"CG08_3","CG08",0.0489040217059173,0.240147136100893,1447,FALSE,9.70371013090087,2.10327153717372,9.62739333412636,705.635558867184,185.035871825107,245.340496203223,0.53922085051832,4,0.141062958665416,0.635426995717217,0,0.0338622951568305,0.189647750460536,0,"Other Atlas 3 cells","Cropland"
"AD93_3","AD93",0.0488083256136381,0.239621650026274,1448,FALSE,9.85073517587911,3.26011360995889,9.43999581796044,626.26851024512,169.420379121103,200.670802934712,0.684781123399938,6,0.024354667090847,0.46262620628773,0.0928095473411112,0,0.024354667090847,0.395854912189465,"Other Atlas 3 cells","Cropland"
"DG74_3","DG74",0.0487162196380918,0.239096163951655,1449,FALSE,9.70814883929553,2.43400298141575,9.56059747698342,541.707093231534,140.159409684134,199.379050493005,0.0749389419206691,2,0.0394724039835714,0.960527596016428,0,0,0,0,"Other Atlas 3 cells","Cropland"
"BF91_3","BF91",0.0486998016247725,0.238570677877036,1450,FALSE,9.56834616146185,2.02193173571299,9.47383260651843,722.921929950484,191.632050880089,248.609513223465,0.675586699267377,4,0,0.399804982937037,0.0487093353723635,0.345744092143091,0.205741589547508,0,"Other Atlas 3 cells","Cropland"
"DB50_3","DB50",0.0485850854934215,0.238045191802417,1451,FALSE,9.51864170700109,2.40290843961854,9.46094460035671,500.825828140275,141.847754990276,182.347624531584,0.441490851535368,4,0,0.727563675697831,0.0382307473808307,0.128776050512642,0.105429526408696,0,"Other Atlas 3 cells","Cropland"
"GH09_3","GH09",0.0485781283825216,0.237519705727798,1452,FALSE,9.86589981862782,2.41151130081987,9.69265796529951,493.386208638928,121.343820860199,185.091118067416,0.602157064624314,4,0.0230292025285088,0.372651235207348,0,0,0,0.604319562264143,"Other Atlas 3 cells","Fresh/saltwater"
"GH08_3","GH08",0.0484926966899508,0.236994219653179,1453,FALSE,9.84896102692016,2.39003163280026,9.67383702120349,510.731857799602,124.556655165007,193.195311509314,0.372765246181213,4,0.0171809404403434,0.778154230717001,0,0.0658148776611977,0.0121773338429576,0.1266726173385,"Other Atlas 3 cells","Cropland"
"DG85_3","DG85",0.0484251437935181,0.23646873357856,1454,FALSE,9.58288658539483,2.36098442837316,9.41830384881212,542.32467959306,140.005094625671,200.778839446713,0.213004367747483,3,0.0845487447801222,0.882473535833715,0,0,0.0329777193861625,0,"Other Atlas 3 cells","Cropland"
"CC53_3","CC53",0.0484133797069801,0.235943247503941,1455,FALSE,9.65015652760154,2.36568119381117,9.59984589307089,557.079676525579,154.645350513726,207.886864835277,0.685013230142621,5,0.144346612195189,0.388960141756657,0,0.0487093345624187,0.371984224157387,0.0459996873283495,"Other Atlas 3 cells","Cropland"
"DB35_3","DB35",0.0484102715861462,0.235417761429322,1456,FALSE,9.55210475665502,2.49763514112924,9.44968656359876,493.102887379376,140.981021780132,172.524519494207,0.391745238508619,3,0,0.756402401715124,0.0243546676560379,0.0679335520517581,0.15130937857708,0,"Other Atlas 3 cells","Cropland"
"FH13_3","FH13",0.0483995786178329,0.234892275354703,1457,FALSE,10.0040060396786,2.4598930811316,9.91037899064534,505.936939599675,120.040124214995,196.585704983009,0.135451321178986,2,0.073064010171891,0.926935989828109,0,0,0,0,"Other Atlas 3 cells","Cropland"
"FH97_3","FH97",0.0483743076431659,0.234366789280084,1458,FALSE,9.89949801061234,2.42376024822173,9.74463560705248,498.278083915937,120.800524782468,190.418812472401,0.585012213963481,5,0.084097271564399,0.424211178790699,0.00717372680018487,0,0,0.484517822844716,"Other Atlas 3 cells","Fresh/saltwater"
"EE08_3","EE08",0.0483403693238259,0.233841303205465,1459,FALSE,9.52544827200743,2.08371869925416,9.5124193736153,488.396299517355,127.186236299271,187.790722437483,0.512864496434661,3,0.0417769754206829,0.64374051375276,0,0.251946175089553,0.062536335737004,0,"Other Atlas 3 cells","Cropland"
"FF71_3","FF71",0.0483246027603029,0.233315817130846,1460,FALSE,9.39245409079879,1.75232275572087,9.35952480990686,497.772805470741,124.851038520553,183.897870551591,0.62596063200166,4,0.14382104493962,0.454279109730966,0,0.382916434219655,0.0189834111097596,0,"Other Atlas 3 cells","Cropland"
"DB70_3","DB70",0.0483177764783115,0.232790331056227,1461,FALSE,9.57103149605297,2.51165183964215,9.5059731383496,497.042794214429,138.870570866402,181.676162750919,0.539762876942119,4,0.167706560297307,0.643422705622264,0,0.0825446672119255,0.106326066868504,0,"Other Atlas 3 cells","Cropland"
"BF21_3","BF21",0.0483097671050586,0.232264844981608,1462,FALSE,10.0457517795412,3.18789210091046,9.66298573600519,625.178797865454,160.928633586595,208.205871680824,0.582547302963386,5,0.0944806845248403,0.604041325685991,0.0529983417827018,0.194837339765573,0.0536423082408943,0,"Other Atlas 3 cells","Cropland"
"CC66_3","CC66",0.0482880856850223,0.231739358906989,1463,FALSE,9.69760059777996,2.4933405862736,9.62879567876727,531.485486978764,149.088314224609,195.359472110928,0.547695285058463,5,0.0185102395513738,0.627952532692305,0.0825926040908972,0.211812312296726,0.0591323113686972,0,"Other Atlas 3 cells","Cropland"
"DB81_3","DB81",0.0482812018102512,0.23121387283237,1464,FALSE,9.62277035583165,2.59125035431804,9.5448236297833,474.506552846496,133.857785296044,171.603237592668,0.483303565231188,5,0.215252191429063,0.0329777193944475,0,0.0329777193942631,0.0354697785328804,0.683322591249346,"Other Atlas 3 cells","Fresh/saltwater"
"CE29_3","CE29",0.0482658495514751,0.230688386757751,1465,FALSE,9.31349047310306,1.64742278205868,9.36157149736079,625.86152867871,174.926232992717,228.352077509287,0.677449020640446,5,0.122674082780012,0.483815260041008,0.0586411498795761,0.250853171898963,0.0840163354004418,0,"Other Atlas 3 cells","Cropland"
"CD24_3","CD24",0.0481918766004276,0.230162900683132,1466,FALSE,9.52234704233096,2.05638448793789,9.50976850337726,589.825988090673,163.546824973239,220.317484871237,0.277392551899756,6,0.0487093354216378,0.846000141233433,0.0110060335433088,0.0289637888362662,0.0593547220863246,0.00596597887902969,"Other Atlas 3 cells","Cropland"
"FG15_3","FG15",0.0481679760169255,0.229637414608513,1467,FALSE,9.76617935332915,2.43989823030798,9.61341896649481,494.382239153822,124.147445108387,183.524777666591,0.219861946394272,3,0,0.877475193195518,0,0.0977944084866788,0.0247303983178032,0,"Other Atlas 3 cells","Cropland"
"BF75_3","BF75",0.0480874934066108,0.229111928533894,1468,FALSE,9.72019281437377,2.27350315835665,9.58590056937846,683.157010682474,183.392077373645,232.707802409454,0.53666997464684,4,0.0600723239118534,0.599192346638006,0,0.0243546676739832,0.316380661776157,0,"Other Atlas 3 cells","Cropland"
"CG76_3","CG76",0.0480326761600203,0.228586442459275,1469,FALSE,9.75745630217964,2.15198399612184,9.74150378193928,626.294546734333,167.8481909008,223.856512926858,0.0562580337285862,5,0.0024095415905797,0.971292080303574,0,0.00596632850195739,0,0.0203320496038892,"Other Atlas 3 cells","Cropland"
"CD44_3","CD44",0.0480173735511957,0.228060956384656,1470,FALSE,9.5034107552614,1.92152660280874,9.54532446929148,583.941920209678,161.593229166037,219.555777613367,0.239328267488009,4,0,0.867975062650251,0.0126750832873408,0.0599951310771238,0.0593547229852845,0,"Other Atlas 3 cells","Cropland"
"BD45_3","BD45",0.0480138658172915,0.227535470310037,1471,FALSE,9.71367074410611,2.81268609527328,9.4514580855704,630.542312221197,179.772493281991,214.102120681493,0.46849021596128,5,0.144998604485425,0.706352704709602,0.0236677047893499,0,0.0487093346607335,0.0762716513548888,"Other Atlas 3 cells","Cropland"
"DG41_3","DG41",0.047982667568526,0.227009984235418,1472,FALSE,9.87293068503892,2.42699470076025,9.7831764796427,568.410910919339,146.06435150988,208.683661990565,0.702498041451294,4,0.161876329032784,0.394545426530347,0,0,0.128915311101641,0.314662933335226,"Other Atlas 3 cells","Cropland"
"GG15_3","GG15",0.0478448191382483,0.226484498160799,1473,FALSE,9.71753270986585,2.16861188676474,9.60509287611618,491.704068932732,121.304380449296,184.070107169039,0.566924821665838,5,0.0243546693931812,0.573555837270609,0,0.0632075905988203,0,0.338881902737389,"Other Atlas 3 cells","Cropland"
"CF76_3","CF76",0.0478209717992918,0.22595901208618,1474,FALSE,9.24262902236913,1.60376434220256,9.26126355364425,637.548315844599,177.972315970569,224.534131547303,0.179415444998289,3,0.0730640027464729,0.90258132967137,0,0,0.0243546675821576,0,"Other Atlas 3 cells","Cropland"
"CD26_3","CD26",0.0478142114844804,0.225433526011561,1475,FALSE,9.6401776929756,2.269497302114,9.59953488620448,570.467061657861,159.718209336718,212.124490667992,0.698797093937028,6,0.0304433346382821,0.0490484835181199,0,0.0253942359186972,0.414207929026691,0.48090601689821,"Other Atlas 3 cells","Fresh/saltwater"
"BC72_3","BC72",0.0477508266219219,0.224908039936942,1476,FALSE,9.76673861120337,3.00383506440862,9.4952662806993,592.447616181891,173.652057133441,203.569752373166,0.624143327383353,7,0.106216117498462,0.228025401860031,0.0487093353482197,0.00195592314904601,0.0117299290693924,0.603363293074849,"Other Atlas 3 cells","Fresh/saltwater"
"BF15_3","BF15",0.0476386774348575,0.224382553862323,1477,FALSE,10.0005608842143,3.19496615117035,9.61706773969057,619.770046764458,161.734870585962,204.489711262316,0.327772717582438,4,0.094371179390928,0.810508292014604,0.0361303687645062,0,0.058990159829962,0,"Other Atlas 3 cells","Cropland"
"GH06_3","GH06",0.0475014701032302,0.223857067787704,1478,FALSE,9.87899282489673,2.40592991708235,9.71743262509107,503.544423279298,121.433539419039,193.636356579841,0.623471650138856,5,0.0539433205881619,0.129212699187963,0,0.211535396785508,0,0.605308583438366,"Other Atlas 3 cells","Fresh/saltwater"
"DD91_3","DD91",0.0474958936154097,0.223331581713085,1479,FALSE,9.44229082841007,1.97792858742092,9.46799011265426,503.891585851248,134.138557755464,192.351394333196,0.614545328773775,5,0.00337476580999793,0.388695528021218,0.006749531619973,0.463964320503019,0.137215854045793,0,"Other Atlas 3 cells","Forest"
"BE54_3","BE54",0.0474799352665423,0.222806095638466,1480,FALSE,9.5158132174729,2.18011451145,9.37924386402473,659.102318231625,183.46727445169,225.562673876897,0.462537663162988,5,0.0243546680094729,0.702964752375864,0.0277778875311359,0.046096534695847,0.19880615738768,0,"Other Atlas 3 cells","Cropland"
"CD13_3","CD13",0.0473344573329008,0.222280609563847,1481,FALSE,9.61819752351641,2.16387221320071,9.5996514969287,583.084717866127,162.39923449677,215.530392315613,0.658284271660606,5,0.234039049998339,0.50588557713407,0.0745435490367364,0,0.153749039505859,0.0317827843249944,"Other Atlas 3 cells","Cropland"
"DG67_3","DG67",0.0473233521913805,0.221755123489228,1482,FALSE,9.68547332670888,2.41028693370116,9.55015689461595,505.16785016543,131.541563941001,187.271423150199,0.577924071065801,4,0.415895336302199,0.494840668439806,0.0405546577561321,0,0.0487093375018623,0,"Other Atlas 3 cells","Cropland"
"CE89_3","CE89",0.0473168806971644,0.221229637414609,1483,FALSE,9.39699049353615,1.55523153872415,9.52605778198398,559.156694840083,154.319412496388,206.790621356013,0.618821974718465,4,0.545037952995741,0.209460773233164,0,0.0516788357239847,0.193822438047111,0,"Other Atlas 3 cells","Urban"
"CE14_3","CE14",0.0473085121948564,0.22070415133999,1484,FALSE,9.29589413830685,1.58788736305911,9.32526244054271,656.255560405346,184.748693092317,231.749715812248,0.51596031555465,3,0.347198711687656,0.598434035485692,0,0,0.0543672528266522,0,"Other Atlas 3 cells","Cropland"
"FG06_3","FG06",0.0473063327649531,0.22017866526537,1485,FALSE,9.71963571802166,2.43426855666565,9.55905575097417,500.183359223487,125.382463950737,186.030624909052,0.144349177383784,2,0.0783064960091178,0.921693503990882,0,0,0,0,"Other Atlas 3 cells","Cropland"
"FH02_3","FH02",0.047293412551958,0.219653179190751,1486,FALSE,10.0659399048025,2.48195454587422,9.99662077690842,491.773674398772,115.895464033056,192.852114990487,0.26337095369553,3,0.105134645483644,0.850659506268015,0.0442058482483412,0,0,0,"Other Atlas 3 cells","Cropland"
"DG79_3","DG79",0.0472700887939967,0.219127693116132,1487,FALSE,9.86860973624187,2.61323675727447,9.72676161770899,494.79253540631,128.022552934575,185.340231663309,0.36312208808208,4,0.149846750359888,0.781387330444818,0.0578778282237923,0,0,0.0108880909715014,"Other Atlas 3 cells","Cropland"
"FF77_3","FF77",0.0472608532029745,0.218602207041513,1488,FALSE,9.55619268431601,1.89031569027491,9.57782685249135,472.887834015998,113.905188493416,178.715118317251,0.375541958103702,6,0.186392043633824,0.766404522913549,0.00222546962717741,0.0226217275169095,0.00735578283882452,0.0150004534697159,"Other Atlas 3 cells","Cropland"
"BD04_3","BD04",0.0472077832662092,0.218076720966894,1489,FALSE,9.85060364181597,3.21638125864648,9.46638089475317,603.01575174908,165.752072345278,195.493439625,0.329734382502461,5,0.048709336326083,0.807431699390531,0.0135931590610344,0,0.00532269343114171,0.12494311179121,"Other Atlas 3 cells","Cropland"
"DG68_3","DG68",0.0471681647534995,0.217551234892275,1490,FALSE,9.82680150578168,2.54839937794005,9.69516491559611,484.964727478804,125.164835530839,181.277615411967,0.417247155072726,4,0.724421658472069,0.239225851571636,0,0.0119978212039971,0.0243546687522984,0,"Other Atlas 3 cells","Urban"
"FF72_3","FF72",0.0471625742370242,0.217025748817656,1491,FALSE,9.46854698678038,1.81653835750002,9.44656900489203,472.069390102101,116.734943486827,176.121230450898,0.327758587782306,3,0.172651048577118,0.801088907510674,0,0,0.0262600439122085,0,"Other Atlas 3 cells","Cropland"
"BD29_3","BD29",0.0470838661077855,0.216500262743037,1492,FALSE,9.77951055590635,3.20521023744048,9.39924365650276,612.307617375614,173.113931029681,198.692322973544,0.412403584389158,5,0.17128546995562,0.744292604146689,0.00470432264763274,0.0630092903046285,0.0167083129454295,0,"Other Atlas 3 cells","Cropland"
"BF94_3","BF94",0.0470572077864395,0.215974776668418,1493,FALSE,9.53557202696791,1.9692794565871,9.46116710985232,723.254196903041,195.104761389157,247.497479143545,0.371724142416047,4,0.0342864827253407,0.775367214584044,0,0.0327627365074567,0.157583566183158,0,"Other Atlas 3 cells","Cropland"
"CC65_3","CC65",0.0470541884070954,0.215449290593799,1494,FALSE,9.68967803925902,2.43685260486189,9.6409421969574,533.899643627221,149.782238610821,196.839450062998,0.414945513247228,5,0.197104271126594,0.737579832433968,0.0305837711122236,0.0143429445857071,0.0203891807415079,0,"Other Atlas 3 cells","Cropland"
"GH18_3","GH18",0.0470369220177179,0.21492380451918,1495,FALSE,9.81566879167695,2.3625121312826,9.63636100316069,506.866463322448,122.989269478322,192.601570727527,0.281304770011372,5,0.0243546693941928,0.842571979380282,0,0.0072491259051356,0.0730640081825783,0.0527602171378114,"Other Atlas 3 cells","Cropland"
"EH84_3","EH84",0.0469893686967236,0.214398318444561,1496,FALSE,10.0609752025889,2.5844243369249,9.95767770113338,485.191231035986,114.73898502304,188.792571841893,0,1,0,1,0,0,0,0,"Other Atlas 3 cells","Cropland"
"DE49_3","DE49",0.0469730896328513,0.213872832369942,1497,FALSE,9.331030532952,1.59521771775956,9.44630057053286,506.817157392199,137.101911123535,191.544030344697,0.189787334183464,2,0,0.893835413476579,0,0.106164586523421,0,0,"Other Atlas 3 cells","Cropland"
"DD15_3","DD15",0.0469714137638466,0.213347346295323,1498,FALSE,9.36949462617438,1.66256230706075,9.4820254153218,525.422835893206,142.82817521298,199.794114981206,0.698848903138643,5,0.132417157450501,0.460731126334993,0,0.0319819223841584,0.223644694737502,0.151225099092845,"Other Atlas 3 cells","Cropland"
"CG57_3","CG57",0.0469426635225468,0.212821860220704,1499,FALSE,9.60413269069729,1.98153249070666,9.58549018296104,658.164162612346,175.607081979604,233.516751530505,0.279673849855668,4,0.0254420781475536,0.843180040315338,0,0.0725384522223786,0.0588394293147296,0,"Other Atlas 3 cells","Cropland"
"DG26_3","DG26",0.0469148672528804,0.212296374146085,1500,FALSE,9.70583604035336,2.29261484440245,9.62747235935321,580.300714134472,152.360683058308,210.969197683271,0.185733681057009,3,0.0487093345724396,0.899565581465651,0,0.0517250839619094,0,0,"Other Atlas 3 cells","Cropland"
"DB23_3","DB23",0.046875490515658,0.211770888071466,1501,FALSE,9.5592118372278,2.48365765926973,9.46999404937953,517.162127513207,147.68228649018,182.943636103314,0.435147054620115,2,0.319926479764674,0.680073520235326,0,0,0,0,"Other Atlas 3 cells","Cropland"
"DE22_3","DE22",0.0468316712854496,0.211245401996847,1502,FALSE,9.16905503531314,1.47169145760749,9.23547069277143,573.491161706415,156.677933862888,210.167327564427,0.738859055492094,5,0.339876356069771,0.29303154124868,0,0.0363994652720176,0.208669474381252,0.122023163028279,"Other Atlas 3 cells","Urban"
"DC43_3","DC43",0.0468040689780338,0.210719915922228,1503,FALSE,9.65758238199469,2.30870867924962,9.6900930020158,503.928493065161,137.803921680806,190.477582222139,0.767143444483041,7,0.147056266002084,0.332942655613088,0.00563008837327466,0.00727507932128788,0.170482678587042,0.336613232103224,"Other Atlas 3 cells","Fresh/saltwater"
"CG26_3","CG26",0.0467920907834501,0.210194429847609,1504,FALSE,9.67756509874624,2.00645807936217,9.64144647739468,690.959347297562,182.524484502267,241.739437218708,0.450335150887324,4,0.0681972361304422,0.71387612468802,0,0.18528125544067,0.0326453837408676,0,"Other Atlas 3 cells","Cropland"
"BF18_3","BF18",0.0467548725392133,0.20966894377299,1505,FALSE,10.0135104590598,3.11972725651309,9.66334635808833,612.142774879747,161.431456489725,202.611918832589,0.597482979851496,6,0.0243546676635252,0.232123339269465,0.0350799274506823,0,0.0487093353270505,0.659732730289277,"Other Atlas 3 cells","Fresh/saltwater"
"DG18_3","DG18",0.0467499695723223,0.209143457698371,1506,FALSE,9.73922498153398,2.31628109301425,9.66586724780587,573.590925821443,151.922502503359,208.532676753985,0.433103646806314,4,0.136854411431727,0.732625575040585,0,0.0644743631295812,0.0660456503981068,0,"Other Atlas 3 cells","Cropland"
"FF06_3","FF06",0.0466951547686847,0.208617971623752,1507,FALSE,9.74229972249783,2.51086581655125,9.60748643870552,461.221748266642,111.868201899368,173.533129708526,0.219982701528866,3,0.0834501155876807,0.878406785424106,0,0,0.0381430989882132,0,"Other Atlas 3 cells","Cropland"
"DE21_3","DE21",0.0466037826507886,0.208092485549133,1508,FALSE,9.30668850241637,1.61843055481498,9.36551486268,565.728488191873,153.849088363361,208.372173392578,0.331469911934506,4,0,0.806434645451245,0,0.0234468462377662,0.118643250954494,0.0514752573564943,"Other Atlas 3 cells","Cropland"
"EF10_3","EF10",0.0466028368879026,0.207566999474514,1509,FALSE,9.83759067058358,2.68563750161182,9.67231643176232,492.839435025349,125.679594044702,187.419613669463,0.501879004524342,5,0.0348287422623195,0.672389340525722,0,0,0.0702574463241542,0.222524470887804,"Other Atlas 3 cells","Cropland"
"DC46_3","DC46",0.0465733718848622,0.207041513399895,1510,FALSE,9.61366850061239,2.35768844955237,9.60816686897915,516.347819372498,142.730240888958,193.187738047108,0.333888987133696,4,0.00579238934401172,0.796367193148884,0,0.024354668368711,0.173485749138393,0,"Other Atlas 3 cells","Cropland"
"FG78_3","FG78",0.0465640738421801,0.206516027325276,1511,FALSE,9.50144433517861,1.91973845172462,9.42780814805387,524.435097607539,131.435888090239,193.511341087055,0.131264427482984,3,0,0.93065475360327,0,0.0449905811780632,0.0243546652186669,0,"Other Atlas 3 cells","Cropland"
"DF72_3","DF72",0.0465298635247722,0.205990541250657,1512,FALSE,9.85168442574226,2.54221369340449,9.73478584554695,477.632439779069,122.563876206173,181.722138272114,0.598572867783128,5,0.0782461104992768,0.249439495596245,0.0487093336438247,0,0,0.623605060260653,"Other Atlas 3 cells","Fresh/saltwater"
"CD02_3","CD02",0.0465222537339322,0.205465055176038,1513,FALSE,9.58735263249124,2.14713632950405,9.5608481474259,601.504302573189,168.296693554201,219.539453580705,0.740521826674836,5,0.0976548354748141,0.374480976058458,0.128729600579885,0.117470322487576,0.281664265399266,0,"Other Atlas 3 cells","Cropland"
"EG22_3","EG22",0.0465077475386266,0.204939569101419,1514,FALSE,9.82754456742411,2.63744545799295,9.64423229954637,471.749315937959,120.459339588174,176.705865204768,0.700742021703598,5,0.0771793088588185,0.433646537066807,0,0.173390915121522,0.0487093323838748,0.267073906568977,"Other Atlas 3 cells","Cropland"
"DB03_3","DB03",0.0464960642594691,0.2044140830268,1515,FALSE,9.57876686280787,2.50546616594461,9.48573091187553,522.534090645894,149.214347971971,183.600826522548,0.410321743293204,4,0.105224497019636,0.753314405866916,0.0470889871778116,0,0.0943721099356367,0,"Other Atlas 3 cells","Cropland"
"CG17_3","CG17",0.04646802545183,0.203888596952181,1516,FALSE,9.64478777199699,2.0094089974787,9.58682247989199,707.342163673233,185.009739902509,247.809959536757,0.490285239745366,4,0.0974186709897082,0.688030179773437,0,0.0635563757537556,0.150994773483099,0,"Other Atlas 3 cells","Cropland"
"EG97_3","EG97",0.0464205994695793,0.203363110877562,1517,FALSE,9.72926352949293,2.4947344895595,9.56014295497242,503.27420770396,125.920491307739,187.850564318723,0.0792138164816748,3,0.00506504743220732,0.958402951239407,0.0365320013283853,0,0,0,"Other Atlas 3 cells","Cropland"
"CD00_3","CD00",0.0464188938492337,0.202837624802943,1518,FALSE,9.522291930867,1.99281534065488,9.52326788980779,617.91321525189,173.408963298505,223.961557544732,0.640040616225436,4,0.195067282486849,0.530710799683773,0,0.102070113640718,0.172151804188661,0,"Other Atlas 3 cells","Cropland"
"CE91_3","CE91",0.0463366360833208,0.202312138728324,1519,FALSE,9.24915636601255,1.52125340155787,9.32080079137805,594.521465418964,165.245972640417,212.588531738027,0.603430832966111,5,0.093383560695668,0.553293367878924,0,0.279790199350852,0.0240127301512341,0.0495201419233215,"Other Atlas 3 cells","Cropland"
"EG30_3","EG30",0.0463177485164639,0.201786652653705,1520,FALSE,9.96881293231085,2.74912131380755,9.80257282592543,504.639339966842,125.329127972373,189.827088464091,0.388238461749407,2,0,0.263608864114375,0,0,0,0.736391135885625,"Other Atlas 3 cells","Fresh/saltwater"
"CG31_3","CG31",0.0463157171488745,0.201261166579086,1521,FALSE,9.68505009640607,1.90242103385107,9.6951128658007,699.540922455575,182.77298063612,246.357926187965,0.422845657460972,4,0.0949256333115586,0.737817867102016,0,0.0298968095138594,0.137359690072566,0,"Other Atlas 3 cells","Cropland"
"CE07_3","CE07",0.0462700706746208,0.200735680504467,1522,FALSE,9.42145595266579,1.81655840506547,9.42158337091813,638.475024553894,179.57001603999,227.815971912875,0.430921033338712,5,0.0730640030670473,0.726928557899419,0.00346034546488785,0.187683098403544,0.00886399516510169,0,"Other Atlas 3 cells","Cropland"
"DC28_3","DC28",0.0462685301913087,0.200210194429848,1523,FALSE,9.59930996588983,2.37125816203367,9.56910782762858,530.280371963434,147.919443220274,195.85646815167,0.060585752893278,2,0,0.968729264664967,0.0312707353350326,0,0,0,"Other Atlas 3 cells","Cropland"
"DH26_3","DH26",0.0462294879410522,0.199684708355229,1524,FALSE,9.98030919067294,2.2443832349356,9.99386386100131,596.664363053927,150.202562756162,221.418180182746,0.554163685286603,4,0.0556254026255589,0.605673979083897,0,0,0,0.338700618290544,"Other Atlas 3 cells","Cropland"
"AF95_3","AF95",0.0461553494825665,0.19915922228061,1525,FALSE,10.1005313811425,3.47411146489442,9.63628339141532,608.206911076512,155.549340084885,198.213967456488,0.611041028482924,4,0,0,0.237375598570483,0.180104056457683,0,0.582520344971834,"Other Atlas 3 cells","Fresh/saltwater"
"DD33_3","DD33",0.0461446153190629,0.198633736205991,1526,FALSE,9.23199149298143,1.53566979666759,9.34749782957977,549.665763107805,150.304199078819,207.689681009641,0.093226039717085,2,0,0.950984456651731,0,0.0490155433482684,0,0,"Other Atlas 3 cells","Cropland"
"BC95_3","BC95",0.0461115792062222,0.198108250131372,1527,FALSE,9.73280999996989,2.9519483809137,9.48469981667292,588.749496367994,170.240917291178,206.877812930514,0.574994023001486,4,0.0478609602733503,0.0580521058344307,0.31131364459292,0.565417954160583,0.017355335138717,0,"Other Atlas 3 cells","Forest"
"BE64_3","BE64",0.0460795791773311,0.197582764056752,1528,FALSE,9.51267302699768,2.09907591177427,9.41034294779612,662.445058571443,185.867224194957,226.71701703531,0.587784463996726,4,0.0243546676463605,0.563188110909054,0,0.137741173418408,0.274716048026177,0,"Other Atlas 3 cells","Cropland"
"HA15_3","HA15",0.0460790471061963,0.197057277982133,1529,FALSE,9.15422854987518,2.16844625408272,8.65490079842055,503.537682778938,122.758659816444,166.974290201803,0.103771223273984,2,0.0548995749687406,0.94510042503126,0,0,0,0,"Other Atlas 3 cells","Cropland"
"CC55_3","CC55",0.0460208954048523,0.196531791907514,1530,FALSE,9.59202589423188,2.39679052603504,9.5123148474283,546.916263250175,154.196746383069,200.761148637024,0.723215354964571,4,0.122259018567752,0.328778346448688,0,0.236800036762523,0.312162598221037,0,"Other Atlas 3 cells","Cropland"
"FG99_3","FG99",0.0460167150292808,0.196006305832895,1531,FALSE,9.53796102497288,1.89020539605589,9.48913698446623,494.243242038591,123.222689625704,183.822258244227,0.679539699598498,4,0.323896852396074,0.364060671409918,0.0250977505011627,0.286944725692846,0,0,"Other Atlas 3 cells","Cropland"
"DE52_3","DE52",0.045903498534132,0.195480819758276,1532,FALSE,9.46342789016639,1.83194377101502,9.51390440328848,495.64089269669,132.704552515174,187.280566846872,0.73866981727512,5,0.289655214261299,0.300125335574383,0,0.144728074823559,0.00791425795376732,0.257577117386992,"Other Atlas 3 cells","Cropland"
"FF41_3","FF41",0.0458921606412714,0.194955333683657,1533,FALSE,9.46128235414528,1.97915760963508,9.37677774149502,515.93825536279,129.12081536482,191.732071813445,0.438320860565923,5,0.146128001685095,0.727452782284155,0,0.103642654067128,0.00311149189668952,0.0196650700669321,"Other Atlas 3 cells","Cropland"
"BF88_3","BF88",0.0458031361140783,0.194429847609038,1534,FALSE,9.57907505249279,2.03626968092296,9.52026389243348,703.427516429575,192.814278629721,240.872486382479,0.666046922386064,4,0.0243546677680264,0.402807898886616,0,0.34572454204231,0.227112891303049,0,"Other Atlas 3 cells","Cropland"
"CD22_3","CD22",0.0457539880674879,0.193904361534419,1535,FALSE,9.57329564056664,2.01153782881325,9.58932974709687,558.276854750209,155.080000990302,207.178215479596,0.702005548842388,5,0.0100904471101267,0.361931647992264,0.0624035918555857,0.321885230900059,0.243689082141965,0,"Other Atlas 3 cells","Cropland"
"CE58_3","CE58",0.0457330736148139,0.1933788754598,1536,FALSE,9.34456990911838,1.55423356713166,9.44715799255616,557.501173229004,154.920841347249,204.818088665597,0.109766285154868,3,0,0.942624269122311,0,0.0238291176636475,0.033546613214041,0,"Other Atlas 3 cells","Cropland"
"BE47_3","BE47",0.0456960250780618,0.192853389385181,1537,FALSE,9.51660566698189,2.30287876522361,9.34220759846735,663.336746299566,182.768528524411,227.782748910133,0.554530855598274,4,0,0.393273503594654,0.0231071796252447,0.536723317219487,0.0468959995606147,0,"Other Atlas 3 cells","Forest"
"CC35_3","CC35",0.0456907154163397,0.192327903310562,1538,FALSE,9.59316076451027,2.54574970629951,9.4560651798106,589.534756201175,164.908337351619,216.376306255275,0.695733065887975,5,0.16044949473821,0.451389569222487,0.0145035587505079,0.144029483948518,0.229627893340277,0,"Other Atlas 3 cells","Cropland"
"FF91_3","FF91",0.0456860998427325,0.191802417235943,1539,FALSE,9.553229773263,1.86298486085596,9.53311379920124,490.692227823772,122.053067576337,182.575864744686,0.28229349302389,2,0.170070835650961,0.829929164349039,0,0,0,0,"Other Atlas 3 cells","Cropland"
"CG56_3","CG56",0.0456404044849733,0.191276931161324,1540,FALSE,9.63731154641097,2.00018131675956,9.62174705220643,651.454799329929,174.162380054947,230.629302750923,0.0291591663779942,2,0,0.985201418805637,0,0.0147985811943633,0,0,"Other Atlas 3 cells","Cropland"
"DG36_3","DG36",0.0455660217439812,0.190751445086705,1541,FALSE,9.55756076649113,2.17965225905842,9.46347677001441,561.415820998266,146.271105680245,205.617351587391,0,1,0,1,0,0,0,0,"Other Atlas 3 cells","Cropland"
"EG23_3","EG23",0.045559679561471,0.190225959012086,1542,FALSE,9.81207799213967,2.64165001779997,9.62248803310757,467.216124987195,119.080568249005,175.539102070762,0.363568218041404,4,0.182359451249325,0.776028121170847,0,0.0140471241269781,0,0.0275653034528496,"Other Atlas 3 cells","Cropland"
"DE17_3","DE17",0.0455323023342385,0.189700472937467,1543,FALSE,9.12400691574487,1.3183752130592,9.25365782697329,558.47881323903,152.734736570401,207.039118665706,0.545642615565737,5,0.00886399538692048,0.468714330235915,0.0135152407631154,0.483483946002663,0.0254224876113871,0,"Other Atlas 3 cells","Forest"
"CF42_3","CF42",0.0455166437597428,0.189174986862848,1544,FALSE,9.41289003952328,1.79291344384324,9.38767001047545,680.742134789827,186.434224876056,237.674160894372,0.199324233417483,2,0.112265705293872,0.887734294706128,0,0,0,0,"Other Atlas 3 cells","Cropland"
"BE49_3","BE49",0.0455009654892139,0.188649500788229,1545,FALSE,9.67739265445319,2.50443437084112,9.49562420031573,647.109876421827,180.227844031578,221.730482279255,0.552275755439923,4,0.292511677604976,0.594236481101229,0,0.0219218388102627,0.0913300024835325,0,"Other Atlas 3 cells","Cropland"
"DC17_3","DC17",0.045490082585686,0.18812401471361,1546,FALSE,9.63092082778442,2.34786977762451,9.62273753300005,525.906011559368,145.928199610438,194.835585785829,0.280510790695686,2,0.168722767682177,0.831277232317823,0,0,0,0,"Other Atlas 3 cells","Cropland"
"EF45_3","EF45",0.04548596219005,0.187598528638991,1547,FALSE,9.72723944662345,2.56020488885529,9.54911879725818,465.929022386082,115.266983051362,178.836562189591,0.574690176924667,6,0.0550679336266231,0.196274754481575,0,0.0358102282102328,0.0440550116307377,0.668792072050831,"Other Atlas 3 cells","Fresh/saltwater"
"CC52_3","CC52",0.0454811467235481,0.187073042564372,1548,FALSE,9.57804300418036,2.26850548840152,9.54749920605169,561.884467759309,155.531824431715,210.672310126113,0.348086928021344,5,0.0721357460553182,0.799265151811016,0.0506680933418405,0.00969247614065624,0.0682385326511687,0,"Other Atlas 3 cells","Cropland"
"BF87_3","BF87",0.0454512079136237,0.186547556489753,1549,FALSE,9.62870450037847,2.08491385607403,9.55267788809385,693.453540396356,189.43261529526,237.021945283495,0.663420550773341,5,0.0974186710659331,0.22994303906615,0.127862005774037,0.504200649740656,0.040575634353224,0,"Other Atlas 3 cells","Forest"
"BF85_3","BF85",0.0454448483356167,0.186022070415134,1550,FALSE,9.65020307246482,2.13242079960015,9.55284790299993,699.304254786675,188.551398751144,238.91172421221,0.310230809356085,3,0.168910255521412,0.81282374365338,0,0,0.0182660008252075,0,"Other Atlas 3 cells","Cropland"
"CG63_3","CG63",0.0453607542985277,0.185496584340515,1551,FALSE,9.72521479050765,2.00619240741232,9.72449066554862,674.491760326673,180.522997558892,239.660557994713,0.0428654384958196,2,0.0219128941792195,0.97808710582078,0,0,0,0,"Other Atlas 3 cells","Cropland"
"EH94_3","EH94",0.045336673764438,0.184971098265896,1552,FALSE,10.0426789588246,2.57911063083568,9.94280066612764,493.84447026283,117.209011931127,191.631983462123,0.120735368544275,2,0,0.935467927324002,0,0.0645320726759977,0,0,"Other Atlas 3 cells","Cropland"
"DD04_3","DD04",0.045334808926172,0.184445612191277,1553,FALSE,9.40504580539878,1.67008724360236,9.52426873188084,536.659345743813,146.569012383381,203.194570397003,0.654623460135038,5,0.0773939237600525,0.291651802245185,0,0.00215879508745083,0.482667476979084,0.146128001928228,"Other Atlas 3 cells","Grass/shrub"
"FG79_3","FG79",0.0453251777352694,0.183920126116658,1554,FALSE,9.50776249127353,1.9023264965234,9.45176515146263,508.3186878818,127.357103713995,187.883845296863,0.446562720878419,2,0,0.663458372562529,0,0.336541627437471,0,0,"Other Atlas 3 cells","Cropland"
"BF74_3","BF74",0.0452975242674727,0.183394640042039,1555,FALSE,9.73048339690119,2.30200593910077,9.58634001825503,684.640138865266,181.836238178382,234.227673936577,0.661346949306238,5,0.0991595382785706,0.345992100606459,0.00586496453491737,0.103634857176199,0.445348539403854,0,"Other Atlas 3 cells","Grass/shrub"
"CD76_3","CD76",0.0452866415459675,0.18286915396742,1556,FALSE,9.44607532063339,1.82036239812202,9.51684574070374,542.469519735798,148.88093697191,205.812592672282,0.674224911306181,5,0.177078535967455,0.493582669429349,0.194556468344995,0.0251863221432392,0.109596004114962,0,"Other Atlas 3 cells","Cropland"
"DC68_3","DC68",0.0452683023743973,0.182343667892801,1557,FALSE,9.61467651830868,2.47059334887489,9.5680322776582,480.886705855566,134.141078389027,177.526403927579,0.242983860805684,4,0.0847557315604371,0.865104945320075,0.00299945530172825,0.0237564172025997,0.0233834506151603,0,"Other Atlas 3 cells","Cropland"
"FE93_3","FE93",0.0451818010334514,0.181818181818182,1558,FALSE,9.46311361811249,1.60908526507156,9.59565432992843,486.485127854153,114.576199184078,184.779900529282,0.375986719302914,5,0.100150702632856,0.778054892325176,0.00186182992058493,0.0477084326843128,0.0722241424370695,0,"Other Atlas 3 cells","Cropland"
"CE77_3","CE77",0.0451363462560832,0.181292695743563,1559,FALSE,9.33069039056585,1.50035901870781,9.45538671811751,556.125418756329,154.191300142379,203.615938474286,0.579216397966155,5,0.0265919853767909,0.606862993456979,0.0553408703452994,0.149984230758466,0.161219920062465,0,"Other Atlas 3 cells","Cropland"
"BD20_3","BD20",0.0451151619428828,0.180767209668944,1560,FALSE,9.73958479038648,2.76635106891801,9.48309195275869,642.329016098668,177.253153860302,215.762519935906,0.487697690121155,4,0.0243546674708611,0.680656880875838,0,0.156468596062751,0.13851985559055,0,"Other Atlas 3 cells","Cropland"
"BF48_3","BF48",0.0451110302624798,0.180241723594325,1561,FALSE,9.80989404792398,2.5947533065019,9.59521474479002,646.324687587529,172.272050280376,220.092987605407,0.212231867722949,4,0.0304549755421299,0.884938791110177,0,0.0337926710452416,0.0508135623024513,0,"Other Atlas 3 cells","Cropland"
"GG40_3","GG40",0.0450724391156225,0.179716237519706,1562,FALSE,9.71726402873571,2.29614706370525,9.52285815744265,485.050796221186,116.685117833019,183.683717708161,0.620627676092132,6,0.0256801302537222,0.337327052270108,0,0.00812346729421214,0.0730639957070153,0.555805354474943,"Other Atlas 3 cells","Fresh/saltwater"
"CE87_3","CE87",0.0450503396439069,0.179190751445087,1563,FALSE,9.3898227395379,1.56485953443335,9.51938119048862,552.961952859054,152.609791550893,202.718457811606,0.663857132151518,5,0.113316814499019,0.470517924536624,0.044293798749689,0.309526417706037,0.0623450445086306,0,"Other Atlas 3 cells","Cropland"
"DD63_3","DD63",0.0450288287366696,0.178665265370468,1564,FALSE,9.51544256981186,1.92419314635602,9.59814289500074,517.372385748456,140.472054099309,196.363527769708,0.369778615588993,3,0.117641318641814,0.778153733827255,0,0,0,0.104204947530931,"Other Atlas 3 cells","Cropland"
"FF38_3","FF38",0.0450226755873725,0.178139779295849,1565,FALSE,9.56585648647381,2.17980085288983,9.49623200269175,476.83488498596,113.921201564364,178.93893575661,0.284055051421538,4,0.0231022996349746,0.838778033442693,0,0.103148847444253,0,0.0349708194780792,"Other Atlas 3 cells","Cropland"
"DC44_3","DC44",0.0450085569416071,0.17761429322123,1566,FALSE,9.65045880046634,2.33180988171859,9.66526398893907,514.363868065111,140.781283711439,194.365774347227,0.205282743702069,5,0.0315768357487822,0.888798581515884,0,0,0.0583565305579845,0.02126805217735,"Other Atlas 3 cells","Cropland"
"BE22_3","BE22",0.0449939191728813,0.177088807146611,1567,FALSE,9.75058198873933,2.6955773289704,9.48703535514651,671.127869852665,181.151307319022,224.342865419048,0.147402710486265,4,0.00403511238475841,0.920514303479573,0.00340735194192914,0.000258223584129353,0.0717850086096103,0,"Other Atlas 3 cells","Cropland"
"CH36_3","CH36",0.0449665974501398,0.176563321071992,1568,FALSE,9.89845683466763,1.96249066833693,9.95752860587691,720.955021227427,178.019554848692,258.290993444384,0.318997484892867,3,0.090652429620574,0.814762767410453,0,0,0.0945848029689729,0,"Other Atlas 3 cells","Cropland"
"BF97_3","BF97",0.0449472830840424,0.176037834997373,1569,FALSE,9.56573403831926,1.96605851850182,9.51989734406256,695.360867664749,191.236804456863,237.853466675499,0.663249250425569,3,0,0.32892969076242,0,0.376695378981996,0.294374930255584,0,"Other Atlas 3 cells","Forest"
"CD97_3","CD97",0.0449353256137424,0.175512348922754,1570,FALSE,9.26194410763313,1.61579334717751,9.34699602983125,551.636650761389,151.372494633821,209.335202169446,0.0413199008270062,3,0.0029001977465336,0.978833801022634,0,0,0.0182660012308328,0,"Other Atlas 3 cells","Cropland"
"FF44_3","FF44",0.0448807951144485,0.174986862848135,1571,FALSE,9.55827424089555,2.07553190740693,9.49777147867236,468.495378765671,114.326695543776,176.684471782974,0.388578873251807,7,0.149407472784687,0.76604629661737,0.0015237455785728,0.0305786532224059,0.0337718729681657,0.0186719588287989,"Other Atlas 3 cells","Cropland"
"CF88_3","CF88",0.044876580623435,0.174461376773516,1572,FALSE,9.40953428576785,1.7257474041794,9.44850193016639,611.697431039467,171.56893953824,216.364281700614,0.0474159691415219,2,0,0.975046678968208,0,0,0.0249533210317924,0,"Other Atlas 3 cells","Cropland"
"DC79_3","DC79",0.0447939338478823,0.173935890698896,1573,FALSE,9.50392201910469,2.41003586807974,9.44123091169805,519.38628888491,144.903748097383,190.585367421661,0.663375122822627,5,0,0.316284011884432,0.000568396856688552,0.426027168590664,0.233522999203799,0,"Other Atlas 3 cells","Forest"
"BC51_3","BC51",0.0447445709448159,0.173410404624277,1574,FALSE,9.73328003917459,3.05682474793116,9.41674351716106,595.134182112061,173.384934946481,199.758431399167,0.59894403864896,7,0.0775932457830977,0.543234104755382,0.00682880332212871,0.00188188553690636,0.0504907275334045,0.319971233069081,"Other Atlas 3 cells","Cropland"
"DE08_3","DE08",0.0447400931751411,0.172884918549658,1575,FALSE,9.1165222938994,1.28433017623383,9.2494655177266,575.789307342117,158.400159674126,212.964202852104,0.288750416315907,3,0.0187958090859391,0.82936120537973,0,0.15184298553433,0,0,"Other Atlas 3 cells","Cropland"
"CC89_3","CC89",0.0447230392318292,0.172359432475039,1576,FALSE,9.63173516617249,2.44464730963704,9.56707177509197,542.284732676036,152.428602540525,196.383319791345,0.30868763791106,4,0.0670976742268511,0.823479164087112,0.0219762496050592,0,0.0874469120809781,0,"Other Atlas 3 cells","Cropland"
"DE32_3","DE32",0.0446707771722223,0.17183394640042,1577,FALSE,9.27135138570742,1.59258226186594,9.33507240639096,515.571140539361,138.84432858642,192.513650253536,0.523431335990919,5,0.334049279008365,0.60261270614013,0,0.00410614819931331,0.0348771989976026,0.0243546676545886,"Other Atlas 3 cells","Cropland"
"DC45_3","DC45",0.0446412003420036,0.171308460325801,1578,FALSE,9.5981734365133,2.31946250019851,9.60190563565832,515.413995699617,142.084517056677,193.405194945833,0.35416536292447,4,0.0954838392976613,0.791799301126486,0,0.015013568996072,0.097703290579781,0,"Other Atlas 3 cells","Cropland"
"DF98_3","DF98",0.0446239156785122,0.170782974251182,1579,FALSE,9.7350561003532,2.36211348106498,9.66465960927835,452.630554763558,113.851036556123,174.776192837888,0.590953156332739,4,0.0730640047949111,0.310377423185996,0,0,0.0660994832989363,0.550459088720156,"Other Atlas 3 cells","Fresh/saltwater"
"CE66_3","CE66",0.0445865875507097,0.170257488176563,1580,FALSE,9.27165707807264,1.44645042965705,9.38841274504609,573.570268230014,159.84509594574,208.582393289922,0.471090212393268,4,0.10789275290194,0.705289976326039,0,0.0660689237463725,0.120748347025649,0,"Other Atlas 3 cells","Cropland"
"BE44_3","BE44",0.0445800553260452,0.169732002101944,1581,FALSE,9.50525568863594,2.25929067334702,9.32879260008476,677.245399010932,186.465652920409,230.728386310821,0.466579838904935,4,0.0143271136926018,0.695853927800739,0.00891510239698292,0.0763331400256134,0.204570716084063,0,"Other Atlas 3 cells","Cropland"
"FG62_3","FG62",0.0444853158229512,0.169206516027325,1582,FALSE,9.75848675545747,2.27104830937646,9.6187371307291,524.499361138143,130.070622402831,195.434676092449,0.373545918498039,4,0.146369941865916,0.77419192044446,0.00290825221053945,0.00173293802800595,0.0747969474510791,0,"Other Atlas 3 cells","Cropland"
"CF19_3","CF19",0.044474510071149,0.168681029952706,1583,FALSE,9.38908089552865,1.68517400173138,9.4006726249474,687.723744567829,192.774490703343,236.992153738139,0.735556382980087,5,0.250499669814709,0.374028317735586,0.038878884308757,0.129114441191135,0.207478686949813,0,"Other Atlas 3 cells","Cropland"
"CE05_3","CE05",0.0444736960560973,0.168155543878087,1584,FALSE,9.42039680414507,1.75533800269887,9.43914114563337,641.458101557295,180.163484410464,226.576908701315,0.395475572404166,3,0.089431230611693,0.756815093741527,0,0,0.15375367564678,0,"Other Atlas 3 cells","Cropland"
"FF34_3","FF34",0.0444441663146986,0.167630057803468,1585,FALSE,9.59047488875402,2.17040422868231,9.50401218352827,476.983853954747,115.741694477621,179.986043210448,0.0197294094572787,3,0.00281551146001978,0.990056490856438,0,0,0.00712799768354248,0,"Other Atlas 3 cells","Cropland"
"DE48_3","DE48",0.0444022571196185,0.167104571728849,1586,FALSE,9.21517975217488,1.47122997132403,9.32452769398237,543.340116027318,148.082869774741,204.11023171498,0.0505280017115661,3,0.00154242672858964,0.974102904901117,0,0,0.0243546683702936,0,"Other Atlas 3 cells","Cropland"
"DC38_3","DC38",0.0443918336723634,0.16657908565423,1587,FALSE,9.55530260910459,2.33673483650985,9.52210337193506,529.547320492859,147.796019893573,195.691707183109,0.26376586264571,4,0.0116917247811498,0.849096337442707,0.0174385995005981,0.121773338275545,0,0,"Other Atlas 3 cells","Cropland"
"GG16_3","GG16",0.0443116077091499,0.166053599579611,1588,FALSE,9.63887433782326,2.05433488502879,9.5332641685698,499.38626053417,122.72565253126,187.372202436227,0.22574536811598,4,0.0243546693937573,0.876080050974761,0,0.0508559408439667,0.0487093387875146,0,"Other Atlas 3 cells","Cropland"
"EH96_3","EH96",0.044292909037887,0.165528113504992,1589,FALSE,9.98746185630997,2.58753849250954,9.85746417821186,494.05558576571,118.756880252292,189.546053434684,0.265183000865015,4,0.0243546675536858,0.852213467064514,0,0.0487093351073717,0.0747225302744287,0,"Other Atlas 3 cells","Cropland"
"EF63_3","EF63",0.0442914576059894,0.165002627430373,1590,FALSE,9.79640074234423,2.68303902049887,9.59840625238799,474.119189657414,117.006375220898,180.588670201327,0.504289073920796,4,0.0159466003590069,0.610907856020302,0,0,0,0.373145543620692,"Other Atlas 3 cells","Cropland"
"FG83_3","FG83",0.0442686709408517,0.164477141355754,1591,FALSE,9.69783083620283,2.17112279868496,9.57339971951343,495.036698496658,123.776432422108,183.814831262678,0.725573572528382,4,0,0.361296299956449,0,0.173333964820509,0.196025973802813,0.269343761420228,"Other Atlas 3 cells","Cropland"
"CD85_3","CD85",0.0442361531389362,0.163951655281135,1592,FALSE,9.37529740204256,1.69114569897423,9.46427163256275,553.341080822988,151.866178300167,209.596324971755,0.360732873513861,5,0.0396091752895355,0.788484522306955,0.040252811775842,0.0124236173702906,0.119229873257377,0,"Other Atlas 3 cells","Cropland"
"CF46_3","CF46",0.0442128751799888,0.163426169206516,1593,FALSE,9.24963399692365,1.57406919984132,9.26394864586185,660.844276669703,184.478213377062,230.042190610323,0.379145617891852,4,0.0938911321950185,0.775178464884476,0,0.0296476095662557,0.10128279335425,0,"Other Atlas 3 cells","Cropland"
"FF00_3","FF00",0.0441951685189814,0.162900683131897,1594,FALSE,9.69119893013324,2.4263526426746,9.53786995643414,483.659200464014,121.521560685007,179.709026425396,0.173081724242931,3,0,0.905672471119299,0,0.0699728618947053,0.0243546669859958,0,"Other Atlas 3 cells","Cropland"
"DD50_3","DD50",0.0441426628991586,0.162375197057278,1595,FALSE,9.50373927157746,1.81969309333415,9.61065074132408,500.687526389133,135.792484959183,189.607545875943,0.0926734688898401,2,0.0487093336273395,0.95129066637266,0,0,0,0,"Other Atlas 3 cells","Cropland"
"DE20_3","DE20",0.044112087521053,0.161849710982659,1596,FALSE,9.27574397268055,1.61731289033459,9.32649413115147,544.726521794488,147.872887688664,200.359251422142,0.302848892837668,4,0.0705905193388227,0.825864367263444,0,0.100529364007974,0.0030157493897596,0,"Other Atlas 3 cells","Cropland"
"DG47_3","DG47",0.0441098764018984,0.16132422490804,1597,FALSE,9.48586881649363,2.15442590854753,9.37279377226433,558.44209534568,146.11666609151,204.875656284073,0.579767635772223,4,0.375897160377691,0.523056013232375,0,0.0474874367689275,0.0535593896210066,0,"Other Atlas 3 cells","Cropland"
"CD65_3","CD65",0.0440650198010888,0.160798738833421,1598,FALSE,9.43007484125568,1.81221266221162,9.49256697003393,560.970213813041,154.644096171859,211.798789830937,0.403748200770662,4,0.0190319745627195,0.74670952640029,0,0.19087185650762,0.043386642529371,0,"Other Atlas 3 cells","Cropland"
"DG54_3","DG54",0.044063203299055,0.160273252758802,1599,FALSE,9.76966738847956,2.4359223275335,9.64377747357708,515.751681012818,133.293207761868,189.676820283378,0.651577754564168,4,0.242946902593707,0.500394750629169,0,0.0742377371328325,0.182420609644292,0,"Other Atlas 3 cells","Cropland"
"DE57_3","DE57",0.0440334668605063,0.159747766684183,1600,FALSE,9.16874939987659,1.48180289519136,9.26130492151632,553.262499998876,150.453714346901,208.990652538252,0.112029378263808,3,0.0585369795169246,0.940501525406762,0,0.00096149507631346,0,0,"Other Atlas 3 cells","Cropland"
"CC43_3","CC43",0.0440232099620622,0.159222280609564,1601,FALSE,9.70902159450187,2.49698882525731,9.63432105840358,540.779877179114,150.830834690318,201.120579261909,0.477884349796142,3,0,0.671482302353198,0,0,0.0713469846812779,0.257170712965524,"Other Atlas 3 cells","Cropland"
"BG88_3","BG88",0.043926799974364,0.158696794534945,1602,FALSE,9.86011127359702,2.38654942850692,9.72189939567594,699.819519341924,181.706180516053,241.239053346483,0.0783610580493818,3,0.0243546677678737,0.959576778422128,0,0,0.0160685538099983,0,"Other Atlas 3 cells","Cropland"
"ED03_3","ED03",0.0439209085789825,0.158171308460326,1603,FALSE,9.62599711976607,2.24556157721313,9.62660961066786,466.933056678839,122.481119798817,179.00271402125,0.376429709179609,4,0,0,0.0601468750611021,0.15558240709706,0.0125260338177387,0.771744684024099,"Other Atlas 3 cells","Fresh/saltwater"
"BE74_3","BE74",0.043851471142142,0.157645822385707,1604,FALSE,9.44929141158307,1.97350758153898,9.38249521570399,692.363038247659,193.863771392771,238.72009555273,0.262194291883319,4,0.0324163621138401,0.853351474904341,0,0.0253713803171678,0.0888607826646509,0,"Other Atlas 3 cells","Cropland"
"BG84_3","BG84",0.0438146138328638,0.157120336311088,1605,FALSE,9.86919090749156,2.38086939029588,9.73937748234196,707.122278303158,178.609387393495,246.504450794817,0.0203891097016413,2,0,0.989662972979002,0,0,0.0103370270209979,0,"Other Atlas 3 cells","Cropland"
"DE00_3","DE00",0.0437428883661564,0.156594850236469,1606,FALSE,9.1344234217782,1.44436725712773,9.19157875952585,621.588447411747,173.417847674369,222.551708216026,0.112180816330856,3,0.0476248069286322,0.940968086253837,0,0,0.0114071068175312,0,"Other Atlas 3 cells","Cropland"
"BF51_3","BF51",0.0437423004165734,0.15606936416185,1607,FALSE,9.86072180220746,2.67489568290695,9.61268315290434,664.13818968807,172.287278893312,225.728833311021,0.314569888249174,4,0.0974186720427136,0.820085635536695,0.0060886670026696,0.0276976893965651,0.0487093360213568,0,"Other Atlas 3 cells","Cropland"
"EF55_3","EF55",0.0436725916937104,0.155543878087231,1608,FALSE,9.75259456510263,2.6096163395306,9.56729740153219,455.503079864183,111.865500050463,174.403924904786,0.672865622133282,5,0.117327202057829,0.481463634124152,0,0,0.0608866670294525,0.340322496788567,"Other Atlas 3 cells","Cropland"
"CF48_3","CF48",0.0436501096930286,0.155018392012612,1609,FALSE,9.06340120141207,1.34861871523597,9.08957024107835,686.4151524342,192.993238593301,239.228866913844,0.630348526053482,4,0.0730640042435119,0.474036525013115,0,0.362326847550338,0.0905726231930353,0,"Other Atlas 3 cells","Cropland"
"CD77_3","CD77",0.0436124059329609,0.154492905937993,1610,FALSE,9.39505480040844,1.79556275778344,9.4592068196926,561.373408964108,154.1702810921,212.947545207747,0.411886876170799,5,0.127073936484903,0.751984380172905,0.0243546675814675,0.0235230130163224,0.0730640027444024,0,"Other Atlas 3 cells","Cropland"
"CG02_3","CG02",0.0435288105084,0.153967419863374,1611,FALSE,9.78026800296528,2.12001731318803,9.72626291744283,725.036656606404,184.005017201063,254.522487598178,0.128974098426169,3,0.0436994599920932,0.931945872318764,0,0.0243546676891426,0,0,"Other Atlas 3 cells","Cropland"
"BD18_3","BD18",0.0434053754109625,0.153441933788755,1612,FALSE,9.809673995263,3.25913717773265,9.41404941316378,624.347500784695,174.957343402799,200.589048614312,0.568113353800594,5,0,0.61934954797363,0.0334930382325311,0,0.0657452345819813,0.281412179211857,"Other Atlas 3 cells","Cropland"
"BD50_3","BD50",0.0433487172468743,0.152916447714136,1613,FALSE,9.55032622188945,2.33975155403995,9.39460855330446,656.439467242886,184.63305730076,226.304748109606,0.0683191678958939,2,0.0354137151700957,0.964586284829904,0,0,0,0,"Other Atlas 3 cells","Cropland"
"CF36_3","CF36",0.0433032681831855,0.152390961639517,1614,FALSE,9.24697956197177,1.55659234495,9.25736587243595,669.937337772692,185.536446991241,233.081912588084,0.665955792667424,4,0.146586888455613,0.398331690307766,0,0.0720786166966297,0.383002804539991,0,"Other Atlas 3 cells","Cropland"
"BD41_3","BD41",0.0432958101288134,0.151865475564898,1615,FALSE,9.6097477758484,2.51813039202684,9.41771995067793,632.160378359138,176.905360980174,216.658075527866,0.476985626400195,3,0.14303256813952,0.688637005758031,0,0,0.168330426102449,0,"Other Atlas 3 cells","Cropland"
"BD43_3","BD43",0.0432654267957528,0.151339989490279,1616,FALSE,9.75052885001474,2.72830343267218,9.53180216794695,610.207109742445,171.424089688821,209.853440456559,0.647174639952913,6,0.0487093346605009,0.278027456800268,0.0487093346605009,0,0.0212910200659686,0.603262853812762,"Other Atlas 3 cells","Fresh/saltwater"
"CD53_3","CD53",0.0432551771212319,0.15081450341566,1617,FALSE,9.53399857005537,1.87589244588008,9.61166226724623,556.710182623627,152.526832982652,209.797812272791,0.55391297887041,5,0.0487093345632424,0.622312047142982,0.183314535607282,0.032493156799594,0.113170925886899,0,"Other Atlas 3 cells","Cropland"
"DD23_3","DD23",0.0432547268093475,0.15028901734104,1618,FALSE,9.32681005382657,1.58629532982784,9.45111551930109,543.127920371704,148.311240875791,205.298206036893,0.499044392771976,4,0.146128003717835,0.677777350261194,0,0.136603553567205,0.0394910924537667,0,"Other Atlas 3 cells","Cropland"
"BE40_3","BE40",0.0432464209811627,0.149763531266421,1619,FALSE,9.79769232974888,2.56603969779293,9.60385306456124,668.310555934309,182.920275790597,225.019725861361,0.300553064535096,4,0.032769005145779,0.830032194066958,0,0.0705905194660274,0.066608281321236,0,"Other Atlas 3 cells","Cropland"
"BF52_3","BF52",0.0431057106576038,0.149238045191802,1620,FALSE,9.86198105959184,2.66133702559041,9.62500509628587,657.573176736408,171.209807561505,223.42302163201,0.489466332749847,5,0.0586411491125501,0.668691929435967,0.00476557334677081,0.0243546680095193,0.243546680095193,0,"Other Atlas 3 cells","Cropland"
"DG56_3","DG56",0.0430751255501515,0.148712559117183,1621,FALSE,9.63298060736123,2.31954118614826,9.50687643558227,519.172790393511,136.35389441276,190.713406733141,0.356015282343591,3,0.173966311565302,0.782174407381276,0,0.0438592810534217,0,0,"Other Atlas 3 cells","Cropland"
"DE90_3","DE90",0.0430379422297606,0.148187073042564,1622,FALSE,9.65618802257494,2.21892702531585,9.62608683424388,471.598017926482,120.321076058718,181.69633858235,0.738533825273783,7,0.119299858703972,0.253478497321386,0.0243546682643159,0.0586411512068441,0.0586411512068263,0.485584673296657,"Other Atlas 3 cells","Fresh/saltwater"
"FF23_3","FF23",0.0430090163953988,0.147661586967945,1623,FALSE,9.51437668204716,2.14714622997285,9.39678443490878,492.320860192612,122.711496895202,183.389364670443,0.685587572058692,4,0.283891605941049,0.370554376040508,0,0.3084303332044,0.0371236848140429,0,"Other Atlas 3 cells","Cropland"
"BF71_3","BF71",0.042973798549829,0.147136100893326,1624,FALSE,9.8224124912988,2.44376464110294,9.65655396628471,683.934368368149,179.641483989268,233.273328068756,0.409934456574739,4,0.103283635234019,0.754505388789011,0,0.073064003024086,0.0691469729528839,0,"Other Atlas 3 cells","Cropland"
"CF97_3","CF97",0.0429572091621202,0.146610614818707,1625,FALSE,9.47782902652605,1.8372156264756,9.50280725618702,573.854493125562,158.14873893786,205.605378085532,0.506815023869965,4,0.229018460049099,0.656470075229473,0,0.0170927914906767,0.0974186732307504,0,"Other Atlas 3 cells","Cropland"
"BE23_3","BE23",0.0429312205098707,0.146085128744088,1626,FALSE,9.72279040138171,2.6616994675649,9.46353567626731,659.45442478072,177.804589405229,221.358388218608,0.119185891470058,4,0.0243546674710718,0.937543221503375,0,0.0031171124494921,0.0349849985760615,0,"Other Atlas 3 cells","Cropland"
"BE62_3","BE62",0.0429162369956898,0.145559642669469,1627,FALSE,9.59595417449031,2.16664826974418,9.48771639423842,671.559207700317,186.042548295378,229.756211076128,0.573742687688078,4,0.129043966836231,0.597909810445574,0,0.05072689149952,0.222319331218675,0,"Other Atlas 3 cells","Cropland"
"AD92_3","AD92",0.0428877039485326,0.14503415659485,1628,FALSE,9.82114527240381,3.20768681326797,9.4164774135172,643.227129401266,174.817740870883,205.748814248969,0.35911557826827,2,0,0.765409515401888,0,0,0,0.234590484598112,"Other Atlas 3 cells","Cropland"
"EF73_3","EF73",0.0428778565463641,0.144508670520231,1629,FALSE,9.7310574348239,2.60433593389123,9.53586079253004,481.64012646832,118.407721074775,182.884008490954,0.112471556978225,2,0.0598134242041366,0.940186575795863,0,0,0,0,"Other Atlas 3 cells","Cropland"
"CC45_3","CC45",0.0428217429362075,0.143983184445612,1630,FALSE,9.52048499929595,2.39814840339865,9.41054678613036,579.460732330345,162.798622883009,212.981828678743,0.635637835145315,3,0,0.336973615830792,0,0.456030166904023,0.206996217265186,0,"Other Atlas 3 cells","Forest"
"DF61_3","DF61",0.0428138913306359,0.143457698370993,1631,FALSE,9.76301945787043,2.45040134585777,9.65216356388541,495.515595382235,127.692109099174,187.452654782532,0.273336430130209,4,0.0382035138725186,0.846201566141507,0.00599891060203516,0.0243546687519865,0.0852413406319528,0,"Other Atlas 3 cells","Cropland"
"BC63_3","BC63",0.0427961599073392,0.142932212296374,1632,FALSE,9.70943995837506,3.05122685386157,9.39311825037472,592.433069189805,173.140495059314,200.06060318308,0.259756420065405,2,0.137405183515564,0.847257117235424,0.0153376992490126,0,0,0,"Other Atlas 3 cells","Cropland"
"CD86_3","CD86",0.0427930754975903,0.142406726221755,1633,FALSE,9.3899231522164,1.72660744620075,9.47772799687727,547.934549163861,150.243719127114,208.081014686231,0.0646712038788873,2,0.033454827416941,0.966545172583059,0,0,0,0,"Other Atlas 3 cells","Cropland"
"CF37_3","CF37",0.0427845882999576,0.141881240147136,1634,FALSE,9.1941179899202,1.48481241103835,9.21234212319193,703.888960330496,197.692164549507,242.831361098672,0.546699740810862,4,0.0471734147418436,0.627821687600458,0,0.192366036290265,0.132638861367433,0,"Other Atlas 3 cells","Cropland"
"BG87_3","BG87",0.0427032625688241,0.141355754072517,1635,FALSE,9.90667274118308,2.43243605932272,9.76936405302596,696.319308997751,179.283260022276,241.052265305855,0.467762673968486,5,0.0730640032995552,0.713285996951255,0.0639251984155251,0.111417336207544,0.0383074651261203,0,"Other Atlas 3 cells","Cropland"
"FG16_3","FG16",0.0426841780456925,0.140830267997898,1636,FALSE,9.66270186849597,2.34330275073347,9.51250155867058,499.521876372156,125.659479205585,185.192943143578,0.0926734806000751,2,0,0.95129065988558,0,0,0.0487093401144198,0,"Other Atlas 3 cells","Cropland"
"CF94_3","CF94",0.0426607704887438,0.140304781923279,1637,FALSE,9.51695596565114,1.94533856819075,9.50584331665283,649.516833603176,178.747653473302,231.438128460379,0.723652541711698,6,0.037814593907531,0.398812552048827,0.0328111919378297,0.197836379799282,0,0.332725282306529,"Other Atlas 3 cells","Cropland"
"CD42_3","CD42",0.0426539129218099,0.13977929584866,1638,FALSE,9.41677093300898,1.77736777336353,9.47648787893909,579.30179589728,159.712971230282,216.87892698179,0.422151938374172,4,0.0727043857929247,0.730723070225123,0,0.00120964971134061,0.195362894270612,0,"Other Atlas 3 cells","Cropland"
"BE61_3","BE61",0.0425783150680416,0.139253809774041,1639,FALSE,9.64797402581519,2.22037433223897,9.53036170012366,667.860833344063,184.907551435406,227.808239557288,0.690515233960006,4,0.0730640029409282,0.416305373075325,0,0.255998382569586,0.25463224141416,0,"Other Atlas 3 cells","Cropland"
"BD64_3","BD64",0.0425502160842387,0.138728323699422,1640,FALSE,9.67788056831589,2.58280691016856,9.50014252564833,642.162179647581,182.815749931298,224.292342480509,0.560606603858683,5,0.0243546676463976,0.574654457341433,0,0.0522079740503507,0.0243546676463976,0.324428233315421,"Other Atlas 3 cells","Cropland"
"FF95_3","FF95",0.0424620020543537,0.138202837624803,1641,FALSE,9.55365450434746,1.78727072580511,9.58752809929072,501.36129043319,121.23055754777,189.019977627614,0.228278609437207,4,0.0730639985259607,0.874360011557173,0,0,0.0105479899701418,0.0420279999467248,"Other Atlas 3 cells","Cropland"
"FH68_3","FH68",0.0424254399533203,0.137677351550184,1642,FALSE,9.89931115214218,2.43207107235466,9.75586636805204,501.880094107604,121.44080287594,191.588789009218,0.633163258502693,4,0.097418679236622,0.426523804603669,0,0.0618067288192724,0,0.414250787340437,"Other Atlas 3 cells","Cropland"
"BF63_3","BF63",0.0424247820060796,0.137151865475565,1643,FALSE,9.7946044526975,2.4752813683952,9.60302078265489,675.46427976768,177.489573109078,230.39394048795,0.634490465795598,5,0.0803028948992188,0.550229580289139,0.141840619974251,0.122149830922167,0.105477073915223,0,"Other Atlas 3 cells","Cropland"
"FH84_3","FH84",0.0424201634587686,0.136626379400946,1644,FALSE,9.93157175476669,2.40410958610518,9.80596180755798,511.023053658762,122.338712183771,198.504178911709,0.182702761327396,3,0.01268990005421,0.899700360487457,0,0.0876097394583326,0,0,"Other Atlas 3 cells","Cropland"
"CF28_3","CF28",0.042387820348308,0.136100893326327,1645,FALSE,9.30620575750986,1.59777081820396,9.32293219180503,693.870675038542,194.063618275519,238.996538173683,0.590198623919466,4,0.013615211551455,0.501051058730214,0,0.100879774545306,0.384453955173025,0,"Other Atlas 3 cells","Cropland"
"DE31_3","DE31",0.042368844739402,0.135575407251708,1646,FALSE,9.17709891075099,1.52196779251444,9.22945887683254,555.661658153688,150.093603316471,206.597186302987,0.175856546470404,2,0,0.902581329379292,0,0,0.0974186706207078,0,"Other Atlas 3 cells","Cropland"
"EH17_3","EH17",0.0423683180750026,0.135049921177089,1647,FALSE,10.0328717852915,2.70470827750461,9.90225865154023,496.230925463405,123.464707643798,186.399580876076,0.462531322594984,5,0.0708314550653617,0.14389546302156,0.0232383928732923,0.0121773346594183,0.0365320039782549,0.713325350402113,"Other Atlas 3 cells","Fresh/saltwater"
"BG98_3","BG98",0.0423643948937501,0.13452443510247,1648,FALSE,9.79616545215311,2.24778592202691,9.68997289806552,703.454484802436,184.056932476314,242.956168025388,0.0926734720406575,2,0.0487093353727874,0.951290664627213,0,0,0,0,"Other Atlas 3 cells","Cropland"
"BG81_3","BG81",0.0423624299176401,0.133998949027851,1649,FALSE,9.95157033415615,2.41735616429206,9.8336545036844,714.40339564387,176.774203478538,249.91541632656,0.471528451721579,3,0,0.663762503219266,0,0.293344665192416,0.0428928315883169,0,"Other Atlas 3 cells","Cropland"
"GE04_3","GE04",0.0423403518487058,0.133473462953232,1650,FALSE,9.44413726226878,1.48404626070202,9.61218057002548,492.555782174541,115.709388470299,188.054017909981,0.603117438803002,7,0.272867933270364,0.556289458455667,0.00342849206540467,0.00650859497496419,0.0130171899499249,0.147888331283675,"Other Atlas 3 cells","Cropland"
"DH37_3","DH37",0.0423299861474486,0.132947976878613,1651,FALSE,9.90302206033463,2.25106267221033,9.88905200325001,555.567127722507,140.19522258978,206.929833464708,0.50969264674883,4,0.0905026024608654,0.227343628504762,0,0,0.0266213038119228,0.65553246522245,"Other Atlas 3 cells","Fresh/saltwater"
"DD44_3","DD44",0.0423181563759426,0.132422490803994,1652,FALSE,9.424662999714,1.78110805797406,9.53212238798356,507.379290508996,138.047243607642,193.030671733455,0.10140021453014,3,0.0487093367377645,0.94668154201174,0,0,0.00460912125049559,0,"Other Atlas 3 cells","Cropland"
"DD30_3","DD30",0.0423100962208508,0.131897004729375,1653,FALSE,9.41888720377463,1.65338085293676,9.54737218881265,503.313808644139,137.102580035875,189.672910176203,0.400213904631431,2,0.276632482924924,0.723367517075076,0,0,0,0,"Other Atlas 3 cells","Cropland"
"BF90_3","BF90",0.0422110720361712,0.131371518654756,1654,FALSE,9.65205297165777,2.11810713531303,9.55250094916953,713.652940464035,188.178834040119,246.112263865421,0.625351553389541,4,0.138598603223953,0.552050768343962,0,0.120221017480784,0.189129610951301,0,"Other Atlas 3 cells","Cropland"
"DF06_3","DF06",0.0421851147676969,0.130846032580137,1655,FALSE,9.40781866014687,1.82394807876505,9.41314020488688,591.36903708505,161.998643489343,212.497152817584,0.214106080302681,3,0.0487093339775378,0.882489501489811,0,0.0688011645326514,0,0,"Other Atlas 3 cells","Cropland"
"DE41_3","DE41",0.0421242178577092,0.130320546505518,1656,FALSE,9.45397025146445,1.81385000275965,9.50118069131559,491.30262513945,132.280995042891,184.578988149825,0.384136620343684,3,0.191907937930854,0.759382725330181,0,0,0.0487093367389649,0,"Other Atlas 3 cells","Cropland"
"CD46_3","CD46",0.0420675205107404,0.129795060430899,1657,FALSE,9.5616610585024,2.06944921280637,9.57507837624577,575.95058701814,158.728744676372,217.089353772264,0.458069694918598,4,0.17434679758919,0.70657658684947,0.0939854944790712,0,0.025091121082269,0,"Other Atlas 3 cells","Cropland"
"CC44_3","CC44",0.0420629162583999,0.12926957435628,1658,FALSE,9.66782739285823,2.49648422245448,9.57669417863765,559.70214360981,158.06370342465,205.97120525077,0.580990699718647,7,0.0243546680795357,0.6221768406221,0.0492348857944729,0.126988738355428,0.0880094570998832,0.0892354100485807,"Other Atlas 3 cells","Cropland"
"DG66_3","DG66",0.042050622697922,0.128744088281661,1659,FALSE,9.76276799376429,2.46930500999669,9.62738096576103,512.97864242279,134.394561429082,187.905181678864,0.527916222803073,3,0.498746771050164,0.471656064772434,0,0,0.0295971641774017,0,"Other Atlas 3 cells","Urban"
"BE73_3","BE73",0.0420159421008325,0.128218602207042,1660,FALSE,9.48277812848785,1.99108669285957,9.41459381114639,691.742952385083,192.761813745169,238.107528052697,0.435553826968013,4,0.034706410176701,0.729941935042953,0,0.146128006050416,0.0892236487299306,0,"Other Atlas 3 cells","Cropland"
"FG39_3","FG39",0.0419504794088762,0.127693116132422,1661,FALSE,9.58723064644696,2.17423195274579,9.4764650333792,489.695820522849,123.148202457453,181.676486918837,0.214046248084285,3,0.0498573557457843,0.882552900715979,0,0.0675897435382364,0,0,"Other Atlas 3 cells","Cropland"
"DC20_3","DC20",0.0419319919483075,0.127167630057803,1662,FALSE,9.47803003924057,1.95323197825178,9.55715900480932,503.337388376713,136.894069886631,192.076717282097,0.264590622638566,4,0.0649135790151855,0.85268488072531,0.031702900598638,0,0.0506986396608665,0,"Other Atlas 3 cells","Cropland"
"CF81_3","CF81",0.0418725398838218,0.126642143983184,1663,FALSE,9.68820491646116,2.15611407635239,9.66073881183283,604.210028364805,164.432378044473,215.361988461494,0.628736349497987,4,0.336779531809987,0.486856121809283,0,0.138447838717721,0.0379165076630088,0,"Other Atlas 3 cells","Cropland"
"CD78_3","CD78",0.0418631468741826,0.126116657908565,1664,FALSE,9.43927659306197,1.85827170644362,9.49789392250357,550.224862353077,151.136782721527,208.42925084989,0.331509569237881,4,0,0.807285839074127,0.115684671016279,0.0283201547448451,0.048709335164749,0,"Other Atlas 3 cells","Cropland"
"EG99_3","EG99",0.041833797487392,0.125591171833946,1665,FALSE,9.75133125486981,2.52547015951609,9.59085758818853,487.771363574682,121.792468750818,182.091803212199,0,1,0,1,0,0,0,0,"Other Atlas 3 cells","Cropland"
"DD72_3","DD72",0.0416942990670526,0.125065685759327,1666,FALSE,9.57445547100956,2.01626159285798,9.64626272838796,503.924554585588,135.86318808275,191.665096276895,0.23340104284073,5,0.0244727491773644,0.873022055134231,0.0294411952224617,0.024354666821981,0.0487093336439619,0,"Other Atlas 3 cells","Cropland"
"EG21_3","EG21",0.0416600774871293,0.124540199684708,1667,FALSE,9.89775416081039,2.68947314520822,9.72674260151828,473.795160876937,121.292313844601,176.47080876166,0.516930382818865,4,0,0.395789072716935,0,0.00926908131030247,0.0243546661933688,0.570587179779393,"Other Atlas 3 cells","Fresh/saltwater"
"CE04_3","CE04",0.0413532673622744,0.124014713610089,1668,FALSE,9.38377363941993,1.71329414332491,9.39970187927977,655.560850506843,184.476604836195,230.183234357181,0.575731263596422,4,0.483537033661557,0.427292125552449,0.000106046887498572,0.000537548364050305,0.0885272455344448,0,"Other Atlas 3 cells","Urban"
"DF70_3","DF70",0.0413116578387181,0.12348922753547,1669,FALSE,9.83943020614156,2.56723985651782,9.71422827750877,487.816286697739,126.204697803644,183.609123682874,0.351005120987875,2,0.227057809223157,0.772942190776843,0,0,0,0,"Other Atlas 3 cells","Cropland"
"EH95_3","EH95",0.0413113937430497,0.122963741460851,1670,FALSE,10.01157632131,2.58294221333384,9.89970362591242,495.717524372798,118.809137602881,190.696789851326,0.151901039417463,4,0.0243546675523583,0.919279385014293,0,0.0487093351047165,0.00765661232863248,0,"Other Atlas 3 cells","Cropland"
"BF70_3","BF70",0.0412789778241886,0.122438255386232,1671,FALSE,9.83951150788374,2.47546435945966,9.66839970523518,693.309067842478,180.392105969449,237.660980184997,0.135451308966712,2,0.0730640030207764,0.926935996979224,0,0,0,0,"Other Atlas 3 cells","Cropland"
"BE81_3","BE81",0.0412753086332616,0.121912769311613,1672,FALSE,9.49345688891832,1.91979603070687,9.44521816593619,697.21538376691,194.943138089754,239.267397134687,0.420796632738423,4,0.111990720073067,0.745295974885783,0,0.0938490065576647,0.0488642984834859,0,"Other Atlas 3 cells","Cropland"
"DF19_3","DF19",0.0412515949379997,0.121387283236994,1673,FALSE,9.33532013382057,1.67699513341038,9.37742676136966,606.082659631217,167.061219484869,218.954299174708,0.364655348600006,3,0.21617626518086,0.766235491031945,0,0.0175882437871951,0,0,"Other Atlas 3 cells","Cropland"
"DB51_3","DB51",0.041219976205191,0.120861797162375,1674,FALSE,9.4316733217126,2.37118613866247,9.3592896995326,516.429751750356,146.401322508504,187.076935116857,0.0778464475696308,4,0.0219296405273395,0.959939928046439,0.005628533660804,0.012501897765417,0,0,"Other Atlas 3 cells","Cropland"
"BG86_3","BG86",0.0411789396727847,0.120336311087756,1675,FALSE,9.96058019568037,2.46931265052095,9.82547767990563,687.553899745647,175.50666697724,238.93752227753,0.529382870678474,5,0.0487093355356719,0.653106125525453,0.0792911760462488,0.0443957444694689,0.174497618423157,0,"Other Atlas 3 cells","Cropland"
"DC32_3","DC32",0.0410764577457656,0.119810825013137,1676,FALSE,9.60826602210414,2.18071066880987,9.65610530632651,498.316433783656,136.332487772659,188.765507882433,0.241012192096034,3,0.0447871733318556,0.865300940324695,0,0,0.0899118863434493,0,"Other Atlas 3 cells","Cropland"
"CD07_3","CD07",0.0410554644757399,0.119285338938518,1677,FALSE,9.62804595925261,2.4347845241981,9.51440525720309,564.702921532106,159.3572405705,207.168943067202,0.0541294090865758,3,0,0.972226371767416,0.0182660007669876,0,0.00950762746559648,0,"Other Atlas 3 cells","Cropland"
"FH22_3","FH22",0.041012483215307,0.118759852863899,1678,FALSE,10.0307385439778,2.45541146105142,9.96205462241892,503.425260397507,118.875110340545,196.609755773762,0.359596558009914,5,0.0730639955403812,0.786261579005955,0.00339470509104108,0.129563743391219,0.00771597697140443,0,"Other Atlas 3 cells","Cropland"
"BD30_3","BD30",0.0410117957830519,0.11823436678928,1679,FALSE,9.65335300756392,2.59994097445385,9.43382524248643,663.476726086794,184.9138103348,224.565721873158,0.244102156220697,4,0.0199817115601609,0.865383477197102,0,0.0528765497155199,0.061758261527217,0,"Other Atlas 3 cells","Cropland"
"BE53_3","BE53",0.0410037166835713,0.117708880714661,1680,FALSE,9.57439073648671,2.2352390970012,9.43407262851321,642.935409678338,178.388991006353,219.58170397407,0.402729725074463,3,0.221493393582018,0.739505383430377,0.00608866700275116,0,0.0329125559848534,0,"Other Atlas 3 cells","Cropland"
"BD96_3","BD96",0.0409260007244021,0.117183394640042,1681,FALSE,9.60338356223028,2.42787935948269,9.48274736946533,597.281716039792,169.788921732643,216.533054526164,0.0673833290962575,3,0.0242841132432259,0.965359884166565,0,0,0,0.010356002590209,"Other Atlas 3 cells","Cropland"
"DC55_3","DC55",0.0408472425547304,0.116657908565423,1682,FALSE,9.62852777128704,2.37638825610251,9.62524701172154,509.598591404807,140.136584136897,190.943319132178,0.368894632862366,3,0.0974186672561403,0.778619582982447,0,0,0.123961749761413,0,"Other Atlas 3 cells","Cropland"
"BG75_3","BG75",0.040839079061526,0.116132422490804,1683,FALSE,9.98091464998711,2.58238119334755,9.80947156989591,674.72073950241,169.52599321672,234.681181752745,0.525183578096527,5,0.0911620296992064,0.661948452889831,0.056543213478974,0.0360845967433323,0.154261707188656,0,"Other Atlas 3 cells","Cropland"
"CD59_3","CD59",0.0408352898795185,0.115606936416185,1684,FALSE,9.4968913159024,2.06854080746936,9.49808307660503,571.186595549596,158.517195969959,215.074046737048,0.289513298542439,4,0.136709245498693,0.831322851203045,0,0.0256954731502837,0.00627243014797794,0,"Other Atlas 3 cells","Cropland"
"EF06_3","EF06",0.0407878074078292,0.115081450341566,1685,FALSE,9.76845344659658,2.45843715742892,9.66597733296316,454.798611045567,114.816073524265,175.108556006208,0.456835837601803,3,0,0.270673702531789,0,0.0453345679066263,0,0.683991729561585,"Other Atlas 3 cells","Fresh/saltwater"
"DC33_3","DC33",0.0407038510975471,0.114555964266947,1686,FALSE,9.59245081026196,2.19743229420464,9.62861266716778,500.592768355453,137.215525180088,189.358961167553,0.345958973584525,4,0.158769467638823,0.791976174878207,0.0126359125334372,0,0,0.0366184449495323,"Other Atlas 3 cells","Cropland"
"CD01_3","CD01",0.0406727995086646,0.114030478192328,1687,FALSE,9.5134755302071,2.02078684462426,9.50058868722782,626.19475758014,175.451646338894,227.734928236674,0.319526396598511,4,0.165991635034432,0.807640863065749,0.00116445911084958,0,0.0252030427889701,0,"Other Atlas 3 cells","Cropland"
"CD06_3","CD06",0.0405276184988032,0.113504992117709,1688,FALSE,9.52560056759239,2.28321736723188,9.42754017099808,598.848947730718,169.792037345567,218.964794743346,0.127866825867458,3,0.0338790151233702,0.932666157303271,0,0,0.0334548275733587,0,"Other Atlas 3 cells","Cropland"
"CF20_3","CF20",0.0404767549825255,0.11297950604309,1689,FALSE,9.5993295378644,1.95465558399385,9.56111157011707,695.373741412657,188.021464928467,240.622415626087,0.343395629068345,4,0.0529347066560039,0.80193857745138,0,0.0816717037144966,0.0634550121781191,0,"Other Atlas 3 cells","Cropland"
"CD18_3","CD18",0.0403439666442387,0.112454019968471,1690,FALSE,9.69473062856254,2.48096315488168,9.60164051797529,557.365709902468,157.079115738334,205.675613930224,0.475019011668356,4,0,0.219737921328308,0,0,0.0243546677485229,0.75590741092317,"Other Atlas 3 cells","Fresh/saltwater"
"BE33_3","BE33",0.0402827216137451,0.111928533893852,1691,FALSE,9.54800999226684,2.39179160039906,9.32380680296494,670.561389706232,181.460177739508,227.730197223302,0.249936623382925,4,0.0615491369772621,0.86208200019489,0,0.0455922235553506,0.030776639272497,0,"Other Atlas 3 cells","Cropland"
"CH29_3","CH29",0.0402808288144218,0.111403047819233,1692,FALSE,9.8490994232684,2.03210620388968,9.85605592932293,723.872887637612,183.420920424618,255.989370563407,0,1,0,1,0,0,0,0,"Other Atlas 3 cells","Cropland"
"EF80_3","EF80",0.0402713538758665,0.110877561744614,1693,FALSE,9.81501635895242,2.63015641270104,9.64219811378569,480.065911238818,119.461810553524,180.44545430181,0.0911947122683769,2,0.0478908938477222,0.952109106152278,0,0,0,0,"Other Atlas 3 cells","Cropland"
"CE46_3","CE46",0.0402578818380335,0.110352075669995,1694,FALSE,9.18797071774531,1.39183693847832,9.27702499790585,605.592563164909,169.199159107015,219.219096327102,0.628300580327978,5,0.105757116051083,0.540486334170596,0.000572183137430581,0.176828527425494,0.176355839215397,0,"Other Atlas 3 cells","Cropland"
"AF82_3","AF82",0.0402189764382728,0.109826589595376,1695,FALSE,10.2063588770928,3.74191169830653,9.66402018107294,592.694067544192,148.906646591744,191.597065631795,0.376063198949711,3,0.00754363900866076,0,0.17555084194273,0.0483967430845215,0,0.768508775964087,"Other Atlas 3 cells","Fresh/saltwater"
"DE05_3","DE05",0.040215198477164,0.109301103520757,1696,FALSE,9.17387971443188,1.37957870220018,9.28828813731269,560.88764072238,154.58615697666,205.61953221552,0.552734986215243,4,0.0425429014270804,0.615065475109341,0,0.105875199585122,0.236516423878456,0,"Other Atlas 3 cells","Cropland"
"CF11_3","CF11",0.0401843449968461,0.108775617446138,1697,FALSE,9.49763354403295,1.87770033960513,9.44447378665648,696.329589676867,188.004071771257,239.985051104996,0.60846679148525,5,0.048709335497172,0.569865735658403,0.024354667748586,0.184489832556072,0.172580428539767,0,"Other Atlas 3 cells","Cropland"
"DB20_3","DB20",0.040146485688847,0.108250131371519,1698,FALSE,9.51183791040224,2.34550601917779,9.45739767975681,533.692136757013,150.181954727586,194.103903835014,0.0100008970156054,3,0.00200385240250115,0.994980398206696,0,0,0.00301574939080286,0,"Other Atlas 3 cells","Cropland"
"CE47_3","CE47",0.0401385907330618,0.1077246452969,1699,FALSE,9.2490132470747,1.46510733649786,9.34057221923133,590.163286885092,164.36348176171,215.147404371501,0.208496367137557,3,0.107892754657437,0.883051973788608,0,0,0.00905527155395477,0,"Other Atlas 3 cells","Cropland"
"DB10_3","DB10",0.0401363915822647,0.107199159222281,1700,FALSE,9.57855285989851,2.38681678859765,9.52805939778417,528.2502952504,148.716091400824,191.782551356532,0.579697840815698,5,0.128050568404695,0.606618167494021,0.037302229171552,0.0487093366019624,0.17931969832777,0,"Other Atlas 3 cells","Cropland"
"CG32_3","CG32",0.0401261069390894,0.106673673147662,1701,FALSE,9.6882307073019,1.92694576847725,9.68365848335581,689.171546572277,179.64168385838,244.175958438157,0.409080377395015,4,0.0483111628212638,0.743438788551399,0.00608866690311789,0.0145035587491835,0.187657822975036,0,"Other Atlas 3 cells","Cropland"
"BF56_3","BF56",0.0401056198224201,0.106148187073043,1702,FALSE,9.71497274343018,2.43269025335812,9.52220596059291,657.766544631902,176.353025742352,222.707580641587,0.173966679075085,2,0.0926906162446296,0.904084606815605,0.00322477693976514,0,0,0,"Other Atlas 3 cells","Cropland"
"BD66_3","BD66",0.0400275115242308,0.105622700998424,1703,FALSE,9.74874820191817,2.77624042496702,9.53543777345847,609.873963903968,175.882513507765,211.888728535763,0.565716936986862,4,0.0157967798003142,0.574099250739824,0,0,0.104178444647102,0.30592552481276,"Other Atlas 3 cells","Cropland"
"BF80_3","BF80",0.0400133137193508,0.105097214923805,1704,FALSE,9.76251127688237,2.30520688541683,9.62920430018672,696.442029339351,182.125512518026,239.792392745008,0.413970821076692,4,0.128728733040037,0.7494979281272,0,0.0487093355331048,0.0730640032996572,0,"Other Atlas 3 cells","Cropland"
"DC06_3","DC06",0.0399415313034168,0.104571728849186,1705,FALSE,9.64692130138978,2.30858535768396,9.6528368975702,532.741702690624,147.742523552523,198.252238074081,0.460336094512614,4,0.25827292539468,0.685568880006402,0.00204834625346671,0,0.0541098483454515,0,"Other Atlas 3 cells","Cropland"
"BF57_3","BF57",0.0398636900788007,0.104046242774566,1706,FALSE,9.66572489114208,2.37050404602303,9.48389737056872,671.676031583053,179.659272802895,228.886784096507,0.537171971827336,5,0.0575591671570729,0.654855933372203,0.05054476220754,0.119757839038135,0.11728229822505,0,"Other Atlas 3 cells","Cropland"
"BE71_3","BE71",0.039825512835378,0.103520756699947,1707,FALSE,9.57162350321549,2.06598173633715,9.49540360668087,695.577353937371,193.673822055736,237.432652927085,0.507409982399792,4,0.00372995007706707,0.660234624451012,0,0.157857935114997,0.178177490356925,0,"Other Atlas 3 cells","Cropland"
"DE47_3","DE47",0.0397332094235782,0.102995270625328,1708,FALSE,9.27744947634842,1.54170212250647,9.3842175809671,521.609492023559,141.643386466592,196.499937677289,0.0629792735970892,3,0.00651108409566627,0.967630972504466,0,0.0258579433998674,0,0,"Other Atlas 3 cells","Cropland"
"DD71_3","DD71",0.0396749631437535,0.102469784550709,1709,FALSE,9.48644363174863,1.90695146518637,9.56147519649426,517.951979425241,139.15381436666,197.46844895114,0.503016637616931,4,0.0859143621533267,0.658644449286313,0,0.235341395653848,0.0200997929065125,0,"Other Atlas 3 cells","Cropland"
"BD10_3","BD10",0.0395061084825106,0.10194429847609,1710,FALSE,9.82630310684744,2.94294015647698,9.52706895800653,625.856205720992,171.53170838418,207.660795662271,0.490430701430325,5,0.048709335326563,0.689811566566583,0.0167465191168541,0.146128005979689,0.0986045730103112,0,"Other Atlas 3 cells","Cropland"
"DD00_3","DD00",0.0394403082298539,0.101418812401471,1711,FALSE,9.37220424724294,1.56149157691253,9.50923093956388,536.943105512458,147.336792202539,200.52726816061,0.500419091043377,4,0.096638047521219,0.681680064034887,0,0.088672755377608,0.133009133066286,0,"Other Atlas 3 cells","Cropland"
"CD49_3","CD49",0.0393983924559402,0.100893326326852,1712,FALSE,9.56852081000999,2.20058184968853,9.54985659899678,555.797769061005,154.600691568074,208.656855110395,0.368223268724716,5,0.0742504563493269,0.784377836513276,0.0989867799067875,0.00940626303768345,0.0329786641929265,0,"Other Atlas 3 cells","Cropland"
"DE59_3","DE59",0.039333469885111,0.100367840252233,1713,FALSE,9.38813908728317,1.69017679510722,9.49503662304473,498.055121107925,134.426722771314,189.077386023297,0.180931916282516,3,0,0.899760930648139,0,0.00282040210240553,0.0974186672494558,0,"Other Atlas 3 cells","Cropland"
"CC34_3","CC34",0.0392549971273924,0.0998423541776143,1714,FALSE,9.65232013626832,2.57262611730193,9.52470635603896,580.364502262861,163.349628309991,213.452318281826,0.223585615820592,5,0,0.875181859960806,0.00203223544656554,0.0236826260765943,0.097440151568007,0.00166312694802765,"Other Atlas 3 cells","Cropland"
"BF72_3","BF72",0.039198181132935,0.0993168681029953,1715,FALSE,9.76183929628876,2.36892663827855,9.60106070138658,685.72959945325,180.860486421572,234.121957919331,0.519050898610901,4,0.151992970576151,0.663322664209521,0,0.0726186530343851,0.112065712179943,0,"Other Atlas 3 cells","Cropland"
"DE45_3","DE45",0.0391483029594879,0.0987913820283762,1716,FALSE,9.28204878750884,1.55996508191739,9.3757370553284,540.760931642446,146.509764882853,202.87305573617,0.158932341741817,2,0.912957418057953,0.0870425819420467,0,0,0,0,"Other Atlas 3 cells","Urban"
"BG74_3","BG74",0.0391300534913569,0.0982658959537572,1717,FALSE,9.99163040528532,2.58922147816329,9.82264512271958,682.519421450741,171.130265374365,236.612563288841,0.132867920332686,3,0.0590168780161696,0.929253192913832,0,0.0117299290699986,0,0,"Other Atlas 3 cells","Cropland"
"BF46_3","BF46",0.0390746070914903,0.0977404098791382,1718,FALSE,9.71695658815634,2.54023641772578,9.48036166084777,672.705656500221,179.094710527764,227.038725942752,0.14854614461763,4,0.0201808436894107,0.921181534092784,0,0.0099282875582245,0.0487093346595804,0,"Other Atlas 3 cells","Cropland"
"CE98_3","CE98",0.0390081554780268,0.0972149238045192,1719,FALSE,9.28070873808844,1.44416185182766,9.41265965294572,577.899785054903,159.240933833624,212.840000153269,0.231590268838082,3,0.0796906824131731,0.871599980968715,0,0.0487093366181118,0,0,"Other Atlas 3 cells","Cropland"
"CE57_3","CE57",0.0389477228150851,0.0966894377299002,1720,FALSE,9.27284372768609,1.46565419461845,9.38037051587634,572.166580577072,159.263972564284,209.115722198873,0.496982225074308,4,0.414029343762786,0.57577161970906,0,0.00106781926712115,0.00913121726103359,0,"Other Atlas 3 cells","Cropland"
"DB41_3","DB41",0.0388721231166847,0.0961639516552811,1721,FALSE,9.44485971875668,2.35851724791753,9.37658026138335,500.77874654313,141.813394792072,181.463376744563,0.248451139200444,3,0.099843699915006,0.857526288737662,0.0426300113473326,0,0,0,"Other Atlas 3 cells","Cropland"
"BF58_3","BF58",0.0388435431956137,0.0956384655806621,1722,FALSE,9.75801774573099,2.43799434840173,9.58774514059811,655.067756369838,175.180990531084,224.298429118163,0.169861874984626,3,0,0.908632481392556,0.0552719977711608,0.0360955208362831,0,0,"Other Atlas 3 cells","Cropland"
"DD32_3","DD32",0.0388286260410619,0.0951129795060431,1723,FALSE,9.3531536354124,1.64035275801549,9.47722598326612,538.812005840428,148.156607324602,202.858465184486,0.180263012238542,2,0.100164416440046,0.899835583559954,0,0,0,0,"Other Atlas 3 cells","Cropland"
"GE34_3","GE34",0.0388225537370282,0.0945874934314241,1724,FALSE,9.33148592077603,1.08760263175934,9.58135951010956,511.891452757864,119.906523653567,197.028310385409,0.571396940935845,5,0.155979231712942,0.0925897989896871,0,0,0.0827100738152119,0.668720895482159,"Other Atlas 3 cells","Fresh/saltwater"
"BF99_3","BF99",0.0387954441544358,0.094062007356805,1725,FALSE,9.57681976900624,1.95259810258967,9.54701049002557,677.080324532357,187.307369489662,232.800289072726,0.611880484941928,5,0.056167667267005,0.517983474538444,0.00105176519078776,0.0980433439046891,0.326753749099074,0,"Other Atlas 3 cells","Cropland"
"DF40_3","DF40",0.0387044885400995,0.093536521282186,1726,FALSE,9.6584200768057,2.31932208488732,9.565359840139,535.168743245261,139.644327776452,198.52479835724,0.177511069317486,3,0.0487093367382477,0.903498483965056,0,0,0.047792179296696,0,"Other Atlas 3 cells","Cropland"
"FG88_3","FG88",0.038683967535029,0.093011035207567,1727,FALSE,9.49396183847209,1.88626803003226,9.41965275465436,517.840697933784,129.291717833715,191.824344478712,0.447920038446476,3,0,0.688530166116537,0,0.277183348778791,0.0342864851046721,0,"Other Atlas 3 cells","Cropland"
"BC93_3","BC93",0.0385077123942906,0.092485549132948,1728,FALSE,9.76916017316836,2.93394208359119,9.54375395098174,585.920075783408,169.870280497041,207.582425435347,0.485048396724595,6,0.0703543557785823,0.0370887667171814,0.111266300151545,0,0.0207120051811717,0.76057857217152,"Other Atlas 3 cells","Fresh/saltwater"
"CG18_3","CG18",0.0384775333107311,0.091960063058329,1729,FALSE,9.68704732295527,2.04804279505321,9.63027297323541,693.158173389588,182.971150864116,241.384354116634,0.298397032949467,4,0.0730640032463428,0.828196306011273,0,0.0148470402598331,0.0838926504825508,0,"Other Atlas 3 cells","Cropland"
"BC34_3","BC34",0.0384593785056987,0.0914345769837099,1730,FALSE,9.8109140062907,3.33022532950856,9.41602629207949,627.103091446707,176.972592457972,201.702029407936,0.38271105023832,3,0,0,0.166339411153957,0.0653671197986961,0.00326223136249251,0.765031237684855,"Other Atlas 3 cells","Fresh/saltwater"
"DE58_3","DE58",0.0384357543695378,0.0909090909090909,1731,FALSE,9.26850548395505,1.56869153086318,9.36759740018757,507.608960829183,137.221427263311,192.023461760455,0.180143397825483,3,0.0386619384426456,0.902733257165461,0,0.0586048043918937,0,0,"Other Atlas 3 cells","Cropland"
"BD77_3","BD77",0.0384187164530226,0.0903836048344719,1732,FALSE,9.69698981165016,2.70437860948539,9.49968292566108,594.762699675271,173.162984275534,207.736544642113,0.670214458057394,5,0,0.444292097171368,0,0.118945608715316,0.105413498470575,0.33134879564274,"Other Atlas 3 cells","Cropland"
"DG19_3","DG19",0.038414293068445,0.0898581187598529,1733,FALSE,9.71532773953873,2.2821341810075,9.64484737485993,574.270569818477,152.714739837624,208.64441808674,0.236142342056466,3,0.128711235102375,0.86427041040904,0,0,0.007018354488585,0,"Other Atlas 3 cells","Cropland"
"BC62_3","BC62",0.0384097481544282,0.0893326326852338,1734,FALSE,9.74959020832641,3.06163212082065,9.44382254311665,597.457229377518,175.292913350609,202.242989944298,0.631718469139199,4,0.417636253624859,0.122670780518915,0.0029283014807147,0,0.0369794062374888,0.419785258138022,"Other Atlas 3 cells","Fresh/saltwater"
"CE25_3","CE25",0.0383596419377192,0.0888071466106148,1735,FALSE,9.27336850570203,1.51890377054153,9.33172181909404,635.827599210666,178.501028976342,227.014991213997,0.417445087518366,3,0,0.717788486962096,0,0.0238177958820485,0.258393717155856,0,"Other Atlas 3 cells","Cropland"
"BG59_3","BG59",0.0383514286281615,0.0882816605359958,1736,FALSE,10.0217201979408,2.82510935367974,9.76396731687667,645.597907657802,166.715111396087,218.678751822903,0.320216860471816,5,0.157378817058873,0.808725969768204,0.0270255875707666,0.00412177536127574,0.0027478502408809,0,"Other Atlas 3 cells","Cropland"
"CH07_3","CH07",0.0383373136204061,0.0877561744613768,1737,FALSE,10.0061190727169,2.23010750683539,9.98984967428493,710.73782224826,171.299988232764,252.365815403641,0.0979086259369685,3,0,0.948514561955678,0.00235191511609928,0.0487093353782279,0.00042418754999496,0,"Other Atlas 3 cells","Cropland"
"BE32_3","BE32",0.0382602551849626,0.0872306883867578,1738,FALSE,9.53184096931246,2.3762642415873,9.30646179686809,684.128989889119,186.446806659636,230.684823114327,0.35053445443922,3,0,0.787798993390097,0,0.0524862249628339,0.159714781647069,0,"Other Atlas 3 cells","Cropland"
"CD37_3","CD37",0.0381859306253084,0.0867052023121387,1739,FALSE,9.57020855200299,2.18395983429567,9.54685107671833,580.131810930114,161.156329256991,217.786010024705,0.075055404292027,3,0,0.961352049602651,0.0193098720647229,0,0.019338078332626,0,"Other Atlas 3 cells","Cropland"
"BF98_3","BF98",0.0381751428197172,0.0861797162375197,1740,FALSE,9.54483232847639,1.93530990725234,9.50798536810406,689.037712312648,190.128258196791,236.100896860484,0.561410661925236,4,0.06560567114281,0.601762060173395,0,0.127862005354364,0.204770263329431,0,"Other Atlas 3 cells","Cropland"
"CE03_3","CE03",0.03817229433994,0.0856542301629007,1741,FALSE,9.39135538510431,1.72059100815131,9.40435334308026,656.685604728033,184.99107663521,229.715529813748,0.524471632825113,4,0.168669860943348,0.656352542060773,0,0.0681345379850408,0.106843059010838,0,"Other Atlas 3 cells","Cropland"
"DF60_3","DF60",0.0380254096498409,0.0851287440882817,1742,FALSE,9.75705966323992,2.46230782865531,9.63664361665696,497.654580115436,129.215472402848,186.660723592691,0.0207909025581785,2,0.0105058236087884,0.989494176391212,0,0,0,0,"Other Atlas 3 cells","Cropland"
"EH77_3","EH77",0.0380202428482914,0.0846032580136626,1743,FALSE,10.0079896020667,2.65268286000854,9.86390435191888,483.686564596554,116.709895318882,185.35372147764,0.099749335915228,4,0,0.948103449182188,2.16467151003309e-05,0,0.02435466539519,0.0275202387075223,"Other Atlas 3 cells","Cropland"
"DB30_3","DB30",0.0378779947424095,0.0840777719390436,1744,FALSE,9.36281061375948,2.22678147423463,9.30583528785032,551.112039108413,154.91371624987,200.842541159715,0.223124567528454,4,0.0161827635427028,0.877057466733035,0,0.0243546676561441,0.0824051020681177,0,"Other Atlas 3 cells","Cropland"
"CF77_3","CF77",0.0378727667701399,0.0835522858644246,1745,FALSE,9.33294876689286,1.66185238724836,9.3629195109158,603.48094566063,167.886017482289,214.084323668102,0.143018431808364,3,0.0678617686895026,0.923186656397131,0,0,0.00895157491336654,0,"Other Atlas 3 cells","Cropland"
"DD60_3","DD60",0.0378686754285837,0.0830267997898056,1746,FALSE,9.48309867618806,1.83655535896345,9.57547563749242,501.574050357159,135.200927797763,191.085743642771,0.342191873915268,4,0.0797163312775755,0.802389473490019,0,0.0405753147680765,0.0773188804643291,0,"Other Atlas 3 cells","Cropland"
"CD64_3","CD64",0.0378513693125627,0.0825013137151865,1747,FALSE,9.4743496900228,1.80948640834204,9.5498925606467,564.051308128882,155.412910553474,212.443520148173,0.614363865195456,4,0.168787934966855,0.55849667037259,0,0.0730640038955224,0.199651390765032,0,"Other Atlas 3 cells","Cropland"
"CC76_3","CC76",0.0378476471463487,0.0819758276405675,1748,FALSE,9.69370008389582,2.42358236253306,9.64970888953269,541.97986953269,151.709732713142,199.909929965571,0.523573024883834,5,0.0802646887448791,0.660933630973696,0.0365320013718755,0.166924952153076,0.0553447267564744,0,"Other Atlas 3 cells","Cropland"
"BE16_3","BE16",0.0377066804899951,0.0814503415659485,1749,FALSE,9.80682575390688,2.85087070425389,9.5173017675484,638.529270933044,172.288087876739,212.624139969635,0.709107494891509,5,0.0160122756290268,0.400980264979976,0.169440274150355,0.29297154703612,0.120595638204522,0,"Other Atlas 3 cells","Cropland"
"EH86_3","EH86",0.0376976540767397,0.0809248554913295,1750,FALSE,10.0039247190498,2.59288198786491,9.87453210151769,491.931355232519,118.31566975735,188.845852303357,0.094701925284201,3,0,0.950603027796991,0,0.0100027753738943,0.0393941968291142,0,"Other Atlas 3 cells","Cropland"
"BE63_3","BE63",0.0376824386318705,0.0803993694167105,1751,FALSE,9.57055194115293,2.145614101605,9.46901297565654,664.487326461778,184.809702427672,227.813429238612,0.611306255340765,4,0.252072827635001,0.535811369736472,0,0.0178460726684307,0.194269729960097,0,"Other Atlas 3 cells","Cropland"
"EH85_3","EH85",0.0375800920725876,0.0798738833420914,1752,FALSE,10.0396413974873,2.60348506476135,9.92939171228423,489.096562579849,116.908736247512,188.785959784754,0.00913113489371908,2,0,0.995413395613341,0,0.00458660438665937,0,0,"Other Atlas 3 cells","Cropland"
"BG64_3","BG64",0.0375434713176029,0.0793483972674724,1753,FALSE,10.0743765880746,2.77307253793332,9.85177504519783,660.616431580774,164.846695359731,227.847990295373,0.19561742528407,3,0,0.893696173156322,0,0.0575944915511112,0.0487093352925664,0,"Other Atlas 3 cells","Cropland"
"FG69_3","FG69",0.0373234154557803,0.0788229111928534,1754,FALSE,9.52509863320276,1.96567959457814,9.46097616732856,508.288674592915,127.939300738615,187.629970199203,0.273802235331757,3,0,0.841137474836428,0,0.13450785535661,0.024354669806962,0,"Other Atlas 3 cells","Cropland"
"BD85_3","BD85",0.0372918274611034,0.0782974251182344,1755,FALSE,9.60059073458639,2.43363003751408,9.46278058116007,607.039903297104,172.353213866986,217.862962094816,0.0643283755969646,3,0.0127072423651059,0.967004940457222,0.0202878171776724,0,0,0,"Other Atlas 3 cells","Cropland"
"BD69_3","BD69",0.0372257232929033,0.0777719390436153,1756,FALSE,9.73790062323019,2.91396141396582,9.479448523339,600.02710574379,173.22784454175,207.32889298055,0.174966755211026,2,0.0902347101657117,0.903676622922692,0,0,0.00608866691159597,0,"Other Atlas 3 cells","Cropland"
"DD22_3","DD22",0.0372243173570793,0.0772464529689963,1757,FALSE,9.34330649156569,1.58184381399055,9.47697996562547,545.811835564373,149.445690170374,205.795348087488,0.500600262443187,3,0.318180102280331,0.627021896328679,0.0547980013909896,0,0,0,"Other Atlas 3 cells","Cropland"
"DF49_3","DF49",0.0371418438736238,0.0767209668943773,1758,FALSE,9.60423922999784,2.02372298648055,9.6236083665161,509.033861984501,136.822191100984,189.670422338444,0.227592208698783,3,0,0.872916940728525,0.0365320025532864,0,0.0905510567181886,0,"Other Atlas 3 cells","Cropland"
"DE66_3","DE66",0.0371381087361015,0.0761954808197583,1759,FALSE,9.60527512862707,1.94201732465909,9.67748423601748,493.853695657918,134.433009907876,186.026155594152,0.517466618632618,3,0.312689183073149,0.0711111215813658,0,0,0,0.616199695345485,"Other Atlas 3 cells","Fresh/saltwater"
"DF05_3","DF05",0.0371206883704213,0.0756699947451393,1760,FALSE,9.34054502977648,1.78588796158077,9.33533029309517,608.190745511438,165.97798639539,219.444112010126,0.0475230343684742,2,0.0243546669883507,0.97564533301165,0,0,0,0,"Other Atlas 3 cells","Cropland"
"FG74_3","FG74",0.0370864083138009,0.0751445086705202,1761,FALSE,9.29089011239257,1.78403276605231,9.17104912745191,576.595765976945,144.445811081287,212.837629303025,0.620847167719655,4,0.097418660865633,0.551907801618357,0,0.133062365442951,0.217611172073058,0,"Other Atlas 3 cells","Cropland"
"EH88_3","EH88",0.0370543045586269,0.0746190225959012,1762,FALSE,10.0054587883656,2.66769740979704,9.84528011314976,481.407851090875,115.992508087834,184.852413247714,0.471493704448088,3,0,0.29183528206963,0,0,0,0.70816471793037,"Other Atlas 3 cells","Fresh/saltwater"
"FG67_3","FG67",0.037002837667402,0.0740935365212822,1763,FALSE,9.6069358476817,2.06761566418411,9.51649202963889,500.706199560572,125.829656841821,184.80141792988,0,1,0,1,0,0,0,0,"Other Atlas 3 cells","Cropland"
"ED10_3","ED10",0.0369811067894467,0.0735680504466632,1764,FALSE,9.59443121003494,2.21020944920875,9.57088060940121,479.444784838829,124.725098076044,182.830803661948,0.0548275332012357,2,0,0.971815169296061,0.0060886673299417,0,0.0220961633739977,0,"Other Atlas 3 cells","Cropland"
"CE71_3","CE71",0.036942401963275,0.0730425643720441,1765,FALSE,9.00608631820875,1.25722380502026,9.07363530584534,645.474695861894,181.46397757939,228.469572184552,0.527003682269495,4,0.172549806198431,0.654485982202025,0.012177333790926,0.0619314169144566,0.098855460894162,0,"Other Atlas 3 cells","Cropland"
"FG98_3","FG98",0.0368400473970433,0.0725170782974251,1766,FALSE,9.56550225314914,1.94277353873702,9.49801265563788,500.681897819427,125.100323676748,185.527691555019,0.626552022795943,3,0.235149009754386,0.493960535426132,0,0.270890454819482,0,0,"Other Atlas 3 cells","Cropland"
"CG68_3","CG68",0.036706358709952,0.0719915922228061,1767,FALSE,9.59318990482758,2.00288391438453,9.56887077829299,645.761604724188,173.892933604806,229.047784100539,0.213423990930081,4,0.0491478258240862,0.883876837267803,0,0.0182660009749392,0.0487093359331712,0,"Other Atlas 3 cells","Cropland"
"BC53_3","BC53",0.0366793350529701,0.0714661061481871,1768,FALSE,9.64441010083265,3.05516054891651,9.29755486739808,614.84042905348,178.02525072147,204.656501393577,0.571609888897108,5,0.101869109892906,0.615890897768565,0.020288673709048,0.17415878208223,0.0877925365472511,0,"Other Atlas 3 cells","Cropland"
"BD67_3","BD67",0.0366494743239143,0.070940620073568,1769,FALSE,9.67249809624022,2.75326623202323,9.44352470627585,623.495106792181,181.1867083634,215.138762222203,0.055773098415809,3,0,0.971491724704219,0,0.0107634689982005,0.0177448062975809,0,"Other Atlas 3 cells","Cropland"
"DB21_3","DB21",0.0366112669608878,0.070415133998949,1770,FALSE,9.51663110407724,2.38138386483836,9.45064576664115,525.315714730547,148.456457457956,189.341805577142,0.358679877293277,3,0.105380003563523,0.787269509856164,0.00691606804921216,0,0.100434418531101,0,"Other Atlas 3 cells","Cropland"
"CH28_3","CH28",0.0365616824266763,0.06988964792433,1771,FALSE,9.88875168940185,2.04745146510919,9.90942971309746,723.467168110111,181.135898499254,256.217499025665,0.292092997046586,3,0,0.832798488699087,0,0.0698984295107816,0.0973030817901315,0,"Other Atlas 3 cells","Cropland"
"BD97_3","BD97",0.0365421603027399,0.069364161849711,1772,FALSE,9.59891010982842,2.4789265015819,9.45792323386577,597.411910849483,170.164417573013,216.081447323428,0.169389269904832,2,0.093422375126737,0.906577624873263,0,0,0,0,"Other Atlas 3 cells","Cropland"
"CC42_3","CC42",0.0365348198591947,0.068838675775092,1773,FALSE,9.63702471994405,2.3959404217976,9.58042972924237,541.253528176332,151.22677053637,201.262845141789,0.0796461510976006,2,0,0.957702901498978,0.0422970985010219,0,0,0,"Other Atlas 3 cells","Cropland"
"CB92_3","CB92",0.0364458322185454,0.0683131897004729,1774,FALSE,9.6174827462573,2.50175547982628,9.52962957355169,538.73136827349,152.030732836033,191.082577297934,0.560175263446006,7,0.078624308170792,0.628461117484142,0.0852413390801705,0.0136126801419299,0.167264703058562,0.0267958520644035,"Other Atlas 3 cells","Cropland"
"CG01_3","CG01",0.0364038280909494,0.0677877036258539,1775,FALSE,9.88039633693536,2.20117607331192,9.83128697691857,713.731191818491,180.197991898883,250.521595882474,0.018834464972709,2,0.00950762746639413,0.990492372533606,0,0,0,0,"Other Atlas 3 cells","Cropland"
"CH09_3","CH09",0.036277161011718,0.0672622175512349,1776,FALSE,9.9453465193286,2.21574207813154,9.90910956892073,706.506468599675,174.268367437686,249.850516536606,0.37612688172919,5,0.0487093353789863,0.767750403904298,0.000147051827437059,0.00439464098223735,0.178998567907041,0,"Other Atlas 3 cells","Cropland"
"BE46_3","BE46",0.0361104724703952,0.0667367314766159,1777,FALSE,9.495529436074,2.2665420334296,9.31728319480705,668.611329226079,184.411477923045,228.760884800532,0.643347218681537,4,0,0.281787556184163,0.0838740491374031,0.502939349540682,0.131399045137752,0,"Other Atlas 3 cells","Forest"
"BD68_3","BD68",0.0357436148531852,0.0662112454019968,1778,FALSE,9.58597315903872,2.70546964855553,9.34283554808432,617.894780115438,178.143295650425,214.585868859343,0.3286243038813,4,0.0243546676474782,0.810635262420721,0,0.0780973137224035,0.0869127562093975,0,"Other Atlas 3 cells","Cropland"
"BE09_3","BE09",0.0356896623825974,0.0656857593273778,1779,FALSE,9.88960886874166,3.08406001515714,9.54851813555081,618.60993120524,167.151378628129,202.727285594781,0.738394569722373,6,0.0243546681630352,0.294317471426044,0.289349954421821,0.0287276246500328,0.077436960976344,0.285813320362724,"Other Atlas 3 cells","Cropland"
"EH74_3","EH74",0.0356871479016814,0.0651602732527588,1780,FALSE,10.0654809511235,2.59723316172001,9.96572560181432,484.343830074354,114.728963990358,188.59294828066,0,1,0,1,0,0,0,0,"Other Atlas 3 cells","Cropland"
"CF85_3","CF85",0.035640535506779,0.0646347871781398,1781,FALSE,9.36796285538322,1.76063531329952,9.37573401902077,636.268359223169,177.732700720722,224.63802860049,0.534995411860535,4,0.125798138575383,0.649833288462847,0,0.0828118043799066,0.141556768581864,0,"Other Atlas 3 cells","Cropland"
"CC25_3","CC25",0.0356369207366006,0.0641093011035208,1782,FALSE,9.73074720137463,2.74954143455119,9.5621733879741,566.240675997403,159.772048227092,206.009785295445,0.53676444290113,4,0.0758964956791108,0.615395255525981,0.199552221695561,0,0.109156027099347,0,"Other Atlas 3 cells","Cropland"
"CE34_3","CE34",0.0355353333465912,0.0635838150289017,1783,FALSE,9.17042540037922,1.39830027486131,9.23749898658954,648.499056532282,182.522245246607,230.477686816442,0.454929564226811,4,0.194837340899934,0.708202709371524,0,0.0277778870784364,0.0691820626501065,0,"Other Atlas 3 cells","Cropland"
"EF83_3","EF83",0.0355253120833765,0.0630583289542827,1784,FALSE,9.66972621081118,2.52086138945122,9.48178590798912,485.207752273929,120.014476000305,183.084457571909,0.272972983426766,3,0.124518093095606,0.842887825837133,0,0.0325940810672611,0,0,"Other Atlas 3 cells","Cropland"
"EF95_3","EF95",0.0354166613278748,0.0625328428796637,1785,FALSE,9.65150152472058,2.46685307076196,9.48314860987218,478.181712824386,115.820866552193,180.487627117415,0.0269201832186237,2,0,0.986353686519068,0.0136463134809317,0,0,0,"Other Atlas 3 cells","Cropland"
"DC22_3","DC22",0.0354138634148299,0.0620073568050447,1786,FALSE,9.46090542708209,2.0025667187708,9.5123990363765,512.665326280627,140.161759133583,194.722576378305,0.167054406075871,4,0.0399900349534311,0.910314354934061,0.0121773336428295,0.0131636091840197,0.024354667285659,0,"Other Atlas 3 cells","Cropland"
"FG71_3","FG71",0.0354082561414257,0.0614818707304256,1787,FALSE,9.66158795262177,2.18707391955842,9.5132094171601,542.214338934685,134.078714254988,202.374747145084,0.32956353812132,3,0,0.80615604750265,0,0.126596460184269,0.0672474923130809,0,"Other Atlas 3 cells","Cropland"
"FG87_3","FG87",0.0353851714912574,0.0609563846558066,1788,FALSE,9.54163995264216,1.9487015191861,9.45734854317189,504.057513335565,125.560395466482,187.16055942151,0.457728836391,4,0.130955736139244,0.716568996905588,0,0.0798624050858238,0.072612861869344,0,"Other Atlas 3 cells","Cropland"
"FG05_3","FG05",0.0353320888950875,0.0604308985811876,1789,FALSE,9.80713492703716,2.52788650917667,9.64208522363641,488.858137402457,122.257587488946,182.345766539917,0.037493793558679,2,0.0191121718938393,0.980887828106161,0,0,0,0,"Other Atlas 3 cells","Cropland"
"CE94_3","CE94",0.0353142389904265,0.0599054125065686,1790,FALSE,9.12466963177642,1.32515954401651,9.22707438897337,610.073872706528,169.583225204113,220.676807246505,0.305493142321451,6,0.073678828498849,0.828482570209362,0.018266001230731,0.030863263445775,0.0243546683076414,0,"Other Atlas 3 cells","Cropland"
"DE27_3","DE27",0.0350907493635479,0.0593799264319496,1791,FALSE,9.17193981014074,1.37827548745997,9.29755809792784,529.19401629922,144.641684618446,197.619567288175,0.420961833677742,3,0.00691606805056562,0.703764655824192,0,0.289319276125242,0,0,"Other Atlas 3 cells","Cropland"
"CF21_3","CF21",0.0350157552542051,0.0588544403573305,1792,FALSE,9.53595521168266,1.8912069383803,9.50200963184167,691.518728387541,188.435454157858,238.301543270968,0.498077627416646,3,0,0.660924919884728,0,0.108471872559038,0.230603207556234,0,"Other Atlas 3 cells","Cropland"
"EF54_3","EF54",0.0348891658021107,0.0583289542827115,1793,FALSE,9.78105420253183,2.65569455778426,9.5896455601853,470.576949921427,116.361582691483,179.944344763037,0.523968558889613,5,0.161908072166916,0.0557137437117296,0,0.00840806852252403,0,0.77397011559883,"Other Atlas 3 cells","Fresh/saltwater"
"FF52_3","FF52",0.0348364365586728,0.0578034682080925,1794,FALSE,9.34595134890145,1.81022502063105,9.28792324863844,521.879942075057,128.764823423909,194.561420718682,0.304293347880638,4,0.0666709998345797,0.827891447274757,0,0.0588998551589929,0.0465376977316703,0,"Other Atlas 3 cells","Cropland"
"BD95_3","BD95",0.0348198317768213,0.0572779821334735,1795,FALSE,9.53927867685771,2.30785872989604,9.43077919547986,589.164467722827,166.883374664407,213.956344869191,0.0475230356966316,2,0.0243546676864324,0.975645332313568,0,0,0,0,"Other Atlas 3 cells","Cropland"
"BE19_3","BE19",0.0347600611648352,0.0567524960588544,1796,FALSE,9.82683047499951,2.90714250415084,9.53667492432603,632.668797208288,172.720451724659,210.188230750227,0.681988868677649,5,0.00956228644901416,0.320505481987389,0.0740195849276304,0.424754610041358,0.171158036594608,0,"Other Atlas 3 cells","Forest"
"BD94_3","BD94",0.0347424782459802,0.0562270099842354,1797,FALSE,9.52842139327862,2.24607093968089,9.43688584545532,615.794752992127,176.001628821321,221.487962580943,0.249549223881136,2,0.146128006110356,0.853871993889644,0,0,0,0,"Other Atlas 3 cells","Cropland"
"CH08_3","CH08",0.0346383766874718,0.0557015239096164,1798,FALSE,9.97394831294106,2.22732347972431,9.94853326433717,708.517720075456,172.956688084585,250.729139906143,0.166100610630201,4,0,0.909986045050921,0.000489229497279966,0.0146206139411689,0.07490411151063,0,"Other Atlas 3 cells","Cropland"
"EF90_3","EF90",0.0346163335547012,0.0551760378349974,1799,FALSE,9.69390097115227,2.4662095715713,9.53068105605652,493.647067951238,123.040394768498,185.165728609994,0.131127228336686,2,0.0705394245898035,0.929460575410197,0,0,0,0,"Other Atlas 3 cells","Cropland"
"BG89_3","BG89",0.0345806169296487,0.0546505517603783,1800,FALSE,9.7570015601165,2.28738454063148,9.61547255477581,716.99257064499,186.692699030121,247.087472418649,0.165495685786954,2,0.0910352617810147,0.908964738218985,0,0,0,0,"Other Atlas 3 cells","Cropland"
"DD92_3","DD92",0.0344984279850237,0.0541250656857593,1801,FALSE,9.46567163643014,2.01975442921252,9.49025948076022,497.529480802082,131.817507607492,190.484575925822,0.577808839149638,6,0.112362606713443,0.148003435744842,0.0243546682633133,0.618301473237991,0.0536102030596045,0.0433676129808062,"Other Atlas 3 cells","Forest"
"FG64_3","FG64",0.0344918678383356,0.0535995796111403,1802,FALSE,9.56774644001007,2.07487305953135,9.447761294682,536.256736679555,134.520083647379,197.958297969957,0.3145767961234,3,0,0.813273751986978,0,0.036023511359091,0.150702736653931,0,"Other Atlas 3 cells","Cropland"
"BF55_3","BF55",0.0343659611509174,0.0530740935365213,1803,FALSE,9.75765058391523,2.48511309411118,9.550259020901,669.13401526058,178.785377435439,225.920323912009,0.347962744017489,4,0.0498474812186315,0.795071953662065,0.0576618930795052,0,0.0974186720397989,0,"Other Atlas 3 cells","Cropland"
"DB00_3","DB00",0.0342007205208955,0.0525486074619023,1804,FALSE,9.59704339928869,2.40872397187307,9.54337290578726,535.375890329119,150.619911429035,193.941015656401,0.149623555147554,4,0.056288928778746,0.920126630910301,0.0114071068161344,0,0.012177333494819,0,"Other Atlas 3 cells","Cropland"
"BF50_3","BF50",0.034179329424362,0.0520231213872832,1805,FALSE,9.94375801275322,2.74466462744986,9.69028189092512,647.326249633294,168.461348941713,218.994126717774,0.45565259031398,5,0.0852413380334854,0.714908149938801,0.00835618938147507,0.0697209825984022,0.121773340047836,0,"Other Atlas 3 cells","Cropland"
"BD33_3","BD33",0.0341223132146711,0.0514976353126642,1806,FALSE,9.69905706556298,2.77091993104474,9.44057902089683,589.97196614031,165.620164534741,199.458455207863,0.681502412355569,5,0.0243546680384672,0.428291836457891,0,0,0.128202727598898,0.419150767904744,"Other Atlas 3 cells","Cropland"
"BD01_3","BD01",0.0341017751801395,0.0509721492380452,1807,FALSE,9.84860665386257,3.10234687089094,9.49756005857088,624.223187984269,170.739081361803,203.410674473185,0.0785772041294207,4,0.0100498970061024,0.959554395902997,0,0.0227875583882972,0.00760814870260364,0,"Other Atlas 3 cells","Cropland"
"FG95_3","FG95",0.0340959211973612,0.0504466631634262,1808,FALSE,9.55385192729896,2.00050627247736,9.44517277777357,494.545509589388,123.540681871604,184.645514403356,0.455552980240556,5,0.170031536272772,0.713326956109082,0,0.0316324020604755,0.0362997732083955,0,"Other Atlas 3 cells","Cropland"
"CE41_3","CE41",0.0339538517698089,0.0499211770888071,1809,FALSE,9.20357157917147,1.44169049872274,9.2638675412654,664.469437429635,187.932248716074,232.432292238357,0.589229355610577,4,0.0573363783638386,0.519825871994318,0,0.364196598876493,0.0586411507653504,0,"Other Atlas 3 cells","Cropland"
"FG97_3","FG97",0.033938627496743,0.0493956910141881,1810,FALSE,9.62058220225027,2.00203563837925,9.5314626549284,492.676654295983,122.591336889043,183.065954558746,0.293336480657996,4,0.0346393471596466,0.833124623933891,0,0.0393083821732465,0.0929276467332162,0,"Other Atlas 3 cells","Cropland"
"FF28_3","FF28",0.0339264285789233,0.0488702049395691,1811,FALSE,9.64946215254489,2.32193866759927,9.55890256000939,451.464929063161,107.408763493349,170.208660025381,0.35845952417638,4,0.0904295013918309,0.791019840412394,0.012264736204222,0.0313086073143463,0.0749773146772068,0,"Other Atlas 3 cells","Cropland"
"FG24_3","FG24",0.0338595132749402,0.0483447188649501,1812,FALSE,9.82979615292531,2.47132526678884,9.68653098771155,490.750714675527,122.561892472244,182.262095663286,0.039950034095419,3,0,0.979716386759638,0,0,0.0103075416169578,0.00997607162340431,"Other Atlas 3 cells","Cropland"
"ED21_3","ED21",0.0337098891250429,0.0478192327903311,1813,FALSE,9.57783335245732,2.2647172081494,9.53805709770371,472.126840673452,121.558004727765,179.251122892776,0.503885589644249,4,0.152973955379212,0.663504315440506,0,0.00334341670072854,0.180178312479553,0,"Other Atlas 3 cells","Cropland"
"DB82_3","DB82",0.0336071393199094,0.047293746715712,1814,FALSE,9.55098509986193,2.52986985335403,9.47156833153164,474.95263861681,134.885706499789,170.58595809475,0.43803993060555,6,0.0994846777617894,0.0329777193960846,0.0579255389433608,0.0329777193961803,0.0383514684033408,0.738282876099244,"Other Atlas 3 cells","Fresh/saltwater"
"DG39_3","DG39",0.033362588327149,0.046768260641093,1815,FALSE,9.69331883312606,2.3366066328619,9.60133314380085,536.476428784908,139.974970757149,197.696971572335,0.264629357241956,4,0.070581799234071,0.849880727419981,0,0.0612714726051791,0.0182660007407691,0,"Other Atlas 3 cells","Cropland"
"BF78_3","BF78",0.0333583745596026,0.046242774566474,1816,FALSE,9.67948882702341,2.19353447844971,9.58172928144909,687.586191088259,187.24439631331,234.945445265855,0.479287089931124,5,0.0215779510401709,0.695216106998587,0.0127471510188139,0.144694847558752,0.125763943383676,0,"Other Atlas 3 cells","Cropland"
"CE15_3","CE15",0.0333228822328588,0.045717288491855,1817,FALSE,9.33935180838067,1.62969047236364,9.37179694142052,642.220165729939,180.402587756332,228.151969491443,0.229236062596055,3,0,0.867911191928146,0,0.0240147733148063,0.108074034757047,0,"Other Atlas 3 cells","Cropland"
"DH75_3","DH75",0.0332419262898811,0.0451918024172359,1818,FALSE,9.96622376815641,2.43279084481587,9.89655072671177,553.347451776124,137.673291687983,206.917932057472,0.395672044390839,3,0,0.235045197521065,0,0,0,0.764954802478936,"Other Atlas 3 cells","Fresh/saltwater"
"FF21_3","FF21",0.0332215221293703,0.0446663163426169,1819,FALSE,9.59957466698006,2.22234559985302,9.48423153519077,492.769272931224,123.216575839709,183.432999261339,0.538011556767636,4,0.146127991091284,0.647241265681788,0,0.0897938068487847,0.116836936378143,0,"Other Atlas 3 cells","Cropland"
"FF17_3","FF17",0.0332106270849719,0.0441408302679979,1820,FALSE,9.67986021231227,2.40895344347807,9.56596659622131,478.089750220156,115.938210329178,178.751582083604,0.40460723033788,4,0.156391259425189,0.751858032569757,0.0273219634812277,0,0.0644287445238263,0,"Other Atlas 3 cells","Cropland"
"CB91_3","CB91",0.0331964972556056,0.0436153441933789,1821,FALSE,9.64076070311769,2.50137706025873,9.56406061019991,535.087133673589,150.835353646803,191.612413291244,0.0862300568751596,3,0.0320809052470755,0.955234309305108,0.0126847854478164,0,0,0,"Other Atlas 3 cells","Cropland"
"BC40_3","BC40",0.0331673915095978,0.0430898581187599,1822,FALSE,9.70866004172251,3.05051305284048,9.38432953337764,620.368925351782,178.861278652864,206.389785830476,0.0812720272412415,2,0.042436904482694,0.957563095517306,0,0,0,0,"Other Atlas 3 cells","Cropland"
"FF08_3","FF08",0.0331404016920057,0.0425643720441408,1823,FALSE,9.6386280702747,2.42506633779231,9.50052312001094,468.497852653158,111.273806060532,177.094857423428,0.530944113053451,4,0,0.0260637657898614,0.0104362032112843,0.178821981245808,0.140440503504727,0.64423754624832,"Other Atlas 3 cells","Fresh/saltwater"
"BE57_3","BE57",0.0331112031216316,0.0420388859695218,1824,FALSE,9.48871477367589,2.19412053191641,9.35043123102092,646.352286542203,178.87142881668,223.875203394622,0.65373026994794,4,0.148263646654347,0.450146163558665,0,0.065932519191606,0.335657670595383,0,"Other Atlas 3 cells","Cropland"
"DB60_3","DB60",0.0330478165022663,0.0415133998949028,1825,FALSE,9.50093754096619,2.41072072996363,9.43625919612796,519.763932101987,146.160897559493,189.603620181828,0.0355519493992693,2,0.0181037193540863,0.981896280645914,0,0,0,0,"Other Atlas 3 cells","Cropland"
"BC52_3","BC52",0.0330460270263259,0.0409879138202838,1826,FALSE,9.68218933271973,3.06102950108758,9.34925561601443,614.557641445781,179.020453670235,205.058521888833,0.51261182817213,5,0.240429564880964,0.652302345154986,0,0.0472731197816485,0.0349472621993776,0.0250477079830237,"Other Atlas 3 cells","Cropland"
"CF22_3","CF22",0.0330125007809164,0.0404624277456647,1827,FALSE,9.43692780986084,1.7935859310689,9.40661185497368,690.999876670035,188.642525560379,238.693948895778,0.436782488693321,5,0.0730640031323055,0.734880158616797,0.00501658930042281,0.0961249456125011,0.0909143033379732,0,"Other Atlas 3 cells","Cropland"
"BF86_3","BF86",0.0329220748195315,0.0399369416710457,1828,FALSE,9.64009444092199,2.11513502707377,9.55421211684458,695.802160320785,188.594118039829,237.99386344259,0.154167897026871,3,0.0612097418734344,0.917402883514166,0,0.0213873746124001,0,0,"Other Atlas 3 cells","Cropland"
"DE28_3","DE28",0.0328016824367688,0.0394114555964267,1829,FALSE,9.35817729991909,1.55050044667524,9.48982017229612,504.830982001987,136.949087531061,189.567559954121,0.549233063439585,4,0.239940209730591,0.614147478796932,0,0.124789085822271,0.021123225650206,0,"Other Atlas 3 cells","Cropland"
"BC42_3","BC42",0.0325841852546465,0.0388859695218077,1830,FALSE,9.71346385980922,3.13963069610144,9.35569536633975,613.080629494135,176.92888613244,201.280532769565,0.238201862836453,5,0.045961484495204,0.86939600431658,0.00543741713527093,0.0212998447964937,0.0579052492564513,0,"Other Atlas 3 cells","Cropland"
"FF05_3","FF05",0.0325031357355041,0.0383604834471886,1831,FALSE,9.75147764259042,2.5277587342801,9.60387389200908,442.790834031012,108.135190355795,166.67985857898,0.209193464501214,2,0.118682195866239,0.88131780413376,0,0,0,0,"Other Atlas 3 cells","Cropland"
"BC71_3","BC71",0.0323897374661838,0.0378349973725696,1832,FALSE,9.74811831705098,2.94933027596888,9.49126932319615,588.75747470696,170.560138697843,205.767038912696,0.644476744541905,5,0.121773338367422,0.245749057391838,0,0,0.084793932089588,0.547683672151153,"Other Atlas 3 cells","Fresh/saltwater"
"ED11_3","ED11",0.0323612162890606,0.0373095112979506,1833,FALSE,9.49327112790767,2.13339039364833,9.47065503752474,490.731739777216,128.318811552534,187.069442141288,0.392090587774299,3,0,0.754180386091651,0.00608866732950943,0.191021607942764,0.0487093386360754,0,"Other Atlas 3 cells","Cropland"
"CH39_3","CH39",0.0323611247369892,0.0367840252233316,1834,FALSE,9.80244893625273,1.9687590911861,9.82167682875064,723.287483180815,185.332556549586,255.822785022239,0.181790614240106,2,0.101120703871525,0.898879296128474,0,0,0,0,"Other Atlas 3 cells","Cropland"
"DE38_3","DE38",0.0323417604683244,0.0362585391487126,1835,FALSE,9.30107573484465,1.52488834905505,9.42204180955181,531.772184136014,144.812830331191,199.825270721165,0.262862141438671,2,0.155823136038613,0.844176863961387,0,0,0,0,"Other Atlas 3 cells","Cropland"
"DF30_3","DF30",0.0322931983357519,0.0357330530740935,1836,FALSE,9.70635041548959,2.33432280587194,9.62398953841,542.524998194256,142.689413283643,199.65693116726,0.155104248489185,4,0.0505125669019698,0.916693155057094,0,0.00752245297159296,0.0252718250693436,0,"Other Atlas 3 cells","Cropland"
"FG85_3","FG85",0.0322376003890001,0.0352075669994745,1837,FALSE,9.42748104432179,1.88988291609315,9.32010936553062,486.400169120498,120.274670541831,182.638972567779,0.499371261465327,4,0.146128018813817,0.66766324171153,0.00317247501423881,0.1828404928043,0.000195771656113661,0,"Other Atlas 3 cells","Cropland"
"BD40_3","BD40",0.0320331625780284,0.0346820809248555,1838,FALSE,9.56017277882273,2.4274424824341,9.37434788805417,664.741405674722,186.516953795384,227.012095986431,0.36765448781023,4,0.087545524063279,0.78111857983756,0,0.120030153839655,0.0113057422595065,0,"Other Atlas 3 cells","Cropland"
"EH78_3","EH78",0.0319878109044732,0.0341565948502365,1839,FALSE,10.0217974850802,2.67856480687656,9.86262888519465,480.143325479947,115.812197128952,183.900459181092,0.362250898712387,4,0,0.197270758041802,0.000144894524303316,0,0,0.802584347433895,"Other Atlas 3 cells","Fresh/saltwater"
"FF32_3","FF32",0.0319112169250999,0.0336311087756174,1840,FALSE,9.5770508333232,2.14192853884153,9.47825674359059,493.71598485309,123.332199107216,183.825080256309,0.279264681994755,3,0,0.837250957273748,0,0.0243546691391772,0.138394373587075,0,"Other Atlas 3 cells","Cropland"
"DB12_3","DB12",0.0318793707212002,0.0331056227009984,1841,FALSE,9.60134189907652,2.48263110589884,9.5253687498017,521.028859080848,147.940963396232,185.57590017224,0.0892924298571228,2,0.0362817400348601,0.953215079555443,0,0,0.0105031804096967,0,"Other Atlas 3 cells","Cropland"
"CG21_3","CG21",0.0318240530718558,0.0325801366263794,1842,FALSE,9.61893523881511,1.8512509373051,9.6169163042248,752.77130050863,194.623190937226,264.45084747612,0.0437136910715705,2,0.0223566660527809,0.977643333947219,0,0,0,0,"Other Atlas 3 cells","Cropland"
"BE51_3","BE51",0.031764755032143,0.0320546505517604,1843,FALSE,9.62474547291556,2.29250655430432,9.46296672049185,680.959254470042,187.970188749782,231.09111452422,0.468323452912656,4,0.0758118542711168,0.707462542187641,0,0.127615111446629,0.0891104920946127,0,"Other Atlas 3 cells","Cropland"
"CF17_3","CF17",0.0316768740389608,0.0315291644771414,1844,FALSE,9.40504431442072,1.72726190460914,9.39956357402494,698.71389673496,194.202436155819,239.626367174995,0.229689380995811,4,0.00296729314291284,0.868223932412556,0,0.00593458628569686,0.122874188158834,0,"Other Atlas 3 cells","Cropland"
"CD68_3","CD68",0.0315066606652476,0.0310036784025223,1845,FALSE,9.48772216425178,1.94909396116565,9.52647120562586,549.761737205074,152.298300924111,207.630941098946,0.370133658972331,4,0.183859190982153,0.771396960310326,0.024354667966249,0.0203891807412723,0,0,"Other Atlas 3 cells","Cropland"
"BE70_3","BE70",0.0313365543153303,0.0304781923279033,1846,FALSE,9.64231620955353,2.14299313911928,9.55606671093205,692.062194460489,191.532366830687,236.325329868378,0.102804372734235,3,0,0.946043479163305,0,0.00772066804607683,0.0462358527906178,0,"Other Atlas 3 cells","Cropland"
"BC60_3","BC60",0.0311751248739917,0.0299527062532843,1847,FALSE,9.64850834795551,2.87229063414521,9.37079010285627,625.651372191234,182.043961147862,214.59841584715,0.171354517007055,3,0.0487093352957614,0.906046601466606,0.026754360118255,0,0.0184897031193777,0,"Other Atlas 3 cells","Cropland"
"CC78_3","CC78",0.0311649823637626,0.0294272201786653,1848,FALSE,9.6580623794057,2.46155300814558,9.59457408670678,544.398176432889,152.266794700003,198.423899653828,0.729541382081078,6,0.168855835596344,0.378913869283329,0.161409104880174,0.262787588447042,0.0243546675818087,0.00367893421130198,"Other Atlas 3 cells","Cropland"
"BD99_3","BD99",0.0311273340896599,0.0289017341040462,1849,FALSE,9.74228899558648,2.70998173558927,9.56399038957861,587.387362415471,168.852260477514,211.186279053618,0.464854868669589,6,0,0.120500775775361,0.0182331851362529,0.024354667685028,0.0482851478200763,0.788626223583283,"Other Atlas 3 cells","Fresh/saltwater"
"GG06_3","GG06",0.0310184504481355,0.0283762480294272,1850,FALSE,9.64121722546186,2.06172523334099,9.53679575994387,489.250156044789,121.035306659203,183.172444816754,0.341472205231198,4,0.0487093353712956,0.802329172560626,0,0.100252156696782,0.0487093353712956,0,"Other Atlas 3 cells","Cropland"
"FF42_3","FF42",0.0309548579885698,0.0278507619548082,1851,FALSE,9.52224194657859,2.03022229512862,9.44757653345886,496.330058663449,123.585365409751,184.731179144961,0.238384609631039,4,0.073064000840074,0.867907706574163,0,0.0547241180955552,0.00430417449020726,0,"Other Atlas 3 cells","Cropland"
"FG25_3","FG25",0.0308892766891032,0.0273252758801892,1852,FALSE,9.7563582265316,2.39259543974296,9.61422629976393,496.280280777907,125.011950669054,183.71694378976,0,1,0,1,0,0,0,0,"Other Atlas 3 cells","Cropland"
"BD28_3","BD28",0.0307893413803747,0.0267997898055702,1853,FALSE,9.66374963738781,3.05192460490269,9.29407289646787,621.869785081029,174.767840196301,204.29198346007,0.219467421848422,3,0.0758917319972467,0.879058317236097,0,0,0.0450499507666564,0,"Other Atlas 3 cells","Cropland"
"EH83_3","EH83",0.0307482640238486,0.0262743037309511,1854,FALSE,10.0735261163183,2.56724655157096,9.99368203457814,486.106308001627,114.655486371052,190.026709671176,0.397304609293751,4,0,0.760553620377065,0.130589115990955,0,0,0.10885726363198,"Other Atlas 3 cells","Cropland"
"EH76_3","EH76",0.030657845275618,0.0257488176563321,1855,FALSE,10.0146014386277,2.631221344341,9.88469319887513,492.111621165903,118.436634149926,188.615678844968,0.137068550538948,3,0.0667922149037228,0.926512505430718,0,0.00669527966555884,0,0,"Other Atlas 3 cells","Cropland"
"BE52_3","BE52",0.0305622258101151,0.0252233315817131,1856,FALSE,9.59604014529869,2.25238669026101,9.44687190841287,657.553198514504,181.911789027058,223.814619460947,0.50844785408279,4,0.0875640612396212,0.642390138385406,0,0.00403511247381557,0.266010687901157,0,"Other Atlas 3 cells","Cropland"
"BE67_3","BE67",0.0305200225966492,0.0246978455070941,1857,FALSE,9.45994954039806,2.09265357573708,9.35736813286332,663.966226052061,184.950345871284,231.112733970039,0.246357793427304,5,0.0554387491827412,0.864560543119386,0,0.0157967798004184,0.0503366505589508,0,"Other Atlas 3 cells","Cropland"
"CF15_3","CF15",0.0304922116650628,0.024172359432475,1858,FALSE,9.41541811147013,1.76840837776017,9.39376879446628,708.969636062532,195.315042496232,242.917009078886,0.605543833384976,5,0.375272995875295,0.495989143695461,0.019439442154865,0.0750119358602395,0.0342864824141392,0,"Other Atlas 3 cells","Cropland"
"FH03_3","FH03",0.0304288108902153,0.023646873357856,1859,FALSE,10.0483115156226,2.52201677241862,9.96319710282731,496.097818284815,117.764897391663,193.098148873744,0,1,0,1,0,0,0,0,"Other Atlas 3 cells","Cropland"
"BD79_3","BD79",0.030370858750236,0.023121387283237,1860,FALSE,9.69904520731592,2.80308502024715,9.46124725334436,597.55805731055,173.470749129515,209.36685100717,0.0217773302635198,3,0.00586496453463228,0.989020786630058,0,0,0.00511424883530993,0,"Other Atlas 3 cells","Cropland"
"BE56_3","BE56",0.0301843039499264,0.022595901208618,1861,FALSE,9.38752528238979,2.08337581275793,9.24468313388147,680.013773640603,188.614483224835,234.084131741091,0.557275866868683,4,0.0465736974135842,0.606295440469905,0,0.250693665204444,0.0964371969120665,0,"Other Atlas 3 cells","Cropland"
"CE06_3","CE06",0.0300682302385293,0.022070415133999,1862,FALSE,9.41752697388335,1.77992421998741,9.4312024650538,643.092247205,180.537065072193,228.646085755597,0.190596668222578,2,0.10667867348857,0.89332132651143,0,0,0,0,"Other Atlas 3 cells","Cropland"
"BD60_3","BD60",0.0299592202942478,0.0215449290593799,1863,FALSE,9.57039762017532,2.28374381943657,9.44743130596678,632.853235775868,177.892848488467,220.841616849911,0.245043835587222,3,0.0369794062383672,0.863027081395653,0.0071523854161642,0,0.0928411269498156,0,"Other Atlas 3 cells","Cropland"
"BD03_3","BD03",0.0299508678813972,0.0210194429847609,1864,FALSE,9.74165527378382,3.06782802489534,9.36847227951856,615.552316472281,167.969965890151,201.037937027978,0.0926734737660433,2,0.0487093363285939,0.951290663671406,0,0,0,0,"Other Atlas 3 cells","Cropland"
"BE83_3","BE83",0.0298965886605917,0.0204939569101419,1865,FALSE,9.43101101300455,1.87894199838058,9.39324954740765,666.867423714736,186.570650863965,230.989081975654,0.336766328800044,4,0.0356921455130959,0.803878418474698,0,0.0423304977445709,0.118098938267635,0,"Other Atlas 3 cells","Cropland"
"EE29_3","EE29",0.0297378649997791,0.0199684708355229,1866,FALSE,9.53731076819035,2.21073614078067,9.48079045559209,479.699382296146,122.007086837822,184.06579425592,0.00445513662993702,2,0.00223255260610744,0.997767447393892,0,0,0,0,"Other Atlas 3 cells","Cropland"
"FG35_3","FG35",0.029661198888209,0.0194429847609038,1867,FALSE,9.74472165770728,2.3521448687387,9.6100207200196,502.062288795424,126.612752747063,185.212293414789,0,1,0,1,0,0,0,0,"Other Atlas 3 cells","Cropland"
"CE76_3","CE76",0.0292130022612186,0.0189174986862848,1868,FALSE,9.21100593449422,1.3836412109092,9.3305528889728,593.720697402597,165.363366327318,215.927030045225,0.493526072449199,4,0.0487093351629983,0.677096419554301,0,0.0736521670796586,0.200542078203042,0,"Other Atlas 3 cells","Cropland"
"BF76_3","BF76",0.0292108566587661,0.0183920126116658,1869,FALSE,9.70871147263336,2.25386057759492,9.58500771722377,677.146356042693,182.912577080527,230.773723892306,0.293141858429533,3,0,0.830301516149386,0,0.123956441645437,0.0457420422051771,0,"Other Atlas 3 cells","Cropland"
"CG00_3","CG00",0.0290015841750933,0.0178665265370468,1870,FALSE,9.91612339031684,2.21546871239769,9.87221782829558,710.924498503958,177.167953291832,250.963756221884,0.108206587165243,2,0.0487093353780364,0.942825090833281,0.00846557378868219,0,0,0,"Other Atlas 3 cells","Cropland"
"BG77_3","BG77",0.0289207444412921,0.0173410404624277,1871,FALSE,9.98149205735388,2.59710514934846,9.80210574237096,676.477724926479,173.274837598432,232.884799688235,0.0872007647190998,4,0.03119699700474,0.954776986026334,0.0131802328488475,0,0.000845784120078855,0,"Other Atlas 3 cells","Cropland"
"BE41_3","BE41",0.028911399992335,0.0168155543878087,1872,FALSE,9.67604730908275,2.44109456337648,9.48096226163297,671.639631007979,185.092238845383,226.063758782733,0.107975382988826,2,0.0572672267545726,0.942732773245427,0,0,0,0,"Other Atlas 3 cells","Cropland"
"BC41_3","BC41",0.0287768796764868,0.0162900683131897,1873,FALSE,9.72590950410732,3.10989323731059,9.38187357529286,614.634033383652,177.170593684328,203.186060169045,0.455845153649602,3,0.347780051887205,0.650539050667606,0,0.00168089744518877,0,0,"Other Atlas 3 cells","Cropland"
"CC84_3","CC84",0.0285400858181502,0.0157645822385707,1874,FALSE,9.66999158073689,2.28341379511407,9.67195575602056,539.551527750712,149.487039399001,201.939956156172,0.606113904572298,5,0.0579577940446934,0.230342289319197,0.000442198222377178,0,0.0974186703009372,0.613839048112794,"Other Atlas 3 cells","Fresh/saltwater"
"DE04_3","DE04",0.0283934931381177,0.0152390961639517,1875,FALSE,9.20431447568495,1.42187856484756,9.30588380068337,558.009445698139,154.696086740079,202.683064711153,0.427163846745331,5,0.112274312413869,0.735987988170838,0.00976289217810775,0.00650859478544148,0.135466212451743,0,"Other Atlas 3 cells","Cropland"
"EH87_3","EH87",0.0281262173778308,0.0147136100893326,1876,FALSE,9.97242467162445,2.60686036219132,9.8332807940306,492.456839115106,118.790122746411,188.575415289811,0.106797636605883,3,0,0.943770898697276,0,0.0318744327097491,0.0243546685929749,0,"Other Atlas 3 cells","Cropland"
"FF65_3","FF65",0.0280627662583168,0.0141881240147136,1877,FALSE,9.5745411215551,1.95890265210627,9.5653183750531,487.119264691128,117.997788477186,183.544463970074,0.284691302371382,5,0.147752535905638,0.832654464235833,0,0.011455561070644,0.00428098779949564,0.00385645098838903,"Other Atlas 3 cells","Cropland"
"CC23_3","CC23",0.0280617254794714,0.0136626379400946,1878,FALSE,9.75049700228256,2.69848324714317,9.61388707094453,562.474140901287,158.868495068253,206.31089882345,0.429122909176117,3,0,0.176845365237517,0.094709023564699,0,0,0.728445611197785,"Other Atlas 3 cells","Fresh/saltwater"
"BC30_3","BC30",0.0278727219287719,0.0131371518654756,1879,FALSE,9.75732810737682,3.16119235417846,9.40183440015615,612.998511649583,175.568779940072,200.472878158155,0.250445664164378,3,0.121879289794346,0.85688315468945,0,0,0.0212375555162041,0,"Other Atlas 3 cells","Cropland"
"BD38_3","BD38",0.027810642187539,0.0126116657908565,1880,FALSE,9.75802674283111,3.08301816012206,9.42818752418514,574.195555689612,164.682930033236,190.500813332284,0.483825302063,3,0,0.64221132695591,0,0,0,0.357788673044091,"Other Atlas 3 cells","Cropland"
"EE19_3","EE19",0.0276478026042983,0.0120861797162375,1881,FALSE,9.57607939913519,2.19276894043007,9.54116572944663,479.799777048576,123.627000050078,184.526605571697,0.221583990289632,3,0.0708314550626148,0.877937524683763,0,0,0.0512310202536216,0,"Other Atlas 3 cells","Cropland"
"FG73_3","FG73",0.0273381426276109,0.0115606936416185,1882,FALSE,9.60627793059381,2.09191471083501,9.47903976039651,526.123455418136,130.566489098586,196.142952840369,0.0475230310011083,2,0.0243546652184571,0.975645334781543,0,0,0,0,"Other Atlas 3 cells","Cropland"
"CD16_3","CD16",0.0271744418139007,0.0110352075669995,1883,FALSE,9.61079142594551,2.30855074349685,9.54764342376989,562.834022374689,159.342797095032,207.333881220991,0.612981734335748,4,0,0.416569617707522,0,0.0730640032417888,0.0578094954006089,0.45255688365008,"Other Atlas 3 cells","Fresh/saltwater"
"BE79_3","BE79",0.0269159093047138,0.0105097214923805,1884,FALSE,9.56465856270317,2.17553361311886,9.47797284420774,644.706104342986,182.505159216289,225.526854916387,0.164595070911364,4,0.0128127633732311,0.909020061525456,0,0.00510317208060795,0.0730640030207048,0,"Other Atlas 3 cells","Cropland"
"FG84_3","FG84",0.0268182840284679,0.00998423541776143,1885,FALSE,9.35231966747389,1.82930150947205,9.23435201432393,528.78227179594,133.542592389738,195.278374634762,0.408688090103447,3,0,0.737117538874651,0,0.213343762868673,0.0495386982566762,0,"Other Atlas 3 cells","Cropland"
"BE43_3","BE43",0.0267736386850107,0.00945874934314241,1886,FALSE,9.50042363402203,2.25056578395328,9.31977192523403,665.122388613435,182.303831364593,227.171751777936,0.266227143585867,3,0.0552573726120358,0.849371034851864,0,0,0.0953715925360999,0,"Other Atlas 3 cells","Cropland"
"FG61_3","FG61",0.0267537732757306,0.00893326326852338,1887,FALSE,9.86060559214904,2.38899291211205,9.71399070300669,499.913202621881,123.218424668725,187.512336144205,0.118529468718726,3,0.0157483197430496,0.935666691127998,0.0275350850424843,0,0,0.0210499040864677,"Other Atlas 3 cells","Cropland"
"CF01_3","CF01",0.0266685046073985,0.00840777719390436,1888,FALSE,9.47932407749096,1.88570544003152,9.41077281507954,734.285858548042,196.814052876015,252.506304212455,0.448166039406187,5,0.121773338451556,0.726448055640203,0.0204376376167263,0.0640474914806496,0.0672934768108648,0,"Other Atlas 3 cells","Cropland"
"BH96_3","BH96",0.0265262209968065,0.00788229111928534,1889,FALSE,10.0699411361823,2.34034856238577,10.0282533690224,684.598696769908,160.978881934539,244.248634637467,0.636345077378361,5,0.210301292872321,0.521393046096772,0.00710028591297812,0.212496039744915,0.0487093353730143,0,"Other Atlas 3 cells","Cropland"
"CE95_3","CE95",0.0261699546400802,0.00735680504466632,1890,FALSE,9.10609657265086,1.29929527283518,9.22558258896757,605.040057381336,167.283828398304,219.999980613835,0.478944135722412,5,0.136803769780023,0.701023933911162,0.0243546683086999,0.0891082913827144,0.0487093366173999,0,"Other Atlas 3 cells","Cropland"
"DE50_3","DE50",0.0258133489685784,0.00683131897004729,1891,FALSE,9.63711568150061,2.05124115145674,9.66699408376556,486.235698653361,128.707148709252,183.766129712118,0.442987704411306,4,0.0248105931139408,0.703189436802418,0,0,0,0.271999970083641,"Other Atlas 3 cells","Cropland"
"DE39_3","DE39",0.0258112253455321,0.00630583289542827,1892,FALSE,9.30082584723916,1.53048647391807,9.42620107074753,532.973860992422,145.421253868735,199.662718494982,0.198448545036325,3,0.0836131473494534,0.890228953401684,0.0261578992488631,0,0,0,"Other Atlas 3 cells","Cropland"
"BD89_3","BD89",0.0255293441750485,0.00578034682080925,1893,FALSE,9.76918681718887,2.80729254754326,9.56363535605128,569.112763459255,165.203298027186,201.793145647726,0.494625621036299,4,0.194837342131914,0.104487409862551,0,0,0.025512849184806,0.675162398820729,"Other Atlas 3 cells","Fresh/saltwater"
"BE72_3","BE72",0.0253703002996465,0.00525486074619023,1894,FALSE,9.4678284428781,1.96894236921529,9.3934664400682,703.195663695265,195.252393101001,241.817645185208,0.359348700034106,4,0.036672676978385,0.789125967180479,0,0.113686072991555,0.0605152828495813,0,"Other Atlas 3 cells","Cropland"
"FG96_3","FG96",0.0253263755128729,0.0047293746715712,1895,FALSE,9.58848066148222,2.00802049524147,9.48727264356284,490.488655978811,121.480348023856,183.035183460745,0.456922755481443,4,0.110206856131722,0.716901471542062,0,0.0569747819669035,0.115916890359312,0,"Other Atlas 3 cells","Cropland"
"GG07_3","GG07",0.024960831212272,0.00420388859695218,1896,FALSE,9.63631833247407,2.02091344135587,9.54801904096092,496.564516440019,122.870933354754,185.249950214672,0.247341717591444,4,0.0513166268595694,0.862039031612003,0,0.00357312527690906,0.0830712162515184,0,"Other Atlas 3 cells","Cropland"
"CH65_3","CH65",0.0221924231130641,0.00367840252233316,1897,FALSE,9.96292936256374,1.984586160756,10.057313374788,657.698025296538,163.563388036097,239.227682118833,0.652319259986422,6,0.0888445010131583,0.0120256412218569,0.0987978659106964,0.225743256004335,0,0.574588735849953,"Other Atlas 3 cells","Fresh/saltwater"
"BD23_3","BD23",0.0219493895305459,0.00315291644771414,1898,FALSE,9.54579018838793,2.70593404632762,9.24941203153204,641.310107677146,179.276506137652,214.049477877796,0.0945400147905879,2,0,0.950255474819248,0,0,0,0.0497445251807525,"Other Atlas 3 cells","Cropland"
"GF12_3","GF12",0.021627348145762,0.00262743037309511,1899,FALSE,9.61765285740753,1.87049062914191,9.61544757714728,483.87685544098,119.343636383657,181.74995168205,0.450506198832231,2,0.34268852367394,0,0,0,0,0.65731147632606,"Other Atlas 3 cells","Fresh/saltwater"
"FH53_3","FH53",0.0211875797246903,0.00210194429847609,1900,FALSE,9.96459297169771,2.414888723015,9.86944048617362,496.317595677808,117.725725874622,194.168640627116,0.48897905168057,4,0.0811052938812989,0.683546896763938,0,0.186638474799312,0.0487093345554514,0,"Other Atlas 3 cells","Cropland"
"GG05_3","GG05",0.0209387334955985,0.00157645822385707,1901,FALSE,9.66355286528684,2.11252541917925,9.55600437143645,495.482093554887,123.509458678912,184.414323549317,0.639696409094208,5,0.107801612162675,0.432069672916311,0,0.400171884627688,0.0243546676850092,0.0356021626083172,"Other Atlas 3 cells","Cropland"
"DF50_3","DF50",0.0209327644425796,0.00105097214923805,1902,FALSE,9.66986857380157,2.35958605926751,9.56194625143876,513.310756374217,133.636795171911,191.745406415932,0.091636630870894,2,0.0481353249427955,0.951864675057205,0,0,0,0,"Other Atlas 3 cells","Cropland"
"BD17_3","BD17",0.0168192334401665,0.000525486074619023,1903,FALSE,9.67646238111881,3.06866656537997,9.29726286033277,667.939316331249,187.763781219278,216.251489613184,0.465918559443751,4,0.0169410152542819,0.287461162238927,0,0,0,0.695597822506791,"Other Atlas 3 cells","Fresh/saltwater"
"CH25_3","CH25",0.0161575702691279,0,1904,FALSE,9.89779250677077,1.96413425487491,9.95488457345007,734.86008699396,176.450820517411,264.165599898714,0.621121658266655,5,0.00983045117069866,0.521886259297443,0.300147498241505,0.109596004698221,0.058539786592132,0,"Other Atlas 3 cells","Cropland"
