atlas,survey,beta_turnover,site,X,Y
1,AD90_1,0.43747780368512107,AD90,447500.0709493527,6252499.57832838
1,BD19_1,0.23812730394544152,BD19,457500.063487968,6297499.744964002
1,DC09_1,0.19125039386462073,DC09,552499.6781305044,6347499.774804628
1,DB11_1,0.17503422079155442,DB11,557499.6898730142,6357499.755865983
1,DB13_1,0.27607996606095014,DB13,557499.6790873646,6367499.744899912
1,DB14_1,0.1964051467021545,DB14,557499.6920318474,6372499.795985679
1,DB15_1,0.19115381908931395,DB15,557499.6776623846,6377499.772861233
1,DB16_1,0.1824678284103235,DB16,557499.6934591797,6382499.787658613
1,BD20_1,0.20908218129590933,BD20,462500.0521724849,6252499.692892568
1,DB20_1,0.24404551174721528,DB20,562499.6596629414,6352499.822055593
1,DB21_1,0.3034521983180273,DB21,562499.6778171846,6357499.774650563
1,DB22_1,0.3175518892775189,DB22,562499.6515363256,6362499.764446196
1,DB23_1,0.264302613974943,DB23,562499.6400820935,6367499.792328508
1,DB24_1,0.16631312927146027,DB24,562499.6441820732,6372499.746949654
1,DB25_1,0.17121339845179467,DB25,562499.6611575983,6377499.739594084
1,DB26_1,0.17191611997329398,DB26,562499.6900292314,6382499.770230629
1,DB31_1,0.2798807834922723,DB31,567499.6497347835,6357499.773935058
1,DB32_1,0.19351553149682207,DB32,567499.649767541,6362499.788996397
1,BD21_1,0.23139814554292143,BD21,462500.04652625887,6257499.613366459
1,DB33_1,0.19815817736789046,DB33,567499.6483663965,6367499.730884405
1,DB34_1,0.21598159284334761,DB34,567499.6427126657,6372499.710880268
1,DB35_1,0.18691287279277632,DB35,567499.6318198992,6377499.728951592
1,DB36_1,0.210709746802765,DB36,567499.676348217,6382499.674741831
1,DB40_1,0.21598443788437557,DB40,572499.6344654928,6352499.8530826
1,DB41_1,0.23854113215610775,DB41,572499.6216895938,6357499.864695008
1,DB42_1,0.22046849101169366,DB42,572499.5906535387,6362499.80320541
1,DB43_1,0.16581791638278295,DB43,572499.5984189146,6367499.780956781
1,DB44_1,0.21564767591681921,DB44,572499.5838254265,6372499.796851205
1,DB45_1,0.18072434159416106,DB45,572499.6077339851,6377499.740606079
1,BD22_1,0.24684925565413463,BD22,462500.04672205047,6262499.682150681
1,DB46_1,0.3940084403527178,DB46,572499.6071544627,6382499.722435604
1,DB52_1,0.20797575440160712,DB52,577499.5523310879,6362499.807698655
1,DB53_1,0.19445656442148065,DB53,577499.5700187528,6367499.831857608
1,DB54_1,0.22910072956920208,DB54,577499.5493575014,6372499.782863706
1,DB55_1,0.18129528564896494,DB55,577499.5492296974,6377499.66181914
1,DB56_1,0.17418055916583697,DB56,577499.5641771164,6382499.691316109
1,DB57_1,0.19540907450099218,DB57,577499.537492288,6387499.64755162
1,DB60_1,0.17124649564166244,DB60,582499.5631405126,6352499.870773819
1,DB62_1,0.17860317892747693,DB62,582499.4927491389,6362499.801014301
1,DB63_1,0.2019557773711765,DB63,582499.5234498292,6367499.770816479
1,DB64_1,0.19300066516889916,DB64,582499.4955886239,6372499.778775646
1,DB65_1,0.19859590250433676,DB65,582499.4702860015,6377499.714756137
1,DB66_1,0.2147641089572353,DB66,582499.5038627629,6382499.691246823
1,DB67_1,0.2102469650882127,DB67,582499.4776775325,6387499.594470724
1,DB68_1,0.3859876321007855,DB68,582499.4481154357,6392499.536917151
1,DB70_1,0.2169899420841036,DB70,587499.5384229121,6352499.942973814
1,DB71_1,0.2713062869198725,DB71,587499.4899705768,6357499.898755164
1,DB72_1,0.17401376886172387,DB72,587499.4900431393,6362499.784009084
1,DB73_1,0.20324016986381832,DB73,587499.4724052523,6367499.8200299665
1,DB74_1,0.1795864257451262,DB74,587499.4405852477,6372499.784163884
1,DB75_1,0.23153855556086395,DB75,587499.4508390957,6377499.788968703
1,DB77_1,0.21042345802214626,DB77,587499.4197526195,6387499.582648063
1,DB78_1,0.197081971109468,DB78,587499.3735523641,6392499.482754864
1,DB79_1,0.24682068734985738,DB79,587499.3020525747,6397499.533405255
1,DB80_1,0.28645043000699877,DB80,592499.4685152426,6352499.8696485795
1,BD26_1,0.22524645834533158,BD26,462500.0396707308,6282499.770858137
1,DB81_1,0.22442031089280182,DB81,592499.4687914647,6357499.903263027
1,DB82_1,0.18020214208396612,DB82,592499.4395459738,6362499.8651057985
1,DB83_1,0.2009658566144661,DB83,592499.43704912,6367499.867802329
1,DB89_1,0.20556466746068847,DB89,592499.276854376,6397499.389086184
1,DC00_1,0.2346330953968282,DC00,552499.7981343176,6302499.822003722
1,DC01_1,0.16753553930887477,DC01,552499.82723216,6307499.828336293
1,DC02_1,0.1681662600208848,DC02,552499.7944827778,6312499.871378481
1,BD27_1,0.18590268440802385,BD27,462500.0084153306,6287499.80222181
1,DC03_1,0.19689021393142633,DC03,552499.7615257066,6317499.840557125
1,DC04_1,0.2039524277067725,DC04,552499.7262227507,6322499.847153073
1,DC05_1,0.25332430710147863,DC05,552499.6892463007,6327499.779825433
1,DC10_1,0.1743964013842984,DC10,557499.8206087413,6302499.8354761265
1,DC11_1,0.21597966896699608,DC11,557499.7664055785,6307499.841569215
1,DC12_1,0.19664177326756033,DC12,557499.7547180243,6312499.886004784
1,DC13_1,0.24360696993487843,DC13,557499.7253695964,6317499.856604637
1,DC14_1,0.21289456965195358,DC14,557499.73675981,6322499.865488209
1,DC15_1,0.19371085754867381,DC15,557499.7273178204,6327499.9117859565
1,BD28_1,0.18516318107666505,BD28,462500.04522956035,6292499.758577253
1,DC16_1,0.17650786666324256,DC16,557499.6978451451,6332499.884155993
1,DC17_1,0.17520977181519679,DC17,557499.7080623058,6337499.783408084
1,DC18_1,0.197421630515708,DC18,557499.693518839,6342499.831295908
1,DC19_1,0.19364678428103618,DC19,557499.6565704292,6347499.805162802
1,DC20_1,0.19387251903021605,DC20,562499.7978840575,6302499.938668321
1,DC21_1,0.1809337376601504,DC21,562499.7828758188,6307499.956366545
1,DC22_1,0.18646217354851968,DC22,562499.7944753097,6312499.901183143
1,DC23_1,0.217079557159649,DC23,562499.7692934149,6317499.883481737
1,DC24_1,0.3034295497413962,DC24,562499.7065775642,6322499.903231546
1,DC25_1,0.29973238160709076,DC25,562499.7284663095,6327499.850920295
1,BD29_1,0.21729918201229026,BD29,462500.0292985126,6297499.752303558
1,DC26_1,0.228044129182156,DC26,562499.7110273131,6332499.835998577
1,DC27_1,0.19107649244580457,DC27,562499.653506505,6337499.858435164
1,DC28_1,0.19282168870583877,DC28,562499.677609729,6342499.808717862
1,DC30_1,0.22237354844617255,DC30,567499.8116184272,6302499.909548791
1,DC31_1,0.19874988689515974,DC31,567499.7755507686,6307499.948179211
1,DC32_1,0.17397817725116674,DC32,567499.8096190846,6312499.914980982
1,DC33_1,0.1943389685119857,DC33,567499.7285674406,6317499.918270218
1,DC34_1,0.31838155333931656,DC34,567499.7138947316,6322499.9609747855
1,DC35_1,0.20899964291548098,DC35,567499.7056084871,6327499.930768742
1,DC36_1,0.19091268979212245,DC36,567499.7009201018,6332499.938928539
1,DC37_1,0.23535562147714137,DC37,567499.6402083595,6337499.873123914
1,DC39_1,0.24068988134839056,DC39,567499.6437902323,6347499.858365299
1,DC40_1,0.22098643953660824,DC40,572499.8148650045,6302499.969526697
1,DC41_1,0.25909996045457434,DC41,572499.821296516,6307499.929013042
1,DC42_1,0.18708164221860402,DC42,572499.8176624437,6312499.927039073
1,DC43_1,0.2194051806798984,DC43,572499.74222273,6317499.962513002
1,DC45_1,0.23896761073615025,DC45,572499.6797881541,6327499.928359153
1,BD31_1,0.21729684799295426,BD31,467500.0543298067,6257499.600372754
1,DC48_1,0.23529764989729826,DC48,572499.603288505,6342499.944623605
1,DC49_1,0.25593284997809945,DC49,572499.6280012622,6347499.879714389
1,DC50_1,0.30593055987093737,DC50,577499.8267759397,6302500.006971771
1,DC51_1,0.2857187389200021,DC51,577499.8137447787,6307500.007805302
1,DC52_1,0.46696659277185465,DC52,577499.834045176,6312500.04834203
1,DC53_1,0.18709171763987456,DC53,577499.7670313121,6317500.014979401
1,BD32_1,0.25667180656315003,BD32,467500.06232946395,6262499.710226541
1,DC56_1,0.2132288494078413,DC56,577499.6899038834,6332500.0401362395
1,DC57_1,0.1975930965203253,DC57,577499.6237474973,6337499.940236413
1,DC58_1,0.23099782495966792,DC58,577499.5821444269,6342499.991146208
1,DC59_1,0.2015798562679805,DC59,577499.5701581707,6347499.85890772
1,DC64_1,0.360528399502765,DC64,582499.7765719168,6322500.023200316
1,DC65_1,0.19792070080966273,DC65,582499.6844180265,6327500.009486454
1,DC69_1,0.18432032604992615,DC69,582499.5463454451,6347499.907984794
1,DC79_1,0.1986624828991288,DC79,587499.5162126686,6347499.914135292
1,DC89_1,0.20699913176410997,DC89,592499.4952561076,6347499.988268283
1,DD00_1,0.19940872402877494,DD00,552499.8856748668,6252499.714341889
1,DD01_1,0.21148204176320748,DD01,552499.8788040339,6257499.789576381
1,DD02_1,0.2584714960776685,DD02,552499.8180619746,6262499.790504193
1,DD03_1,0.17343903100386363,DD03,552499.8245235039,6267499.829924205
1,DD04_1,0.1894216776543093,DD04,552499.8372124677,6272499.79574306
1,DD05_1,0.2030447052201341,DD05,552499.7926802624,6277499.7984718
1,DD06_1,0.18681372375814725,DD06,552499.8129379287,6282499.83961058
1,DD07_1,0.1920183558587219,DD07,552499.8372333928,6287499.807062139
1,DD08_1,0.2080779304945752,DD08,552499.8023283664,6292499.811338297
1,DD09_1,0.2636842593411817,DD09,552499.8297948928,6297499.853941188
1,DD10_1,0.18231386058287055,DD10,557499.856180533,6252499.733037651
1,DD11_1,0.23071403619320896,DD11,557499.8762522964,6257499.80687196
1,BD35_1,0.30781020427024924,BD35,467500.0749060298,6277499.704398919
1,DD12_1,0.19567216887688949,DD12,557499.8255147779,6262499.806363893
1,DD13_1,0.19834105186344433,DD13,557499.8249050891,6267499.844455846
1,DD14_1,0.1989996576592521,DD14,557499.8135712934,6272499.808981645
1,DD16_1,0.1896925223534849,DD16,557499.812499,6282499.851962599
1,DD17_1,0.18449484727206986,DD17,557499.8226555676,6287499.819056403
1,DD18_1,0.21140955271052186,DD18,557499.815944289,6292499.935076535
1,DD19_1,0.2091139809763431,DD19,557499.7962017705,6297499.866076322
1,DD20_1,0.19103254058095875,DD20,562499.8979436193,6252499.742285932
1,DD21_1,0.1888726319932508,DD21,562499.8222470335,6257499.8229469415
1,BD36_1,0.21007590355399322,BD36,467500.0370856172,6282499.739297631
1,DD22_1,0.2237918502648236,DD22,562499.8437607648,6262499.831936724
1,DD24_1,0.27147676121805564,DD24,562499.8019624483,6272499.851935544
1,DD26_1,0.21292980650460794,DD26,562499.825335824,6282499.914256911
1,DD27_1,0.21668032214075122,DD27,562499.8219761638,6287499.891081318
1,DD28_1,0.17732542058407572,DD28,562499.7860176418,6292499.905539777
1,DD29_1,0.19610526035448855,DD29,562499.8388001381,6297499.959425464
1,DD30_1,0.17991508693651806,DD30,567499.9045343413,6252499.740139163
1,DD31_1,0.211449665426821,DD31,567499.8570273767,6257499.839340627
1,BD37_1,0.2116079523178059,BD37,467500.0506595336,6287499.810571126
1,DD35_1,0.2344713327580282,DD35,567499.839200209,6277499.844712948
1,DD37_1,0.18255544513384733,DD37,567499.854039139,6287499.911641263
1,DD38_1,0.23420884095606087,DD38,567499.8490636005,6292499.946900631
1,DD39_1,0.21114315720133733,DD39,567499.7951241602,6297499.908455915
1,DD40_1,0.26669478057799756,DD40,572499.8910228461,6252499.837507532
1,DD41_1,0.17203585809979466,DD41,572499.874319164,6257499.853998432
1,BD38_1,0.2875109944176509,BD38,467500.0539126969,6292499.807359152
1,DD42_1,0.19903347969548982,DD42,572499.8594056569,6262499.798046281
1,DD43_1,0.16874359694051844,DD43,572499.8414943474,6267499.892215765
1,DD46_1,0.20578503769988138,DD46,572499.840314927,6282499.96321855
1,DD47_1,0.17576143039215902,DD47,572499.8119906547,6287499.989774233
1,DD48_1,0.21624422234617927,DD48,572499.8407176494,6292499.944752331
1,DD49_1,0.21579926625332074,DD49,572499.8623283049,6297499.938366378
1,DD50_1,0.19109843426218065,DD50,577499.9397466873,6252499.812573781
1,DD51_1,0.2013352085040396,DD51,577499.8911025693,6257499.866573606
1,BD39_1,0.2388796754047443,BD39,467500.0473273079,6297499.729633846
1,DD52_1,0.2074378607409075,DD52,577499.8890167333,6262499.849300526
1,DD53_1,0.21447555583857436,DD53,577499.8687690438,6267499.87089236
1,DD54_1,0.2668777089665467,DD54,577499.8907825949,6272499.932445059
1,DD57_1,0.18330793404111562,DD57,577499.8373202452,6287500.015885937
1,DD59_1,0.3239492991949202,DD59,577499.8764129576,6297499.934571228
1,DD61_1,0.17431693221677702,DD61,582499.9243567707,6257499.87675696
1,BD40_1,0.25426885287169865,BD40,472500.0931846446,6252499.686959085
1,DD62_1,0.1797068646019057,DD62,582499.9358377454,6262499.908196272
1,DD63_1,0.17553594376685175,DD63,582499.9142568866,6267499.867230073
1,DD64_1,0.17506145294388967,DD64,582499.9156895869,6272499.97761661
1,DD65_1,0.18899202610131557,DD65,582499.8841101133,6277499.904232946
1,DD70_1,0.20916964778895467,DD70,587499.9756611895,6252499.834294763
1,DD71_1,0.2467541010962427,DD71,587499.9294289971,6257499.883005279
1,DD72_1,0.19363080776541935,DD72,587499.9576007758,6262499.861898324
1,BD41_1,0.23616583419375112,BD41,472500.0753691514,6257499.700065501
1,DD80_1,0.18700370093213955,DD80,592499.9965185599,6252499.880145047
1,DD81_1,0.23523881945260783,DD81,592499.9849260056,6257499.886210558
1,DD90_1,0.2061149001062655,DD90,597499.9603299614,6252499.909862781
1,DD91_1,0.18879133144370872,DD91,597499.9845591482,6257499.88334208
1,DD92_1,0.22214594418140954,DD92,597499.985225495,6262499.8971402
1,DE00_1,0.19185261843641108,DE00,552500.0397736444,6202499.815031244
1,DE01_1,0.2296171015175625,DE01,552500.0522177635,6207499.735317095
1,DE02_1,0.18042634608388347,DE02,552500.0156842017,6212499.692870375
1,BD42_1,0.17691254599797696,BD42,472500.0892348051,6262499.638397401
1,DE03_1,0.24222769281459208,DE03,552499.9918704326,6217499.688423337
1,DE04_1,0.26956953132580275,DE04,552500.0421838384,6222499.722709725
1,DE05_1,0.20806254123130186,DE05,552499.9808522139,6227499.682127924
1,DE07_1,0.20672327267593194,DE07,552499.9514282229,6237499.715456871
1,DE10_1,0.20084021839123034,DE10,557499.9926700045,6202499.753927617
1,DE11_1,0.21491894849408405,DE11,557500.0121679712,6207499.781346942
1,DE12_1,0.4119598901259704,DE12,557500.0298874964,6212499.735544217
1,BD43_1,0.23398835246077035,BD43,472500.0750117887,6267499.724942416
1,DE13_1,0.2604769458406308,DE13,557499.9814049272,6217499.726953041
1,DE14_1,0.2023561058756069,DE14,557499.9919643814,6222499.645914316
1,DE15_1,0.18558064044991568,DE15,557499.9955708939,6227499.714159249
1,DE16_1,0.1954599739493165,DE16,557499.9944713496,6232499.709069772
1,DE17_1,0.22817213634713376,DE17,557499.9260181622,6237499.629782909
1,DE18_1,0.19449889952391367,DE18,557499.9103897591,6242499.700531681
1,DE19_1,0.2552496034639132,DE19,557499.8878559844,6247499.697860005
1,DE20_1,0.20447269096105913,DE20,562500.0084597974,6202499.807410175
1,DE21_1,0.1971943276707289,DE21,562499.9761553103,6207499.728242607
1,DE22_1,0.2085762703881983,DE22,562499.9864572511,6212499.688075669
1,BD44_1,0.3369727485159527,BD44,472500.09313145553,6272499.736661749
1,DE23_1,0.21190001171837752,DE23,562499.9761974189,6217499.685978896
1,DE24_1,0.24721609343929737,DE24,562500.0067694888,6222499.722828891
1,DE25_1,0.19129077732956898,DE25,562499.9547079823,6227499.685494073
1,DE26_1,0.26747306661363773,DE26,562499.9418520522,6232499.687049095
1,DE27_1,0.2575532612910971,DE27,562499.9672399207,6237499.727467009
1,DE29_1,0.19081224429303198,DE29,562499.8850704462,6247499.698559415
1,DE30_1,0.2221343273401909,DE30,567499.9818457006,6202499.750937081
1,DE31_1,0.2157126208370363,DE31,567499.95756106,6207499.79836426
1,DE32_1,0.19566784761721379,DE32,567499.9610612297,6212499.773586951
1,BD45_1,0.24009871655832504,BD45,472500.082515051,6277499.673930096
1,DE33_1,0.22545520712150305,DE33,567499.991388455,6217499.67657536
1,DE34_1,0.26151801696461285,DE34,567499.981947577,6222499.728908503
1,DE35_1,0.2641157466911517,DE35,567499.9354850466,6227499.707971843
1,DE36_1,0.20421994694389378,DE36,567499.9734866512,6232499.726984239
1,DE37_1,0.20513942367565738,DE37,567499.910766697,6237499.671688164
1,DE38_1,0.1916613787529953,DE38,567499.9288161611,6242499.767579349
1,DE39_1,0.2811485224250535,DE39,567499.9064195943,6247499.790080435
1,DE40_1,0.23458088326614399,DE40,572499.9259428019,6202499.806681671
1,DE41_1,0.21742264476933812,DE41,572499.9762135199,6207499.768940775
1,DE42_1,0.18819407155589982,DE42,572499.9735447941,6212499.769307227
1,BD46_1,0.26869174868885837,BD46,472500.04509961524,6282499.759338391
1,DE43_1,0.1963486627986295,DE43,572499.9812662832,6217499.697508556
1,DE44_1,0.27060456632869323,DE44,572499.9325161695,6222499.7750477465
1,DE45_1,0.273567751521265,DE45,572499.9563057558,6227499.670118789
1,DE46_1,0.23385245351171288,DE46,572499.9838101824,6232499.715519001
1,DE47_1,0.17402481737225114,DE47,572499.9559022341,6237499.687581973
1,DE49_1,0.2541383196126548,DE49,572499.9104865338,6247499.748605974
1,DE50_1,0.20570084288903057,DE50,577499.9212493428,6202499.864100323
1,DE51_1,0.2482288430528642,DE51,577499.9222648653,6207499.748870433
1,DE52_1,0.2179483925278536,DE52,577499.9764963645,6212499.785257158
1,BD47_1,0.2910137839135205,BD47,472500.0410912281,6287499.769842108
1,DE53_1,0.23894843763261495,DE53,577499.9623265731,6217499.7484121
1,DE55_1,0.22660189547748794,DE55,577499.9679888003,6227499.7932537105
1,DE56_1,0.2191261199499568,DE56,577499.9877266791,6232499.7635885775
1,DE57_1,0.18861778713711763,DE57,577499.9334297109,6237499.771854244
1,DE66_1,0.2041936064155366,DE66,582499.9419179015,6232499.758382413
1,DE67_1,0.19668538680123068,DE67,582499.9858796117,6237499.815066368
1,BD48_1,0.285680167103544,BD48,472500.0707461879,6292499.705413405
1,DE68_1,0.2021541158702469,DE68,582499.940157057,6242499.798316628
1,DE69_1,0.19549060561309217,DE69,582499.925380716,6247499.821784631
1,DE75_1,0.2505484811078868,DE75,587499.9822943644,6227499.740914788
1,DE78_1,0.17482671227598198,DE78,587499.9809427367,6242499.8550773095
1,DE79_1,0.22475423790182258,DE79,587499.9718824326,6247499.824550713
1,BD49_1,0.1884635051563766,BD49,472500.07474827545,6297499.789050161
1,DE84_1,0.1900962637462455,DE84,592499.9550939988,6222499.799698218
1,DE85_1,0.3418414852840361,DE85,592500.0141816582,6227499.78733749
1,DE86_1,0.19785237857915358,DE86,592500.0119548003,6232499.814113551
1,DE87_1,0.24564019752586005,DE87,592500.011741156,6237499.7700439
1,DE88_1,0.21391425683020648,DE88,592500.0074987623,6242499.877671048
1,DE89_1,0.2486481583479055,DE89,592500.0052482311,6247499.803093614
1,DE90_1,0.23033119109930975,DE90,597499.937235394,6202499.867768866
1,DE94_1,0.19602648379126153,DE94,597499.973766844,6222499.817559282
1,BD50_1,0.18615442887903874,BD50,477500.11881933274,6252499.615843311
1,DE96_1,0.212022395212104,DE96,597499.9776650518,6232499.7592064515
1,DE97_1,0.23482388508602636,DE97,597500.0164649216,6237499.792208735
1,DE98_1,0.18600635265198123,DE98,597499.9749128878,6242499.864260202
1,DE99_1,0.19155384402780368,DE99,597499.9781003586,6247499.86686593
1,DF00_1,0.18731789422343095,DF00,552500.0821818158,6152499.918017617
1,DF01_1,0.2050402762343708,DF01,552500.0434295452,6157499.903279973
1,DF04_1,0.20774027061438813,DF04,552500.0484365653,6172499.866101065
1,DF05_1,0.1889424695517443,DF05,552500.0248900052,6177499.8923083795
1,BD51_1,0.1791769600510965,BD51,477500.0634254692,6257499.690373675
1,DF06_1,0.2123516373341184,DF06,552500.0201864875,6182499.845409598
1,DF07_1,0.21201038489967963,DF07,552500.0322634379,6187499.836667846
1,DF08_1,0.2506699890397404,DF08,552499.9978258526,6192499.865300811
1,DF09_1,0.273002513774756,DF09,552500.0427085381,6197499.8215051675
1,DF10_1,0.1939073056945472,DF10,557500.0539540383,6152499.913491488
1,DF14_1,0.20975133425112327,DF14,557500.0426793615,6172499.947726307
1,DF15_1,0.20543183735536133,DF15,557500.0018913269,6177499.856621167
1,DF16_1,0.1913071060413847,DF16,557500.0236227086,6182499.915863126
1,DF17_1,0.1878062779697761,DF17,557499.9860512931,6187499.789903091
1,DF18_1,0.22457786571813082,DF18,557500.0093904075,6192499.814239048
1,DF19_1,0.18739529043641467,DF19,557500.0331405934,6197499.765436237
1,DF20_1,0.18131566060450388,DF20,562500.08334866,6152499.927340711
1,DF24_1,0.18823843677304883,DF24,562500.0367152442,6172499.862543065
1,DF25_1,0.2325393012535358,DF25,562499.9763535939,6177499.886270679
1,DF26_1,0.18770217798685157,DF26,562499.9653456258,6182499.837874897
1,DF27_1,0.41748053745844943,DF27,562500.0011427227,6187499.828616493
1,DF28_1,0.23684520295430772,DF28,562499.9576474453,6192499.856666409
1,DF29_1,0.20841530547515438,DF29,562499.9609393289,6197499.812510072
1,DF30_1,0.17748532859889246,DF30,567500.0600414778,6152499.957596392
1,DF31_1,0.22343351438268638,DF31,567500.0347013446,6157499.951350236
1,DF37_1,0.2465270824464544,DF37,567499.9700276025,6187499.839556279
1,DF38_1,0.27534027328595767,DF38,567499.9855262494,6192499.88279332
1,DF39_1,0.2452004523964538,DF39,567499.9689031657,6197499.852938899
1,DF40_1,0.19230713452157883,DF40,572500.0649841583,6152499.8935916675
1,DF41_1,0.19561063529722397,DF41,572500.0874127243,6157499.909943095
1,DF48_1,0.22132324065196593,DF48,572499.9843263607,6192499.890549853
1,DF49_1,0.19391441336173365,DF49,572499.9503513994,6197499.773365588
1,DF51_1,0.18075742185032928,DF51,577500.0572356211,6157499.892787818
1,DF52_1,0.26303550450846636,DF52,577500.0677353318,6162499.979763222
1,DF59_1,0.24432869043821512,DF59,577499.9181351293,6197499.795993284
1,DF60_1,0.2126420052596201,DF60,582500.0903572468,6152499.924879827
1,BD55_1,0.2363122276776836,BD55,477500.05691394093,6277499.685499792
1,DF61_1,0.18754016080144983,DF61,582500.0863001315,6157499.901682529
1,DF62_1,0.2008643068197835,DF62,582500.0688732299,6162499.91803773
1,DF70_1,0.21713255169673906,DF70,587500.0815321453,6152499.907091927
1,DF71_1,0.18130500804850339,DF71,587500.064427627,6157499.934001944
1,DF72_1,0.3194438348361034,DF72,587500.0831289394,6162499.89047789
1,DF80_1,0.21330618448656982,DF80,592500.1000892023,6152499.904054666
1,BD56_1,0.2690112213560769,BD56,477500.0801616678,6282499.719876353
1,DF81_1,0.1984795364063572,DF81,592500.1360954175,6157499.880622524
1,DF96_1,0.1918685940114499,DF96,597500.0114531335,6182499.907238431
1,DF97_1,0.22306814693746138,DF97,597499.9710038947,6187499.863307686
1,DF98_1,0.26084071092664873,DF98,597499.9873134624,6192499.861592982
1,DG00_1,0.23879818965690372,DG00,552500.1089325006,6102499.820040352
1,DG07_1,0.21844453005152775,DG07,552500.0776589774,6137499.8553233305
1,BD57_1,0.2805685671953148,BD57,477500.05835724296,6287499.679689139
1,DG08_1,0.2365062336964153,DG08,552500.0980597695,6142499.949654789
1,DG09_1,0.2307391451916786,DG09,552500.0800114883,6147499.859026643
1,DG14_1,0.23206906931425306,DG14,557500.0859443847,6122499.842967669
1,DG15_1,0.21310532328532608,DG15,557500.1128352805,6127499.926189727
1,DG16_1,0.23800463398559957,DG16,557500.0859944862,6132499.9357982185
1,DG17_1,0.24385124114034754,DG17,557500.0682798454,6137499.872589368
1,DG18_1,0.2534199884019035,DG18,557500.0560698126,6142499.959101104
1,DG19_1,0.1928937372299617,DG19,557500.051534985,6147499.972744273
1,DG22_1,0.36893948492010215,DG22,562500.0912223725,6112499.9040538985
1,BD58_1,0.19691806130719985,BD58,477500.0542861005,6292499.787203539
1,DG23_1,0.20549422117858915,DG23,562500.0828425015,6117499.910760884
1,DG24_1,0.19100266651770156,DG24,562500.1336018639,6122499.845666463
1,DG25_1,0.17732757009485925,DG25,562500.112409009,6127499.929512105
1,DG26_1,0.2091067547017903,DG26,562500.085315404,6132499.940609023
1,DG27_1,0.19275356526755297,DG27,562500.1149576314,6137499.879825633
1,DG28_1,0.19762207495741285,DG28,562500.0706574302,6142499.967904787
1,DG29_1,0.1865290468729859,DG29,562500.0814846822,6147499.984051399
1,BD59_1,0.23323291896893786,BD59,477500.06639862224,6297499.708461465
1,DG33_1,0.1689345323369058,DG33,567500.1053109345,6117499.863251292
1,DG34_1,0.2024820302322101,DG34,567500.1228144517,6122499.919391854
1,DG35_1,0.18878751384548612,DG35,567500.1194090074,6127499.9028383605
1,DG36_1,0.2314357127133632,DG36,567500.0926647738,6132499.924840984
1,DG37_1,0.2036171053329935,DG37,567500.1069042278,6137499.875061364
1,DG38_1,0.20128442822666895,DG38,567500.0944806039,6142499.975064417
1,DG39_1,0.21005053026427997,DG39,567500.0597612784,6147499.890981247
1,DG41_1,0.2671048953064957,DG41,572500.1270477285,6107499.844195573
1,DG42_1,0.22036758213215515,DG42,572500.1240832573,6112499.841285639
1,AE93_1,0.4537160484045698,AE93,447500.1701742312,6217499.746982312
1,BD60_1,0.22582506491809612,BD60,482500.06846866757,6252499.64834874
1,DG43_1,0.1890704689483663,DG43,572500.0844316228,6117499.87702596
1,DG44_1,0.1675454275152821,DG44,572500.1345045101,6122499.95346573
1,DG45_1,0.23199627625736627,DG45,572500.0844221165,6127499.956186771
1,DG46_1,0.21423837258531497,DG46,572500.123968225,6132499.888275696
1,DG47_1,0.19787905438276485,DG47,572500.1215920995,6137499.970183186
1,DG48_1,0.19584497581018678,DG48,572500.0801946897,6142499.979324352
1,DG49_1,0.20573979894156147,DG49,572500.0622560608,6147499.916709808
1,DG51_1,0.23117120732463348,DG51,577500.0918429886,6107499.86185285
1,DG52_1,0.21973085266788717,DG52,577500.0899779424,6112499.887439063
1,BD61_1,0.17592494371287148,BD61,482500.09796961857,6257499.682375004
1,DG53_1,0.17486932610835348,DG53,577500.1013102453,6117499.841510532
1,DG54_1,0.21216101075187,DG54,577500.1209952927,6122499.946588742
1,DG56_1,0.17342640144233235,DG56,577500.129765069,6132499.940893321
1,DG57_1,0.22774262807423548,DG57,577500.1151194031,6137499.9413368525
1,DG58_1,0.22856313339285006,DG58,577500.1070374141,6142499.981399613
1,DG59_1,0.190004659651961,DG59,577500.1065061892,6147499.949774658
1,DG60_1,0.302256350100964,DG60,582500.1033814047,6102499.898955876
1,DG61_1,0.2523674082153477,DG61,582500.1087734731,6107499.811257644
1,DG62_1,0.2761791640857864,DG62,582500.1086388057,6112499.874676149
1,DG63_1,0.17897253936844662,DG63,582500.106121318,6117499.866638746
1,DG64_1,0.19858538111989427,DG64,582500.0981873247,6122499.898389105
1,DG65_1,0.19649007226419493,DG65,582500.1494407246,6127499.859806266
1,DG66_1,0.2064157595465562,DG66,582500.1276752406,6132499.971046642
1,DG67_1,0.18754606505392585,DG67,582500.1017190362,6137499.899436134
1,DG68_1,0.22038291597891926,DG68,582500.127661447,6142499.979957241
1,DG69_1,0.1867621815433605,DG69,582500.0820257012,6147499.987659226
1,DG70_1,0.24335213377991846,DG70,587500.1040743836,6102499.842870175
1,DG71_1,0.1970980089866975,DG71,587500.1277292037,6107499.8022988215
1,DG72_1,0.21331269529843608,DG72,587500.1300347799,6112499.912887864
1,DG73_1,0.18459189719637872,DG73,587500.1165678317,6117499.840793578
1,DG74_1,0.18675144185707554,DG74,587500.1433676686,6122499.921054047
1,DG75_1,0.21813981759479834,DG75,587500.1501098787,6127499.929842266
1,DG76_1,0.1903057797336039,DG76,587500.1358212815,6132499.8671259945
1,DG77_1,0.21947505011388777,DG77,587500.0951186153,6137499.955423165
1,DG78_1,0.22227842367935147,DG78,587500.0947161396,6142499.973410007
1,DG79_1,0.17794320066262304,DG79,587500.133423215,6147499.921055779
1,DG81_1,0.20223728654785375,DG81,592500.1642016799,6107499.834659493
1,DG82_1,0.21974246042234727,DG82,592500.1719790371,6112499.890489254
1,BD64_1,0.31144388996203426,BD64,482500.05279373936,6272499.67016245
1,DG83_1,0.19974896884210752,DG83,592500.1462224028,6117499.874937038
1,DG84_1,0.19892068125157095,DG84,592500.1472162764,6122499.900566232
1,DG85_1,0.17796230083211884,DG85,592500.1125679152,6127499.854749453
1,DG86_1,0.1915598361536471,DG86,592500.165847554,6132499.851379236
1,DG87_1,0.2041474170344071,DG87,592500.1155330035,6137499.886446235
1,DG88_1,0.23625374866014476,DG88,592500.1507311421,6142499.963900514
1,DG89_1,0.2619437990946389,DG89,592500.1459106059,6147499.969781486
1,DG90_1,0.2000677332823596,DG90,597500.1713315928,6102499.826306785
1,DG91_1,0.1999629117650618,DG91,597500.1723162967,6107499.795391971
1,DG92_1,0.2075386655599542,DG92,597500.1866216981,6112499.805806173
1,DG93_1,0.20381270312128275,DG93,597500.1493824713,6117499.856123005
1,DG94_1,0.21920251632590862,DG94,597500.1256288488,6122499.836436391
1,DG95_1,0.22097326925909797,DG95,597500.1752226814,6127499.859382003
1,DG96_1,0.19291398468987925,DG96,597500.1698570813,6132499.922134469
1,DG97_1,0.20688401666063136,DG97,597500.1743571849,6137499.9147871975
1,DG98_1,0.18743269293108084,DG98,597500.1217638251,6142499.947179923
1,DG99_1,0.2947516425771194,DG99,597500.1399889182,6147499.910806376
1,DH06_1,0.24188070261984043,DH06,552500.1885183516,6082499.894090945
1,DH07_1,0.225953868745815,DH07,552500.1080240731,6087499.900931246
1,DH08_1,0.2811111863114803,DH08,552500.1224177002,6092499.835871966
1,BD66_1,0.19934937261621996,BD66,482500.0376611929,6282499.732977217
1,DH09_1,0.2203785127173334,DH09,552500.1002956021,6097499.919942602
1,DH16_1,0.2843927644333078,DH16,557500.1353999713,6082499.896520629
1,DH17_1,0.254735025548218,DH17,557500.1315025091,6087499.894301601
1,DH18_1,0.2119097449985583,DH18,557500.14150952,6092499.930770529
1,DH19_1,0.21495472062954135,DH19,557500.1021907555,6097499.893807441
1,DH26_1,0.1982579079810509,DH26,562500.1313600574,6082499.897424985
1,DH27_1,0.19801789074224257,DH27,562500.1404915752,6087499.894655372
1,DH28_1,0.20797094310425526,DH28,562500.1479966408,6092499.930620275
1,BD67_1,0.17767192046804758,BD67,482500.0596615541,6287499.763232267
1,DH36_1,0.21281282134572085,DH36,567500.1276941404,6082499.895786983
1,DH37_1,0.213467576189262,DH37,567500.1504468835,6087499.901725202
1,DH67_1,0.3689901921133059,DH67,582500.150456362,6087499.846226105
1,BD68_1,0.1696533415954909,BD68,482500.01980244165,6292499.718820099
1,DH75_1,0.3110266286849407,DH75,587500.1331639127,6077499.873700988
1,DH76_1,0.29303094736361956,DH76,587500.1690374067,6082499.854533708
1,DH85_1,0.30721511875577423,DH85,592500.1356770925,6077499.908513531
1,DH86_1,0.29618986227027605,DH86,592500.1422768618,6082499.831678937
1,BD69_1,0.19559638054027334,BD69,482500.0410989809,6297499.710512316
1,DH98_1,0.2348502119880633,DH98,597500.1549924235,6092499.78831973
1,DH99_1,0.23327374499696998,DH99,597500.1873019559,6097499.787314182
1,ED00_1,0.1982679793570795,ED00,602500.0074655657,6252499.92582771
1,ED01_1,0.25962548713401484,ED01,602500.0069320137,6257499.875294123
1,ED02_1,0.2616240192264252,ED02,602499.9632342183,6262499.97639951
1,ED03_1,0.25323347492979476,ED03,602500.0034894047,6267500.009511617
1,EE08_1,0.1791344909309381,EE08,602500.0238220977,6242499.8172161
1,AE94_1,0.2711171738409749,AE94,447500.1510277113,6222499.78450804
1,BD70_1,0.17649537962620854,BD70,487500.0817826781,6252499.672654292
1,EE09_1,0.17612349825355947,EE09,602500.0332308657,6247499.906951615
1,EB03_1,0.23294265697933336,EB03,617499.4041724587,6347499.787013219
1,EB04_1,0.2119879359980391,EB04,617499.3770303854,6352499.760663346
1,EB06_1,0.542078831014606,EB06,622499.452476495,6342499.958876019
1,EB07_1,0.26476199770382236,EB07,622499.340247113,6347499.802468584
1,EB08_1,0.19655593324961285,EB08,622499.3295501823,6352499.804013868
1,BD71_1,0.18742842784733313,BD71,487500.07274000347,6257499.676720983
1,EB10_1,0.22276662864336705,EB10,627499.3598611797,6352499.809865731
1,ED12_1,0.23283885721624012,ED12,607499.9846502618,6262499.948752708
1,ED13_1,0.19966773305283797,ED13,607500.0289460056,6267499.969510026
1,BD72_1,0.1935286921147855,BD72,487500.10657854204,6262499.717117674
1,ED21_1,0.24991545941922064,ED21,612499.9999244057,6257499.948716197
1,ED22_1,0.20850581503142457,ED22,612500.0638923836,6262499.925191073
1,ED23_1,0.1874109136454087,ED23,612500.0489246127,6267500.053278171
1,ED30_1,0.19168872846743384,ED30,617500.0131436305,6252499.979232868
1,ED31_1,0.2281757577951185,ED31,617500.0689346831,6257499.919604393
1,EE05_1,0.21537982547524923,EE05,602500.0291128291,6227499.796893536
1,EE06_1,0.22317925696319832,EE06,602500.0177116019,6232499.873435614
1,BD73_1,0.25382163241718986,BD73,487500.0600253826,6267499.6828794535
1,EE07_1,0.2040843989024469,EE07,602500.0370459903,6237499.880717993
1,EE15_1,0.2489253741538153,EE15,607500.0429033731,6227499.870408693
1,EE16_1,0.19821441248831706,EE16,607500.0326255038,6232499.819688625
1,EE17_1,0.2093595127485032,EE17,607500.0336967214,6237499.811088578
1,EE18_1,0.18334840444535982,EE18,607500.0446534248,6242499.84457169
1,EE19_1,0.180456889233594,EE19,607500.0022517216,6247499.918539914
1,BD74_1,0.19711215188950415,BD74,487500.05668077216,6272499.684921809
1,EE27_1,0.21233025041021844,EE27,612500.0178630335,6237499.805356083
1,EE28_1,0.18144432494664742,EE28,612500.0568845634,6242499.83450955
1,EE29_1,0.25987303628311686,EE29,612500.0256645977,6247499.904153242
1,EE39_1,0.19076002762548996,EE39,617500.0586333661,6247499.861813668
1,EF00_1,0.255832146841409,EF00,602500.1568967437,6152499.938279047
1,EF01_1,0.21910417992766767,EF01,602500.110434067,6157499.949953882
1,BD75_1,0.25099656926855457,BD75,487500.09656343656,6277499.723220508
1,EF02_1,0.2313378990985553,EF02,602500.11502745,6162499.892898545
1,EF06_1,0.19635710440861556,EF06,602500.0299051435,6182499.853612516
1,EF07_1,0.20320944276744332,EF07,602500.0078381761,6187499.891590624
1,EF08_1,0.2565562998405093,EF08,602499.9662049786,6192499.859152391
1,EF09_1,0.27560171103260517,EF09,602499.963655327,6197499.869020305
1,EF10_1,0.21985208267496206,EF10,607500.16663707,6152499.862016589
1,EF11_1,0.2060717451721687,EF11,607500.176405482,6157499.852075477
1,BD76_1,0.24042712986001144,BD76,487500.05683605693,6282499.686808519
1,EF45_1,0.258011271360238,EF45,622500.1133564778,6177499.906438245
1,EF54_1,0.20363672732997726,EF54,627500.173708827,6172499.894058021
1,EF55_1,0.209486659721579,EF55,627500.1632006445,6177499.839703479
1,EF63_1,0.21197208728201022,EF63,632500.2244002955,6167499.81615931
1,EF64_1,0.2178041518492163,EF64,632500.1982281193,6172499.854965836
1,EF65_1,0.21454539371685227,EF65,632500.1855857152,6177499.827314664
1,BD77_1,0.23214043190615885,BD77,487500.0606638972,6287499.686602905
1,EF69_1,0.30045966391996154,EF69,632500.1501958598,6197499.82822393
1,EF70_1,0.2069154166717674,EF70,637500.234482398,6152499.829759564
1,EF71_1,0.24110123903630704,EF71,637500.2314522653,6157499.769810148
1,EF72_1,0.24670587240170463,EF72,637500.2274973425,6162499.754893564
1,EF73_1,0.18802183762135344,EF73,637500.2209097057,6167499.784967061
1,EF74_1,0.20380739367982068,EF74,637500.2099802837,6172499.859987579
1,EF75_1,0.2770541735754357,EF75,637500.1965109793,6177499.868648433
1,BD78_1,0.22080279119807084,BD78,487500.04695056047,6292499.722763024
1,EF80_1,0.24734553053972627,EF80,642500.2088201805,6152499.8108049715
1,EF81_1,0.2513554134885608,EF81,642500.2076575521,6157499.794391641
1,EF82_1,0.24835958846647083,EF82,642500.2525552853,6162499.825148337
1,EF83_1,0.18012209490736808,EF83,642500.2193219239,6167499.787668911
1,EF84_1,0.21086530881483073,EF84,642500.2285859047,6172499.797269886
1,EF85_1,0.23762766285780035,EF85,642500.21561393,6177499.851854328
1,BD79_1,0.2143345166996463,BD79,487500.0155984107,6297499.6839520885
1,EF90_1,0.21421869208185934,EF90,647500.1968096502,6152499.796485673
1,EF91_1,0.20446856084084555,EF91,647500.2025785598,6157499.7218825305
1,EF92_1,0.2144412170714963,EF92,647500.2346433615,6162499.805848634
1,EF93_1,0.2528145649084093,EF93,647500.2356114537,6167499.82370214
1,EF94_1,0.18649754672683672,EF94,647500.2037785846,6172499.7753932625
1,EF95_1,0.17640698495370974,EF95,647500.2592736807,6177499.776383813
1,EF96_1,0.27137014293083395,EF96,647500.2117523269,6182499.820248794
1,EG00_1,0.19670062885465342,EG00,602500.2075383858,6102499.752554977
1,AE95_1,0.35047474389412614,AE95,447500.18198725476,6227499.747924402
1,BD80_1,0.19302328391509774,BD80,492500.052342845,6252499.689303762
1,EG01_1,0.20473690281651627,EG01,602500.1653777973,6107499.795298992
1,EG02_1,0.19842689259217802,EG02,602500.1872741627,6112499.769644517
1,EG03_1,0.21837559703834034,EG03,602500.1419317244,6117499.7838923335
1,EG04_1,0.261362875223878,EG04,602500.155513311,6122499.8409451125
1,EG05_1,0.21739215136734752,EG05,602500.1656467885,6127499.828034153
1,EG06_1,0.20155753262837178,EG06,602500.1685459674,6132499.856394926
1,EG07_1,0.1829248307766988,EG07,602500.1629894912,6137499.92599472
1,EG08_1,0.19159522368588558,EG08,602500.1503424796,6142499.925529002
1,EG09_1,0.21534758262046516,EG09,602500.129395011,6147499.854962473
1,EG10_1,0.20225886184895595,EG10,607500.1768091201,6102499.818051623
1,BD81_1,0.178615340841479,BD81,492500.0663517555,6257499.67318747
1,EG11_1,0.19226218088990846,EG11,607500.1588724807,6107499.833944355
1,EG12_1,0.22555664117021829,EG12,607500.1894330485,6112499.781570623
1,EG13_1,0.21262034262126223,EG13,607500.2007176884,6117499.770624214
1,EG14_1,0.18963472299128356,EG14,607500.191500505,6122499.801071322
1,EG15_1,0.1756705110002803,EG15,607500.1605547919,6127499.872877927
1,EG16_1,0.17868961131587097,EG16,607500.1727981393,6132499.876283166
1,EG17_1,0.19491235289110662,EG17,607500.1607226082,6137499.920979434
1,EG18_1,0.19098426435106702,EG18,607500.1891095479,6142499.897205671
1,EG19_1,0.24976992487885744,EG19,607500.1905837624,6147499.914653578
1,EG21_1,0.18633498002326784,EG21,612500.2348921587,6107499.801269529
1,BD82_1,0.25021883064852984,BD82,492500.0446139241,6262499.693544938
1,EG22_1,0.1877575565835825,EG22,612500.2114052242,6112499.729918555
1,EG23_1,0.1928234693363303,EG23,612500.2139353334,6117499.81291228
1,EG24_1,0.1884152585413068,EG24,612500.1830770366,6122499.826076767
1,EG25_1,0.2697352653637291,EG25,612500.1782985982,6127499.882253152
1,EG26_1,0.2616673059019973,EG26,612500.200980525,6132499.870141038
1,EG27_1,0.20076663744347004,EG27,612500.1834815647,6137499.899357621
1,EG30_1,0.25939545678493403,EG30,617500.2479844969,6102499.703469929
1,BD83_1,0.2911556823611445,BD83,492500.04863837245,6267499.638934148
1,EG40_1,0.20985525125832274,EG40,622500.2477358868,6102499.741840948
1,EG41_1,0.18442310463911282,EG41,622500.2452251216,6107499.731631616
1,EG42_1,0.19508759068575415,EG42,622500.1778913485,6112499.7629739335
1,BD84_1,0.22515901797447913,BD84,492500.0788364224,6272499.731946048
1,EG76_1,0.2216524865774453,EG76,637500.1687954454,6132499.737980937
1,EG77_1,0.2509925885418039,EG77,637500.2055718829,6137499.833220863
1,EG84_1,0.22782977077767885,EG84,642500.1821270094,6122499.752851817
1,EG85_1,0.19759885992485174,EG85,642500.1759146599,6127499.685259293
1,EG86_1,0.17777762237474948,EG86,642500.1595471228,6132499.774305279
1,EG87_1,0.25171006966471815,EG87,642500.2018560335,6137499.799481912
1,BD85_1,0.19688208673706845,BD85,492500.0734845984,6277499.750050906
1,EG88_1,0.26421008554690334,EG88,642500.1743270823,6142499.756653693
1,EG89_1,0.2380068664327771,EG89,642500.1983442176,6147499.761124632
1,EG94_1,0.271155723607772,EG94,647500.1901655146,6122499.657195898
1,EG95_1,0.17794656027259445,EG95,647500.2152539153,6127499.751259625
1,EG96_1,0.1919217394915108,EG96,647500.1581773825,6132499.777421652
1,EG97_1,0.20144291179741183,EG97,647500.2075852172,6137499.741983493
1,EG98_1,0.20977876036913287,EG98,647500.1677108221,6142499.749803021
1,EG99_1,0.17333234749344126,EG99,647500.2267514672,6147499.807189792
1,BD86_1,0.2761084031690297,BD86,492500.0328117953,6282499.693222406
1,EH08_1,0.2522989732587206,EH08,602500.1620083671,6092499.788471238
1,EH09_1,0.19088298930018274,EH09,602500.1847436636,6097499.749779848
1,EH13_1,0.25599110108804046,EH13,607500.2490966875,6067499.876797193
1,EH14_1,0.2767737765834743,EH14,607500.1881287517,6072499.820997513
1,EH15_1,0.1992861913517193,EH15,607500.1822916985,6077499.808419616
1,EH16_1,0.23985356043075287,EH16,607500.1659957448,6082499.837500439
1,EH17_1,0.27131024551321414,EH17,607500.2047700058,6087499.798479977
1,BD87_1,0.18662888251805915,BD87,492500.0796249006,6287499.672523582
1,EH23_1,0.25653054158315225,EH23,612500.2034834018,6067499.887341654
1,EH24_1,0.21176665825104346,EH24,612500.212235677,6072499.811950394
1,EH25_1,0.18153136437703446,EH25,612500.1963975141,6077499.778303541
1,EH26_1,0.19418580531988702,EH26,612500.2189002938,6082499.787972259
1,EH27_1,0.21877805231736386,EH27,612500.2170047599,6087499.728058776
1,EH28_1,0.35014211822287306,EH28,612500.1867045197,6092499.709788004
1,EH37_1,0.2563060287793763,EH37,617500.189780661,6087499.7680580225
1,EH38_1,0.20406045991792837,EH38,617500.2326236423,6092499.741423128
1,BD88_1,0.1989114020133285,BD88,492500.0303709486,6292499.688262614
1,EH39_1,0.22642590367243345,EH39,617500.2301707517,6097499.75643296
1,EH49_1,0.24991207648268546,EH49,622500.2536596373,6097499.68413302
1,EH54_1,0.3179514031104379,EH54,627500.2315571259,6072499.726827907
1,EH64_1,0.1823961445562543,EH64,632500.2489600373,6072499.714002534
1,EH66_1,0.24816501741208943,EH66,632500.2653655324,6082499.7089617625
1,BD89_1,0.2234431058598711,BD89,492500.00758350815,6297499.740193662
1,EH67_1,0.1876642926983142,EH67,632500.240557838,6087499.660661096
1,EH73_1,0.22117102470342725,EH73,637500.2350246185,6067499.714042777
1,EH74_1,0.22011158309907225,EH74,637500.223421336,6072499.668808251
1,EH75_1,0.2713753512068103,EH75,637500.2391012611,6077499.669303549
1,EH77_1,0.20125263920570052,EH77,637500.2241880391,6087499.580903596
1,EH78_1,0.23111487230391467,EH78,637500.2511288846,6092499.605141959
1,EH83_1,0.2495970807642269,EH83,642500.2303255753,6067499.715175096
1,EH84_1,0.19038287033696957,EH84,642500.2311327682,6072499.703858004
1,AE96_1,0.5042496468363052,AE96,447500.139576756,6232499.638727918
1,BD90_1,0.2218385317590458,BD90,497500.0588251114,6252499.698183741
1,EH85_1,0.26092096027861056,EH85,642500.2474008938,6077499.627137704
1,EH87_1,0.21293332363754094,EH87,642500.2449209422,6087499.609035659
1,EH88_1,0.2183526889488274,EH88,642500.2264585433,6092499.556320992
1,EH92_1,0.3621417976213138,EH92,647500.1957499915,6062499.687774925
1,EH93_1,0.241250717023856,EH93,647500.2119518482,6067499.673581073
1,EH94_1,0.287758303829433,EH94,647500.2300924656,6072499.59413029
1,EH95_1,0.23458710165380692,EH95,647500.2412025952,6077499.671872045
1,EH96_1,0.18589549975617145,EH96,647500.2545091603,6082499.573025044
1,EH97_1,0.19080786875801126,EH97,647500.2573792844,6087499.631286464
1,BD91_1,0.1953370152799772,BD91,497500.03416951664,6257499.671954378
1,FE00_1,0.20744340520141583,FE00,652500.2204548502,6202499.884181068
1,FE10_1,0.23639946413899804,FE10,657500.2140283118,6202499.844869955
1,FE20_1,0.21241358796849066,FE20,662500.2220386828,6202499.902415118
1,FE30_1,0.3033146221211004,FE30,667500.2691536737,6202499.833699634
1,FE40_1,0.2713169857349073,FE40,672500.3008507392,6202499.858164246
1,BD92_1,0.30242754443441283,BD92,497500.0799421015,6262499.6820673505
1,FE60_1,0.22551489170458952,FE60,682500.2713181422,6202499.84461653
1,FE61_1,0.1737630251722028,FE61,682500.341989624,6207499.920597611
1,FE71_1,0.17389668876547973,FE71,687500.2984424902,6207499.905692995
1,FE72_1,0.22516842203758125,FE72,687500.363131253,6212499.947936701
1,BD93_1,0.19465763337943714,BD93,497500.07296910265,6267499.728574473
1,FE80_1,0.20475899440346676,FE80,692500.3264155694,6202499.858064589
1,FE81_1,0.19923951105164944,FE81,692500.373541418,6207499.882120019
1,FE82_1,0.25497013358077986,FE82,692500.3463343331,6212499.956222788
1,FE83_1,0.2134618432427228,FE83,692500.3720132804,6217499.974638728
1,FE90_1,0.19573155894353272,FE90,697500.3555868408,6202499.883863147
1,FE91_1,0.18705443340781788,FE91,697500.3965691917,6207499.840916168
1,FE92_1,0.1778965205102575,FE92,697500.4091896428,6212499.850916306
1,FE93_1,0.1610642676242106,FE93,697500.3909917022,6217499.9137929315
1,FE94_1,0.17029145546224256,FE94,697500.4689643438,6222499.923962992
1,FF00_1,0.17618303833813334,FF00,652500.2143912867,6152499.7862611525
1,BD94_1,0.22742283461245208,BD94,497500.0748110663,6272499.700105536
1,FF01_1,0.18162112610367606,FF01,652500.2248090926,6157499.774261067
1,FF02_1,0.2438181396373991,FF02,652500.2492441322,6162499.809702141
1,FF03_1,0.20064939895513148,FF03,652500.2266870057,6167499.7790860785
1,FF04_1,0.2003526446873291,FF04,652500.2144126588,6172499.795813887
1,FF05_1,0.18593462325870252,FF05,652500.2143685349,6177499.748581729
1,FF06_1,0.22301425973427003,FF06,652500.2168219197,6182499.859854026
1,FF07_1,0.24512657364237903,FF07,652500.231527698,6187499.795811617
1,FF08_1,0.19782782156321363,FF08,652500.2487440347,6192499.778918769
1,FF10_1,0.2334240466579262,FF10,657500.2143405195,6152499.777359325
1,FF11_1,0.17932148203958378,FF11,657500.2348184625,6157499.726247546
1,BD95_1,0.27532876400274997,BD95,497500.02420617704,6277499.707981611
1,FF12_1,0.25340620643642675,FF12,657500.2533010718,6162499.722690075
1,FF13_1,0.18477320897456062,FF13,657500.2678361252,6167499.766637617
1,FF14_1,0.17196069743523779,FF14,657500.2804860991,6172499.746787113
1,FF15_1,0.2153692229970423,FF15,657500.2224905242,6177499.772069843
1,FF16_1,0.23738247646609728,FF16,657500.2175718555,6182499.846975895
1,FF17_1,0.2378541154329026,FF17,657500.2675925975,6187499.860202954
1,FF18_1,0.20339080196925624,FF18,657500.2452246804,6192499.807152677
1,FF19_1,0.19916485959446573,FF19,657500.2697239395,6197499.803575764
1,FF20_1,0.18029363910703508,FF20,662500.2125909128,6152499.769090225
1,FF21_1,0.18749168338090436,FF21,662500.2406863412,6157499.799661659
1,BD96_1,0.18155741643926504,BD96,497500.0438990338,6282499.752103166
1,FF22_1,0.18948923272877335,FF22,662500.2548913385,6162499.766637423
1,FF23_1,0.17385914231538785,FF23,662500.2491310743,6167499.781214133
1,FF24_1,0.1672903495085881,FF24,662500.2884650016,6172499.734430286
1,FF25_1,0.1721098209183783,FF25,662500.2368262114,6177499.844051934
1,FF26_1,0.17651490020212368,FF26,662500.2303838229,6182499.780956389
1,FF27_1,0.16528189286900516,FF27,662500.2586700729,6187499.767595499
1,FF28_1,0.16980994450209022,FF28,662500.2569147471,6192499.801572185
1,FF29_1,0.1689024580889901,FF29,662500.2231507814,6197499.882831992
1,FF30_1,0.17685559426750397,FF30,667500.2250742009,6152499.760797058
1,FF31_1,0.2066911874069599,FF31,667500.2664735457,6157499.77134995
1,BD97_1,0.1760818342177766,BD97,497500.0724178304,6287499.721172826
1,FF32_1,0.17736220215318788,FF32,667500.2781001843,6162499.71839387
1,FF33_1,0.17124819809324882,FF33,667500.2537457212,6167499.713120071
1,FF34_1,0.2321432488145559,FF34,667500.2543204613,6172499.757887186
1,FF35_1,0.21800374115528182,FF35,667500.2819172617,6177499.741394598
1,FF36_1,0.17401020494680436,FF36,667500.2673523247,6182499.7724213265
1,FF37_1,0.20109182644574006,FF37,667500.2713154595,6187499.853328593
1,FF38_1,0.22720650961441355,FF38,667500.2333278777,6192499.870393818
1,FF39_1,0.21190979016055383,FF39,667500.2764708342,6197499.828398651
1,FF40_1,0.22305893936146431,FF40,672500.2677202892,6152499.75185617
1,FF41_1,0.20214142490708026,FF41,672500.2610297143,6157499.749462805
1,BD98_1,0.2078566760883717,BD98,497500.04871990596,6292499.726513864
1,FF42_1,0.18158823872949062,FF42,672500.2674698508,6162499.797357992
1,FF43_1,0.18503048390548918,FF43,672500.289242156,6167499.784242888
1,FF44_1,0.17736259475837257,FF44,672500.2569006486,6172499.818821288
1,FF45_1,0.2198167878333567,FF45,672500.298489102,6177499.7947630705
1,FF46_1,0.18641821371474657,FF46,672500.2817369283,6182499.818284865
1,FF50_1,0.20733274494435783,FF50,677500.2932886138,6152499.739124405
1,FF51_1,0.19449434849224442,FF51,677500.3033863106,6157499.735752224
1,BD99_1,0.2305154952988173,BD99,497500.0340011228,6297499.6567514995
1,FF52_1,0.17063895475432103,FF52,677500.247585791,6162499.780240425
1,FF53_1,0.17050770052680764,FF53,677500.2543300018,6167499.7663993435
1,FF54_1,0.18850965755153662,FF54,677500.2538217055,6172499.802859116
1,FF55_1,0.19120741384111448,FF55,677500.2483948858,6177499.778318752
1,FF57_1,0.2169331587540681,FF57,677500.2630915587,6187499.882293927
1,FF60_1,0.24003774279937595,FF60,682500.2545312074,6152499.719203852
1,FF61_1,0.3387278767289459,FF61,682500.2832841513,6157499.724413432
1,FF62_1,0.21245124914989474,FF62,682500.2931610722,6162499.780151567
1,FF63_1,0.1946663714085002,FF63,682500.286603715,6167499.775118978
1,AE97_1,0.38944176033863603,AE97,447500.1513174165,6237499.67796077
1,FF64_1,0.18957260962322042,FF64,682500.2567777862,6172499.820493967
1,FF65_1,0.20046448844205567,FF65,682500.2689476068,6177499.807606941
1,FF66_1,0.17293512487045945,FF66,682500.253306334,6182499.845007382
1,FF67_1,0.17718878751551184,FF67,682500.2749867147,6187499.824026549
1,FF69_1,0.19353572758848017,FF69,682500.286269831,6197499.823893157
1,FF70_1,0.26797983118960955,FF70,687500.2937067151,6152499.696531474
1,FF71_1,0.19833387769944794,FF71,687500.2797492278,6157499.717192857
1,FF72_1,0.17820358921688262,FF72,687500.2940864991,6162499.791177767
1,FF73_1,0.20585754811767,FF73,687500.276108928,6167499.804490101
1,BE03_1,0.1917462332554673,BE03,452500.11633685895,6217499.746191076
1,FF74_1,0.22897508012287637,FF74,687500.2865121333,6172499.759767374
1,FF75_1,0.22035017630051282,FF75,687500.3181023151,6177499.768186162
1,FF76_1,0.26617627158181234,FF76,687500.3057092606,6182499.826981119
1,FF77_1,0.17969911437336633,FF77,687500.3145880764,6187499.827555462
1,FF78_1,0.18070328776248465,FF78,687500.2749215045,6192499.878377509
1,FF79_1,0.18789795454394667,FF79,687500.3143556966,6197499.873560948
1,FF80_1,0.19052723666495375,FF80,692500.3003915065,6152499.665078906
1,FF81_1,0.1660423866613523,FF81,692500.3087101678,6157499.713388103
1,FF82_1,0.17289511237933594,FF82,692500.3342172247,6162499.7039436465
1,FF83_1,0.2010482440434969,FF83,692500.3066476895,6167499.745143122
1,BE04_1,0.35532962329310175,BE04,452500.11632998136,6222499.685172294
1,FF84_1,0.22187358586007866,FF84,692500.2915752039,6172499.7284601815
1,FF86_1,0.21487547597499587,FF86,692500.3421648205,6182499.746437445
1,FF87_1,0.20074703960809243,FF87,692500.3401528873,6187499.778193614
1,FF88_1,0.21497817955184764,FF88,692500.3360075087,6192499.8630453255
1,FF89_1,0.1849562841299204,FF89,692500.3322349075,6197499.889691258
1,FF90_1,0.1680451481338567,FF90,697500.3486702319,6152499.738025841
1,FF91_1,0.2144197506180975,FF91,697500.3229910781,6157499.709487912
1,FF92_1,0.269282002867231,FF92,697500.293774317,6162499.734567302
1,FF93_1,0.2044198066357269,FF93,697500.3265644838,6167499.704813483
1,BE05_1,0.21711221190289126,BE05,452500.15106356906,6227499.661355034
1,FF94_1,0.238734584928046,FF94,697500.3508075213,6172499.728548656
1,FF95_1,0.24307468400049864,FF95,697500.3012456638,6177499.8028586125
1,FF96_1,0.24758919722689232,FF96,697500.3061860544,6182499.82213949
1,FF97_1,0.19705416081416763,FF97,697500.3003211509,6187499.7834761925
1,FF98_1,0.17683292566611783,FF98,697500.3387565847,6192499.800885114
1,FF99_1,0.19133713047732673,FF99,697500.3563003049,6197499.871448284
1,FG04_1,0.182399755198469,FG04,652500.2116871931,6122499.731481395
1,FG05_1,0.20338700646434388,FG05,652500.2171045082,6127499.660736048
1,BE06_1,0.46488506195353435,BE06,452500.1590520394,6232499.675403499
1,FG06_1,0.3025696199862268,FG06,652500.1805834217,6132499.7467744155
1,FG07_1,0.23984216816909637,FG07,652500.1714465149,6137499.7692362005
1,FG08_1,0.1884102785831932,FG08,652500.1877744175,6142499.728074739
1,FG09_1,0.18535835383580518,FG09,652500.2237905464,6147499.734495867
1,FG14_1,0.24369503068699408,FG14,657500.2100665862,6122499.639163951
1,FG15_1,0.19752902764943797,FG15,657500.1898129255,6127499.635449556
1,FG16_1,0.26289924111266993,FG16,657500.1792098745,6132499.679580689
1,FG17_1,0.2416885072090119,FG17,657500.1763130119,6137499.771510345
1,FG18_1,0.21281433753710421,FG18,657500.1871278463,6142499.68869132
1,BE07_1,0.3195604336079615,BE07,452500.1397759422,6237499.615993101
1,FG19_1,0.17917158918095963,FG19,657500.1978004752,6147499.764823828
1,FG24_1,0.22019235924036948,FG24,662500.1893252225,6122499.713272569
1,FG25_1,0.21650702925553292,FG25,662500.212405978,6127499.6770139495
1,FG26_1,0.17999780252005348,FG26,662500.2293112001,6132499.688712805
1,FG27_1,0.19079575970996765,FG27,662500.2380894625,6137499.748319519
1,FG28_1,0.23015778007696594,FG28,662500.2408897995,6142499.744536591
1,FG29_1,0.20939932582527618,FG29,662500.2357788663,6147499.677311915
1,FG33_1,0.18307261679133563,FG33,667500.2205645419,6117499.620359663
1,BE08_1,0.3681913249778644,BE08,452500.095196037,6242499.594395928
1,FG34_1,0.17595468641030576,FG34,667500.2407739353,6122499.62178409
1,FG35_1,0.18994072375070098,FG35,667500.2410699656,6127499.67131439
1,FG36_1,0.20054473999561753,FG36,667500.223709299,6132499.657654755
1,FG37_1,0.2192702065240899,FG37,667500.2459156871,6137499.694400441
1,FG38_1,0.18961552391006337,FG38,667500.246432031,6142499.6678515
1,FG39_1,0.21290756833065638,FG39,667500.2190836334,6147499.6891986625
1,FG43_1,0.26754707524873395,FG43,672500.2258820928,6117499.596572478
1,FG44_1,0.20684195541956943,FG44,672500.2404861517,6122499.693047497
1,BE09_1,0.3151097337580413,BE09,452500.0878081365,6247499.609894695
1,FG45_1,0.17366581458041466,FG45,672500.2238220301,6127499.726472702
1,FG46_1,0.21790407580417875,FG46,672500.2374023632,6132499.69926705
1,FG47_1,0.1787184233234337,FG47,672500.2747216006,6137499.722619677
1,FG48_1,0.184699289452066,FG48,672500.2746404527,6142499.682758598
1,FG49_1,0.2266412631496756,FG49,672500.2308515612,6147499.690869135
1,FG51_1,0.37860694605467,FG51,677500.2769194953,6107499.589955671
1,FG52_1,0.2739127012297688,FG52,677500.260739334,6112499.577837041
1,FG53_1,0.16255279309759324,FG53,677500.2611837294,6117499.616630811
1,FG54_1,0.17827595709514724,FG54,677500.2760694259,6122499.706284379
1,FG55_1,0.18878348860535749,FG55,677500.2485989162,6127499.621722549
1,FG56_1,0.21539548017169327,FG56,677500.2903632673,6132499.70169495
1,FG57_1,0.22311541139882413,FG57,677500.2811134357,6137499.718577848
1,FG58_1,0.19062916650160946,FG58,677500.2822108439,6142499.674861006
1,FG59_1,0.20384040874561918,FG59,677500.2869998979,6147499.681728301
1,FG60_1,0.17609677793887193,FG60,682500.2334478453,6102499.59563694
1,FG62_1,0.19673200689896414,FG62,682500.2601156291,6112499.636107586
1,FG63_1,0.1831498730922193,FG63,682500.2782719862,6117499.677322921
1,FG64_1,0.26056270687196303,FG64,682500.2997839985,6122499.658293756
1,BE11_1,0.2531282916009989,BE11,457500.10127285187,6207499.743524788
1,FG65_1,0.17380136219754425,FG65,682500.2543705795,6127499.687580657
1,FG66_1,0.22664532632353787,FG66,682500.2715598893,6132499.659124765
1,FG68_1,0.17563892953837973,FG68,682500.2850436782,6142499.643376395
1,FG69_1,0.18342346776986684,FG69,682500.2769601031,6147499.655967729
1,FG70_1,0.16699778390586364,FG70,687500.2749447277,6102499.555240454
1,FG71_1,0.1596514917947785,FG71,687500.2711367387,6107499.614428979
1,FG72_1,0.20031632411408648,FG72,687500.2596549657,6112499.613608101
1,FG73_1,0.1882829535295079,FG73,687500.2973089004,6117499.666636524
1,FG74_1,0.2607458549502977,FG74,687500.3227844504,6122499.659540088
1,AE98_1,0.2887170109425657,AE98,447500.15313399426,6242499.6437634
1,BE12_1,0.2135958179519102,BE12,457500.1500305779,6212499.741318243
1,FG75_1,0.1922212935849863,FG75,687500.2656673533,6127499.700801892
1,FG76_1,0.20032118890793024,FG76,687500.3190664198,6132499.68719706
1,FG77_1,0.1894157537530972,FG77,687500.2854871633,6137499.721830154
1,FG78_1,0.1675504243347616,FG78,687500.294305089,6142499.698789443
1,FG79_1,0.19568516355750537,FG79,687500.2751403373,6147499.7265565675
1,FG80_1,0.27337062722117333,FG80,692500.2601699218,6102499.523256032
1,FG81_1,0.1564845523977848,FG81,692500.2449257197,6107499.60061101
1,FG82_1,0.1641104418746551,FG82,692500.270379107,6112499.620822028
1,FG83_1,0.1826651223129659,FG83,692500.2704610613,6117499.581073102
1,FG84_1,0.2572856941264892,FG84,692500.3017700722,6122499.5952903135
1,BE13_1,0.20725301321601655,BE13,457500.15345753945,6217499.776981724
1,FG85_1,0.17875786158289128,FG85,692500.2983532327,6127499.660655089
1,FG86_1,0.19930772757010695,FG86,692500.3263061603,6132499.668636978
1,FG87_1,0.17584414512332017,FG87,692500.3198407196,6137499.6164119765
1,FG88_1,0.19755236540615134,FG88,692500.3303715999,6142499.729143381
1,FG89_1,0.184825299764905,FG89,692500.3068019298,6147499.670310448
1,FG92_1,0.20750974729242797,FG92,697500.24892862665,6112499.542973782
1,FG93_1,0.23108067438174307,FG93,697500.2722987161,6117499.533765045
1,FG94_1,0.20836883845877574,FG94,697500.3112419588,6122499.578683486
1,FG95_1,0.19026026114734151,FG95,697500.3047563492,6127499.563608582
1,FG96_1,0.19433105699174624,FG96,697500.3091473787,6132499.602535079
1,BE14_1,0.18556500648742807,BE14,457500.1111617552,6222499.739193365
1,FG97_1,0.1891765662137301,FG97,697500.3219843409,6137499.695401272
1,FG98_1,0.21242673347442886,FG98,697500.3508036272,6142499.619688079
1,FG99_1,0.19768432787137002,FG99,697500.3149968215,6147499.706177678
1,FH01_1,0.39573505762951233,FH01,652500.1476911665,6057499.672137209
1,FH02_1,0.3958554340260627,FH02,652500.1450141938,6062499.66186962
1,FH04_1,0.26887387153015574,FH04,652500.1604771961,6072499.670583969
1,FH05_1,0.17934137334333866,FH05,652500.1788386654,6077499.578235263
1,FH06_1,0.24393963692570655,FH06,652500.2371696586,6082499.645297011
1,FH07_1,0.4458689965866223,FH07,652500.2166753336,6087499.533638527
1,BE15_1,0.24961091801603286,BE15,457500.1490842873,6227499.737989361
1,FH08_1,0.4438694313215441,FH08,652500.2325856738,6092499.581303407
1,FH11_1,0.25296266093752867,FH11,657500.1262107163,6057499.645298414
1,FH12_1,0.16208161525743822,FH12,657500.1704044837,6062499.696315981
1,FH13_1,0.3329320672087812,FH13,657500.1879686262,6067499.682293598
1,FH14_1,0.1734779249530828,FH14,657500.1772087506,6072499.60318349
1,FH15_1,0.16287911201244779,FH15,657500.1967778043,6077499.572426094
1,FH16_1,0.19521997991307594,FH16,657500.1805786046,6082499.587730882
1,FH18_1,0.31217031217034985,FH18,657500.2338967368,6092499.540600677
1,BE16_1,0.23423201888684134,BE16,457500.14241573645,6232499.663280108
1,FH21_1,0.22348852801567407,FH21,662500.1301028883,6057499.666921422
1,FH22_1,0.1857078132783346,FH22,662500.1620149246,6062499.674904235
1,FH23_1,0.21706374983436733,FH23,662500.1522521604,6067499.6179124275
1,FH24_1,0.2076547143185313,FH24,662500.1594183256,6072499.609451599
1,FH25_1,0.19915551250750946,FH25,662500.1815777237,6077499.649476749
1,FH29_1,0.303113933729148,FH29,662500.2137666696,6097499.619101521
1,BE17_1,0.2056492417952025,BE17,457500.0929771521,6237499.626338543
1,FH32_1,0.2313223406727903,FH32,667500.1352127434,6062499.596899727
1,FH33_1,0.20444668807815522,FH33,667500.1600240769,6067499.619644241
1,FH34_1,0.1823338862466079,FH34,667500.1262541488,6072499.577417303
1,FH35_1,0.17593160785489823,FH35,667500.156540169,6077499.58618157
1,FH36_1,0.20640526816253144,FH36,667500.1845546081,6082499.643502697
1,FH42_1,0.20638715585374387,FH42,672500.1655806476,6062499.575288157
1,FH43_1,0.1744855628203956,FH43,672500.1619102128,6067499.684537786
1,FH44_1,0.22148036626522125,FH44,672500.1531629068,6072499.620077815
1,FH45_1,0.18349994882146162,FH45,672500.128911406,6077499.604325416
1,BE18_1,0.3376567652638553,BE18,457500.12517345103,6242499.625902592
1,FH46_1,0.18146941502553168,FH46,672500.1513759971,6082499.63969187
1,FH52_1,0.1696962459321443,FH52,677500.1392029081,6062499.604546833
1,FH53_1,0.2224109156430474,FH53,677500.1172675767,6067499.586923023
1,FH54_1,0.17676448141211054,FH54,677500.1309098973,6072499.62068056
1,FH55_1,0.24923498461214072,FH55,677500.1823433801,6077499.594537913
1,FH56_1,0.22934777486744581,FH56,677500.1366827373,6082499.614611358
1,FH57_1,0.18545468143024732,FH57,677500.1888842597,6087499.577212903
1,BE19_1,0.2575058443502312,BE19,457500.1157411464,6247499.663183419
1,FH58_1,0.22182146333629005,FH58,677500.2041166634,6092499.588457644
1,FH62_1,0.16358446006800867,FH62,682500.1400127035,6062499.575180733
1,FH63_1,0.2755384345423899,FH63,682500.1571327308,6067499.664842146
1,FH64_1,0.16531314087959567,FH64,682500.1391901771,6072499.580977525
1,FH65_1,0.5067796698789145,FH65,682500.1394981287,6077499.54859203
1,FH66_1,0.19593362905327377,FH66,682500.1558782132,6082499.567633862
1,FH68_1,0.19240715581498838,FH68,682500.2371930047,6092499.537326161
1,BE20_1,0.19881885773232852,BE20,462500.11838367645,6202499.747712504
1,FH71_1,0.20799650520918003,FH71,687500.123673068,6057499.554574321
1,FH72_1,0.18053996329914448,FH72,687500.1143025191,6062499.595132073
1,FH73_1,0.27638612250608374,FH73,687500.1168201703,6067499.576189147
1,FH74_1,0.16418380913672387,FH74,687500.1244441366,6072499.608917633
1,FH75_1,0.16259636297896327,FH75,687500.139621074,6077499.58203556
1,FH76_1,0.17307018428350962,FH76,687500.1555507714,6082499.606715107
1,BE21_1,0.1966484729558594,BE21,462500.0952010719,6207499.74191438
1,FH79_1,0.20239810403799138,FH79,687500.2046274128,6097499.544650838
1,FH80_1,0.16325001522142568,FH80,692500.0947199763,6052499.611192662
1,FH81_1,0.17676099129318798,FH81,692500.0242031823,6057499.60869983
1,FH83_1,0.3210481142234844,FH83,692500.131364359,6067499.547898819
1,FH84_1,0.19351676930265768,FH84,692500.1064229409,6072499.592479514
1,FH85_1,0.1799529255587306,FH85,692500.1382373512,6077499.580319139
1,FH86_1,0.16745109680050532,FH86,692500.160248557,6082499.508615752
1,FH87_1,0.2194324394762103,FH87,692500.1607475667,6087499.599762127
1,FH88_1,0.2653426525093806,FH88,692500.2158820927,6092499.522771814
1,AD91_1,0.33006100143930484,AD91,447500.05017916387,6257499.546271402
1,BE22_1,0.18514014731235182,BE22,462500.1342590039,6212499.772833126
1,FH89_1,0.17953061383561203,FH89,692500.2497555495,6097499.497289627
1,FG90_1,0.24351295190248826,FG90,697500.2684456746,6102499.501563041
1,FG91_1,0.15656409092239862,FG91,697500.2484837822,6107499.495144536
1,FH95_1,0.1688345232796994,FH95,697500.150730151,6077499.542688702
1,FH96_1,0.1960405465058674,FH96,697500.1759652141,6082499.495040286
1,FH98_1,0.22651142802065105,FH98,697500.1920739731,6092499.557689017
1,FH99_1,0.18817021985134944,FH99,697500.2472731089,6097499.559464772
1,GE00_1,0.1768609629651518,GE00,702500.3468220314,6202499.881296357
1,BE23_1,0.18518374977907842,BE23,462500.11044103146,6217499.730235226
1,GE01_1,0.20989723220498796,GE01,702500.378710623,6207499.892304815
1,GE02_1,0.1947153258434965,GE02,702500.4334288082,6212499.848059619
1,GE03_1,0.19157613078521266,GE03,702500.4408437889,6217499.856788846
1,GE04_1,0.16173210866236773,GE04,702500.4606550329,6222499.921351904
1,GE10_1,0.2049633454691152,GE10,707500.3789717224,6202499.852386592
1,GE11_1,0.2662326798551349,GE11,707500.409073655,6207499.815850618
1,GE12_1,0.2612784598759648,GE12,707500.4404434582,6212499.835447987
1,GE13_1,0.19962189439612912,GE13,707500.4081545363,6217499.908100328
1,GE14_1,0.1892907978466261,GE14,707500.444826527,6222499.8172854865
1,GE20_1,0.19998902920610856,GE20,712500.4059752157,6202499.793334916
1,BE24_1,0.24117178857033442,BE24,462500.1496938069,6222499.724303068
1,GE21_1,0.1953249145484506,GE21,712500.431105092,6207499.830216896
1,GE22_1,0.19433575562466715,GE22,712500.4466481479,6212499.812149445
1,GE23_1,0.1867323583796618,GE23,712500.4444375301,6217499.850279269
1,GE24_1,0.1656448708270133,GE24,712500.427285722,6222499.833303753
1,GE30_1,0.23736646621090157,GE30,717500.4386215332,6202499.814452954
1,GE31_1,0.15833110812821147,GE31,717500.4664293623,6207499.823270025
1,GE32_1,0.195343220090697,GE32,717500.4628353314,6212499.888487851
1,GE33_1,0.196410783961243,GE33,717500.4363954787,6217499.7875834415
1,GE34_1,0.22212044865860825,GE34,717500.4297171882,6222499.857289503
1,BE25_1,0.2100757313372592,BE25,462500.12816557044,6227499.756101517
1,GE42_1,0.184139755785085,GE42,722500.4542082316,6212499.8379352
1,GE43_1,0.18988291480693917,GE43,722500.4569293238,6217499.833379672
1,GF00_1,0.21584574588308805,GF00,702500.3379804895,6152499.686444453
1,GF01_1,0.22685499722011954,GF01,702500.3385118302,6157499.704640133
1,GF02_1,0.1814283048265484,GF02,702500.3195119632,6162499.776580491
1,GF03_1,0.23418955951999382,GF03,702500.351800605,6167499.682659319
1,GF04_1,0.21880133339973848,GF04,702500.3543900581,6172499.753574929
1,GF05_1,0.2658979441295388,GF05,702500.3351455712,6177499.7668023845
1,BE26_1,0.28260251382774776,BE26,462500.1075739042,6232499.713761374
1,GF06_1,0.23146515337302295,GF06,702500.3492048995,6182499.8364209505
1,GF07_1,0.17689078006469638,GF07,702500.3364148074,6187499.84821207
1,GF08_1,0.18384873645623617,GF08,702500.3569451347,6192499.805028212
1,GF09_1,0.17018967713452043,GF09,702500.3404156363,6197499.815104434
1,GF12_1,0.2680223192650396,GF12,707500.3696013235,6162499.715173889
1,GF13_1,0.22640376207274215,GF13,707500.3300529267,6167499.786107193
1,GF14_1,0.22204290608470617,GF14,707500.3864467979,6172499.694285468
1,GF15_1,0.21946548049520245,GF15,707500.3944162552,6177499.767333329
1,GF16_1,0.21280518163724566,GF16,707500.3620901112,6182499.782727323
1,GF17_1,0.1999075931249088,GF17,707500.3497072838,6187499.7433876665
1,BE27_1,0.2644831291732601,BE27,462500.0893851709,6237499.708556035
1,GF18_1,0.17469242704545637,GF18,707500.4065654634,6192499.874692895
1,GF19_1,0.16973069705420382,GF19,707500.358158152,6197499.833901825
1,GF23_1,0.2296383118411553,GF23,712500.3560583256,6167499.683554069
1,GF24_1,0.2552169611410727,GF24,712500.3895823077,6172499.769300189
1,GF25_1,0.21025011115596906,GF25,712500.3693780791,6177499.797558002
1,GF26_1,0.18671678201554628,GF26,712500.4185002823,6182499.774381583
1,GF27_1,0.203921801018628,GF27,712500.403282234,6187499.804788459
1,GF28_1,0.1755857078625508,GF28,712500.3893101846,6192499.780546682
1,GF29_1,0.20489599867856514,GF29,712500.4309910986,6197499.815875246
1,GF33_1,0.22949637250824093,GF33,717500.3669444381,6167499.70479759
1,BE28_1,0.19849078512043622,BE28,462500.13495159394,6242499.628613053
1,GF34_1,0.19288431278953636,GF34,717500.390443028,6172499.75522035
1,GF35_1,0.23665174509237627,GF35,717500.4071713447,6177499.751367931
1,GF36_1,0.23766499361046511,GF36,717500.4089050895,6182499.80438197
1,GF37_1,0.19750648702586196,GF37,717500.398525072,6187499.802966663
1,GF38_1,0.23455813320794783,GF38,717500.4359702461,6192499.750185389
1,GF39_1,0.20251412463553953,GF39,717500.4446435908,6197499.865260167
1,GF43_1,0.3851213521361969,GF43,722500.3839188339,6167499.73768856
1,GF44_1,0.18288093661270358,GF44,722500.3996769824,6172499.762351516
1,GF45_1,0.21514770686939394,GF45,722500.392806392,6177499.732873452
1,BE29_1,0.1797607384144368,BE29,462500.12296665786,6247499.697601233
1,GF46_1,0.2266163971284183,GF46,722500.4176988797,6182499.763599473
1,GF47_1,0.2506726343150118,GF47,722500.4144617681,6187499.740026254
1,GF48_1,0.21028612636643657,GF48,722500.4373197008,6192499.776501604
1,GF49_1,0.19050794063518559,GF49,722500.4265400727,6197499.758516749
1,GF52_1,0.21648379501626203,GF52,727500.4398205662,6162499.722201364
1,GF53_1,0.18073693528047854,GF53,727500.422905934,6167499.781335341
1,GF54_1,0.19442379397104229,GF54,727500.4332192165,6172499.789807921
1,GF55_1,0.2555272566868487,GF55,727500.4050477121,6177499.7442593165
1,BE30_1,0.18636802436604938,BE30,467500.10730380483,6202499.828305079
1,GF63_1,0.21469158343175943,GF63,732500.4427733541,6167499.720322601
1,GF74_1,0.5028360386342503,GF74,737500.391410232,6172499.777421679
1,GG00_1,0.3339288306571719,GG00,702500.2513107894,6102499.486564997
1,GG02_1,0.30089539679077687,GG02,702500.2698174989,6112499.49328954
1,BE31_1,0.1981040690475782,BE31,467500.0896561928,6207499.754043788
1,GG05_1,0.1893921060279092,GG05,702500.2956471718,6127499.520004621
1,GG06_1,0.15457279700450688,GG06,702500.3418263504,6132499.602145045
1,GG07_1,0.2086038122591564,GG07,702500.3223454107,6137499.624233186
1,GG08_1,0.18697004733713618,GG08,702500.3565356643,6142499.703241566
1,GG09_1,0.2052302175785093,GG09,702500.3203636502,6147499.722061222
1,GG10_1,0.23660826635345675,GG10,707500.2241910483,6102499.477378527
1,GG15_1,0.1723011516160301,GG15,707500.2865024854,6127499.528984483
1,GG16_1,0.17472242981592323,GG16,707500.318123319,6132499.54965108
1,AF81_1,0.23749994874977207,AF81,442500.1384771916,6157499.787446427
1,BE32_1,0.21709837249391198,BE32,467500.1185248302,6212499.827834143
1,GG17_1,0.2487514244200946,GG17,707500.3267206545,6137499.624520913
1,GG18_1,0.2148750499145812,GG18,707500.3150847398,6142499.642302799
1,GG20_1,0.22375344433809632,GG20,712500.2716980586,6102499.364975292
1,GG25_1,0.1727313814122626,GG25,712500.2981323673,6127499.478503297
1,GG26_1,0.26751492426324974,GG26,712500.3120173198,6132499.558293428
1,GG27_1,0.1870852360622137,GG27,712500.3559583894,6137499.584229157
1,GG28_1,0.17278003023058883,GG28,712500.3586284099,6142499.664407933
1,GG30_1,0.1516877024941184,GG30,717500.2710031869,6102499.364961077
1,BE33_1,0.18445144084586715,BE33,467500.1294375103,6217499.716232078
1,GG36_1,0.1838417693118939,GG36,717500.3444608465,6132499.516067203
1,GG37_1,0.18652194400430758,GG37,717500.3570528256,6137499.610675284
1,GG40_1,0.15985153669694802,GG40,722500.2426872866,6102499.365112122
1,GH06_1,0.16819033264475283,GH06,702500.1535418842,6082499.562371342
1,GH07_1,0.2225718406875029,GH07,702500.2055944144,6087499.491482163
1,GH08_1,0.15870933521999234,GH08,702500.2079264515,6092499.47235032
1,GH09_1,0.20750069088128265,GH09,702500.2222932067,6097499.507805596
1,BE34_1,0.18648326913458702,BE34,467500.1254063341,6222499.7531053685
1,GH17_1,0.17593496159199623,GH17,707500.1620744534,6087499.459011547
1,GH18_1,0.16221229589242833,GH18,707500.2048840352,6092499.4855571035
1,GH19_1,0.19233116346242748,GH19,707500.2494126634,6097499.455617712
1,GH29_1,0.21560735949532683,GH29,712500.2161125919,6097499.396182269
1,GH39_1,0.16073712103650648,GH39,717500.2017694439,6097499.331568221
1,GH49_1,0.2347573583794074,GH49,722500.216261824,6097499.372189741
1,GH59_1,0.21717799020511835,GH59,727500.227613787,6097499.180401683
1,HA03_1,0.20442749634252902,HA03,865472.2272740616,6117457.74120337
1,HA04_1,0.1804641048242567,HA04,865042.1703744105,6122447.22532909
1,HA05_1,0.2106169624900963,HA05,864612.115336128,6127436.838485431
1,BE35_1,0.2461016971924742,BE35,467500.1052226283,6227499.715833131
1,HA06_1,0.22105898890135905,HA06,864181.8076420787,6132426.559736473
1,HA07_1,0.1947748167417117,HA07,863751.2660785005,6137416.166926846
1,HA13_1,0.2034287727999778,HA13,870461.7980367357,6117887.195561998
1,HA14_1,0.2123161339160316,HA14,870031.9513802049,6122877.127863388
1,HA15_1,0.22965241847335832,HA15,869601.845051859,6127867.055503114
1,HA16_1,0.32283194009331556,HA16,869171.5430810943,6132856.983802248
1,HA17_1,0.22100812035262812,HA17,868741.0008366904,6137846.685305342
1,BE36_1,0.28772732518524746,BE36,467500.1322030665,6232499.715216365
1,HA22_1,0.32042062542802086,HA22,875881.8221458339,6113327.073579225
1,HA23_1,0.2524152353860001,HA23,875451.795731092,6118316.966683082
1,HA24_1,0.1923602655292292,HA24,875021.9214742357,6123307.113310843
1,HA25_1,0.1965211515028677,HA25,874591.8354984492,6128297.258993814
1,HA26_1,0.19468113771856702,HA26,874161.4745486901,6133287.398365342
1,HA32_1,0.19281182686593681,HA32,880871.8114806362,6113756.340020944
1,HA33_1,0.20353151525041246,HA33,880442.1265315809,6118746.823881969
1,HA34_1,0.2063735889934065,HA34,880012.2234439113,6123737.194118903
1,BE37_1,0.360939478082098,BE37,467500.08192916744,6237499.640875189
1,HA35_1,0.18830143579861822,HA35,879582.029386323,6128727.556359625
1,HA36_1,0.1948455011964436,HA36,879151.6814159437,6133717.810436713
1,HA42_1,0.1995674055177848,HA42,885862.3873392998,6114185.928670378
1,HA43_1,0.19455964596685738,HA43,885432.6339030144,6119176.530447572
1,HA44_1,0.1809703920378696,HA44,885002.6913537935,6124167.24465621
1,HA45_1,0.2359524652170395,HA45,884572.525051827,6129157.732566417
1,HA52_1,0.20355428141872475,HA52,890853.2009991016,6114615.586654353
1,BE38_1,0.2245909641900437,BE38,467500.0804897086,6242499.714440874
1,HA53_1,0.18362384776279678,HA53,890423.4322463954,6119606.432185382
1,HA54_1,0.1881732114099621,HA54,889993.4047017333,6124597.271928037
1,BE39_1,0.2343093344677674,BE39,467500.1255944229,6247499.601982121
1,BE40_1,0.194369977606493,BE40,472500.1127389596,6202499.801765352
1,BE41_1,0.189946420041223,BE41,472500.10111836577,6207499.780096917
1,AF82_1,0.23023917486126688,AF82,442500.15165183047,6162499.8084204225
1,BE42_1,0.258152840935734,BE42,472500.118605587,6212499.79520641
1,BE43_1,0.18600874099628428,BE43,472500.102536274,6217499.736171087
1,BE44_1,0.21573048137559037,BE44,472500.11623195955,6222499.713864509
1,BE45_1,0.19148480035350957,BE45,472500.0978888087,6227499.728662689
1,BE46_1,0.2754952041390892,BE46,472500.10925229813,6232499.668840696
1,BE47_1,0.3240308636362968,BE47,472500.08938047354,6237499.6460741
1,BE48_1,0.2334622458386856,BE48,472500.10059309157,6242499.6599383075
1,BE50_1,0.1978615190371017,BE50,477500.0897044176,6202499.779935578
1,BE51_1,0.21971678637871606,BE51,477500.0837171829,6207499.820620244
1,BE52_1,0.18551708981391402,BE52,477500.0896873518,6212499.786792553
1,BE53_1,0.18541276517534871,BE53,477500.10844758886,6217499.789725573
1,BE54_1,0.1929723324476193,BE54,477500.0775276706,6222499.718423463
1,BE55_1,0.1921043993927402,BE55,477500.12210260506,6227499.683505938
1,BE56_1,0.2684551762941248,BE56,477500.11822783895,6232499.6856043795
1,BE57_1,0.22145620312545658,BE57,477500.12828789,6237499.724367468
1,BE58_1,0.2367748115240504,BE58,477500.09009941894,6242499.688796431
1,BE59_1,0.21116627543569555,BE59,477500.06649092725,6247499.689840795
1,BE60_1,0.21650920649902164,BE60,482500.1170935474,6202499.762600222
1,BE61_1,0.23112066948000165,BE61,482500.11583061574,6207499.764099555
1,AF91_1,0.23894823517257502,AF91,447500.16279772675,6157499.807246089
1,BE62_1,0.18824822992715282,BE62,482500.11054156657,6212499.802375257
1,BE63_1,0.19140838187068207,BE63,482500.1010131544,6217499.766104947
1,BE64_1,0.18978123068060163,BE64,482500.08794277866,6222499.766563116
1,BE65_1,0.19381161065199362,BE65,482500.0711159684,6227499.692425571
1,BE66_1,0.19585886769207667,BE66,482500.11322061473,6232499.654712963
1,BE67_1,0.30030943731705095,BE67,482500.0904503339,6237499.653912236
1,BE68_1,0.2522664838193214,BE68,482500.0651098611,6242499.689744695
1,BE69_1,0.19507957908150503,BE69,482500.0987530567,6247499.650626864
1,BE70_1,0.1961539098060088,BE70,487500.0865301826,6202499.750414935
1,BE71_1,0.19213725540253715,BE71,487500.08995137503,6207499.722487243
1,AF92_1,0.2430004209943121,AF92,447500.2057250942,6162499.834014087
1,BE72_1,0.22970707166046048,BE72,487500.07277842105,6212499.73131084
1,BE73_1,0.202153556048388,BE73,487500.09745280247,6217499.776680447
1,BE74_1,0.20180573983067712,BE74,487500.10153235553,6222499.747455017
1,BE75_1,0.31432951461108943,BE75,487500.08557870064,6227499.754910266
1,BE76_1,0.21677336416515852,BE76,487500.0494996909,6232499.6877210885
1,BE77_1,0.29120741424680774,BE77,487500.0557743558,6237499.656981816
1,BE78_1,0.19359673069125757,BE78,487500.10442118364,6242499.66266886
1,BE79_1,0.21844506008855122,BE79,487500.07191723434,6247499.705124563
1,BE80_1,0.20469069998980202,BE80,492500.0769083233,6202499.743162796
1,BE81_1,0.2629006638135208,BE81,492500.0851086948,6207499.806863972
1,AF93_1,0.25465783557897675,AF93,447500.1653840631,6167499.788514787
1,BE82_1,0.2084035687446263,BE82,492500.0559510994,6212499.795978415
1,BE83_1,0.23592784919841273,BE83,492500.0518686798,6217499.710370969
1,BE84_1,0.20402802490478716,BE84,492500.07326583227,6222499.77261727
1,BE85_1,0.19841105589049046,BE85,492500.0576986846,6227499.760204127
1,BE86_1,0.18332757085775012,BE86,492500.0673832763,6232499.672995943
1,BE87_1,0.185541592869704,BE87,492500.0408101817,6237499.733683195
1,BE88_1,0.2028985521359895,BE88,492500.0396555708,6242499.719527307
1,BE89_1,0.22508516425686426,BE89,492500.0641284463,6247499.741806999
1,BE90_1,0.20337133009757558,BE90,497500.0422758438,6202499.741026654
1,BE91_1,0.1998709609579846,BE91,497500.0549127382,6207499.7948163375
1,AF94_1,0.21311315044915494,AF94,447500.1697669054,6172499.780493908
1,BE92_1,0.23233855090806146,BE92,497500.07603090524,6212499.773925238
1,BE93_1,0.25978299710813185,BE93,497500.0434951054,6217499.78966552
1,BE94_1,0.192003111967762,BE94,497500.0817259047,6222499.730638592
1,BE95_1,0.1888233370162503,BE95,497500.06645494024,6227499.708195655
1,BE96_1,0.2375486784181986,BE96,497500.0598918972,6232499.722276111
1,BE97_1,0.2244844209747064,BE97,497500.06204059086,6237499.7728568325
1,BE98_1,0.2335494081693914,BE98,497500.0728370326,6242499.748610737
1,BE99_1,0.22262208452501256,BE99,497500.0305140985,6247499.6495497795
1,BF00_1,0.23927322568157386,BF00,452500.16255789786,6152499.84979633
1,BF01_1,0.24978189382985055,BF01,452500.1443555164,6157499.855121321
1,BF02_1,0.21475622352617113,BF02,452500.1523084943,6162499.7866961
1,BF03_1,0.21770388319954695,BF03,452500.1251936091,6167499.75646735
1,BF04_1,0.31095421934511736,BF04,452500.1265854016,6172499.763725036
1,BF05_1,0.22159250790865523,BF05,452500.0929818788,6177499.69784097
1,BF06_1,0.20560185857829152,BF06,452500.08902709355,6182499.669392232
1,BF07_1,0.29776603108054805,BF07,452500.1152225344,6187499.678353518
1,BF08_1,0.5382228605537874,BF08,452500.10950070026,6192499.7253870675
1,BF11_1,0.2028526094629088,BF11,457500.09805196273,6157499.819878605
1,BF12_1,0.22082754705658278,BF12,457500.1359493549,6162499.887689657
1,AF96_1,0.2907233083668651,AF96,447500.12389998813,6182499.65648123
1,BF14_1,0.22950886149791663,BF14,457500.1182257726,6172499.803160674
1,BF15_1,0.2424586232247839,BF15,457500.127743533,6177499.761444724
1,BF16_1,0.2003031060344554,BF16,457500.08782064816,6182499.757772771
1,BF17_1,0.3338710403053777,BF17,457500.1244502372,6187499.790891147
1,BF18_1,0.2915062952586971,BF18,457500.11167777673,6192499.750712315
1,BF21_1,0.18764678847213775,BF21,462500.1042798301,6157499.812390076
1,AD92_1,0.29098021049064693,AD92,447500.02377636905,6262499.551973275
1,AF97_1,0.34823256532225505,AF97,447500.13908220717,6187499.650967309
1,BF24_1,0.36659179625890065,BF24,462500.0968862839,6172499.788392592
1,BF27_1,0.21375945448408215,BF27,462500.11824307253,6187499.766874204
1,BF28_1,0.20900756874622403,BF28,462500.0991430791,6192499.760439191
1,BF29_1,0.3051770783211263,BF29,462500.07854237576,6197499.791339589
1,BF31_1,0.19054513718031801,BF31,467500.0528761789,6157499.8339712275
1,BF32_1,0.2153734479737883,BF32,467500.0828731935,6162499.869694816
1,BF33_1,0.18970729231764008,BF33,467500.09141173307,6167499.831571815
1,AF98_1,0.3768187521469695,AF98,447500.13873657817,6192499.683587027
1,BF34_1,0.2916077326938954,BF34,467500.07979854086,6172499.830867704
1,BF35_1,0.21677144329302842,BF35,467500.11046438524,6177499.755797745
1,BF36_1,0.20627018370783037,BF36,467500.05907752085,6182499.718568934
1,BF37_1,0.21127913861110229,BF37,467500.11425610323,6187499.71774681
1,BF38_1,0.19320083874900076,BF38,467500.08834202494,6192499.754719362
1,BF39_1,0.19841786983451973,BF39,467500.1070246964,6197499.8285216
1,BF40_1,0.18105611380220749,BF40,472500.05446232,6152499.831390551
1,BF41_1,0.1860435322666981,BF41,472500.085972153,6157499.883806649
1,BF42_1,0.2189698918203979,BF42,472500.07961185457,6162499.862346774
1,BF43_1,0.22353325850178218,BF43,472500.098778225,6167499.766588567
1,AF99_1,0.34333989677055216,AF99,447500.1235891788,6197499.754315107
1,BF44_1,0.19022562753250977,BF44,472500.0822753295,6172499.819486889
1,BF45_1,0.19709019878514525,BF45,472500.09195236844,6177499.798039483
1,BF46_1,0.20592020358915786,BF46,472500.06605603127,6182499.813911805
1,BF47_1,0.263864286689396,BF47,472500.06699141755,6187499.755388988
1,BF48_1,0.2434567711919841,BF48,472500.0957205096,6192499.73373965
1,BF49_1,0.2074657034233843,BF49,472500.0900039778,6197499.749339143
1,BF50_1,0.18592145142814204,BF50,477500.08187685715,6152499.846936376
1,BF51_1,0.20499733395384834,BF51,477500.02976028406,6157499.8520273
1,BF53_1,0.20004760320635795,BF53,477500.08021795313,6167499.7500125235
1,BC10_1,0.2932927347883767,BC10,457500.06312543934,6302499.745828598
1,BF54_1,0.26488260989909773,BF54,477500.057860584,6172499.75480094
1,BF55_1,0.20968144026049182,BF55,477500.0461591174,6177499.796539538
1,BF56_1,0.42383493849880755,BF56,477500.10749606375,6182499.763586155
1,BF57_1,0.21642957260494392,BF57,477500.05456016917,6187499.768187857
1,BF58_1,0.258297785764057,BF58,477500.0757376356,6192499.809343387
1,BF59_1,0.22688312021251983,BF59,477500.10798379144,6197499.776060057
1,BF60_1,0.1744150057042501,BF60,482500.0368470739,6152499.882651542
1,BF61_1,0.19243546525161437,BF61,482500.0271999943,6157499.849245702
1,BF62_1,0.1817173003847256,BF62,482500.07425727736,6162499.852593689
1,BF63_1,0.2081262091184621,BF63,482500.0517386565,6167499.781888844
1,BC11_1,0.3885293322393361,BC11,457500.0287272008,6307499.784091797
1,BF64_1,0.2189599355650315,BF64,482500.08626133483,6172499.7478915425
1,BF65_1,0.2004242253226855,BF65,482500.0522818646,6177499.751086633
1,BF67_1,0.24013387631202932,BF67,482500.09339765523,6187499.756401075
1,BF68_1,0.22481934256159986,BF68,482500.106118653,6192499.758727317
1,BF69_1,0.2684361959951972,BF69,482500.11408775987,6197499.797900253
1,BF70_1,0.25687551245130175,BF70,487500.0613181969,6152499.826749672
1,BF71_1,0.19574020975392298,BF71,487500.03120470024,6157499.875939318
1,BF72_1,0.18732858302487587,BF72,487500.0414117519,6162499.85063891
1,BF73_1,0.22030746990693892,BF73,487500.02902736043,6167499.751005261
1,BC20_1,0.19856728225647322,BC20,462500.0832758646,6302499.782276433
1,BF75_1,0.30465634436293704,BF75,487500.06427121063,6177499.773449097
1,BF76_1,0.2277936538533074,BF76,487500.0490462398,6182499.784371457
1,BF77_1,0.23824452792421777,BF77,487500.0746598672,6187499.7206850415
1,BF78_1,0.20980483378815273,BF78,487500.07920825994,6192499.805137645
1,BF79_1,0.20017814121223804,BF79,487500.06227952236,6197499.815116662
1,BF80_1,0.17969273664852642,BF80,492500.0457424066,6152499.90235705
1,BF81_1,0.20882227422352845,BF81,492500.0575680637,6157499.820932193
1,BF82_1,0.21696053678970523,BF82,492500.03082487086,6162499.776445566
1,BF83_1,0.22308794196914436,BF83,492500.0286680475,6167499.768765947
1,BC21_1,0.2208496998435743,BC21,462500.08463837503,6307499.738256342
1,BF85_1,0.2259726195795854,BF85,492500.0351787714,6177499.752555744
1,BF87_1,0.322205507214049,BF87,492500.07761814806,6187499.77211941
1,BF88_1,0.22515246083095958,BF88,492500.07324634277,6192499.725767915
1,BF89_1,0.2103140394072651,BF89,492500.0313184269,6197499.716196409
1,BF90_1,0.2190938545350787,BF90,497500.06872812915,6152499.8867905075
1,BF91_1,0.23710643323420744,BF91,497500.05965140025,6157499.795699069
1,BF92_1,0.2260735377615028,BF92,497500.05900778656,6162499.852742528
1,BF93_1,0.2643320698084579,BF93,497500.06666914717,6167499.835318215
1,BF94_1,0.20195040611665002,BF94,497500.0197826457,6172499.743439123
1,BF95_1,0.21604209243271083,BF95,497500.0442688116,6177499.79959253
1,BF97_1,0.2177036856915411,BF97,497500.0556179109,6187499.799593099
1,BF98_1,0.3256780131842137,BF98,497500.0426321929,6192499.743392498
1,BF99_1,0.25380961924180895,BF99,497500.03818358126,6197499.723877846
1,BG27_1,0.22091455093082682,BG27,462500.03912906913,6137499.887313023
1,BG28_1,0.22277828725431298,BG28,462500.0656512389,6142499.951349777
1,BG29_1,0.2644799825358855,BG29,462500.0848712415,6147499.9416772155
1,BG30_1,0.3553787813189724,BG30,467499.9967437505,6102499.680064469
1,BG31_1,0.29874193235570357,BG31,467499.9036355267,6107499.750328558
1,BG32_1,0.3344873850468655,BG32,467499.9121467563,6112499.746075479
1,BG33_1,0.6520046553728617,BG33,467499.8958406751,6117499.779495673
1,BG39_1,0.19244074658773364,BG39,467500.05551854515,6147499.874007825
1,BC30_1,0.1832558091279709,BC30,467500.03225555073,6302499.688678854
1,BG41_1,0.23009151775575784,BG41,472499.9268347365,6107499.810952676
1,BG42_1,0.25827028913650046,BG42,472499.93091908237,6112499.750577684
1,BG43_1,0.3852183774452261,BG43,472499.9588106177,6117499.838705269
1,BG45_1,0.4881289626760866,BG45,472500.0200716098,6127499.904365897
1,BG49_1,0.2175324882094658,BG49,472500.049228468,6147499.927300755
1,BG50_1,0.21826833916118632,BG50,477499.9973141816,6102499.728152928
1,AD93_1,0.30916514404800427,AD93,447499.9924736935,6267499.595406948
1,BC31_1,0.19541893512784028,BC31,467500.0700814336,6307499.683991895
1,BG54_1,0.3000124913494503,BG54,477500.0126907495,6122499.818980278
1,BG55_1,0.23828488106892745,BG55,477500.03509173164,6127499.82340314
1,BG57_1,0.4665752812568196,BG57,477500.0412068564,6137499.9440165525
1,BG58_1,0.2536307154124812,BG58,477500.0244174642,6142499.837590013
1,BG60_1,0.20887948504486256,BG60,482499.9798820725,6102499.8077321
1,BG61_1,0.22866915750705144,BG61,482499.98409018014,6107499.848415741
1,BG62_1,0.2430034483684017,BG62,482499.97930829576,6112499.815047499
1,BC32_1,0.21261166578782856,BC32,467500.03942602925,6312499.716500132
1,BG63_1,0.22217224224094534,BG63,482500.02986176877,6117499.818634525
1,BG64_1,0.1961659404894077,BG64,482500.00862455415,6122499.859659715
1,BG65_1,0.18970222040993825,BG65,482500.0426166273,6127499.826312609
1,BG66_1,0.23662635370542875,BG66,482500.00588300487,6132499.941644865
1,BG67_1,0.2527690924160794,BG67,482500.02427016397,6137499.871273607
1,BG68_1,0.2691063571458028,BG68,482500.03539951664,6142499.837998828
1,BG69_1,0.21244536826572688,BG69,482500.039511587,6147499.841798756
1,BG70_1,0.20533686634322984,BG70,487500.0348421291,6102499.812978593
1,BG71_1,0.19342439870672284,BG71,487499.98586005956,6107499.825717422
1,BG72_1,0.21610157210866004,BG72,487500.04020037403,6112499.875297073
1,BC33_1,0.2241817078652964,BC33,467500.06162332307,6317499.67391025
1,BG73_1,0.19618500616710813,BG73,487500.0064094621,6117499.850954274
1,BG74_1,0.18176969470718632,BG74,487500.0124000873,6122499.863588602
1,BG75_1,0.17758316088833628,BG75,487500.058190043,6127499.913178598
1,BG76_1,0.2451250466407523,BG76,487500.01661631186,6132499.888778622
1,BG79_1,0.19730958292417247,BG79,487500.069157074,6147499.925851864
1,BG80_1,0.21817002662520335,BG80,492500.05033699406,6102499.744442296
1,BG81_1,0.22315835197754486,BG81,492500.01211780054,6107499.849601752
1,BG82_1,0.22831821359292676,BG82,492500.06132339203,6112499.880421333
1,BC34_1,0.2197459519075122,BC34,467500.01645873167,6322499.668462578
1,BG83_1,0.2105386241416022,BG83,492500.0068079907,6117499.837203838
1,BG84_1,0.18945737515772557,BG84,492500.03992750257,6122499.830883491
1,BG85_1,0.22353340553277737,BG85,492500.03347061033,6127499.861656778
1,BG86_1,0.18160049713554416,BG86,492500.0510949549,6132499.929393534
1,BG87_1,0.22377753189970373,BG87,492500.02925978525,6137499.922894773
1,BG89_1,0.2137801371441327,BG89,492500.05814519007,6147499.909344381
1,BG90_1,0.22198449760428318,BG90,497500.04236272007,6102499.824620573
1,BG91_1,0.20365362723177624,BG91,497500.01451139763,6107499.808974277
1,BG92_1,0.2358435298016934,BG92,497500.05856603594,6112499.830354991
1,BC40_1,0.32509584803654473,BC40,472500.05137193855,6302499.68679326
1,BG93_1,0.2244118524408118,BG93,497500.04702172836,6117499.888816063
1,BG94_1,0.23281323491328731,BG94,497500.04360713303,6122499.873015075
1,BG95_1,0.21498231629519027,BG95,497500.0483908097,6127499.894213497
1,BG96_1,0.20076913829164517,BG96,497500.0613110999,6132499.841104226
1,BG98_1,0.207484126451232,BG98,497500.04848340026,6142499.845767268
1,BG99_1,0.18027895867800317,BG99,497500.0228864452,6147499.903496731
1,BH57_1,0.3205984473634622,BH57,477500.0575189135,6087499.717403076
1,BH58_1,0.26352139433596755,BH58,477500.0309492611,6092499.683684505
1,BC41_1,0.31130723946094524,BC41,472500.0641984955,6307499.732148187
1,BH59_1,0.19500478169570487,BH59,477500.0107989607,6097499.687274866
1,BH66_1,0.27973678539213026,BH66,482500.0001891313,6082499.794663963
1,BH67_1,0.25381572003221325,BH67,482500.0408449325,6087499.686214566
1,BH68_1,0.19691883609017283,BH68,482500.0724313329,6092499.726358123
1,BH69_1,0.20799191157879662,BH69,482500.03038015234,6097499.692768536
1,BH76_1,0.3061202261185075,BH76,487500.048187175,6082499.800443771
1,BH77_1,0.2639783304588527,BH77,487500.03415061906,6087499.77562375
1,BH78_1,0.20770819212765734,BH78,487500.0592190939,6092499.787910184
1,BH79_1,0.21027261088960314,BH79,487500.0591634151,6097499.726182375
1,BH86_1,0.2621931116383784,BH86,492500.0572634925,6082499.806664651
1,BH87_1,0.23833175748981117,BH87,492500.0521481735,6087499.763193937
1,BH88_1,0.2113991203206041,BH88,492500.0706003756,6092499.756857703
1,BH89_1,0.2266826777144427,BH89,492500.0486974856,6097499.7877438655
1,BH96_1,0.21605612491430942,BH96,497500.0428692315,6082499.813263592
1,BH97_1,0.19800309378947004,BH97,497500.0466593011,6087499.76039121
1,BH98_1,0.22973975800653995,BH98,497500.05847944214,6092499.74466746
1,BH99_1,0.25278691540413606,BH99,497500.0144000943,6097499.766108859
1,CC04_1,0.42064667205422507,CC04,502500.0151027321,6322499.626328963
1,BC43_1,0.20469053981375313,BC43,472500.07431792136,6317499.709834675
1,CC05_1,0.47932916689313276,CC05,502500.0189406716,6327499.550508512
1,CC06_1,0.2126419174531618,CC06,502500.0141727327,6332499.622039415
1,CD00_1,0.19576573065331196,CD00,502500.05650963914,6252499.699439128
1,CD01_1,0.1910186417781469,CD01,502500.0548085185,6257499.673018353
1,CD02_1,0.1753929917825331,CD02,502500.0449077099,6262499.682977954
1,CD03_1,0.2051900868890381,CD03,502500.0268036657,6267499.729294267
1,CD04_1,0.18747145213793948,CD04,502500.06196320115,6272499.700669883
1,CD05_1,0.22924538122864196,CD05,502500.0274329878,6277499.708317954
1,CD06_1,0.2218410357316824,CD06,502500.04595014855,6282499.752284697
1,CD07_1,0.23679178495699826,CD07,502500.0561681533,6287499.721199877
1,BC44_1,0.23024806657268274,BC44,472500.07316175365,6322499.753427244
1,CD08_1,0.18854445360468094,CD08,502499.9969046276,6292499.726313779
1,CD09_1,0.1979827796341667,CD09,502499.9905232744,6297499.656359702
1,CE00_1,0.20879615969829413,CE00,502500.06152683037,6202499.744005174
1,CE01_1,0.33497616981233846,CE01,502500.0785219833,6207499.797640791
1,CE02_1,0.21244412898190287,CE02,502500.02528104605,6212499.776561091
1,CE03_1,0.2053872036997592,CE03,502500.0263673985,6217499.792110339
1,CE04_1,0.24211920353922833,CE04,502500.08162276645,6222499.732965122
1,CE05_1,0.3091973839126397,CE05,502500.0666420697,6227499.710331745
1,CE06_1,0.2850507051141642,CE06,502500.04362767225,6232499.724222039
1,CE07_1,0.21837069335004727,CE07,502500.07449190767,6237499.774647816
1,BC45_1,0.307317871403201,BC45,472500.04746136797,6327499.722303724
1,CE08_1,0.24140663560938924,CE08,502500.0353899611,6242499.750212144
1,CE09_1,0.18999921352278687,CE09,502500.05001462775,6247499.762263852
1,CF02_1,0.27105536765249805,CF02,502500.07869880326,6162499.857095068
1,CF03_1,0.20656242905057026,CF03,502500.03324409283,6167499.839482369
1,CF04_1,0.1895973487985452,CF04,502500.04300302034,6172499.747412451
1,CF05_1,0.23933850157070258,CF05,502500.04484904365,6177499.803412706
1,CF06_1,0.2367556332968396,CF06,502500.0389016604,6182499.78487528
1,CF07_1,0.18886433505298414,CF07,502500.0250959793,6187499.803070416
1,CF08_1,0.22028824402329783,CF08,502500.0660579465,6192499.746714847
1,AD94_1,0.3387518312484687,AD94,447499.9570043505,6272499.676545255
1,BC50_1,0.1921581374748989,BC50,477500.03517784266,6302499.666388486
1,CF09_1,0.2388311894876969,CF09,502500.0365151213,6197499.727010743
1,CB80_1,0.3026310494389661,CB80,542499.6620958119,6352499.629923955
1,CB81_1,0.3700619651376771,CB81,542499.628879245,6357499.699695451
1,CB93_1,0.3175388103474743,CB93,547499.6398579371,6367499.76725467
1,BC51_1,0.24048969505592466,BC51,477500.0219923793,6307499.660629535
1,CC14_1,0.5777113361692235,CC14,507499.94254047045,6322499.647839415
1,CC15_1,0.22124498101168077,CC15,507499.9713143852,6327499.582203945
1,CC16_1,0.1906225038759163,CC16,507499.97378503287,6332499.552584106
1,CC20_1,0.2323117230113311,CC20,512499.9740781955,6302499.678350093
1,CC23_1,0.26046963445580296,CC23,512499.9200418585,6317499.662266049
1,CC24_1,0.21330576387088573,CC24,512499.9569946417,6322499.581005044
1,BC52_1,0.19907229894534928,BC52,477500.0270955203,6312499.691159323
1,CC25_1,0.18662366374025896,CC25,512499.94971320574,6327499.647067015
1,CC26_1,0.22256572940726124,CC26,512499.89918050665,6332499.526474841
1,CC30_1,0.1854483236946356,CC30,517499.937743111,6302499.734448258
1,CC31_1,0.1765857359642643,CC31,517499.9573913391,6307499.68638883
1,CC33_1,0.26218388276153387,CC33,517499.9351837722,6317499.698844893
1,CC34_1,0.25049922211391695,CC34,517499.8934505895,6322499.647993909
1,CC35_1,0.19622478007896832,CC35,517499.91156198527,6327499.6336058555
1,CC36_1,0.1908306590432526,CC36,517499.868461167,6332499.543827721
1,CC40_1,0.19902183211497448,CC40,522499.9010986991,6302499.772105485
1,BC53_1,0.18417474385560462,BC53,477500.050134716,6317499.646637439
1,CC41_1,0.17238306945846843,CC41,522499.8946037454,6307499.76462174
1,CC44_1,0.23242312276390067,CC44,522499.89160933683,6322499.626510591
1,CC45_1,0.2236730174420505,CC45,522499.87422067544,6327499.653039125
1,CC46_1,0.2194750228439162,CC46,522499.83866884856,6332499.604435725
1,CC50_1,0.16845717280415903,CC50,527499.8816415456,6302499.791260103
1,CC52_1,0.2050027980802176,CC52,527499.9046872742,6312499.692205453
1,BC54_1,0.19231397316256119,BC54,477500.091967421,6322499.63835183
1,CC53_1,0.2107308410296905,CC53,527499.86315966025,6317499.697063427
1,CC54_1,0.22953455988716148,CC54,527499.8473306855,6322499.627229618
1,CC56_1,0.22282113005203708,CC56,527499.8281139306,6332499.59692409
1,CC57_1,0.20135083103527276,CC57,527499.7634533717,6337499.635998681
1,CC60_1,0.16823037670316698,CC60,532499.8968679683,6302499.791890076
1,CC61_1,0.21625129827203726,CC61,532499.8393510462,6307499.784713652
1,CC62_1,0.19712390827506943,CC62,532499.8518622435,6312499.703415073
1,CC63_1,0.3403937606377753,CC63,532499.8104598847,6317499.769646129
1,CC64_1,0.266713152943091,CC64,532499.8388375221,6322499.6503872825
1,BC55_1,0.3213337461697069,BC55,477500.0922437846,6327499.666607962
1,CC65_1,0.18361017874226002,CC65,532499.8124718731,6327499.678605539
1,CC66_1,0.18741787383102299,CC66,532499.7933676881,6332499.632118677
1,CC67_1,0.19179245118911353,CC67,532499.7801655097,6337499.62221521
1,CC68_1,0.21666858294314614,CC68,532499.7119922304,6342499.6483931905
1,CC70_1,0.20655841863155106,CC70,537499.842333892,6302499.772919597
1,CC71_1,0.20091232093049255,CC71,537499.8212735428,6307499.726024116
1,CC72_1,0.188456190577474,CC72,537499.8517914551,6312499.716416673
1,CC75_1,0.31380430982006036,CC75,537499.7628460178,6327499.684050063
1,CC76_1,0.17885974789664963,CC76,537499.7520002894,6332499.709823327
1,CC77_1,0.1930891714774433,CC77,537499.7302975287,6337499.660885921
1,CC79_1,0.25341764664232674,CC79,537499.7096245649,6347499.673264503
1,CC80_1,0.2453056056879702,CC80,542499.8563424866,6302499.84651723
1,CC81_1,0.23471082140570096,CC81,542499.811273352,6307499.769589547
1,CC82_1,0.17327713429237493,CC82,542499.7992118956,6312499.841340819
1,CC83_1,0.1882624175824444,CC83,542499.7620913137,6317499.727188424
1,CC84_1,0.26685317782398693,CC84,542499.7566802504,6322499.7616613405
1,CC85_1,0.28427002559727277,CC85,542499.7239279284,6327499.721485542
1,BC60_1,0.222278579945693,BC60,482500.0626082632,6302499.738540966
1,CC86_1,0.21177565705015386,CC86,542499.7227246305,6332499.718567566
1,CC88_1,0.20585613009644677,CC88,542499.6924473802,6342499.711836177
1,CC89_1,0.18687308396822766,CC89,542499.7225329417,6347499.708588393
1,CC90_1,0.18164735195647655,CC90,547499.8365771989,6302499.788772783
1,CC91_1,0.17224787129210106,CC91,547499.8277234574,6307499.803976223
1,CC92_1,0.1740045648905692,CC92,547499.7746032869,6312499.855917229
1,CC93_1,0.18026200010699672,CC93,547499.7994806129,6317499.834643529
1,CC94_1,0.21110406688140607,CC94,547499.719378153,6322499.738043602
1,CC95_1,0.5515046409228491,CC95,547499.7132742624,6327499.790795946
1,CC96_1,0.242292970341523,CC96,547499.7222361609,6332499.769553138
1,CC97_1,0.23183247381534078,CC97,547499.6838005685,6337499.784904589
1,CC98_1,0.1774014995399143,CC98,547499.7195078448,6342499.7268970525
1,CC99_1,0.21347947911848303,CC99,547499.706504553,6347499.705425574
1,CD10_1,0.20776975835799413,CD10,507500.00067667133,6252499.692961532
1,CD11_1,0.18104690300224932,CD11,507500.0220085052,6257499.676381406
1,CD12_1,0.17678622769425276,CD12,507500.0180652209,6262499.696165513
1,CD13_1,0.18248064528116137,CD13,507500.05031551485,6267499.752397923
1,CD14_1,0.18269629288259928,CD14,507499.9959119025,6272499.733530455
1,CD15_1,0.2120393060280231,CD15,507500.0388689106,6277499.7511699125
1,BC62_1,0.23687299522417019,BC62,482500.04548227973,6312499.681136523
1,CD16_1,0.19398074523864056,CD16,507499.99515133403,6282499.693658245
1,CD17_1,0.18697117535863095,CD17,507499.98714753694,6287499.67249593
1,CD18_1,0.21927817016684348,CD18,507500.0146276354,6292499.687658906
1,CD20_1,0.20158946940480738,CD20,512500.031700168,6252499.678930431
1,CD21_1,0.184277522720845,CD21,512500.01438471023,6257499.682042768
1,CD22_1,0.19269850064140256,CD22,512500.0164166468,6262499.721667139
1,CD23_1,0.21366820437950107,CD23,512499.9764066874,6267499.686291468
1,CD24_1,0.19500045855472897,CD24,512500.01682432264,6272499.687559193
1,CD26_1,0.1965105181875302,CD26,512500.0311430825,6282499.687715276
1,AD95_1,0.4515001107487232,AD95,447499.9167107371,6277499.684056323
1,CD29_1,0.24988249014492056,CD29,512500.0070516916,6297499.681986718
1,CD30_1,0.20250634803163814,CD30,517499.9810075786,6252499.76818393
1,CD31_1,0.20456862413045415,CD31,517499.9873017802,6257499.689823826
1,CD32_1,0.22493999131886733,CD32,517499.99541134556,6262499.759304405
1,CD33_1,0.22752381820302492,CD33,517500.0060077057,6267499.753989291
1,CD34_1,0.3258744128551665,CD34,517499.95698225294,6272499.784906531
1,CD36_1,0.23036194670596874,CD36,517499.98719161353,6282499.733989379
1,BC64_1,0.18093805820803516,BC64,482500.09264614136,6322499.657199486
1,CD40_1,0.2191487054397156,CD40,522499.9897546972,6252499.738438926
1,CD41_1,0.22846422676762151,CD41,522499.9577492953,6257499.699618638
1,CD42_1,0.17804762701846324,CD42,522499.9726405925,6262499.6976654865
1,CD43_1,0.2992452713041889,CD43,522499.9724788307,6267499.732229277
1,CD44_1,0.2155111569214011,CD44,522499.95701237884,6272499.803285507
1,CD45_1,0.22490197376852222,CD45,522499.9265822344,6277499.799500932
1,BC65_1,0.1750983336618228,BC65,482500.0574243303,6327499.644156614
1,CD47_1,0.17909429082583073,CD47,522499.94102253095,6287499.790575308
1,CD49_1,0.17649702678900012,CD49,522499.95187649434,6297499.704918779
1,CD50_1,0.2097240881402468,CD50,527499.9511970772,6252499.700352971
1,CD51_1,0.18414743733464783,CD51,527499.9427165891,6257499.711358914
1,CD52_1,0.2286034762033476,CD52,527499.9640577937,6262499.75929551
1,CD53_1,0.1997856651934832,CD53,527499.9539858935,6267499.732432754
1,CD54_1,0.1738362954028234,CD54,527499.9115217607,6272499.742050619
1,BC70_1,0.2446548964384148,BC70,487500.0281488765,6302499.681272506
1,CD57_1,0.2065106749634436,CD57,527499.8945820702,6287499.768916321
1,CD58_1,0.21088540829928587,CD58,527499.9036695738,6292499.81409373
1,CD59_1,0.20125949164751739,CD59,527499.9404047114,6297499.784713762
1,CD60_1,0.18478573066774703,CD60,532499.9431598982,6252499.765451516
1,CD61_1,0.23293948499294045,CD61,532499.8975667739,6257499.724542583
1,CD62_1,0.19620178181797399,CD62,532499.9264218447,6262499.721080979
1,CD63_1,0.17724092808380695,CD63,532499.9060614218,6267499.754098765
1,CD64_1,0.17909921586661165,CD64,532499.8984825077,6272499.712735584
1,CD66_1,0.17840046182556163,CD66,532499.9171695623,6282499.740681873
1,BC71_1,0.20429002695932824,BC71,487500.02372481115,6307499.714883644
1,CD67_1,0.18046770580687574,CD67,532499.8812754106,6287499.809468063
1,CD68_1,0.22355645623083664,CD68,532499.9174908885,6292499.804240393
1,CD69_1,0.17339428553115313,CD69,532499.9030293231,6297499.72402499
1,CD70_1,0.1898366889511361,CD70,537499.9224899263,6252499.710588921
1,CD71_1,0.1804370410260832,CD71,537499.9009141074,6257499.739502609
1,CD72_1,0.21341594550613732,CD72,537499.8761429818,6262499.694117894
1,CD73_1,0.21277169565972978,CD73,537499.8457173071,6267499.797017795
1,CD74_1,0.21214277804311166,CD74,537499.8735113181,6272499.714805415
1,CD75_1,0.1867315795371822,CD75,537499.8945203188,6277499.780826929
1,CD76_1,0.21090443601954323,CD76,537499.8489667726,6282499.771897683
1,BC72_1,0.20894535873562883,BC72,487500.06305016344,6312499.673261789
1,CD77_1,0.1900946691940569,CD77,537499.8579666234,6287499.800388882
1,CD78_1,0.21302488006178516,CD78,537499.8606860194,6292499.754419795
1,CD79_1,0.1866211567381171,CD79,537499.8556398308,6297499.745272113
1,CD80_1,0.22291317479282396,CD80,542499.9043316353,6252499.758197298
1,CD81_1,0.186537471448072,CD81,542499.9081204964,6257499.755666731
1,CD82_1,0.1915572639787069,CD82,542499.8906583615,6262499.790154996
1,CD83_1,0.20490383081035066,CD83,542499.8525639324,6267499.7503311
1,CD84_1,0.22717873540757394,CD84,542499.8536315641,6272499.748089695
1,CD85_1,0.17978452583791124,CD85,542499.8318074815,6277499.782787062
1,CD86_1,0.19124995919091448,CD86,542499.848977515,6282499.74370801
1,BC73_1,0.24373186069504205,BC73,487500.0249803983,6317499.668063927
1,CD89_1,0.1855547349126357,CD89,542499.8153189467,6297499.848290001
1,CD90_1,0.20665898421496337,CD90,547499.9077536316,6252499.685534189
1,CD91_1,0.18343836592810167,CD91,547499.8745462188,6257499.772209364
1,CD92_1,0.17695125835820516,CD92,547499.8659603776,6262499.785287277
1,CD94_1,0.32387350585531455,CD94,547499.7944576344,6272499.811765392
1,CD95_1,0.20141623341365386,CD95,547499.7917206177,6277499.825801136
1,BC74_1,0.21496899429005614,BC74,487500.03132666176,6322499.698896714
1,CD98_1,0.21909760597494857,CD98,547499.8457579509,6292499.870075763
1,CD99_1,0.20807559193016056,CD99,547499.8016743321,6297499.8103351565
1,CE10_1,0.19666544036092118,CE10,507500.0262864438,6202499.752100389
1,CE11_1,0.2558472937366135,CE11,507500.04771768564,6207499.815339364
1,CE12_1,0.3671398841156551,CE12,507500.04475203936,6212499.8038825905
1,CE13_1,0.4720858338481812,CE13,507500.07958559337,6217499.717812039
1,CE14_1,0.27013632877913263,CE14,507500.0273397176,6222499.77948883
1,CE15_1,0.22124163380473513,CE15,507500.07478817966,6227499.766611712
1,CE16_1,0.2762792674809981,CE16,507500.0353278538,6232499.79013519
1,BC75_1,0.21809076833791052,BC75,487500.08176904864,6327499.654417714
1,CE17_1,0.21066872875295775,CE17,507500.0331905386,6237499.73894793
1,CE18_1,0.20603168628111795,CE18,507500.06795502856,6242499.724328115
1,CE19_1,0.18710343238465713,CE19,507500.01585132466,6247499.746037214
1,CE20_1,0.2178743695786806,CE20,512500.0778718726,6202499.765489041
1,CE21_1,0.3105459915794388,CE21,512500.0416534956,6207499.736611552
1,CE22_1,0.24338689190697924,CE22,512500.08898064535,6212499.744663644
1,CE23_1,0.3856546784096358,CE23,512500.03278298484,6217499.789083581
1,CE24_1,0.2999267457357749,CE24,512500.0599824369,6222499.759086974
1,CE25_1,0.2259050047974586,CE25,512500.045683016,6227499.765589996
1,CE26_1,0.26766950949778856,CE26,512500.05217830365,6232499.697447278
1,CE27_1,0.2281742812368231,CE27,512500.0166706834,6237499.77705867
1,CE28_1,0.19484570717961097,CE28,512500.06347564154,6242499.782156218
1,CE29_1,0.21091113163004221,CE29,512500.0068288046,6247499.712173496
1,CE30_1,0.23037119301485262,CE30,517500.0454849072,6202499.78370307
1,CE31_1,0.21384012362141652,CE31,517500.0763001169,6207499.784124023
1,CE32_1,0.3064485409994264,CE32,517500.0498415911,6212499.709770298
1,CE33_1,0.24204415758420925,CE33,517500.0895961484,6217499.78371891
1,CE34_1,0.227690776540741,CE34,517500.07173813885,6222499.7828447055
1,CE35_1,0.20289558861720378,CE35,517500.0583055991,6227499.707374013
1,BC81_1,0.24147986468505775,BC81,492500.041047909,6307499.729905474
1,CE37_1,0.2392729362155526,CE37,517500.0419372872,6237499.777750103
1,CE38_1,0.2038468541650403,CE38,517500.03942366596,6242499.700944795
1,CE39_1,0.23966399919327322,CE39,517500.0394573879,6247499.77205085
1,CE40_1,0.26213782310580913,CE40,522500.0704425728,6202499.807062485
1,CE41_1,0.23467293715389015,CE41,522500.0442081195,6207499.734739026
1,CE42_1,0.28709315689187415,CE42,522500.0678054823,6212499.810822077
1,CE44_1,0.196118755097166,CE44,522500.07970485423,6222499.739352608
1,CE45_1,0.24518161740820305,CE45,522500.06692997954,6227499.703048657
1,CE46_1,0.26663105961009376,CE46,522500.041145187,6232499.703433006
1,BC82_1,0.2444229290910913,BC82,492500.03649829555,6312499.667744995
1,CE47_1,0.18231195646228707,CE47,522500.0640162797,6237499.74080711
1,CE48_1,0.22912920436961326,CE48,522500.0119734386,6242499.703193641
1,CE49_1,0.21582142410656724,CE49,522500.0079419588,6247499.702520713
1,CE50_1,0.21896946121817232,CE50,527500.0450754714,6202499.723619567
1,CE51_1,0.27868989725215143,CE51,527500.0855328589,6207499.811552569
1,CE52_1,0.27092064962915463,CE52,527500.0988265752,6212499.713670329
1,CE54_1,0.24776259836469677,CE54,527500.1000764947,6222499.739837737
1,CE55_1,0.21122340903270362,CE55,527500.0880835521,6227499.752541096
1,CE56_1,0.26479065483625475,CE56,527500.0470532825,6232499.690624631
1,BC83_1,0.30836364602955546,BC83,492499.997856006,6317499.641786334
1,CE57_1,0.18948146481067768,CE57,527500.0379328128,6237499.66576125
1,CE58_1,0.22080440930761971,CE58,527499.9984027212,6242499.67752908
1,CE59_1,0.20243660483961834,CE59,527499.989976083,6247499.726301877
1,CE60_1,0.24766976512591143,CE60,532500.0469924002,6202499.756178573
1,CE61_1,0.21178499430187678,CE61,532500.0933404423,6207499.791210008
1,CE62_1,0.2539540252971878,CE62,532500.0953795096,6212499.751701555
1,CE63_1,0.226906889544139,CE63,532500.0520095888,6217499.748924329
1,CE64_1,0.23109044590911032,CE64,532500.088076029,6222499.6724942615
1,CE65_1,0.20890362693657238,CE65,532500.0770745723,6227499.744045095
1,CE66_1,0.18889364463742261,CE66,532500.0204245233,6232499.74095347
1,BC84_1,0.25244954191726815,BC84,492500.0467049848,6322499.651782474
1,CE67_1,0.17937201626823096,CE67,532500.0416984205,6237499.664132946
1,CE68_1,0.18163474414610256,CE68,532500.0148175734,6242499.735220286
1,CE69_1,0.18007253613928303,CE69,532499.9412093535,6247499.731587012
1,CE70_1,0.18790401588071826,CE70,537500.0308170322,6202499.79289711
1,CE71_1,0.18779705886979944,CE71,537500.0835327087,6207499.784787841
1,CE72_1,0.2787445477777614,CE72,537500.0755039781,6212499.702100726
1,CE74_1,0.2615291782668901,CE74,537500.0596364432,6222499.648403606
1,CE75_1,0.18999706225475255,CE75,537500.0508192427,6227499.677344484
1,CE76_1,0.19552989546462904,CE76,537500.0417347807,6232499.63214553
1,BC85_1,0.22312241115894393,BC85,492500.0614262203,6327499.586613408
1,CE77_1,0.1848887712167586,CE77,537500.0299457153,6237499.735380851
1,CE78_1,0.19991669245679317,CE78,537499.9560459278,6242499.652580182
1,CE79_1,0.18425349472251865,CE79,537499.9403775054,6247499.718706845
1,CE80_1,0.2020987221849167,CE80,542500.0765360219,6202499.722907818
1,CE81_1,0.23963860370491813,CE81,542500.0725898192,6207499.792100813
1,CE82_1,0.25102191064500057,CE82,542500.0549823554,6212499.675981395
1,CE83_1,0.2504212652839928,CE83,542500.0821386847,6217499.709024412
1,CE84_1,0.2227098985762686,CE84,542500.0312720044,6222499.667383468
1,CE85_1,0.20153137554924846,CE85,542500.0251304065,6227499.663558211
1,CE86_1,0.1816020998344904,CE86,542500.0010096645,6232499.696908841
1,CE87_1,0.18111052159522512,CE87,542499.9595191028,6237499.656109798
1,CE88_1,0.20181142876547156,CE88,542499.960902843,6242499.653049735
1,CE89_1,0.20991394021142837,CE89,542499.9426731234,6247499.687087541
1,CE90_1,0.2082357768972064,CE90,547500.0112863941,6202499.766809329
1,CE91_1,0.227904498151452,CE91,547500.0158636335,6207499.701018751
1,CE92_1,0.23285081144711453,CE92,547500.0503056952,6212499.673195112
1,CE93_1,0.2515346512078519,CE93,547500.0516845292,6217499.682626755
1,CE94_1,0.2377799494935039,CE94,547500.0194965032,6222499.7292875815
1,CE96_1,0.1882922245346264,CE96,547499.9788540612,6232499.712970672
1,CE97_1,0.17391889274521122,CE97,547499.9691090817,6237499.649938437
1,CE98_1,0.19625357074899,CE98,547499.9234977771,6242499.624028113
1,CE99_1,0.1995261597294713,CE99,547499.9032871589,6247499.63590194
1,CF00_1,0.20637470220818385,CF00,502500.02028222225,6152499.89145135
1,CF10_1,0.2058554526116007,CF10,507500.04285710165,6152499.805047145
1,CF13_1,0.23104081954734174,CF13,507500.0706404502,6167499.781255058
1,CF14_1,0.18930457462243808,CF14,507500.0739329783,6172499.809900087
1,CF15_1,0.19703445306120893,CF15,507500.0533334287,6177499.764015607
1,CF16_1,0.1918184117013822,CF16,507500.07135441876,6182499.754977835
1,CF17_1,0.2166509554108759,CF17,507500.0651289864,6187499.782657654
1,CF18_1,0.24269161025184727,CF18,507500.03483679594,6192499.735736998
1,CF19_1,0.19353002867524308,CF19,507500.0425821252,6197499.836890889
1,CF21_1,0.24737748938864138,CF21,512500.0804062962,6157499.787179069
1,CF23_1,0.22259683260274057,CF23,512500.06907642435,6167499.771820084
1,CF25_1,0.25758525226273404,CF25,512500.02303446684,6177499.792549392
1,BC93_1,0.3006043786442992,BC93,497500.0048648076,6317499.628014286
1,CF26_1,0.2834768323865272,CF26,512500.0651124667,6182499.802702072
1,CF27_1,0.3021769227734009,CF27,512500.06655589637,6187499.849542149
1,CF28_1,0.21257631827995602,CF28,512500.0276656862,6192499.82175148
1,CF29_1,0.2130587109516578,CF29,512500.0730969767,6197499.830959868
1,CF30_1,0.22846869075802842,CF30,517500.0490080542,6152499.803977083
1,CF31_1,0.22162084926405845,CF31,517500.08229393145,6157499.880785225
1,CF32_1,0.21707044409164505,CF32,517500.05984277924,6162499.883060531
1,CF33_1,0.22823008945583945,CF33,517500.0445604493,6167499.811028843
1,CF34_1,0.24513842781223635,CF34,517500.0357638052,6172499.775957468
1,CF35_1,0.2148350532979024,CF35,517500.0332116384,6177499.777824086
1,BC94_1,0.2952162715143853,BC94,497500.0354478817,6322499.62760691
1,CF37_1,0.24061056529710656,CF37,517500.04632165184,6187499.780987112
1,CF38_1,0.1877324788662963,CF38,517500.061502076,6192499.782236776
1,CF39_1,0.18972402824652532,CF39,517500.08196195716,6197499.820332571
1,CF40_1,0.20560648787010247,CF40,522500.0642822681,6152499.88918984
1,CF41_1,0.21699812308784822,CF41,522500.0773326165,6157499.892575038
1,CF42_1,0.2299496101746725,CF42,522500.08171073144,6162499.821689351
1,CF43_1,0.2156306630978524,CF43,522500.0766004052,6167499.787798728
1,CF44_1,0.20746938644045448,CF44,522500.0617534066,6172499.790880593
1,CF45_1,0.18690190109612415,CF45,522500.0369213511,6177499.830912278
1,BC95_1,0.21406842588867434,BC95,497500.0144291096,6327499.551978993
1,CF47_1,0.24478613949565042,CF47,522500.02009768866,6187499.799469306
1,CF48_1,0.2936094486850848,CF48,522500.02689213475,6192499.839240847
1,CF49_1,0.22631815872884112,CF49,522500.0856363534,6197499.8048974695
1,CF50_1,0.2106245561772528,CF50,527500.0886990835,6152499.883027053
1,CF51_1,0.22897451081534267,CF51,527500.0818896274,6157499.8224678775
1,CF52_1,0.2263137603841525,CF52,527500.0497756924,6162499.798923867
1,CF54_1,0.19826116324245704,CF54,527500.0343271294,6172499.863579813
1,CF55_1,0.1922633471063787,CF55,527500.0508941073,6177499.840442368
1,BC96_1,0.1931405307955331,BC96,497500.0027015511,6332499.623702109
1,CF56_1,0.2521032290564449,CF56,527500.0408488035,6182499.854226997
1,CF57_1,0.24228873350806954,CF57,527500.0672787909,6187499.794012441
1,CF58_1,0.19106697933782402,CF58,527500.0664424137,6192499.770672006
1,CF59_1,0.20162010368174046,CF59,527500.0380833544,6197499.784182167
1,CF60_1,0.22498953185965773,CF60,532500.0746473216,6152499.896262771
1,CF61_1,0.19812247298716615,CF61,532500.0476127628,6157499.892527556
1,CF62_1,0.21230687751702185,CF62,532500.0430350703,6162499.81496773
1,CF63_1,0.20572547736640134,CF63,532500.058788367,6167499.886138109
1,CF64_1,0.22092230767217527,CF64,532500.0331872304,6172499.882969435
1,CF65_1,0.24266000083294015,CF65,532500.028758022,6177499.805903052
1,BD00_1,0.2889112612712148,BD00,452500.055170292,6252499.551853021
1,CF66_1,0.2440492689940167,CF66,532500.0433655721,6182499.877498317
1,CF67_1,0.18109769191399705,CF67,532500.016379806,6187499.763386833
1,CF68_1,0.18069367186246912,CF68,532500.0701839877,6192499.798358294
1,CF69_1,0.20322847826643933,CF69,532500.0807532563,6197499.758865873
1,CF70_1,0.198291185956349,CF70,537500.1021949608,6152499.817917419
1,CF71_1,0.18595131050053537,CF71,537500.0550795781,6157499.88048536
1,CF72_1,0.26033562996821863,CF72,537500.0774855074,6162499.869807724
1,CF73_1,0.2242243493011,CF73,537500.0419040467,6167499.89607103
1,CF74_1,0.28819944115615026,CF74,537500.0118776582,6172499.848500056
1,CF75_1,0.22495938206616412,CF75,537500.0487537576,6177499.838899511
1,BD01_1,0.2784889137372134,BD01,452500.062128352,6257499.642154956
1,CF76_1,0.19010808566982632,CF76,537500.0264034058,6182499.866166838
1,CF77_1,0.26285102276755146,CF77,537500.0707976818,6187499.82006512
1,CF78_1,0.22783105556142572,CF78,537500.0551390985,6192499.810781486
1,CF79_1,0.187202910587538,CF79,537500.0416532608,6197499.838831865
1,CF80_1,0.2712352725338842,CF80,542500.0592552546,6152499.8693641145
1,CF81_1,0.2631991838423922,CF81,542500.0565058092,6157499.897039448
1,CF82_1,0.21901389830544749,CF82,542500.0441988781,6162499.850954939
1,CF83_1,0.2523217362399335,CF83,542500.0207665939,6167499.842372999
1,CF84_1,0.2126912079214989,CF84,542500.048573576,6172499.871880924
1,CF85_1,0.19995215382103568,CF85,542500.0024235704,6177499.826941581
1,BD02_1,0.2843291598030793,BD02,452500.0451360465,6262499.658862274
1,CF86_1,0.19666736351686812,CF86,542500.0063853149,6182499.82004259
1,CF87_1,0.18602970861452245,CF87,542500.0597483467,6187499.851160479
1,CF88_1,0.18675775912842588,CF88,542500.0377536514,6192499.807753425
1,CF89_1,0.20111906981034589,CF89,542500.064030432,6197499.802313068
1,CF90_1,0.19692687437484974,CF90,547500.0889142159,6152499.94029991
1,CF91_1,0.2001246701633336,CF91,547500.0678756869,6157499.942027305
1,CF92_1,0.19826787680147034,CF92,547500.021346869,6162499.870003907
1,CF93_1,0.2953748782237422,CF93,547500.0105560533,6167499.836173768
1,CF94_1,0.20695299657612662,CF94,547500.0347869882,6172499.840513072
1,CF95_1,0.20304006793730736,CF95,547500.030537062,6177499.882314021
1,BD03_1,0.29428432545992717,BD03,452500.00491227995,6267499.601946497
1,CF96_1,0.1921364642122206,CF96,547499.9985196197,6182499.850260958
1,CF97_1,0.20234287252689534,CF97,547499.999664888,6187499.856302122
1,CF98_1,0.19154231110724285,CF98,547500.0344730752,6192499.789121118
1,CF99_1,0.20161223580731363,CF99,547500.0385143282,6197499.759298731
1,CG00_1,0.2145693857972916,CG00,502500.0261580071,6102499.830919192
1,CG01_1,0.22779804338912113,CG01,502500.07264854916,6107499.815118513
1,CG02_1,0.22640570308719568,CG02,502500.04775678914,6112499.836347805
1,CG03_1,0.22549247678955928,CG03,502500.0153410255,6117499.894620556
1,CG04_1,0.20673339878499142,CG04,502500.03903347667,6122499.878665998
1,CG05_1,0.19636256250035722,CG05,502500.0550520218,6127499.899711133
1,BD04_1,0.34527121047948683,BD04,452500.0060987118,6272499.69329495
1,CG06_1,0.20015136959112947,CG06,502500.0634538295,6132499.846448853
1,CG07_1,0.19893300988016888,CG07,502500.0641750675,6137499.830142095
1,CG08_1,0.19259230819012133,CG08,502500.0572123166,6142499.850769465
1,CG09_1,0.21916705456519106,CG09,502500.0425621639,6147499.908309469
1,CG10_1,0.2138971125026112,CG10,507500.0814512452,6102499.76344352
1,CG11_1,0.20733220160846463,CG11,507500.0744522167,6107499.868036532
1,CG12_1,0.20412856988639905,CG12,507500.0445943599,6112499.787116632
1,CG13_1,0.2156045170594684,CG13,507500.0549592401,6117499.854614016
1,CG14_1,0.19774632777594092,CG14,507500.0421171495,6122499.847835636
1,CG15_1,0.18617098165689946,CG15,507500.0693758277,6127499.878149052
1,BD05_1,0.5136760363251289,BD05,452499.98535578116,6277499.71096541
1,CG17_1,0.23004818620877368,CG17,507500.0535864384,6137499.82707415
1,CG18_1,0.201771877542142,CG18,507500.073619542,6142499.857033516
1,CG19_1,0.21435688930841204,CG19,507500.0701088966,6147499.8126028655
1,CG20_1,0.21713740115769153,CG20,512500.0319054312,6102499.844468651
1,CG21_1,0.20768086265081365,CG21,512500.0357352239,6107499.856263293
1,CG22_1,0.18489434735664934,CG22,512500.0646570594,6112499.793975682
1,CG23_1,0.19228805422639128,CG23,512500.05417142104,6117499.879970967
1,CG24_1,0.2209986622303287,CG24,512500.06845735124,6122499.891840113
1,CG25_1,0.1839889420542518,CG25,512500.04378025915,6127499.829381491
1,BD06_1,0.4968086853882613,BD06,452500.00592764583,6282499.765541134
1,CG26_1,0.23565032370197425,CG26,512500.0432435217,6132499.804034855
1,CG27_1,0.238379120800145,CG27,512500.0666142674,6137499.81577886
1,CG28_1,0.19826976832924806,CG28,512500.05037127464,6142499.864413771
1,CG29_1,0.17829457794854497,CG29,512500.0580272434,6147499.838808023
1,CG30_1,0.24092095168601876,CG30,517500.0850923214,6102499.851813918
1,CG31_1,0.2027167064287918,CG31,517500.03616525023,6107499.779897026
1,CG32_1,0.20711708809288537,CG32,517500.05973960727,6112499.856739236
1,CG33_1,0.2147942365988756,CG33,517500.09258431836,6117499.859506801
1,CG34_1,0.21730395917564432,CG34,517500.0708866396,6122499.7879263675
1,BD07_1,0.4590364221009517,BD07,452500.0058695333,6287499.746381921
1,CG37_1,0.20233780274286106,CG37,517500.0558418394,6137499.796071852
1,CG38_1,0.19440058095573393,CG38,517500.06670979614,6142499.873010728
1,CG39_1,0.2217099872823351,CG39,517500.085559445,6147499.875737379
1,CG40_1,0.21182380459250932,CG40,522500.06529288803,6102499.784827596
1,CG41_1,0.19675863281792513,CG41,522500.09106030304,6107499.750314869
1,CG42_1,0.200062806160245,CG42,522500.10963438044,6112499.8643271355
1,CG43_1,0.19023500882133318,CG43,522500.0588031039,6117499.7926761545
1,CG44_1,0.20887165687849138,CG44,522500.06400440924,6122499.869828019
1,CG45_1,0.19314241767849716,CG45,522500.0623966084,6127499.872873877
1,BD08_1,0.3261593125617475,BD08,452499.9871680592,6292499.764766518
1,CG46_1,0.20404365106802216,CG46,522500.1171677176,6132499.802111141
1,CG47_1,0.1884059067814742,CG47,522500.100007084,6137499.879444241
1,CG48_1,0.24231708615820752,CG48,522500.0753009223,6142499.8826015685
1,CG49_1,0.2176291882261968,CG49,522500.10602128954,6147499.8118807655
1,CG50_1,0.20455454681197416,CG50,527500.1154138149,6102499.755272231
1,CG51_1,0.22845014294393678,CG51,527500.0883420453,6107499.766859397
1,CG52_1,0.21032405551648775,CG52,527500.1027918415,6112499.816082941
1,CG53_1,0.2201286631458088,CG53,527500.0953342962,6117499.791246452
1,CG54_1,0.21846367237143696,CG54,527500.065031351,6122499.803608584
1,CG55_1,0.22372430300114554,CG55,527500.0751332948,6127499.853540434
1,CG56_1,0.2390786775420361,CG56,527500.1258612206,6132499.829735632
1,CG57_1,0.19885425679329927,CG57,527500.08933677,6137499.84266833
1,CG58_1,0.26173957351309657,CG58,527500.0920983198,6142499.893103182
1,CG59_1,0.22724039887864111,CG59,527500.0711528321,6147499.869337009
1,CG60_1,0.2209927221266155,CG60,532500.1232226893,6102499.762378928
1,CG61_1,0.2136354569960235,CG61,532500.1073029817,6107499.829724232
1,CG62_1,0.20363119177185765,CG62,532500.1180077677,6112499.823483339
1,CG63_1,0.21517655755462356,CG63,532500.0904061167,6117499.8544495115
1,CG64_1,0.2015428566094824,CG64,532500.0886268184,6122499.8117822
1,CG65_1,0.2165345710211247,CG65,532500.1113832879,6127499.806740552
1,BD10_1,0.2510245151179243,BD10,457500.0642796085,6252499.626853711
1,CG66_1,0.19525006567828518,CG66,532500.094766791,6132499.8388373265
1,CG67_1,0.20379759180272805,CG67,532500.1018768129,6137499.908515113
1,CG68_1,0.24109169950239565,CG68,532500.0697665747,6142499.904000014
1,CG69_1,0.24061164508724386,CG69,532500.0613956221,6147499.825732477
1,CG73_1,0.18853728819467924,CG73,537500.1241257496,6117499.871302983
1,CG74_1,0.2422089739553961,CG74,537500.0867475496,6122499.893791251
1,CG75_1,0.1856064499202539,CG75,537500.1226220047,6127499.843201579
1,CG77_1,0.23899342245346986,CG77,537500.0917174451,6137499.853859212
1,BD11_1,0.1885039920695826,BD11,457500.03424585843,6257499.62756949
1,CG78_1,0.21579638050864552,CG78,537500.0875472084,6142499.915597486
1,CG79_1,0.2248238579038784,CG79,537500.0911996434,6147499.90362536
1,CG80_1,0.2842713492203423,CG80,542500.137730461,6102499.88626088
1,CG83_1,0.25135929157005965,CG83,542500.0850949779,6117499.84060306
1,CG84_1,0.24788167056631566,CG84,542500.1406307713,6122499.827476624
1,CG85_1,0.30149771010054616,CG85,542500.1254578183,6127499.851438005
1,CG89_1,0.2310579481350196,CG89,542500.0518607163,6147499.879240843
1,CG90_1,0.27300636829814573,CG90,547500.1127290743,6102499.8908402715
1,BD12_1,0.1883274302401199,BD12,457500.0261392312,6262499.665304576
1,CG99_1,0.23674331696597828,CG99,547500.0849558257,6147499.864848793
1,CH06_1,0.20173336152608118,CH06,502500.0846030401,6082499.8202431435
1,CH07_1,0.19172814318007297,CH07,502500.03314556536,6087499.76718363
1,CH08_1,0.20664201717881017,CH08,502500.03832823853,6092499.7513073785
1,CH09_1,0.20278957111084178,CH09,502500.03600017546,6097499.772559454
1,CH16_1,0.22634006539643134,CH16,507500.0696210863,6082499.827605381
1,CH17_1,0.21635128531829165,CH17,507500.09114466637,6087499.783676402
1,BD13_1,0.1859666407947803,BD13,457500.03933642176,6267499.628727978
1,CH18_1,0.19806734879874746,CH18,507500.02561870846,6092499.77677686
1,CH19_1,0.24331579971504178,CH19,507500.06504692393,6097499.807203647
1,CH26_1,0.2312385161766984,CH26,512500.0775220187,6082499.835343886
1,CH27_1,0.2474139813536963,CH27,512500.0438897538,6087499.809582861
1,CH28_1,0.2573423572168607,CH28,512500.0358227975,6092499.82110677
1,CH29_1,0.22929758160009686,CH29,512500.05339827476,6097499.758615106
1,CH34_1,0.2280620182911853,CH34,517500.0764450698,6072499.728976444
1,CH35_1,0.23216500774529533,CH35,517500.094920755,6077499.767569357
1,CH36_1,0.2115690334260879,CH36,517500.0596092466,6082499.843271963
1,CH37_1,0.23742895647524115,CH37,517500.0990708113,6087499.845282487
1,CH38_1,0.21566178325373697,CH38,517500.08484500466,6092499.773080584
1,CH39_1,0.21646621990594983,CH39,517500.08040979074,6097499.738171189
1,CH45_1,0.22701987129587187,CH45,522500.10633223125,6077499.739130003
1,CH46_1,0.25329828796617176,CH46,522500.095481355,6082499.851588371
1,CH47_1,0.2108510978791904,CH47,522500.08047616767,6087499.778844974
1,CH48_1,0.19427184291926114,CH48,522500.0599631547,6092499.743431038
1,CH49_1,0.24547834221954365,CH49,522500.09763021604,6097499.74564588
1,CH55_1,0.25540405416454093,CH55,527500.1220357711,6077499.812824085
1,CH56_1,0.26352151871872714,CH56,527500.1371200755,6082499.748749458
1,CH57_1,0.2013118870528001,CH57,527500.06665524,6087499.8329139035
1,CH58_1,0.24532069354218045,CH58,527500.1039774861,6092499.843916504
1,CH59_1,0.21368689404824315,CH59,527500.0566075259,6097499.78055875
1,CH65_1,0.24174799380239478,CH65,532500.1587029257,6077499.766040378
1,CH66_1,0.22340549683575447,CH66,532500.1337911482,6082499.8680635905
1,CH67_1,0.21479088635213273,CH67,532500.1383813849,6087499.785338982
1,CH68_1,0.1933914508435469,CH68,532500.1055866433,6092499.851210683
1,CH69_1,0.2738747133216321,CH69,532500.1006905059,6097499.843565278
1,CH76_1,0.2231012748954978,CH76,537500.1671288088,6082499.875993361
1,CH77_1,0.30675035995269495,CH77,537500.117400458,6087499.857259013
1,BD17_1,0.31173550547366846,BD17,457500.0192793853,6287499.743606095
1,CH78_1,0.2268171527790253,CH78,537500.0797039657,6092499.876351775
1,CH79_1,0.25078982211387735,CH79,537500.1184237195,6097499.822506665
1,CH86_1,0.221585162581281,CH86,542500.1236062861,6082499.882608107
1,CH87_1,0.22197574013305563,CH87,542500.149057873,6087499.82690813
1,CH88_1,0.2247129127024517,CH88,542500.106858969,6092499.808460251
1,CH89_1,0.2534348350268722,CH89,542500.1246051298,6097499.828453947
1,CH95_1,0.24250717261728177,CH95,547500.1578898588,6077499.78884103
1,CH96_1,0.2534853851444573,CH96,547500.1469696249,6082499.888868037
1,CH97_1,0.2265893537121011,CH97,547500.118677858,6087499.915520176
1,BD18_1,0.2764191191613569,BD18,457500.0290933364,6292499.781524262
1,CH98_1,0.2093123663148123,CH98,547500.1365322527,6092499.869449572
1,CH99_1,0.2158062870219494,CH99,547500.1347144407,6097499.861230696
1,DB00_1,0.19864489440448482,DB00,552499.6775389926,6352499.672118262
1,DB01_1,0.17801621597889752,DB01,552499.6678686532,6357499.717959825
1,DB02_1,0.3037978978009667,DB02,552499.6512258302,6362499.689666688
1,DB03_1,0.1697423643122924,DB03,552499.6240161804,6367499.80984399
1,DB04_1,0.4196644301648312,DB04,552499.6497318089,6372499.74527787
1,DB05_1,0.24529107914625745,DB05,552499.6646834601,6377499.717803373
1,DC07_1,0.2685690075957264,DC07,552499.6635607927,6337499.75798567
1,DC08_1,0.2645287621987856,DC08,552499.6732267597,6342499.8034165995
2,AD90_2,0.3900940966118933,AD90,447500.0709493527,6252499.57832838
2,AD92_2,0.3223844328392414,AD92,447500.02377636905,6262499.551973275
2,AD93_2,0.25234396529579856,AD93,447499.9924736935,6267499.595406948
2,AD94_2,0.27332665357780295,AD94,447499.9570043505,6272499.676545255
2,AD95_2,0.26077556523851025,AD95,447499.9167107371,6277499.684056323
2,AE93_2,0.2570885567520539,AE93,447500.1701742312,6217499.746982312
2,AE94_2,0.24610685286895614,AE94,447500.1510277113,6222499.78450804
2,AE95_2,0.3989097691299554,AE95,447500.18198725476,6227499.747924402
2,AE96_2,0.34509228695437527,AE96,447500.139576756,6232499.638727918
2,AE97_2,0.19115425820104454,AE97,447500.1513174165,6237499.67796077
2,AE98_2,0.23425167613947914,AE98,447500.15313399426,6242499.6437634
2,AF81_2,0.27184212303935834,AF81,442500.1384771916,6157499.787446427
2,AF82_2,0.3261775670865362,AF82,442500.15165183047,6162499.8084204225
2,AF91_2,0.2140267329427996,AF91,447500.16279772675,6157499.807246089
2,AF92_2,0.21502953506627356,AF92,447500.2057250942,6162499.834014087
2,AF93_2,0.21111605847321852,AF93,447500.1653840631,6167499.788514787
2,AF94_2,0.18512095497189993,AF94,447500.1697669054,6172499.780493908
2,AF95_2,0.19412177077469991,AF95,447500.15525057766,6177499.699395254
2,AF97_2,0.3301914250779654,AF97,447500.13908220717,6187499.650967309
2,AF98_2,0.3100348023790238,AF98,447500.13873657817,6192499.683587027
2,AF99_2,0.41017526550310385,AF99,447500.1235891788,6197499.754315107
2,BC20_2,0.1741692983570278,BC20,462500.0832758646,6302499.782276433
2,BC21_2,0.2145650040126371,BC21,462500.08463837503,6307499.738256342
2,BC22_2,0.22473307971641315,BC22,462500.0351017802,6312499.731527806
2,BC30_2,0.22182857592903607,BC30,467500.03225555073,6302499.688678854
2,BC31_2,0.19664291421387808,BC31,467500.0700814336,6307499.683991895
2,BC32_2,0.18213970211920733,BC32,467500.03942602925,6312499.716500132
2,BC33_2,0.18559001690486354,BC33,467500.06162332307,6317499.67391025
2,BC34_2,0.20804242129171846,BC34,467500.01645873167,6322499.668462578
2,BC41_2,0.2063017802680208,BC41,472500.0641984955,6307499.732148187
2,BC42_2,0.15299077368034067,BC42,472500.05119154515,6312499.702867677
2,BC43_2,0.3378686294583626,BC43,472500.07431792136,6317499.709834675
2,BC44_2,0.19718221330431832,BC44,472500.07316175365,6322499.753427244
2,BC45_2,0.5097374704111128,BC45,472500.04746136797,6327499.722303724
2,BC50_2,0.18330259615683123,BC50,477500.03517784266,6302499.666388486
2,BC51_2,0.3193579625200921,BC51,477500.0219923793,6307499.660629535
2,BC52_2,0.20701490298785222,BC52,477500.0270955203,6312499.691159323
2,BC53_2,0.37812910886198886,BC53,477500.050134716,6317499.646637439
2,BC54_2,0.19776891315860684,BC54,477500.091967421,6322499.63835183
2,BC55_2,0.2255355935501854,BC55,477500.0922437846,6327499.666607962
2,BC60_2,0.17835796160042566,BC60,482500.0626082632,6302499.738540966
2,BC62_2,0.3703021158849142,BC62,482500.04548227973,6312499.681136523
2,BC63_2,0.3852709785463112,BC63,482500.06870340253,6317499.706708531
2,BC64_2,0.16376099449598427,BC64,482500.09264614136,6322499.657199486
2,BC65_2,0.18324499640853828,BC65,482500.0574243303,6327499.644156614
2,BC70_2,0.251836067038129,BC70,487500.0281488765,6302499.681272506
2,BC71_2,0.22231250402545613,BC71,487500.02372481115,6307499.714883644
2,BC72_2,0.17271775134372364,BC72,487500.06305016344,6312499.673261789
2,BC73_2,0.2842243802509771,BC73,487500.0249803983,6317499.668063927
2,BC74_2,0.33047670415984753,BC74,487500.03132666176,6322499.698896714
2,BC75_2,0.22132159038131133,BC75,487500.08176904864,6327499.654417714
2,BC81_2,0.19747915851987485,BC81,492500.041047909,6307499.729905474
2,BC82_2,0.1881069334819717,BC82,492500.03649829555,6312499.667744995
2,BC83_2,0.27576917064556494,BC83,492499.997856006,6317499.641786334
2,BC84_2,0.23505899463931665,BC84,492500.0467049848,6322499.651782474
2,BC85_2,0.21351277532844007,BC85,492500.0614262203,6327499.586613408
2,BC93_2,0.24086460602765727,BC93,497500.0048648076,6317499.628014286
2,BC94_2,0.2582523597458524,BC94,497500.0354478817,6322499.62760691
2,BC95_2,0.17860215188647946,BC95,497500.0144291096,6327499.551978993
2,BC96_2,0.18464023623118792,BC96,497500.0027015511,6332499.623702109
2,BD00_2,0.24923287999392618,BD00,452500.055170292,6252499.551853021
2,BD02_2,0.23240929609251273,BD02,452500.0451360465,6262499.658862274
2,BD03_2,0.22726850382134975,BD03,452500.00491227995,6267499.601946497
2,BD04_2,0.235804112707528,BD04,452500.0060987118,6272499.69329495
2,BD05_2,0.2313602132607946,BD05,452499.98535578116,6277499.71096541
2,BD06_2,0.3389267672378879,BD06,452500.00592764583,6282499.765541134
2,BD07_2,0.43239943060785674,BD07,452500.0058695333,6287499.746381921
2,BD08_2,0.3377384587695083,BD08,452499.9871680592,6292499.764766518
2,BD10_2,0.16627291410072584,BD10,457500.0642796085,6252499.626853711
2,BD11_2,0.1691423880870137,BD11,457500.03424585843,6257499.62756949
2,BD12_2,0.18646253460502368,BD12,457500.0261392312,6262499.665304576
2,BD13_2,0.1940116186128116,BD13,457500.03933642176,6267499.628727978
2,BD17_2,0.3984539624311131,BD17,457500.0192793853,6287499.743606095
2,BD18_2,0.3020961507642359,BD18,457500.0290933364,6292499.781524262
2,BD19_2,0.24741515650868628,BD19,457500.063487968,6297499.744964002
2,BD21_2,0.19359810382856432,BD21,462500.04652625887,6257499.613366459
2,BD22_2,0.16982664855237325,BD22,462500.04672205047,6262499.682150681
2,BD23_2,0.23113181813627096,BD23,462500.05127489346,6267499.676611281
2,BD26_2,0.387189898195849,BD26,462500.0396707308,6282499.770858137
2,BD27_2,0.21438901086390486,BD27,462500.0084153306,6287499.80222181
2,BD28_2,0.28357892774756205,BD28,462500.04522956035,6292499.758577253
2,BD30_2,0.17205886654308064,BD30,467500.09666782786,6252499.638327593
2,BD31_2,0.1808107186322467,BD31,467500.0543298067,6257499.600372754
2,BD32_2,0.1622686901296787,BD32,467500.06232946395,6262499.710226541
2,BD33_2,0.18508951062714163,BD33,467500.0568793725,6267499.634422292
2,BD35_2,0.2167156164462165,BD35,467500.0749060298,6277499.704398919
2,BD36_2,0.1870991200465578,BD36,467500.0370856172,6282499.739297631
2,BD37_2,0.2155073766654142,BD37,467500.0506595336,6287499.810571126
2,BD38_2,0.2881890976316691,BD38,467500.0539126969,6292499.807359152
2,BD39_2,0.21552592535854825,BD39,467500.0473273079,6297499.729633846
2,BD40_2,0.18858352110177198,BD40,472500.0931846446,6252499.686959085
2,BD41_2,0.1615729093185753,BD41,472500.0753691514,6257499.700065501
2,BD42_2,0.20695978242725246,BD42,472500.0892348051,6262499.638397401
2,BD43_2,0.1745489651579986,BD43,472500.0750117887,6267499.724942416
2,BD44_2,0.20686734244844857,BD44,472500.09313145553,6272499.736661749
2,BD45_2,0.18160148388695277,BD45,472500.082515051,6277499.673930096
2,BD46_2,0.24889239201417743,BD46,472500.04509961524,6282499.759338391
2,BD47_2,0.29570428365673185,BD47,472500.0410912281,6287499.769842108
2,BD48_2,0.3485284131494504,BD48,472500.0707461879,6292499.705413405
2,BD49_2,0.19826325171601372,BD49,472500.07474827545,6297499.789050161
2,BD50_2,0.20467097525313255,BD50,477500.11881933274,6252499.615843311
2,BD51_2,0.15093033336390976,BD51,477500.0634254692,6257499.690373675
2,BD55_2,0.2587694389248103,BD55,477500.05691394093,6277499.685499792
2,BD56_2,0.26419168314233343,BD56,477500.0801616678,6282499.719876353
2,BD57_2,0.2716465600341486,BD57,477500.05835724296,6287499.679689139
2,BD58_2,0.15384261792831516,BD58,477500.0542861005,6292499.787203539
2,BD59_2,0.2150158186027084,BD59,477500.06639862224,6297499.708461465
2,BD60_2,0.15082390923170014,BD60,482500.06846866757,6252499.64834874
2,BD61_2,0.17837244749411638,BD61,482500.09796961857,6257499.682375004
2,BD64_2,0.19917305833722593,BD64,482500.05279373936,6272499.67016245
2,BD66_2,0.1696566117528323,BD66,482500.0376611929,6282499.732977217
2,BD67_2,0.17463692475435946,BD67,482500.0596615541,6287499.763232267
2,BD68_2,0.15107719342821121,BD68,482500.01980244165,6292499.718820099
2,BD69_2,0.2453454858277977,BD69,482500.0410989809,6297499.710512316
2,BD70_2,0.1553341911463673,BD70,487500.0817826781,6252499.672654292
2,BD71_2,0.1507133405549687,BD71,487500.07274000347,6257499.676720983
2,BD72_2,0.1707081409394932,BD72,487500.10657854204,6262499.717117674
2,BD73_2,0.2666552187536963,BD73,487500.0600253826,6267499.6828794535
2,BD74_2,0.2152430289737186,BD74,487500.05668077216,6272499.684921809
2,BD75_2,0.21414649973688316,BD75,487500.09656343656,6277499.723220508
2,BD76_2,0.17672007609758794,BD76,487500.05683605693,6282499.686808519
2,BD77_2,0.17827778687796655,BD77,487500.0606638972,6287499.686602905
2,BD78_2,0.18518185769260026,BD78,487500.04695056047,6292499.722763024
2,BD80_2,0.15238958212411255,BD80,492500.052342845,6252499.689303762
2,BD81_2,0.16318872675170887,BD81,492500.0663517555,6257499.67318747
2,BD82_2,0.2175198599919614,BD82,492500.0446139241,6262499.693544938
2,BD83_2,0.20258984042472702,BD83,492500.04863837245,6267499.638934148
2,BD85_2,0.19748674798944862,BD85,492500.0734845984,6277499.750050906
2,BD86_2,0.1846921574539947,BD86,492500.0328117953,6282499.693222406
2,BD87_2,0.2246416444480112,BD87,492500.0796249006,6287499.672523582
2,BD88_2,0.18679692305988863,BD88,492500.0303709486,6292499.688262614
2,BD89_2,0.21034953782328186,BD89,492500.00758350815,6297499.740193662
2,BD90_2,0.1506985000761662,BD90,497500.0588251114,6252499.698183741
2,BD91_2,0.15704778255263405,BD91,497500.03416951664,6257499.671954378
2,BD92_2,0.18593013937111807,BD92,497500.0799421015,6262499.6820673505
2,BD93_2,0.22053243229245578,BD93,497500.07296910265,6267499.728574473
2,BD94_2,0.3974387369244234,BD94,497500.0748110663,6272499.700105536
2,BD95_2,0.24794173517436585,BD95,497500.02420617704,6277499.707981611
2,BD97_2,0.2481037153751825,BD97,497500.0724178304,6287499.721172826
2,BD98_2,0.2758640951880785,BD98,497500.04871990596,6292499.726513864
2,BE03_2,0.17572190550150343,BE03,452500.11633685895,6217499.746191076
2,BE04_2,0.22088921047821755,BE04,452500.11632998136,6222499.685172294
2,BE05_2,0.2552307803238008,BE05,452500.15106356906,6227499.661355034
2,BE06_2,0.23061130378428404,BE06,452500.1590520394,6232499.675403499
2,BE07_2,0.23243878185153952,BE07,452500.1397759422,6237499.615993101
2,BE08_2,0.2561880493723347,BE08,452500.095196037,6242499.594395928
2,BE09_2,0.19576450663082215,BE09,452500.0878081365,6247499.609894695
2,BE11_2,0.2627325830930127,BE11,457500.10127285187,6207499.743524788
2,BE12_2,0.19229214386667814,BE12,457500.1500305779,6212499.741318243
2,BE13_2,0.1665715371703744,BE13,457500.15345753945,6217499.776981724
2,BE14_2,0.15271645470666942,BE14,457500.1111617552,6222499.739193365
2,BE15_2,0.15503491472241668,BE15,457500.1490842873,6227499.737989361
2,BE16_2,0.17012899325499736,BE16,457500.14241573645,6232499.663280108
2,BE17_2,0.1781290194891452,BE17,457500.0929771521,6237499.626338543
2,BE18_2,0.32982537835256914,BE18,457500.12517345103,6242499.625902592
2,BE19_2,0.16968544624543666,BE19,457500.1157411464,6247499.663183419
2,BE20_2,0.1806897501888408,BE20,462500.11838367645,6202499.747712504
2,BE21_2,0.16146570262128632,BE21,462500.0952010719,6207499.74191438
2,BE22_2,0.16325849088141442,BE22,462500.1342590039,6212499.772833126
2,BE23_2,0.16864867184182414,BE23,462500.11044103146,6217499.730235226
2,BE24_2,0.17260716512802496,BE24,462500.1496938069,6222499.724303068
2,BE25_2,0.21468019328176433,BE25,462500.12816557044,6227499.756101517
2,BE26_2,0.2531601792119616,BE26,462500.1075739042,6232499.713761374
2,BE27_2,0.24221466283285598,BE27,462500.0893851709,6237499.708556035
2,BE30_2,0.1658175185341445,BE30,467500.10730380483,6202499.828305079
2,BE31_2,0.1709382075331648,BE31,467500.0896561928,6207499.754043788
2,BE32_2,0.176165931736639,BE32,467500.1185248302,6212499.827834143
2,BE33_2,0.17570942922512361,BE33,467500.1294375103,6217499.716232078
2,BE34_2,0.1762235903889499,BE34,467500.1254063341,6222499.7531053685
2,BE35_2,0.18288988647815213,BE35,467500.1052226283,6227499.715833131
2,BE36_2,0.22228907850119622,BE36,467500.1322030665,6232499.715216365
2,BE37_2,0.2119456683952881,BE37,467500.08192916744,6237499.640875189
2,BE38_2,0.20448448917380566,BE38,467500.0804897086,6242499.714440874
2,BE39_2,0.3304838348085263,BE39,467500.1255944229,6247499.601982121
2,BE40_2,0.22464463224373807,BE40,472500.1127389596,6202499.801765352
2,BE41_2,0.2179791622226528,BE41,472500.10111836577,6207499.780096917
2,BE42_2,0.22163362418779622,BE42,472500.118605587,6212499.79520641
2,BE43_2,0.22962639275598073,BE43,472500.102536274,6217499.736171087
2,BE44_2,0.17549011552401794,BE44,472500.11623195955,6222499.713864509
2,BE45_2,0.17614654519662473,BE45,472500.0978888087,6227499.728662689
2,BE46_2,0.19314999894246243,BE46,472500.10925229813,6232499.668840696
2,BE47_2,0.18405461560422354,BE47,472500.08938047354,6237499.6460741
2,BE48_2,0.19864772092514763,BE48,472500.10059309157,6242499.6599383075
2,BE49_2,0.19167715557026055,BE49,472500.0806548547,6247499.599506401
2,BE50_2,0.1621264452438187,BE50,477500.0897044176,6202499.779935578
2,BE51_2,0.17012017337646235,BE51,477500.0837171829,6207499.820620244
2,BE52_2,0.18616661879917698,BE52,477500.0896873518,6212499.786792553
2,BE53_2,0.20179395430769723,BE53,477500.10844758886,6217499.789725573
2,BE54_2,0.17007565888275356,BE54,477500.0775276706,6222499.718423463
2,BE55_2,0.1882565928585122,BE55,477500.12210260506,6227499.683505938
2,BE56_2,0.18736032167215882,BE56,477500.11822783895,6232499.6856043795
2,BE57_2,0.1944336377231897,BE57,477500.12828789,6237499.724367468
2,BE58_2,0.16412729345596255,BE58,477500.09009941894,6242499.688796431
2,BE59_2,0.18717882695190513,BE59,477500.06649092725,6247499.689840795
2,BE60_2,0.19034526203224378,BE60,482500.1170935474,6202499.762600222
2,BE61_2,0.192774403811201,BE61,482500.11583061574,6207499.764099555
2,BE62_2,0.17831932064547112,BE62,482500.11054156657,6212499.802375257
2,BE63_2,0.16331382571228492,BE63,482500.1010131544,6217499.766104947
2,BE64_2,0.20281987306545124,BE64,482500.08794277866,6222499.766563116
2,BE65_2,0.15924373220669918,BE65,482500.0711159684,6227499.692425571
2,BE66_2,0.16686718548507132,BE66,482500.11322061473,6232499.654712963
2,BE67_2,0.25308962853765876,BE67,482500.0904503339,6237499.653912236
2,BE68_2,0.16835855423218168,BE68,482500.0651098611,6242499.689744695
2,BE69_2,0.16652887329118377,BE69,482500.0987530567,6247499.650626864
2,BE70_2,0.20415415020167632,BE70,487500.0865301826,6202499.750414935
2,BE71_2,0.20253978054928584,BE71,487500.08995137503,6207499.722487243
2,BE73_2,0.17402288223536086,BE73,487500.09745280247,6217499.776680447
2,BE74_2,0.22613152151833113,BE74,487500.10153235553,6222499.747455017
2,BE75_2,0.26382084462139205,BE75,487500.08557870064,6227499.754910266
2,BE76_2,0.16605885212833377,BE76,487500.0494996909,6232499.6877210885
2,BE77_2,0.16250956614052803,BE77,487500.0557743558,6237499.656981816
2,BE78_2,0.16150186020823312,BE78,487500.10442118364,6242499.66266886
2,BE79_2,0.1716098204093348,BE79,487500.07191723434,6247499.705124563
2,BE80_2,0.19423624736451417,BE80,492500.0769083233,6202499.743162796
2,BE81_2,0.1792300160672458,BE81,492500.0851086948,6207499.806863972
2,BE82_2,0.1925129916625343,BE82,492500.0559510994,6212499.795978415
2,BE83_2,0.17441871095379158,BE83,492500.0518686798,6217499.710370969
2,BE84_2,0.16684018782996166,BE84,492500.07326583227,6222499.77261727
2,BE85_2,0.33731066425809203,BE85,492500.0576986846,6227499.760204127
2,BE86_2,0.1603510087079266,BE86,492500.0673832763,6232499.672995943
2,BE87_2,0.16156138751477445,BE87,492500.0408101817,6237499.733683195
2,BE88_2,0.18441322115893305,BE88,492500.0396555708,6242499.719527307
2,BE89_2,0.1884272974576878,BE89,492500.0641284463,6247499.741806999
2,BE90_2,0.22667897183011482,BE90,497500.0422758438,6202499.741026654
2,BE91_2,0.20001106094712848,BE91,497500.0549127382,6207499.7948163375
2,BE92_2,0.22401235241840442,BE92,497500.07603090524,6212499.773925238
2,BE93_2,0.1771488973354399,BE93,497500.0434951054,6217499.78966552
2,BE94_2,0.17634245727279368,BE94,497500.0817259047,6222499.730638592
2,BE95_2,0.17184035835850273,BE95,497500.06645494024,6227499.708195655
2,BE96_2,0.16174542246041687,BE96,497500.0598918972,6232499.722276111
2,BE97_2,0.1666314628603568,BE97,497500.06204059086,6237499.7728568325
2,BE98_2,0.1798956647487318,BE98,497500.0728370326,6242499.748610737
2,BE99_2,0.21360059452162908,BE99,497500.0305140985,6247499.6495497795
2,BF00_2,0.24246986180238325,BF00,452500.16255789786,6152499.84979633
2,BF01_2,0.20775271589739208,BF01,452500.1443555164,6157499.855121321
2,BF02_2,0.22426485539289037,BF02,452500.1523084943,6162499.7866961
2,BF03_2,0.21864301706437803,BF03,452500.1251936091,6167499.75646735
2,BF04_2,0.2332458912818078,BF04,452500.1265854016,6172499.763725036
2,BF05_2,0.2333466456392382,BF05,452500.0929818788,6177499.69784097
2,BF06_2,0.18443932284243253,BF06,452500.08902709355,6182499.669392232
2,BF07_2,0.32465955823487963,BF07,452500.1152225344,6187499.678353518
2,BF08_2,0.3953303646666142,BF08,452500.10950070026,6192499.7253870675
2,BF11_2,0.20394379704387672,BF11,457500.09805196273,6157499.819878605
2,BF12_2,0.19505473780202615,BF12,457500.1359493549,6162499.887689657
2,BF13_2,0.1724715294016941,BF13,457500.1204013506,6167499.77104144
2,BF14_2,0.19421888260336315,BF14,457500.1182257726,6172499.803160674
2,BF15_2,0.21598673796447798,BF15,457500.127743533,6177499.761444724
2,BF16_2,0.16613836343558255,BF16,457500.08782064816,6182499.757772771
2,BF17_2,0.23615821710185936,BF17,457500.1244502372,6187499.790891147
2,BF18_2,0.2340973898693143,BF18,457500.11167777673,6192499.750712315
2,BF20_2,0.1882879342102577,BF20,462500.0972690694,6152499.858269893
2,BF21_2,0.1685609541667954,BF21,462500.1042798301,6157499.812390076
2,BF22_2,0.18631127226755442,BF22,462500.1063889781,6162499.804014538
2,BF23_2,0.17806645813702388,BF23,462500.1040823032,6167499.833119934
2,BF24_2,0.19483011018615257,BF24,462500.0968862839,6172499.788392592
2,BF25_2,0.16759799155384195,BF25,462500.0862437773,6177499.78109757
2,BF26_2,0.2499109291826145,BF26,462500.0726415611,6182499.811211206
2,BF27_2,0.22696314818185723,BF27,462500.11824307253,6187499.766874204
2,BF28_2,0.1751623667399542,BF28,462500.0991430791,6192499.760439191
2,BF29_2,0.3833447010568815,BF29,462500.07854237576,6197499.791339589
2,BF31_2,0.15678939199834066,BF31,467500.0528761789,6157499.8339712275
2,BF32_2,0.1841225600657752,BF32,467500.0828731935,6162499.869694816
2,BF33_2,0.17345637236730652,BF33,467500.09141173307,6167499.831571815
2,BF34_2,0.1561521102265531,BF34,467500.07979854086,6172499.830867704
2,BF35_2,0.1692692428747023,BF35,467500.11046438524,6177499.755797745
2,BF36_2,0.16615801112855738,BF36,467500.05907752085,6182499.718568934
2,BF37_2,0.23791151129773788,BF37,467500.11425610323,6187499.71774681
2,BF38_2,0.17431176064612827,BF38,467500.08834202494,6192499.754719362
2,BF40_2,0.2606711658697279,BF40,472500.05446232,6152499.831390551
2,BF41_2,0.20973846700049925,BF41,472500.085972153,6157499.883806649
2,BF43_2,0.22467380828549627,BF43,472500.098778225,6167499.766588567
2,BF46_2,0.1872372935174482,BF46,472500.06605603127,6182499.813911805
2,BF47_2,0.18557405990354517,BF47,472500.06699141755,6187499.755388988
2,BF48_2,0.1613645016435987,BF48,472500.0957205096,6192499.73373965
2,BF49_2,0.16110486249810277,BF49,472500.0900039778,6197499.749339143
2,BF50_2,0.16349757999429013,BF50,477500.08187685715,6152499.846936376
2,BF51_2,0.16187597846268212,BF51,477500.02976028406,6157499.8520273
2,BF52_2,0.1702661548448012,BF52,477500.049981805,6162499.782522364
2,BF53_2,0.16148236163485463,BF53,477500.08021795313,6167499.7500125235
2,BF55_2,0.2633717717226909,BF55,477500.0461591174,6177499.796539538
2,BF56_2,0.1892417226509954,BF56,477500.10749606375,6182499.763586155
2,BF57_2,0.1908615033695787,BF57,477500.05456016917,6187499.768187857
2,BF58_2,0.19850251941907895,BF58,477500.0757376356,6192499.809343387
2,BF59_2,0.21199549576779153,BF59,477500.10798379144,6197499.776060057
2,BF60_2,0.16702059665508162,BF60,482500.0368470739,6152499.882651542
2,BF61_2,0.16042457239479196,BF61,482500.0271999943,6157499.849245702
2,BF62_2,0.19339363431212273,BF62,482500.07425727736,6162499.852593689
2,BF63_2,0.19620980568798185,BF63,482500.0517386565,6167499.781888844
2,BF64_2,0.22662375308309948,BF64,482500.08626133483,6172499.7478915425
2,BF65_2,0.1658014207741331,BF65,482500.0522818646,6177499.751086633
2,BF66_2,0.15541894982030457,BF66,482500.0756826632,6182499.790944238
2,BF67_2,0.2050434692071846,BF67,482500.09339765523,6187499.756401075
2,BF68_2,0.23414523052016017,BF68,482500.106118653,6192499.758727317
2,BF69_2,0.2621554113203313,BF69,482500.11408775987,6197499.797900253
2,BF70_2,0.1812276032749903,BF70,487500.0613181969,6152499.826749672
2,BF71_2,0.18028826586075908,BF71,487500.03120470024,6157499.875939318
2,BF72_2,0.1682851746486442,BF72,487500.0414117519,6162499.85063891
2,BF73_2,0.1740063461169497,BF73,487500.02902736043,6167499.751005261
2,BF74_2,0.15894270923076254,BF74,487500.0577833784,6172499.799416764
2,BF76_2,0.17313647149731135,BF76,487500.0490462398,6182499.784371457
2,BF77_2,0.24490515407793192,BF77,487500.0746598672,6187499.7206850415
2,BF78_2,0.21438687633032527,BF78,487500.07920825994,6192499.805137645
2,BF79_2,0.18314755305291822,BF79,487500.06227952236,6197499.815116662
2,BF80_2,0.1705792373213021,BF80,492500.0457424066,6152499.90235705
2,BF81_2,0.17980268976035316,BF81,492500.0575680637,6157499.820932193
2,BF82_2,0.20934796288565277,BF82,492500.03082487086,6162499.776445566
2,BF83_2,0.20160832990702526,BF83,492500.0286680475,6167499.768765947
2,BF84_2,0.1876105306554177,BF84,492500.0511084942,6172499.797871274
2,BF85_2,0.1565820834162135,BF85,492500.0351787714,6177499.752555744
2,BF86_2,0.1563512235000945,BF86,492500.04401167773,6182499.743979233
2,BF87_2,0.21293071261428448,BF87,492500.07761814806,6187499.77211941
2,BF88_2,0.2269669907545772,BF88,492500.07324634277,6192499.725767915
2,BF89_2,0.2554771489701479,BF89,492500.0313184269,6197499.716196409
2,BF90_2,0.1899666939220243,BF90,497500.06872812915,6152499.8867905075
2,BF91_2,0.1925231543660801,BF91,497500.05965140025,6157499.795699069
2,BF92_2,0.18890981482913058,BF92,497500.05900778656,6162499.852742528
2,BF93_2,0.18647820847692229,BF93,497500.06666914717,6167499.835318215
2,BF94_2,0.20969541727824384,BF94,497500.0197826457,6172499.743439123
2,BF95_2,0.1880442358054382,BF95,497500.0442688116,6177499.79959253
2,BF96_2,0.17242892251411213,BF96,497500.077070528,6182499.781207959
2,BF97_2,0.18934112195529915,BF97,497500.0556179109,6187499.799593099
2,BF98_2,0.17251600332088876,BF98,497500.0426321929,6192499.743392498
2,BF99_2,0.15974014184619095,BF99,497500.03818358126,6197499.723877846
2,BG27_2,0.2111586330688856,BG27,462500.03912906913,6137499.887313023
2,BG28_2,0.2075374378882566,BG28,462500.0656512389,6142499.951349777
2,BG29_2,0.2164515423725581,BG29,462500.0848712415,6147499.9416772155
2,BG30_2,0.3940838893874137,BG30,467499.9967437505,6102499.680064469
2,BG31_2,0.30257254222361435,BG31,467499.9036355267,6107499.750328558
2,BG32_2,0.3298582483597455,BG32,467499.9121467563,6112499.746075479
2,BG33_2,0.6796745911445604,BG33,467499.8958406751,6117499.779495673
2,BG39_2,0.24929747341129188,BG39,467500.05551854515,6147499.874007825
2,BG41_2,0.20418002642127103,BG41,472499.9268347365,6107499.810952676
2,BG42_2,0.2600384523268628,BG42,472499.93091908237,6112499.750577684
2,BG43_2,0.49389700621129623,BG43,472499.9588106177,6117499.838705269
2,BG45_2,0.4294019709338195,BG45,472500.0200716098,6127499.904365897
2,BG49_2,0.16711835172867742,BG49,472500.049228468,6147499.927300755
2,BG50_2,0.21686175674892266,BG50,477499.9973141816,6102499.728152928
2,BG55_2,0.21222304768454991,BG55,477500.03509173164,6127499.82340314
2,BG57_2,0.37898753061742196,BG57,477500.0412068564,6137499.9440165525
2,BG58_2,0.2404188331508332,BG58,477500.0244174642,6142499.837590013
2,BG59_2,0.19977005561889952,BG59,477500.0804408138,6147499.879212277
2,BG60_2,0.18583909811832927,BG60,482499.9798820725,6102499.8077321
2,BG61_2,0.2721895852764816,BG61,482499.98409018014,6107499.848415741
2,BG62_2,0.23575197872253592,BG62,482499.97930829576,6112499.815047499
2,BG63_2,0.20582314563436174,BG63,482500.02986176877,6117499.818634525
2,BG64_2,0.17568673548633773,BG64,482500.00862455415,6122499.859659715
2,BG65_2,0.18005313378869306,BG65,482500.0426166273,6127499.826312609
2,BG66_2,0.21156538229042327,BG66,482500.00588300487,6132499.941644865
2,BG67_2,0.1747530932266558,BG67,482500.02427016397,6137499.871273607
2,BG68_2,0.16194571306103558,BG68,482500.03539951664,6142499.837998828
2,BG69_2,0.20436168862863893,BG69,482500.039511587,6147499.841798756
2,BG70_2,0.1804137386108535,BG70,487500.0348421291,6102499.812978593
2,BG71_2,0.2169528929535952,BG71,487499.98586005956,6107499.825717422
2,BG72_2,0.1965706327429137,BG72,487500.04020037403,6112499.875297073
2,BG73_2,0.17457509162420368,BG73,487500.0064094621,6117499.850954274
2,BG74_2,0.16643678683880933,BG74,487500.0124000873,6122499.863588602
2,BG75_2,0.161308526562777,BG75,487500.058190043,6127499.913178598
2,BG76_2,0.1862097272988301,BG76,487500.01661631186,6132499.888778622
2,BG77_2,0.17597610353024581,BG77,487500.0151634949,6137499.901289857
2,BG78_2,0.21095577945270877,BG78,487500.05353123834,6142499.839403261
2,BG79_2,0.16481516093068302,BG79,487500.069157074,6147499.925851864
2,BG80_2,0.24514984610712615,BG80,492500.05033699406,6102499.744442296
2,BG81_2,0.25654533268723206,BG81,492500.01211780054,6107499.849601752
2,BG82_2,0.20970173551300933,BG82,492500.06132339203,6112499.880421333
2,BG83_2,0.17672406640163663,BG83,492500.0068079907,6117499.837203838
2,BG84_2,0.1731473168705247,BG84,492500.03992750257,6122499.830883491
2,BG85_2,0.1895841479332531,BG85,492500.03347061033,6127499.861656778
2,BG86_2,0.16649960903225222,BG86,492500.0510949549,6132499.929393534
2,BG87_2,0.17350544772017668,BG87,492500.02925978525,6137499.922894773
2,BG88_2,0.528280835783215,BG88,492500.0314784392,6142499.842027559
2,BG89_2,0.2629782671796118,BG89,492500.05814519007,6147499.909344381
2,BG90_2,0.17805346783404805,BG90,497500.04236272007,6102499.824620573
2,BG91_2,0.2021850519485359,BG91,497500.01451139763,6107499.808974277
2,BG92_2,0.18560200676768573,BG92,497500.05856603594,6112499.830354991
2,BG93_2,0.18823904198407315,BG93,497500.04702172836,6117499.888816063
2,BG94_2,0.21037107056453774,BG94,497500.04360713303,6122499.873015075
2,BG95_2,0.1965402672712833,BG95,497500.0483908097,6127499.894213497
2,BG96_2,0.18155385287097364,BG96,497500.0613110999,6132499.841104226
2,BG97_2,0.1829806052715576,BG97,497500.0191423166,6137499.936274155
2,BG98_2,0.15914458865821218,BG98,497500.04848340026,6142499.845767268
2,BG99_2,0.18093161391771947,BG99,497500.0228864452,6147499.903496731
2,BH57_2,0.4648977525936828,BH57,477500.0575189135,6087499.717403076
2,BH58_2,0.4802760874289564,BH58,477500.0309492611,6092499.683684505
2,BH59_2,0.35470364012503175,BH59,477500.0107989607,6097499.687274866
2,BH66_2,0.45240566433895596,BH66,482500.0001891313,6082499.794663963
2,BH67_2,0.29249391957916776,BH67,482500.0408449325,6087499.686214566
2,BH68_2,0.19723728455385636,BH68,482500.0724313329,6092499.726358123
2,BH69_2,0.19960622945616008,BH69,482500.03038015234,6097499.692768536
2,BH76_2,0.5656370191859632,BH76,487500.048187175,6082499.800443771
2,BH77_2,0.23672579482219647,BH77,487500.03415061906,6087499.77562375
2,BH78_2,0.19321523084847336,BH78,487500.0592190939,6092499.787910184
2,BH79_2,0.1945610065521315,BH79,487500.0591634151,6097499.726182375
2,BH86_2,0.22646974790126764,BH86,492500.0572634925,6082499.806664651
2,BH87_2,0.21477102742047127,BH87,492500.0521481735,6087499.763193937
2,BH88_2,0.20232901196779765,BH88,492500.0706003756,6092499.756857703
2,BH89_2,0.21413550393667466,BH89,492500.0486974856,6097499.7877438655
2,BH96_2,0.24187871426510738,BH96,497500.0428692315,6082499.813263592
2,BH97_2,0.24496092592542873,BH97,497500.0466593011,6087499.76039121
2,BH98_2,0.17626815504897772,BH98,497500.05847944214,6092499.74466746
2,BH99_2,0.2422215705405413,BH99,497500.0144000943,6097499.766108859
2,CC04_2,0.2993126197008102,CC04,502500.0151027321,6322499.626328963
2,CC05_2,0.283991754714855,CC05,502500.0189406716,6327499.550508512
2,CC06_2,0.19688262670654222,CC06,502500.0141727327,6332499.622039415
2,CD00_2,0.23327320000873333,CD00,502500.05650963914,6252499.699439128
2,CD01_2,0.2392775774288545,CD01,502500.0548085185,6257499.673018353
2,CD02_2,0.21239163961019483,CD02,502500.0449077099,6262499.682977954
2,CD03_2,0.17955069504990828,CD03,502500.0268036657,6267499.729294267
2,CD04_2,0.16741774795211573,CD04,502500.06196320115,6272499.700669883
2,CD05_2,0.20614413178265004,CD05,502500.0274329878,6277499.708317954
2,CD06_2,0.28079641174061504,CD06,502500.04595014855,6282499.752284697
2,CD07_2,0.2465288720119794,CD07,502500.0561681533,6287499.721199877
2,CD08_2,0.2382247058917891,CD08,502499.9969046276,6292499.726313779
2,CD09_2,0.21622561001313037,CD09,502499.9905232744,6297499.656359702
2,CE00_2,0.2337751543256457,CE00,502500.06152683037,6202499.744005174
2,CE01_2,0.18960187707163473,CE01,502500.0785219833,6207499.797640791
2,CE02_2,0.1985589690668641,CE02,502500.02528104605,6212499.776561091
2,CE03_2,0.2055231527943729,CE03,502500.0263673985,6217499.792110339
2,CE04_2,0.20546453820352775,CE04,502500.08162276645,6222499.732965122
2,CE05_2,0.17843440884337886,CE05,502500.0666420697,6227499.710331745
2,CE06_2,0.16163693663884918,CE06,502500.04362767225,6232499.724222039
2,CE07_2,0.21679941585803067,CE07,502500.07449190767,6237499.774647816
2,CE09_2,0.205001501325863,CE09,502500.05001462775,6247499.762263852
2,CF01_2,0.20677461883334375,CF01,502500.0534417037,6157499.800205615
2,CF02_2,0.19743028592450113,CF02,502500.07869880326,6162499.857095068
2,CF03_2,0.20749807973041662,CF03,502500.03324409283,6167499.839482369
2,CF04_2,0.2156227743632553,CF04,502500.04300302034,6172499.747412451
2,CF05_2,0.1950131430242184,CF05,502500.04484904365,6177499.803412706
2,CF06_2,0.16967335918191376,CF06,502500.0389016604,6182499.78487528
2,CF07_2,0.22871838926977198,CF07,502500.0250959793,6187499.803070416
2,CF08_2,0.19083836104884785,CF08,502500.0660579465,6192499.746714847
2,CF09_2,0.19457677227969242,CF09,502500.0365151213,6197499.727010743
2,CB80_2,0.1788264160106124,CB80,542499.6620958119,6352499.629923955
2,CB81_2,0.2401893509941863,CB81,542499.628879245,6357499.699695451
2,CB90_2,0.17620089780462944,CB90,547499.7045161797,6352499.721157329
2,CB91_2,0.1681579075730927,CB91,547499.6539340164,6357499.662049337
2,CB92_2,0.20558818416860794,CB92,547499.671851043,6362499.752101463
2,CB93_2,0.19547560705106914,CB93,547499.6398579371,6367499.76725467
2,CC14_2,0.27768380880860544,CC14,507499.94254047045,6322499.647839415
2,CC15_2,0.183057885648463,CC15,507499.9713143852,6327499.582203945
2,CC16_2,0.18505846960708172,CC16,507499.97378503287,6332499.552584106
2,CC20_2,0.16439216717691718,CC20,512499.9740781955,6302499.678350093
2,CC21_2,0.2506048476439222,CC21,512499.9587580677,6307499.711003006
2,CC23_2,0.2550753472586584,CC23,512499.9200418585,6317499.662266049
2,CC24_2,0.18769637824793933,CC24,512499.9569946417,6322499.581005044
2,CC25_2,0.16414184494830275,CC25,512499.94971320574,6327499.647067015
2,CC26_2,0.20018565435683777,CC26,512499.89918050665,6332499.526474841
2,CC30_2,0.15012701886501456,CC30,517499.937743111,6302499.734448258
2,CC31_2,0.20496517394538719,CC31,517499.9573913391,6307499.68638883
2,CC32_2,0.21876760070475795,CC32,517499.9160470478,6312499.67435963
2,CC33_2,0.21111401269170615,CC33,517499.9351837722,6317499.698844893
2,CC34_2,0.17574481909654224,CC34,517499.8934505895,6322499.647993909
2,CC35_2,0.1953267426906239,CC35,517499.91156198527,6327499.6336058555
2,CC36_2,0.1920092499560337,CC36,517499.868461167,6332499.543827721
2,CC40_2,0.15798550468094952,CC40,522499.9010986991,6302499.772105485
2,CC41_2,0.156747276624729,CC41,522499.8946037454,6307499.76462174
2,CC42_2,0.21912347677856497,CC42,522499.93192246224,6312499.682440375
2,CC43_2,0.2127772110164135,CC43,522499.8904843816,6317499.636193218
2,CC44_2,0.1636444805737605,CC44,522499.89160933683,6322499.626510591
2,CC45_2,0.18611256687168176,CC45,522499.87422067544,6327499.653039125
2,CC46_2,0.2083387121242186,CC46,522499.83866884856,6332499.604435725
2,CC50_2,0.16886776685806645,CC50,527499.8816415456,6302499.791260103
2,CC51_2,0.15410320924842114,CC51,527499.9107610129,6307499.723595708
2,CC52_2,0.14524960034526785,CC52,527499.9046872742,6312499.692205453
2,CC53_2,0.18541067277643272,CC53,527499.86315966025,6317499.697063427
2,CC54_2,0.1996360669282124,CC54,527499.8473306855,6322499.627229618
2,CC55_2,0.16764733715902788,CC55,527499.795382189,6327499.593590726
2,CC56_2,0.1843607153172,CC56,527499.8281139306,6332499.59692409
2,CC57_2,0.2771265471577667,CC57,527499.7634533717,6337499.635998681
2,CC60_2,0.17205172874924404,CC60,532499.8968679683,6302499.791890076
2,CC61_2,0.1606368945407871,CC61,532499.8393510462,6307499.784713652
2,CC62_2,0.15579798413995716,CC62,532499.8518622435,6312499.703415073
2,CC63_2,0.22893613830551562,CC63,532499.8104598847,6317499.769646129
2,CC64_2,0.19412938519734677,CC64,532499.8388375221,6322499.6503872825
2,CC65_2,0.16427926226068887,CC65,532499.8124718731,6327499.678605539
2,CC66_2,0.15799336692358334,CC66,532499.7933676881,6332499.632118677
2,CC67_2,0.1990294623224993,CC67,532499.7801655097,6337499.62221521
2,CC68_2,0.1789362100680042,CC68,532499.7119922304,6342499.6483931905
2,CC70_2,0.16061819509484426,CC70,537499.842333892,6302499.772919597
2,CC71_2,0.15668523715610805,CC71,537499.8212735428,6307499.726024116
2,CC72_2,0.1881370860765475,CC72,537499.8517914551,6312499.716416673
2,CC75_2,0.23902320662469262,CC75,537499.7628460178,6327499.684050063
2,CC76_2,0.15061421901764183,CC76,537499.7520002894,6332499.709823327
2,CC77_2,0.21365871616826104,CC77,537499.7302975287,6337499.660885921
2,CC78_2,0.18426509579413602,CC78,537499.6962343298,6342499.648525652
2,CC80_2,0.18330820822796348,CC80,542499.8563424866,6302499.84651723
2,CC81_2,0.2266556400629609,CC81,542499.811273352,6307499.769589547
2,CC82_2,0.205970965726381,CC82,542499.7992118956,6312499.841340819
2,CC83_2,0.1643462061847237,CC83,542499.7620913137,6317499.727188424
2,CC84_2,0.2583819665241716,CC84,542499.7566802504,6322499.7616613405
2,CC85_2,0.23529403382342767,CC85,542499.7239279284,6327499.721485542
2,CC86_2,0.18003179324373722,CC86,542499.7227246305,6332499.718567566
2,CC87_2,0.19977581655008678,CC87,542499.6930338388,6337499.640942774
2,CC88_2,0.21089325501675157,CC88,542499.6924473802,6342499.711836177
2,CC89_2,0.15356717747400336,CC89,542499.7225329417,6347499.708588393
2,CC90_2,0.18257008962912902,CC90,547499.8365771989,6302499.788772783
2,CC91_2,0.14748529426077467,CC91,547499.8277234574,6307499.803976223
2,CC92_2,0.15425667441758875,CC92,547499.7746032869,6312499.855917229
2,CC93_2,0.1554858633114917,CC93,547499.7994806129,6317499.834643529
2,CC94_2,0.16746683908730342,CC94,547499.719378153,6322499.738043602
2,CC95_2,0.2223824405715211,CC95,547499.7132742624,6327499.790795946
2,CC96_2,0.17149999940597718,CC96,547499.7222361609,6332499.769553138
2,CC97_2,0.15363470688542077,CC97,547499.6838005685,6337499.784904589
2,CC98_2,0.1858160160433986,CC98,547499.7195078448,6342499.7268970525
2,CC99_2,0.18666128482259509,CC99,547499.706504553,6347499.705425574
2,CD10_2,0.19653428166830356,CD10,507500.00067667133,6252499.692961532
2,CD11_2,0.1548888244366098,CD11,507500.0220085052,6257499.676381406
2,CD13_2,0.16220925965912641,CD13,507500.05031551485,6267499.752397923
2,CD14_2,0.2904828203455649,CD14,507499.9959119025,6272499.733530455
2,CD15_2,0.293584441057853,CD15,507500.0388689106,6277499.7511699125
2,CD16_2,0.17566930838421888,CD16,507499.99515133403,6282499.693658245
2,CD17_2,0.15809189428655623,CD17,507499.98714753694,6287499.67249593
2,CD18_2,0.17190188951861987,CD18,507500.0146276354,6292499.687658906
2,CD21_2,0.18266935391008424,CD21,512500.01438471023,6257499.682042768
2,CD22_2,0.22555589770614037,CD22,512500.0164166468,6262499.721667139
2,CD23_2,0.15321863299733995,CD23,512499.9764066874,6267499.686291468
2,CD24_2,0.16892620475786807,CD24,512500.01682432264,6272499.687559193
2,CD26_2,0.20519666802999312,CD26,512500.0311430825,6282499.687715276
2,CD28_2,0.22976109218356466,CD28,512499.9968010931,6292499.721756237
2,CD29_2,0.1624219070795308,CD29,512500.0070516916,6297499.681986718
2,CD31_2,0.17380379086814537,CD31,517499.9873017802,6257499.689823826
2,CD32_2,0.1679026422900438,CD32,517499.99541134556,6262499.759304405
2,CD33_2,0.1668507799574742,CD33,517500.0060077057,6267499.753989291
2,CD34_2,0.20538470568112083,CD34,517499.95698225294,6272499.784906531
2,CD36_2,0.36010394995993394,CD36,517499.98719161353,6282499.733989379
2,CD37_2,0.21046283208869979,CD37,517500.0039983928,6287499.763160197
2,CD38_2,0.16261557918997793,CD38,517499.96096102183,6292499.717152444
2,CD39_2,0.16560518619875728,CD39,517499.9796768343,6297499.707759489
2,CD40_2,0.1972292181457405,CD40,522499.9897546972,6252499.738438926
2,CD41_2,0.19816005077307772,CD41,522499.9577492953,6257499.699618638
2,CD42_2,0.1746130870538234,CD42,522499.9726405925,6262499.6976654865
2,CD43_2,0.19631028947226756,CD43,522499.9724788307,6267499.732229277
2,CD44_2,0.16854070128033719,CD44,522499.95701237884,6272499.803285507
2,CD45_2,0.20744114560937466,CD45,522499.9265822344,6277499.799500932
2,CD46_2,0.20391894706067057,CD46,522499.9422009157,6282499.72117526
2,CD47_2,0.1577417869403604,CD47,522499.94102253095,6287499.790575308
2,CD48_2,0.150247565711198,CD48,522499.9239833698,6292499.785056509
2,CD49_2,0.15468891154492145,CD49,522499.95187649434,6297499.704918779
2,CD50_2,0.19134070395501562,CD50,527499.9511970772,6252499.700352971
2,CD51_2,0.17701881142010947,CD51,527499.9427165891,6257499.711358914
2,CD52_2,0.16843939151416265,CD52,527499.9640577937,6262499.75929551
2,CD53_2,0.19911202366285993,CD53,527499.9539858935,6267499.732432754
2,CD54_2,0.15528032417065557,CD54,527499.9115217607,6272499.742050619
2,CD55_2,0.1507782353188583,CD55,527499.8977407311,6277499.788523502
2,CD56_2,0.1504589188459655,CD56,527499.9128910928,6282499.76051782
2,CD57_2,0.15347089104710038,CD57,527499.8945820702,6287499.768916321
2,CD58_2,0.22661856061582966,CD58,527499.9036695738,6292499.81409373
2,CD59_2,0.23598218710013485,CD59,527499.9404047114,6297499.784713762
2,CD60_2,0.15982386361742942,CD60,532499.9431598982,6252499.765451516
2,CD61_2,0.16736238792503955,CD61,532499.8975667739,6257499.724542583
2,CD62_2,0.16294882662827317,CD62,532499.9264218447,6262499.721080979
2,CD63_2,0.20073710750531618,CD63,532499.9060614218,6267499.754098765
2,CD64_2,0.18133034551383462,CD64,532499.8984825077,6272499.712735584
2,CD65_2,0.16171364391627274,CD65,532499.9014897305,6277499.819579325
2,CD66_2,0.15968476215455363,CD66,532499.9171695623,6282499.740681873
2,CD67_2,0.18006368241327614,CD67,532499.8812754106,6287499.809468063
2,CD68_2,0.14810440668238786,CD68,532499.9174908885,6292499.804240393
2,CD69_2,0.1559382514093235,CD69,532499.9030293231,6297499.72402499
2,CD70_2,0.19307993783115232,CD70,537499.9224899263,6252499.710588921
2,CD71_2,0.16067205067843782,CD71,537499.9009141074,6257499.739502609
2,CD72_2,0.17937283469420154,CD72,537499.8761429818,6262499.694117894
2,CD73_2,0.16645451244100032,CD73,537499.8457173071,6267499.797017795
2,CD74_2,0.17938029068399028,CD74,537499.8735113181,6272499.714805415
2,CD75_2,0.15139704513031121,CD75,537499.8945203188,6277499.780826929
2,CD76_2,0.1608136842002144,CD76,537499.8489667726,6282499.771897683
2,CD77_2,0.22296534901020726,CD77,537499.8579666234,6287499.800388882
2,CD78_2,0.2207949222604386,CD78,537499.8606860194,6292499.754419795
2,CD80_2,0.20550408899509956,CD80,542499.9043316353,6252499.758197298
2,CD81_2,0.18273425081059144,CD81,542499.9081204964,6257499.755666731
2,CD82_2,0.15847932753103458,CD82,542499.8906583615,6262499.790154996
2,CD83_2,0.17551715162980513,CD83,542499.8525639324,6267499.7503311
2,CD84_2,0.17361245815894233,CD84,542499.8536315641,6272499.748089695
2,CD85_2,0.2013321376852918,CD85,542499.8318074815,6277499.782787062
2,CD86_2,0.15900192991302337,CD86,542499.848977515,6282499.74370801
2,CD87_2,0.164085445045458,CD87,542499.8409872162,6287499.852821364
2,CD88_2,0.18279335603915517,CD88,542499.8718291062,6292499.776795781
2,CD89_2,0.27848596414049115,CD89,542499.8153189467,6297499.848290001
2,CD90_2,0.1822171761085573,CD90,547499.9077536316,6252499.685534189
2,CD91_2,0.19301167758665674,CD91,547499.8745462188,6257499.772209364
2,CD92_2,0.17730049869631115,CD92,547499.8659603776,6262499.785287277
2,CD93_2,0.19531861883112403,CD93,547499.8197961848,6267499.724049108
2,CD94_2,0.19781778272215725,CD94,547499.7944576344,6272499.811765392
2,CD95_2,0.18566708887441793,CD95,547499.7917206177,6277499.825801136
2,CD96_2,0.18405652550264093,CD96,547499.8108651892,6282499.766127534
2,CD97_2,0.17016043269387796,CD97,547499.8486541302,6287499.855329811
2,CD98_2,0.20668335675409746,CD98,547499.8457579509,6292499.870075763
2,CD99_2,0.2153826054755349,CD99,547499.8016743321,6297499.8103351565
2,CE10_2,0.1740652408080649,CE10,507500.0262864438,6202499.752100389
2,CE11_2,0.18747008177277583,CE11,507500.04771768564,6207499.815339364
2,CE12_2,0.34947505095682235,CE12,507500.04475203936,6212499.8038825905
2,CE13_2,0.2654823747531909,CE13,507500.07958559337,6217499.717812039
2,CE14_2,0.22729601739295713,CE14,507500.0273397176,6222499.77948883
2,CE15_2,0.17823149580574715,CE15,507500.07478817966,6227499.766611712
2,CE16_2,0.230507853738886,CE16,507500.0353278538,6232499.79013519
2,CE17_2,0.1890750025795103,CE17,507500.0331905386,6237499.73894793
2,CE18_2,0.22610023654702713,CE18,507500.06795502856,6242499.724328115
2,CE19_2,0.19881873917026932,CE19,507500.01585132466,6247499.746037214
2,CE20_2,0.1875918464988565,CE20,512500.0778718726,6202499.765489041
2,CE21_2,0.2164734920697358,CE21,512500.0416534956,6207499.736611552
2,CE22_2,0.22557053227442747,CE22,512500.08898064535,6212499.744663644
2,CE23_2,0.1708176948374847,CE23,512500.03278298484,6217499.789083581
2,CE24_2,0.16771366659612005,CE24,512500.0599824369,6222499.759086974
2,CE25_2,0.26726373418659666,CE25,512500.045683016,6227499.765589996
2,CE26_2,0.27937591131923706,CE26,512500.05217830365,6232499.697447278
2,CE27_2,0.27185493991155907,CE27,512500.0166706834,6237499.77705867
2,CE29_2,0.31007631225944743,CE29,512500.0068288046,6247499.712173496
2,CE30_2,0.17708408008228535,CE30,517500.0454849072,6202499.78370307
2,CE31_2,0.1767486138440658,CE31,517500.0763001169,6207499.784124023
2,CE32_2,0.23810647501615037,CE32,517500.0498415911,6212499.709770298
2,CE33_2,0.2035592129285784,CE33,517500.0895961484,6217499.78371891
2,CE34_2,0.25068961039572357,CE34,517500.07173813885,6222499.7828447055
2,CE35_2,0.21852321595607482,CE35,517500.0583055991,6227499.707374013
2,CE36_2,0.2933412118713492,CE36,517500.0481509513,6232499.779884519
2,CE37_2,0.2429536569943572,CE37,517500.0419372872,6237499.777750103
2,CE38_2,0.18239780681109188,CE38,517500.03942366596,6242499.700944795
2,CE39_2,0.21809345878717362,CE39,517500.0394573879,6247499.77205085
2,CE40_2,0.27287712886707277,CE40,522500.0704425728,6202499.807062485
2,CE41_2,0.1875776662845525,CE41,522500.0442081195,6207499.734739026
2,CE42_2,0.21277989185399293,CE42,522500.0678054823,6212499.810822077
2,CE45_2,0.2451261134395913,CE45,522500.06692997954,6227499.703048657
2,CE46_2,0.2136528813047676,CE46,522500.041145187,6232499.703433006
2,CE47_2,0.19568414611581178,CE47,522500.0640162797,6237499.74080711
2,CE48_2,0.15696824688413313,CE48,522500.0119734386,6242499.703193641
2,CE49_2,0.16990334182978833,CE49,522500.0079419588,6247499.702520713
2,CE50_2,0.18705299620219668,CE50,527500.0450754714,6202499.723619567
2,CE51_2,0.22878646732059904,CE51,527500.0855328589,6207499.811552569
2,CE52_2,0.24005475018979802,CE52,527500.0988265752,6212499.713670329
2,CE53_2,0.23313514633551888,CE53,527500.082575689,6217499.763839749
2,CE54_2,0.19071450740169363,CE54,527500.1000764947,6222499.739837737
2,CE55_2,0.17087609899463138,CE55,527500.0880835521,6227499.752541096
2,CE56_2,0.16622740882031092,CE56,527500.0470532825,6232499.690624631
2,CE57_2,0.19713836014991667,CE57,527500.0379328128,6237499.66576125
2,CE58_2,0.19526059742210528,CE58,527499.9984027212,6242499.67752908
2,CE59_2,0.2599912266534929,CE59,527499.989976083,6247499.726301877
2,CE60_2,0.18170950154524823,CE60,532500.0469924002,6202499.756178573
2,CE61_2,0.19420928775015592,CE61,532500.0933404423,6207499.791210008
2,CE62_2,0.21671123578570722,CE62,532500.0953795096,6212499.751701555
2,CE63_2,0.19981315616129558,CE63,532500.0520095888,6217499.748924329
2,CE64_2,0.2365882572481308,CE64,532500.088076029,6222499.6724942615
2,CE65_2,0.18569956640609214,CE65,532500.0770745723,6227499.744045095
2,CE66_2,0.19183893182138145,CE66,532500.0204245233,6232499.74095347
2,CE67_2,0.1614572890059592,CE67,532500.0416984205,6237499.664132946
2,CE68_2,0.1708917526484364,CE68,532500.0148175734,6242499.735220286
2,CE69_2,0.16246356094994371,CE69,532499.9412093535,6247499.731587012
2,CE70_2,0.16627972165138585,CE70,537500.0308170322,6202499.79289711
2,CE71_2,0.23837991288572002,CE71,537500.0835327087,6207499.784787841
2,CE72_2,0.2309469207466099,CE72,537500.0755039781,6212499.702100726
2,CE73_2,0.2322192888988666,CE73,537500.067701568,6217499.65664748
2,CE74_2,0.2397383934730487,CE74,537500.0596364432,6222499.648403606
2,CE75_2,0.19138966324560447,CE75,537500.0508192427,6227499.677344484
2,CE76_2,0.20547695992770418,CE76,537500.0417347807,6232499.63214553
2,CE77_2,0.1632029144970246,CE77,537500.0299457153,6237499.735380851
2,CE78_2,0.20190963978363538,CE78,537499.9560459278,6242499.652580182
2,CE79_2,0.2994797466786187,CE79,537499.9403775054,6247499.718706845
2,CE80_2,0.16490052884878958,CE80,542500.0765360219,6202499.722907818
2,CE81_2,0.20153394220951712,CE81,542500.0725898192,6207499.792100813
2,CE82_2,0.25627888224002904,CE82,542500.0549823554,6212499.675981395
2,CE83_2,0.2248570191430162,CE83,542500.0821386847,6217499.709024412
2,CE84_2,0.19783356297407603,CE84,542500.0312720044,6222499.667383468
2,CE85_2,0.19143336293251415,CE85,542500.0251304065,6227499.663558211
2,CE86_2,0.19401286067503268,CE86,542500.0010096645,6232499.696908841
2,CE87_2,0.176275288829245,CE87,542499.9595191028,6237499.656109798
2,CE88_2,0.1974421207000724,CE88,542499.960902843,6242499.653049735
2,CE89_2,0.18970879631380533,CE89,542499.9426731234,6247499.687087541
2,CE90_2,0.1683000962603519,CE90,547500.0112863941,6202499.766809329
2,CE91_2,0.17039344017989058,CE91,547500.0158636335,6207499.701018751
2,CE92_2,0.19066548370753336,CE92,547500.0503056952,6212499.673195112
2,CE93_2,0.1966809440824136,CE93,547500.0516845292,6217499.682626755
2,CE94_2,0.1677662857097228,CE94,547500.0194965032,6222499.7292875815
2,CE95_2,0.17755559221368342,CE95,547500.0165332087,6227499.702541236
2,CE96_2,0.16865225227965258,CE96,547499.9788540612,6232499.712970672
2,CE97_2,0.2773529130507871,CE97,547499.9691090817,6237499.649938437
2,CE98_2,0.18100840076226726,CE98,547499.9234977771,6242499.624028113
2,CE99_2,0.20114560547464286,CE99,547499.9032871589,6247499.63590194
2,CF10_2,0.2000347970927865,CF10,507500.04285710165,6152499.805047145
2,CF11_2,0.1989052990587392,CF11,507500.05492596835,6157499.834451183
2,CF12_2,0.22086708702937594,CF12,507500.04327710776,6162499.789395868
2,CF13_2,0.20594195325905318,CF13,507500.0706404502,6167499.781255058
2,CF14_2,0.1792349467019915,CF14,507500.0739329783,6172499.809900087
2,CF15_2,0.18784188464751558,CF15,507500.0533334287,6177499.764015607
2,CF16_2,0.17705723141047638,CF16,507500.07135441876,6182499.754977835
2,CF17_2,0.2427795726508944,CF17,507500.0651289864,6187499.782657654
2,CF18_2,0.2515256922123624,CF18,507500.03483679594,6192499.735736998
2,CF19_2,0.18083405955866452,CF19,507500.0425821252,6197499.836890889
2,CF20_2,0.18256057628144848,CF20,512500.0890358579,6152499.85022648
2,CF21_2,0.1796282163087102,CF21,512500.0804062962,6157499.787179069
2,CF22_2,0.16806277598796052,CF22,512500.03149114567,6162499.872222402
2,CF23_2,0.22092004882086824,CF23,512500.06907642435,6167499.771820084
2,CF24_2,0.1738166722701517,CF24,512500.06605251407,6172499.819464415
2,CF25_2,0.20007008037016,CF25,512500.02303446684,6177499.792549392
2,CF26_2,0.18846183036674252,CF26,512500.0651124667,6182499.802702072
2,CF27_2,0.18761675638112943,CF27,512500.06655589637,6187499.849542149
2,CF28_2,0.1798664492462115,CF28,512500.0276656862,6192499.82175148
2,CF29_2,0.188384853696437,CF29,512500.0730969767,6197499.830959868
2,CF30_2,0.18601261562594068,CF30,517500.0490080542,6152499.803977083
2,CF31_2,0.1930943716586309,CF31,517500.08229393145,6157499.880785225
2,CF32_2,0.22883012681754744,CF32,517500.05984277924,6162499.883060531
2,CF33_2,0.22365186230443962,CF33,517500.0445604493,6167499.811028843
2,CF34_2,0.20015744021933066,CF34,517500.0357638052,6172499.775957468
2,CF35_2,0.21796362383139598,CF35,517500.0332116384,6177499.777824086
2,CF36_2,0.19208107538596067,CF36,517500.0366625694,6182499.816606281
2,CF37_2,0.2163352315010099,CF37,517500.04632165184,6187499.780987112
2,CF38_2,0.18683274462252697,CF38,517500.061502076,6192499.782236776
2,CF39_2,0.17709328774606053,CF39,517500.08196195716,6197499.820332571
2,CF40_2,0.18242938738800282,CF40,522500.0642822681,6152499.88918984
2,CF41_2,0.21018186066159536,CF41,522500.0773326165,6157499.892575038
2,CF42_2,0.1642620791128159,CF42,522500.08171073144,6162499.821689351
2,CF43_2,0.17275265588113106,CF43,522500.0766004052,6167499.787798728
2,CF44_2,0.1811736912668506,CF44,522500.0617534066,6172499.790880593
2,CF45_2,0.17255386410291365,CF45,522500.0369213511,6177499.830912278
2,CF47_2,0.16404838929831222,CF47,522500.02009768866,6187499.799469306
2,CF48_2,0.24153505090841243,CF48,522500.02689213475,6192499.839240847
2,CF49_2,0.20213287316565967,CF49,522500.0856363534,6197499.8048974695
2,CF50_2,0.2291424365911908,CF50,527500.0886990835,6152499.883027053
2,CF51_2,0.20348072812668194,CF51,527500.0818896274,6157499.8224678775
2,CF52_2,0.20187114476019855,CF52,527500.0497756924,6162499.798923867
2,CF53_2,0.1973851238446763,CF53,527500.0550309606,6167499.812767024
2,CF54_2,0.21385419845066603,CF54,527500.0343271294,6172499.863579813
2,CF55_2,0.21194783511400067,CF55,527500.0508941073,6177499.840442368
2,CF56_2,0.1693336275131856,CF56,527500.0408488035,6182499.854226997
2,CF57_2,0.17782283907682087,CF57,527500.0672787909,6187499.794012441
2,CF58_2,0.17448521518410431,CF58,527500.0664424137,6192499.770672006
2,CF59_2,0.1932025284601557,CF59,527500.0380833544,6197499.784182167
2,CF60_2,0.19407236995138286,CF60,532500.0746473216,6152499.896262771
2,CF61_2,0.18445312163752797,CF61,532500.0476127628,6157499.892527556
2,CF62_2,0.19002680736147048,CF62,532500.0430350703,6162499.81496773
2,CF63_2,0.18277960042828434,CF63,532500.058788367,6167499.886138109
2,CF64_2,0.21735485794528903,CF64,532500.0331872304,6172499.882969435
2,CF65_2,0.19321528524896137,CF65,532500.028758022,6177499.805903052
2,CF66_2,0.164284413455505,CF66,532500.0433655721,6182499.877498317
2,CF67_2,0.2000371896867325,CF67,532500.016379806,6187499.763386833
2,CF68_2,0.18366313469904363,CF68,532500.0701839877,6192499.798358294
2,CF69_2,0.19457788112603583,CF69,532500.0807532563,6197499.758865873
2,CF70_2,0.18537681217546714,CF70,537500.1021949608,6152499.817917419
2,CF71_2,0.18770927578749808,CF71,537500.0550795781,6157499.88048536
2,CF72_2,0.18473625392757334,CF72,537500.0774855074,6162499.869807724
2,CF73_2,0.1728925583555168,CF73,537500.0419040467,6167499.89607103
2,CF74_2,0.2107830521051446,CF74,537500.0118776582,6172499.848500056
2,CF75_2,0.18488894072206924,CF75,537500.0487537576,6177499.838899511
2,CF76_2,0.19169556522573483,CF76,537500.0264034058,6182499.866166838
2,CF77_2,0.17582952551954983,CF77,537500.0707976818,6187499.82006512
2,CF78_2,0.18002186783631766,CF78,537500.0551390985,6192499.810781486
2,CF79_2,0.16389236717537028,CF79,537500.0416532608,6197499.838831865
2,CF80_2,0.19633366239612227,CF80,542500.0592552546,6152499.8693641145
2,CF81_2,0.16878765181720562,CF81,542500.0565058092,6157499.897039448
2,CF82_2,0.22957799996689954,CF82,542500.0441988781,6162499.850954939
2,CF83_2,0.185950997954137,CF83,542500.0207665939,6167499.842372999
2,CF84_2,0.21096617295039236,CF84,542500.048573576,6172499.871880924
2,CF85_2,0.19309479658457127,CF85,542500.0024235704,6177499.826941581
2,CF86_2,0.19798469271994443,CF86,542500.0063853149,6182499.82004259
2,CF87_2,0.15487669289557426,CF87,542500.0597483467,6187499.851160479
2,CF88_2,0.22606292967252847,CF88,542500.0377536514,6192499.807753425
2,CF89_2,0.16407757670756404,CF89,542500.064030432,6197499.802313068
2,CF90_2,0.18844589902589265,CF90,547500.0889142159,6152499.94029991
2,CF91_2,0.17694491622649497,CF91,547500.0678756869,6157499.942027305
2,CF92_2,0.1674249729748121,CF92,547500.021346869,6162499.870003907
2,CF93_2,0.18000828015162884,CF93,547500.0105560533,6167499.836173768
2,CF94_2,0.2487438470743411,CF94,547500.0347869882,6172499.840513072
2,CF95_2,0.15773894176049041,CF95,547500.030537062,6177499.882314021
2,CF96_2,0.2040308822991684,CF96,547499.9985196197,6182499.850260958
2,CF97_2,0.1980479458173562,CF97,547499.999664888,6187499.856302122
2,CF98_2,0.16920727865736676,CF98,547500.0344730752,6192499.789121118
2,CF99_2,0.16576727788126777,CF99,547500.0385143282,6197499.759298731
2,CG00_2,0.3131252280331586,CG00,502500.0261580071,6102499.830919192
2,CG01_2,0.26043506486456464,CG01,502500.07264854916,6107499.815118513
2,CG02_2,0.30037170980334826,CG02,502500.04775678914,6112499.836347805
2,CG03_2,0.23224321202878573,CG03,502500.0153410255,6117499.894620556
2,CG04_2,0.3475730122229285,CG04,502500.03903347667,6122499.878665998
2,CG05_2,0.19238345878665164,CG05,502500.0550520218,6127499.899711133
2,CG06_2,0.20077596666260736,CG06,502500.0634538295,6132499.846448853
2,CG07_2,0.1750926639995398,CG07,502500.0641750675,6137499.830142095
2,CG08_2,0.2936901731511104,CG08,502500.0572123166,6142499.850769465
2,CG09_2,0.1917963022590659,CG09,502500.0425621639,6147499.908309469
2,CG10_2,0.2407567277529334,CG10,507500.0814512452,6102499.76344352
2,CG11_2,0.27434490379732024,CG11,507500.0744522167,6107499.868036532
2,CG12_2,0.2729933455716895,CG12,507500.0445943599,6112499.787116632
2,CG13_2,0.1970624424636016,CG13,507500.0549592401,6117499.854614016
2,CG14_2,0.2589033086773812,CG14,507500.0421171495,6122499.847835636
2,CG15_2,0.19350895277716348,CG15,507500.0693758277,6127499.878149052
2,CG16_2,0.2520472386882649,CG16,507500.07326439786,6132499.834140972
2,CG17_2,0.19025106258913982,CG17,507500.0535864384,6137499.82707415
2,CG18_2,0.4670497394804688,CG18,507500.073619542,6142499.857033516
2,CG19_2,0.21602484250895357,CG19,507500.0701088966,6147499.8126028655
2,CG20_2,0.30942306386617124,CG20,512500.0319054312,6102499.844468651
2,CG21_2,0.24659279521544636,CG21,512500.0357352239,6107499.856263293
2,CG23_2,0.19537394965578334,CG23,512500.05417142104,6117499.879970967
2,CG24_2,0.25186103760523965,CG24,512500.06845735124,6122499.891840113
2,CG25_2,0.20215611350154097,CG25,512500.04378025915,6127499.829381491
2,CG26_2,0.20955474594941045,CG26,512500.0432435217,6132499.804034855
2,CG27_2,0.30122428502782717,CG27,512500.0666142674,6137499.81577886
2,CG28_2,0.40442511554821203,CG28,512500.05037127464,6142499.864413771
2,CG29_2,0.21729092236902495,CG29,512500.0580272434,6147499.838808023
2,CG30_2,0.18399471071998,CG30,517500.0850923214,6102499.851813918
2,CG31_2,0.2110659689193238,CG31,517500.03616525023,6107499.779897026
2,CG32_2,0.22430051612714308,CG32,517500.05973960727,6112499.856739236
2,CG33_2,0.2533639593926957,CG33,517500.09258431836,6117499.859506801
2,CG34_2,0.19307242385646595,CG34,517500.0708866396,6122499.7879263675
2,CG35_2,0.18695967475818134,CG35,517500.05725256196,6127499.864792685
2,CG36_2,0.20576956732805035,CG36,517500.0523168775,6132499.867515854
2,CG37_2,0.20186454487015507,CG37,517500.0558418394,6137499.796071852
2,CG39_2,0.19612013346948606,CG39,517500.085559445,6147499.875737379
2,CG40_2,0.20704882529072496,CG40,522500.06529288803,6102499.784827596
2,CG41_2,0.19682062521142313,CG41,522500.09106030304,6107499.750314869
2,CG42_2,0.16907435463890683,CG42,522500.10963438044,6112499.8643271355
2,CG43_2,0.16219824608935304,CG43,522500.0588031039,6117499.7926761545
2,CG44_2,0.22831143383498032,CG44,522500.06400440924,6122499.869828019
2,CG45_2,0.18315272939181607,CG45,522500.0623966084,6127499.872873877
2,CG46_2,0.21616123605987733,CG46,522500.1171677176,6132499.802111141
2,CG47_2,0.17337509414364435,CG47,522500.100007084,6137499.879444241
2,CG48_2,0.18202913914134652,CG48,522500.0753009223,6142499.8826015685
2,CG49_2,0.18599868869435138,CG49,522500.10602128954,6147499.8118807655
2,CG50_2,0.18972581046027545,CG50,527500.1154138149,6102499.755272231
2,CG51_2,0.21805977665049994,CG51,527500.0883420453,6107499.766859397
2,CG52_2,0.19328159623459193,CG52,527500.1027918415,6112499.816082941
2,CG53_2,0.19115619720434518,CG53,527500.0953342962,6117499.791246452
2,CG54_2,0.22783413385168852,CG54,527500.065031351,6122499.803608584
2,CG55_2,0.19200716761797693,CG55,527500.0751332948,6127499.853540434
2,CG56_2,0.17968540072658884,CG56,527500.1258612206,6132499.829735632
2,CG57_2,0.17466821590471385,CG57,527500.08933677,6137499.84266833
2,CG58_2,0.19885412998435914,CG58,527500.0920983198,6142499.893103182
2,CG59_2,0.1953475464896022,CG59,527500.0711528321,6147499.869337009
2,CG60_2,0.17743293431506724,CG60,532500.1232226893,6102499.762378928
2,CG61_2,0.17854679241141772,CG61,532500.1073029817,6107499.829724232
2,CG62_2,0.22735219574310125,CG62,532500.1180077677,6112499.823483339
2,CG63_2,0.1720213832873207,CG63,532500.0904061167,6117499.8544495115
2,CG64_2,0.19246563107305684,CG64,532500.0886268184,6122499.8117822
2,CG65_2,0.18212291638879893,CG65,532500.1113832879,6127499.806740552
2,CG66_2,0.16773036448352324,CG66,532500.094766791,6132499.8388373265
2,CG67_2,0.17329728569263106,CG67,532500.1018768129,6137499.908515113
2,CG68_2,0.1901868575319422,CG68,532500.0697665747,6142499.904000014
2,CG69_2,0.17783762313116722,CG69,532500.0613956221,6147499.825732477
2,CG73_2,0.16690671697804257,CG73,537500.1241257496,6117499.871302983
2,CG74_2,0.19688736761006512,CG74,537500.0867475496,6122499.893791251
2,CG75_2,0.16781094673075322,CG75,537500.1226220047,6127499.843201579
2,CG76_2,0.20104407475234634,CG76,537500.1032477431,6132499.829719651
2,CG77_2,0.1704735360857393,CG77,537500.0917174451,6137499.853859212
2,CG78_2,0.18902289142172754,CG78,537500.0875472084,6142499.915597486
2,CG79_2,0.19208342752908214,CG79,537500.0911996434,6147499.90362536
2,CG80_2,0.20426205027642266,CG80,542500.137730461,6102499.88626088
2,CG83_2,0.1874257230819399,CG83,542500.0850949779,6117499.84060306
2,CG84_2,0.19495270152826688,CG84,542500.1406307713,6122499.827476624
2,CG85_2,0.19515329424711592,CG85,542500.1254578183,6127499.851438005
2,CG89_2,0.19269135564277468,CG89,542500.0518607163,6147499.879240843
2,CG90_2,0.17935854863025635,CG90,547500.1127290743,6102499.8908402715
2,CG99_2,0.2517659135195474,CG99,547500.0849558257,6147499.864848793
2,CH06_2,0.20742870936057478,CH06,502500.0846030401,6082499.8202431435
2,CH07_2,0.20174155589090947,CH07,502500.03314556536,6087499.76718363
2,CH08_2,0.18420317204316758,CH08,502500.03832823853,6092499.7513073785
2,CH09_2,0.23528079971706845,CH09,502500.03600017546,6097499.772559454
2,CH16_2,0.22155383477509139,CH16,507500.0696210863,6082499.827605381
2,CH17_2,0.2862189873410423,CH17,507500.09114466637,6087499.783676402
2,CH18_2,0.22268011794358028,CH18,507500.02561870846,6092499.77677686
2,CH19_2,0.24031950970473553,CH19,507500.06504692393,6097499.807203647
2,CH25_2,0.44793029246640115,CH25,512500.0730388515,6077499.78695672
2,CH26_2,0.2350277400971945,CH26,512500.0775220187,6082499.835343886
2,CH27_2,0.2092972914403918,CH27,512500.0438897538,6087499.809582861
2,CH28_2,0.22307359400992427,CH28,512500.0358227975,6092499.82110677
2,CH29_2,0.29296255030853485,CH29,512500.05339827476,6097499.758615106
2,CH34_2,0.21030381638285298,CH34,517500.0764450698,6072499.728976444
2,CH35_2,0.22320380250363248,CH35,517500.094920755,6077499.767569357
2,CH36_2,0.21787299019535275,CH36,517500.0596092466,6082499.843271963
2,CH37_2,0.21397988838465898,CH37,517500.0990708113,6087499.845282487
2,CH38_2,0.17923316070776427,CH38,517500.08484500466,6092499.773080584
2,CH39_2,0.2721200438063184,CH39,517500.08040979074,6097499.738171189
2,CH45_2,0.20041954060848802,CH45,522500.10633223125,6077499.739130003
2,CH46_2,0.19817572627272478,CH46,522500.095481355,6082499.851588371
2,CH47_2,0.22363665214282408,CH47,522500.08047616767,6087499.778844974
2,CH48_2,0.1845317833293865,CH48,522500.0599631547,6092499.743431038
2,CH49_2,0.1957441874957713,CH49,522500.09763021604,6097499.74564588
2,CH55_2,0.17080260706267839,CH55,527500.1220357711,6077499.812824085
2,CH56_2,0.2005701427643564,CH56,527500.1371200755,6082499.748749458
2,CH57_2,0.21947980158514815,CH57,527500.06665524,6087499.8329139035
2,CH58_2,0.2103052417270175,CH58,527500.1039774861,6092499.843916504
2,CH59_2,0.20905962842378423,CH59,527500.0566075259,6097499.78055875
2,CH65_2,0.24147932057958038,CH65,532500.1587029257,6077499.766040378
2,CH66_2,0.21660706519190262,CH66,532500.1337911482,6082499.8680635905
2,CH67_2,0.2007782879886016,CH67,532500.1383813849,6087499.785338982
2,CH68_2,0.172493785309811,CH68,532500.1055866433,6092499.851210683
2,CH69_2,0.17484442446748713,CH69,532500.1006905059,6097499.843565278
2,CH76_2,0.34951231280092165,CH76,537500.1671288088,6082499.875993361
2,CH77_2,0.188738167375931,CH77,537500.117400458,6087499.857259013
2,CH78_2,0.24971813543993993,CH78,537500.0797039657,6092499.876351775
2,CH79_2,0.19485737183980634,CH79,537500.1184237195,6097499.822506665
2,CH86_2,0.21502290800334442,CH86,542500.1236062861,6082499.882608107
2,CH87_2,0.17991617443977923,CH87,542500.149057873,6087499.82690813
2,CH88_2,0.16716949081157015,CH88,542500.106858969,6092499.808460251
2,CH89_2,0.2028099662790736,CH89,542500.1246051298,6097499.828453947
2,CH95_2,0.3103345596230314,CH95,547500.1578898588,6077499.78884103
2,CH96_2,0.26478007086148153,CH96,547500.1469696249,6082499.888868037
2,CH97_2,0.19193268082966108,CH97,547500.118677858,6087499.915520176
2,CH98_2,0.18025031404433797,CH98,547500.1365322527,6092499.869449572
2,CH99_2,0.18964501913094642,CH99,547500.1347144407,6097499.861230696
2,DB00_2,0.2487132386609176,DB00,552499.6775389926,6352499.672118262
2,DB01_2,0.16769709301029948,DB01,552499.6678686532,6357499.717959825
2,DB02_2,0.23935529379552378,DB02,552499.6512258302,6362499.689666688
2,DB03_2,0.20634433777215613,DB03,552499.6240161804,6367499.80984399
2,DB04_2,0.15188906460328386,DB04,552499.6497318089,6372499.74527787
2,DB05_2,0.17673270323235962,DB05,552499.6646834601,6377499.717803373
2,DC07_2,0.1878360840426334,DC07,552499.6635607927,6337499.75798567
2,DC08_2,0.17591995581796502,DC08,552499.6732267597,6342499.8034165995
2,DC09_2,0.16466553226701916,DC09,552499.6781305044,6347499.774804628
2,DB10_2,0.1396991115602172,DB10,557499.6567160406,6352499.705819401
2,DB11_2,0.2186238300781033,DB11,557499.6898730142,6357499.755865983
2,DB12_2,0.26837351434320134,DB12,557499.6980993691,6362499.731798036
2,DB13_2,0.16264806634276752,DB13,557499.6790873646,6367499.744899912
2,DB14_2,0.1496318504933635,DB14,557499.6920318474,6372499.795985679
2,DB15_2,0.148072845157685,DB15,557499.6776623846,6377499.772861233
2,DB16_2,0.20380409627025003,DB16,557499.6934591797,6382499.787658613
2,DB20_2,0.14692483039182502,DB20,562499.6596629414,6352499.822055593
2,DB21_2,0.1938771076658564,DB21,562499.6778171846,6357499.774650563
2,DB22_2,0.17875088617040055,DB22,562499.6515363256,6362499.764446196
2,DB23_2,0.20835596646239227,DB23,562499.6400820935,6367499.792328508
2,DB24_2,0.1470249500310306,DB24,562499.6441820732,6372499.746949654
2,DB25_2,0.18982936478024623,DB25,562499.6611575983,6377499.739594084
2,DB26_2,0.17215481718956321,DB26,562499.6900292314,6382499.770230629
2,DB30_2,0.14774998094436542,DB30,567499.6474141439,6352499.797047383
2,DB31_2,0.18330021375309946,DB31,567499.6497347835,6357499.773935058
2,DB32_2,0.16278649179872717,DB32,567499.649767541,6362499.788996397
2,DB33_2,0.1933779304913138,DB33,567499.6483663965,6367499.730884405
2,DB34_2,0.17802479315538414,DB34,567499.6427126657,6372499.710880268
2,DB35_2,0.1520389604253236,DB35,567499.6318198992,6377499.728951592
2,DB36_2,0.15794158660016505,DB36,567499.676348217,6382499.674741831
2,DB40_2,0.17120510821187404,DB40,572499.6344654928,6352499.8530826
2,DB41_2,0.17618946969439456,DB41,572499.6216895938,6357499.864695008
2,DB42_2,0.16085143906056742,DB42,572499.5906535387,6362499.80320541
2,DB43_2,0.16653955299330223,DB43,572499.5984189146,6367499.780956781
2,DB44_2,0.15854803143598986,DB44,572499.5838254265,6372499.796851205
2,DB45_2,0.15048534598648147,DB45,572499.6077339851,6377499.740606079
2,DB46_2,0.16587818943265492,DB46,572499.6071544627,6382499.722435604
2,DB50_2,0.16501656546955903,DB50,577499.5802886165,6352499.877413118
2,DB51_2,0.15564362849194932,DB51,577499.5553473757,6357499.82287266
2,DB52_2,0.15081551292144896,DB52,577499.5523310879,6362499.807698655
2,DB53_2,0.18927499833803316,DB53,577499.5700187528,6367499.831857608
2,DB54_2,0.19446456306663648,DB54,577499.5493575014,6372499.782863706
2,DB55_2,0.17890010873016543,DB55,577499.5492296974,6377499.66181914
2,DB56_2,0.20026525920909005,DB56,577499.5641771164,6382499.691316109
2,DB57_2,0.21480039056144853,DB57,577499.537492288,6387499.64755162
2,DB60_2,0.16776900347464085,DB60,582499.5631405126,6352499.870773819
2,DB61_2,0.15321229177008122,DB61,582499.5248312382,6357499.871828571
2,DB62_2,0.1889363442470607,DB62,582499.4927491389,6362499.801014301
2,DB63_2,0.1655374153793888,DB63,582499.5234498292,6367499.770816479
2,DB64_2,0.197258744223079,DB64,582499.4955886239,6372499.778775646
2,DB65_2,0.16826738586022635,DB65,582499.4702860015,6377499.714756137
2,DB66_2,0.20531356584313387,DB66,582499.5038627629,6382499.691246823
2,DB67_2,0.18498349971359718,DB67,582499.4776775325,6387499.594470724
2,DB68_2,0.20052097062343469,DB68,582499.4481154357,6392499.536917151
2,DB70_2,0.18194837336394784,DB70,587499.5384229121,6352499.942973814
2,DB72_2,0.16555375132051384,DB72,587499.4900431393,6362499.784009084
2,DB73_2,0.17783961976484494,DB73,587499.4724052523,6367499.8200299665
2,DB74_2,0.16910386176212938,DB74,587499.4405852477,6372499.784163884
2,DB75_2,0.2805922357217534,DB75,587499.4508390957,6377499.788968703
2,DB77_2,0.19105408855643988,DB77,587499.4197526195,6387499.582648063
2,DB78_2,0.19446379007957382,DB78,587499.3735523641,6392499.482754864
2,DB79_2,0.1900855569877442,DB79,587499.3020525747,6397499.533405255
2,DB80_2,0.21710296141416568,DB80,592499.4685152426,6352499.8696485795
2,DB81_2,0.1982746938055684,DB81,592499.4687914647,6357499.903263027
2,DB82_2,0.20206331564506935,DB82,592499.4395459738,6362499.8651057985
2,DB83_2,0.18992008021156756,DB83,592499.43704912,6367499.867802329
2,DB89_2,0.21362390357900346,DB89,592499.276854376,6397499.389086184
2,DC00_2,0.21992841082619394,DC00,552499.7981343176,6302499.822003722
2,DC01_2,0.16675785869215098,DC01,552499.82723216,6307499.828336293
2,DC02_2,0.1852535015570634,DC02,552499.7944827778,6312499.871378481
2,DC03_2,0.23578380095196266,DC03,552499.7615257066,6317499.840557125
2,DC04_2,0.18586317411754866,DC04,552499.7262227507,6322499.847153073
2,DC05_2,0.21244999895619981,DC05,552499.6892463007,6327499.779825433
2,DC06_2,0.1924715843819071,DC06,552499.7089843368,6332499.750624621
2,DC10_2,0.15165990757426648,DC10,557499.8206087413,6302499.8354761265
2,DC11_2,0.15565993636505365,DC11,557499.7664055785,6307499.841569215
2,DC12_2,0.1686831006581247,DC12,557499.7547180243,6312499.886004784
2,DC13_2,0.1679421790000238,DC13,557499.7253695964,6317499.856604637
2,DC14_2,0.19454760669278232,DC14,557499.73675981,6322499.865488209
2,DC15_2,0.19266216619172616,DC15,557499.7273178204,6327499.9117859565
2,DC16_2,0.1551648540803566,DC16,557499.6978451451,6332499.884155993
2,DC17_2,0.1504121954608371,DC17,557499.7080623058,6337499.783408084
2,DC18_2,0.15075694639475345,DC18,557499.693518839,6342499.831295908
2,DC19_2,0.16223227985878239,DC19,557499.6565704292,6347499.805162802
2,DC20_2,0.21896142454457118,DC20,562499.7978840575,6302499.938668321
2,DC21_2,0.1830369943437342,DC21,562499.7828758188,6307499.956366545
2,DC22_2,0.19569182986286068,DC22,562499.7944753097,6312499.901183143
2,DC23_2,0.153253087981788,DC23,562499.7692934149,6317499.883481737
2,DC24_2,0.24057277240746058,DC24,562499.7065775642,6322499.903231546
2,DC25_2,0.2019331478279367,DC25,562499.7284663095,6327499.850920295
2,DC26_2,0.18495652734341214,DC26,562499.7110273131,6332499.835998577
2,DC27_2,0.14591355331572664,DC27,562499.653506505,6337499.858435164
2,DC28_2,0.14620650655056394,DC28,562499.677609729,6342499.808717862
2,DC29_2,0.15269345600226863,DC29,562499.6598339697,6347499.796296316
2,DC30_2,0.1511231691836733,DC30,567499.8116184272,6302499.909548791
2,DC31_2,0.18712857218479187,DC31,567499.7755507686,6307499.948179211
2,DC32_2,0.16430452286885108,DC32,567499.8096190846,6312499.914980982
2,DC33_2,0.15899251096290618,DC33,567499.7285674406,6317499.918270218
2,DC34_2,0.1838436111221489,DC34,567499.7138947316,6322499.9609747855
2,DC35_2,0.15720933882068208,DC35,567499.7056084871,6327499.930768742
2,DC36_2,0.15534491893782001,DC36,567499.7009201018,6332499.938928539
2,DC37_2,0.19294766448047027,DC37,567499.6402083595,6337499.873123914
2,DC38_2,0.14787429441901273,DC38,567499.6416704057,6342499.846609377
2,DC39_2,0.16109519295305147,DC39,567499.6437902323,6347499.858365299
2,DC40_2,0.2362013461049664,DC40,572499.8148650045,6302499.969526697
2,DC41_2,0.19927575244113957,DC41,572499.821296516,6307499.929013042
2,DC42_2,0.17141001428647662,DC42,572499.8176624437,6312499.927039073
2,DC43_2,0.15286254034237426,DC43,572499.74222273,6317499.962513002
2,DC44_2,0.272533374702432,DC44,572499.7175155998,6322499.926215099
2,DC45_2,0.17475004541341338,DC45,572499.6797881541,6327499.928359153
2,DC46_2,0.17173477710085228,DC46,572499.6885857979,6332499.969974242
2,DC47_2,0.1539639679206438,DC47,572499.623733883,6337499.937596269
2,DC48_2,0.17893680413642812,DC48,572499.603288505,6342499.944623605
2,DC49_2,0.18799344363498657,DC49,572499.6280012622,6347499.879714389
2,DC50_2,0.1788589893868467,DC50,577499.8267759397,6302500.006971771
2,DC51_2,0.16900553009537647,DC51,577499.8137447787,6307500.007805302
2,DC52_2,0.19833610555545153,DC52,577499.834045176,6312500.04834203
2,DC53_2,0.17660800059282689,DC53,577499.7670313121,6317500.014979401
2,DC54_2,0.1768436130613525,DC54,577499.7312211716,6322500.021252586
2,DC55_2,0.2014754157784893,DC55,577499.7274828481,6327499.95582334
2,DC56_2,0.1887340317211758,DC56,577499.6899038834,6332500.0401362395
2,DC57_2,0.21443817094086032,DC57,577499.6237474973,6337499.940236413
2,DC58_2,0.18572142542839876,DC58,577499.5821444269,6342499.991146208
2,DC59_2,0.17808780358572096,DC59,577499.5701581707,6347499.85890772
2,DC64_2,0.19003289130153841,DC64,582499.7765719168,6322500.023200316
2,DC65_2,0.19032139814987314,DC65,582499.6844180265,6327500.009486454
2,DC66_2,0.20781381187376272,DC66,582499.6641215326,6332500.036631212
2,DC67_2,0.16551729727887735,DC67,582499.5955405355,6337499.9908788875
2,DC68_2,0.18018383226469878,DC68,582499.5962293316,6342499.98591674
2,DC69_2,0.17344814517945942,DC69,582499.5463454451,6347499.907984794
2,DC77_2,0.18356766557465648,DC77,587499.6195055665,6337499.979054764
2,DC78_2,0.183511582866084,DC78,587499.5403913431,6342500.0374559825
2,DC79_2,0.22284703979835868,DC79,587499.5162126686,6347499.914135292
2,DC88_2,0.19630349467234534,DC88,592499.5554882973,6342500.036549577
2,DC89_2,0.15907386241414415,DC89,592499.4952561076,6347499.988268283
2,DD00_2,0.15737016735189022,DD00,552499.8856748668,6252499.714341889
2,DD01_2,0.22183345638693105,DD01,552499.8788040339,6257499.789576381
2,DD02_2,0.21224355947018508,DD02,552499.8180619746,6262499.790504193
2,DD03_2,0.18907871979968116,DD03,552499.8245235039,6267499.829924205
2,DD04_2,0.19101519390655589,DD04,552499.8372124677,6272499.79574306
2,DD05_2,0.17852626788627748,DD05,552499.7926802624,6277499.7984718
2,DD06_2,0.1724045041332604,DD06,552499.8129379287,6282499.83961058
2,DD07_2,0.1694425920198791,DD07,552499.8372333928,6287499.807062139
2,DD08_2,0.20583856398267297,DD08,552499.8023283664,6292499.811338297
2,DD09_2,0.24740154444736506,DD09,552499.8297948928,6297499.853941188
2,DD10_2,0.1564230833725281,DD10,557499.856180533,6252499.733037651
2,DD11_2,0.17993107526085816,DD11,557499.8762522964,6257499.80687196
2,DD12_2,0.18081185992847962,DD12,557499.8255147779,6262499.806363893
2,DD13_2,0.15915728268151377,DD13,557499.8249050891,6267499.844455846
2,DD14_2,0.16926803134849444,DD14,557499.8135712934,6272499.808981645
2,DD15_2,0.15519884845606455,DD15,557499.7892618318,6277499.811214283
2,DD16_2,0.15678792473764397,DD16,557499.812499,6282499.851962599
2,DD17_2,0.15692807218701052,DD17,557499.8226555676,6287499.819056403
2,DD18_2,0.24268743935118933,DD18,557499.815944289,6292499.935076535
2,DD19_2,0.19055106986586068,DD19,557499.7962017705,6297499.866076322
2,DD20_2,0.18380763723373536,DD20,562499.8979436193,6252499.742285932
2,DD21_2,0.19805683548802042,DD21,562499.8222470335,6257499.8229469415
2,DD22_2,0.19171339390871156,DD22,562499.8437607648,6262499.831936724
2,DD23_2,0.16880669135290302,DD23,562499.8366991177,6267499.878709972
2,DD24_2,0.1721260321174078,DD24,562499.8019624483,6272499.851935544
2,DD25_2,0.21281028590183496,DD25,562499.7984971092,6277499.863793937
2,DD26_2,0.16533615971919569,DD26,562499.825335824,6282499.914256911
2,DD27_2,0.1561294319948197,DD27,562499.8219761638,6287499.891081318
2,DD28_2,0.1646262173839345,DD28,562499.7860176418,6292499.905539777
2,DD29_2,0.1546872951530326,DD29,562499.8388001381,6297499.959425464
2,DD30_2,0.16081202028729902,DD30,567499.9045343413,6252499.740139163
2,DD31_2,0.21231591740051334,DD31,567499.8570273767,6257499.839340627
2,DD32_2,0.15442364047572865,DD32,567499.828239428,6262499.866039669
2,DD33_2,0.16274697873097593,DD33,567499.8172067807,6267499.820205018
2,DD34_2,0.16937288543159507,DD34,567499.8194050347,6272499.924406495
2,DD35_2,0.16252564018340962,DD35,567499.839200209,6277499.844712948
2,DD36_2,0.1644979797960651,DD36,567499.8090130293,6282499.914013644
2,DD37_2,0.17713194486815215,DD37,567499.854039139,6287499.911641263
2,DD38_2,0.17732721766222928,DD38,567499.8490636005,6292499.946900631
2,DD39_2,0.15582972911184007,DD39,567499.7951241602,6297499.908455915
2,DD40_2,0.1710565345995024,DD40,572499.8910228461,6252499.837507532
2,DD41_2,0.2005709972490758,DD41,572499.874319164,6257499.853998432
2,DD42_2,0.1857876764989191,DD42,572499.8594056569,6262499.798046281
2,DD43_2,0.17820924740756505,DD43,572499.8414943474,6267499.892215765
2,DD44_2,0.1673820377690322,DD44,572499.8234187007,6272499.913879938
2,DD45_2,0.16869063760485442,DD45,572499.8655449218,6277499.864061472
2,DD46_2,0.1775520479852774,DD46,572499.840314927,6282499.96321855
2,DD47_2,0.21927075077440755,DD47,572499.8119906547,6287499.989774233
2,DD48_2,0.18139261826953457,DD48,572499.8407176494,6292499.944752331
2,DD49_2,0.18912207341667753,DD49,572499.8623283049,6297499.938366378
2,DD50_2,0.1601743122038862,DD50,577499.9397466873,6252499.812573781
2,DD51_2,0.18517096043012948,DD51,577499.8911025693,6257499.866573606
2,DD52_2,0.1883240680809497,DD52,577499.8890167333,6262499.849300526
2,DD53_2,0.17315609132167878,DD53,577499.8687690438,6267499.87089236
2,DD54_2,0.16546562307885332,DD54,577499.8907825949,6272499.932445059
2,DD55_2,0.15477253748864553,DD55,577499.8332206182,6277499.920372668
2,DD56_2,0.15372948445661921,DD56,577499.8770683125,6282499.949325528
2,DD57_2,0.1956517885961693,DD57,577499.8373202452,6287500.015885937
2,DD58_2,0.1654617756138592,DD58,577499.8375017444,6292500.010978917
2,DD59_2,0.1870831934519844,DD59,577499.8764129576,6297499.934571228
2,DD60_2,0.16470396996450695,DD60,582499.940339671,6252499.885439505
2,DD61_2,0.16132002323030936,DD61,582499.9243567707,6257499.87675696
2,DD62_2,0.19522070072115733,DD62,582499.9358377454,6262499.908196272
2,DD63_2,0.15877726585913582,DD63,582499.9142568866,6267499.867230073
2,DD64_2,0.17197408467689254,DD64,582499.9156895869,6272499.97761661
2,DD65_2,0.18084616868862466,DD65,582499.8841101133,6277499.904232946
2,DD66_2,0.17415532928390942,DD66,582499.8732595991,6282499.982137032
2,DD70_2,0.2093888037732917,DD70,587499.9756611895,6252499.834294763
2,DD71_2,0.20750369376069647,DD71,587499.9294289971,6257499.883005279
2,DD72_2,0.1613793705706792,DD72,587499.9576007758,6262499.861898324
2,DD80_2,0.2019646831951646,DD80,592499.9965185599,6252499.880145047
2,DD81_2,0.22680050630602258,DD81,592499.9849260056,6257499.886210558
2,DD82_2,0.16177842542763451,DD82,592499.9668241483,6262499.932545572
2,DD90_2,0.19051193600040953,DD90,597499.9603299614,6252499.909862781
2,DD91_2,0.17889352658182994,DD91,597499.9845591482,6257499.88334208
2,DD92_2,0.18287224757556847,DD92,597499.985225495,6262499.8971402
2,DE00_2,0.17638520217856904,DE00,552500.0397736444,6202499.815031244
2,DE01_2,0.17546807054002228,DE01,552500.0522177635,6207499.735317095
2,DE02_2,0.19657159194533794,DE02,552500.0156842017,6212499.692870375
2,DE03_2,0.1982320964078286,DE03,552499.9918704326,6217499.688423337
2,DE04_2,0.19181985975502117,DE04,552500.0421838384,6222499.722709725
2,DE05_2,0.21961001840835367,DE05,552499.9808522139,6227499.682127924
2,DE06_2,0.17016850585309126,DE06,552499.9921946748,6232499.680225857
2,DE07_2,0.18482034124068722,DE07,552499.9514282229,6237499.715456871
2,DE08_2,0.17555510880071942,DE08,552499.9212557683,6242499.677255443
2,DE09_2,0.1749969398205962,DE09,552499.8995816319,6247499.676892661
2,DE10_2,0.19324801532513639,DE10,557499.9926700045,6202499.753927617
2,DE11_2,0.22456459544944085,DE11,557500.0121679712,6207499.781346942
2,DE12_2,0.22540390773120347,DE12,557500.0298874964,6212499.735544217
2,DE13_2,0.1902061361428543,DE13,557499.9814049272,6217499.726953041
2,DE14_2,0.19231916870110494,DE14,557499.9919643814,6222499.645914316
2,DE15_2,0.18777026171256858,DE15,557499.9955708939,6227499.714159249
2,DE16_2,0.22377023136781066,DE16,557499.9944713496,6232499.709069772
2,DE17_2,0.19546022120086512,DE17,557499.9260181622,6237499.629782909
2,DE18_2,0.20032622330680067,DE18,557499.9103897591,6242499.700531681
2,DE19_2,0.19644228408492126,DE19,557499.8878559844,6247499.697860005
2,DE20_2,0.17563598229396252,DE20,562500.0084597974,6202499.807410175
2,DE21_2,0.166860917506645,DE21,562499.9761553103,6207499.728242607
2,DE22_2,0.17461808935537193,DE22,562499.9864572511,6212499.688075669
2,DE23_2,0.18164832972637296,DE23,562499.9761974189,6217499.685978896
2,DE24_2,0.1850278807129245,DE24,562500.0067694888,6222499.722828891
2,DE25_2,0.16472071326817667,DE25,562499.9547079823,6227499.685494073
2,DE26_2,0.16998134155335873,DE26,562499.9418520522,6232499.687049095
2,DE27_2,0.20160617808479322,DE27,562499.9672399207,6237499.727467009
2,DE28_2,0.16730077480876715,DE28,562499.9078480179,6242499.69361065
2,DE29_2,0.18106820596445553,DE29,562499.8850704462,6247499.698559415
2,DE30_2,0.16965775975254038,DE30,567499.9818457006,6202499.750937081
2,DE31_2,0.16507739213204292,DE31,567499.95756106,6207499.79836426
2,DE32_2,0.18465156053754245,DE32,567499.9610612297,6212499.773586951
2,DE33_2,0.21314528675242003,DE33,567499.991388455,6217499.67657536
2,DE34_2,0.23372185099005904,DE34,567499.981947577,6222499.728908503
2,DE35_2,0.1933758673234365,DE35,567499.9354850466,6227499.707971843
2,DE36_2,0.1898087650512074,DE36,567499.9734866512,6232499.726984239
2,DE37_2,0.18753999513048583,DE37,567499.910766697,6237499.671688164
2,DE38_2,0.1762826061390602,DE38,567499.9288161611,6242499.767579349
2,DE39_2,0.1690806760145664,DE39,567499.9064195943,6247499.790080435
2,DE40_2,0.15725037072343145,DE40,572499.9259428019,6202499.806681671
2,DE41_2,0.16667286755218125,DE41,572499.9762135199,6207499.768940775
2,DE42_2,0.171892018126019,DE42,572499.9735447941,6212499.769307227
2,DE43_2,0.20767569589453777,DE43,572499.9812662832,6217499.697508556
2,DE44_2,0.2562148862039816,DE44,572499.9325161695,6222499.7750477465
2,DE45_2,0.23201844132921395,DE45,572499.9563057558,6227499.670118789
2,DE46_2,0.1834429452044328,DE46,572499.9838101824,6232499.715519001
2,DE47_2,0.19755164525311325,DE47,572499.9559022341,6237499.687581973
2,DE48_2,0.16308178322253225,DE48,572499.9317868989,6242499.698620851
2,DE49_2,0.1797894667509623,DE49,572499.9104865338,6247499.748605974
2,DE50_2,0.16952148895590607,DE50,577499.9212493428,6202499.864100323
2,DE51_2,0.1898966063601381,DE51,577499.9222648653,6207499.748870433
2,DE52_2,0.17576284341337245,DE52,577499.9764963645,6212499.785257158
2,DE53_2,0.1963400392018318,DE53,577499.9623265731,6217499.7484121
2,DE55_2,0.2160093994070603,DE55,577499.9679888003,6227499.7932537105
2,DE56_2,0.2067735267739149,DE56,577499.9877266791,6232499.7635885775
2,DE57_2,0.16383021530160963,DE57,577499.9334297109,6237499.771854244
2,DE58_2,0.18268283016925707,DE58,577499.9280268631,6242499.820266743
2,DE59_2,0.1861485724489069,DE59,577499.9105668445,6247499.796377554
2,DE66_2,0.26412013626460823,DE66,582499.9419179015,6232499.758382413
2,DE67_2,0.18427754353899706,DE67,582499.9858796117,6237499.815066368
2,DE68_2,0.2140645330585084,DE68,582499.940157057,6242499.798316628
2,DE69_2,0.19405038444412065,DE69,582499.925380716,6247499.821784631
2,DE75_2,0.16136346159616405,DE75,587499.9822943644,6227499.740914788
2,DE78_2,0.17231803867259615,DE78,587499.9809427367,6242499.8550773095
2,DE79_2,0.19503384578614769,DE79,587499.9718824326,6247499.824550713
2,DE84_2,0.17602533596479314,DE84,592499.9550939988,6222499.799698218
2,DE85_2,0.20417766619015756,DE85,592500.0141816582,6227499.78733749
2,DE86_2,0.17967615545705498,DE86,592500.0119548003,6232499.814113551
2,DE87_2,0.1964909659816882,DE87,592500.011741156,6237499.7700439
2,DE88_2,0.19465013899582215,DE88,592500.0074987623,6242499.877671048
2,DE89_2,0.1995971181394235,DE89,592500.0052482311,6247499.803093614
2,DE90_2,0.16633530685718903,DE90,597499.937235394,6202499.867768866
2,DE94_2,0.16937686015899928,DE94,597499.973766844,6222499.817559282
2,DE96_2,0.22488239645491345,DE96,597499.9776650518,6232499.7592064515
2,DE97_2,0.2067395959854403,DE97,597500.0164649216,6237499.792208735
2,DE98_2,0.1866386274922058,DE98,597499.9749128878,6242499.864260202
2,DE99_2,0.16164616726258274,DE99,597499.9781003586,6247499.86686593
2,DF00_2,0.39533332697736895,DF00,552500.0821818158,6152499.918017617
2,DF01_2,0.2533835013072553,DF01,552500.0434295452,6157499.903279973
2,DF02_2,0.1983550836986413,DF02,552500.0249240466,6162499.926827057
2,DF04_2,0.1876909904008953,DF04,552500.0484365653,6172499.866101065
2,DF05_2,0.20129993542754573,DF05,552500.0248900052,6177499.8923083795
2,DF06_2,0.18278018502217572,DF06,552500.0201864875,6182499.845409598
2,DF07_2,0.24837013699913224,DF07,552500.0322634379,6187499.836667846
2,DF08_2,0.21109484192620917,DF08,552499.9978258526,6192499.865300811
2,DF09_2,0.1703866443101717,DF09,552500.0427085381,6197499.8215051675
2,DF10_2,0.24553820516444008,DF10,557500.0539540383,6152499.913491488
2,DF14_2,0.21288325058120103,DF14,557500.0426793615,6172499.947726307
2,DF15_2,0.17306424254861308,DF15,557500.0018913269,6177499.856621167
2,DF16_2,0.172595269846211,DF16,557500.0236227086,6182499.915863126
2,DF17_2,0.1714182903889378,DF17,557499.9860512931,6187499.789903091
2,DF18_2,0.1873206617398663,DF18,557500.0093904075,6192499.814239048
2,DF19_2,0.18897458419529886,DF19,557500.0331405934,6197499.765436237
2,DF20_2,0.16590685769980992,DF20,562500.08334866,6152499.927340711
2,DF24_2,0.23978908752837266,DF24,562500.0367152442,6172499.862543065
2,DF25_2,0.16960484946593432,DF25,562499.9763535939,6177499.886270679
2,DF26_2,0.1666314528324104,DF26,562499.9653456258,6182499.837874897
2,DF27_2,0.17209023107791863,DF27,562500.0011427227,6187499.828616493
2,DF28_2,0.18482827718971442,DF28,562499.9576474453,6192499.856666409
2,DF29_2,0.1702102202828695,DF29,562499.9609393289,6197499.812510072
2,DF30_2,0.15625122757404097,DF30,567500.0600414778,6152499.957596392
2,DF31_2,0.20127349472526926,DF31,567500.0347013446,6157499.951350236
2,DF37_2,0.20199997533747352,DF37,567499.9700276025,6187499.839556279
2,DF38_2,0.23107288765113748,DF38,567499.9855262494,6192499.88279332
2,DF39_2,0.17902484227532695,DF39,567499.9689031657,6197499.852938899
2,DF40_2,0.16209504726018056,DF40,572500.0649841583,6152499.8935916675
2,DF41_2,0.19320551138962716,DF41,572500.0874127243,6157499.909943095
2,DF48_2,0.21186444906741336,DF48,572499.9843263607,6192499.890549853
2,DF49_2,0.16825062472302926,DF49,572499.9503513994,6197499.773365588
2,DF50_2,0.4434098925301657,DF50,577500.1106004395,6152499.957711743
2,DF51_2,0.17694316945049401,DF51,577500.0572356211,6157499.892787818
2,DF52_2,0.2680118634296872,DF52,577500.0677353318,6162499.979763222
2,DF59_2,0.19085097633537718,DF59,577499.9181351293,6197499.795993284
2,DF60_2,0.24014417371429886,DF60,582500.0903572468,6152499.924879827
2,DF61_2,0.16405310683589772,DF61,582500.0863001315,6157499.901682529
2,DF62_2,0.18194917868635546,DF62,582500.0688732299,6162499.91803773
2,DF70_2,0.16255094010085244,DF70,587500.0815321453,6152499.907091927
2,DF71_2,0.1633188352189302,DF71,587500.064427627,6157499.934001944
2,DF72_2,0.17547846963892813,DF72,587500.0831289394,6162499.89047789
2,DF80_2,0.19559252505108696,DF80,592500.1000892023,6152499.904054666
2,DF81_2,0.21242464152488535,DF81,592500.1360954175,6157499.880622524
2,DF96_2,0.1646272256207706,DF96,597500.0114531335,6182499.907238431
2,DF97_2,0.17554178399245232,DF97,597499.9710038947,6187499.863307686
2,DF98_2,0.18603113683086558,DF98,597499.9873134624,6192499.861592982
2,DG00_2,0.22662959226023405,DG00,552500.1089325006,6102499.820040352
2,DG07_2,0.17921373562932744,DG07,552500.0776589774,6137499.8553233305
2,DG08_2,0.18670950388006452,DG08,552500.0980597695,6142499.949654789
2,DG09_2,0.1920358945394693,DG09,552500.0800114883,6147499.859026643
2,DG14_2,0.2529455108692755,DG14,557500.0859443847,6122499.842967669
2,DG15_2,0.2132192366716806,DG15,557500.1128352805,6127499.926189727
2,DG16_2,0.18270351126371767,DG16,557500.0859944862,6132499.9357982185
2,DG17_2,0.19182361988553137,DG17,557500.0682798454,6137499.872589368
2,DG18_2,0.2144966928274209,DG18,557500.0560698126,6142499.959101104
2,DG19_2,0.21535168178110603,DG19,557500.051534985,6147499.972744273
2,DG22_2,0.22979841303766638,DG22,562500.0912223725,6112499.9040538985
2,DG23_2,0.2012465332974597,DG23,562500.0828425015,6117499.910760884
2,DG24_2,0.267266083176866,DG24,562500.1336018639,6122499.845666463
2,DG25_2,0.2239613209707068,DG25,562500.112409009,6127499.929512105
2,DG26_2,0.21069592838038673,DG26,562500.085315404,6132499.940609023
2,DG27_2,0.1715646034265548,DG27,562500.1149576314,6137499.879825633
2,DG28_2,0.1706227781628358,DG28,562500.0706574302,6142499.967904787
2,DG29_2,0.1968944891400501,DG29,562500.0814846822,6147499.984051399
2,DG34_2,0.17122958172769612,DG34,567500.1228144517,6122499.919391854
2,DG35_2,0.22706814312457807,DG35,567500.1194090074,6127499.9028383605
2,DG36_2,0.1863760743162129,DG36,567500.0926647738,6132499.924840984
2,DG37_2,0.16737093637291958,DG37,567500.1069042278,6137499.875061364
2,DG38_2,0.18059585739411674,DG38,567500.0944806039,6142499.975064417
2,DG39_2,0.21118215318810013,DG39,567500.0597612784,6147499.890981247
2,DG41_2,0.16628420615693718,DG41,572500.1270477285,6107499.844195573
2,DG42_2,0.1885316313152198,DG42,572500.1240832573,6112499.841285639
2,DG43_2,0.15830960638388022,DG43,572500.0844316228,6117499.87702596
2,DG44_2,0.16168682679201102,DG44,572500.1345045101,6122499.95346573
2,DG45_2,0.17918768687464395,DG45,572500.0844221165,6127499.956186771
2,DG46_2,0.18067570812718986,DG46,572500.123968225,6132499.888275696
2,DG47_2,0.1927117060484407,DG47,572500.1215920995,6137499.970183186
2,DG48_2,0.18220068978947052,DG48,572500.0801946897,6142499.979324352
2,DG49_2,0.16758992583982119,DG49,572500.0622560608,6147499.916709808
2,DG51_2,0.18487924516711587,DG51,577500.0918429886,6107499.86185285
2,DG52_2,0.16790684208707088,DG52,577500.0899779424,6112499.887439063
2,DG53_2,0.19345425017398984,DG53,577500.1013102453,6117499.841510532
2,DG54_2,0.19902654166967218,DG54,577500.1209952927,6122499.946588742
2,DG55_2,0.20538189534673526,DG55,577500.0903837337,6127499.86770983
2,DG56_2,0.17165745076030797,DG56,577500.129765069,6132499.940893321
2,DG57_2,0.19211565562584845,DG57,577500.1151194031,6137499.9413368525
2,DG58_2,0.19427079037796413,DG58,577500.1070374141,6142499.981399613
2,DG59_2,0.21933263155173977,DG59,577500.1065061892,6147499.949774658
2,DG60_2,0.19800085322622496,DG60,582500.1033814047,6102499.898955876
2,DG61_2,0.2265027010714105,DG61,582500.1087734731,6107499.811257644
2,DG62_2,0.2491257721118733,DG62,582500.1086388057,6112499.874676149
2,DG63_2,0.17458159026209466,DG63,582500.106121318,6117499.866638746
2,DG64_2,0.17373438292487503,DG64,582500.0981873247,6122499.898389105
2,DG65_2,0.23316406563680186,DG65,582500.1494407246,6127499.859806266
2,DG66_2,0.21753677364015694,DG66,582500.1276752406,6132499.971046642
2,DG67_2,0.1879220508803946,DG67,582500.1017190362,6137499.899436134
2,DG68_2,0.18832179831411505,DG68,582500.127661447,6142499.979957241
2,DG69_2,0.17667637898523786,DG69,582500.0820257012,6147499.987659226
2,DG70_2,0.21237402869397773,DG70,587500.1040743836,6102499.842870175
2,DG71_2,0.22596728852679085,DG71,587500.1277292037,6107499.8022988215
2,DG72_2,0.21210776277960822,DG72,587500.1300347799,6112499.912887864
2,DG73_2,0.1830899156067926,DG73,587500.1165678317,6117499.840793578
2,DG74_2,0.16947110975278828,DG74,587500.1433676686,6122499.921054047
2,DG75_2,0.1938076380663469,DG75,587500.1501098787,6127499.929842266
2,DG76_2,0.20832045461685847,DG76,587500.1358212815,6132499.8671259945
2,DG77_2,0.23643952296578147,DG77,587500.0951186153,6137499.955423165
2,DG78_2,0.2385968560476661,DG78,587500.0947161396,6142499.973410007
2,DG79_2,0.16939594862356713,DG79,587500.133423215,6147499.921055779
2,DG80_2,0.17571237387342367,DG80,592500.1215643627,6102499.818749571
2,DG81_2,0.18656578105098912,DG81,592500.1642016799,6107499.834659493
2,DG82_2,0.1915845444726573,DG82,592500.1719790371,6112499.890489254
2,DG83_2,0.17402595179450173,DG83,592500.1462224028,6117499.874937038
2,DG84_2,0.17586979005940528,DG84,592500.1472162764,6122499.900566232
2,DG85_2,0.25136965988787097,DG85,592500.1125679152,6127499.854749453
2,DG86_2,0.19046772810244297,DG86,592500.165847554,6132499.851379236
2,DG87_2,0.19052037263995797,DG87,592500.1155330035,6137499.886446235
2,DG88_2,0.17906934539354766,DG88,592500.1507311421,6142499.963900514
2,DG89_2,0.29978119019504906,DG89,592500.1459106059,6147499.969781486
2,DG90_2,0.186393755062809,DG90,597500.1713315928,6102499.826306785
2,DG91_2,0.1812984162392376,DG91,597500.1723162967,6107499.795391971
2,DG92_2,0.17640337774131754,DG92,597500.1866216981,6112499.805806173
2,DG93_2,0.1734126133828982,DG93,597500.1493824713,6117499.856123005
2,DG94_2,0.1704989935123198,DG94,597500.1256288488,6122499.836436391
2,DG95_2,0.1933381694583204,DG95,597500.1752226814,6127499.859382003
2,DG96_2,0.19286995740444776,DG96,597500.1698570813,6132499.922134469
2,DG97_2,0.18118507879351414,DG97,597500.1743571849,6137499.9147871975
2,DG98_2,0.1875769855748481,DG98,597500.1217638251,6142499.947179923
2,DG99_2,0.3093462574093951,DG99,597500.1399889182,6147499.910806376
2,DH06_2,0.19742537083432815,DH06,552500.1885183516,6082499.894090945
2,DH07_2,0.18845325849064407,DH07,552500.1080240731,6087499.900931246
2,DH08_2,0.19844937143832686,DH08,552500.1224177002,6092499.835871966
2,DH09_2,0.1968304187161278,DH09,552500.1002956021,6097499.919942602
2,DH16_2,0.2228093918366551,DH16,557500.1353999713,6082499.896520629
2,DH17_2,0.2096208774830168,DH17,557500.1315025091,6087499.894301601
2,DH18_2,0.17585075402599845,DH18,557500.14150952,6092499.930770529
2,DH19_2,0.17849277134863895,DH19,557500.1021907555,6097499.893807441
2,DH26_2,0.20975278145568454,DH26,562500.1313600574,6082499.897424985
2,DH27_2,0.18289376474092978,DH27,562500.1404915752,6087499.894655372
2,DH28_2,0.17591541677512157,DH28,562500.1479966408,6092499.930620275
2,DH36_2,0.22129758823538193,DH36,567500.1276941404,6082499.895786983
2,DH37_2,0.3781764651473663,DH37,567500.1504468835,6087499.901725202
2,DH67_2,0.2762098439787199,DH67,582500.150456362,6087499.846226105
2,DH75_2,0.3189688021790322,DH75,587500.1331639127,6077499.873700988
2,DH76_2,0.22122990161992873,DH76,587500.1690374067,6082499.854533708
2,DH85_2,0.25643392942348986,DH85,592500.1356770925,6077499.908513531
2,DH86_2,0.2625530616175289,DH86,592500.1422768618,6082499.831678937
2,DH98_2,0.33546004061517504,DH98,597500.1549924235,6092499.78831973
2,DH99_2,0.23275165057977154,DH99,597500.1873019559,6097499.787314182
2,ED00_2,0.16245761505012343,ED00,602500.0074655657,6252499.92582771
2,ED01_2,0.20495022696841877,ED01,602500.0069320137,6257499.875294123
2,ED02_2,0.19971357754231173,ED02,602499.9632342183,6262499.97639951
2,ED03_2,0.19785746532911688,ED03,602500.0034894047,6267500.009511617
2,EE08_2,0.17391280145205276,EE08,602500.0238220977,6242499.8172161
2,EE09_2,0.15636405798438932,EE09,602500.0332308657,6247499.906951615
2,EB03_2,0.2636131333088372,EB03,617499.4041724587,6347499.787013219
2,EB04_2,0.21865200678409197,EB04,617499.3770303854,6352499.760663346
2,EB06_2,0.29747668720590476,EB06,622499.452476495,6342499.958876019
2,EB07_2,0.2212137320904846,EB07,622499.340247113,6347499.802468584
2,EB08_2,0.18715563513696706,EB08,622499.3295501823,6352499.804013868
2,EB10_2,0.18251254318867635,EB10,627499.3598611797,6352499.809865731
2,ED10_2,0.16389359997773953,ED10,607500.0314739328,6252499.92479157
2,ED12_2,0.22443454600499435,ED12,607499.9846502618,6262499.948752708
2,ED13_2,0.20620003753962968,ED13,607500.0289460056,6267499.969510026
2,ED20_2,0.15600753049988855,ED20,612500.049310843,6252499.9062306555
2,ED21_2,0.18696889695476507,ED21,612499.9999244057,6257499.948716197
2,ED22_2,0.19968826148193627,ED22,612500.0638923836,6262499.925191073
2,ED23_2,0.21427899984536794,ED23,612500.0489246127,6267500.053278171
2,ED30_2,0.17721339745732057,ED30,617500.0131436305,6252499.979232868
2,ED31_2,0.173141309559334,ED31,617500.0689346831,6257499.919604393
2,EE05_2,0.1915578358101228,EE05,602500.0291128291,6227499.796893536
2,EE06_2,0.1841377060051274,EE06,602500.0177116019,6232499.873435614
2,EE07_2,0.2311536611338894,EE07,602500.0370459903,6237499.880717993
2,EE15_2,0.15954761697202788,EE15,607500.0429033731,6227499.870408693
2,EE16_2,0.17908192022286995,EE16,607500.0326255038,6232499.819688625
2,EE17_2,0.2310647973475406,EE17,607500.0336967214,6237499.811088578
2,EE18_2,0.1623467226787596,EE18,607500.0446534248,6242499.84457169
2,EE19_2,0.15957101729169296,EE19,607500.0022517216,6247499.918539914
2,EE27_2,0.20130191825914814,EE27,612500.0178630335,6237499.805356083
2,EE28_2,0.17833551128192332,EE28,612500.0568845634,6242499.83450955
2,EE29_2,0.15663653343233247,EE29,612500.0256645977,6247499.904153242
2,EE39_2,0.18064223171059385,EE39,617500.0586333661,6247499.861813668
2,EF00_2,0.22446839194042836,EF00,602500.1568967437,6152499.938279047
2,EF01_2,0.18779236840233474,EF01,602500.110434067,6157499.949953882
2,EF02_2,0.22299128669192617,EF02,602500.11502745,6162499.892898545
2,EF06_2,0.1755223461775052,EF06,602500.0299051435,6182499.853612516
2,EF07_2,0.19518762092360661,EF07,602500.0078381761,6187499.891590624
2,EF08_2,0.22305147457536523,EF08,602499.9662049786,6192499.859152391
2,EF09_2,0.22758030808107174,EF09,602499.963655327,6197499.869020305
2,EF10_2,0.16700483000722421,EF10,607500.16663707,6152499.862016589
2,EF11_2,0.183464878423941,EF11,607500.176405482,6157499.852075477
2,EF45_2,0.2051829769554635,EF45,622500.1133564778,6177499.906438245
2,EF54_2,0.19856353965261422,EF54,627500.173708827,6172499.894058021
2,EF63_2,0.42379446433904544,EF63,632500.2244002955,6167499.81615931
2,EF64_2,0.1976584050075631,EF64,632500.1982281193,6172499.854965836
2,EF65_2,0.19096379606865263,EF65,632500.1855857152,6177499.827314664
2,EF69_2,0.22439198991316045,EF69,632500.1501958598,6197499.82822393
2,EF70_2,0.19179102610074472,EF70,637500.234482398,6152499.829759564
2,EF71_2,0.19569188179638897,EF71,637500.2314522653,6157499.769810148
2,EF72_2,0.16360513491959366,EF72,637500.2274973425,6162499.754893564
2,EF73_2,0.18987635747399068,EF73,637500.2209097057,6167499.784967061
2,EF74_2,0.15874019961154986,EF74,637500.2099802837,6172499.859987579
2,EF75_2,0.24978018669232235,EF75,637500.1965109793,6177499.868648433
2,EF80_2,0.20304947662669143,EF80,642500.2088201805,6152499.8108049715
2,EF81_2,0.25170195176512783,EF81,642500.2076575521,6157499.794391641
2,EF82_2,0.21833528260910764,EF82,642500.2525552853,6162499.825148337
2,EF83_2,0.18226937599016865,EF83,642500.2193219239,6167499.787668911
2,EF84_2,0.2368032338668094,EF84,642500.2285859047,6172499.797269886
2,EF85_2,0.18745331621054362,EF85,642500.21561393,6177499.851854328
2,EF90_2,0.19289067090698575,EF90,647500.1968096502,6152499.796485673
2,EF91_2,0.23377418748402423,EF91,647500.2025785598,6157499.7218825305
2,EF92_2,0.25222661218735726,EF92,647500.2346433615,6162499.805848634
2,EF93_2,0.2596254555598771,EF93,647500.2356114537,6167499.82370214
2,EF94_2,0.2298132495070934,EF94,647500.2037785846,6172499.7753932625
2,EF95_2,0.2386311750204944,EF95,647500.2592736807,6177499.776383813
2,EF96_2,0.20682876798799257,EF96,647500.2117523269,6182499.820248794
2,EG00_2,0.20908759246043115,EG00,602500.2075383858,6102499.752554977
2,EG01_2,0.1786268352451434,EG01,602500.1653777973,6107499.795298992
2,EG02_2,0.17299882039120074,EG02,602500.1872741627,6112499.769644517
2,EG03_2,0.18778045306117144,EG03,602500.1419317244,6117499.7838923335
2,EG04_2,0.1823020461784221,EG04,602500.155513311,6122499.8409451125
2,EG05_2,0.17296029364237336,EG05,602500.1656467885,6127499.828034153
2,EG06_2,0.18413093271865727,EG06,602500.1685459674,6132499.856394926
2,EG07_2,0.21133518382174493,EG07,602500.1629894912,6137499.92599472
2,EG08_2,0.17040042698789096,EG08,602500.1503424796,6142499.925529002
2,EG09_2,0.24588390583338404,EG09,602500.129395011,6147499.854962473
2,EG10_2,0.19450253693349098,EG10,607500.1768091201,6102499.818051623
2,EG11_2,0.17000600408944697,EG11,607500.1588724807,6107499.833944355
2,EG12_2,0.17277234144632342,EG12,607500.1894330485,6112499.781570623
2,EG13_2,0.16921221666433733,EG13,607500.2007176884,6117499.770624214
2,EG14_2,0.1690267000224113,EG14,607500.191500505,6122499.801071322
2,EG15_2,0.16495576210222232,EG15,607500.1605547919,6127499.872877927
2,EG16_2,0.25657784859530947,EG16,607500.1727981393,6132499.876283166
2,EG17_2,0.18249541816842205,EG17,607500.1607226082,6137499.920979434
2,EG18_2,0.16612670257009204,EG18,607500.1891095479,6142499.897205671
2,EG19_2,0.17331813670772303,EG19,607500.1905837624,6147499.914653578
2,EG21_2,0.20482096788436974,EG21,612500.2348921587,6107499.801269529
2,EG22_2,0.1603952972591756,EG22,612500.2114052242,6112499.729918555
2,EG23_2,0.16231665716051621,EG23,612500.2139353334,6117499.81291228
2,EG24_2,0.15707226226848925,EG24,612500.1830770366,6122499.826076767
2,EG25_2,0.2004016993728976,EG25,612500.1782985982,6127499.882253152
2,EG26_2,0.1765058485601266,EG26,612500.200980525,6132499.870141038
2,EG30_2,0.20322203463216904,EG30,617500.2479844969,6102499.703469929
2,EG40_2,0.20629344045345976,EG40,622500.2477358868,6102499.741840948
2,EG41_2,0.2433885040140518,EG41,622500.2452251216,6107499.731631616
2,EG42_2,0.18625464819601523,EG42,622500.1778913485,6112499.7629739335
2,EG76_2,0.17907264004874238,EG76,637500.1687954454,6132499.737980937
2,EG77_2,0.23610622252688077,EG77,637500.2055718829,6137499.833220863
2,EG84_2,0.19796083312256874,EG84,642500.1821270094,6122499.752851817
2,EG85_2,0.21155693332749412,EG85,642500.1759146599,6127499.685259293
2,EG86_2,0.20725873365007766,EG86,642500.1595471228,6132499.774305279
2,EG87_2,0.21820371029276792,EG87,642500.2018560335,6137499.799481912
2,EG88_2,0.23706286844253374,EG88,642500.1743270823,6142499.756653693
2,EG89_2,0.25273254793879174,EG89,642500.1983442176,6147499.761124632
2,EG94_2,0.25915321021770316,EG94,647500.1901655146,6122499.657195898
2,EG95_2,0.17879249102163342,EG95,647500.2152539153,6127499.751259625
2,EG96_2,0.17255775291752812,EG96,647500.1581773825,6132499.777421652
2,EG97_2,0.2638617761790673,EG97,647500.2075852172,6137499.741983493
2,EG98_2,0.2036217514449211,EG98,647500.1677108221,6142499.749803021
2,EG99_2,0.1872342348665453,EG99,647500.2267514672,6147499.807189792
2,EH08_2,0.25133926527499706,EH08,602500.1620083671,6092499.788471238
2,EH09_2,0.1688293795534839,EH09,602500.1847436636,6097499.749779848
2,EH13_2,0.25244159865306093,EH13,607500.2490966875,6067499.876797193
2,EH14_2,0.26563113038493974,EH14,607500.1881287517,6072499.820997513
2,EH15_2,0.23002053509576045,EH15,607500.1822916985,6077499.808419616
2,EH16_2,0.25033514305902477,EH16,607500.1659957448,6082499.837500439
2,EH17_2,0.22732527507253822,EH17,607500.2047700058,6087499.798479977
2,EH23_2,0.25702509514720684,EH23,612500.2034834018,6067499.887341654
2,EH24_2,0.26252548284671645,EH24,612500.212235677,6072499.811950394
2,EH25_2,0.2542632137687134,EH25,612500.1963975141,6077499.778303541
2,EH26_2,0.20774757427730683,EH26,612500.2189002938,6082499.787972259
2,EH27_2,0.16297720230506385,EH27,612500.2170047599,6087499.728058776
2,EH28_2,0.20443402163485352,EH28,612500.1867045197,6092499.709788004
2,EH37_2,0.3211379741326812,EH37,617500.189780661,6087499.7680580225
2,EH38_2,0.25098838827356573,EH38,617500.2326236423,6092499.741423128
2,EH39_2,0.2031633810027433,EH39,617500.2301707517,6097499.75643296
2,EH49_2,0.23196347093951714,EH49,622500.2536596373,6097499.68413302
2,EH54_2,0.21663335111532536,EH54,627500.2315571259,6072499.726827907
2,EH64_2,0.1660104859273487,EH64,632500.2489600373,6072499.714002534
2,EH66_2,0.2091206226170827,EH66,632500.2653655324,6082499.7089617625
2,EH67_2,0.1780040076860631,EH67,632500.240557838,6087499.660661096
2,EH73_2,0.19067877456490046,EH73,637500.2350246185,6067499.714042777
2,EH74_2,0.17677162744982694,EH74,637500.223421336,6072499.668808251
2,EH75_2,0.22300336074738933,EH75,637500.2391012611,6077499.669303549
2,EH76_2,0.16641761668618435,EH76,637500.2196151961,6082499.602278083
2,EH77_2,0.15976073117951214,EH77,637500.2241880391,6087499.580903596
2,EH78_2,0.20160301248333753,EH78,637500.2511288846,6092499.605141959
2,EH83_2,0.19156273551747158,EH83,642500.2303255753,6067499.715175096
2,EH84_2,0.2014033858746473,EH84,642500.2311327682,6072499.703858004
2,EH85_2,0.16454844645912545,EH85,642500.2474008938,6077499.627137704
2,EH86_2,0.16607574281568488,EH86,642500.2097630593,6082499.594188381
2,EH87_2,0.1704902292970598,EH87,642500.2449209422,6087499.609035659
2,EH88_2,0.1799113528063964,EH88,642500.2264585433,6092499.556320992
2,EH92_2,0.20822119426138566,EH92,647500.1957499915,6062499.687774925
2,EH93_2,0.18768274851956454,EH93,647500.2119518482,6067499.673581073
2,EH94_2,0.20639245666929548,EH94,647500.2300924656,6072499.59413029
2,EH95_2,0.16908381724133761,EH95,647500.2412025952,6077499.671872045
2,EH96_2,0.178615352720557,EH96,647500.2545091603,6082499.573025044
2,EH97_2,0.16898019011375562,EH97,647500.2573792844,6087499.631286464
2,FE00_2,0.3105769174604058,FE00,652500.2204548502,6202499.884181068
2,FE10_2,0.17155367417269923,FE10,657500.2140283118,6202499.844869955
2,FE20_2,0.18785265999996723,FE20,662500.2220386828,6202499.902415118
2,FE30_2,0.27271846109690356,FE30,667500.2691536737,6202499.833699634
2,FE40_2,0.18504905031610117,FE40,672500.3008507392,6202499.858164246
2,FE60_2,0.23178206016053474,FE60,682500.2713181422,6202499.84461653
2,FE61_2,0.2060809575431278,FE61,682500.341989624,6207499.920597611
2,FE71_2,0.15794005107430864,FE71,687500.2984424902,6207499.905692995
2,FE72_2,0.18228007604788699,FE72,687500.363131253,6212499.947936701
2,FE80_2,0.18525009479073612,FE80,692500.3264155694,6202499.858064589
2,FE81_2,0.1742881596085456,FE81,692500.373541418,6207499.882120019
2,FE82_2,0.18101505444769855,FE82,692500.3463343331,6212499.956222788
2,FE83_2,0.16375836052825476,FE83,692500.3720132804,6217499.974638728
2,FE90_2,0.1803902549150103,FE90,697500.3555868408,6202499.883863147
2,FE91_2,0.19006870644707896,FE91,697500.3965691917,6207499.840916168
2,FE92_2,0.1594633375144891,FE92,697500.4091896428,6212499.850916306
2,FE93_2,0.17415515402774,FE93,697500.3909917022,6217499.9137929315
2,FE94_2,0.16275241469277096,FE94,697500.4689643438,6222499.923962992
2,FF00_2,0.16622159244806303,FF00,652500.2143912867,6152499.7862611525
2,FF01_2,0.1636278003453826,FF01,652500.2248090926,6157499.774261067
2,FF02_2,0.20038561712296427,FF02,652500.2492441322,6162499.809702141
2,FF03_2,0.17904953296745035,FF03,652500.2266870057,6167499.7790860785
2,FF04_2,0.16451734012010089,FF04,652500.2144126588,6172499.795813887
2,FF05_2,0.19994918677110352,FF05,652500.2143685349,6177499.748581729
2,FF06_2,0.20225455292803746,FF06,652500.2168219197,6182499.859854026
2,FF07_2,0.16030492786060593,FF07,652500.231527698,6187499.795811617
2,FF08_2,0.28509940639191417,FF08,652500.2487440347,6192499.778918769
2,FF10_2,0.2475170576170159,FF10,657500.2143405195,6152499.777359325
2,FF12_2,0.2134477389742413,FF12,657500.2533010718,6162499.722690075
2,FF13_2,0.17216921697737547,FF13,657500.2678361252,6167499.766637617
2,FF14_2,0.16206140163311755,FF14,657500.2804860991,6172499.746787113
2,FF15_2,0.2738145089500397,FF15,657500.2224905242,6177499.772069843
2,FF16_2,0.24794607641117908,FF16,657500.2175718555,6182499.846975895
2,FF17_2,0.15791505516405052,FF17,657500.2675925975,6187499.860202954
2,FF18_2,0.17051639043826328,FF18,657500.2452246804,6192499.807152677
2,FF19_2,0.1816524658108659,FF19,657500.2697239395,6197499.803575764
2,FF21_2,0.1838081749536703,FF21,662500.2406863412,6157499.799661659
2,FF22_2,0.216158459040933,FF22,662500.2548913385,6162499.766637423
2,FF23_2,0.16481256049665796,FF23,662500.2491310743,6167499.781214133
2,FF24_2,0.15445957976454275,FF24,662500.2884650016,6172499.734430286
2,FF25_2,0.16984212011775307,FF25,662500.2368262114,6177499.844051934
2,FF26_2,0.17938045900807773,FF26,662500.2303838229,6182499.780956389
2,FF27_2,0.15359449459362248,FF27,662500.2586700729,6187499.767595499
2,FF29_2,0.16616411872396533,FF29,662500.2231507814,6197499.882831992
2,FF30_2,0.17228859905203708,FF30,667500.2250742009,6152499.760797058
2,FF31_2,0.16241259612047082,FF31,667500.2664735457,6157499.77134995
2,FF32_2,0.15624436683282567,FF32,667500.2781001843,6162499.71839387
2,FF33_2,0.19607787389142012,FF33,667500.2537457212,6167499.713120071
2,FF34_2,0.1918694562035168,FF34,667500.2543204613,6172499.757887186
2,FF35_2,0.17537139037483487,FF35,667500.2819172617,6177499.741394598
2,FF36_2,0.16367591573494655,FF36,667500.2673523247,6182499.7724213265
2,FF37_2,0.45433295715349287,FF37,667500.2713154595,6187499.853328593
2,FF38_2,0.163096039575203,FF38,667500.2333278777,6192499.870393818
2,FF39_2,0.18122601921875015,FF39,667500.2764708342,6197499.828398651
2,FF40_2,0.186636004151616,FF40,672500.2677202892,6152499.75185617
2,FF41_2,0.1620092777460836,FF41,672500.2610297143,6157499.749462805
2,FF42_2,0.1738843225603614,FF42,672500.2674698508,6162499.797357992
2,FF43_2,0.18133013716141277,FF43,672500.289242156,6167499.784242888
2,FF44_2,0.19967038920794095,FF44,672500.2569006486,6172499.818821288
2,FF45_2,0.20344724481590784,FF45,672500.298489102,6177499.7947630705
2,FF46_2,0.1789164319037595,FF46,672500.2817369283,6182499.818284865
2,FF50_2,0.1666980889088083,FF50,677500.2932886138,6152499.739124405
2,FF51_2,0.19315860597354192,FF51,677500.3033863106,6157499.735752224
2,FF52_2,0.16579257317762722,FF52,677500.247585791,6162499.780240425
2,FF53_2,0.1664961321057696,FF53,677500.2543300018,6167499.7663993435
2,FF54_2,0.22616334642101277,FF54,677500.2538217055,6172499.802859116
2,FF55_2,0.18713440333970985,FF55,677500.2483948858,6177499.778318752
2,FF56_2,0.24622881813560296,FF56,677500.2940670673,6182499.80652333
2,FF57_2,0.19981800632128166,FF57,677500.2630915587,6187499.882293927
2,FF60_2,0.20555157017772901,FF60,682500.2545312074,6152499.719203852
2,FF61_2,0.2016110614378257,FF61,682500.2832841513,6157499.724413432
2,FF62_2,0.1871831088783346,FF62,682500.2931610722,6162499.780151567
2,FF63_2,0.16292375213496624,FF63,682500.286603715,6167499.775118978
2,FF64_2,0.199242460078931,FF64,682500.2567777862,6172499.820493967
2,FF65_2,0.1942641774593897,FF65,682500.2689476068,6177499.807606941
2,FF66_2,0.16170997495806808,FF66,682500.253306334,6182499.845007382
2,FF67_2,0.1983554504257881,FF67,682500.2749867147,6187499.824026549
2,FF69_2,0.21038711324927253,FF69,682500.286269831,6197499.823893157
2,FF70_2,0.16973059219226264,FF70,687500.2937067151,6152499.696531474
2,FF71_2,0.15765051541375275,FF71,687500.2797492278,6157499.717192857
2,FF72_2,0.15763056335984468,FF72,687500.2940864991,6162499.791177767
2,FF73_2,0.18451360392432106,FF73,687500.276108928,6167499.804490101
2,FF74_2,0.17640816515961893,FF74,687500.2865121333,6172499.759767374
2,FF75_2,0.22783583846437336,FF75,687500.3181023151,6177499.768186162
2,FF76_2,0.22018112649580637,FF76,687500.3057092606,6182499.826981119
2,FF77_2,0.15803390232640654,FF77,687500.3145880764,6187499.827555462
2,FF78_2,0.19448160930036074,FF78,687500.2749215045,6192499.878377509
2,FF79_2,0.24710338410506874,FF79,687500.3143556966,6197499.873560948
2,FF80_2,0.20017150414871626,FF80,692500.3003915065,6152499.665078906
2,FF81_2,0.15982656144003501,FF81,692500.3087101678,6157499.713388103
2,FF82_2,0.254801393591561,FF82,692500.3342172247,6162499.7039436465
2,FF83_2,0.1869721457842193,FF83,692500.3066476895,6167499.745143122
2,FF84_2,0.1894408690758546,FF84,692500.2915752039,6172499.7284601815
2,FF86_2,0.2499843463037456,FF86,692500.3421648205,6182499.746437445
2,FF87_2,0.17946578332588797,FF87,692500.3401528873,6187499.778193614
2,FF88_2,0.18707714832079678,FF88,692500.3360075087,6192499.8630453255
2,FF89_2,0.17880029568831135,FF89,692500.3322349075,6197499.889691258
2,FF90_2,0.1768101872273275,FF90,697500.3486702319,6152499.738025841
2,FF91_2,0.18156125823447422,FF91,697500.3229910781,6157499.709487912
2,FF92_2,0.2469235769837591,FF92,697500.293774317,6162499.734567302
2,FF93_2,0.20180310255500755,FF93,697500.3265644838,6167499.704813483
2,FF94_2,0.268525445808361,FF94,697500.3508075213,6172499.728548656
2,FF95_2,0.1759161877226023,FF95,697500.3012456638,6177499.8028586125
2,FF96_2,0.24250347765518906,FF96,697500.3061860544,6182499.82213949
2,FF97_2,0.1571130537980119,FF97,697500.3003211509,6187499.7834761925
2,FF98_2,0.15740183039522482,FF98,697500.3387565847,6192499.800885114
2,FF99_2,0.14852896396052914,FF99,697500.3563003049,6197499.871448284
2,FG04_2,0.16096671988344335,FG04,652500.2116871931,6122499.731481395
2,FG06_2,0.24940948993808534,FG06,652500.1805834217,6132499.7467744155
2,FG07_2,0.21652563685974488,FG07,652500.1714465149,6137499.7692362005
2,FG08_2,0.18492067237334767,FG08,652500.1877744175,6142499.728074739
2,FG09_2,0.19954346151429195,FG09,652500.2237905464,6147499.734495867
2,FG14_2,0.16564012789694296,FG14,657500.2100665862,6122499.639163951
2,FG18_2,0.2163180524149959,FG18,657500.1871278463,6142499.68869132
2,FG19_2,0.18272416410198566,FG19,657500.1978004752,6147499.764823828
2,FG24_2,0.19013441071201012,FG24,662500.1893252225,6122499.713272569
2,FG26_2,0.22759342672414615,FG26,662500.2293112001,6132499.688712805
2,FG27_2,0.1802656732615435,FG27,662500.2380894625,6137499.748319519
2,FG28_2,0.20885136453104922,FG28,662500.2408897995,6142499.744536591
2,FG29_2,0.1910454513085483,FG29,662500.2357788663,6147499.677311915
2,FG33_2,0.2666670044438006,FG33,667500.2205645419,6117499.620359663
2,FG34_2,0.2069370672179707,FG34,667500.2407739353,6122499.62178409
2,FG35_2,0.2477753703471405,FG35,667500.2410699656,6127499.67131439
2,FG37_2,0.19769165411518036,FG37,667500.2459156871,6137499.694400441
2,FG38_2,0.17495759691413826,FG38,667500.246432031,6142499.6678515
2,FG39_2,0.17760510362253645,FG39,667500.2190836334,6147499.6891986625
2,FG43_2,0.26729631879166954,FG43,672500.2258820928,6117499.596572478
2,FG44_2,0.21470503310700487,FG44,672500.2404861517,6122499.693047497
2,FG45_2,0.18458793318386693,FG45,672500.2238220301,6127499.726472702
2,FG47_2,0.17546133201654399,FG47,672500.2747216006,6137499.722619677
2,FG48_2,0.18668209905093003,FG48,672500.2746404527,6142499.682758598
2,FG49_2,0.21969912244629994,FG49,672500.2308515612,6147499.690869135
2,FG51_2,0.19054594942485742,FG51,677500.2769194953,6107499.589955671
2,FG52_2,0.24266106083143923,FG52,677500.260739334,6112499.577837041
2,FG53_2,0.20128187721924354,FG53,677500.2611837294,6117499.616630811
2,FG54_2,0.1731597241196029,FG54,677500.2760694259,6122499.706284379
2,FG55_2,0.17588359416919258,FG55,677500.2485989162,6127499.621722549
2,FG56_2,0.18833731040715612,FG56,677500.2903632673,6132499.70169495
2,FG57_2,0.16404196632876503,FG57,677500.2811134357,6137499.718577848
2,FG58_2,0.1586584983906185,FG58,677500.2822108439,6142499.674861006
2,FG59_2,0.20496594748109567,FG59,677500.2869998979,6147499.681728301
2,FG60_2,0.17288185577037044,FG60,682500.2334478453,6102499.59563694
2,FG61_2,0.24248956041563832,FG61,682500.2429297345,6107499.64593825
2,FG62_2,0.1511310490017068,FG62,682500.2601156291,6112499.636107586
2,FG63_2,0.1647194863885666,FG63,682500.2782719862,6117499.677322921
2,FG64_2,0.1640147793346208,FG64,682500.2997839985,6122499.658293756
2,FG65_2,0.1591538364834257,FG65,682500.2543705795,6127499.687580657
2,FG66_2,0.18590879055822399,FG66,682500.2715598893,6132499.659124765
2,FG67_2,0.18351004312812547,FG67,682500.2809808651,6137499.681488141
2,FG68_2,0.15498243617367022,FG68,682500.2850436782,6142499.643376395
2,FG69_2,0.1730943454231848,FG69,682500.2769601031,6147499.655967729
2,FG70_2,0.15862849539996024,FG70,687500.2749447277,6102499.555240454
2,FG71_2,0.529450990397244,FG71,687500.2711367387,6107499.614428979
2,FG72_2,0.16472215868242104,FG72,687500.2596549657,6112499.613608101
2,FG73_2,0.26924747474818794,FG73,687500.2973089004,6117499.666636524
2,FG74_2,0.1692364462996901,FG74,687500.3227844504,6122499.659540088
2,FG75_2,0.18268273652129705,FG75,687500.2656673533,6127499.700801892
2,FG76_2,0.1807904420465333,FG76,687500.3190664198,6132499.68719706
2,FG77_2,0.15198917481142946,FG77,687500.2854871633,6137499.721830154
2,FG78_2,0.1795005611682471,FG78,687500.294305089,6142499.698789443
2,FG79_2,0.16389038922359436,FG79,687500.2751403373,6147499.7265565675
2,FG80_2,0.15168228990237906,FG80,692500.2601699218,6102499.523256032
2,FG81_2,0.5532564918995305,FG81,692500.2449257197,6107499.60061101
2,FG82_2,0.19798897508720512,FG82,692500.270379107,6112499.620822028
2,FG83_2,0.3056952473918931,FG83,692500.2704610613,6117499.581073102
2,FG84_2,0.17067140821741042,FG84,692500.3017700722,6122499.5952903135
2,FG85_2,0.16786804221722265,FG85,692500.2983532327,6127499.660655089
2,FG86_2,0.20842497929967932,FG86,692500.3263061603,6132499.668636978
2,FG87_2,0.14807187106167707,FG87,692500.3198407196,6137499.6164119765
2,FG88_2,0.1871033934028185,FG88,692500.3303715999,6142499.729143381
2,FG89_2,0.16358951344797923,FG89,692500.3068019298,6147499.670310448
2,FG92_2,0.21261241996756783,FG92,697500.24892862665,6112499.542973782
2,FG93_2,0.17961649432673282,FG93,697500.2722987161,6117499.533765045
2,FG94_2,0.5350727760941119,FG94,697500.3112419588,6122499.578683486
2,FG95_2,0.2050880195312636,FG95,697500.3047563492,6127499.563608582
2,FG97_2,0.16851034665404666,FG97,697500.3219843409,6137499.695401272
2,FG98_2,0.18315657107172,FG98,697500.3508036272,6142499.619688079
2,FG99_2,0.1688978988170207,FG99,697500.3149968215,6147499.706177678
2,FH01_2,0.24963540832894066,FH01,652500.1476911665,6057499.672137209
2,FH02_2,0.2073572591529411,FH02,652500.1450141938,6062499.66186962
2,FH03_2,0.29122091500343084,FH03,652500.1915353996,6067499.6998956185
2,FH04_2,0.20398445176591087,FH04,652500.1604771961,6072499.670583969
2,FH05_2,0.16748913255901476,FH05,652500.1788386654,6077499.578235263
2,FH06_2,0.16989792750461669,FH06,652500.2371696586,6082499.645297011
2,FH07_2,0.23307860347227305,FH07,652500.2166753336,6087499.533638527
2,FH08_2,0.2793365561401067,FH08,652500.2325856738,6092499.581303407
2,FH11_2,0.20077608745360703,FH11,657500.1262107163,6057499.645298414
2,FH12_2,0.16615176976379536,FH12,657500.1704044837,6062499.696315981
2,FH13_2,0.1823653911345113,FH13,657500.1879686262,6067499.682293598
2,FH14_2,0.17055022498606034,FH14,657500.1772087506,6072499.60318349
2,FH15_2,0.17314252326834778,FH15,657500.1967778043,6077499.572426094
2,FH16_2,0.18738755345195662,FH16,657500.1805786046,6082499.587730882
2,FH18_2,0.31196939143945973,FH18,657500.2338967368,6092499.540600677
2,FH21_2,0.2093339575668554,FH21,662500.1301028883,6057499.666921422
2,FH22_2,0.17407930612682984,FH22,662500.1620149246,6062499.674904235
2,FH23_2,0.21815973031505517,FH23,662500.1522521604,6067499.6179124275
2,FH24_2,0.2211573269277995,FH24,662500.1594183256,6072499.609451599
2,FH25_2,0.17803939241720124,FH25,662500.1815777237,6077499.649476749
2,FH29_2,0.20985626046904327,FH29,662500.2137666696,6097499.619101521
2,FH32_2,0.18735464637192603,FH32,667500.1352127434,6062499.596899727
2,FH33_2,0.23042825040979745,FH33,667500.1600240769,6067499.619644241
2,FH34_2,0.18234772915391836,FH34,667500.1262541488,6072499.577417303
2,FH35_2,0.18245781630760394,FH35,667500.156540169,6077499.58618157
2,FH36_2,0.194297063974014,FH36,667500.1845546081,6082499.643502697
2,FH42_2,0.19299440232759069,FH42,672500.1655806476,6062499.575288157
2,FH43_2,0.19828525479159498,FH43,672500.1619102128,6067499.684537786
2,FH44_2,0.1772255052505629,FH44,672500.1531629068,6072499.620077815
2,FH45_2,0.17394957587108947,FH45,672500.128911406,6077499.604325416
2,FH46_2,0.1809049701473281,FH46,672500.1513759971,6082499.63969187
2,FH52_2,0.15722505011510005,FH52,677500.1392029081,6062499.604546833
2,FH53_2,0.1702945058855294,FH53,677500.1172675767,6067499.586923023
2,FH54_2,0.18596292804466116,FH54,677500.1309098973,6072499.62068056
2,FH55_2,0.1609083382226959,FH55,677500.1823433801,6077499.594537913
2,FH56_2,0.19223129393070176,FH56,677500.1366827373,6082499.614611358
2,FH57_2,0.21241809896625694,FH57,677500.1888842597,6087499.577212903
2,FH58_2,0.1817409148039428,FH58,677500.2041166634,6092499.588457644
2,FH62_2,0.1767470381999682,FH62,682500.1400127035,6062499.575180733
2,FH63_2,0.19713964407045176,FH63,682500.1571327308,6067499.664842146
2,FH64_2,0.1825512877480665,FH64,682500.1391901771,6072499.580977525
2,FH65_2,0.1622790206847117,FH65,682500.1394981287,6077499.54859203
2,FH67_2,0.1540045743665608,FH67,682500.1906726429,6087499.526819346
2,FH71_2,0.16479961064771884,FH71,687500.123673068,6057499.554574321
2,FH72_2,0.18011919199724033,FH72,687500.1143025191,6062499.595132073
2,FH73_2,0.24451016113541438,FH73,687500.1168201703,6067499.576189147
2,FH74_2,0.15781032338953388,FH74,687500.1244441366,6072499.608917633
2,FH75_2,0.1506431615674755,FH75,687500.139621074,6077499.58203556
2,FH76_2,0.15042732685099217,FH76,687500.1555507714,6082499.606715107
2,FH77_2,0.15545345914107067,FH77,687500.1746923942,6087499.571672356
2,FH79_2,0.18156480161206107,FH79,687500.2046274128,6097499.544650838
2,FH80_2,0.17993345993808624,FH80,692500.0947199763,6052499.611192662
2,FH81_2,0.18906009094716414,FH81,692500.0242031823,6057499.60869983
2,FH83_2,0.1566952350643823,FH83,692500.131364359,6067499.547898819
2,FH84_2,0.14567447580136877,FH84,692500.1064229409,6072499.592479514
2,FH85_2,0.16672522255106004,FH85,692500.1382373512,6077499.580319139
2,FH86_2,0.1559206409871218,FH86,692500.160248557,6082499.508615752
2,FH87_2,0.1816508820227477,FH87,692500.1607475667,6087499.599762127
2,FH88_2,0.19012005359995277,FH88,692500.2158820927,6092499.522771814
2,FH89_2,0.16895263331639152,FH89,692500.2497555495,6097499.497289627
2,FG90_2,0.16569745788722293,FG90,697500.2684456746,6102499.501563041
2,FG91_2,0.15535373089280835,FG91,697500.2484837822,6107499.495144536
2,FH95_2,0.1511776025290554,FH95,697500.150730151,6077499.542688702
2,FH96_2,0.16486601210489513,FH96,697500.1759652141,6082499.495040286
2,FH97_2,0.20119725810167935,FH97,697500.1691353285,6087499.499120258
2,FH98_2,0.1925511193224565,FH98,697500.1920739731,6092499.557689017
2,FH99_2,0.15104943657706102,FH99,697500.2472731089,6097499.559464772
2,GE00_2,0.16647582453306145,GE00,702500.3468220314,6202499.881296357
2,GE01_2,0.26105300054229724,GE01,702500.378710623,6207499.892304815
2,GE02_2,0.19826104622126542,GE02,702500.4334288082,6212499.848059619
2,GE03_2,0.18244878772364584,GE03,702500.4408437889,6217499.856788846
2,GE04_2,0.16388230259454276,GE04,702500.4606550329,6222499.921351904
2,GE10_2,0.20478269810345995,GE10,707500.3789717224,6202499.852386592
2,GE11_2,0.2269738688677815,GE11,707500.409073655,6207499.815850618
2,GE12_2,0.21621773646817258,GE12,707500.4404434582,6212499.835447987
2,GE13_2,0.19981939398169465,GE13,707500.4081545363,6217499.908100328
2,GE14_2,0.15576715700479266,GE14,707500.444826527,6222499.8172854865
2,GE20_2,0.17975772956435998,GE20,712500.4059752157,6202499.793334916
2,GE21_2,0.17902487279489834,GE21,712500.431105092,6207499.830216896
2,GE22_2,0.16121917592999682,GE22,712500.4466481479,6212499.812149445
2,GE23_2,0.18843940656395675,GE23,712500.4444375301,6217499.850279269
2,GE24_2,0.1710062501484501,GE24,712500.427285722,6222499.833303753
2,GE30_2,0.19019047843959846,GE30,717500.4386215332,6202499.814452954
2,GE31_2,0.16621855925210918,GE31,717500.4664293623,6207499.823270025
2,GE32_2,0.21866006515823344,GE32,717500.4628353314,6212499.888487851
2,GE33_2,0.19825160692238936,GE33,717500.4363954787,6217499.7875834415
2,GE34_2,0.15907352384800155,GE34,717500.4297171882,6222499.857289503
2,GE42_2,0.18251944116431998,GE42,722500.4542082316,6212499.8379352
2,GE43_2,0.1850693205686942,GE43,722500.4569293238,6217499.833379672
2,GF00_2,0.1893382576435186,GF00,702500.3379804895,6152499.686444453
2,GF01_2,0.1871912217600917,GF01,702500.3385118302,6157499.704640133
2,GF02_2,0.17477720596877594,GF02,702500.3195119632,6162499.776580491
2,GF03_2,0.1679006661286699,GF03,702500.351800605,6167499.682659319
2,GF04_2,0.20398388580344784,GF04,702500.3543900581,6172499.753574929
2,GF05_2,0.16258867157991305,GF05,702500.3351455712,6177499.7668023845
2,GF06_2,0.19019469575043643,GF06,702500.3492048995,6182499.8364209505
2,GF07_2,0.1562214887325026,GF07,702500.3364148074,6187499.84821207
2,GF08_2,0.18148499710636704,GF08,702500.3569451347,6192499.805028212
2,GF09_2,0.16310717121443347,GF09,702500.3404156363,6197499.815104434
2,GF12_2,0.1794858413491691,GF12,707500.3696013235,6162499.715173889
2,GF13_2,0.1918206913351345,GF13,707500.3300529267,6167499.786107193
2,GF14_2,0.18794719547436378,GF14,707500.3864467979,6172499.694285468
2,GF15_2,0.19104140508292453,GF15,707500.3944162552,6177499.767333329
2,GF16_2,0.19354794383533253,GF16,707500.3620901112,6182499.782727323
2,GF17_2,0.1978445559367353,GF17,707500.3497072838,6187499.7433876665
2,GF18_2,0.20510161590756731,GF18,707500.4065654634,6192499.874692895
2,GF19_2,0.17294288866280144,GF19,707500.358158152,6197499.833901825
2,GF23_2,0.20564203972983575,GF23,712500.3560583256,6167499.683554069
2,GF24_2,0.20034662977535111,GF24,712500.3895823077,6172499.769300189
2,GF25_2,0.18897881393922586,GF25,712500.3693780791,6177499.797558002
2,GF26_2,0.2009465903728073,GF26,712500.4185002823,6182499.774381583
2,GF27_2,0.18830735612585656,GF27,712500.403282234,6187499.804788459
2,GF28_2,0.18026545753908343,GF28,712500.3893101846,6192499.780546682
2,GF29_2,0.1986196652555399,GF29,712500.4309910986,6197499.815875246
2,GF33_2,0.227635117352436,GF33,717500.3669444381,6167499.70479759
2,GF34_2,0.18275804020932374,GF34,717500.390443028,6172499.75522035
2,GF35_2,0.22915586199030483,GF35,717500.4071713447,6177499.751367931
2,GF36_2,0.2019322083000449,GF36,717500.4089050895,6182499.80438197
2,GF37_2,0.17788755351661298,GF37,717500.398525072,6187499.802966663
2,GF38_2,0.19062099106652794,GF38,717500.4359702461,6192499.750185389
2,GF39_2,0.1678387742809056,GF39,717500.4446435908,6197499.865260167
2,GF43_2,0.2490043726919566,GF43,722500.3839188339,6167499.73768856
2,GF44_2,0.183255071456617,GF44,722500.3996769824,6172499.762351516
2,GF45_2,0.2519239550618453,GF45,722500.392806392,6177499.732873452
2,GF46_2,0.21282185404760934,GF46,722500.4176988797,6182499.763599473
2,GF47_2,0.17902770352516345,GF47,722500.4144617681,6187499.740026254
2,GF48_2,0.1819083910982098,GF48,722500.4373197008,6192499.776501604
2,GF49_2,0.16669187608456038,GF49,722500.4265400727,6197499.758516749
2,GF52_2,0.20475970554890727,GF52,727500.4398205662,6162499.722201364
2,GF53_2,0.18240179494553316,GF53,727500.422905934,6167499.781335341
2,GF54_2,0.21401644143054857,GF54,727500.4332192165,6172499.789807921
2,GF55_2,0.2000841133553394,GF55,727500.4050477121,6177499.7442593165
2,GF63_2,0.20533095074265315,GF63,732500.4427733541,6167499.720322601
2,GF74_2,0.400561401794509,GF74,737500.391410232,6172499.777421679
2,GG00_2,0.15608863299799375,GG00,702500.2513107894,6102499.486564997
2,GG02_2,0.17314480731633203,GG02,702500.2698174989,6112499.49328954
2,GG05_2,0.16668049245714125,GG05,702500.2956471718,6127499.520004621
2,GG06_2,0.14573279952779145,GG06,702500.3418263504,6132499.602145045
2,GG07_2,0.1624551828018571,GG07,702500.3223454107,6137499.624233186
2,GG08_2,0.18036355663320147,GG08,702500.3565356643,6142499.703241566
2,GG09_2,0.18402374792246542,GG09,702500.3203636502,6147499.722061222
2,GG10_2,0.18302878336726253,GG10,707500.2241910483,6102499.477378527
2,GG15_2,0.16075656871072258,GG15,707500.2865024854,6127499.528984483
2,GG16_2,0.17806916313081983,GG16,707500.318123319,6132499.54965108
2,GG17_2,0.15173077348133138,GG17,707500.3267206545,6137499.624520913
2,GG18_2,0.1695702031735989,GG18,707500.3150847398,6142499.642302799
2,GG20_2,0.17733498471644646,GG20,712500.2716980586,6102499.364975292
2,GG25_2,0.1617837318588584,GG25,712500.2981323673,6127499.478503297
2,GG26_2,0.16701195104263264,GG26,712500.3120173198,6132499.558293428
2,GG27_2,0.161602101958516,GG27,712500.3559583894,6137499.584229157
2,GG28_2,0.1816987195926249,GG28,712500.3586284099,6142499.664407933
2,GG30_2,0.15518573561563342,GG30,717500.2710031869,6102499.364961077
2,GG36_2,0.16919508681538942,GG36,717500.3444608465,6132499.516067203
2,GG37_2,0.15614340033196875,GG37,717500.3570528256,6137499.610675284
2,GG40_2,0.14351522094296884,GG40,722500.2426872866,6102499.365112122
2,GH06_2,0.15603109415941654,GH06,702500.1535418842,6082499.562371342
2,GH07_2,0.20332964747333732,GH07,702500.2055944144,6087499.491482163
2,GH08_2,0.14822694146989593,GH08,702500.2079264515,6092499.47235032
2,GH09_2,0.2126832279083817,GH09,702500.2222932067,6097499.507805596
2,GH17_2,0.18160951029747066,GH17,707500.1620744534,6087499.459011547
2,GH18_2,0.1573890987713904,GH18,707500.2048840352,6092499.4855571035
2,GH19_2,0.1891004472660881,GH19,707500.2494126634,6097499.455617712
2,GH29_2,0.27973657551246967,GH29,712500.2161125919,6097499.396182269
2,GH39_2,0.14286588206169537,GH39,717500.2017694439,6097499.331568221
2,GH49_2,0.1977530282644273,GH49,722500.216261824,6097499.372189741
2,GH59_2,0.19237555711114498,GH59,727500.227613787,6097499.180401683
2,HA03_2,0.18041418546869312,HA03,865472.2272740616,6117457.74120337
2,HA04_2,0.18288605735150495,HA04,865042.1703744105,6122447.22532909
2,HA05_2,0.17446570879909212,HA05,864612.115336128,6127436.838485431
2,HA06_2,0.17746878986129505,HA06,864181.8076420787,6132426.559736473
2,HA07_2,0.21825946374947114,HA07,863751.2660785005,6137416.166926846
2,HA13_2,0.1577052293858193,HA13,870461.7980367357,6117887.195561998
2,HA14_2,0.24979208012480603,HA14,870031.9513802049,6122877.127863388
2,HA15_2,0.30992980476695664,HA15,869601.845051859,6127867.055503114
2,HA16_2,0.19234578254453535,HA16,869171.5430810943,6132856.983802248
2,HA17_2,0.18305779808752945,HA17,868741.0008366904,6137846.685305342
2,HA22_2,0.22607475526271428,HA22,875881.8221458339,6113327.073579225
2,HA23_2,0.17391969237393037,HA23,875451.795731092,6118316.966683082
2,HA24_2,0.18612281901947772,HA24,875021.9214742357,6123307.113310843
2,HA25_2,0.18454254431392733,HA25,874591.8354984492,6128297.258993814
2,HA26_2,0.1818282361344891,HA26,874161.4745486901,6133287.398365342
2,HA32_2,0.18281146516626437,HA32,880871.8114806362,6113756.340020944
2,HA33_2,0.26839240008511733,HA33,880442.1265315809,6118746.823881969
2,HA34_2,0.1950295611886912,HA34,880012.2234439113,6123737.194118903
2,HA35_2,0.17960357364905746,HA35,879582.029386323,6128727.556359625
2,HA36_2,0.18861287629311807,HA36,879151.6814159437,6133717.810436713
2,HA42_2,0.2555826881698809,HA42,885862.3873392998,6114185.928670378
2,HA43_2,0.1939491546147531,HA43,885432.6339030144,6119176.530447572
2,HA44_2,0.18389056211562466,HA44,885002.6913537935,6124167.24465621
2,HA45_2,0.18168030470109708,HA45,884572.525051827,6129157.732566417
2,HA52_2,0.16933172260512766,HA52,890853.2009991016,6114615.586654353
2,HA53_2,0.17046515896184364,HA53,890423.4322463954,6119606.432185382
2,HA54_2,0.19356501259333184,HA54,889993.4047017333,6124597.271928037
3,AD90_3,0.24703707420504376,AD90,447500.0709493527,6252499.57832838
3,AD91_3,0.18109805184880068,AD91,447500.05017916387,6257499.546271402
3,AD92_3,0.29585465441662573,AD92,447500.02377636905,6262499.551973275
3,AD93_3,0.2905590358872522,AD93,447499.9924736935,6267499.595406948
3,AD94_3,0.2360641426765341,AD94,447499.9570043505,6272499.676545255
3,AD95_3,0.25796993104292826,AD95,447499.9167107371,6277499.684056323
3,AE93_3,0.2245955129871183,AE93,447500.1701742312,6217499.746982312
3,AE94_3,0.18695154493122676,AE94,447500.1510277113,6222499.78450804
3,AE95_3,0.2364485407409278,AE95,447500.18198725476,6227499.747924402
3,AE96_3,0.2421161239446454,AE96,447500.139576756,6232499.638727918
3,AE97_3,0.17283762883699766,AE97,447500.1513174165,6237499.67796077
3,AE98_3,0.21727011512690908,AE98,447500.15313399426,6242499.6437634
3,AF81_3,0.22003002433265856,AF81,442500.1384771916,6157499.787446427
3,AF82_3,0.27884627047454774,AF82,442500.15165183047,6162499.8084204225
3,AF91_3,0.20067298628763613,AF91,447500.16279772675,6157499.807246089
3,AF92_3,0.256671867671722,AF92,447500.2057250942,6162499.834014087
3,AF93_3,0.23218431962154928,AF93,447500.1653840631,6167499.788514787
3,AF94_3,0.20136299726939705,AF94,447500.1697669054,6172499.780493908
3,AF95_3,0.28764883313401796,AF95,447500.15525057766,6177499.699395254
3,AF96_3,0.26797849243175637,AF96,447500.12389998813,6182499.65648123
3,AF97_3,0.20888761649309048,AF97,447500.13908220717,6187499.650967309
3,AF98_3,0.23583054166498188,AF98,447500.13873657817,6192499.683587027
3,AF99_3,0.2372022636261022,AF99,447500.1235891788,6197499.754315107
3,BC10_3,0.2638952655218211,BC10,457500.06312543934,6302499.745828598
3,BC11_3,0.38887426080280235,BC11,457500.0287272008,6307499.784091797
3,BC20_3,0.1778460692685806,BC20,462500.0832758646,6302499.782276433
3,BC21_3,0.19423159887799057,BC21,462500.08463837503,6307499.738256342
3,BC22_3,0.2049603141995774,BC22,462500.0351017802,6312499.731527806
3,BC30_3,0.20761291823262973,BC30,467500.03225555073,6302499.688678854
3,BC31_3,0.14000663305644187,BC31,467500.0700814336,6307499.683991895
3,BC32_3,0.17833834394024561,BC32,467500.03942602925,6312499.716500132
3,BC33_3,0.2413899673396637,BC33,467500.06162332307,6317499.67391025
3,BC34_3,0.22158376794625495,BC34,467500.01645873167,6322499.668462578
3,BC40_3,0.23889277305664783,BC40,472500.05137193855,6302499.68679326
3,BC41_3,0.24674190506075955,BC41,472500.0641984955,6307499.732148187
3,BC42_3,0.2365371766698112,BC42,472500.05119154515,6312499.702867677
3,BC43_3,0.17397280601349221,BC43,472500.07431792136,6317499.709834675
3,BC44_3,0.20369419763900187,BC44,472500.07316175365,6322499.753427244
3,BC45_3,0.6907040103814824,BC45,472500.04746136797,6327499.722303724
3,BC50_3,0.1722466944655736,BC50,477500.03517784266,6302499.666388486
3,BC51_3,0.18326527968059442,BC51,477500.0219923793,6307499.660629535
3,BC52_3,0.18413049322699587,BC52,477500.0270955203,6312499.691159323
3,BC53_3,0.18411824412054995,BC53,477500.050134716,6317499.646637439
3,BC54_3,0.15922906291680783,BC54,477500.091967421,6322499.63835183
3,BC55_3,0.24867272320208125,BC55,477500.0922437846,6327499.666607962
3,BC60_3,0.20492012419756328,BC60,482500.0626082632,6302499.738540966
3,BC62_3,0.25688593788290714,BC62,482500.04548227973,6312499.681136523
3,BC63_3,0.18905716488972776,BC63,482500.06870340253,6317499.706708531
3,BC64_3,0.14229650219602114,BC64,482500.09264614136,6322499.657199486
3,BC65_3,0.17457898157888826,BC65,482500.0574243303,6327499.644156614
3,BC70_3,0.18897866025880958,BC70,487500.0281488765,6302499.681272506
3,BC71_3,0.29291959528296097,BC71,487500.02372481115,6307499.714883644
3,BC72_3,0.15727464242083336,BC72,487500.06305016344,6312499.673261789
3,BC73_3,0.1970297888037388,BC73,487500.0249803983,6317499.668063927
3,BC74_3,0.15210419948928786,BC74,487500.03132666176,6322499.698896714
3,BC75_3,0.1990955064991733,BC75,487500.08176904864,6327499.654417714
3,BC81_3,0.21505847023448937,BC81,492500.041047909,6307499.729905474
3,BC82_3,0.20137130348626503,BC82,492500.03649829555,6312499.667744995
3,BC83_3,0.3367124347617071,BC83,492499.997856006,6317499.641786334
3,BC84_3,0.17716679068351923,BC84,492500.0467049848,6322499.651782474
3,BC85_3,0.18762511124566353,BC85,492500.0614262203,6327499.586613408
3,BC93_3,0.19884172418009938,BC93,497500.0048648076,6317499.628014286
3,BC94_3,0.22270529676595727,BC94,497500.0354478817,6322499.62760691
3,BC95_3,0.16814591120511335,BC95,497500.0144291096,6327499.551978993
3,BC96_3,0.17459587431683554,BC96,497500.0027015511,6332499.623702109
3,BD00_3,0.1760468884166351,BD00,452500.055170292,6252499.551853021
3,BD01_3,0.17858546444963466,BD01,452500.062128352,6257499.642154956
3,BD02_3,0.18868916970417077,BD02,452500.0451360465,6262499.658862274
3,BD03_3,0.22566411876022577,BD03,452500.00491227995,6267499.601946497
3,BD04_3,0.2112719454853946,BD04,452500.0060987118,6272499.69329495
3,BD05_3,0.23446647328757161,BD05,452499.98535578116,6277499.71096541
3,BD06_3,0.3290116637900126,BD06,452500.00592764583,6282499.765541134
3,BD07_3,0.43833745503960053,BD07,452500.0058695333,6287499.746381921
3,BD08_3,0.36617265576967006,BD08,452499.9871680592,6292499.764766518
3,BD10_3,0.14302487689911075,BD10,457500.0642796085,6252499.626853711
3,BD11_3,0.16905952160277582,BD11,457500.03424585843,6257499.62756949
3,BD12_3,0.1517830756208413,BD12,457500.0261392312,6262499.665304576
3,BD13_3,0.1654856429989578,BD13,457500.03933642176,6267499.628727978
3,BD17_3,0.3618801691306437,BD17,457500.0192793853,6287499.743606095
3,BD18_3,0.23226179657610724,BD18,457500.0290933364,6292499.781524262
3,BD19_3,0.18102687128386025,BD19,457500.063487968,6297499.744964002
3,BD20_3,0.1412512908226122,BD20,462500.0521724849,6252499.692892568
3,BD21_3,0.21397234242793803,BD21,462500.04652625887,6257499.613366459
3,BD22_3,0.17411318030375544,BD22,462500.04672205047,6262499.682150681
3,BD23_3,0.26087685890054885,BD23,462500.05127489346,6267499.676611281
3,BD26_3,0.18003923877128458,BD26,462500.0396707308,6282499.770858137
3,BD27_3,0.14224213685955533,BD27,462500.0084153306,6287499.80222181
3,BD28_3,0.19945541437062553,BD28,462500.04522956035,6292499.758577253
3,BD29_3,0.1384248348379255,BD29,462500.0292985126,6297499.752303558
3,BD30_3,0.1595290838084903,BD30,467500.09666782786,6252499.638327593
3,BD31_3,0.17273832509849343,BD31,467500.0543298067,6257499.600372754
3,BD32_3,0.1423797554504387,BD32,467500.06232946395,6262499.710226541
3,BD33_3,0.24064803418622574,BD33,467500.0568793725,6267499.634422292
3,BD35_3,0.17853300624460688,BD35,467500.0749060298,6277499.704398919
3,BD36_3,0.14689224812244236,BD36,467500.0370856172,6282499.739297631
3,BD37_3,0.14441097592854085,BD37,467500.0506595336,6287499.810571126
3,BD38_3,0.2701491591500378,BD38,467500.0539126969,6292499.807359152
3,BD39_3,0.20787119200587276,BD39,467500.0473273079,6297499.729633846
3,BD40_3,0.21313758936075827,BD40,472500.0931846446,6252499.686959085
3,BD41_3,0.1480908782348817,BD41,472500.0753691514,6257499.700065501
3,BD42_3,0.14999542192754278,BD42,472500.0892348051,6262499.638397401
3,BD43_3,0.19755741527878898,BD43,472500.0750117887,6267499.724942416
3,BD44_3,0.20026482452734468,BD44,472500.09313145553,6272499.736661749
3,BD45_3,0.14655627791551032,BD45,472500.082515051,6277499.673930096
3,BD46_3,0.22549474260436078,BD46,472500.04509961524,6282499.759338391
3,BD47_3,0.30211845937263243,BD47,472500.0410912281,6287499.769842108
3,BD48_3,0.2682363348838808,BD48,472500.0707461879,6292499.705413405
3,BD49_3,0.18720966725503319,BD49,472500.07474827545,6297499.789050161
3,BD50_3,0.16357510017295218,BD50,477500.11881933274,6252499.615843311
3,BD51_3,0.14574905833501714,BD51,477500.0634254692,6257499.690373675
3,BD55_3,0.22216857484657435,BD55,477500.05691394093,6277499.685499792
3,BD56_3,0.2896259535855875,BD56,477500.0801616678,6282499.719876353
3,BD57_3,0.2652097510890965,BD57,477500.05835724296,6287499.679689139
3,BD58_3,0.1550559392757912,BD58,477500.0542861005,6292499.787203539
3,BD59_3,0.16976647538325002,BD59,477500.06639862224,6297499.708461465
3,BD60_3,0.17952039636871603,BD60,482500.06846866757,6252499.64834874
3,BD61_3,0.15929564492988177,BD61,482500.09796961857,6257499.682375004
3,BD64_3,0.17939495108353354,BD64,482500.05279373936,6272499.67016245
3,BD66_3,0.24234731614177424,BD66,482500.0376611929,6282499.732977217
3,BD67_3,0.18294672501278436,BD67,482500.0596615541,6287499.763232267
3,BD68_3,0.22461175886792367,BD68,482500.01980244165,6292499.718820099
3,BD69_3,0.18936118735056343,BD69,482500.0410989809,6297499.710512316
3,BD70_3,0.13654841597731154,BD70,487500.0817826781,6252499.672654292
3,BD71_3,0.1397790078363536,BD71,487500.07274000347,6257499.676720983
3,BD72_3,0.1488963971619589,BD72,487500.10657854204,6262499.717117674
3,BD73_3,0.21472477702698298,BD73,487500.0600253826,6267499.6828794535
3,BD74_3,0.14330031994615186,BD74,487500.05668077216,6272499.684921809
3,BD75_3,0.15963267998250477,BD75,487500.09656343656,6277499.723220508
3,BD76_3,0.18127864605554259,BD76,487500.05683605693,6282499.686808519
3,BD77_3,0.16459705312194192,BD77,487500.0606638972,6287499.686602905
3,BD78_3,0.14067851959496497,BD78,487500.04695056047,6292499.722763024
3,BD79_3,0.2589101490406458,BD79,487500.0155984107,6297499.6839520885
3,BD80_3,0.13887204144738177,BD80,492500.052342845,6252499.689303762
3,BD81_3,0.18638170171620308,BD81,492500.0663517555,6257499.67318747
3,BD82_3,0.19706326355409018,BD82,492500.0446139241,6262499.693544938
3,BD83_3,0.1766659489988849,BD83,492500.04863837245,6267499.638934148
3,BD84_3,0.15836934230607644,BD84,492500.0788364224,6272499.731946048
3,BD85_3,0.18141212936301607,BD85,492500.0734845984,6277499.750050906
3,BD86_3,0.20193749368567054,BD86,492500.0328117953,6282499.693222406
3,BD87_3,0.14347425911365042,BD87,492500.0796249006,6287499.672523582
3,BD88_3,0.18125260054743514,BD88,492500.0303709486,6292499.688262614
3,BD89_3,0.3206869729668319,BD89,492500.00758350815,6297499.740193662
3,BD90_3,0.13840485085861776,BD90,497500.0588251114,6252499.698183741
3,BD91_3,0.14608263453595444,BD91,497500.03416951664,6257499.671954378
3,BD92_3,0.1715917706712327,BD92,497500.0799421015,6262499.6820673505
3,BD93_3,0.13919124887628248,BD93,497500.07296910265,6267499.728574473
3,BD94_3,0.2208335423609561,BD94,497500.0748110663,6272499.700105536
3,BD95_3,0.20085955937407216,BD95,497500.02420617704,6277499.707981611
3,BD96_3,0.16878065040004506,BD96,497500.0438990338,6282499.752103166
3,BD97_3,0.18000929559106613,BD97,497500.0724178304,6287499.721172826
3,BD98_3,0.23526407301784014,BD98,497500.04871990596,6292499.726513864
3,BD99_3,0.2300045969684409,BD99,497500.0340011228,6297499.6567514995
3,BE03_3,0.1650938728342985,BE03,452500.11633685895,6217499.746191076
3,BE04_3,0.20179824618389253,BE04,452500.11632998136,6222499.685172294
3,BE05_3,0.1842014956729315,BE05,452500.15106356906,6227499.661355034
3,BE06_3,0.1562549518495784,BE06,452500.1590520394,6232499.675403499
3,BE07_3,0.1713475385692206,BE07,452500.1397759422,6237499.615993101
3,BE08_3,0.199469826559916,BE08,452500.095196037,6242499.594395928
3,BE09_3,0.1902472165093548,BE09,452500.0878081365,6247499.609894695
3,BE11_3,0.22049045308772633,BE11,457500.10127285187,6207499.743524788
3,BE12_3,0.15363395204230876,BE12,457500.1500305779,6212499.741318243
3,BE13_3,0.14130917416539462,BE13,457500.15345753945,6217499.776981724
3,BE14_3,0.14056753320484122,BE14,457500.1111617552,6222499.739193365
3,BE15_3,0.15976766011519436,BE15,457500.1490842873,6227499.737989361
3,BE16_3,0.17530088231641988,BE16,457500.14241573645,6232499.663280108
3,BE17_3,0.1347342945139606,BE17,457500.0929771521,6237499.626338543
3,BE18_3,0.17286040173269293,BE18,457500.12517345103,6242499.625902592
3,BE19_3,0.1848677403356441,BE19,457500.1157411464,6247499.663183419
3,BE20_3,0.16223326020710013,BE20,462500.11838367645,6202499.747712504
3,BE21_3,0.13933066440763556,BE21,462500.0952010719,6207499.74191438
3,BE22_3,0.13999471042465367,BE22,462500.1342590039,6212499.772833126
3,BE23_3,0.15503911998481562,BE23,462500.11044103146,6217499.730235226
3,BE24_3,0.14792510882419535,BE24,462500.1496938069,6222499.724303068
3,BE25_3,0.1992927725196768,BE25,462500.12816557044,6227499.756101517
3,BE26_3,0.17413988702237768,BE26,462500.1075739042,6232499.713761374
3,BE27_3,0.20432897787421136,BE27,462500.0893851709,6237499.708556035
3,BE28_3,0.15180322981125005,BE28,462500.13495159394,6242499.628613053
3,BE29_3,0.14069910035362201,BE29,462500.12296665786,6247499.697601233
3,BE30_3,0.14576238052397059,BE30,467500.10730380483,6202499.828305079
3,BE31_3,0.16840073167441597,BE31,467500.0896561928,6207499.754043788
3,BE32_3,0.2000563815803707,BE32,467500.1185248302,6212499.827834143
3,BE33_3,0.19427998584295603,BE33,467500.1294375103,6217499.716232078
3,BE34_3,0.1547579716803999,BE34,467500.1254063341,6222499.7531053685
3,BE35_3,0.1503177882605475,BE35,467500.1052226283,6227499.715833131
3,BE36_3,0.2007795953174058,BE36,467500.1322030665,6232499.715216365
3,BE37_3,0.18777496828498802,BE37,467500.08192916744,6237499.640875189
3,BE38_3,0.16756448597366058,BE38,467500.0804897086,6242499.714440874
3,BE39_3,0.14751909815230918,BE39,467500.1255944229,6247499.601982121
3,BE40_3,0.1643108157418416,BE40,472500.1127389596,6202499.801765352
3,BE41_3,0.23563083652926292,BE41,472500.10111836577,6207499.780096917
3,BE42_3,0.14510548997458841,BE42,472500.118605587,6212499.79520641
3,BE43_3,0.19806352517695766,BE43,472500.102536274,6217499.736171087
3,BE44_3,0.16552009452240307,BE44,472500.11623195955,6222499.713864509
3,BE45_3,0.15627226903816221,BE45,472500.0978888087,6227499.728662689
3,BE46_3,0.24659325141543967,BE46,472500.10925229813,6232499.668840696
3,BE47_3,0.16394859300176123,BE47,472500.08938047354,6237499.6460741
3,BE48_3,0.1556451072450243,BE48,472500.10059309157,6242499.6599383075
3,BE49_3,0.16677100769307934,BE49,472500.0806548547,6247499.599506401
3,BE50_3,0.14888079218822267,BE50,477500.0897044176,6202499.779935578
3,BE51_3,0.18793963619888823,BE51,477500.0837171829,6207499.820620244
3,BE52_3,0.2017016486957451,BE52,477500.0896873518,6212499.786792553
3,BE53_3,0.16240473240501432,BE53,477500.10844758886,6217499.789725573
3,BE54_3,0.15623321093891235,BE54,477500.0775276706,6222499.718423463
3,BE55_3,0.18696697224104425,BE55,477500.12210260506,6227499.683505938
3,BE56_3,0.2287209928453591,BE56,477500.11822783895,6232499.6856043795
3,BE57_3,0.1753192341006378,BE57,477500.12828789,6237499.724367468
3,BE58_3,0.15165979213922748,BE58,477500.09009941894,6242499.688796431
3,BE59_3,0.1785077989832355,BE59,477500.06649092725,6247499.689840795
3,BE60_3,0.1707573868891882,BE60,482500.1170935474,6202499.762600222
3,BE61_3,0.19420905271634908,BE61,482500.11583061574,6207499.764099555
3,BE62_3,0.21948018924959564,BE62,482500.11054156657,6212499.802375257
3,BE63_3,0.19419561697898763,BE63,482500.1010131544,6217499.766104947
3,BE64_3,0.19712665488779366,BE64,482500.08794277866,6222499.766563116
3,BE65_3,0.16124882584736142,BE65,482500.0711159684,6227499.692425571
3,BE66_3,0.15601707410833784,BE66,482500.11322061473,6232499.654712963
3,BE67_3,0.19985153925371363,BE67,482500.0904503339,6237499.653912236
3,BE68_3,0.143649400668944,BE68,482500.0651098611,6242499.689744695
3,BE69_3,0.13897235447327938,BE69,482500.0987530567,6247499.650626864
3,BE70_3,0.20202107493071472,BE70,487500.0865301826,6202499.750414935
3,BE71_3,0.20896965087621952,BE71,487500.08995137503,6207499.722487243
3,BE72_3,0.25597033929496876,BE72,487500.07277842105,6212499.73131084
3,BE73_3,0.24367780708421294,BE73,487500.09745280247,6217499.776680447
3,BE74_3,0.17773356956454006,BE74,487500.10153235553,6222499.747455017
3,BE75_3,0.16102032843007538,BE75,487500.08557870064,6227499.754910266
3,BE76_3,0.15182898087546057,BE76,487500.0494996909,6232499.6877210885
3,BE77_3,0.15574796343684447,BE77,487500.0557743558,6237499.656981816
3,BE78_3,0.14920427990891005,BE78,487500.10442118364,6242499.66266886
3,BE79_3,0.20338479185269656,BE79,487500.07191723434,6247499.705124563
3,BE80_3,0.17495938586897622,BE80,492500.0769083233,6202499.743162796
3,BE81_3,0.19451390932981524,BE81,492500.0851086948,6207499.806863972
3,BE82_3,0.24389076162564752,BE82,492500.0559510994,6212499.795978415
3,BE83_3,0.19714078321886433,BE83,492500.0518686798,6217499.710370969
3,BE84_3,0.14331842586815366,BE84,492500.07326583227,6222499.77261727
3,BE85_3,0.1420929894847227,BE85,492500.0576986846,6227499.760204127
3,BE86_3,0.17225649590356315,BE86,492500.0673832763,6232499.672995943
3,BE87_3,0.1609893736417164,BE87,492500.0408101817,6237499.733683195
3,BE88_3,0.17890711396459638,BE88,492500.0396555708,6242499.719527307
3,BE89_3,0.18084284676879198,BE89,492500.0641284463,6247499.741806999
3,BE90_3,0.19340711276298445,BE90,497500.0422758438,6202499.741026654
3,BE91_3,0.1722503663232385,BE91,497500.0549127382,6207499.7948163375
3,BE92_3,0.2694573726963825,BE92,497500.07603090524,6212499.773925238
3,BE93_3,0.14926553825942102,BE93,497500.0434951054,6217499.78966552
3,BE94_3,0.18771570544085783,BE94,497500.0817259047,6222499.730638592
3,BE95_3,0.15544027958941112,BE95,497500.06645494024,6227499.708195655
3,BE96_3,0.15478095069588751,BE96,497500.0598918972,6232499.722276111
3,BE97_3,0.1827847899729043,BE97,497500.06204059086,6237499.7728568325
3,BE98_3,0.17583621825230725,BE98,497500.0728370326,6242499.748610737
3,BE99_3,0.2227228843673013,BE99,497500.0305140985,6247499.6495497795
3,BF00_3,0.22452683789175906,BF00,452500.16255789786,6152499.84979633
3,BF01_3,0.19008607363916996,BF01,452500.1443555164,6157499.855121321
3,BF02_3,0.1902841916256495,BF02,452500.1523084943,6162499.7866961
3,BF03_3,0.19799178405132317,BF03,452500.1251936091,6167499.75646735
3,BF04_3,0.24741119469424463,BF04,452500.1265854016,6172499.763725036
3,BF05_3,0.21175403272361334,BF05,452500.0929818788,6177499.69784097
3,BF06_3,0.17644431760973664,BF06,452500.08902709355,6182499.669392232
3,BF07_3,0.23401701995253027,BF07,452500.1152225344,6187499.678353518
3,BF08_3,0.3993043655581643,BF08,452500.10950070026,6192499.7253870675
3,BF11_3,0.16846664700798808,BF11,457500.09805196273,6157499.819878605
3,BF12_3,0.17796033781766948,BF12,457500.1359493549,6162499.887689657
3,BF13_3,0.14882841827082824,BF13,457500.1204013506,6167499.77104144
3,BF14_3,0.1509682153977773,BF14,457500.1182257726,6172499.803160674
3,BF15_3,0.14887013490884343,BF15,457500.127743533,6177499.761444724
3,BF16_3,0.14549014226728177,BF16,457500.08782064816,6182499.757772771
3,BF17_3,0.16251500830002621,BF17,457500.1244502372,6187499.790891147
3,BF18_3,0.1809982788872646,BF18,457500.11167777673,6192499.750712315
3,BF20_3,0.15986929839822964,BF20,462500.0972690694,6152499.858269893
3,BF21_3,0.13844658059023973,BF21,462500.1042798301,6157499.812390076
3,BF22_3,0.156370743291874,BF22,462500.1063889781,6162499.804014538
3,BF23_3,0.1524896671935729,BF23,462500.1040823032,6167499.833119934
3,BF24_3,0.16330273055166822,BF24,462500.0968862839,6172499.788392592
3,BF25_3,0.15667182716252534,BF25,462500.0862437773,6177499.78109757
3,BF26_3,0.1527430422210436,BF26,462500.0726415611,6182499.811211206
3,BF27_3,0.15013001854928634,BF27,462500.11824307253,6187499.766874204
3,BF28_3,0.16526297970941006,BF28,462500.0991430791,6192499.760439191
3,BF29_3,0.2472892334209391,BF29,462500.07854237576,6197499.791339589
3,BF30_3,0.15527322995363727,BF30,467500.0649177869,6152499.835244867
3,BF31_3,0.14533982197493914,BF31,467500.0528761789,6157499.8339712275
3,BF32_3,0.19396045216704252,BF32,467500.0828731935,6162499.869694816
3,BF33_3,0.16734707730075682,BF33,467500.09141173307,6167499.831571815
3,BF34_3,0.15834920898812926,BF34,467500.07979854086,6172499.830867704
3,BF35_3,0.16925353720966801,BF35,467500.11046438524,6177499.755797745
3,BF36_3,0.15226440435494273,BF36,467500.05907752085,6182499.718568934
3,BF37_3,0.15378087648323904,BF37,467500.11425610323,6187499.71774681
3,BF38_3,0.16433620014030384,BF38,467500.08834202494,6192499.754719362
3,BF39_3,0.23174611204691326,BF39,467500.1070246964,6197499.8285216
3,BF40_3,0.14620894340756027,BF40,472500.05446232,6152499.831390551
3,BF41_3,0.14399472512907663,BF41,472500.085972153,6157499.883806649
3,BF42_3,0.17438821810530308,BF42,472500.07961185457,6162499.862346774
3,BF43_3,0.16003851958027251,BF43,472500.098778225,6167499.766588567
3,BF44_3,0.16537523403411858,BF44,472500.0822753295,6172499.819486889
3,BF45_3,0.15226731591605824,BF45,472500.09195236844,6177499.798039483
3,BF46_3,0.18692340379993397,BF46,472500.06605603127,6182499.813911805
3,BF47_3,0.14768666844842038,BF47,472500.06699141755,6187499.755388988
3,BF48_3,0.19422941524165874,BF48,472500.0957205096,6192499.73373965
3,BF49_3,0.1903725625578132,BF49,472500.0900039778,6197499.749339143
3,BF50_3,0.17275106518821284,BF50,477500.08187685715,6152499.846936376
3,BF51_3,0.17187948776459547,BF51,477500.02976028406,6157499.8520273
3,BF52_3,0.16444335309710134,BF52,477500.049981805,6162499.782522364
3,BF53_3,0.16052322576381203,BF53,477500.08021795313,6167499.7500125235
3,BF54_3,0.16594537993684083,BF54,477500.057860584,6172499.75480094
3,BF55_3,0.20508915460983934,BF55,477500.0461591174,6177499.796539538
3,BF56_3,0.15368975696896928,BF56,477500.10749606375,6182499.763586155
3,BF57_3,0.19286415719910568,BF57,477500.05456016917,6187499.768187857
3,BF58_3,0.19906556368856917,BF58,477500.0757376356,6192499.809343387
3,BF59_3,0.2059255173806648,BF59,477500.10798379144,6197499.776060057
3,BF60_3,0.15909356129339852,BF60,482500.0368470739,6152499.882651542
3,BF61_3,0.1568846561340354,BF61,482500.0271999943,6157499.849245702
3,BF62_3,0.2008799716163829,BF62,482500.07425727736,6162499.852593689
3,BF63_3,0.1781977299992165,BF63,482500.0517386565,6167499.781888844
3,BF64_3,0.18528647948548746,BF64,482500.08626133483,6172499.7478915425
3,BF65_3,0.14447533790836914,BF65,482500.0522818646,6177499.751086633
3,BF66_3,0.15350597937722654,BF66,482500.0756826632,6182499.790944238
3,BF67_3,0.17801252786581892,BF67,482500.09339765523,6187499.756401075
3,BF68_3,0.22553525119580634,BF68,482500.106118653,6192499.758727317
3,BF69_3,0.23585485721504276,BF69,482500.11408775987,6197499.797900253
3,BF70_3,0.1718434901655368,BF70,487500.0613181969,6152499.826749672
3,BF71_3,0.17122460573205286,BF71,487500.03120470024,6157499.875939318
3,BF72_3,0.16797150221201892,BF72,487500.0414117519,6162499.85063891
3,BF73_3,0.16159543020570172,BF73,487500.02902736043,6167499.751005261
3,BF74_3,0.21448088155800343,BF74,487500.0577833784,6172499.799416764
3,BF75_3,0.16337598356347305,BF75,487500.06427121063,6177499.773449097
3,BF76_3,0.2196236703698098,BF76,487500.0490462398,6182499.784371457
3,BF77_3,0.21452702544999655,BF77,487500.0746598672,6187499.7206850415
3,BF78_3,0.19442613321114818,BF78,487500.07920825994,6192499.805137645
3,BF79_3,0.16471891898073734,BF79,487500.06227952236,6197499.815116662
3,BF80_3,0.17649098202174265,BF80,492500.0457424066,6152499.90235705
3,BF81_3,0.21145693359805323,BF81,492500.0575680637,6157499.820932193
3,BF82_3,0.21694292655479086,BF82,492500.03082487086,6162499.776445566
3,BF83_3,0.24494422764982302,BF83,492500.0286680475,6167499.768765947
3,BF84_3,0.1701639135121553,BF84,492500.0511084942,6172499.797871274
3,BF85_3,0.15052358130271934,BF85,492500.0351787714,6177499.752555744
3,BF86_3,0.20012408067978252,BF86,492500.04401167773,6182499.743979233
3,BF87_3,0.18558832154410063,BF87,492500.07761814806,6187499.77211941
3,BF88_3,0.208257850881869,BF88,492500.07324634277,6192499.725767915
3,BF89_3,0.19820811814474545,BF89,492500.0313184269,6197499.716196409
3,BF90_3,0.203678865537285,BF90,497500.06872812915,6152499.8867905075
3,BF91_3,0.21910620077327936,BF91,497500.05965140025,6157499.795699069
3,BF92_3,0.1880418547848011,BF92,497500.05900778656,6162499.852742528
3,BF93_3,0.22106574303643461,BF93,497500.06666914717,6167499.835318215
3,BF94_3,0.1797456238169715,BF94,497500.0197826457,6172499.743439123
3,BF95_3,0.1664300953455312,BF95,497500.0442688116,6177499.79959253
3,BF96_3,0.16697457897725235,BF96,497500.077070528,6182499.781207959
3,BF97_3,0.19937831507208856,BF97,497500.0556179109,6187499.799593099
3,BF98_3,0.19833833412805438,BF98,497500.0426321929,6192499.743392498
3,BF99_3,0.17084914655304326,BF99,497500.03818358126,6197499.723877846
3,BG27_3,0.22672919703304062,BG27,462500.03912906913,6137499.887313023
3,BG28_3,0.2524808956879796,BG28,462500.0656512389,6142499.951349777
3,BG29_3,0.18396236304436334,BG29,462500.0848712415,6147499.9416772155
3,BG30_3,0.32874607045137,BG30,467499.9967437505,6102499.680064469
3,BG31_3,0.2810210943665823,BG31,467499.9036355267,6107499.750328558
3,BG32_3,0.30655521504928845,BG32,467499.9121467563,6112499.746075479
3,BG33_3,0.6488340326896809,BG33,467499.8958406751,6117499.779495673
3,BG39_3,0.18109474325961408,BG39,467500.05551854515,6147499.874007825
3,BG41_3,0.20936869742131123,BG41,472499.9268347365,6107499.810952676
3,BG42_3,0.247827690960848,BG42,472499.93091908237,6112499.750577684
3,BG43_3,0.3359728913919743,BG43,472499.9588106177,6117499.838705269
3,BG45_3,0.3255173936037879,BG45,472500.0200716098,6127499.904365897
3,BG49_3,0.16086637474481624,BG49,472500.049228468,6147499.927300755
3,BG50_3,0.1912038146865528,BG50,477499.9973141816,6102499.728152928
3,BG54_3,0.44035807299880264,BG54,477500.0126907495,6122499.818980278
3,BG55_3,0.20430434259499972,BG55,477500.03509173164,6127499.82340314
3,BG57_3,0.30782815407709374,BG57,477500.0412068564,6137499.9440165525
3,BG58_3,0.22769238471711137,BG58,477500.0244174642,6142499.837590013
3,BG59_3,0.16254419846171994,BG59,477500.0804408138,6147499.879212277
3,BG60_3,0.17855619517534183,BG60,482499.9798820725,6102499.8077321
3,BG61_3,0.18811204167109413,BG61,482499.98409018014,6107499.848415741
3,BG62_3,0.25525749812432297,BG62,482499.97930829576,6112499.815047499
3,BG63_3,0.1523717100038134,BG63,482500.02986176877,6117499.818634525
3,BG64_3,0.2004148336585654,BG64,482500.00862455415,6122499.859659715
3,BG65_3,0.16871501312560963,BG65,482500.0426166273,6127499.826312609
3,BG66_3,0.23300567622164645,BG66,482500.00588300487,6132499.941644865
3,BG67_3,0.16696784294274655,BG67,482500.02427016397,6137499.871273607
3,BG68_3,0.17707317861538693,BG68,482500.03539951664,6142499.837998828
3,BG69_3,0.1561060879688184,BG69,482500.039511587,6147499.841798756
3,BG70_3,0.19158568131210005,BG70,487500.0348421291,6102499.812978593
3,BG71_3,0.18054210571454202,BG71,487499.98586005956,6107499.825717422
3,BG72_3,0.1686372482703184,BG72,487500.04020037403,6112499.875297073
3,BG73_3,0.16442969854357906,BG73,487500.0064094621,6117499.850954274
3,BG74_3,0.20746588875982303,BG74,487500.0124000873,6122499.863588602
3,BG75_3,0.16317392019703478,BG75,487500.058190043,6127499.913178598
3,BG76_3,0.1785971373861233,BG76,487500.01661631186,6132499.888778622
3,BG77_3,0.2270105130949716,BG77,487500.0151634949,6137499.901289857
3,BG78_3,0.1550989431156537,BG78,487500.05353123834,6142499.839403261
3,BG79_3,0.1617234018175254,BG79,487500.069157074,6147499.925851864
3,BG80_3,0.16986351198178215,BG80,492500.05033699406,6102499.744442296
3,BG81_3,0.1952138620224129,BG81,492500.01211780054,6107499.849601752
3,BG82_3,0.1984705824399144,BG82,492500.06132339203,6112499.880421333
3,BG83_3,0.17737739881898099,BG83,492500.0068079907,6117499.837203838
3,BG84_3,0.1728799427148541,BG84,492500.03992750257,6122499.830883491
3,BG85_3,0.1673489735667465,BG85,492500.03347061033,6127499.861656778
3,BG86_3,0.18123848375384094,BG86,492500.0510949549,6132499.929393534
3,BG87_3,0.18114974424085242,BG87,492500.02925978525,6137499.922894773
3,BG88_3,0.16942659327271364,BG88,492500.0314784392,6142499.842027559
3,BG89_3,0.1842678388926987,BG89,492500.05814519007,6147499.909344381
3,BG90_3,0.1771662723886562,BG90,497500.04236272007,6102499.824620573
3,BG91_3,0.1721544099489545,BG91,497500.01451139763,6107499.808974277
3,BG92_3,0.19960084472761588,BG92,497500.05856603594,6112499.830354991
3,BG93_3,0.22204327896938356,BG93,497500.04702172836,6117499.888816063
3,BG94_3,0.1764473142546452,BG94,497500.04360713303,6122499.873015075
3,BG95_3,0.18830736995493927,BG95,497500.0483908097,6127499.894213497
3,BG96_3,0.22113544570896765,BG96,497500.0613110999,6132499.841104226
3,BG97_3,0.18800002580088263,BG97,497500.0191423166,6137499.936274155
3,BG98_3,0.17321512239922093,BG98,497500.04848340026,6142499.845767268
3,BG99_3,0.21645720999426998,BG99,497500.0228864452,6147499.903496731
3,BH57_3,0.38425546664561205,BH57,477500.0575189135,6087499.717403076
3,BH58_3,0.23387778057581407,BH58,477500.0309492611,6092499.683684505
3,BH59_3,0.1988109929319794,BH59,477500.0107989607,6097499.687274866
3,BH66_3,0.31713606955729223,BH66,482500.0001891313,6082499.794663963
3,BH67_3,0.267675293988596,BH67,482500.0408449325,6087499.686214566
3,BH68_3,0.17685184486661346,BH68,482500.0724313329,6092499.726358123
3,BH69_3,0.1669365787782226,BH69,482500.03038015234,6097499.692768536
3,BH76_3,0.3600657882350776,BH76,487500.048187175,6082499.800443771
3,BH77_3,0.16529621649766513,BH77,487500.03415061906,6087499.77562375
3,BH78_3,0.17344961822973215,BH78,487500.0592190939,6092499.787910184
3,BH79_3,0.18561614603090637,BH79,487500.0591634151,6097499.726182375
3,BH86_3,0.27234634260602775,BH86,492500.0572634925,6082499.806664651
3,BH87_3,0.1693710049541879,BH87,492500.0521481735,6087499.763193937
3,BH88_3,0.17245115832643476,BH88,492500.0706003756,6092499.756857703
3,BH89_3,0.16937166374555812,BH89,492500.0486974856,6097499.7877438655
3,BH96_3,0.2660085936444675,BH96,497500.0428692315,6082499.813263592
3,BH97_3,0.1747506524843766,BH97,497500.0466593011,6087499.76039121
3,BH98_3,0.17082622163260688,BH98,497500.05847944214,6092499.74466746
3,BH99_3,0.20716345642278458,BH99,497500.0144000943,6097499.766108859
3,CC04_3,0.2551771811044283,CC04,502500.0151027321,6322499.626328963
3,CC05_3,0.2790219854718195,CC05,502500.0189406716,6327499.550508512
3,CC06_3,0.19084553905485363,CC06,502500.0141727327,6332499.622039415
3,CD00_3,0.16532434638691687,CD00,502500.05650963914,6252499.699439128
3,CD01_3,0.1483166174094366,CD01,502500.0548085185,6257499.673018353
3,CD02_3,0.15742651030146404,CD02,502500.0449077099,6262499.682977954
3,CD03_3,0.19094782277776434,CD03,502500.0268036657,6267499.729294267
3,CD04_3,0.14743015904234738,CD04,502500.06196320115,6272499.700669883
3,CD05_3,0.13822902361561226,CD05,502500.0274329878,6277499.708317954
3,CD06_3,0.18346362906450586,CD06,502500.04595014855,6282499.752284697
3,CD07_3,0.16513431464188458,CD07,502500.0561681533,6287499.721199877
3,CD08_3,0.18442274083452329,CD08,502499.9969046276,6292499.726313779
3,CD09_3,0.15112198739149432,CD09,502499.9905232744,6297499.656359702
3,CE00_3,0.19429283020347776,CE00,502500.06152683037,6202499.744005174
3,CE01_3,0.18897567971637305,CE01,502500.0785219833,6207499.797640791
3,CE02_3,0.201254093884165,CE02,502500.02528104605,6212499.776561091
3,CE03_3,0.16115081400142495,CE03,502500.0263673985,6217499.792110339
3,CE04_3,0.17468469153007946,CE04,502500.08162276645,6222499.732965122
3,CE05_3,0.15934615723639306,CE05,502500.0666420697,6227499.710331745
3,CE06_3,0.1743333308482993,CE06,502500.04362767225,6232499.724222039
3,CE07_3,0.18772723506833405,CE07,502500.07449190767,6237499.774647816
3,CE08_3,0.20473212403931643,CE08,502500.0353899611,6242499.750212144
3,CE09_3,0.16133350230409393,CE09,502500.05001462775,6247499.762263852
3,CF01_3,0.2352950721462834,CF01,502500.0534417037,6157499.800205615
3,CF02_3,0.19341098589663808,CF02,502500.07869880326,6162499.857095068
3,CF03_3,0.2220550509981763,CF03,502500.03324409283,6167499.839482369
3,CF04_3,0.18803207136900438,CF04,502500.04300302034,6172499.747412451
3,CF05_3,0.19425974203330432,CF05,502500.04484904365,6177499.803412706
3,CF06_3,0.15683517926113782,CF06,502500.0389016604,6182499.78487528
3,CF07_3,0.16057613631612744,CF07,502500.0250959793,6187499.803070416
3,CF08_3,0.17057658735041104,CF08,502500.0660579465,6192499.746714847
3,CF09_3,0.14892695863687638,CF09,502500.0365151213,6197499.727010743
3,CB80_3,0.13343300744086817,CB80,542499.6620958119,6352499.629923955
3,CB81_3,0.14650963462709046,CB81,542499.628879245,6357499.699695451
3,CB90_3,0.1482026089902789,CB90,547499.7045161797,6352499.721157329
3,CB91_3,0.2157187105795821,CB91,547499.6539340164,6357499.662049337
3,CB92_3,0.17699647706411714,CB92,547499.671851043,6362499.752101463
3,CB93_3,0.14397810041702763,CB93,547499.6398579371,6367499.76725467
3,CC14_3,0.33661267091916086,CC14,507499.94254047045,6322499.647839415
3,CC15_3,0.17494440712193907,CC15,507499.9713143852,6327499.582203945
3,CC16_3,0.19157799677875464,CC16,507499.97378503287,6332499.552584106
3,CC20_3,0.16954848139891318,CC20,512499.9740781955,6302499.678350093
3,CC21_3,0.19800520375413772,CC21,512499.9587580677,6307499.711003006
3,CC23_3,0.2898889371465062,CC23,512499.9200418585,6317499.662266049
3,CC24_3,0.1635505822522772,CC24,512499.9569946417,6322499.581005044
3,CC25_3,0.16215184797036025,CC25,512499.94971320574,6327499.647067015
3,CC26_3,0.23215969453080468,CC26,512499.89918050665,6332499.526474841
3,CC30_3,0.1597726545886682,CC30,517499.937743111,6302499.734448258
3,CC31_3,0.19065868447228262,CC31,517499.9573913391,6307499.68638883
3,CC32_3,0.1456011146566887,CC32,517499.9160470478,6312499.67435963
3,CC33_3,0.20996767686940263,CC33,517499.9351837722,6317499.698844893
3,CC34_3,0.17959400112740054,CC34,517499.8934505895,6322499.647993909
3,CC35_3,0.13643193351012922,CC35,517499.91156198527,6327499.6336058555
3,CC36_3,0.17797583358049127,CC36,517499.868461167,6332499.543827721
3,CC40_3,0.14054777856788225,CC40,522499.9010986991,6302499.772105485
3,CC41_3,0.1393813925580954,CC41,522499.8946037454,6307499.76462174
3,CC42_3,0.17170755964981718,CC42,522499.93192246224,6312499.682440375
3,CC43_3,0.19288996548816603,CC43,522499.8904843816,6317499.636193218
3,CC44_3,0.1494790514397052,CC44,522499.89160933683,6322499.626510591
3,CC45_3,0.1877134557611557,CC45,522499.87422067544,6327499.653039125
3,CC46_3,0.16358108087872977,CC46,522499.83866884856,6332499.604435725
3,CC50_3,0.1350082715796204,CC50,527499.8816415456,6302499.791260103
3,CC51_3,0.14584234256290646,CC51,527499.9107610129,6307499.723595708
3,CC52_3,0.15142923206950237,CC52,527499.9046872742,6312499.692205453
3,CC53_3,0.14442384313303153,CC53,527499.86315966025,6317499.697063427
3,CC54_3,0.18474835460796118,CC54,527499.8473306855,6322499.627229618
3,CC55_3,0.1385765956007958,CC55,527499.795382189,6327499.593590726
3,CC56_3,0.16812849136767913,CC56,527499.8281139306,6332499.59692409
3,CC57_3,0.22179854778110966,CC57,527499.7634533717,6337499.635998681
3,CC60_3,0.14427242912346303,CC60,532499.8968679683,6302499.791890076
3,CC61_3,0.19650461613082043,CC61,532499.8393510462,6307499.784713652
3,CC62_3,0.14319804883238357,CC62,532499.8518622435,6312499.703415073
3,CC63_3,0.1787776578733649,CC63,532499.8104598847,6317499.769646129
3,CC64_3,0.21078095150742762,CC64,532499.8388375221,6322499.6503872825
3,CC65_3,0.15919071118639005,CC65,532499.8124718731,6327499.678605539
3,CC66_3,0.15511657979111348,CC66,532499.7933676881,6332499.632118677
3,CC67_3,0.2044099869906173,CC67,532499.7801655097,6337499.62221521
3,CC68_3,0.23998533696215063,CC68,532499.7119922304,6342499.6483931905
3,CC70_3,0.15265103887725398,CC70,537499.842333892,6302499.772919597
3,CC71_3,0.20661828461693238,CC71,537499.8212735428,6307499.726024116
3,CC72_3,0.16165909413442556,CC72,537499.8517914551,6312499.716416673
3,CC75_3,0.1783135291673672,CC75,537499.7628460178,6327499.684050063
3,CC76_3,0.13957754498686434,CC76,537499.7520002894,6332499.709823327
3,CC77_3,0.17695181950872313,CC77,537499.7302975287,6337499.660885921
3,CC78_3,0.2056257470289904,CC78,537499.6962343298,6342499.648525652
3,CC79_3,0.16764885054505027,CC79,537499.7096245649,6347499.673264503
3,CC80_3,0.19128007311837042,CC80,542499.8563424866,6302499.84651723
3,CC81_3,0.13774027069207687,CC81,542499.811273352,6307499.769589547
3,CC82_3,0.13837553891219595,CC82,542499.7992118956,6312499.841340819
3,CC83_3,0.14382406593678096,CC83,542499.7620913137,6317499.727188424
3,CC84_3,0.2543667414326502,CC84,542499.7566802504,6322499.7616613405
3,CC85_3,0.1876396536075788,CC85,542499.7239279284,6327499.721485542
3,CC86_3,0.17595476979203967,CC86,542499.7227246305,6332499.718567566
3,CC87_3,0.17646095947088364,CC87,542499.6930338388,6337499.640942774
3,CC88_3,0.2114111207165876,CC88,542499.6924473802,6342499.711836177
3,CC89_3,0.14698672103076418,CC89,542499.7225329417,6347499.708588393
3,CC90_3,0.1713430427745706,CC90,547499.8365771989,6302499.788772783
3,CC91_3,0.22131857592065152,CC91,547499.8277234574,6307499.803976223
3,CC92_3,0.13348038095193282,CC92,547499.7746032869,6312499.855917229
3,CC93_3,0.1320113324279103,CC93,547499.7994806129,6317499.834643529
3,CC94_3,0.17792388412068555,CC94,547499.719378153,6322499.738043602
3,CC95_3,0.21348789413112113,CC95,547499.7132742624,6327499.790795946
3,CC96_3,0.15838968283213437,CC96,547499.7222361609,6332499.769553138
3,CC97_3,0.1453576155330246,CC97,547499.6838005685,6337499.784904589
3,CC98_3,0.15331861965273647,CC98,547499.7195078448,6342499.7268970525
3,CC99_3,0.18289574447349255,CC99,547499.706504553,6347499.705425574
3,CD10_3,0.15141267099735065,CD10,507500.00067667133,6252499.692961532
3,CD11_3,0.14623125299195122,CD11,507500.0220085052,6257499.676381406
3,CD12_3,0.13974970819495622,CD12,507500.0180652209,6262499.696165513
3,CD13_3,0.14745198539911206,CD13,507500.05031551485,6267499.752397923
3,CD14_3,0.16602629086434498,CD14,507499.9959119025,6272499.733530455
3,CD15_3,0.15660892369933316,CD15,507500.0388689106,6277499.7511699125
3,CD16_3,0.20779201794196311,CD16,507499.99515133403,6282499.693658245
3,CD17_3,0.150987245950497,CD17,507499.98714753694,6287499.67249593
3,CD18_3,0.1754005645999251,CD18,507500.0146276354,6292499.687658906
3,CD20_3,0.16758392800548816,CD20,512500.031700168,6252499.678930431
3,CD21_3,0.17800818756212294,CD21,512500.01438471023,6257499.682042768
3,CD22_3,0.17867336508482878,CD22,512500.0164166468,6262499.721667139
3,CD23_3,0.17849363248940733,CD23,512499.9764066874,6267499.686291468
3,CD24_3,0.149582672848779,CD24,512500.01682432264,6272499.687559193
3,CD26_3,0.15547002362877096,CD26,512500.0311430825,6282499.687715276
3,CD28_3,0.14853940239080482,CD28,512499.9968010931,6292499.721756237
3,CD29_3,0.16187729550584531,CD29,512500.0070516916,6297499.681986718
3,CD30_3,0.1609867962043915,CD30,517499.9810075786,6252499.76818393
3,CD31_3,0.1421690196235041,CD31,517499.9873017802,6257499.689823826
3,CD32_3,0.14334645002636592,CD32,517499.99541134556,6262499.759304405
3,CD33_3,0.15551634185775268,CD33,517500.0060077057,6267499.753989291
3,CD34_3,0.1441982270587652,CD34,517499.95698225294,6272499.784906531
3,CD36_3,0.15434239727863658,CD36,517499.98719161353,6282499.733989379
3,CD37_3,0.1509925370767797,CD37,517500.0039983928,6287499.763160197
3,CD38_3,0.14583182950087403,CD38,517499.96096102183,6292499.717152444
3,CD39_3,0.1432254326759185,CD39,517499.9796768343,6297499.707759489
3,CD40_3,0.19366009376548352,CD40,522499.9897546972,6252499.738438926
3,CD41_3,0.16434667829798402,CD41,522499.9577492953,6257499.699618638
3,CD42_3,0.14915677245550746,CD42,522499.9726405925,6262499.6976654865
3,CD43_3,0.2052039277900259,CD43,522499.9724788307,6267499.732229277
3,CD44_3,0.14685042160554296,CD44,522499.95701237884,6272499.803285507
3,CD45_3,0.17125318647308177,CD45,522499.9265822344,6277499.799500932
3,CD46_3,0.15285917082447886,CD46,522499.9422009157,6282499.72117526
3,CD47_3,0.14563365679480306,CD47,522499.94102253095,6287499.790575308
3,CD48_3,0.1568647284574697,CD48,522499.9239833698,6292499.785056509
3,CD49_3,0.14654693517516668,CD49,522499.95187649434,6297499.704918779
3,CD50_3,0.1825057794958254,CD50,527499.9511970772,6252499.700352971
3,CD51_3,0.16760081277470112,CD51,527499.9427165891,6257499.711358914
3,CD52_3,0.14939781571507943,CD52,527499.9640577937,6262499.75929551
3,CD53_3,0.13926145844889173,CD53,527499.9539858935,6267499.732432754
3,CD54_3,0.15703006388661767,CD54,527499.9115217607,6272499.742050619
3,CD55_3,0.1573645504123015,CD55,527499.8977407311,6277499.788523502
3,CD56_3,0.15810974118503657,CD56,527499.9128910928,6282499.76051782
3,CD57_3,0.1434479029249721,CD57,527499.8945820702,6287499.768916321
3,CD58_3,0.21252934528506376,CD58,527499.9036695738,6292499.81409373
3,CD59_3,0.15490564905005327,CD59,527499.9404047114,6297499.784713762
3,CD60_3,0.18888897804789392,CD60,532499.9431598982,6252499.765451516
3,CD61_3,0.15881475612423065,CD61,532499.8975667739,6257499.724542583
3,CD62_3,0.15127976343425495,CD62,532499.9264218447,6262499.721080979
3,CD63_3,0.15391748769822514,CD63,532499.9060614218,6267499.754098765
3,CD64_3,0.15384512153319538,CD64,532499.8984825077,6272499.712735584
3,CD65_3,0.15230956328670775,CD65,532499.9014897305,6277499.819579325
3,CD66_3,0.14408329926070046,CD66,532499.9171695623,6282499.740681873
3,CD67_3,0.13791581273095213,CD67,532499.8812754106,6287499.809468063
3,CD68_3,0.18917513627787838,CD68,532499.9174908885,6292499.804240393
3,CD69_3,0.14060917291767752,CD69,532499.9030293231,6297499.72402499
3,CD70_3,0.17324227729354197,CD70,537499.9224899263,6252499.710588921
3,CD71_3,0.24937430682359363,CD71,537499.9009141074,6257499.739502609
3,CD72_3,0.16717890449068867,CD72,537499.8761429818,6262499.694117894
3,CD73_3,0.16257299837928418,CD73,537499.8457173071,6267499.797017795
3,CD74_3,0.14700031875388936,CD74,537499.8735113181,6272499.714805415
3,CD75_3,0.13910993367205055,CD75,537499.8945203188,6277499.780826929
3,CD76_3,0.13807023940462135,CD76,537499.8489667726,6282499.771897683
3,CD77_3,0.1614358629900188,CD77,537499.8579666234,6287499.800388882
3,CD78_3,0.16762361749960725,CD78,537499.8606860194,6292499.754419795
3,CD79_3,0.1372087491195322,CD79,537499.8556398308,6297499.745272113
3,CD80_3,0.1651967075618149,CD80,542499.9043316353,6252499.758197298
3,CD81_3,0.22212194201504232,CD81,542499.9081204964,6257499.755666731
3,CD82_3,0.1629812229552797,CD82,542499.8906583615,6262499.790154996
3,CD83_3,0.14835380724069464,CD83,542499.8525639324,6267499.7503311
3,CD84_3,0.17478903693468598,CD84,542499.8536315641,6272499.748089695
3,CD85_3,0.14770557120755928,CD85,542499.8318074815,6277499.782787062
3,CD86_3,0.15390928456864872,CD86,542499.848977515,6282499.74370801
3,CD87_3,0.21274663171485728,CD87,542499.8409872162,6287499.852821364
3,CD88_3,0.1512461900594591,CD88,542499.8718291062,6292499.776795781
3,CD89_3,0.13654120016000193,CD89,542499.8153189467,6297499.848290001
3,CD90_3,0.15907764604326358,CD90,547499.9077536316,6252499.685534189
3,CD91_3,0.21696649711074706,CD91,547499.8745462188,6257499.772209364
3,CD92_3,0.15689889560702455,CD92,547499.8659603776,6262499.785287277
3,CD93_3,0.148222726343316,CD93,547499.8197961848,6267499.724049108
3,CD94_3,0.14320935007840532,CD94,547499.7944576344,6272499.811765392
3,CD95_3,0.20236876418377217,CD95,547499.7917206177,6277499.825801136
3,CD96_3,0.1380363971283639,CD96,547499.8108651892,6282499.766127534
3,CD97_3,0.16652968824702613,CD97,547499.8486541302,6287499.855329811
3,CD98_3,0.20063264690152072,CD98,547499.8457579509,6292499.870075763
3,CD99_3,0.1886797890286215,CD99,547499.8016743321,6297499.8103351565
3,CE10_3,0.1657017274689248,CE10,507500.0262864438,6202499.752100389
3,CE11_3,0.19607251815468252,CE11,507500.04771768564,6207499.815339364
3,CE12_3,0.17144397364715872,CE12,507500.04475203936,6212499.8038825905
3,CE13_3,0.17198536135856915,CE13,507500.07958559337,6217499.717812039
3,CE14_3,0.15760542627207866,CE14,507500.0273397176,6222499.77948883
3,CE15_3,0.1766094491450516,CE15,507500.07478817966,6227499.766611712
3,CE16_3,0.1927693043638288,CE16,507500.0353278538,6232499.79013519
3,CE17_3,0.19847605570365934,CE17,507500.0331905386,6237499.73894793
3,CE18_3,0.17425487396055717,CE18,507500.06795502856,6242499.724328115
3,CE19_3,0.17366725524395524,CE19,507500.01585132466,6247499.746037214
3,CE20_3,0.18293436768803567,CE20,512500.0778718726,6202499.765489041
3,CE21_3,0.20160681152512092,CE21,512500.0416534956,6207499.736611552
3,CE22_3,0.20318212721151468,CE22,512500.08898064535,6212499.744663644
3,CE23_3,0.15924378525248412,CE23,512500.03278298484,6217499.789083581
3,CE24_3,0.15108113918267801,CE24,512500.0599824369,6222499.759086974
3,CE25_3,0.16788472047407096,CE25,512500.045683016,6227499.765589996
3,CE26_3,0.20582240413439964,CE26,512500.05217830365,6232499.697447278
3,CE27_3,0.16552819992242587,CE27,512500.0166706834,6237499.77705867
3,CE28_3,0.16339108417349932,CE28,512500.06347564154,6242499.782156218
3,CE29_3,0.17578291385259703,CE29,512500.0068288046,6247499.712173496
3,CE30_3,0.1765497012419322,CE30,517500.0454849072,6202499.78370307
3,CE31_3,0.1515162380853667,CE31,517500.0763001169,6207499.784124023
3,CE32_3,0.17883182291738622,CE32,517500.0498415911,6212499.709770298
3,CE33_3,0.1752685706326243,CE33,517500.0895961484,6217499.78371891
3,CE34_3,0.1726838530879381,CE34,517500.07173813885,6222499.7828447055
3,CE35_3,0.18398970895450575,CE35,517500.0583055991,6227499.707374013
3,CE36_3,0.2309565151622242,CE36,517500.0481509513,6232499.779884519
3,CE37_3,0.1676088374049957,CE37,517500.0419372872,6237499.777750103
3,CE38_3,0.1660624147148563,CE38,517500.03942366596,6242499.700944795
3,CE39_3,0.15622678267762735,CE39,517500.0394573879,6247499.77205085
3,CE40_3,0.21007173284524405,CE40,522500.0704425728,6202499.807062485
3,CE41_3,0.17162691318923304,CE41,522500.0442081195,6207499.734739026
3,CE42_3,0.20593145974861607,CE42,522500.0678054823,6212499.810822077
3,CE43_3,0.22603857806119204,CE43,522500.08030082856,6217499.7010696195
3,CE44_3,0.1637916693984155,CE44,522500.07970485423,6222499.739352608
3,CE45_3,0.17313433474852932,CE45,522500.06692997954,6227499.703048657
3,CE46_3,0.16560941750420216,CE46,522500.041145187,6232499.703433006
3,CE47_3,0.16013124052642974,CE47,522500.0640162797,6237499.74080711
3,CE48_3,0.1442007510520624,CE48,522500.0119734386,6242499.703193641
3,CE49_3,0.16959393604007142,CE49,522500.0079419588,6247499.702520713
3,CE50_3,0.17271616112965132,CE50,527500.0450754714,6202499.723619567
3,CE51_3,0.21569535484300909,CE51,527500.0855328589,6207499.811552569
3,CE52_3,0.22368493154688043,CE52,527500.0988265752,6212499.713670329
3,CE53_3,0.22197937246064378,CE53,527500.082575689,6217499.763839749
3,CE54_3,0.20314941368626607,CE54,527500.1000764947,6222499.739837737
3,CE55_3,0.15504165215935084,CE55,527500.0880835521,6227499.752541096
3,CE56_3,0.16416711735685943,CE56,527500.0470532825,6232499.690624631
3,CE57_3,0.17690475611259995,CE57,527500.0379328128,6237499.66576125
3,CE58_3,0.15580262116546728,CE58,527499.9984027212,6242499.67752908
3,CE59_3,0.16644529236849165,CE59,527499.989976083,6247499.726301877
3,CE60_3,0.1570443807892063,CE60,532500.0469924002,6202499.756178573
3,CE61_3,0.1852705435804061,CE61,532500.0933404423,6207499.791210008
3,CE62_3,0.22538822534538547,CE62,532500.0953795096,6212499.751701555
3,CE63_3,0.17935800176722283,CE63,532500.0520095888,6217499.748924329
3,CE64_3,0.19568710676516868,CE64,532500.088076029,6222499.6724942615
3,CE65_3,0.17388599392716036,CE65,532500.0770745723,6227499.744045095
3,CE66_3,0.15979442813306208,CE66,532500.0204245233,6232499.74095347
3,CE67_3,0.15172746895477313,CE67,532500.0416984205,6237499.664132946
3,CE68_3,0.18608343403358388,CE68,532500.0148175734,6242499.735220286
3,CE69_3,0.14567663680828985,CE69,532499.9412093535,6247499.731587012
3,CE70_3,0.1541913370583541,CE70,537500.0308170322,6202499.79289711
3,CE71_3,0.1578842670932833,CE71,537500.0835327087,6207499.784787841
3,CE72_3,0.2080948122196817,CE72,537500.0755039781,6212499.702100726
3,CE73_3,0.19466748497068248,CE73,537500.067701568,6217499.65664748
3,CE74_3,0.21206023605227056,CE74,537500.0596364432,6222499.648403606
3,CE75_3,0.17989244539073745,CE75,537500.0508192427,6227499.677344484
3,CE76_3,0.19564431799037266,CE76,537500.0417347807,6232499.63214553
3,CE77_3,0.16278840020510682,CE77,537500.0299457153,6237499.735380851
3,CE78_3,0.1649541161891471,CE78,537499.9560459278,6242499.652580182
3,CE79_3,0.1459977099878787,CE79,537499.9403775054,6247499.718706845
3,CE80_3,0.18810419186290478,CE80,542500.0765360219,6202499.722907818
3,CE81_3,0.22503886905426962,CE81,542500.0725898192,6207499.792100813
3,CE82_3,0.2421343357454005,CE82,542500.0549823554,6212499.675981395
3,CE83_3,0.20002470746061407,CE83,542500.0821386847,6217499.709024412
3,CE84_3,0.15782033590549133,CE84,542500.0312720044,6222499.667383468
3,CE85_3,0.16161774904691992,CE85,542500.0251304065,6227499.663558211
3,CE86_3,0.17900051160690278,CE86,542500.0010096645,6232499.696908841
3,CE87_3,0.1510890505785811,CE87,542499.9595191028,6237499.656109798
3,CE88_3,0.15887369774461796,CE88,542499.960902843,6242499.653049735
3,CE89_3,0.16939628290483527,CE89,542499.9426731234,6247499.687087541
3,CE90_3,0.14556747418904187,CE90,547500.0112863941,6202499.766809329
3,CE91_3,0.1520397458276256,CE91,547500.0158636335,6207499.701018751
3,CE92_3,0.1631649626205679,CE92,547500.0503056952,6212499.673195112
3,CE93_3,0.18169340537546572,CE93,547500.0516845292,6217499.682626755
3,CE94_3,0.19356961333827014,CE94,547500.0194965032,6222499.7292875815
3,CE95_3,0.2281132078259957,CE95,547500.0165332087,6227499.702541236
3,CE96_3,0.173922208354742,CE96,547499.9788540612,6232499.712970672
3,CE97_3,0.14619642331201005,CE97,547499.9691090817,6237499.649938437
3,CE98_3,0.17180985163671206,CE98,547499.9234977771,6242499.624028113
3,CE99_3,0.15402919831787498,CE99,547499.9032871589,6247499.63590194
3,CF00_3,0.14737754980670664,CF00,502500.02028222225,6152499.89145135
3,CF10_3,0.1827296812242541,CF10,507500.04285710165,6152499.805047145
3,CF11_3,0.1908883992060134,CF11,507500.05492596835,6157499.834451183
3,CF12_3,0.18922685513291473,CF12,507500.04327710776,6162499.789395868
3,CF13_3,0.19436097411035158,CF13,507500.0706404502,6167499.781255058
3,CF14_3,0.19017828509584478,CF14,507500.0739329783,6172499.809900087
3,CF15_3,0.2023711300301181,CF15,507500.0533334287,6177499.764015607
3,CF16_3,0.15261277579313975,CF16,507500.07135441876,6182499.754977835
3,CF17_3,0.2058839507239624,CF17,507500.0651289864,6187499.782657654
3,CF18_3,0.16955497711157572,CF18,507500.03483679594,6192499.735736998
3,CF19_3,0.18343021829745293,CF19,507500.0425821252,6197499.836890889
3,CF20_3,0.19811137692077813,CF20,512500.0890358579,6152499.85022648
3,CF21_3,0.17733090680776092,CF21,512500.0804062962,6157499.787179069
3,CF22_3,0.1952506420670825,CF22,512500.03149114567,6162499.872222402
3,CF23_3,0.1940935971753602,CF23,512500.06907642435,6167499.771820084
3,CF24_3,0.18310563376711034,CF24,512500.06605251407,6172499.819464415
3,CF25_3,0.19564010285204655,CF25,512500.02303446684,6177499.792549392
3,CF26_3,0.1548270804514821,CF26,512500.0651124667,6182499.802702072
3,CF27_3,0.1713046034391867,CF27,512500.06655589637,6187499.849542149
3,CF28_3,0.17918969535346677,CF28,512500.0276656862,6192499.82175148
3,CF29_3,0.17077271575876032,CF29,512500.0730969767,6197499.830959868
3,CF30_3,0.16473342784555936,CF30,517500.0490080542,6152499.803977083
3,CF31_3,0.15533450571018984,CF31,517500.08229393145,6157499.880785225
3,CF32_3,0.18632272010390932,CF32,517500.05984277924,6162499.883060531
3,CF33_3,0.19246213930266826,CF33,517500.0445604493,6167499.811028843
3,CF34_3,0.19710627515898874,CF34,517500.0357638052,6172499.775957468
3,CF35_3,0.1843268385170937,CF35,517500.0332116384,6177499.777824086
3,CF36_3,0.15997101391854837,CF36,517500.0366625694,6182499.816606281
3,CF37_3,0.17536522226887746,CF37,517500.04632165184,6187499.780987112
3,CF38_3,0.164770980173688,CF38,517500.061502076,6192499.782236776
3,CF39_3,0.16869233188004934,CF39,517500.08196195716,6197499.820332571
3,CF40_3,0.18059210686241237,CF40,522500.0642822681,6152499.88918984
3,CF41_3,0.17376671668267887,CF41,522500.0773326165,6157499.892575038
3,CF42_3,0.1499073917697932,CF42,522500.08171073144,6162499.821689351
3,CF43_3,0.1676725398531988,CF43,522500.0766004052,6167499.787798728
3,CF44_3,0.16193240745534399,CF44,522500.0617534066,6172499.790880593
3,CF45_3,0.15613300417382955,CF45,522500.0369213511,6177499.830912278
3,CF46_3,0.1468479417965685,CF46,522500.06514195283,6182499.796901118
3,CF47_3,0.17114085109833257,CF47,522500.02009768866,6187499.799469306
3,CF48_3,0.17233363643121208,CF48,522500.02689213475,6192499.839240847
3,CF49_3,0.21761995594329767,CF49,522500.0856363534,6197499.8048974695
3,CF50_3,0.18240467765812288,CF50,527500.0886990835,6152499.883027053
3,CF51_3,0.18884344807305548,CF51,527500.0818896274,6157499.8224678775
3,CF52_3,0.16817974533329277,CF52,527500.0497756924,6162499.798923867
3,CF53_3,0.1522132215846888,CF53,527500.0550309606,6167499.812767024
3,CF54_3,0.16717145287182308,CF54,527500.0343271294,6172499.863579813
3,CF55_3,0.17812823223658963,CF55,527500.0508941073,6177499.840442368
3,CF56_3,0.15333037532175622,CF56,527500.0408488035,6182499.854226997
3,CF57_3,0.1577089267287623,CF57,527500.0672787909,6187499.794012441
3,CF58_3,0.1511788768730113,CF58,527500.0664424137,6192499.770672006
3,CF59_3,0.1738640609871268,CF59,527500.0380833544,6197499.784182167
3,CF60_3,0.1850214385228444,CF60,532500.0746473216,6152499.896262771
3,CF61_3,0.1548354216441405,CF61,532500.0476127628,6157499.892527556
3,CF62_3,0.17469598299241038,CF62,532500.0430350703,6162499.81496773
3,CF63_3,0.15568623031175943,CF63,532500.058788367,6167499.886138109
3,CF64_3,0.19536999729573476,CF64,532500.0331872304,6172499.882969435
3,CF65_3,0.17697850992408376,CF65,532500.028758022,6177499.805903052
3,CF66_3,0.15938503075846022,CF66,532500.0433655721,6182499.877498317
3,CF67_3,0.16330709442938623,CF67,532500.016379806,6187499.763386833
3,CF68_3,0.15671049996665676,CF68,532500.0701839877,6192499.798358294
3,CF69_3,0.1886542469707604,CF69,532500.0807532563,6197499.758865873
3,CF70_3,0.1840285645252213,CF70,537500.1021949608,6152499.817917419
3,CF71_3,0.15673098941593974,CF71,537500.0550795781,6157499.88048536
3,CF72_3,0.16489366317967577,CF72,537500.0774855074,6162499.869807724
3,CF73_3,0.16557585007688755,CF73,537500.0419040467,6167499.89607103
3,CF74_3,0.1819872267338489,CF74,537500.0118776582,6172499.848500056
3,CF75_3,0.15893368052581808,CF75,537500.0487537576,6177499.838899511
3,CF76_3,0.15458780184893886,CF76,537500.0264034058,6182499.866166838
3,CF77_3,0.1682409174070298,CF77,537500.0707976818,6187499.82006512
3,CF78_3,0.1525223318816683,CF78,537500.0551390985,6192499.810781486
3,CF79_3,0.15504382939870529,CF79,537500.0416532608,6197499.838831865
3,CF80_3,0.17935934918979582,CF80,542500.0592552546,6152499.8693641145
3,CF81_3,0.1910288697633742,CF81,542500.0565058092,6157499.897039448
3,CF82_3,0.1601974431539958,CF82,542500.0441988781,6162499.850954939
3,CF83_3,0.17193047083877674,CF83,542500.0207665939,6167499.842372999
3,CF84_3,0.1633080951055914,CF84,542500.048573576,6172499.871880924
3,CF85_3,0.17042957772318867,CF85,542500.0024235704,6177499.826941581
3,CF86_3,0.17029586535565533,CF86,542500.0063853149,6182499.82004259
3,CF87_3,0.14527172450647538,CF87,542500.0597483467,6187499.851160479
3,CF88_3,0.1605928570513933,CF88,542500.0377536514,6192499.807753425
3,CF89_3,0.1649025462785563,CF89,542500.064030432,6197499.802313068
3,CF90_3,0.19310645010947255,CF90,547500.0889142159,6152499.94029991
3,CF91_3,0.18613132211827724,CF91,547500.0678756869,6157499.942027305
3,CF92_3,0.18449418134772086,CF92,547500.021346869,6162499.870003907
3,CF93_3,0.1685889896751292,CF93,547500.0105560533,6167499.836173768
3,CF94_3,0.18259957416830594,CF94,547500.0347869882,6172499.840513072
3,CF95_3,0.15273128876232525,CF95,547500.030537062,6177499.882314021
3,CF96_3,0.15015711278329216,CF96,547499.9985196197,6182499.850260958
3,CF97_3,0.14309073694912752,CF97,547499.999664888,6187499.856302122
3,CF98_3,0.16462798946421991,CF98,547500.0344730752,6192499.789121118
3,CF99_3,0.14482786349356574,CF99,547500.0385143282,6197499.759298731
3,CG00_3,0.22656687232547776,CG00,502500.0261580071,6102499.830919192
3,CG01_3,0.22345084732720338,CG01,502500.07264854916,6107499.815118513
3,CG02_3,0.185048934520623,CG02,502500.04775678914,6112499.836347805
3,CG03_3,0.16393813283372702,CG03,502500.0153410255,6117499.894620556
3,CG04_3,0.1786323955782249,CG04,502500.03903347667,6122499.878665998
3,CG05_3,0.20685229612306463,CG05,502500.0550520218,6127499.899711133
3,CG06_3,0.16222002704043267,CG06,502500.0634538295,6132499.846448853
3,CG07_3,0.14654725164498336,CG07,502500.0641750675,6137499.830142095
3,CG08_3,0.14707717361907216,CG08,502500.0572123166,6142499.850769465
3,CG09_3,0.1632590444308664,CG09,502500.0425621639,6147499.908309469
3,CG10_3,0.2090094446855248,CG10,507500.0814512452,6102499.76344352
3,CG11_3,0.19776422935470742,CG11,507500.0744522167,6107499.868036532
3,CG12_3,0.16485110019967605,CG12,507500.0445943599,6112499.787116632
3,CG13_3,0.15139325630779304,CG13,507500.0549592401,6117499.854614016
3,CG14_3,0.17373068849402504,CG14,507500.0421171495,6122499.847835636
3,CG15_3,0.17913762951144999,CG15,507500.0693758277,6127499.878149052
3,CG16_3,0.1744724016665466,CG16,507500.07326439786,6132499.834140972
3,CG17_3,0.1740680351887756,CG17,507500.0535864384,6137499.82707415
3,CG18_3,0.17157053496773642,CG18,507500.073619542,6142499.857033516
3,CG19_3,0.16747874347951494,CG19,507500.0701088966,6147499.8126028655
3,CG20_3,0.21069814505679824,CG20,512500.0319054312,6102499.844468651
3,CG21_3,0.2302649276600231,CG21,512500.0357352239,6107499.856263293
3,CG22_3,0.1552338326768803,CG22,512500.0646570594,6112499.793975682
3,CG23_3,0.16100123415666778,CG23,512500.05417142104,6117499.879970967
3,CG24_3,0.16666279383673552,CG24,512500.06845735124,6122499.891840113
3,CG25_3,0.1577538033340388,CG25,512500.04378025915,6127499.829381491
3,CG26_3,0.15797124400532045,CG26,512500.0432435217,6132499.804034855
3,CG27_3,0.1699338343912998,CG27,512500.0666142674,6137499.81577886
3,CG28_3,0.15823108963809823,CG28,512500.05037127464,6142499.864413771
3,CG29_3,0.20095904133072873,CG29,512500.0580272434,6147499.838808023
3,CG30_3,0.1899132199201806,CG30,517500.0850923214,6102499.851813918
3,CG31_3,0.15937859502273058,CG31,517500.03616525023,6107499.779897026
3,CG32_3,0.1826201286897518,CG32,517500.05973960727,6112499.856739236
3,CG33_3,0.17241198684588133,CG33,517500.09258431836,6117499.859506801
3,CG34_3,0.18182884783884942,CG34,517500.0708866396,6122499.7879263675
3,CG35_3,0.16969075607970713,CG35,517500.05725256196,6127499.864792685
3,CG36_3,0.14997795729018665,CG36,517500.0523168775,6132499.867515854
3,CG37_3,0.14161308184247148,CG37,517500.0558418394,6137499.796071852
3,CG38_3,0.17815048953326498,CG38,517500.06670979614,6142499.873010728
3,CG39_3,0.18224534891740338,CG39,517500.085559445,6147499.875737379
3,CG40_3,0.1717819392289541,CG40,522500.06529288803,6102499.784827596
3,CG41_3,0.15123815243931427,CG41,522500.09106030304,6107499.750314869
3,CG42_3,0.14705355049653598,CG42,522500.10963438044,6112499.8643271355
3,CG43_3,0.15093919536265618,CG43,522500.0588031039,6117499.7926761545
3,CG44_3,0.18665921997645132,CG44,522500.06400440924,6122499.869828019
3,CG45_3,0.1557047201029582,CG45,522500.0623966084,6127499.872873877
3,CG46_3,0.17732239666945343,CG46,522500.1171677176,6132499.802111141
3,CG47_3,0.1575376794721395,CG47,522500.100007084,6137499.879444241
3,CG48_3,0.16060398052320343,CG48,522500.0753009223,6142499.8826015685
3,CG49_3,0.17781281096106105,CG49,522500.10602128954,6147499.8118807655
3,CG50_3,0.16737397661999268,CG50,527500.1154138149,6102499.755272231
3,CG51_3,0.1678545014754271,CG51,527500.0883420453,6107499.766859397
3,CG52_3,0.14711308283468272,CG52,527500.1027918415,6112499.816082941
3,CG53_3,0.1515821120256419,CG53,527500.0953342962,6117499.791246452
3,CG54_3,0.2312299671455676,CG54,527500.065031351,6122499.803608584
3,CG55_3,0.16264678185336298,CG55,527500.0751332948,6127499.853540434
3,CG56_3,0.15061114189047453,CG56,527500.1258612206,6132499.829735632
3,CG57_3,0.15158097477260202,CG57,527500.08933677,6137499.84266833
3,CG58_3,0.18145719145279857,CG58,527500.0920983198,6142499.893103182
3,CG59_3,0.17349721896849288,CG59,527500.0711528321,6147499.869337009
3,CG60_3,0.17099894940572846,CG60,532500.1232226893,6102499.762378928
3,CG61_3,0.17199791843231388,CG61,532500.1073029817,6107499.829724232
3,CG62_3,0.18285630977135922,CG62,532500.1180077677,6112499.823483339
3,CG63_3,0.14987912807965995,CG63,532500.0904061167,6117499.8544495115
3,CG64_3,0.18345247522952832,CG64,532500.0886268184,6122499.8117822
3,CG65_3,0.19102935143807942,CG65,532500.1113832879,6127499.806740552
3,CG66_3,0.14738929610593055,CG66,532500.094766791,6132499.8388373265
3,CG67_3,0.1548824394758696,CG67,532500.1018768129,6137499.908515113
3,CG68_3,0.1981334515787037,CG68,532500.0697665747,6142499.904000014
3,CG69_3,0.18011089793711602,CG69,532500.0613956221,6147499.825732477
3,CG73_3,0.16710749071290412,CG73,537500.1241257496,6117499.871302983
3,CG74_3,0.1468541361376677,CG74,537500.0867475496,6122499.893791251
3,CG75_3,0.15005849345402836,CG75,537500.1226220047,6127499.843201579
3,CG76_3,0.15089157001938444,CG76,537500.1032477431,6132499.829719651
3,CG77_3,0.1700665298486566,CG77,537500.0917174451,6137499.853859212
3,CG78_3,0.15578438819090548,CG78,537500.0875472084,6142499.915597486
3,CG79_3,0.1582314304926718,CG79,537500.0911996434,6147499.90362536
3,CG80_3,0.25109017618562646,CG80,542500.137730461,6102499.88626088
3,CG83_3,0.1678476310477293,CG83,542500.0850949779,6117499.84060306
3,CG84_3,0.15311045879902935,CG84,542500.1406307713,6122499.827476624
3,CG85_3,0.1629228350163243,CG85,542500.1254578183,6127499.851438005
3,CG89_3,0.19458137848456375,CG89,542500.0518607163,6147499.879240843
3,CG90_3,0.17603030567168199,CG90,547500.1127290743,6102499.8908402715
3,CG99_3,0.18086462875541767,CG99,547500.0849558257,6147499.864848793
3,CH06_3,0.185204051458147,CH06,502500.0846030401,6082499.8202431435
3,CH07_3,0.18365257321400646,CH07,502500.03314556536,6087499.76718363
3,CH08_3,0.190183242385902,CH08,502500.03832823853,6092499.7513073785
3,CH09_3,0.1836594381249314,CH09,502500.03600017546,6097499.772559454
3,CH16_3,0.19192402755789795,CH16,507500.0696210863,6082499.827605381
3,CH17_3,0.19640876494440632,CH17,507500.09114466637,6087499.783676402
3,CH18_3,0.17945054718433553,CH18,507500.02561870846,6092499.77677686
3,CH19_3,0.17339036611817005,CH19,507500.06504692393,6097499.807203647
3,CH25_3,0.3935576197666664,CH25,512500.0730388515,6077499.78695672
3,CH26_3,0.20489141544880063,CH26,512500.0775220187,6082499.835343886
3,CH27_3,0.22447594429624623,CH27,512500.0438897538,6087499.809582861
3,CH28_3,0.20290130540148762,CH28,512500.0358227975,6092499.82110677
3,CH29_3,0.23065009824694382,CH29,512500.05339827476,6097499.758615106
3,CH34_3,0.23856468878091686,CH34,517500.0764450698,6072499.728976444
3,CH35_3,0.21887383283886502,CH35,517500.094920755,6077499.767569357
3,CH36_3,0.20255196442937506,CH36,517500.0596092466,6082499.843271963
3,CH37_3,0.18355158961639947,CH37,517500.0990708113,6087499.845282487
3,CH38_3,0.22301251706414424,CH38,517500.08484500466,6092499.773080584
3,CH39_3,0.21175982468631457,CH39,517500.08040979074,6097499.738171189
3,CH45_3,0.20236193105988465,CH45,522500.10633223125,6077499.739130003
3,CH46_3,0.20629780661026872,CH46,522500.095481355,6082499.851588371
3,CH47_3,0.1792906869908335,CH47,522500.08047616767,6087499.778844974
3,CH48_3,0.16641577550796896,CH48,522500.0599631547,6092499.743431038
3,CH49_3,0.16318581204184512,CH49,522500.09763021604,6097499.74564588
3,CH55_3,0.1888880866848202,CH55,527500.1220357711,6077499.812824085
3,CH56_3,0.17962238400116556,CH56,527500.1371200755,6082499.748749458
3,CH57_3,0.18356107397711,CH57,527500.06665524,6087499.8329139035
3,CH58_3,0.16509918074129448,CH58,527500.1039774861,6092499.843916504
3,CH59_3,0.162679903638452,CH59,527500.0566075259,6097499.78055875
3,CH65_3,0.39187138044836384,CH65,532500.1587029257,6077499.766040378
3,CH66_3,0.17605051515236944,CH66,532500.1337911482,6082499.8680635905
3,CH67_3,0.19201654216073824,CH67,532500.1383813849,6087499.785338982
3,CH68_3,0.1634363715934084,CH68,532500.1055866433,6092499.851210683
3,CH69_3,0.16222419571350236,CH69,532500.1006905059,6097499.843565278
3,CH76_3,0.23383071339818556,CH76,537500.1671288088,6082499.875993361
3,CH77_3,0.1939677263749421,CH77,537500.117400458,6087499.857259013
3,CH78_3,0.15028480329962882,CH78,537500.0797039657,6092499.876351775
3,CH79_3,0.1680432938914573,CH79,537500.1184237195,6097499.822506665
3,CH86_3,0.17654209297414677,CH86,542500.1236062861,6082499.882608107
3,CH87_3,0.16763555601032842,CH87,542500.149057873,6087499.82690813
3,CH88_3,0.15477837660455937,CH88,542500.106858969,6092499.808460251
3,CH89_3,0.23435675949751636,CH89,542500.1246051298,6097499.828453947
3,CH95_3,0.1792260237843992,CH95,547500.1578898588,6077499.78884103
3,CH96_3,0.17800492246825017,CH96,547500.1469696249,6082499.888868037
3,CH97_3,0.17218848856588814,CH97,547500.118677858,6087499.915520176
3,CH98_3,0.16213042314120532,CH98,547500.1365322527,6092499.869449572
3,CH99_3,0.20957022398426678,CH99,547500.1347144407,6097499.861230696
3,DB00_3,0.17057636334563475,DB00,552499.6775389926,6352499.672118262
3,DB01_3,0.17243221334591716,DB01,552499.6678686532,6357499.717959825
3,DB02_3,0.2695484098074433,DB02,552499.6512258302,6362499.689666688
3,DB03_3,0.1415985426969113,DB03,552499.6240161804,6367499.80984399
3,DB04_3,0.14050591113471322,DB04,552499.6497318089,6372499.74527787
3,DB05_3,0.16912711848956422,DB05,552499.6646834601,6377499.717803373
3,DC07_3,0.18434202335626773,DC07,552499.6635607927,6337499.75798567
3,DC08_3,0.14725259733395688,DC08,552499.6732267597,6342499.8034165995
3,DC09_3,0.15968998757927153,DC09,552499.6781305044,6347499.774804628
3,DB10_3,0.16915264192718601,DB10,557499.6567160406,6352499.705819401
3,DB11_3,0.15139943787774326,DB11,557499.6898730142,6357499.755865983
3,DB12_3,0.18127929749678343,DB12,557499.6980993691,6362499.731798036
3,DB13_3,0.14565346695353532,DB13,557499.6790873646,6367499.744899912
3,DB14_3,0.1364964078883646,DB14,557499.6920318474,6372499.795985679
3,DB15_3,0.13766219333605328,DB15,557499.6776623846,6377499.772861233
3,DB16_3,0.14517738053268564,DB16,557499.6934591797,6382499.787658613
3,DB20_3,0.1456761788581861,DB20,562499.6596629414,6352499.822055593
3,DB21_3,0.14365320877384594,DB21,562499.6778171846,6357499.774650563
3,DB22_3,0.14554250125757726,DB22,562499.6515363256,6362499.764446196
3,DB23_3,0.14465696307270312,DB23,562499.6400820935,6367499.792328508
3,DB24_3,0.13182416639300826,DB24,562499.6441820732,6372499.746949654
3,DB25_3,0.15661761380530587,DB25,562499.6611575983,6377499.739594084
3,DB26_3,0.16046289452570625,DB26,562499.6900292314,6382499.770230629
3,DB30_3,0.15030368293214486,DB30,567499.6474141439,6352499.797047383
3,DB31_3,0.14043814938264934,DB31,567499.6497347835,6357499.773935058
3,DB32_3,0.1420176759024712,DB32,567499.649767541,6362499.788996397
3,DB33_3,0.13918185623817342,DB33,567499.6483663965,6367499.730884405
3,DB34_3,0.1495653275458547,DB34,567499.6427126657,6372499.710880268
3,DB35_3,0.1380167295124315,DB35,567499.6318198992,6377499.728951592
3,DB36_3,0.18349198258257868,DB36,567499.676348217,6382499.674741831
3,DB40_3,0.17483988901876396,DB40,572499.6344654928,6352499.8530826
3,DB41_3,0.14517912513293105,DB41,572499.6216895938,6357499.864695008
3,DB42_3,0.1564894985789252,DB42,572499.5906535387,6362499.80320541
3,DB43_3,0.14946212428322153,DB43,572499.5984189146,6367499.780956781
3,DB44_3,0.15983871685089535,DB44,572499.5838254265,6372499.796851205
3,DB45_3,0.1651767137954387,DB45,572499.6077339851,6377499.740606079
3,DB46_3,0.19811544357957434,DB46,572499.6071544627,6382499.722435604
3,DB50_3,0.15790814172845336,DB50,577499.5802886165,6352499.877413118
3,DB51_3,0.1440718541167295,DB51,577499.5553473757,6357499.82287266
3,DB52_3,0.14231110549985637,DB52,577499.5523310879,6362499.807698655
3,DB53_3,0.14436557984592283,DB53,577499.5700187528,6367499.831857608
3,DB54_3,0.17633630261968883,DB54,577499.5493575014,6372499.782863706
3,DB55_3,0.19820466784611382,DB55,577499.5492296974,6377499.66181914
3,DB56_3,0.16019857721906658,DB56,577499.5641771164,6382499.691316109
3,DB57_3,0.18118945951579007,DB57,577499.537492288,6387499.64755162
3,DB60_3,0.17649121130845358,DB60,582499.5631405126,6352499.870773819
3,DB61_3,0.14889790425709337,DB61,582499.5248312382,6357499.871828571
3,DB62_3,0.1346278023728612,DB62,582499.4927491389,6362499.801014301
3,DB63_3,0.14215938244107126,DB63,582499.5234498292,6367499.770816479
3,DB64_3,0.17165331235535344,DB64,582499.4955886239,6372499.778775646
3,DB65_3,0.17635549620038812,DB65,582499.4702860015,6377499.714756137
3,DB66_3,0.16964262473209443,DB66,582499.5038627629,6382499.691246823
3,DB67_3,0.19650850501446077,DB67,582499.4776775325,6387499.594470724
3,DB68_3,0.23871724992929527,DB68,582499.4481154357,6392499.536917151
3,DB70_3,0.15058300328204405,DB70,587499.5384229121,6352499.942973814
3,DB71_3,0.1378098480667544,DB71,587499.4899705768,6357499.898755164
3,DB72_3,0.13940672131581788,DB72,587499.4900431393,6362499.784009084
3,DB73_3,0.14101207629777843,DB73,587499.4724052523,6367499.8200299665
3,DB74_3,0.15460179707800414,DB74,587499.4405852477,6372499.784163884
3,DB75_3,0.17158306222619127,DB75,587499.4508390957,6377499.788968703
3,DB77_3,0.16422961491763546,DB77,587499.4197526195,6387499.582648063
3,DB78_3,0.17681519380817004,DB78,587499.3735523641,6392499.482754864
3,DB79_3,0.2086627966065415,DB79,587499.3020525747,6397499.533405255
3,DB80_3,0.16367314206827605,DB80,592499.4685152426,6352499.8696485795
3,DB81_3,0.1724683246492244,DB81,592499.4687914647,6357499.903263027
3,DB82_3,0.2110007498144928,DB82,592499.4395459738,6362499.8651057985
3,DB83_3,0.18091574956126305,DB83,592499.43704912,6367499.867802329
3,DB89_3,0.1691460608702368,DB89,592499.276854376,6397499.389086184
3,DC00_3,0.25300432826283026,DC00,552499.7981343176,6302499.822003722
3,DC01_3,0.2307016545965579,DC01,552499.82723216,6307499.828336293
3,DC02_3,0.1717885105235529,DC02,552499.7944827778,6312499.871378481
3,DC03_3,0.15986064093327776,DC03,552499.7615257066,6317499.840557125
3,DC04_3,0.17973993521177728,DC04,552499.7262227507,6322499.847153073
3,DC05_3,0.1764738595962222,DC05,552499.6892463007,6327499.779825433
3,DC06_3,0.15475904363542012,DC06,552499.7089843368,6332499.750624621
3,DC10_3,0.1394786301454947,DC10,557499.8206087413,6302499.8354761265
3,DC11_3,0.17293744253011456,DC11,557499.7664055785,6307499.841569215
3,DC12_3,0.13329837892874707,DC12,557499.7547180243,6312499.886004784
3,DC13_3,0.18378859471963394,DC13,557499.7253695964,6317499.856604637
3,DC14_3,0.20870196707067193,DC14,557499.73675981,6322499.865488209
3,DC15_3,0.18198675810585666,DC15,557499.7273178204,6327499.9117859565
3,DC16_3,0.130853723573253,DC16,557499.6978451451,6332499.884155993
3,DC17_3,0.14342624882018076,DC17,557499.7080623058,6337499.783408084
3,DC18_3,0.14763728941104634,DC18,557499.693518839,6342499.831295908
3,DC19_3,0.14803624143395924,DC19,557499.6565704292,6347499.805162802
3,DC20_3,0.14157905313519875,DC20,562499.7978840575,6302499.938668321
3,DC21_3,0.14198075616421282,DC21,562499.7828758188,6307499.956366545
3,DC22_3,0.170173549160334,DC22,562499.7944753097,6312499.901183143
3,DC23_3,0.1464655428071237,DC23,562499.7692934149,6317499.883481737
3,DC24_3,0.1728828991880074,DC24,562499.7065775642,6322499.903231546
3,DC25_3,0.1983145486786298,DC25,562499.7284663095,6327499.850920295
3,DC26_3,0.17959663405831203,DC26,562499.7110273131,6332499.835998577
3,DC27_3,0.13834444405348809,DC27,562499.653506505,6337499.858435164
3,DC28_3,0.13779891665722016,DC28,562499.677609729,6342499.808717862
3,DC29_3,0.13068416236316094,DC29,562499.6598339697,6347499.796296316
3,DC30_3,0.14068938246372656,DC30,567499.8116184272,6302499.909548791
3,DC31_3,0.14205854236201154,DC31,567499.7755507686,6307499.948179211
3,DC32_3,0.1492465749504817,DC32,567499.8096190846,6312499.914980982
3,DC33_3,0.14849790249109782,DC33,567499.7285674406,6317499.918270218
3,DC34_3,0.15871100257620088,DC34,567499.7138947316,6322499.9609747855
3,DC35_3,0.13741777609503095,DC35,567499.7056084871,6327499.930768742
3,DC36_3,0.14326737630796935,DC36,567499.7009201018,6332499.938928539
3,DC37_3,0.15163968256183782,DC37,567499.6402083595,6337499.873123914
3,DC38_3,0.13836793070714667,DC38,567499.6416704057,6342499.846609377
3,DC39_3,0.13693811628050376,DC39,567499.6437902323,6347499.858365299
3,DC40_3,0.2207161620357813,DC40,572499.8148650045,6302499.969526697
3,DC41_3,0.2558051087022529,DC41,572499.821296516,6307499.929013042
3,DC42_3,0.17964101711264957,DC42,572499.8176624437,6312499.927039073
3,DC43_3,0.1423473884176169,DC43,572499.74222273,6317499.962513002
3,DC44_3,0.15949920681869023,DC44,572499.7175155998,6322499.926215099
3,DC45_3,0.14780793868375675,DC45,572499.6797881541,6327499.928359153
3,DC46_3,0.154040992242695,DC46,572499.6885857979,6332499.969974242
3,DC47_3,0.14520166824105565,DC47,572499.623733883,6337499.937596269
3,DC48_3,0.14154326901113723,DC48,572499.603288505,6342499.944623605
3,DC49_3,0.16244914602973037,DC49,572499.6280012622,6347499.879714389
3,DC50_3,0.17260661493939328,DC50,577499.8267759397,6302500.006971771
3,DC51_3,0.19874506430894695,DC51,577499.8137447787,6307500.007805302
3,DC52_3,0.16931006903604917,DC52,577499.834045176,6312500.04834203
3,DC53_3,0.14950855445549563,DC53,577499.7670313121,6317500.014979401
3,DC54_3,0.14924421456456172,DC54,577499.7312211716,6322500.021252586
3,DC55_3,0.1630489924208582,DC55,577499.7274828481,6327499.95582334
3,DC56_3,0.14602457135577457,DC56,577499.6899038834,6332500.0401362395
3,DC57_3,0.16636362589702985,DC57,577499.6237474973,6337499.940236413
3,DC58_3,0.1687677003383275,DC58,577499.5821444269,6342499.991146208
3,DC59_3,0.13652541933458404,DC59,577499.5701581707,6347499.85890772
3,DC64_3,0.165999357136328,DC64,582499.7765719168,6322500.023200316
3,DC65_3,0.1652397067024051,DC65,582499.6844180265,6327500.009486454
3,DC66_3,0.15658541326678307,DC66,582499.6641215326,6332500.036631212
3,DC67_3,0.1488775037706011,DC67,582499.5955405355,6337499.9908788875
3,DC68_3,0.14316137515607938,DC68,582499.5962293316,6342499.98591674
3,DC69_3,0.1331300387608282,DC69,582499.5463454451,6347499.907984794
3,DC77_3,0.1593260262212127,DC77,587499.6195055665,6337499.979054764
3,DC78_3,0.1438885916781557,DC78,587499.5403913431,6342500.0374559825
3,DC79_3,0.19001238525629213,DC79,587499.5162126686,6347499.914135292
3,DC88_3,0.1810592086409245,DC88,592499.5554882973,6342500.036549577
3,DC89_3,0.15704799633639072,DC89,592499.4952561076,6347499.988268283
3,DD00_3,0.14467581852128,DD00,552499.8856748668,6252499.714341889
3,DD01_3,0.17757501035974016,DD01,552499.8788040339,6257499.789576381
3,DD02_3,0.17964421617470305,DD02,552499.8180619746,6262499.790504193
3,DD03_3,0.15333532633930352,DD03,552499.8245235039,6267499.829924205
3,DD04_3,0.16337276870851966,DD04,552499.8372124677,6272499.79574306
3,DD05_3,0.14657491857327296,DD05,552499.7926802624,6277499.7984718
3,DD06_3,0.1597676701571009,DD06,552499.8129379287,6282499.83961058
3,DD07_3,0.14119104563660168,DD07,552499.8372333928,6287499.807062139
3,DD08_3,0.16858650528294467,DD08,552499.8023283664,6292499.811338297
3,DD09_3,0.22398480642950686,DD09,552499.8297948928,6297499.853941188
3,DD10_3,0.16224350385582909,DD10,557499.856180533,6252499.733037651
3,DD11_3,0.16129877329533834,DD11,557499.8762522964,6257499.80687196
3,DD12_3,0.15935668515456455,DD12,557499.8255147779,6262499.806363893
3,DD13_3,0.15065474771826415,DD13,557499.8249050891,6267499.844455846
3,DD14_3,0.14964940383378478,DD14,557499.8135712934,6272499.808981645
3,DD15_3,0.14554630912735775,DD15,557499.7892618318,6277499.811214283
3,DD16_3,0.15097437338611017,DD16,557499.812499,6282499.851962599
3,DD17_3,0.15026601544336987,DD17,557499.8226555676,6287499.819056403
3,DD18_3,0.19690159402485233,DD18,557499.815944289,6292499.935076535
3,DD19_3,0.17550137633713547,DD19,557499.7962017705,6297499.866076322
3,DD20_3,0.1415234192654151,DD20,562499.8979436193,6252499.742285932
3,DD21_3,0.22644515444714355,DD21,562499.8222470335,6257499.8229469415
3,DD22_3,0.1541271480228544,DD22,562499.8437607648,6262499.831936724
3,DD23_3,0.14815310851985597,DD23,562499.8366991177,6267499.878709972
3,DD24_3,0.14483294643956712,DD24,562499.8019624483,6272499.851935544
3,DD25_3,0.18604620029629013,DD25,562499.7984971092,6277499.863793937
3,DD26_3,0.16756194671855557,DD26,562499.825335824,6282499.914256911
3,DD27_3,0.1547422032973135,DD27,562499.8219761638,6287499.891081318
3,DD28_3,0.14237814817546032,DD28,562499.7860176418,6292499.905539777
3,DD29_3,0.1548407270191883,DD29,562499.8388001381,6297499.959425464
3,DD30_3,0.14530506396400725,DD30,567499.9045343413,6252499.740139163
3,DD31_3,0.186435903771555,DD31,567499.8570273767,6257499.839340627
3,DD32_3,0.15758016407903153,DD32,567499.828239428,6262499.866039669
3,DD33_3,0.14416837446892905,DD33,567499.8172067807,6267499.820205018
3,DD34_3,0.15958775457041371,DD34,567499.8194050347,6272499.924406495
3,DD35_3,0.17015209140175977,DD35,567499.839200209,6277499.844712948
3,DD36_3,0.18096551955591916,DD36,567499.8090130293,6282499.914013644
3,DD37_3,0.1752719916038158,DD37,567499.854039139,6287499.911641263
3,DD38_3,0.16792839739155624,DD38,567499.8490636005,6292499.946900631
3,DD39_3,0.17110961731338611,DD39,567499.7951241602,6297499.908455915
3,DD40_3,0.14869784831245028,DD40,572499.8910228461,6252499.837507532
3,DD41_3,0.15580968065041675,DD41,572499.874319164,6257499.853998432
3,DD42_3,0.1489533823769474,DD42,572499.8594056569,6262499.798046281
3,DD43_3,0.14036341530071678,DD43,572499.8414943474,6267499.892215765
3,DD44_3,0.15272862986946223,DD44,572499.8234187007,6272499.913879938
3,DD45_3,0.16960091584105835,DD45,572499.8655449218,6277499.864061472
3,DD46_3,0.1623045246055414,DD46,572499.840314927,6282499.96321855
3,DD47_3,0.19262579862182808,DD47,572499.8119906547,6287499.989774233
3,DD48_3,0.1643234899982171,DD48,572499.8407176494,6292499.944752331
3,DD49_3,0.16861035332329039,DD49,572499.8623283049,6297499.938366378
3,DD50_3,0.15499271350178928,DD50,577499.9397466873,6252499.812573781
3,DD51_3,0.15602631115399118,DD51,577499.8911025693,6257499.866573606
3,DD52_3,0.1631962072894374,DD52,577499.8890167333,6262499.849300526
3,DD53_3,0.1543660242924497,DD53,577499.8687690438,6267499.87089236
3,DD54_3,0.1559574236025884,DD54,577499.8907825949,6272499.932445059
3,DD55_3,0.16178120535056598,DD55,577499.8332206182,6277499.920372668
3,DD56_3,0.1522539493875888,DD56,577499.8770683125,6282499.949325528
3,DD57_3,0.1902141660588825,DD57,577499.8373202452,6287500.015885937
3,DD58_3,0.1574597772958036,DD58,577499.8375017444,6292500.010978917
3,DD59_3,0.17019501055844402,DD59,577499.8764129576,6297499.934571228
3,DD60_3,0.16666847474317392,DD60,582499.940339671,6252499.885439505
3,DD61_3,0.1468955733472693,DD61,582499.9243567707,6257499.87675696
3,DD62_3,0.16023943753947686,DD62,582499.9358377454,6262499.908196272
3,DD63_3,0.15316935444031848,DD63,582499.9142568866,6267499.867230073
3,DD64_3,0.17811361810313778,DD64,582499.9156895869,6272499.97761661
3,DD65_3,0.18762921686234973,DD65,582499.8841101133,6277499.904232946
3,DD66_3,0.16690004924135646,DD66,582499.8732595991,6282499.982137032
3,DD70_3,0.1825041921054507,DD70,587499.9756611895,6252499.834294763
3,DD71_3,0.1880417446416613,DD71,587499.9294289971,6257499.883005279
3,DD72_3,0.16391522513296028,DD72,587499.9576007758,6262499.861898324
3,DD80_3,0.16683186343150383,DD80,592499.9965185599,6252499.880145047
3,DD81_3,0.2393554313989755,DD81,592499.9849260056,6257499.886210558
3,DD82_3,0.15478914926297643,DD82,592499.9668241483,6262499.932545572
3,DD90_3,0.1486969218114161,DD90,597499.9603299614,6252499.909862781
3,DD91_3,0.1700388483285731,DD91,597499.9845591482,6257499.88334208
3,DD92_3,0.21132735931209604,DD92,597499.985225495,6262499.8971402
3,DE00_3,0.15755316714653333,DE00,552500.0397736444,6202499.815031244
3,DE01_3,0.1488286306551683,DE01,552500.0522177635,6207499.735317095
3,DE02_3,0.14649097420122462,DE02,552500.0156842017,6212499.692870375
3,DE03_3,0.1776874408950283,DE03,552499.9918704326,6217499.688423337
3,DE04_3,0.23495518125751869,DE04,552500.0421838384,6222499.722709725
3,DE05_3,0.20258696147305263,DE05,552499.9808522139,6227499.682127924
3,DE06_3,0.15326833981526267,DE06,552499.9921946748,6232499.680225857
3,DE07_3,0.17291981989186025,DE07,552499.9514282229,6237499.715456871
3,DE08_3,0.17351370247434036,DE08,552499.9212557683,6242499.677255443
3,DE09_3,0.16514500242305646,DE09,552499.8995816319,6247499.676892661
3,DE10_3,0.15092871986671202,DE10,557499.9926700045,6202499.753927617
3,DE11_3,0.17345722159201352,DE11,557500.0121679712,6207499.781346942
3,DE12_3,0.1720625382783182,DE12,557500.0298874964,6212499.735544217
3,DE13_3,0.14712928803283581,DE13,557499.9814049272,6217499.726953041
3,DE14_3,0.15128189160917216,DE14,557499.9919643814,6222499.645914316
3,DE15_3,0.14772574985391815,DE15,557499.9955708939,6227499.714159249
3,DE16_3,0.18670305516392846,DE16,557499.9944713496,6232499.709069772
3,DE17_3,0.21478143193123359,DE17,557499.9260181622,6237499.629782909
3,DE18_3,0.19076779434650978,DE18,557499.9103897591,6242499.700531681
3,DE19_3,0.16513783455564865,DE19,557499.8878559844,6247499.697860005
3,DE20_3,0.1511791643424146,DE20,562500.0084597974,6202499.807410175
3,DE21_3,0.15267064589530605,DE21,562499.9761553103,6207499.728242607
3,DE22_3,0.15848242030256485,DE22,562499.9864572511,6212499.688075669
3,DE23_3,0.17004312734331592,DE23,562499.9761974189,6217499.685978896
3,DE24_3,0.15918264623392395,DE24,562500.0067694888,6222499.722828891
3,DE25_3,0.17300354425033568,DE25,562499.9547079823,6227499.685494073
3,DE26_3,0.1769952310257024,DE26,562499.9418520522,6232499.687049095
3,DE27_3,0.22465983329989878,DE27,562499.9672399207,6237499.727467009
3,DE28_3,0.20269758077570887,DE28,562499.9078480179,6242499.69361065
3,DE29_3,0.15223114604308363,DE29,562499.8850704462,6247499.698559415
3,DE30_3,0.15564185113089232,DE30,567499.9818457006,6202499.750937081
3,DE31_3,0.17646785883008076,DE31,567499.95756106,6207499.79836426
3,DE32_3,0.16043598164871345,DE32,567499.9610612297,6212499.773586951
3,DE33_3,0.18695484296675038,DE33,567499.991388455,6217499.67657536
3,DE34_3,0.2210329462423785,DE34,567499.981947577,6222499.728908503
3,DE35_3,0.20311795061151539,DE35,567499.9354850466,6227499.707971843
3,DE36_3,0.15948168994095646,DE36,567499.9734866512,6232499.726984239
3,DE37_3,0.1572901312237252,DE37,567499.910766697,6237499.671688164
3,DE38_3,0.17422048578810065,DE38,567499.9288161611,6242499.767579349
3,DE39_3,0.26256628110628155,DE39,567499.9064195943,6247499.790080435
3,DE40_3,0.1474193803205673,DE40,572499.9259428019,6202499.806681671
3,DE41_3,0.1598615416158652,DE41,572499.9762135199,6207499.768940775
3,DE42_3,0.16023530539408123,DE42,572499.9735447941,6212499.769307227
3,DE43_3,0.19616581772680663,DE43,572499.9812662832,6217499.697508556
3,DE44_3,0.21604344729789948,DE44,572499.9325161695,6222499.7750477465
3,DE45_3,0.24398785678878243,DE45,572499.9563057558,6227499.670118789
3,DE46_3,0.16217789212956077,DE46,572499.9838101824,6232499.715519001
3,DE47_3,0.16132048634205476,DE47,572499.9559022341,6237499.687581973
3,DE48_3,0.1639810087697717,DE48,572499.9317868989,6242499.698620851
3,DE49_3,0.16222805111744923,DE49,572499.9104865338,6247499.748605974
3,DE50_3,0.23406230372460618,DE50,577499.9212493428,6202499.864100323
3,DE51_3,0.1643706275998025,DE51,577499.9222648653,6207499.748870433
3,DE52_3,0.1527024547123766,DE52,577499.9764963645,6212499.785257158
3,DE53_3,0.1689504673513502,DE53,577499.9623265731,6217499.7484121
3,DE55_3,0.21923326401374219,DE55,577499.9679888003,6227499.7932537105
3,DE56_3,0.24025362959478652,DE56,577499.9877266791,6232499.7635885775
3,DE57_3,0.15564538633174002,DE57,577499.9334297109,6237499.771854244
3,DE58_3,0.16471091230175122,DE58,577499.9280268631,6242499.820266743
3,DE59_3,0.1638509774858845,DE59,577499.9105668445,6247499.796377554
3,DE66_3,0.18377066610738776,DE66,582499.9419179015,6232499.758382413
3,DE67_3,0.15847762117228037,DE67,582499.9858796117,6237499.815066368
3,DE68_3,0.18247411284696363,DE68,582499.940157057,6242499.798316628
3,DE69_3,0.15094775639048935,DE69,582499.925380716,6247499.821784631
3,DE75_3,0.18732116537839102,DE75,587499.9822943644,6227499.740914788
3,DE78_3,0.13974667817656355,DE78,587499.9809427367,6242499.8550773095
3,DE79_3,0.1717644887176339,DE79,587499.9718824326,6247499.824550713
3,DE84_3,0.15622409586848274,DE84,592499.9550939988,6222499.799698218
3,DE85_3,0.1739021861511325,DE85,592500.0141816582,6227499.78733749
3,DE86_3,0.15206360719845188,DE86,592500.0119548003,6232499.814113551
3,DE87_3,0.15999120771287442,DE87,592500.011741156,6237499.7700439
3,DE88_3,0.16794020509491037,DE88,592500.0074987623,6242499.877671048
3,DE89_3,0.18118869235451374,DE89,592500.0052482311,6247499.803093614
3,DE90_3,0.23348491617915088,DE90,597499.937235394,6202499.867768866
3,DE94_3,0.18142626297989398,DE94,597499.973766844,6222499.817559282
3,DE96_3,0.17494087741175474,DE96,597499.9776650518,6232499.7592064515
3,DE97_3,0.17496159807293982,DE97,597500.0164649216,6237499.792208735
3,DE98_3,0.17868627382797747,DE98,597499.9749128878,6242499.864260202
3,DE99_3,0.1570664132889141,DE99,597499.9781003586,6247499.86686593
3,DF00_3,0.15449005753105172,DF00,552500.0821818158,6152499.918017617
3,DF01_3,0.17478292331544037,DF01,552500.0434295452,6157499.903279973
3,DF02_3,0.1907776002020498,DF02,552500.0249240466,6162499.926827057
3,DF04_3,0.16240185709224172,DF04,552500.0484365653,6172499.866101065
3,DF05_3,0.19642430309979897,DF05,552500.0248900052,6177499.8923083795
3,DF06_3,0.14986905214926796,DF06,552500.0201864875,6182499.845409598
3,DF07_3,0.1676919096831836,DF07,552500.0322634379,6187499.836667846
3,DF08_3,0.22313449074905606,DF08,552499.9978258526,6192499.865300811
3,DF09_3,0.1517946224210163,DF09,552500.0427085381,6197499.8215051675
3,DF10_3,0.15657332289349274,DF10,557500.0539540383,6152499.913491488
3,DF14_3,0.16521444531576826,DF14,557500.0426793615,6172499.947726307
3,DF15_3,0.15563990411252066,DF15,557500.0018913269,6177499.856621167
3,DF16_3,0.1737728833503322,DF16,557500.0236227086,6182499.915863126
3,DF17_3,0.1569945396884742,DF17,557499.9860512931,6187499.789903091
3,DF18_3,0.17636926206966577,DF18,557500.0093904075,6192499.814239048
3,DF19_3,0.1626725974411992,DF19,557500.0331405934,6197499.765436237
3,DF20_3,0.15216718712038688,DF20,562500.08334866,6152499.927340711
3,DF24_3,0.17506415864500713,DF24,562500.0367152442,6172499.862543065
3,DF25_3,0.16442667251835594,DF25,562499.9763535939,6177499.886270679
3,DF26_3,0.14666125832346688,DF26,562499.9653456258,6182499.837874897
3,DF27_3,0.1624130456860732,DF27,562500.0011427227,6187499.828616493
3,DF28_3,0.19198482486733884,DF28,562499.9576474453,6192499.856666409
3,DF29_3,0.15389501704473504,DF29,562499.9609393289,6197499.812510072
3,DF30_3,0.1955765242532904,DF30,567500.0600414778,6152499.957596392
3,DF31_3,0.20109131766931387,DF31,567500.0347013446,6157499.951350236
3,DF37_3,0.21905100644766645,DF37,567499.9700276025,6187499.839556279
3,DF38_3,0.19816926093503165,DF38,567499.9855262494,6192499.88279332
3,DF39_3,0.16525517623061053,DF39,567499.9689031657,6197499.852938899
3,DF40_3,0.17816231690663561,DF40,572500.0649841583,6152499.8935916675
3,DF41_3,0.23302559388953964,DF41,572500.0874127243,6157499.909943095
3,DF48_3,0.1855339627195462,DF48,572499.9843263607,6192499.890549853
3,DF49_3,0.16049371426144687,DF49,572499.9503513994,6197499.773365588
3,DF50_3,0.33338919035141157,DF50,577500.1106004395,6152499.957711743
3,DF51_3,0.16301239670242756,DF51,577500.0572356211,6157499.892787818
3,DF52_3,0.20231335416137106,DF52,577500.0677353318,6162499.979763222
3,DF59_3,0.23304065075317412,DF59,577499.9181351293,6197499.795993284
3,DF60_3,0.18656799942714958,DF60,582500.0903572468,6152499.924879827
3,DF61_3,0.16208292137445227,DF61,582500.0863001315,6157499.901682529
3,DF62_3,0.16788968220214956,DF62,582500.0688732299,6162499.91803773
3,DF70_3,0.1614118935743069,DF70,587500.0815321453,6152499.907091927
3,DF71_3,0.15838630086552577,DF71,587500.064427627,6157499.934001944
3,DF72_3,0.21392538425644492,DF72,587500.0831289394,6162499.89047789
3,DF80_3,0.23387237913605993,DF80,592500.1000892023,6152499.904054666
3,DF81_3,0.16339075447020088,DF81,592500.1360954175,6157499.880622524
3,DF96_3,0.16234125181203884,DF96,597500.0114531335,6182499.907238431
3,DF97_3,0.1517140219882963,DF97,597499.9710038947,6187499.863307686
3,DF98_3,0.21382167944480746,DF98,597499.9873134624,6192499.861592982
3,DG00_3,0.20508670309208712,DG00,552500.1089325006,6102499.820040352
3,DG07_3,0.1805067829319402,DG07,552500.0776589774,6137499.8553233305
3,DG08_3,0.21047713518703542,DG08,552500.0980597695,6142499.949654789
3,DG09_3,0.16213745736067406,DG09,552500.0800114883,6147499.859026643
3,DG14_3,0.18703593868354454,DG14,557500.0859443847,6122499.842967669
3,DG15_3,0.16761205639083224,DG15,557500.1128352805,6127499.926189727
3,DG16_3,0.16224754375545886,DG16,557500.0859944862,6132499.9357982185
3,DG17_3,0.17230848914989777,DG17,557500.0682798454,6137499.872589368
3,DG18_3,0.15895677117070314,DG18,557500.0560698126,6142499.959101104
3,DG19_3,0.20665094464956474,DG19,557500.051534985,6147499.972744273
3,DG22_3,0.2505259419668224,DG22,562500.0912223725,6112499.9040538985
3,DG23_3,0.1913691117153379,DG23,562500.0828425015,6117499.910760884
3,DG24_3,0.17858145081175159,DG24,562500.1336018639,6122499.845666463
3,DG25_3,0.15751744685057156,DG25,562500.112409009,6127499.929512105
3,DG26_3,0.15011665728641768,DG26,562500.085315404,6132499.940609023
3,DG27_3,0.16823588319921925,DG27,562500.1149576314,6137499.879825633
3,DG28_3,0.1612197714042159,DG28,562500.0706574302,6142499.967904787
3,DG29_3,0.15770555519978932,DG29,562500.0814846822,6147499.984051399
3,DG33_3,0.16885359709960795,DG33,567500.1053109345,6117499.863251292
3,DG34_3,0.15377523882842956,DG34,567500.1228144517,6122499.919391854
3,DG35_3,0.16746950382686696,DG35,567500.1194090074,6127499.9028383605
3,DG36_3,0.1605941985971819,DG36,567500.0926647738,6132499.924840984
3,DG37_3,0.15489106000266709,DG37,567500.1069042278,6137499.875061364
3,DG38_3,0.15939501273098225,DG38,567500.0944806039,6142499.975064417
3,DG39_3,0.18509079221952626,DG39,567500.0597612784,6147499.890981247
3,DG41_3,0.16307335992577401,DG41,572500.1270477285,6107499.844195573
3,DG42_3,0.18028574053260021,DG42,572500.1240832573,6112499.841285639
3,DG43_3,0.1837548465396545,DG43,572500.0844316228,6117499.87702596
3,DG44_3,0.16046956366023504,DG44,572500.1345045101,6122499.95346573
3,DG45_3,0.1768473388092563,DG45,572500.0844221165,6127499.956186771
3,DG46_3,0.17106011624883244,DG46,572500.123968225,6132499.888275696
3,DG47_3,0.17594709075692208,DG47,572500.1215920995,6137499.970183186
3,DG48_3,0.1583478735315968,DG48,572500.0801946897,6142499.979324352
3,DG49_3,0.17643056244220895,DG49,572500.0622560608,6147499.916709808
3,DG51_3,0.20740604504827428,DG51,577500.0918429886,6107499.86185285
3,DG52_3,0.1602968045097474,DG52,577500.0899779424,6112499.887439063
3,DG53_3,0.16039071166101726,DG53,577500.1013102453,6117499.841510532
3,DG54_3,0.16709634752021907,DG54,577500.1209952927,6122499.946588742
3,DG55_3,0.17106701499094712,DG55,577500.0903837337,6127499.86770983
3,DG56_3,0.1588043433599904,DG56,577500.129765069,6132499.940893321
3,DG57_3,0.1691429917212818,DG57,577500.1151194031,6137499.9413368525
3,DG58_3,0.17089267264172925,DG58,577500.1070374141,6142499.981399613
3,DG59_3,0.1833395432466402,DG59,577500.1065061892,6147499.949774658
3,DG60_3,0.18941109761429586,DG60,582500.1033814047,6102499.898955876
3,DG61_3,0.21518890453239053,DG61,582500.1087734731,6107499.811257644
3,DG62_3,0.23944581480011246,DG62,582500.1086388057,6112499.874676149
3,DG63_3,0.16275632214313607,DG63,582500.106121318,6117499.866638746
3,DG64_3,0.1569045820395343,DG64,582500.0981873247,6122499.898389105
3,DG65_3,0.15182203358011706,DG65,582500.1494407246,6127499.859806266
3,DG66_3,0.18594734750735345,DG66,582500.1276752406,6132499.971046642
3,DG67_3,0.1699219050758742,DG67,582500.1017190362,6137499.899436134
3,DG68_3,0.18494316539380667,DG68,582500.127661447,6142499.979957241
3,DG69_3,0.17936262399417738,DG69,582500.0820257012,6147499.987659226
3,DG70_3,0.18713862858527014,DG70,587500.1040743836,6102499.842870175
3,DG71_3,0.18570871342792614,DG71,587500.1277292037,6107499.8022988215
3,DG72_3,0.22569103979417,DG72,587500.1300347799,6112499.912887864
3,DG73_3,0.15476262849965694,DG73,587500.1165678317,6117499.840793578
3,DG74_3,0.15895436699968363,DG74,587500.1433676686,6122499.921054047
3,DG75_3,0.15529743506247204,DG75,587500.1501098787,6127499.929842266
3,DG76_3,0.16662748246008183,DG76,587500.1358212815,6132499.8671259945
3,DG77_3,0.21587330099966154,DG77,587500.0951186153,6137499.955423165
3,DG78_3,0.2196711875714536,DG78,587500.0947161396,6142499.973410007
3,DG79_3,0.17001029125447,DG79,587500.133423215,6147499.921055779
3,DG80_3,0.15964517624688113,DG80,592500.1215643627,6102499.818749571
3,DG81_3,0.17832592356307675,DG81,592500.1642016799,6107499.834659493
3,DG82_3,0.1823327736759615,DG82,592500.1719790371,6112499.890489254
3,DG83_3,0.18544550936855714,DG83,592500.1462224028,6117499.874937038
3,DG84_3,0.1764896659116067,DG84,592500.1472162764,6122499.900566232
3,DG85_3,0.15515085979095436,DG85,592500.1125679152,6127499.854749453
3,DG86_3,0.1642999816848876,DG86,592500.165847554,6132499.851379236
3,DG87_3,0.193167707775134,DG87,592500.1155330035,6137499.886446235
3,DG88_3,0.18845634398219424,DG88,592500.1507311421,6142499.963900514
3,DG89_3,0.2742407958148868,DG89,592500.1459106059,6147499.969781486
3,DG90_3,0.18654482763655314,DG90,597500.1713315928,6102499.826306785
3,DG91_3,0.1779617681025726,DG91,597500.1723162967,6107499.795391971
3,DG92_3,0.16893012154659628,DG92,597500.1866216981,6112499.805806173
3,DG93_3,0.16324751798315096,DG93,597500.1493824713,6117499.856123005
3,DG94_3,0.1997484476601345,DG94,597500.1256288488,6122499.836436391
3,DG95_3,0.1901624465161354,DG95,597500.1752226814,6127499.859382003
3,DG96_3,0.19968798388176648,DG96,597500.1698570813,6132499.922134469
3,DG97_3,0.16600482550830636,DG97,597500.1743571849,6137499.9147871975
3,DG98_3,0.15272373447036866,DG98,597500.1217638251,6142499.947179923
3,DG99_3,0.2433753234162274,DG99,597500.1399889182,6147499.910806376
3,DH06_3,0.18445535789114986,DH06,552500.1885183516,6082499.894090945
3,DH07_3,0.17844712664625603,DH07,552500.1080240731,6087499.900931246
3,DH08_3,0.2070593637667283,DH08,552500.1224177002,6092499.835871966
3,DH09_3,0.17456378875327727,DH09,552500.1002956021,6097499.919942602
3,DH16_3,0.19850044628809255,DH16,557500.1353999713,6082499.896520629
3,DH17_3,0.17091968119242054,DH17,557500.1315025091,6087499.894301601
3,DH18_3,0.17252550641129713,DH18,557500.14150952,6092499.930770529
3,DH19_3,0.16476011463658174,DH19,557500.1021907555,6097499.893807441
3,DH26_3,0.17052890503234425,DH26,562500.1313600574,6082499.897424985
3,DH27_3,0.15524229825495064,DH27,562500.1404915752,6087499.894655372
3,DH28_3,0.16165336602355604,DH28,562500.1479966408,6092499.930620275
3,DH36_3,0.21429523772651884,DH36,567500.1276941404,6082499.895786983
3,DH37_3,0.18773709032698524,DH37,567500.1504468835,6087499.901725202
3,DH67_3,0.22883558642565205,DH67,582500.150456362,6087499.846226105
3,DH75_3,0.29312459562748733,DH75,587500.1331639127,6077499.873700988
3,DH76_3,0.1990659371387372,DH76,587500.1690374067,6082499.854533708
3,DH85_3,0.18989930018649215,DH85,592500.1356770925,6077499.908513531
3,DH86_3,0.23568784807981294,DH86,592500.1422768618,6082499.831678937
3,DH98_3,0.27750154152517625,DH98,597500.1549924235,6092499.78831973
3,DH99_3,0.1929037437684016,DH99,597500.1873019559,6097499.787314182
3,ED00_3,0.15175235260356457,ED00,602500.0074655657,6252499.92582771
3,ED01_3,0.1571465540715629,ED01,602500.0069320137,6257499.875294123
3,ED02_3,0.1870006454555026,ED02,602499.9632342183,6262499.97639951
3,ED03_3,0.23473030300295408,ED03,602500.0034894047,6267500.009511617
3,EE08_3,0.1696655047442676,EE08,602500.0238220977,6242499.8172161
3,EE09_3,0.15153508783851327,EE09,602500.0332308657,6247499.906951615
3,EB03_3,0.21502967301703094,EB03,617499.4041724587,6347499.787013219
3,EB04_3,0.17800614441824458,EB04,617499.3770303854,6352499.760663346
3,EB06_3,0.3110398517395105,EB06,622499.452476495,6342499.958876019
3,EB07_3,0.20760206274529874,EB07,622499.340247113,6347499.802468584
3,EB08_3,0.18106913245296605,EB08,622499.3295501823,6352499.804013868
3,EB10_3,0.17033863071961966,EB10,627499.3598611797,6352499.809865731
3,ED10_3,0.18834304285732162,ED10,607500.0314739328,6252499.92479157
3,ED11_3,0.19591753106844806,ED11,607500.0045607301,6257499.97145039
3,ED12_3,0.20095358815276276,ED12,607499.9846502618,6262499.948752708
3,ED13_3,0.17373138238540037,ED13,607500.0289460056,6267499.969510026
3,ED20_3,0.14957166830156965,ED20,612500.049310843,6252499.9062306555
3,ED21_3,0.1805965106010441,ED21,612499.9999244057,6257499.948716197
3,ED22_3,0.1823478499874391,ED22,612500.0638923836,6262499.925191073
3,ED23_3,0.16722523941533976,ED23,612500.0489246127,6267500.053278171
3,ED30_3,0.15920975560611553,ED30,617500.0131436305,6252499.979232868
3,ED31_3,0.2385665020441326,ED31,617500.0689346831,6257499.919604393
3,EE05_3,0.16444917538509557,EE05,602500.0291128291,6227499.796893536
3,EE06_3,0.16188753551158253,EE06,602500.0177116019,6232499.873435614
3,EE07_3,0.22509631436318997,EE07,602500.0370459903,6237499.880717993
3,EE15_3,0.15054556394689053,EE15,607500.0429033731,6227499.870408693
3,EE16_3,0.16508614416730408,EE16,607500.0326255038,6232499.819688625
3,EE17_3,0.20706556877738927,EE17,607500.0336967214,6237499.811088578
3,EE18_3,0.14112941391742215,EE18,607500.0446534248,6242499.84457169
3,EE19_3,0.2383738959685913,EE19,607500.0022517216,6247499.918539914
3,EE27_3,0.1580148818380946,EE27,612500.0178630335,6237499.805356083
3,EE28_3,0.15692794761981518,EE28,612500.0568845634,6242499.83450955
3,EE29_3,0.19227280808085256,EE29,612500.0256645977,6247499.904153242
3,EE39_3,0.17001757234441622,EE39,617500.0586333661,6247499.861813668
3,EF00_3,0.23147002331416897,EF00,602500.1568967437,6152499.938279047
3,EF01_3,0.16147881657279173,EF01,602500.110434067,6157499.949953882
3,EF02_3,0.19837450419260413,EF02,602500.11502745,6162499.892898545
3,EF06_3,0.19698768609402456,EF06,602500.0299051435,6182499.853612516
3,EF07_3,0.22233412083777515,EF07,602500.0078381761,6187499.891590624
3,EF08_3,0.22743188622220828,EF08,602499.9662049786,6192499.859152391
3,EF09_3,0.21793564172353644,EF09,602499.963655327,6197499.869020305
3,EF10_3,0.1508287276545705,EF10,607500.16663707,6152499.862016589
3,EF11_3,0.18815553989272069,EF11,607500.176405482,6157499.852075477
3,EF45_3,0.1652747235876007,EF45,622500.1133564778,6177499.906438245
3,EF54_3,0.18033528654301773,EF54,627500.173708827,6172499.894058021
3,EF55_3,0.15265382885053533,EF55,627500.1632006445,6177499.839703479
3,EF63_3,0.18316023314619959,EF63,632500.2244002955,6167499.81615931
3,EF64_3,0.17127928599531583,EF64,632500.1982281193,6172499.854965836
3,EF65_3,0.18947548758827767,EF65,632500.1855857152,6177499.827314664
3,EF69_3,0.23575045012472956,EF69,632500.1501958598,6197499.82822393
3,EF70_3,0.23235485939817757,EF70,637500.234482398,6152499.829759564
3,EF71_3,0.19439505854594835,EF71,637500.2314522653,6157499.769810148
3,EF72_3,0.17486762018856708,EF72,637500.2274973425,6162499.754893564
3,EF73_3,0.206190415174156,EF73,637500.2209097057,6167499.784967061
3,EF74_3,0.147375619149485,EF74,637500.2099802837,6172499.859987579
3,EF75_3,0.230130254925418,EF75,637500.1965109793,6177499.868648433
3,EF80_3,0.19694106245420523,EF80,642500.2088201805,6152499.8108049715
3,EF81_3,0.256410831898221,EF81,642500.2076575521,6157499.794391641
3,EF82_3,0.1905278527398361,EF82,642500.2525552853,6162499.825148337
3,EF83_3,0.22967529125279537,EF83,642500.2193219239,6167499.787668911
3,EF84_3,0.21243120219830708,EF84,642500.2285859047,6172499.797269886
3,EF85_3,0.16399924452340223,EF85,642500.21561393,6177499.851854328
3,EF90_3,0.19389915130088328,EF90,647500.1968096502,6152499.796485673
3,EF91_3,0.21979540800948033,EF91,647500.2025785598,6157499.7218825305
3,EF92_3,0.1601220782854123,EF92,647500.2346433615,6162499.805848634
3,EF93_3,0.2645624829485239,EF93,647500.2356114537,6167499.82370214
3,EF94_3,0.2169994318804516,EF94,647500.2037785846,6172499.7753932625
3,EF95_3,0.20380589501277852,EF95,647500.2592736807,6177499.776383813
3,EF96_3,0.17823678267839907,EF96,647500.2117523269,6182499.820248794
3,EG00_3,0.19631175878475476,EG00,602500.2075383858,6102499.752554977
3,EG01_3,0.17687627566380823,EG01,602500.1653777973,6107499.795298992
3,EG02_3,0.1694647400312192,EG02,602500.1872741627,6112499.769644517
3,EG03_3,0.17652460958351673,EG03,602500.1419317244,6117499.7838923335
3,EG04_3,0.19086288643114635,EG04,602500.155513311,6122499.8409451125
3,EG05_3,0.173768888401617,EG05,602500.1656467885,6127499.828034153
3,EG06_3,0.16480902951066084,EG06,602500.1685459674,6132499.856394926
3,EG07_3,0.1616433180351232,EG07,602500.1629894912,6137499.92599472
3,EG08_3,0.1527937747110445,EG08,602500.1503424796,6142499.925529002
3,EG09_3,0.18979744990254876,EG09,602500.129395011,6147499.854962473
3,EG10_3,0.20598593960443293,EG10,607500.1768091201,6102499.818051623
3,EG11_3,0.16748368627876173,EG11,607500.1588724807,6107499.833944355
3,EG12_3,0.17864502662891826,EG12,607500.1894330485,6112499.781570623
3,EG13_3,0.17331048199687996,EG13,607500.2007176884,6117499.770624214
3,EG14_3,0.162535778408147,EG14,607500.191500505,6122499.801071322
3,EG15_3,0.17333880400377488,EG15,607500.1605547919,6127499.872877927
3,EG16_3,0.16971717813606813,EG16,607500.1727981393,6132499.876283166
3,EG17_3,0.1581528937108137,EG17,607500.1607226082,6137499.920979434
3,EG18_3,0.16221356235478845,EG18,607500.1891095479,6142499.897205671
3,EG19_3,0.17692336783176146,EG19,607500.1905837624,6147499.914653578
3,EG21_3,0.2091585218642005,EG21,612500.2348921587,6107499.801269529
3,EG22_3,0.17098029279622137,EG22,612500.2114052242,6112499.729918555
3,EG23_3,0.15822310598722514,EG23,612500.2139353334,6117499.81291228
3,EG24_3,0.15903594517888997,EG24,612500.1830770366,6122499.826076767
3,EG25_3,0.18867506544318252,EG25,612500.1782985982,6127499.882253152
3,EG26_3,0.22349291943020916,EG26,612500.200980525,6132499.870141038
3,EG27_3,0.16027453653960622,EG27,612500.1834815647,6137499.899357621
3,EG30_3,0.19016976431409532,EG30,617500.2479844969,6102499.703469929
3,EG40_3,0.16118670551798228,EG40,622500.2477358868,6102499.741840948
3,EG41_3,0.15014785329011948,EG41,622500.2452251216,6107499.731631616
3,EG42_3,0.1727751459999808,EG42,622500.1778913485,6112499.7629739335
3,EG76_3,0.1753930087738279,EG76,637500.1687954454,6132499.737980937
3,EG77_3,0.20387651980158414,EG77,637500.2055718829,6137499.833220863
3,EG84_3,0.2168383469261745,EG84,642500.1821270094,6122499.752851817
3,EG85_3,0.19724416974842118,EG85,642500.1759146599,6127499.685259293
3,EG86_3,0.16229230712689433,EG86,642500.1595471228,6132499.774305279
3,EG87_3,0.1854655881915084,EG87,642500.2018560335,6137499.799481912
3,EG88_3,0.2212069559852718,EG88,642500.1743270823,6142499.756653693
3,EG89_3,0.20841530957079402,EG89,642500.1983442176,6147499.761124632
3,EG94_3,0.23727849695659906,EG94,647500.1901655146,6122499.657195898
3,EG95_3,0.17809904082284114,EG95,647500.2152539153,6127499.751259625
3,EG96_3,0.18593080000272313,EG96,647500.1581773825,6132499.777421652
3,EG97_3,0.17380476801611572,EG97,647500.2075852172,6137499.741983493
3,EG98_3,0.1852370237530886,EG98,647500.1677108221,6142499.749803021
3,EG99_3,0.18497190882857228,EG99,647500.2267514672,6147499.807189792
3,EH08_3,0.20577774472219398,EH08,602500.1620083671,6092499.788471238
3,EH09_3,0.17193741363066053,EH09,602500.1847436636,6097499.749779848
3,EH13_3,0.20461266445863396,EH13,607500.2490966875,6067499.876797193
3,EH14_3,0.21781192175179878,EH14,607500.1881287517,6072499.820997513
3,EH15_3,0.20215162028915235,EH15,607500.1822916985,6077499.808419616
3,EH16_3,0.25981200399926957,EH16,607500.1659957448,6082499.837500439
3,EH17_3,0.1984541073620791,EH17,607500.2047700058,6087499.798479977
3,EH23_3,0.22900614115090132,EH23,612500.2034834018,6067499.887341654
3,EH24_3,0.17474468190067569,EH24,612500.212235677,6072499.811950394
3,EH25_3,0.1581472429737271,EH25,612500.1963975141,6077499.778303541
3,EH26_3,0.17759602238294592,EH26,612500.2189002938,6082499.787972259
3,EH27_3,0.16063965940370056,EH27,612500.2170047599,6087499.728058776
3,EH28_3,0.16662095403256216,EH28,612500.1867045197,6092499.709788004
3,EH37_3,0.17158505348176453,EH37,617500.189780661,6087499.7680580225
3,EH38_3,0.17265104025680805,EH38,617500.2326236423,6092499.741423128
3,EH39_3,0.1841382866984962,EH39,617500.2301707517,6097499.75643296
3,EH49_3,0.238886217802091,EH49,622500.2536596373,6097499.68413302
3,EH54_3,0.2148674621814981,EH54,627500.2315571259,6072499.726827907
3,EH64_3,0.15602067032968683,EH64,632500.2489600373,6072499.714002534
3,EH66_3,0.24014056324054892,EH66,632500.2653655324,6082499.7089617625
3,EH67_3,0.21709419559784032,EH67,632500.240557838,6087499.660661096
3,EH73_3,0.18111439993046796,EH73,637500.2350246185,6067499.714042777
3,EH74_3,0.21319226317938167,EH74,637500.223421336,6072499.668808251
3,EH75_3,0.2101773886622797,EH75,637500.2391012611,6077499.669303549
3,EH76_3,0.24578103053542188,EH76,637500.2196151961,6082499.602278083
3,EH77_3,0.2225380164513152,EH77,637500.2241880391,6087499.580903596
3,EH78_3,0.22872047553278754,EH78,637500.2511288846,6092499.605141959
3,EH83_3,0.2078087024060568,EH83,642500.2303255753,6067499.715175096
3,EH84_3,0.1688687194718592,EH84,642500.2311327682,6072499.703858004
3,EH85_3,0.2014968115595579,EH85,642500.2474008938,6077499.627137704
3,EH86_3,0.16291469176375367,EH86,642500.2097630593,6082499.594188381
3,EH87_3,0.21638084447331188,EH87,642500.2449209422,6087499.609035659
3,EH88_3,0.23499276414902165,EH88,642500.2264585433,6092499.556320992
3,EH92_3,0.22550562253380244,EH92,647500.1957499915,6062499.687774925
3,EH93_3,0.1744517703120745,EH93,647500.2119518482,6067499.673581073
3,EH94_3,0.17209815155817326,EH94,647500.2300924656,6072499.59413029
3,EH95_3,0.15886292164625768,EH95,647500.2412025952,6077499.671872045
3,EH96_3,0.1706489425590259,EH96,647500.2545091603,6082499.573025044
3,EH97_3,0.1513726091859449,EH97,647500.2573792844,6087499.631286464
3,FE00_3,0.21082029599998445,FE00,652500.2204548502,6202499.884181068
3,FE10_3,0.16914397672189405,FE10,657500.2140283118,6202499.844869955
3,FE20_3,0.20344751686472637,FE20,662500.2220386828,6202499.902415118
3,FE30_3,0.2534374677340838,FE30,667500.2691536737,6202499.833699634
3,FE40_3,0.1777102285057847,FE40,672500.3008507392,6202499.858164246
3,FE60_3,0.18698341117144826,FE60,682500.2713181422,6202499.84461653
3,FE61_3,0.15666290620507323,FE61,682500.341989624,6207499.920597611
3,FE71_3,0.172877318129596,FE71,687500.2984424902,6207499.905692995
3,FE72_3,0.211867553936737,FE72,687500.363131253,6212499.947936701
3,FE80_3,0.1798134131521714,FE80,692500.3264155694,6202499.858064589
3,FE81_3,0.1862043682943601,FE81,692500.373541418,6207499.882120019
3,FE82_3,0.23997799157147728,FE82,692500.3463343331,6212499.956222788
3,FE83_3,0.1935786949391864,FE83,692500.3720132804,6217499.974638728
3,FE90_3,0.1672609186718046,FE90,697500.3555868408,6202499.883863147
3,FE91_3,0.21744183485994134,FE91,697500.3965691917,6207499.840916168
3,FE92_3,0.1573596690444614,FE92,697500.4091896428,6212499.850916306
3,FE93_3,0.1534121773240176,FE93,697500.3909917022,6217499.9137929315
3,FE94_3,0.15583231970607547,FE94,697500.4689643438,6222499.923962992
3,FF00_3,0.1604030711422988,FF00,652500.2143912867,6152499.7862611525
3,FF01_3,0.15019842683253304,FF01,652500.2248090926,6157499.774261067
3,FF02_3,0.15231701690140442,FF02,652500.2492441322,6162499.809702141
3,FF03_3,0.2021123658894067,FF03,652500.2266870057,6167499.7790860785
3,FF04_3,0.17048412227459364,FF04,652500.2144126588,6172499.795813887
3,FF05_3,0.2263113292285138,FF05,652500.2143685349,6177499.748581729
3,FF06_3,0.15577251373482792,FF06,652500.2168219197,6182499.859854026
3,FF07_3,0.14873978803093793,FF07,652500.231527698,6187499.795811617
3,FF08_3,0.21270220985070162,FF08,652500.2487440347,6192499.778918769
3,FF10_3,0.15938865442636455,FF10,657500.2143405195,6152499.777359325
3,FF11_3,0.1480436311273147,FF11,657500.2348184625,6157499.726247546
3,FF12_3,0.17065920198782608,FF12,657500.2533010718,6162499.722690075
3,FF13_3,0.16247181579153433,FF13,657500.2678361252,6167499.766637617
3,FF14_3,0.15339837007785212,FF14,657500.2804860991,6172499.746787113
3,FF15_3,0.17317762144793583,FF15,657500.2224905242,6177499.772069843
3,FF16_3,0.15886606497643432,FF16,657500.2175718555,6182499.846975895
3,FF17_3,0.20178253556724157,FF17,657500.2675925975,6187499.860202954
3,FF18_3,0.1743654062364092,FF18,657500.2452246804,6192499.807152677
3,FF19_3,0.20106646844503637,FF19,657500.2697239395,6197499.803575764
3,FF20_3,0.15495937947629873,FF20,662500.2125909128,6152499.769090225
3,FF21_3,0.1987213858254147,FF21,662500.2406863412,6157499.799661659
3,FF22_3,0.1648588131147197,FF22,662500.2548913385,6162499.766637423
3,FF23_3,0.16906584577013972,FF23,662500.2491310743,6167499.781214133
3,FF24_3,0.178594264564648,FF24,662500.2884650016,6172499.734430286
3,FF25_3,0.15401144232161823,FF25,662500.2368262114,6177499.844051934
3,FF26_3,0.17321896895117203,FF26,662500.2303838229,6182499.780956389
3,FF27_3,0.14686514980220158,FF27,662500.2586700729,6187499.767595499
3,FF28_3,0.18519327046182807,FF28,662500.2569147471,6192499.801572185
3,FF29_3,0.18085619724687482,FF29,662500.2231507814,6197499.882831992
3,FF30_3,0.16053226924487443,FF30,667500.2250742009,6152499.760797058
3,FF31_3,0.15100986437608957,FF31,667500.2664735457,6157499.77134995
3,FF32_3,0.1901450707233443,FF32,667500.2781001843,6162499.71839387
3,FF33_3,0.160582025373924,FF33,667500.2537457212,6167499.713120071
3,FF34_3,0.1568233541103972,FF34,667500.2543204613,6172499.757887186
3,FF35_3,0.19157188315387846,FF35,667500.2819172617,6177499.741394598
3,FF36_3,0.14602149265530628,FF36,667500.2673523247,6182499.7724213265
3,FF37_3,0.17132235527663187,FF37,667500.2713154595,6187499.853328593
3,FF38_3,0.15326868278848169,FF38,667500.2333278777,6192499.870393818
3,FF39_3,0.17921923895454797,FF39,667500.2764708342,6197499.828398651
3,FF40_3,0.17212768842156448,FF40,672500.2677202892,6152499.75185617
3,FF41_3,0.15726980292799544,FF41,672500.2610297143,6157499.749462805
3,FF42_3,0.18874808671763033,FF42,672500.2674698508,6162499.797357992
3,FF43_3,0.16325608320474608,FF43,672500.289242156,6167499.784242888
3,FF44_3,0.16863533398103545,FF44,672500.2569006486,6172499.818821288
3,FF45_3,0.17615422131658134,FF45,672500.298489102,6177499.7947630705
3,FF46_3,0.17528183898398378,FF46,672500.2817369283,6182499.818284865
3,FF50_3,0.1644152918780297,FF50,677500.2932886138,6152499.739124405
3,FF51_3,0.16796823526859153,FF51,677500.3033863106,6157499.735752224
3,FF52_3,0.17311350590072191,FF52,677500.247585791,6162499.780240425
3,FF53_3,0.15278151427939288,FF53,677500.2543300018,6167499.7663993435
3,FF54_3,0.1797047278772821,FF54,677500.2538217055,6172499.802859116
3,FF55_3,0.158418625488556,FF55,677500.2483948858,6177499.778318752
3,FF56_3,0.22036426769091236,FF56,677500.2940670673,6182499.80652333
3,FF57_3,0.18972860295047225,FF57,677500.2630915587,6187499.882293927
3,FF60_3,0.18288423349568464,FF60,682500.2545312074,6152499.719203852
3,FF61_3,0.19683384169644325,FF61,682500.2832841513,6157499.724413432
3,FF62_3,0.1995471523293094,FF62,682500.2931610722,6162499.780151567
3,FF63_3,0.14729550494535434,FF63,682500.286603715,6167499.775118978
3,FF64_3,0.18409318054284157,FF64,682500.2567777862,6172499.820493967
3,FF65_3,0.2559577153530678,FF65,682500.2689476068,6177499.807606941
3,FF66_3,0.14907072540842792,FF66,682500.253306334,6182499.845007382
3,FF67_3,0.15147663394738972,FF67,682500.2749867147,6187499.824026549
3,FF69_3,0.1729604155501814,FF69,682500.286269831,6197499.823893157
3,FF70_3,0.17149067047836722,FF70,687500.2937067151,6152499.696531474
3,FF71_3,0.16274589987093738,FF71,687500.2797492278,6157499.717192857
3,FF72_3,0.17842042170247696,FF72,687500.2940864991,6162499.791177767
3,FF73_3,0.1751550442452471,FF73,687500.276108928,6167499.804490101
3,FF74_3,0.20398858827469815,FF74,687500.2865121333,6172499.759767374
3,FF75_3,0.20696992361245697,FF75,687500.3181023151,6177499.768186162
3,FF76_3,0.2251694671480597,FF76,687500.3057092606,6182499.826981119
3,FF77_3,0.15782702321511632,FF77,687500.3145880764,6187499.827555462
3,FF78_3,0.16513387498057203,FF78,687500.2749215045,6192499.878377509
3,FF79_3,0.20384007178681812,FF79,687500.3143556966,6197499.873560948
3,FF80_3,0.14813871541470458,FF80,692500.3003915065,6152499.665078906
3,FF81_3,0.14859855761697494,FF81,692500.3087101678,6157499.713388103
3,FF82_3,0.17961625504589535,FF82,692500.3342172247,6162499.7039436465
3,FF83_3,0.20028186450492302,FF83,692500.3066476895,6167499.745143122
3,FF84_3,0.21804526881823236,FF84,692500.2915752039,6172499.7284601815
3,FF86_3,0.210283166387264,FF86,692500.3421648205,6182499.746437445
3,FF87_3,0.1878120306636008,FF87,692500.3401528873,6187499.778193614
3,FF88_3,0.180956780388846,FF88,692500.3360075087,6192499.8630453255
3,FF89_3,0.1723450699890128,FF89,692500.3322349075,6197499.889691258
3,FF90_3,0.14059564866137725,FF90,697500.3486702319,6152499.738025841
3,FF91_3,0.17366886000550147,FF91,697500.3229910781,6157499.709487912
3,FF92_3,0.23667053356898698,FF92,697500.293774317,6162499.734567302
3,FF93_3,0.18185836592650573,FF93,697500.3265644838,6167499.704813483
3,FF94_3,0.22822597441176903,FF94,697500.3508075213,6172499.728548656
3,FF95_3,0.19899673295027626,FF95,697500.3012456638,6177499.8028586125
3,FF96_3,0.1857340489916814,FF96,697500.3061860544,6182499.82213949
3,FF97_3,0.19068465351403857,FF97,697500.3003211509,6187499.7834761925
3,FF98_3,0.15993845415907285,FF98,697500.3387565847,6192499.800885114
3,FF99_3,0.14449673457218826,FF99,697500.3563003049,6197499.871448284
3,FG04_3,0.16481947477817588,FG04,652500.2116871931,6122499.731481395
3,FG05_3,0.1858857085084247,FG05,652500.2171045082,6127499.660736048
3,FG06_3,0.1675709966065921,FG06,652500.1805834217,6132499.7467744155
3,FG07_3,0.16083710248909935,FG07,652500.1714465149,6137499.7692362005
3,FG08_3,0.1880821286841294,FG08,652500.1877744175,6142499.728074739
3,FG09_3,0.16091712126484445,FG09,652500.2237905464,6147499.734495867
3,FG14_3,0.1835125771298961,FG14,657500.2100665862,6122499.639163951
3,FG15_3,0.1627266976324641,FG15,657500.1898129255,6127499.635449556
3,FG16_3,0.20290815555494332,FG16,657500.1792098745,6132499.679580689
3,FG17_3,0.17257885198700343,FG17,657500.1763130119,6137499.771510345
3,FG18_3,0.19921762751263142,FG18,657500.1871278463,6142499.68869132
3,FG19_3,0.16556837120310114,FG19,657500.1978004752,6147499.764823828
3,FG24_3,0.20149627706296047,FG24,662500.1893252225,6122499.713272569
3,FG25_3,0.20938922228480777,FG25,662500.212405978,6127499.6770139495
3,FG26_3,0.16706686551954422,FG26,662500.2293112001,6132499.688712805
3,FG27_3,0.16590271649602126,FG27,662500.2380894625,6137499.748319519
3,FG28_3,0.1956532438777151,FG28,662500.2408897995,6142499.744536591
3,FG29_3,0.1749365836987279,FG29,662500.2357788663,6147499.677311915
3,FG33_3,0.17708113007210363,FG33,667500.2205645419,6117499.620359663
3,FG34_3,0.16948201135607505,FG34,667500.2407739353,6122499.62178409
3,FG35_3,0.19918211124566224,FG35,667500.2410699656,6127499.67131439
3,FG36_3,0.1569209534632209,FG36,667500.223709299,6132499.657654755
3,FG37_3,0.17420663161591524,FG37,667500.2459156871,6137499.694400441
3,FG38_3,0.15095795963705702,FG38,667500.246432031,6142499.6678515
3,FG39_3,0.159792622483736,FG39,667500.2190836334,6147499.6891986625
3,FG43_3,0.16604436660490482,FG43,672500.2258820928,6117499.596572478
3,FG44_3,0.157204737503499,FG44,672500.2404861517,6122499.693047497
3,FG45_3,0.15004884986563316,FG45,672500.2238220301,6127499.726472702
3,FG46_3,0.1829208308744259,FG46,672500.2374023632,6132499.69926705
3,FG47_3,0.1649623256448549,FG47,672500.2747216006,6137499.722619677
3,FG48_3,0.18022264560154666,FG48,672500.2746404527,6142499.682758598
3,FG49_3,0.20921232094980124,FG49,672500.2308515612,6147499.690869135
3,FG51_3,0.19948145897928032,FG51,677500.2769194953,6107499.589955671
3,FG52_3,0.1897094332513016,FG52,677500.260739334,6112499.577837041
3,FG53_3,0.17823827892243624,FG53,677500.2611837294,6117499.616630811
3,FG54_3,0.155458450465151,FG54,677500.2760694259,6122499.706284379
3,FG55_3,0.16181796053230021,FG55,677500.2485989162,6127499.621722549
3,FG56_3,0.18272391816281924,FG56,677500.2903632673,6132499.70169495
3,FG57_3,0.14886582402836726,FG57,677500.2811134357,6137499.718577848
3,FG58_3,0.20608335742419248,FG58,677500.2822108439,6142499.674861006
3,FG59_3,0.20355252635709098,FG59,677500.2869998979,6147499.681728301
3,FG60_3,0.15347166635511264,FG60,682500.2334478453,6102499.59563694
3,FG61_3,0.20800389032632244,FG61,682500.2429297345,6107499.64593825
3,FG62_3,0.14499519368506644,FG62,682500.2601156291,6112499.636107586
3,FG63_3,0.151623413426331,FG63,682500.2782719862,6117499.677322921
3,FG64_3,0.1837600804847947,FG64,682500.2997839985,6122499.658293756
3,FG65_3,0.16885098308885071,FG65,682500.2543705795,6127499.687580657
3,FG66_3,0.19057914172159782,FG66,682500.2715598893,6132499.659124765
3,FG67_3,0.2225597644871964,FG67,682500.2809808651,6137499.681488141
3,FG68_3,0.21427680258232507,FG68,682500.2850436782,6142499.643376395
3,FG69_3,0.185963268132004,FG69,682500.2769601031,6147499.655967729
3,FG70_3,0.15341191088184258,FG70,687500.2749447277,6102499.555240454
3,FG71_3,0.18996662270759457,FG71,687500.2711367387,6107499.614428979
3,FG72_3,0.1676807032897318,FG72,687500.2596549657,6112499.613608101
3,FG73_3,0.2349436607416626,FG73,687500.2973089004,6117499.666636524
3,FG74_3,0.21037139204602745,FG74,687500.3227844504,6122499.659540088
3,FG75_3,0.19065074509959623,FG75,687500.2656673533,6127499.700801892
3,FG76_3,0.1531942356670171,FG76,687500.3190664198,6132499.68719706
3,FG77_3,0.15431761121353066,FG77,687500.2854871633,6137499.721830154
3,FG78_3,0.15642883562198606,FG78,687500.294305089,6142499.698789443
3,FG79_3,0.16551051912259143,FG79,687500.2751403373,6147499.7265565675
3,FG80_3,0.13553538301258933,FG80,692500.2601699218,6102499.523256032
3,FG81_3,0.16243295189348347,FG81,692500.2449257197,6107499.60061101
3,FG82_3,0.1796428812955316,FG82,692500.270379107,6112499.620822028
3,FG83_3,0.24072434352793157,FG83,692500.2704610613,6117499.581073102
3,FG84_3,0.2856509135595483,FG84,692500.3017700722,6122499.5952903135
3,FG85_3,0.24309923462403663,FG85,692500.2983532327,6127499.660655089
3,FG86_3,0.15460960259516315,FG86,692500.3263061603,6132499.668636978
3,FG87_3,0.17212518675786348,FG87,692500.3198407196,6137499.6164119765
3,FG88_3,0.17920168393312985,FG88,692500.3303715999,6142499.729143381
3,FG89_3,0.1608189418263551,FG89,692500.3068019298,6147499.670310448
3,FG92_3,0.18289168477557033,FG92,697500.24892862665,6112499.542973782
3,FG93_3,0.16586590610131474,FG93,697500.2722987161,6117499.533765045
3,FG94_3,0.14597412083348013,FG94,697500.3112419588,6122499.578683486
3,FG95_3,0.23190786179352293,FG95,697500.3047563492,6127499.563608582
3,FG96_3,0.23890480362761926,FG96,697500.3091473787,6132499.602535079
3,FG97_3,0.22498358167672594,FG97,697500.3219843409,6137499.695401272
3,FG98_3,0.23513499728613718,FG98,697500.3508036272,6142499.619688079
3,FG99_3,0.1806802436568617,FG99,697500.3149968215,6147499.706177678
3,FH01_3,0.21546128025748823,FH01,652500.1476911665,6057499.672137209
3,FH02_3,0.18655829333146456,FH02,652500.1450141938,6062499.66186962
3,FH03_3,0.2170979527140987,FH03,652500.1915353996,6067499.6998956185
3,FH04_3,0.19164675234581202,FH04,652500.1604771961,6072499.670583969
3,FH05_3,0.14344678529043162,FH05,652500.1788386654,6077499.578235263
3,FH06_3,0.14144803020021987,FH06,652500.2371696586,6082499.645297011
3,FH07_3,0.185800136624468,FH07,652500.2166753336,6087499.533638527
3,FH08_3,0.2208151301707678,FH08,652500.2325856738,6092499.581303407
3,FH11_3,0.19561400223810996,FH11,657500.1262107163,6057499.645298414
3,FH12_3,0.1466144532702409,FH12,657500.1704044837,6062499.696315981
3,FH13_3,0.15113366229691175,FH13,657500.1879686262,6067499.682293598
3,FH14_3,0.15374908898118653,FH14,657500.1772087506,6072499.60318349
3,FH15_3,0.1499841490198841,FH15,657500.1967778043,6077499.572426094
3,FH16_3,0.16647238376102275,FH16,657500.1805786046,6082499.587730882
3,FH18_3,0.19900316772381815,FH18,657500.2338967368,6092499.540600677
3,FH21_3,0.1876446192534121,FH21,662500.1301028883,6057499.666921422
3,FH22_3,0.15717740348108908,FH22,662500.1620149246,6062499.674904235
3,FH23_3,0.1643604255979651,FH23,662500.1522521604,6067499.6179124275
3,FH24_3,0.21743214165207903,FH24,662500.1594183256,6072499.609451599
3,FH25_3,0.15032987000430068,FH25,662500.1815777237,6077499.649476749
3,FH29_3,0.2424326231185555,FH29,662500.2137666696,6097499.619101521
3,FH32_3,0.14168013138379362,FH32,667500.1352127434,6062499.596899727
3,FH33_3,0.16825516058521933,FH33,667500.1600240769,6067499.619644241
3,FH34_3,0.163173087757945,FH34,667500.1262541488,6072499.577417303
3,FH35_3,0.18172158431288737,FH35,667500.156540169,6077499.58618157
3,FH36_3,0.22001029500437064,FH36,667500.1845546081,6082499.643502697
3,FH42_3,0.1604989662750946,FH42,672500.1655806476,6062499.575288157
3,FH43_3,0.1624176255896885,FH43,672500.1619102128,6067499.684537786
3,FH44_3,0.15046743503471363,FH44,672500.1531629068,6072499.620077815
3,FH45_3,0.16488626888976546,FH45,672500.128911406,6077499.604325416
3,FH46_3,0.17097762717118456,FH46,672500.1513759971,6082499.63969187
3,FH52_3,0.1451947694508714,FH52,677500.1392029081,6062499.604546833
3,FH53_3,0.25170386342571205,FH53,677500.1172675767,6067499.586923023
3,FH54_3,0.14562820569098928,FH54,677500.1309098973,6072499.62068056
3,FH55_3,0.18063336117820133,FH55,677500.1823433801,6077499.594537913
3,FH56_3,0.18430654215334308,FH56,677500.1366827373,6082499.614611358
3,FH57_3,0.1544691089569265,FH57,677500.1888842597,6087499.577212903
3,FH58_3,0.16184031359625892,FH58,677500.2041166634,6092499.588457644
3,FH62_3,0.16332449094586018,FH62,682500.1400127035,6062499.575180733
3,FH63_3,0.17195834705426885,FH63,682500.1571327308,6067499.664842146
3,FH64_3,0.15130836093478076,FH64,682500.1391901771,6072499.580977525
3,FH65_3,0.18913250538783988,FH65,682500.1394981287,6077499.54859203
3,FH66_3,0.13871409048187525,FH66,682500.1558782132,6082499.567633862
3,FH67_3,0.13973969869196295,FH67,682500.1906726429,6087499.526819346
3,FH68_3,0.1488204008974137,FH68,682500.2371930047,6092499.537326161
3,FH71_3,0.17780802090998524,FH71,687500.123673068,6057499.554574321
3,FH72_3,0.14801673488700837,FH72,687500.1143025191,6062499.595132073
3,FH73_3,0.14482141757316633,FH73,687500.1168201703,6067499.576189147
3,FH74_3,0.17080901381644287,FH74,687500.1244441366,6072499.608917633
3,FH75_3,0.14229285416459275,FH75,687500.139621074,6077499.58203556
3,FH76_3,0.1446947177769686,FH76,687500.1555507714,6082499.606715107
3,FH77_3,0.1393597120930726,FH77,687500.1746923942,6087499.571672356
3,FH79_3,0.16559499566623773,FH79,687500.2046274128,6097499.544650838
3,FH80_3,0.1513704932196012,FH80,692500.0947199763,6052499.611192662
3,FH81_3,0.17207433287604199,FH81,692500.0242031823,6057499.60869983
3,FH83_3,0.14618201785860938,FH83,692500.131364359,6067499.547898819
3,FH84_3,0.14185499596124948,FH84,692500.1064229409,6072499.592479514
3,FH85_3,0.140915203619049,FH85,692500.1382373512,6077499.580319139
3,FH86_3,0.13868687221157483,FH86,692500.160248557,6082499.508615752
3,FH87_3,0.16436404119328568,FH87,692500.1607475667,6087499.599762127
3,FH88_3,0.16236812472030626,FH88,692500.2158820927,6092499.522771814
3,FH89_3,0.1459365504951322,FH89,692500.2497555495,6097499.497289627
3,FG90_3,0.13784334571513399,FG90,697500.2684456746,6102499.501563041
3,FG91_3,0.13936557556375814,FG91,697500.2484837822,6107499.495144536
3,FH95_3,0.15208665760300513,FH95,697500.150730151,6077499.542688702
3,FH96_3,0.1596403888264926,FH96,697500.1759652141,6082499.495040286
3,FH97_3,0.17970134362024806,FH97,697500.1691353285,6087499.499120258
3,FH98_3,0.1630438039627476,FH98,697500.1920739731,6092499.557689017
3,FH99_3,0.15136482815698943,FH99,697500.2472731089,6097499.559464772
3,GE00_3,0.1654954754133208,GE00,702500.3468220314,6202499.881296357
3,GE01_3,0.24439729609429567,GE01,702500.378710623,6207499.892304815
3,GE02_3,0.17942839276573994,GE02,702500.4334288082,6212499.848059619
3,GE03_3,0.15873619639910552,GE03,702500.4408437889,6217499.856788846
3,GE04_3,0.17112025254375834,GE04,702500.4606550329,6222499.921351904
3,GE10_3,0.1937549336911834,GE10,707500.3789717224,6202499.852386592
3,GE11_3,0.2375841863390804,GE11,707500.409073655,6207499.815850618
3,GE12_3,0.22406339163364006,GE12,707500.4404434582,6212499.835447987
3,GE13_3,0.2147606281325221,GE13,707500.4081545363,6217499.908100328
3,GE14_3,0.14282446983407976,GE14,707500.444826527,6222499.8172854865
3,GE20_3,0.18386647217503985,GE20,712500.4059752157,6202499.793334916
3,GE21_3,0.21203826401535456,GE21,712500.431105092,6207499.830216896
3,GE22_3,0.1701573767674456,GE22,712500.4466481479,6212499.812149445
3,GE23_3,0.23410684244852553,GE23,712500.4444375301,6217499.850279269
3,GE24_3,0.17140123143804495,GE24,712500.427285722,6222499.833303753
3,GE30_3,0.19610905829737715,GE30,717500.4386215332,6202499.814452954
3,GE31_3,0.1550203660319369,GE31,717500.4664293623,6207499.823270025
3,GE32_3,0.22369819199646612,GE32,717500.4628353314,6212499.888487851
3,GE33_3,0.1907401077710315,GE33,717500.4363954787,6217499.7875834415
3,GE34_3,0.2516467901158981,GE34,717500.4297171882,6222499.857289503
3,GE42_3,0.166412424476028,GE42,722500.4542082316,6212499.8379352
3,GE43_3,0.1986585563065596,GE43,722500.4569293238,6217499.833379672
3,GF00_3,0.19073356354511692,GF00,702500.3379804895,6152499.686444453
3,GF01_3,0.1901431392781118,GF01,702500.3385118302,6157499.704640133
3,GF02_3,0.15681191310624518,GF02,702500.3195119632,6162499.776580491
3,GF03_3,0.16371950104216787,GF03,702500.351800605,6167499.682659319
3,GF04_3,0.1899413908482637,GF04,702500.3543900581,6172499.753574929
3,GF05_3,0.15426942439682648,GF05,702500.3351455712,6177499.7668023845
3,GF06_3,0.16619388721194744,GF06,702500.3492048995,6182499.8364209505
3,GF07_3,0.16352523503891125,GF07,702500.3364148074,6187499.84821207
3,GF08_3,0.182735443635174,GF08,702500.3569451347,6192499.805028212
3,GF09_3,0.16288908618139494,GF09,702500.3404156363,6197499.815104434
3,GF12_3,0.31043184026215526,GF12,707500.3696013235,6162499.715173889
3,GF13_3,0.16045064113757432,GF13,707500.3300529267,6167499.786107193
3,GF14_3,0.19766748340304277,GF14,707500.3864467979,6172499.694285468
3,GF15_3,0.15585258875387323,GF15,707500.3944162552,6177499.767333329
3,GF16_3,0.17334306472780894,GF16,707500.3620901112,6182499.782727323
3,GF17_3,0.2031410144477457,GF17,707500.3497072838,6187499.7433876665
3,GF18_3,0.1944103346242175,GF18,707500.4065654634,6192499.874692895
3,GF19_3,0.16582296739538527,GF19,707500.358158152,6197499.833901825
3,GF23_3,0.17219612746855179,GF23,712500.3560583256,6167499.683554069
3,GF24_3,0.18953318629540306,GF24,712500.3895823077,6172499.769300189
3,GF25_3,0.17764844544465583,GF25,712500.3693780791,6177499.797558002
3,GF26_3,0.18985616785149098,GF26,712500.4185002823,6182499.774381583
3,GF27_3,0.1915765607260472,GF27,712500.403282234,6187499.804788459
3,GF28_3,0.18253450667921195,GF28,712500.3893101846,6192499.780546682
3,GF29_3,0.1853039669830633,GF29,712500.4309910986,6197499.815875246
3,GF33_3,0.19505883826631806,GF33,717500.3669444381,6167499.70479759
3,GF34_3,0.16971222366178307,GF34,717500.390443028,6172499.75522035
3,GF35_3,0.18929639272557305,GF35,717500.4071713447,6177499.751367931
3,GF36_3,0.18845019168820049,GF36,717500.4089050895,6182499.80438197
3,GF37_3,0.1863561135912086,GF37,717500.398525072,6187499.802966663
3,GF38_3,0.22087608625665844,GF38,717500.4359702461,6192499.750185389
3,GF39_3,0.19004759746989353,GF39,717500.4446435908,6197499.865260167
3,GF43_3,0.22256637376645524,GF43,722500.3839188339,6167499.73768856
3,GF44_3,0.1616700206065176,GF44,722500.3996769824,6172499.762351516
3,GF45_3,0.2228068947459337,GF45,722500.392806392,6177499.732873452
3,GF46_3,0.20501992463347504,GF46,722500.4176988797,6182499.763599473
3,GF47_3,0.17943434844912934,GF47,722500.4144617681,6187499.740026254
3,GF48_3,0.17475256665980543,GF48,722500.4373197008,6192499.776501604
3,GF49_3,0.15697683923048042,GF49,722500.4265400727,6197499.758516749
3,GF52_3,0.16724581411752418,GF52,727500.4398205662,6162499.722201364
3,GF53_3,0.15642029458962495,GF53,727500.422905934,6167499.781335341
3,GF54_3,0.21059150011442054,GF54,727500.4332192165,6172499.789807921
3,GF55_3,0.19570846341287873,GF55,727500.4050477121,6177499.7442593165
3,GF63_3,0.22606556124590785,GF63,732500.4427733541,6167499.720322601
3,GF74_3,0.4632585148684985,GF74,737500.391410232,6172499.777421679
3,GG00_3,0.16926011248289444,GG00,702500.2513107894,6102499.486564997
3,GG02_3,0.14675960304195748,GG02,702500.2698174989,6112499.49328954
3,GG05_3,0.2791815709831498,GG05,702500.2956471718,6127499.520004621
3,GG06_3,0.2182940907812109,GG06,702500.3418263504,6132499.602145045
3,GG07_3,0.26225976913928906,GG07,702500.3223454107,6137499.624233186
3,GG08_3,0.1759578496663425,GG08,702500.3565356643,6142499.703241566
3,GG09_3,0.14654214724819362,GG09,702500.3203636502,6147499.722061222
3,GG10_3,0.20912435063784646,GG10,707500.2241910483,6102499.477378527
3,GG15_3,0.27703000122288535,GG15,707500.2865024854,6127499.528984483
3,GG16_3,0.1378825439249226,GG16,707500.318123319,6132499.54965108
3,GG17_3,0.15616639665674592,GG17,707500.3267206545,6137499.624520913
3,GG18_3,0.1485112610592515,GG18,707500.3150847398,6142499.642302799
3,GG20_3,0.1390995921472254,GG20,712500.2716980586,6102499.364975292
3,GG25_3,0.13380641868601606,GG25,712500.2981323673,6127499.478503297
3,GG26_3,0.15214527493538435,GG26,712500.3120173198,6132499.558293428
3,GG27_3,0.14048280919988518,GG27,712500.3559583894,6137499.584229157
3,GG28_3,0.13861473688030104,GG28,712500.3586284099,6142499.664407933
3,GG30_3,0.16955272149362532,GG30,717500.2710031869,6102499.364961077
3,GG36_3,0.1487028920833353,GG36,717500.3444608465,6132499.516067203
3,GG37_3,0.13665217911290786,GG37,717500.3570528256,6137499.610675284
3,GG40_3,0.15295210144899357,GG40,722500.2426872866,6102499.365112122
3,GH06_3,0.26754912136199444,GH06,702500.1535418842,6082499.562371342
3,GH07_3,0.17565663771598222,GH07,702500.2055944144,6087499.491482163
3,GH08_3,0.1454417152893077,GH08,702500.2079264515,6092499.47235032
3,GH09_3,0.1772901180816459,GH09,702500.2222932067,6097499.507805596
3,GH17_3,0.16895581645138377,GH17,707500.1620744534,6087499.459011547
3,GH18_3,0.13484626988728887,GH18,707500.2048840352,6092499.4855571035
3,GH19_3,0.1876206426839702,GH19,707500.2494126634,6097499.455617712
3,GH29_3,0.1691654223187008,GH29,712500.2161125919,6097499.396182269
3,GH39_3,0.1461309202910301,GH39,717500.2017694439,6097499.331568221
3,GH49_3,0.15633248327510735,GH49,722500.216261824,6097499.372189741
3,GH59_3,0.1690868716258648,GH59,727500.227613787,6097499.180401683
3,HA03_3,0.1939387898722264,HA03,865472.2272740616,6117457.74120337
3,HA04_3,0.1864005967858892,HA04,865042.1703744105,6122447.22532909
3,HA05_3,0.168017910009307,HA05,864612.115336128,6127436.838485431
3,HA06_3,0.1690554633630042,HA06,864181.8076420787,6132426.559736473
3,HA07_3,0.18079012854843599,HA07,863751.2660785005,6137416.166926846
3,HA13_3,0.15952266788340774,HA13,870461.7980367357,6117887.195561998
3,HA14_3,0.18807331857933796,HA14,870031.9513802049,6122877.127863388
3,HA15_3,0.1942350790811387,HA15,869601.845051859,6127867.055503114
3,HA16_3,0.17137437443140657,HA16,869171.5430810943,6132856.983802248
3,HA17_3,0.16722299023073525,HA17,868741.0008366904,6137846.685305342
3,HA22_3,0.20739731835429928,HA22,875881.8221458339,6113327.073579225
3,HA23_3,0.16657187500929815,HA23,875451.795731092,6118316.966683082
3,HA24_3,0.18729096560769856,HA24,875021.9214742357,6123307.113310843
3,HA25_3,0.1695629718177464,HA25,874591.8354984492,6128297.258993814
3,HA26_3,0.16851831269413117,HA26,874161.4745486901,6133287.398365342
3,HA32_3,0.18413296690973813,HA32,880871.8114806362,6113756.340020944
3,HA33_3,0.19284045869694175,HA33,880442.1265315809,6118746.823881969
3,HA34_3,0.21184434379408387,HA34,880012.2234439113,6123737.194118903
3,HA35_3,0.19041954374034428,HA35,879582.029386323,6128727.556359625
3,HA36_3,0.23290811736710015,HA36,879151.6814159437,6133717.810436713
3,HA42_3,0.15569794838779555,HA42,885862.3873392998,6114185.928670378
3,HA43_3,0.19120567675972153,HA43,885432.6339030144,6119176.530447572
3,HA44_3,0.19756209373572953,HA44,885002.6913537935,6124167.24465621
3,HA45_3,0.20442673207985038,HA45,884572.525051827,6129157.732566417
3,HA52_3,0.1638725474321662,HA52,890853.2009991016,6114615.586654353
3,HA53_3,0.16015851176365545,HA53,890423.4322463954,6119606.432185382
3,HA54_3,0.15871682271514992,HA54,889993.4047017333,6124597.271928037
