atlas,period,survey,site,X,Y,bioregion,nearest_distance,second_distance,assignment_margin
1,1970,AD90_1,AD90,447500.0709493527,6252499.57832838,Cluster 1,0.3370964684547521,0.47962903123546374,0.14253256278071164
1,1970,BD19_1,BD19,457500.063487968,6297499.744964002,Cluster 1,0.15901569563208967,0.21885158268759783,0.05983588705550816
1,1970,DC09_1,DC09,552499.6781305044,6347499.774804628,Cluster 1,0.06766610035159111,0.17297368301571586,0.10530758266412475
1,1970,DB11_1,DB11,557499.6898730142,6357499.755865983,Cluster 1,0.11644365866640324,0.11653045979630734,8.680112990409883e-5
1,1970,DB13_1,DB13,557499.6790873646,6367499.744899912,Cluster 2,0.23024575923500581,0.24420389638560988,0.013958137150604066
1,1970,DB14_1,DB14,557499.6920318474,6372499.795985679,Cluster 2,0.1065521050416677,0.1488038700459405,0.0422517650042728
1,1970,DB15_1,DB15,557499.6776623846,6377499.772861233,Cluster 2,0.08608418727874476,0.16907089493703487,0.08298670765829011
1,1970,DB16_1,DB16,557499.6934591797,6382499.787658613,Cluster 1,0.06815138730663833,0.15255954827886023,0.0844081609722219
1,1970,BD20_1,BD20,462500.0521724849,6252499.692892568,Cluster 1,0.1303972100270047,0.14921802932958186,0.018820819302577174
1,1970,DB20_1,DB20,562499.6596629414,6352499.822055593,Cluster 2,0.16277080895075874,0.2114960146420933,0.04872520569133457
1,1970,DB21_1,DB21,562499.6778171846,6357499.774650563,Cluster 1,0.2607800940741561,0.26630258000999013,0.005522485935834043
1,1970,DB22_1,DB22,562499.6515363256,6362499.764446196,Cluster 1,0.24477706018666645,0.34162437711056587,0.09684731692389942
1,1970,DB23_1,DB23,562499.6400820935,6367499.792328508,Cluster 1,0.21990502040038865,0.22343553503739935,0.0035305146370107066
1,1970,DB24_1,DB24,562499.6441820732,6372499.746949654,Cluster 2,0.07277617441121956,0.13761762547857784,0.06484145106735828
1,1970,DB25_1,DB25,562499.6611575983,6377499.739594084,Cluster 2,0.0470256435095484,0.1547758489703479,0.1077502054607995
1,1970,DB26_1,DB26,562499.6900292314,6382499.770230629,Cluster 2,0.10062417866830677,0.12024662173953084,0.01962244307122407
1,1970,DB31_1,DB31,567499.6497347835,6357499.773935058,Cluster 2,0.2093432625282363,0.252105726386473,0.042762463858236704
1,1970,DB32_1,DB32,567499.649767541,6362499.788996397,Cluster 2,0.10001300469544319,0.158813735789355,0.05880073109391182
1,1970,BD21_1,BD21,462500.04652625887,6257499.613366459,Cluster 2,0.14522280218956354,0.22783058429056624,0.0826077821010027
1,1970,DB33_1,DB33,567499.6483663965,6367499.730884405,Cluster 1,0.13030284358224994,0.18248798450672685,0.0521851409244769
1,1970,DB34_1,DB34,567499.6427126657,6372499.710880268,Cluster 3,0.10704066172511278,0.14106284262626803,0.03402218090115525
1,1970,DB35_1,DB35,567499.6318198992,6377499.728951592,Cluster 2,0.04767972622473096,0.17363457364437893,0.12595484741964796
1,1970,DB36_1,DB36,567499.676348217,6382499.674741831,Cluster 2,0.13751065872913373,0.18048830609506497,0.04297764736593124
1,1970,DB40_1,DB40,572499.6344654928,6352499.8530826,Cluster 3,0.10808316747214422,0.1468407312127331,0.03875756374058889
1,1970,DB41_1,DB41,572499.6216895938,6357499.864695008,Cluster 2,0.13230092269365423,0.23015136965610586,0.09785044696245163
1,1970,DB42_1,DB42,572499.5906535387,6362499.80320541,Cluster 2,0.11280278328092494,0.19062206885194596,0.07781928557102102
1,1970,DB43_1,DB43,572499.5984189146,6367499.780956781,Cluster 2,0.06640212457174188,0.13657092013182753,0.07016879556008565
1,1970,DB44_1,DB44,572499.5838254265,6372499.796851205,Cluster 3,0.11793609413574588,0.11996442960192698,0.0020283354661811
1,1970,DB45_1,DB45,572499.6077339851,6377499.740606079,Cluster 2,0.09226226532944702,0.15664238451379298,0.06438011918434595
1,1970,BD22_1,BD22,462500.04672205047,6262499.682150681,Cluster 2,0.14366111382812724,0.2575832884060621,0.11392217457793485
1,1970,DB46_1,DB46,572499.6071544627,6382499.722435604,Cluster 1,0.3742977596086899,0.3787237553042438,0.004425995695553908
1,1970,DB52_1,DB52,577499.5523310879,6362499.807698655,Cluster 2,0.11759538182875746,0.1602202111183768,0.042624829289619345
1,1970,DB53_1,DB53,577499.5700187528,6367499.831857608,Cluster 2,0.07426616261462005,0.19161181530930418,0.11734565269468414
1,1970,DB54_1,DB54,577499.5493575014,6372499.782863706,Cluster 2,0.12996516320817117,0.17267247409821274,0.04270731089004157
1,1970,DB55_1,DB55,577499.5492296974,6377499.66181914,Cluster 2,0.13049891716496298,0.14023560622824438,0.0097366890632814
1,1970,DB56_1,DB56,577499.5641771164,6382499.691316109,Cluster 1,0.10779006752400883,0.12003473752873081,0.012244670004721986
1,1970,DB57_1,DB57,577499.537492288,6387499.64755162,Cluster 2,0.13616132285527852,0.15696938708409836,0.02080806422881984
1,1970,DB60_1,DB60,582499.5631405126,6352499.870773819,Cluster 2,0.04608935770350133,0.15072438412798497,0.10463502642448363
1,1970,DB62_1,DB62,582499.4927491389,6362499.801014301,Cluster 2,0.035636330945274415,0.16392605368647292,0.12828972274119851
1,1970,DB63_1,DB63,582499.5234498292,6367499.770816479,Cluster 2,0.07539136255543152,0.20593888797236526,0.13054752541693374
1,1970,DB64_1,DB64,582499.4955886239,6372499.778775646,Cluster 2,0.10886268555541662,0.15549886312315472,0.04663617756773811
1,1970,DB65_1,DB65,582499.4702860015,6377499.714756137,Cluster 1,0.10949339128794107,0.17339956010844293,0.06390616882050186
1,1970,DB66_1,DB66,582499.5038627629,6382499.691246823,Cluster 2,0.13935605835770531,0.19029746548756837,0.05094140712986306
1,1970,DB67_1,DB67,582499.4776775325,6387499.594470724,Cluster 1,0.11120338328545287,0.1981062653634252,0.08690288207797234
1,1970,DB68_1,DB68,582499.4481154357,6392499.536917151,Cluster 1,0.3094223572904745,0.4069807308017652,0.09755837351129071
1,1970,DB70_1,DB70,587499.5384229121,6352499.942973814,Cluster 1,0.16022113127114357,0.17979904531907845,0.01957791404793488
1,1970,DB71_1,DB71,587499.4899705768,6357499.898755164,Cluster 2,0.1849919069768238,0.2671488720451829,0.0821569650683591
1,1970,DB72_1,DB72,587499.4900431393,6362499.784009084,Cluster 2,0.09068783237216728,0.10560948702749938,0.0149216546553321
1,1970,DB73_1,DB73,587499.4724052523,6367499.8200299665,Cluster 2,0.08432639381727472,0.18193577755516732,0.0976093837378926
1,1970,DB74_1,DB74,587499.4405852477,6372499.784163884,Cluster 2,0.11116249210632137,0.11466025101375063,0.0034977589074292603
1,1970,DB75_1,DB75,587499.4508390957,6377499.788968703,Cluster 1,0.12321272888089753,0.20910372238424618,0.08589099350334865
1,1970,DB77_1,DB77,587499.4197526195,6387499.582648063,Cluster 2,0.14447833404236546,0.17725145861648942,0.03277312457412396
1,1970,DB78_1,DB78,587499.3735523641,6392499.482754864,Cluster 1,0.10275945102347529,0.17849229676755787,0.07573284574408258
1,1970,DB79_1,DB79,587499.3020525747,6397499.533405255,Cluster 2,0.19746700629577663,0.21878821750548538,0.021321211209708757
1,1970,DB80_1,DB80,592499.4685152426,6352499.8696485795,Cluster 2,0.2395857607006231,0.24983961630426924,0.01025385560364614
1,1970,BD26_1,BD26,462500.0396707308,6282499.770858137,Cluster 1,0.13060696608335157,0.20429323109852088,0.07368626501516931
1,1970,DB81_1,DB81,592499.4687914647,6357499.903263027,Cluster 1,0.14219505434318475,0.18563424940468223,0.04343919506149749
1,1970,DB82_1,DB82,592499.4395459738,6362499.8651057985,Cluster 2,0.09429677226272773,0.1316609057330006,0.03736413347027287
1,1970,DB83_1,DB83,592499.43704912,6367499.867802329,Cluster 3,0.11586902689286217,0.15520297818161158,0.039333951288749405
1,1970,DB89_1,DB89,592499.276854376,6397499.389086184,Cluster 2,0.1303918919221454,0.15775489723204447,0.027363005309899074
1,1970,DC00_1,DC00,552499.7981343176,6302499.822003722,Cluster 3,0.09939724996545385,0.21485460999923833,0.11545736003378448
1,1970,DC01_1,DC01,552499.82723216,6307499.828336293,Cluster 2,0.07950594591295247,0.12001262317119352,0.040506677258241044
1,1970,DC02_1,DC02,552499.7944827778,6312499.871378481,Cluster 2,0.1033095675539909,0.12613976212676503,0.022830194572774132
1,1970,BD27_1,BD27,462500.0084153306,6287499.80222181,Cluster 2,0.1322129810104042,0.14007215670427206,0.007859175693867848
1,1970,DC03_1,DC03,552499.7615257066,6317499.840557125,Cluster 2,0.10287134845961203,0.15027486246469732,0.04740351400508529
1,1970,DC04_1,DC04,552499.7262227507,6322499.847153073,Cluster 3,0.12369982407113099,0.1430810351967907,0.0193812111256597
1,1970,DC05_1,DC05,552499.6892463007,6327499.779825433,Cluster 1,0.1104337563558234,0.27034927227170336,0.15991551591587994
1,1970,DC10_1,DC10,557499.8206087413,6302499.8354761265,Cluster 2,0.07032932682883984,0.11456301413215854,0.0442336873033187
1,1970,DC11_1,DC11,557499.7664055785,6307499.841569215,Cluster 3,0.06467280176397025,0.20183448932792603,0.13716168756395578
1,1970,DC12_1,DC12,557499.7547180243,6312499.886004784,Cluster 2,0.06334789424028969,0.1789885162845026,0.11564062204421291
1,1970,DC13_1,DC13,557499.7253695964,6317499.856604637,Cluster 2,0.12376240585062911,0.2292178376806286,0.10545543182999947
1,1970,DC14_1,DC14,557499.73675981,6322499.865488209,Cluster 1,0.15151407612109466,0.17222597032619127,0.020711894205096615
1,1970,DC15_1,DC15,557499.7273178204,6327499.9117859565,Cluster 1,0.10061784340986057,0.1674638321854957,0.06684598877563513
1,1970,BD28_1,BD28,462500.04522956035,6292499.758577253,Cluster 1,0.12636308647086736,0.12865255173408743,0.002289465263220075
1,1970,DC16_1,DC16,557499.6978451451,6332499.884155993,Cluster 2,0.09697170433197562,0.11841811034281445,0.02144640601083883
1,1970,DC17_1,DC17,557499.7080623058,6337499.783408084,Cluster 2,0.09923334942060516,0.11335165975228734,0.014118310331682177
1,1970,DC18_1,DC18,557499.693518839,6342499.831295908,Cluster 1,0.08327895635912128,0.17271863439967144,0.08943967804055017
1,1970,DC19_1,DC19,557499.6565704292,6347499.805162802,Cluster 1,0.10713537423881522,0.14826393914368935,0.041128564904874126
1,1970,DC20_1,DC20,562499.7978840575,6302499.938668321,Cluster 2,0.09880278971342887,0.1454176101092306,0.046614820395801726
1,1970,DC21_1,DC21,562499.7828758188,6307499.956366545,Cluster 2,0.05418804551028904,0.1585999242093475,0.10441187869905845
1,1970,DC22_1,DC22,562499.7944753097,6312499.901183143,Cluster 2,0.09927975886019368,0.12198540017653592,0.022705641316342243
1,1970,DC23_1,DC23,562499.7692934149,6317499.883481737,Cluster 3,0.06125185220553243,0.2074721650756871,0.1462203128701547
1,1970,DC24_1,DC24,562499.7065775642,6322499.903231546,Cluster 1,0.1755583469170462,0.3264143695619163,0.15085602264487008
1,1970,DC25_1,DC25,562499.7284663095,6327499.850920295,Cluster 1,0.19087704461977062,0.3287659686237745,0.13788892400400388
1,1970,BD29_1,BD29,462500.0292985126,6297499.752303558,Cluster 1,0.13608109493873266,0.190567740922559,0.054486645983826326
1,1970,DC26_1,DC26,562499.7110273131,6332499.835998577,Cluster 3,0.09279471329065747,0.21223314510185246,0.11943843181119498
1,1970,DC27_1,DC27,562499.653506505,6337499.858435164,Cluster 1,0.11366383364842653,0.1540294904642822,0.04036565681585566
1,1970,DC28_1,DC28,562499.677609729,6342499.808717862,Cluster 3,0.10603362801699588,0.14405896505633325,0.03802533703933737
1,1970,DC30_1,DC30,567499.8116184272,6302499.909548791,Cluster 2,0.07599101689778812,0.2290251433900319,0.1530341264922438
1,1970,DC31_1,DC31,567499.7755507686,6307499.948179211,Cluster 2,0.06928458514770838,0.19237623443826302,0.12309164929055463
1,1970,DC32_1,DC32,567499.8096190846,6312499.914980982,Cluster 2,0.09216958220029367,0.09545139061899696,0.0032818084187032914
1,1970,DC33_1,DC33,567499.7285674406,6317499.918270218,Cluster 1,0.12436664449775922,0.12454275209465862,1.761075968993997e-4
1,1970,DC34_1,DC34,567499.7138947316,6322499.9609747855,Cluster 1,0.20601180533633928,0.3341239610651328,0.12811215572879353
1,1970,DC35_1,DC35,567499.7056084871,6327499.930768742,Cluster 2,0.11106394158014692,0.15864899828039605,0.04758505670024914
1,1970,DC36_1,DC36,567499.7009201018,6332499.938928539,Cluster 2,0.08353921552224339,0.15433911163966668,0.0707998961174233
1,1970,DC37_1,DC37,567499.6402083595,6337499.873123914,Cluster 1,0.15587404237162128,0.23285562992961212,0.07698158755799084
1,1970,DC39_1,DC39,567499.6437902323,6347499.858365299,Cluster 2,0.15813549262519627,0.20446370993688642,0.04632821731169015
1,1970,DC40_1,DC40,572499.8148650045,6302499.969526697,Cluster 3,0.14347523126158512,0.20892691401419258,0.06545168275260746
1,1970,DC41_1,DC41,572499.821296516,6307499.929013042,Cluster 1,0.18336414077261806,0.2549298651161941,0.07156572434357603
1,1970,DC42_1,DC42,572499.8176624437,6312499.927039073,Cluster 3,0.06190099859756129,0.15978930583472795,0.09788830723716666
1,1970,DC43_1,DC43,572499.74222273,6317499.962513002,Cluster 1,0.14166152721909692,0.1482032258034515,0.006541698584354577
1,1970,DC45_1,DC45,572499.6797881541,6327499.928359153,Cluster 2,0.13653868964477262,0.2060923764597748,0.06955368681500218
1,1970,BD31_1,BD31,467500.0543298067,6257499.600372754,Cluster 2,0.11444137915435021,0.21074027651396296,0.09629889735961275
1,1970,DC48_1,DC48,572499.603288505,6342499.944623605,Cluster 2,0.10089426085301585,0.25251912926561626,0.15162486841260042
1,1970,DC49_1,DC49,572499.6280012622,6347499.879714389,Cluster 2,0.14665133617902013,0.2650724646231163,0.11842112844409616
1,1970,DC50_1,DC50,577499.8267759397,6302500.006971771,Cluster 2,0.21519879014902807,0.29001525370580694,0.07481646355677887
1,1970,DC51_1,DC51,577499.8137447787,6307500.007805302,Cluster 1,0.1893164950374433,0.26784424904940124,0.07852775401195794
1,1970,DC52_1,DC52,577499.834045176,6312500.04834203,Cluster 1,0.4285529887741664,0.4514624217451501,0.02290943297098369
1,1970,DC53_1,DC53,577499.7670313121,6317500.014979401,Cluster 2,0.11760625259428793,0.14242620630919273,0.024819953714904794
1,1970,BD32_1,BD32,467500.0623294639,6262499.710226541,Cluster 2,0.1637003049807852,0.22654879966245212,0.06284849468166692
1,1970,DC56_1,DC56,577499.6899038834,6332500.0401362395,Cluster 2,0.10422823469101371,0.17920160935724416,0.07497337466623046
1,1970,DC57_1,DC57,577499.6237474973,6337499.940236413,Cluster 2,0.0692760574541935,0.17503973369449227,0.10576367624029877
1,1970,DC58_1,DC58,577499.5821444269,6342499.991146208,Cluster 2,0.12115972708861586,0.201881919400169,0.08072219231155314
1,1970,DC59_1,DC59,577499.5701581707,6347499.85890772,Cluster 2,0.09019540008447555,0.16664781562813877,0.07645241554366322
1,1970,DC64_1,DC64,582499.7765719168,6322500.023200316,Cluster 1,0.31445417988637875,0.3337213168906403,0.019267137004261525
1,1970,DC65_1,DC65,582499.6844180265,6327500.009486454,Cluster 2,0.11799613367109735,0.1300737294841529,0.012077595813055564
1,1970,DC69_1,DC69,582499.5463454451,6347499.907984794,Cluster 2,0.049815362538442445,0.17655053168419116,0.12673516914574873
1,1970,DC79_1,DC79,587499.5162126686,6347499.914135292,Cluster 2,0.06625188829172898,0.2074777237463828,0.1412258354546538
1,1970,DC89_1,DC89,592499.4952561076,6347499.988268283,Cluster 2,0.11663847073215358,0.17099260552732304,0.054354134795169456
1,1970,DD00_1,DD00,552499.8856748668,6252499.714341889,Cluster 2,0.10389086668712957,0.16149306550792852,0.05760219882079895
1,1970,DD01_1,DD01,552499.8788040339,6257499.789576381,Cluster 3,0.08090175970155154,0.19177110259341934,0.1108693428918678
1,1970,DD02_1,DD02,552499.8180619746,6262499.790504193,Cluster 1,0.2255968280919212,0.24340669225562547,0.01780986416370428
1,1970,DD03_1,DD03,552499.8245235039,6267499.829924205,Cluster 2,0.08777997798911476,0.13883638300463969,0.05105640501552493
1,1970,DD04_1,DD04,552499.8372124677,6272499.79574306,Cluster 2,0.11195183016100632,0.15147419827705869,0.039522368116052364
1,1970,DD05_1,DD05,552499.7926802624,6277499.7984718,Cluster 3,0.06139270690685424,0.17483962212961432,0.11344691522276007
1,1970,DD06_1,DD06,552499.8129379287,6282499.83961058,Cluster 2,0.07437947608416037,0.17173879536316078,0.0973593192790004
1,1970,DD07_1,DD07,552499.8372333928,6287499.807062139,Cluster 2,0.08376908362628178,0.1566397691802636,0.07287068555398181
1,1970,DD08_1,DD08,552499.8023283664,6292499.811338297,Cluster 2,0.12010926563276246,0.12349048005399021,0.0033812144212277545
1,1970,DD09_1,DD09,552499.8297948928,6297499.853941188,Cluster 3,0.14693415390110784,0.24259245463486426,0.09565830073375642
1,1970,DD10_1,DD10,557499.856180533,6252499.733037651,Cluster 2,0.09713457095728285,0.11923330065484185,0.022098729697558994
1,1970,DD11_1,DD11,557499.8762522964,6257499.80687196,Cluster 3,0.08138371439865646,0.24459356754805878,0.1632098531494023
1,1970,BD35_1,BD35,467500.0749060298,6277499.704398919,Cluster 1,0.18413030082104864,0.3313263312501011,0.14719603042905244
1,1970,DD12_1,DD12,557499.8255147779,6262499.806363893,Cluster 3,0.07577692728811423,0.17699923326580735,0.10122230597769312
1,1970,DD13_1,DD13,557499.8249050891,6267499.844455846,Cluster 2,0.07735308478509363,0.17404954703082065,0.09669646224572702
1,1970,DD14_1,DD14,557499.8135712934,6272499.808981645,Cluster 2,0.04142540993579754,0.19268621226286733,0.1512608023270698
1,1970,DD16_1,DD16,557499.812499,6282499.851962599,Cluster 3,0.05542230253806715,0.16770850934239084,0.11228620680432369
1,1970,DD17_1,DD17,557499.8226555676,6287499.819056403,Cluster 3,0.05720819581687567,0.14532790907550774,0.08811971325863208
1,1970,DD18_1,DD18,557499.815944289,6292499.935076535,Cluster 3,0.08759193485307909,0.18444145046852317,0.09684951561544408
1,1970,DD19_1,DD19,557499.7962017705,6297499.866076322,Cluster 3,0.10939746384651271,0.1503028933904191,0.0409054295439064
1,1970,DD20_1,DD20,562499.8979436193,6252499.742285932,Cluster 2,0.10051551190516578,0.1341086380525149,0.033593126147349134
1,1970,DD21_1,DD21,562499.8222470335,6257499.8229469415,Cluster 3,0.11714855396289835,0.14049730209554404,0.02334874813264569
1,1970,BD36_1,BD36,467500.0370856172,6282499.739297631,Cluster 1,0.10416762222075858,0.1990169248312201,0.094849302610461525
1,1970,DD22_1,DD22,562499.8437607648,6262499.831936724,Cluster 2,0.11232277073286129,0.1812663000688483,0.06894352933598702
1,1970,DD24_1,DD24,562499.8019624483,6272499.851935544,Cluster 2,0.15747491406856276,0.26505563428459844,0.10758072021603568
1,1970,DD26_1,DD26,562499.825335824,6282499.914256911,Cluster 3,0.0790206870344991,0.1987504850209937,0.11972979798649461
1,1970,DD27_1,DD27,562499.8219761638,6287499.891081318,Cluster 2,0.09466300486280378,0.19370447325094137,0.09904146838813759
1,1970,DD28_1,DD28,562499.7860176418,6292499.905539777,Cluster 2,0.07589095590461237,0.11945255996707184,0.04356160406245947
1,1970,DD29_1,DD29,562499.8388001381,6297499.959425464,Cluster 3,0.05000600239856569,0.16873334860607297,0.11872734620750729
1,1970,DD30_1,DD30,567499.9045343413,6252499.740139163,Cluster 3,0.07609352688371702,0.14845391861851567,0.07236039173479865
1,1970,DD31_1,DD31,567499.8570273767,6257499.839340627,Cluster 1,0.13345367493858143,0.18223742421846187,0.04878374927988044
1,1970,BD37_1,BD37,467500.0506595336,6287499.810571126,Cluster 1,0.14414932139879885,0.1631617000267176,0.01901237862791874
1,1970,DD35_1,DD35,567499.839200209,6277499.844712948,Cluster 2,0.10029926776160691,0.228038530932319,0.12773926317071208
1,1970,DD37_1,DD37,567499.854039139,6287499.911641263,Cluster 2,0.1027733565343748,0.10495072049265505,0.0021773639582802484
1,1970,DD38_1,DD38,567499.8490636005,6292499.946900631,Cluster 2,0.11387431220046157,0.20092651173876422,0.08705219953830265
1,1970,DD39_1,DD39,567499.7951241602,6297499.908455915,Cluster 2,0.0912435815410747,0.16721882836078739,0.07597524681971268
1,1970,DD40_1,DD40,572499.8910228461,6252499.837507532,Cluster 1,0.19216067835972933,0.24077813323494776,0.04861745487521843
1,1970,DD41_1,DD41,572499.874319164,6257499.853998432,Cluster 2,0.10229656484880649,0.1297305447373647,0.02743397988855821
1,1970,BD38_1,BD38,467500.0539126969,6292499.807359152,Cluster 1,0.18627531610774092,0.27833430145321386,0.09205898534547294
1,1970,DD42_1,DD42,572499.8594056569,6262499.798046281,Cluster 2,0.04309981599321129,0.18078182602540677,0.1376820100321955
1,1970,DD43_1,DD43,572499.8414943474,6267499.892215765,Cluster 2,0.0748256099408377,0.11115686787777763,0.036331257936939934
1,1970,DD46_1,DD46,572499.840314927,6282499.96321855,Cluster 2,0.09138371072099177,0.19413464991896906,0.10275093919797729
1,1970,DD47_1,DD47,572499.8119906547,6287499.989774233,Cluster 2,0.09432041194574901,0.1241911803030461,0.029870768357297087
1,1970,DD48_1,DD48,572499.8407176494,6292499.944752331,Cluster 2,0.1018951031458889,0.15493332275738353,0.05303821961149463
1,1970,DD49_1,DD49,572499.8623283049,6297499.938366378,Cluster 2,0.09189123709992192,0.18849301480083958,0.09660177770091766
1,1970,DD50_1,DD50,577499.9397466873,6252499.812573781,Cluster 1,0.12699898998333872,0.12929572476607626,0.002296734782737536
1,1970,DD51_1,DD51,577499.8911025693,6257499.866573606,Cluster 3,0.1336226205554828,0.15584158678442203,0.022218966228939235
1,1970,BD39_1,BD39,467500.0473273079,6297499.729633846,Cluster 1,0.1332493311075198,0.2198230791386074,0.08657374803108761
1,1970,DD52_1,DD52,577499.8890167333,6262499.849300526,Cluster 1,0.10469822285235209,0.19331792380426657,0.08861970095191449
1,1970,DD53_1,DD53,577499.8687690438,6267499.87089236,Cluster 1,0.09904837035779589,0.20789473921733928,0.1088463688595434
1,1970,DD54_1,DD54,577499.8907825949,6272499.932445059,Cluster 1,0.13993100412389214,0.27979173714424804,0.1398607330203559
1,1970,DD57_1,DD57,577499.8373202452,6287500.015885937,Cluster 1,0.12263744435530642,0.13260753020808733,0.009970085852780905
1,1970,DD59_1,DD59,577499.8764129576,6297499.934571228,Cluster 2,0.23464318355847316,0.3254200207950223,0.09077683723654914
1,1970,DD61_1,DD61,582499.9243567707,6257499.87675696,Cluster 3,0.10126849682701165,0.11221904841735549,0.010950551590343832
1,1970,BD40_1,BD40,472500.0931846446,6252499.686959085,Cluster 2,0.1622586506133685,0.209887001929215,0.0476283513158465
1,1970,DD62_1,DD62,582499.9358377454,6262499.908196272,Cluster 2,0.09112600533718578,0.1157209761778545,0.024594970840668723
1,1970,DD63_1,DD63,582499.9142568866,6267499.867230073,Cluster 2,0.0694120362328559,0.12915874751996995,0.05974671128711405
1,1970,DD64_1,DD64,582499.9156895869,6272499.97761661,Cluster 2,0.11151259433037856,0.11622466865304606,0.0047120743226675005
1,1970,DD65_1,DD65,582499.8841101133,6277499.904232946,Cluster 2,0.11009855716553373,0.1294368438806653,0.01933828671513156
1,1970,DD70_1,DD70,587499.9756611895,6252499.834294763,Cluster 3,0.10327441239545493,0.18353872224373266,0.08026430984827773
1,1970,DD71_1,DD71,587499.9294289971,6257499.883005279,Cluster 2,0.18001621081500116,0.20413307050335977,0.02411685968835861
1,1970,DD72_1,DD72,587499.9576007758,6262499.861898324,Cluster 2,0.06085647745768551,0.1626707384708646,0.1018142610131791
1,1970,BD41_1,BD41,472500.0753691514,6257499.700065501,Cluster 2,0.14768770038504506,0.1820989847919557,0.03441128440691063
1,1970,DD80_1,DD80,592499.9965185599,6252499.880145047,Cluster 3,0.06264502603429792,0.15344816888275575,0.09080314284845784
1,1970,DD81_1,DD81,592499.9849260056,6257499.886210558,Cluster 2,0.13275577548882814,0.1891924772440916,0.05643670175526347
1,1970,DD90_1,DD90,597499.9603299614,6252499.909862781,Cluster 2,0.07022407216103195,0.18435355559773273,0.11412948343670078
1,1970,DD91_1,DD91,597499.9845591482,6257499.88334208,Cluster 3,0.11604942925885833,0.13417388459012183,0.0181244553312635
1,1970,DD92_1,DD92,597499.985225495,6262499.8971402,Cluster 2,0.11318820002314259,0.20949668517877726,0.09630848515563467
1,1970,DE00_1,DE00,552500.0397736444,6202499.815031244,Cluster 3,0.07331589453454578,0.15516305675153821,0.08184716221699244
1,1970,DE01_1,DE01,552500.0522177635,6207499.735317095,Cluster 3,0.08019286939896497,0.2426549500945626,0.16246208069559762
1,1970,DE02_1,DE02,552500.0156842017,6212499.692870375,Cluster 3,0.10806422152502185,0.12123011681303514,0.01316589528801329
1,1970,BD42_1,BD42,472500.0892348051,6262499.638397401,Cluster 1,0.09540376147541105,0.10766996226054433,0.012266200785133283
1,1970,DE03_1,DE03,552499.9918704326,6217499.688423337,Cluster 3,0.16432094974403388,0.19018682534082695,0.02586587559679307
1,1970,DE04_1,DE04,552500.0421838384,6222499.722709725,Cluster 2,0.1536419773097862,0.25688835517565356,0.10324637786586735
1,1970,DE05_1,DE05,552499.9808522139,6227499.682127924,Cluster 2,0.08060977745055568,0.20061738672243193,0.12000760927187624
1,1970,DE07_1,DE07,552499.9514282229,6237499.715456871,Cluster 3,0.06515398476521025,0.18028629748091474,0.11513231271570448
1,1970,DE10_1,DE10,557499.9926700045,6202499.753927617,Cluster 3,0.08129445409381982,0.12957776504706628,0.048283310953246464
1,1970,DE11_1,DE11,557500.0121679712,6207499.781346942,Cluster 3,0.15509879553741684,0.20274387844141115,0.0476450829039943
1,1970,DE12_1,DE12,557500.0298874964,6212499.735544217,Cluster 2,0.3746701552791223,0.3882895099109509,0.013619354631828617
1,1970,BD43_1,BD43,472500.0750117887,6267499.724942416,Cluster 1,0.11346172233488352,0.21419302537024038,0.10073130303535685
1,1970,DE13_1,DE13,557499.9814049272,6217499.726953041,Cluster 2,0.13014028180931067,0.25096858942556133,0.12082830761625066
1,1970,DE14_1,DE14,557499.9919643814,6222499.645914316,Cluster 2,0.1479884369089835,0.17812639945243802,0.030137962543454522
1,1970,DE15_1,DE15,557499.9955708939,6227499.714159249,Cluster 2,0.07881109668324672,0.09814558794154983,0.01933449125830311
1,1970,DE16_1,DE16,557499.9944713496,6232499.709069772,Cluster 2,0.1297825742485632,0.15677269757171156,0.026990123323148346
1,1970,DE17_1,DE17,557499.9260181622,6237499.629782909,Cluster 2,0.12022890980823316,0.15851630198896197,0.03828739218072881
1,1970,DE18_1,DE18,557499.9103897591,6242499.700531681,Cluster 3,0.08001221187249409,0.13949245248046752,0.059480240607973425
1,1970,DE19_1,DE19,557499.8878559844,6247499.697860005,Cluster 2,0.16702088967254958,0.25384920886247314,0.08682831918992356
1,1970,DE20_1,DE20,562500.0084597974,6202499.807410175,Cluster 3,0.059546614310858434,0.15626142322517703,0.09671480891431859
1,1970,DE21_1,DE21,562499.9761553103,6207499.728242607,Cluster 3,0.13589595990592584,0.1588104235982964,0.022914463692370546
1,1970,DE22_1,DE22,562499.9864572511,6212499.688075669,Cluster 2,0.14898379705269382,0.17209499560488634,0.023111198552192513
1,1970,BD44_1,BD44,472500.09313145553,6272499.736661749,Cluster 1,0.2226401563026042,0.37495097132068833,0.15231081501808413
1,1970,DE23_1,DE23,562499.9761974189,6217499.685978896,Cluster 3,0.07704463526973948,0.15455609413679042,0.07751145886705094
1,1970,DE24_1,DE24,562500.0067694888,6222499.722828891,Cluster 3,0.09953330827905592,0.2607606834012468,0.16122737512219087
1,1970,DE25_1,DE25,562499.9547079823,6227499.685494073,Cluster 3,0.04744875183254267,0.1456530467272765,0.09820429489473383
1,1970,DE26_1,DE26,562499.9418520522,6232499.687049095,Cluster 2,0.19938931800550905,0.2398555689712686,0.040466250965759565
1,1970,DE27_1,DE27,562499.9672399207,6237499.727467009,Cluster 2,0.13216973224426606,0.23592261160541372,0.10375287936114766
1,1970,DE29_1,DE29,562499.8850704462,6247499.698559415,Cluster 2,0.11939284890702906,0.14172339088563907,0.022330541978610008
1,1970,DE30_1,DE30,567499.9818457006,6202499.750937081,Cluster 3,0.059388623522519716,0.22091783157333159,0.16152920805081186
1,1970,DE31_1,DE31,567499.95756106,6207499.79836426,Cluster 2,0.11408511774948053,0.12759297271642245,0.013507854966941915
1,1970,DE32_1,DE32,567499.9610612297,6212499.773586951,Cluster 1,0.1523492740331171,0.15707928120805414,0.004730007174937045
1,1970,BD45_1,BD45,472500.082515051,6277499.673930096,Cluster 1,0.09432227835556906,0.2554511776146947,0.16112889925912566
1,1970,DE33_1,DE33,567499.991388455,6217499.67657536,Cluster 1,0.1703713197783624,0.17373619091263914,0.003364871134276748
1,1970,DE34_1,DE34,567499.981947577,6222499.728908503,Cluster 3,0.1278506641862427,0.2748870524340678,0.1470363882478251
1,1970,DE35_1,DE35,567499.9354850466,6227499.707971843,Cluster 1,0.22123193879995795,0.2595643093117029,0.03833237051174493
1,1970,DE36_1,DE36,567499.9734866512,6232499.726984239,Cluster 3,0.14616835308200282,0.17018965610747636,0.024021303025473534
1,1970,DE37_1,DE37,567499.910766697,6237499.671688164,Cluster 3,0.05309620651031485,0.16419654190949332,0.11110033539917846
1,1970,DE38_1,DE38,567499.9288161611,6242499.767579349,Cluster 3,0.06406274509575334,0.11897351513447949,0.054910770038726145
1,1970,DE39_1,DE39,567499.9064195943,6247499.790080435,Cluster 2,0.1962510098926942,0.22499307775718952,0.02874206786449532
1,1970,DE40_1,DE40,572499.9259428019,6202499.806681671,Cluster 3,0.0765158638823448,0.2344176228867165,0.1579017590043717
1,1970,DE41_1,DE41,572499.9762135199,6207499.768940775,Cluster 2,0.1249000111716696,0.16509383007194817,0.040193818900278566
1,1970,DE42_1,DE42,572499.9735447941,6212499.769307227,Cluster 2,0.09163891243603653,0.13450856525069602,0.04286965281465949
1,1970,BD46_1,BD46,472500.0450996152,6282499.759338391,Cluster 1,0.14311744797480366,0.2762989641606516,0.13318151618584792
1,1970,DE43_1,DE43,572499.9812662832,6217499.697508556,Cluster 3,0.12189238871315869,0.13889157748609368,0.016999188772934992
1,1970,DE44_1,DE44,572499.9325161695,6222499.7750477465,Cluster 3,0.14296340912115624,0.27769989632530395,0.13473648720414771
1,1970,DE45_1,DE45,572499.9563057558,6227499.670118789,Cluster 2,0.19152421928067687,0.26460210131880935,0.07307788203813248
1,1970,DE46_1,DE46,572499.9838101824,6232499.715519001,Cluster 2,0.12722869794624317,0.21541621450196433,0.08818751655572116
1,1970,DE47_1,DE47,572499.9559022341,6237499.687581973,Cluster 2,0.10244809693324923,0.13270790147214473,0.0302598045388955
1,1970,DE49_1,DE49,572499.9104865338,6247499.748605974,Cluster 2,0.20103543803741677,0.20776917407944825,0.00673373604203148
1,1970,DE50_1,DE50,577499.9212493428,6202499.864100323,Cluster 2,0.15303354582767084,0.15707233798761575,0.004038792159944904
1,1970,DE51_1,DE51,577499.9222648653,6207499.748870433,Cluster 3,0.11993800930762527,0.24678356190640113,0.12684555259877586
1,1970,DE52_1,DE52,577499.9764963645,6212499.785257158,Cluster 3,0.07821804737452442,0.19096471367128676,0.11274666629676233
1,1970,BD47_1,BD47,472500.0410912281,6287499.769842108,Cluster 1,0.17044478214134937,0.29224638451814605,0.12180160237679669
1,1970,DE53_1,DE53,577499.9623265731,6217499.7484121,Cluster 3,0.11609919903662233,0.19437415397824612,0.07827495494162379
1,1970,DE55_1,DE55,577499.9679888003,6227499.7932537105,Cluster 2,0.14145883235627596,0.2024179308129553,0.06095909845667935
1,1970,DE56_1,DE56,577499.9877266791,6232499.7635885775,Cluster 2,0.1545626736450756,0.18887318851857493,0.03431051487349934
1,1970,DE57_1,DE57,577499.9334297109,6237499.771854244,Cluster 2,0.10661216962860498,0.15322604172179252,0.04661387209318754
1,1970,DE66_1,DE66,582499.9419179015,6232499.758382413,Cluster 3,0.08490500310766386,0.17298676469079757,0.08808176158313372
1,1970,DE67_1,DE67,582499.9858796117,6237499.815066368,Cluster 3,0.05255405210197323,0.15570329447586986,0.10314924237389664
1,1970,BD48_1,BD48,472500.0707461879,6292499.705413405,Cluster 1,0.17698860777191058,0.28162657313537337,0.10463796536346279
1,1970,DE68_1,DE68,582499.940157057,6242499.798316628,Cluster 3,0.13568404302673434,0.1822038938035085,0.046519850776774146
1,1970,DE69_1,DE69,582499.925380716,6247499.821784631,Cluster 3,0.08751547829408181,0.16624694440840748,0.07873146611432567
1,1970,DE75_1,DE75,587499.9822943644,6227499.740914788,Cluster 1,0.13465827511913092,0.2379204738924781,0.10326219877334719
1,1970,DE78_1,DE78,587499.9809427367,6242499.8550773095,Cluster 2,0.07662999893439543,0.10857394794808534,0.03194394901368991
1,1970,DE79_1,DE79,587499.9718824326,6247499.824550713,Cluster 3,0.10152111086722447,0.2280920069106068,0.12657089604338234
1,1970,BD49_1,BD49,472500.07474827545,6297499.789050161,Cluster 1,0.08570099295418594,0.17049117176450468,0.08479017881031874
1,1970,DE84_1,DE84,592499.9550939988,6222499.799698218,Cluster 2,0.13463614960260883,0.13636731459775622,0.0017311649951473884
1,1970,DE85_1,DE85,592500.0141816582,6227499.78733749,Cluster 1,0.23285230815496286,0.3642388758667375,0.13138656771177462
1,1970,DE86_1,DE86,592500.0119548003,6232499.814113551,Cluster 2,0.1084837836933855,0.13373318992953734,0.025249406236151836
1,1970,DE87_1,DE87,592500.011741156,6237499.7700439,Cluster 3,0.11585127997904347,0.25059155234597774,0.13474027236693426
1,1970,DE88_1,DE88,592500.0074987623,6242499.877671048,Cluster 2,0.1297867154624371,0.16029474103393956,0.03050802557150245
1,1970,DE89_1,DE89,592500.0052482311,6247499.803093614,Cluster 1,0.19363170558307832,0.21358535286712396,0.01995364728404564
1,1970,DE90_1,DE90,597499.937235394,6202499.867768866,Cluster 2,0.16496812461841656,0.16585920778792637,8.910831695098098e-4
1,1970,DE94_1,DE94,597499.973766844,6222499.817559282,Cluster 2,0.11146368478709018,0.14553020992139848,0.0340665251343083
1,1970,BD50_1,BD50,477500.11881933274,6252499.615843311,Cluster 2,0.07276897041779015,0.13860870042469461,0.06583973000690446
1,1970,DE96_1,DE96,597499.9776650518,6232499.7592064515,Cluster 3,0.0915458130375223,0.1773133878983873,0.085767574860865
1,1970,DE97_1,DE97,597500.0164649216,6237499.792208735,Cluster 3,0.09119041965608035,0.23726605559138572,0.14607563593530537
1,1970,DE98_1,DE98,597499.9749128878,6242499.864260202,Cluster 3,0.10592467042833463,0.15025938245819778,0.04433471202986315
1,1970,DE99_1,DE99,597499.9781003586,6247499.86686593,Cluster 1,0.1148460128536289,0.1440480660029303,0.029202053149301396
1,1970,DF00_1,DF00,552500.0821818158,6152499.918017617,Cluster 1,0.13219102158471516,0.15047022798343124,0.01827920639871608
1,1970,DF01_1,DF01,552500.0434295452,6157499.903279973,Cluster 2,0.13089556248373402,0.18601461279679188,0.05511905031305786
1,1970,DF04_1,DF04,552500.0484365653,6172499.866101065,Cluster 2,0.10848328082999792,0.19764763673189253,0.08916435590189462
1,1970,DF05_1,DF05,552500.0248900052,6177499.8923083795,Cluster 2,0.07101034551186099,0.16864992655755337,0.09763958104569238
1,1970,BD51_1,BD51,477500.0634254692,6257499.690373675,Cluster 1,0.10145020447945179,0.1317447764312828,0.03029457195183101
1,1970,DF06_1,DF06,552500.0201864875,6182499.845409598,Cluster 2,0.08433362227527805,0.1783471338105478,0.09401351153526974
1,1970,DF07_1,DF07,552500.0322634379,6187499.836667846,Cluster 3,0.07513551737511351,0.20459118661616524,0.12945566924105173
1,1970,DF08_1,DF08,552499.9978258526,6192499.865300811,Cluster 2,0.19090374827559053,0.2566066573333256,0.06570290905773507
1,1970,DF09_1,DF09,552500.0427085381,6197499.8215051675,Cluster 2,0.17947566303803136,0.27810308396146244,0.09862742092343108
1,1970,DF10_1,DF10,557500.0539540383,6152499.913491488,Cluster 2,0.1349666367534815,0.15253506741215933,0.01756843065867783
1,1970,DF14_1,DF14,557500.0426793615,6172499.947726307,Cluster 3,0.07748045558875531,0.20860758970431606,0.13112713411556076
1,1970,DF15_1,DF15,557500.0018913269,6177499.856621167,Cluster 3,0.05465938222700803,0.16878659692095224,0.11412721469394421
1,1970,DF16_1,DF16,557500.0236227086,6182499.915863126,Cluster 3,0,0.1740920037026746,0.1740920037026746
1,1970,DF17_1,DF17,557499.9860512931,6187499.789903091,Cluster 3,0.04488314283097052,0.1710930462192554,0.12620990338828486
1,1970,DF18_1,DF18,557500.0093904075,6192499.814239048,Cluster 3,0.1098809986897024,0.21297386864430168,0.10309286995459928
1,1970,DF19_1,DF19,557500.0331405934,6197499.765436237,Cluster 3,0.1049414688965708,0.1217694214273581,0.016827952530787296
1,1970,DF20_1,DF20,562500.08334866,6152499.927340711,Cluster 3,0.058913949124707495,0.15455868685700572,0.09564473773229823
1,1970,DF24_1,DF24,562500.0367152442,6172499.862543065,Cluster 3,0.12170028704538018,0.13468920736560067,0.01298892032022049
1,1970,DF25_1,DF25,562499.9763535939,6177499.886270679,Cluster 3,0.09359402709707035,0.23946016035402257,0.14586613325695222
1,1970,DF26_1,DF26,562499.9653456258,6182499.837874897,Cluster 1,0.12876971075674307,0.14988332479760505,0.021113614040861983
1,1970,DF27_1,DF27,562500.0011427227,6187499.828616493,Cluster 1,0.35402274510467163,0.40430028113872035,0.05027753603404872
1,1970,DF28_1,DF28,562499.9576474453,6192499.856666409,Cluster 3,0.13097900340634197,0.21765265072011616,0.0866736473137742
1,1970,DF29_1,DF29,562499.9609393289,6197499.812510072,Cluster 3,0.11818324398717966,0.11944091436385929,0.0012576703766796204
1,1970,DF30_1,DF30,567500.0600414778,6152499.957596392,Cluster 3,0.07094051235128358,0.15145370830903854,0.08051319595775495
1,1970,DF31_1,DF31,567500.0347013446,6157499.951350236,Cluster 3,0.17893878355898915,0.18556375584396148,0.00662497228497233
1,1970,DF37_1,DF37,567499.9700276025,6187499.839556279,Cluster 3,0.1310921275372129,0.23323306310291267,0.10214093556569978
1,1970,DF38_1,DF38,567499.9855262494,6192499.88279332,Cluster 3,0.15217484840803097,0.2827451703903478,0.13057032198231683
1,1970,DF39_1,DF39,567499.9689031657,6197499.852938899,Cluster 3,0.11666031189409987,0.20310951958315873,0.08644920768905887
1,1970,DF40_1,DF40,572500.0649841583,6152499.8935916675,Cluster 3,0.06128454202114186,0.1720084451640659,0.11072390314292405
1,1970,DF41_1,DF41,572500.0874127243,6157499.909943095,Cluster 3,0.14593347424669584,0.1663923303809019,0.02045885613420606
1,1970,DF48_1,DF48,572499.9843263607,6192499.890549853,Cluster 3,0.17669607529471906,0.179912748132623,0.0032166728379039444
1,1970,DF49_1,DF49,572499.9503513994,6197499.773365588,Cluster 2,0.10729273962000456,0.1741912883633853,0.06689854874338073
1,1970,DF51_1,DF51,577500.0572356211,6157499.892787818,Cluster 3,0.10960126386376152,0.14910865270417303,0.03950738884041151
1,1970,DF52_1,DF52,577500.0677353318,6162499.979763222,Cluster 1,0.16369872367589616,0.27532230642875094,0.11162358275285478
1,1970,DF59_1,DF59,577499.9181351293,6197499.795993284,Cluster 3,0.14145450421445027,0.23371518017886825,0.09226067596441798
1,1970,DF60_1,DF60,582500.0903572468,6152499.924879827,Cluster 2,0.0958956891888282,0.19984684114939932,0.10395115196057113
1,1970,BD55_1,BD55,477500.05691394093,6277499.685499792,Cluster 1,0.10205440708125409,0.24483877506534107,0.142784367984087
1,1970,DF61_1,DF61,582500.0863001315,6157499.901682529,Cluster 3,0.06400813300722036,0.14874130503011937,0.08473317202289901
1,1970,DF62_1,DF62,582500.0688732299,6162499.91803773,Cluster 3,0.12835197514384103,0.16095987701162642,0.032607901867785394
1,1970,DF70_1,DF70,587500.0815321453,6152499.907091927,Cluster 2,0.11280243905732114,0.19953646633669858,0.08673402727937744
1,1970,DF71_1,DF71,587500.064427627,6157499.934001944,Cluster 3,0.12453394849815816,0.14222288701330107,0.017688938515142916
1,1970,DF72_1,DF72,587500.0831289394,6162499.89047789,Cluster 1,0.25508857183743183,0.2827410757537419,0.02765250391631008
1,1970,DF80_1,DF80,592500.1000892023,6152499.904054666,Cluster 3,0.1614830863237963,0.17486814965764239,0.013385063333846092
1,1970,BD56_1,BD56,477500.0801616678,6282499.719876353,Cluster 1,0.14648799429392992,0.26653170147276134,0.12004370717883142
1,1970,DF81_1,DF81,592500.1360954175,6157499.880622524,Cluster 3,0.11538419109818591,0.17109675329794943,0.05571256219976352
1,1970,DF96_1,DF96,597500.0114531335,6182499.907238431,Cluster 3,0.09734990389309123,0.1712447056516662,0.07389480175857496
1,1970,DF97_1,DF97,597499.9710038947,6187499.863307686,Cluster 1,0.14384316235573452,0.1749660521919468,0.03112288983621228
1,1970,DF98_1,DF98,597499.9873134624,6192499.861592982,Cluster 1,0.18857687728759404,0.21682025256596682,0.028243375278372784
1,1970,DG00_1,DG00,552500.1089325006,6102499.820040352,Cluster 2,0.1800286720896233,0.24038087094849783,0.06035219885887452
1,1970,DG07_1,DG07,552500.0776589774,6137499.8553233305,Cluster 3,0.12031622003734807,0.21423690242776208,0.09392068239041401
1,1970,BD57_1,BD57,477500.05835724296,6287499.679689139,Cluster 1,0.17563709259134563,0.26787530652158026,0.09223821393023462
1,1970,DG08_1,DG08,552500.0980597695,6142499.949654789,Cluster 1,0.15104090415766577,0.24351851287681567,0.0924776087191499
1,1970,DG09_1,DG09,552500.0800114883,6147499.859026643,Cluster 3,0.18630515950073756,0.190971634117098,0.004666474616360439
1,1970,DG14_1,DG14,557500.0859443847,6122499.842967669,Cluster 1,0.17617429863653555,0.2193199929333961,0.04314569429686055
1,1970,DG15_1,DG15,557500.1128352805,6127499.926189727,Cluster 1,0.16063585470379202,0.19650385635166145,0.035868001647869435
1,1970,DG16_1,DG16,557500.0859944862,6132499.9357982185,Cluster 1,0.16218724791981548,0.24366742669107402,0.08148017877125854
1,1970,DG17_1,DG17,557500.0682798454,6137499.872589368,Cluster 1,0.21253396551182602,0.22554583289440616,0.013011867382580145
1,1970,DG18_1,DG18,557500.0560698126,6142499.959101104,Cluster 2,0.19775233056291527,0.2497976253367908,0.05204529477387554
1,1970,DG19_1,DG19,557500.051534985,6147499.972744273,Cluster 2,0.12299374687945928,0.16897921237287883,0.045985465493419544
1,1970,DG22_1,DG22,562500.0912223725,6112499.9040538985,Cluster 1,0.2810682668991991,0.4054930221021539,0.12442475520295476
1,1970,BD58_1,BD58,477500.0542861005,6292499.787203539,Cluster 1,0.06239906027475004,0.1854028138073274,0.12300375353257736
1,1970,DG23_1,DG23,562500.0828425015,6117499.910760884,Cluster 1,0.1708222512821726,0.18565845904883543,0.014836207766662834
1,1970,DG24_1,DG24,562500.1336018639,6122499.845666463,Cluster 3,0.14694771725742214,0.16864014657785023,0.021692429320428086
1,1970,DG25_1,DG25,562500.112409009,6127499.929512105,Cluster 3,0.10815075229920237,0.13564494885316256,0.027494196553960182
1,1970,DG26_1,DG26,562500.085315404,6132499.940609023,Cluster 2,0.1290687578382116,0.19855469946482163,0.06948594162661004
1,1970,DG27_1,DG27,562500.1149576314,6137499.879825633,Cluster 2,0.10767796971405282,0.12379954548043842,0.016121575766385607
1,1970,DG28_1,DG28,562500.0706574302,6142499.967904787,Cluster 3,0.11590787969531025,0.1906906987784247,0.07478281908311446
1,1970,DG29_1,DG29,562500.0814846822,6147499.984051399,Cluster 3,0.06154764448956429,0.16497956588096938,0.10343192139140509
1,1970,BD59_1,BD59,477500.06639862224,6297499.708461465,Cluster 3,0.17104928838156205,0.18458408246195157,0.013534794080389517
1,1970,DG33_1,DG33,567500.1053109345,6117499.863251292,Cluster 3,0.09071561332160441,0.1402051539595899,0.049489540637985496
1,1970,DG34_1,DG34,567500.1228144517,6122499.919391854,Cluster 2,0.16376857365000905,0.1814065103220759,0.01763793667206684
1,1970,DG35_1,DG35,567500.1194090074,6127499.9028383605,Cluster 3,0.047116154610038354,0.16988383353416692,0.12276767892412857
1,1970,DG36_1,DG36,567500.0926647738,6132499.924840984,Cluster 2,0.1142871921352645,0.23474244974152514,0.12045525760626064
1,1970,DG37_1,DG37,567500.1069042278,6137499.875061364,Cluster 3,0.16032836602763045,0.16196423138757565,0.0016358653599451989
1,1970,DG38_1,DG38,567500.0944806039,6142499.975064417,Cluster 3,0.14537616091665903,0.1520054530626272,0.006629292145968163
1,1970,DG39_1,DG39,567500.0597612784,6147499.890981247,Cluster 2,0.12404756862913811,0.19999523703437752,0.07594766840523941
1,1970,DG41_1,DG41,572500.1270477285,6107499.844195573,Cluster 1,0.18611918440183287,0.24765231416710218,0.06153312976526931
1,1970,DG42_1,DG42,572500.1240832573,6112499.841285639,Cluster 3,0.11738225721099008,0.2060899665311793,0.08870770932018923
1,1970,AE93_1,AE93,447500.1701742312,6217499.746982312,Cluster 1,0.36089664868965793,0.47194239672833044,0.11104574803867251
1,1970,BD60_1,BD60,482500.0684686676,6252499.64834874,Cluster 1,0.15003138862415477,0.17479136258754013,0.024759973963385362
1,1970,DG43_1,DG43,572500.0844316228,6117499.87702596,Cluster 1,0.11450671790962846,0.1600772475190345,0.045570529609406024
1,1970,DG44_1,DG44,572500.1345045101,6122499.95346573,Cluster 3,0.09708794895081153,0.11228435409866334,0.01519640514785181
1,1970,DG45_1,DG45,572500.0844221165,6127499.956186771,Cluster 2,0.13155784427988934,0.21608324073738575,0.0845253964574964
1,1970,DG46_1,DG46,572500.123968225,6132499.888275696,Cluster 3,0.09729254492756308,0.1469942792081526,0.049701734280589535
1,1970,DG47_1,DG47,572500.1215920995,6137499.970183186,Cluster 3,0.13026717568798554,0.15065512645262766,0.020387950764642115
1,1970,DG48_1,DG48,572500.0801946897,6142499.979324352,Cluster 3,0.09279170025014903,0.13627695813652685,0.04348525788637782
1,1970,DG49_1,DG49,572500.0622560608,6147499.916709808,Cluster 3,0.12583407704603142,0.14836718712416652,0.022533110078135105
1,1970,DG51_1,DG51,577500.0918429886,6107499.86185285,Cluster 3,0.09572908094207712,0.24018490383174823,0.14445582288967113
1,1970,DG52_1,DG52,577500.0899779424,6112499.887439063,Cluster 3,0.07368351288182193,0.21726480394072278,0.14358129105890086
1,1970,BD61_1,BD61,482500.09796961857,6257499.682375004,Cluster 1,0.11336606540160507,0.1251586006402042,0.011792535238599133
1,1970,DG53_1,DG53,577500.1013102453,6117499.841510532,Cluster 3,0.08468326251584783,0.12797712225838168,0.043293859742533844
1,1970,DG54_1,DG54,577500.1209952927,6122499.946588742,Cluster 2,0.11105511203603617,0.2158278141300991,0.10477270209406293
1,1970,DG56_1,DG56,577500.129765069,6132499.940893321,Cluster 3,0.09051972722531172,0.13615842631174174,0.04563869908643002
1,1970,DG57_1,DG57,577500.1151194031,6137499.9413368525,Cluster 3,0.0728537865146131,0.23189131714750758,0.15903753063289447
1,1970,DG58_1,DG58,577500.1070374141,6142499.981399613,Cluster 3,0.08401148153964269,0.21193293005801744,0.12792144851837475
1,1970,DG59_1,DG59,577500.1065061892,6147499.949774658,Cluster 3,0.0591992133318301,0.15520771239787468,0.09600849906604458
1,1970,DG60_1,DG60,582500.1033814047,6102499.898955876,Cluster 1,0.2313000400582958,0.2822719512051991,0.050971911146903304
1,1970,DG61_1,DG61,582500.1087734731,6107499.811257644,Cluster 3,0.12696339776110238,0.27811595248870724,0.15115255472760486
1,1970,DG62_1,DG62,582500.1086388057,6112499.874676149,Cluster 3,0.1558323114657777,0.31261675161933355,0.15678444015355586
1,1970,DG63_1,DG63,582500.106121318,6117499.866638746,Cluster 3,0.08030044789547464,0.1281239071602535,0.04782345926477885
1,1970,DG64_1,DG64,582500.0981873247,6122499.898389105,Cluster 3,0.048791100653775225,0.20069943931525647,0.15190833866148123
1,1970,DG65_1,DG65,582500.1494407246,6127499.859806266,Cluster 2,0.14546235694801837,0.16458177362219675,0.01911941667417838
1,1970,DG66_1,DG66,582500.1276752406,6132499.971046642,Cluster 2,0.13319962932265828,0.20183243438582868,0.0686328050631704
1,1970,DG67_1,DG67,582500.1017190362,6137499.899436134,Cluster 3,0.06122498809044892,0.17787987185223025,0.11665488376178133
1,1970,DG68_1,DG68,582500.127661447,6142499.979957241,Cluster 2,0.13861169486788527,0.19178936459455928,0.05317766972667401
1,1970,DG69_1,DG69,582500.0820257012,6147499.987659226,Cluster 3,0.04631024163541193,0.1720360644729349,0.12572582283752298
1,1970,DG70_1,DG70,587500.1040743836,6102499.842870175,Cluster 1,0.16282652085841157,0.2377655240565576,0.07493900319814603
1,1970,DG71_1,DG71,587500.1277292037,6107499.8022988215,Cluster 3,0.07742073269982158,0.2079884123312291,0.13056767963140753
1,1970,DG72_1,DG72,587500.1300347799,6112499.912887864,Cluster 3,0.09237133251192527,0.22460504441394347,0.13223371190201821
1,1970,DG73_1,DG73,587500.1165678317,6117499.840793578,Cluster 3,0.0789076416870236,0.1798712558222404,0.10096361413521679
1,1970,DG74_1,DG74,587500.1433676686,6122499.921054047,Cluster 2,0.14802216000040685,0.15233153159758908,0.004309371597182227
1,1970,DG75_1,DG75,587500.1501098787,6127499.929842266,Cluster 3,0.06760433180925021,0.23261111765821516,0.16500678584896494
1,1970,DG76_1,DG76,587500.1358212815,6132499.8671259945,Cluster 2,0.13794024701318133,0.1425005229429297,0.004560275929748364
1,1970,DG77_1,DG77,587500.0951186153,6137499.955423165,Cluster 3,0.13532121806632555,0.18852592109484512,0.05320470302851957
1,1970,DG78_1,DG78,587500.0947161396,6142499.973410007,Cluster 3,0.11058576364800232,0.22141010064529598,0.11082433699729366
1,1970,DG79_1,DG79,587500.133423215,6147499.921055779,Cluster 3,0.11728355012069532,0.13713095810548748,0.019847407984792162
1,1970,DG81_1,DG81,592500.1642016799,6107499.834659493,Cluster 2,0.11712387108702058,0.14400556096848555,0.02688168988146497
1,1970,DG82_1,DG82,592500.1719790371,6112499.890489254,Cluster 2,0.16628871323177472,0.21775974355841274,0.05147103032663802
1,1970,BD64_1,BD64,482500.05279373936,6272499.67016245,Cluster 1,0.19543966102154636,0.33280239549523033,0.13736273447368397
1,1970,DG83_1,DG83,592500.1462224028,6117499.874937038,Cluster 2,0.14976914198506805,0.16405756732533872,0.014288425340270666
1,1970,DG84_1,DG84,592500.1472162764,6122499.900566232,Cluster 2,0.10923290119445553,0.19453068925771988,0.08529778806326435
1,1970,DG85_1,DG85,592500.1125679152,6127499.854749453,Cluster 3,0.075503832886211375,0.13221088377632484,0.056707050890113464
1,1970,DG86_1,DG86,592500.165847554,6132499.851379236,Cluster 3,0.07014084776277622,0.15125072298512937,0.08110987522235315
1,1970,DG87_1,DG87,592500.1155330035,6137499.886446235,Cluster 3,0.1221876586879968,0.1945562860599629,0.07236862737196609
1,1970,DG88_1,DG88,592500.1507311421,6142499.963900514,Cluster 3,0.16610176438632362,0.21390948704963475,0.047807722663311125
1,1970,DG89_1,DG89,592500.1459106059,6147499.969781486,Cluster 1,0.2108023254749047,0.24053537547663725,0.02973305000173254
1,1970,DG90_1,DG90,597500.1713315928,6102499.826306785,Cluster 3,0.16364658940239588,0.19089087931300566,0.027244289910609787
1,1970,DG91_1,DG91,597500.1723162967,6107499.795391971,Cluster 2,0.13878199291993082,0.14744655794332584,0.008664565023395021
1,1970,DG92_1,DG92,597500.1866216981,6112499.805806173,Cluster 3,0.10749990825742127,0.1286832575609394,0.02118334930351813
1,1970,DG93_1,DG93,597500.1493824713,6117499.856123005,Cluster 2,0.11935036600314657,0.12193746095681599,0.0025870949536694193
1,1970,DG94_1,DG94,597500.1256288488,6122499.836436391,Cluster 3,0.07534170970757297,0.2105718503643784,0.13523014065680544
1,1970,DG95_1,DG95,597500.1752226814,6127499.859382003,Cluster 3,0.09206814876754624,0.19332314660206742,0.10125499783452119
1,1970,DG96_1,DG96,597500.1698570813,6132499.922134469,Cluster 3,0.06791158717076781,0.14733159947584779,0.07942001230507997
1,1970,DG97_1,DG97,597500.1743571849,6137499.9147871975,Cluster 3,0.04627339717233002,0.21366252917488418,0.16738913200255418
1,1970,DG98_1,DG98,597500.1217638251,6142499.947179923,Cluster 3,0.09009591277481359,0.18136713343220515,0.09127122065739156
1,1970,DG99_1,DG99,597500.1399889182,6147499.910806376,Cluster 1,0.20095831276255632,0.3027368407392388,0.10177852797668246
1,1970,DH06_1,DH06,552500.1885183516,6082499.894090945,Cluster 3,0.1334215458195103,0.2662507615915679,0.1328292157720576
1,1970,DH07_1,DH07,552500.1080240731,6087499.900931246,Cluster 3,0.11210587063402945,0.24655993094591555,0.13445406031188611
1,1970,DH08_1,DH08,552500.1224177002,6092499.835871966,Cluster 1,0.22436476383058648,0.27295994438172055,0.04859518055113407
1,1970,BD66_1,BD66,482500.0376611929,6282499.732977217,Cluster 1,0.058999735997683364,0.1915591973451934,0.13255946134751
1,1970,DH09_1,DH09,552500.1002956021,6097499.919942602,Cluster 2,0.1551330021418555,0.20676183436932574,0.05162883222747025
1,1970,DH16_1,DH16,557500.1353999713,6082499.896520629,Cluster 3,0.20171431167883752,0.3081945080616362,0.10648019638279865
1,1970,DH17_1,DH17,557500.1315025091,6087499.894301601,Cluster 3,0.14592554141428887,0.27861397384713465,0.13268843243284578
1,1970,DH18_1,DH18,557500.14150952,6092499.930770529,Cluster 3,0.15291499729477903,0.21801239887592735,0.06509740158114832
1,1970,DH19_1,DH19,557500.1021907555,6097499.893807441,Cluster 3,0.12370284231528042,0.1900425914877608,0.06633974917248037
1,1970,DH26_1,DH26,562500.1313600574,6082499.897424985,Cluster 3,0.16326131195876958,0.18529972317699903,0.022038411218229442
1,1970,DH27_1,DH27,562500.1404915752,6087499.894655372,Cluster 3,0.06341784610523193,0.20149906788496602,0.1380812217797341
1,1970,DH28_1,DH28,562500.1479966408,6092499.930620275,Cluster 3,0.09952512499553601,0.1736638917611474,0.0741387667656114
1,1970,BD67_1,BD67,482500.0596615541,6287499.763232267,Cluster 1,0.09243392879541026,0.11861129499182767,0.026177366196417404
1,1970,DH36_1,DH36,567500.1276941404,6082499.895786983,Cluster 3,0.15786348163327749,0.20149225110494812,0.04362876947167063
1,1970,DH37_1,DH37,567500.1504468835,6087499.901725202,Cluster 2,0.17684674317663435,0.1797843896263385,0.002937646449704151
1,1970,DH67_1,DH67,582500.150456362,6087499.846226105,Cluster 1,0.26979240062367804,0.4002706358371095,0.13047823521343144
1,1970,BD68_1,BD68,482500.0198024417,6292499.718820099,Cluster 2,0.0979973396244402,0.13202635528939577,0.03402901566495557
1,1970,DH75_1,DH75,587500.1331639127,6077499.873700988,Cluster 1,0.20173822571584515,0.3165284554190434,0.11479022970319824
1,1970,DH76_1,DH76,587500.1690374067,6082499.854533708,Cluster 1,0.18873628498912384,0.2987438457690995,0.11000756077997567
1,1970,DH85_1,DH85,592500.1356770925,6077499.908513531,Cluster 1,0.18909591663843928,0.33181639513045413,0.14272047849201486
1,1970,DH86_1,DH86,592500.1422768618,6082499.831678937,Cluster 1,0.20490462220366998,0.2934314393239956,0.08852681712032565
1,1970,BD69_1,BD69,482500.0410989809,6297499.710512316,Cluster 1,0.06906560143307264,0.1805533893118095,0.11148778787873687
1,1970,DH98_1,DH98,597500.1549924235,6092499.78831973,Cluster 1,0.20633352509750716,0.2163380394717058,0.010004514374198636
1,1970,DH99_1,DH99,597500.1873019559,6097499.787314182,Cluster 3,0.20236471085079094,0.21906429003474662,0.016699579183955676
1,1970,ED00_1,ED00,602500.0074655657,6252499.92582771,Cluster 3,0.050475744630632716,0.17237083090193397,0.12189508627130126
1,1970,ED01_1,ED01,602500.0069320137,6257499.875294123,Cluster 3,0.1231866681025897,0.2763101191930396,0.1531234510904499
1,1970,ED02_1,ED02,602499.9632342183,6262499.97639951,Cluster 2,0.14969727176095243,0.26425762618500515,0.11456035442405271
1,1970,ED03_1,ED03,602500.0034894047,6267500.009511617,Cluster 2,0.144738462297335,0.26494015351931155,0.12020169122197655
1,1970,EE08_1,EE08,602500.0238220977,6242499.8172161,Cluster 3,0.07870446649072982,0.1253279680164385,0.04662350152570868
1,1970,AE94_1,AE94,447500.1510277113,6222499.78450804,Cluster 1,0.12271271753025513,0.2983171962345533,0.17560447870429813
1,1970,BD70_1,BD70,487500.0817826781,6252499.672654292,Cluster 3,0.11816111148767598,0.12378261534472416,0.005621503857048182
1,1970,EE09_1,EE09,602500.0332308657,6247499.906951615,Cluster 2,0.09486903529784273,0.13347940670970326,0.038610371411860536
1,1970,EB03_1,EB03,617499.4041724587,6347499.787013219,Cluster 1,0.13081070143456747,0.21683688294765707,0.0860261815130896
1,1970,EB04_1,EB04,617499.3770303854,6352499.760663346,Cluster 1,0.10693595655541,0.19121844941245658,0.08428249285704659
1,1970,EB06_1,EB06,622499.452476495,6342499.958876019,Cluster 1,0.4498634391645318,0.5975420767300758,0.14767863756554395
1,1970,EB07_1,EB07,622499.340247113,6347499.802468584,Cluster 1,0.1334117310321071,0.2799381467898926,0.1465264157577855
1,1970,EB08_1,EB08,622499.3295501823,6352499.804013868,Cluster 1,0.10425825204484065,0.1595343207164991,0.055276068671658435
1,1970,BD71_1,BD71,487500.07274000347,6257499.676720983,Cluster 2,0.07489719007935147,0.15118513994171948,0.076287949862368
1,1970,EB10_1,EB10,627499.3598611797,6352499.809865731,Cluster 1,0.11472658650585553,0.20547660351190694,0.09075001700605141
1,1970,ED12_1,ED12,607499.9846502618,6262499.948752708,Cluster 2,0.11208605710172122,0.23775456298876188,0.12566850588704065
1,1970,ED13_1,ED13,607500.0289460056,6267499.969510026,Cluster 2,0.12429972802390732,0.12966397674450345,0.0053642487205961265
1,1970,BD72_1,BD72,487500.1065785421,6262499.717117674,Cluster 1,0.05609489127757737,0.1776522752566849,0.12155738397910752
1,1970,ED21_1,ED21,612499.9999244057,6257499.948716197,Cluster 2,0.15189284971527267,0.19882655841500335,0.04693370869973068
1,1970,ED22_1,ED22,612500.0638923836,6262499.925191073,Cluster 2,0.09541543406412982,0.18609705664060902,0.0906816225764792
1,1970,ED23_1,ED23,612500.0489246127,6267500.053278171,Cluster 3,0.12492414078436646,0.13709380541441352,0.012169664630047053
1,1970,ED30_1,ED30,617500.0131436305,6252499.979232868,Cluster 2,0.09576175733046714,0.13836697874853865,0.04260522141807151
1,1970,ED31_1,ED31,617500.0689346831,6257499.919604393,Cluster 2,0.14034680816760395,0.1738037233322927,0.03345691516468874
1,1970,EE05_1,EE05,602500.0291128291,6227499.796893536,Cluster 2,0.14585434510076056,0.16824378240172563,0.02238943730096507
1,1970,EE06_1,EE06,602500.0177116019,6232499.873435614,Cluster 2,0.1298659892036373,0.19001969309993455,0.06015370389629726
1,1970,BD73_1,BD73,487500.0600253826,6267499.6828794535,Cluster 1,0.14812328511693268,0.2589971397265393,0.11087385460960664
1,1970,EE07_1,EE07,602500.0370459903,6237499.880717993,Cluster 3,0.12642958040474764,0.15689709976910426,0.030467519364356627
1,1970,EE15_1,EE15,607500.0429033731,6227499.870408693,Cluster 2,0.1835731916490776,0.19624207087927972,0.01266887923020213
1,1970,EE16_1,EE16,607500.0326255038,6232499.819688625,Cluster 3,0.08608816302422978,0.18429576663983402,0.09820760361560424
1,1970,EE17_1,EE17,607500.0336967214,6237499.811088578,Cluster 3,0.0910050433761232,0.1985222320663085,0.10751718869018531
1,1970,EE18_1,EE18,607500.0446534248,6242499.84457169,Cluster 2,0.0745619072550395,0.15600596853452814,0.08144406127948864
1,1970,EE19_1,EE19,607500.0022517216,6247499.918539914,Cluster 2,0.08904524945273523,0.12359580482287703,0.0345505553701418
1,1970,BD74_1,BD74,487500.05668077216,6272499.684921809,Cluster 1,0.0653778675269854,0.17621690533125114,0.11083903780426574
1,1970,EE27_1,EE27,612500.0178630335,6237499.805356083,Cluster 3,0.12783271989228573,0.19653530515704995,0.06870258526476422
1,1970,EE28_1,EE28,612500.0568845634,6242499.83450955,Cluster 2,0.11241009971361146,0.13806549722378944,0.02565539751017798
1,1970,EE29_1,EE29,612500.0256645977,6247499.904153242,Cluster 2,0.16428647155600673,0.20366915655077453,0.0393826849947678
1,1970,EE39_1,EE39,617500.0586333661,6247499.861813668,Cluster 2,0.11393737187077674,0.1369933739928337,0.023056002122056968
1,1970,EF00_1,EF00,602500.1568967437,6152499.938279047,Cluster 1,0.1556308043933577,0.2537494024068577,0.09811859801350004
1,1970,EF01_1,EF01,602500.110434067,6157499.949953882,Cluster 3,0.09677420633134867,0.20367334475988025,0.10689913842853158
1,1970,BD75_1,BD75,487500.09656343656,6277499.723220508,Cluster 1,0.1278032463411601,0.24883612168919944,0.12103287534803933
1,1970,EF02_1,EF02,602500.11502745,6162499.892898545,Cluster 3,0.16655773877560673,0.19489687901724187,0.02833914024163514
1,1970,EF06_1,EF06,602500.0299051435,6182499.853612516,Cluster 2,0.13627894568149795,0.13806763017332319,0.001788684491825232
1,1970,EF07_1,EF07,602500.0078381761,6187499.891590624,Cluster 1,0.1364778276068585,0.18995667739214842,0.05347884978528991
1,1970,EF08_1,EF08,602499.9662049786,6192499.859152391,Cluster 1,0.15662520234051724,0.26933298701685837,0.11270778467634113
1,1970,EF09_1,EF09,602499.963655327,6197499.869020305,Cluster 1,0.18688786175952643,0.2959795517424893,0.10909168998296287
1,1970,EF10_1,EF10,607500.16663707,6152499.862016589,Cluster 3,0.17508354595753428,0.1980823319506819,0.022998785993147614
1,1970,EF11_1,EF11,607500.176405482,6157499.852075477,Cluster 3,0.08000719004690399,0.1970648866531317,0.11705769660622772
1,1970,BD76_1,BD76,487500.056836057,6282499.686808519,Cluster 1,0.1841372816681335,0.19610109046453914,0.011963808796405628
1,1970,EF45_1,EF45,622500.1133564778,6177499.906438245,Cluster 1,0.16449405336962328,0.26287111216916803,0.09837705879954475
1,1970,EF54_1,EF54,627500.173708827,6172499.894058021,Cluster 3,0.1511992837278923,0.151268358200374,6.907447248169496e-5
1,1970,EF55_1,EF55,627500.1632006445,6177499.839703479,Cluster 1,0.144184506767759,0.19951489758255814,0.055330390814799124
1,1970,EF63_1,EF63,632500.2244002955,6167499.81615931,Cluster 2,0.17028916357792667,0.18818670717296035,0.017897543595033677
1,1970,EF64_1,EF64,632500.1982281193,6172499.854965836,Cluster 1,0.16414432426422226,0.18069750961783412,0.01655318535361186
1,1970,EF65_1,EF65,632500.1855857152,6177499.827314664,Cluster 1,0.1350964543629831,0.20412027251774495,0.06902381815476186
1,1970,BD77_1,BD77,487500.0606638972,6287499.686602905,Cluster 3,0.10370131022771797,0.21768052613261438,0.1139792159048964
1,1970,EF69_1,EF69,632500.1501958598,6197499.82822393,Cluster 1,0.198174406952216,0.30940739037166437,0.11123298341944837
1,1970,EF70_1,EF70,637500.234482398,6152499.829759564,Cluster 1,0.16292930817694973,0.17549511499070766,0.012565806813757935
1,1970,EF71_1,EF71,637500.2314522653,6157499.769810148,Cluster 3,0.17641835142488224,0.19528885591871117,0.018870504493828932
1,1970,EF72_1,EF72,637500.2274973425,6162499.754893564,Cluster 1,0.14606501078832418,0.2297934295788228,0.08372841879049861
1,1970,EF73_1,EF73,637500.2209097057,6167499.784967061,Cluster 1,0.15369531375262316,0.15620535022565987,0.002510036473036714
1,1970,EF74_1,EF74,637500.2099802837,6172499.859987579,Cluster 3,0.07545343197506664,0.19477743875786768,0.11932400678280104
1,1970,EF75_1,EF75,637500.1965109793,6177499.868648433,Cluster 3,0.21147599218195973,0.2602906415023771,0.04881464932041735
1,1970,BD78_1,BD78,487500.04695056047,6292499.722763024,Cluster 3,0.12533804294866105,0.19984115909173963,0.07450311614307858
1,1970,EF80_1,EF80,642500.2088201805,6152499.8108049715,Cluster 1,0.13078957790695764,0.2474541846885756,0.11666460678161797
1,1970,EF81_1,EF81,642500.2076575521,6157499.794391641,Cluster 1,0.20719248931837192,0.2101271017895847,0.002934612471212794
1,1970,EF82_1,EF82,642500.2525552853,6162499.825148337,Cluster 1,0.17903992526940232,0.2399299145754633,0.06088998930606099
1,1970,EF83_1,EF83,642500.2193219239,6167499.787668911,Cluster 3,0.053746500556839834,0.16594818982795861,0.11220168927111879
1,1970,EF84_1,EF84,642500.2285859047,6172499.797269886,Cluster 3,0.10261646735642445,0.19644139377920383,0.09382492642277938
1,1970,EF85_1,EF85,642500.21561393,6177499.851854328,Cluster 1,0.1328292883672851,0.2289229174351,0.09609362906781488
1,1970,BD79_1,BD79,487500.0155984107,6297499.6839520885,Cluster 1,0.07293577302285878,0.20847924928641234,0.13554347626355356
1,1970,EF90_1,EF90,647500.1968096502,6152499.796485673,Cluster 1,0.15888920013982072,0.18028805257221267,0.02139885243239195
1,1970,EF91_1,EF91,647500.2025785598,6157499.7218825305,Cluster 3,0.10384881372256055,0.1904245416810118,0.08657572795845125
1,1970,EF92_1,EF92,647500.2346433615,6162499.805848634,Cluster 3,0.10069228338139603,0.21243347294771148,0.11174118956631544
1,1970,EF93_1,EF93,647500.2356114537,6167499.82370214,Cluster 3,0.15177833267753335,0.2666836359142838,0.11490530323675044
1,1970,EF94_1,EF94,647500.2037785846,6172499.7753932625,Cluster 3,0.0647319932548555,0.182069680722846,0.11733768746799049
1,1970,EF95_1,EF95,647500.2592736807,6177499.776383813,Cluster 3,0.06867490244175732,0.16331951452642005,0.09464461208466272
1,1970,EF96_1,EF96,647500.2117523269,6182499.820248794,Cluster 1,0.21024008723680615,0.22825657303067245,0.018016485793866305
1,1970,EG00_1,EG00,602500.2075383858,6102499.752554977,Cluster 3,0.10831753772582303,0.2050345511186657,0.09671701339284267
1,1970,AE95_1,AE95,447500.1819872547,6227499.747924402,Cluster 1,0.23379196584679776,0.3910343825413693,0.15724241669457154
1,1970,BD80_1,BD80,492500.052342845,6252499.689303762,Cluster 2,0.07088109901106354,0.16942110117470668,0.09854000216364314
1,1970,EG01_1,EG01,602500.1653777973,6107499.795298992,Cluster 3,0.12984239460723068,0.14011734828901198,0.010274953681781301
1,1970,EG02_1,EG02,602500.1872741627,6112499.769644517,Cluster 2,0.11574468372597001,0.12317571803212428,0.007431034306154272
1,1970,EG03_1,EG03,602500.1419317244,6117499.7838923335,Cluster 3,0.12707644317739947,0.1503609034108473,0.023284460233447823
1,1970,EG04_1,EG04,602500.155513311,6122499.8409451125,Cluster 3,0.1255259593791245,0.28623055168375827,0.16070459230463377
1,1970,EG05_1,EG05,602500.1656467885,6127499.828034153,Cluster 3,0.09931224740079139,0.16046916389961613,0.06115691649882474
1,1970,EG06_1,EG06,602500.1685459674,6132499.856394926,Cluster 3,0.0976579064273896,0.17272884014677645,0.07507093371938685
1,1970,EG07_1,EG07,602500.1629894912,6137499.92599472,Cluster 3,0.05209109371277765,0.16651795281032483,0.11442685909754718
1,1970,EG08_1,EG08,602500.1503424796,6142499.925529002,Cluster 3,0.0761668195041506,0.15697765635270194,0.08081083684855134
1,1970,EG09_1,EG09,602500.129395011,6147499.854962473,Cluster 1,0.13427966114993645,0.21252865775858185,0.0782489966086454
1,1970,EG10_1,EG10,607500.1768091201,6102499.818051623,Cluster 1,0.1743233356327002,0.19117710322495246,0.016853767592252267
1,1970,BD81_1,BD81,492500.0663517555,6257499.67318747,Cluster 3,0.1216069751566033,0.12326390400886704,0.0016569288522637338
1,1970,EG11_1,EG11,607500.1588724807,6107499.833944355,Cluster 3,0.04721957115747328,0.1877822745247942,0.14056270336732093
1,1970,EG12_1,EG12,607500.1894330485,6112499.781570623,Cluster 2,0.16267166548847795,0.2122351597926567,0.04956349430417875
1,1970,EG13_1,EG13,607500.2007176884,6117499.770624214,Cluster 3,0.05483469083507119,0.22264238384271298,0.16780769300764178
1,1970,EG14_1,EG14,607500.191500505,6122499.801071322,Cluster 2,0.13419197343311468,0.1390912609816126,0.004899287548497916
1,1970,EG15_1,EG15,607500.1605547919,6127499.872877927,Cluster 3,0.09356234996082294,0.14849030045384215,0.05492795049301921
1,1970,EG16_1,EG16,607500.1727981393,6132499.876283166,Cluster 2,0.13179536791451643,0.13761321544110594,0.005817847526589509
1,1970,EG17_1,EG17,607500.1607226082,6137499.920979434,Cluster 3,0.055029986019836295,0.20607396341610248,0.15104397739626618
1,1970,EG18_1,EG18,607500.1891095479,6142499.897205671,Cluster 3,0.063950506490788,0.1920587346650744,0.1281082281742864
1,1970,EG19_1,EG19,607500.1905837624,6147499.914653578,Cluster 2,0.2115431239175047,0.23760330504504346,0.026060181127538745
1,1970,EG21_1,EG21,612500.2348921587,6107499.801269529,Cluster 3,0.09660759104334311,0.1677149406672059,0.0711073496238628
1,1970,BD82_1,BD82,492500.0446139241,6262499.693544938,Cluster 1,0.2166663297612131,0.23261759739225185,0.01595126763103874
1,1970,EG22_1,EG22,612500.2114052242,6112499.729918555,Cluster 3,0.06029340130390591,0.1788993184392841,0.1186059171353782
1,1970,EG23_1,EG23,612500.2139353334,6117499.81291228,Cluster 3,0.09590116163808268,0.167362320201647,0.07146115856356433
1,1970,EG24_1,EG24,612500.1830770366,6122499.826076767,Cluster 3,0.048803644057234336,0.18034810962246528,0.13154446556523094
1,1970,EG25_1,EG25,612500.1782985982,6127499.882253152,Cluster 3,0.15003904569877913,0.28751801676051886,0.13747897106173973
1,1970,EG26_1,EG26,612500.200980525,6132499.870141038,Cluster 3,0.1374571865635953,0.2777889060032335,0.14033171943963824
1,1970,EG27_1,EG27,612500.1834815647,6137499.899357621,Cluster 3,0.07322438789863418,0.1954833673171381,0.12225897941850393
1,1970,EG30_1,EG30,617500.2479844969,6102499.703469929,Cluster 2,0.2137842899109024,0.2451264954624402,0.0313422055515378
1,1970,BD83_1,BD83,492500.0486383725,6267499.638934148,Cluster 1,0.21327989574770945,0.2905025942587297,0.07722269851102026
1,1970,EG40_1,EG40,622500.2477358868,6102499.741840948,Cluster 2,0.15592413164811963,0.20900264070657984,0.053078509058460205
1,1970,EG41_1,EG41,622500.2452251216,6107499.731631616,Cluster 3,0.09170344882687298,0.18442448473902678,0.0927210359121538
1,1970,EG42_1,EG42,622500.1778913485,6112499.7629739335,Cluster 3,0.13248709208503287,0.17009993527735304,0.03761284319232017
1,1970,BD84_1,BD84,492500.0788364224,6272499.731946048,Cluster 1,0.12959673415084114,0.17833688168323616,0.04874014753239503
1,1970,EG76_1,EG76,637500.1687954454,6132499.737980937,Cluster 3,0.10721364281350121,0.23026132329623406,0.12304768048273285
1,1970,EG77_1,EG77,637500.2055718829,6137499.833220863,Cluster 3,0.14691981530320242,0.2616657593908,0.11474594408759758
1,1970,EG84_1,EG84,642500.1821270094,6122499.752851817,Cluster 3,0.1410740347819792,0.24147268603473832,0.10039865125275912
1,1970,EG85_1,EG85,642500.1759146599,6127499.685259293,Cluster 1,0.1606735946819907,0.17688312629396652,0.01620953161197583
1,1970,EG86_1,EG86,642500.1595471228,6132499.774305279,Cluster 3,0.11867438299048952,0.1562213090275659,0.03754692603707638
1,1970,EG87_1,EG87,642500.2018560335,6137499.799481912,Cluster 1,0.1932829199820071,0.21838725657623703,0.02510433659422992
1,1970,BD85_1,BD85,492500.0734845984,6277499.750050906,Cluster 1,0.09527877139138392,0.14558444314627,0.05030567175488608
1,1970,EG88_1,EG88,642500.1743270823,6142499.756653693,Cluster 1,0.19214000975249934,0.245621744797151,0.053481735044651646
1,1970,EG89_1,EG89,642500.1983442176,6147499.761124632,Cluster 1,0.1475435937471689,0.23641406319369668,0.08887046944652777
1,1970,EG94_1,EG94,647500.1901655146,6122499.657195898,Cluster 3,0.17797069032246615,0.2836071281647113,0.10563643784224513
1,1970,EG95_1,EG95,647500.2152539153,6127499.751259625,Cluster 3,0.14187630150077588,0.15215747523820095,0.01028117373742507
1,1970,EG96_1,EG96,647500.1581773825,6132499.777421652,Cluster 2,0.14756140689298558,0.16690256052165375,0.019341153628668173
1,1970,EG97_1,EG97,647500.2075852172,6137499.741983493,Cluster 1,0.1202228630394415,0.16802575150731355,0.04780288846787205
1,1970,EG98_1,EG98,647500.1677108221,6142499.749803021,Cluster 1,0.17347623175140683,0.1871201163511003,0.013643884599693457
1,1970,EG99_1,EG99,647500.2267514672,6147499.807189792,Cluster 3,0.12057121157677396,0.12429902719868795,0.003727815621913988
1,1970,BD86_1,BD86,492500.0328117953,6282499.693222406,Cluster 1,0.17106690269455577,0.2853779911135813,0.11431108841902554
1,1970,EH08_1,EH08,602500.1620083671,6092499.788471238,Cluster 3,0.17492010136919173,0.24195576836029437,0.06703566699110264
1,1970,EH09_1,EH09,602500.1847436636,6097499.749779848,Cluster 3,0.13137681668683104,0.17026052805477535,0.0388837113679443
1,1970,EH13_1,EH13,607500.2490966875,6067499.876797193,Cluster 1,0.2117392951014767,0.2566255739784619,0.04488627887698521
1,1970,EH14_1,EH14,607500.1881287517,6072499.820997513,Cluster 1,0.24167631109213245,0.2657227022524876,0.024046391160355174
1,1970,EH15_1,EH15,607500.1822916985,6077499.808419616,Cluster 3,0.15590743798776607,0.19016871793240575,0.03426127994463968
1,1970,EH16_1,EH16,607500.1659957448,6082499.837500439,Cluster 1,0.16352798834233806,0.2535404423026752,0.09001245396033714
1,1970,EH17_1,EH17,607500.2047700058,6087499.798479977,Cluster 1,0.18148451704955829,0.27105361049998056,0.08956909345042227
1,1970,BD87_1,BD87,492500.0796249006,6287499.672523582,Cluster 1,0.06401048345748307,0.16660664061602237,0.1025961571585393
1,1970,EH23_1,EH23,612500.2034834018,6067499.887341654,Cluster 1,0.18414889655832914,0.2800046945178076,0.09585579795947843
1,1970,EH24_1,EH24,612500.212235677,6072499.811950394,Cluster 3,0.14925241456061922,0.23774973862537985,0.08849732406476063
1,1970,EH25_1,EH25,612500.1963975141,6077499.778303541,Cluster 1,0.14915524667100527,0.15588117797735765,0.0067259313063523785
1,1970,EH26_1,EH26,612500.2189002938,6082499.787972259,Cluster 1,0.14679658443159435,0.15213412101471238,0.00533753658311803
1,1970,EH27_1,EH27,612500.2170047599,6087499.728058776,Cluster 3,0.09878763574646694,0.2312563493129491,0.13246871356648215
1,1970,EH28_1,EH28,612500.1867045197,6092499.709788004,Cluster 1,0.2945535300774777,0.3174964396983561,0.022942909620878416
1,1970,EH37_1,EH37,617500.189780661,6087499.7680580225,Cluster 1,0.20868448937579395,0.24327413233607295,0.034589642960279
1,1970,EH38_1,EH38,617500.2326236423,6092499.741423128,Cluster 3,0.148207837482059,0.21964611348489724,0.07143827600283822
1,1970,BD88_1,BD88,492500.0303709486,6292499.688262614,Cluster 1,0.11963239933348063,0.17411647812874026,0.05448407879525963
1,1970,EH39_1,EH39,617500.2301707517,6097499.75643296,Cluster 3,0.1800349781341341,0.2088887622855132,0.028853784151379097
1,1970,EH49_1,EH49,622500.2536596373,6097499.68413302,Cluster 2,0.20037016899090018,0.23094753348521768,0.0305773644943175
1,1970,EH54_1,EH54,627500.2315571259,6072499.726827907,Cluster 1,0.22705178410874424,0.3139193890447074,0.08686760493596316
1,1970,EH64_1,EH64,632500.2489600373,6072499.714002534,Cluster 2,0.12372802668228676,0.1716778706147663,0.047949843932479544
1,1970,EH66_1,EH66,632500.2653655324,6082499.7089617625,Cluster 1,0.17350548229025423,0.2644728788272466,0.0909673965369924
1,1970,BD89_1,BD89,492500.00758350815,6297499.740193662,Cluster 1,0.09369757476735155,0.2116989027160561,0.11800132794870455
1,1970,EH67_1,EH67,632500.240557838,6087499.660661096,Cluster 3,0.15900725347407588,0.1615466177344321,0.002539364260356225
1,1970,EH73_1,EH73,637500.2350246185,6067499.714042777,Cluster 2,0.19030246354592759,0.20204536114302973,0.011742897597102148
1,1970,EH74_1,EH74,637500.223421336,6072499.668808251,Cluster 2,0.1352922363441271,0.20610570358229816,0.07081346723817106
1,1970,EH75_1,EH75,637500.2391012611,6077499.669303549,Cluster 1,0.21348611561172784,0.2821450815248416,0.06865896591311374
1,1970,EH77_1,EH77,637500.2241880391,6087499.580903596,Cluster 2,0.1470764702926975,0.20155740967940886,0.05448093938671136
1,1970,EH78_1,EH78,637500.2511288846,6092499.605141959,Cluster 1,0.20595272451463953,0.2224438363033994,0.016491111788759866
1,1970,EH83_1,EH83,642500.2303255753,6067499.715175096,Cluster 1,0.13887801378150064,0.2693313226590462,0.13045330887754555
1,1970,EH84_1,EH84,642500.2311327682,6072499.703858004,Cluster 2,0.11268433912832418,0.19108715810409974,0.07840281897577556
1,1970,AE96_1,AE96,447500.139576756,6232499.638727918,Cluster 1,0.3964464136761063,0.5502573513287098,0.1538109376526035
1,1970,BD90_1,BD90,497500.0588251114,6252499.698183741,Cluster 2,0.1421387742135047,0.15859035954488035,0.01645158533137564
1,1970,EH85_1,EH85,642500.2474008938,6077499.627137704,Cluster 2,0.1715064888826451,0.2534069639421826,0.08190047505953749
1,1970,EH87_1,EH87,642500.2449209422,6087499.609035659,Cluster 2,0.12786687710251518,0.2168890293799218,0.08902215227740662
1,1970,EH88_1,EH88,642500.2264585433,6092499.556320992,Cluster 1,0.19704700449272672,0.20276191910892316,0.005714914616196443
1,1970,EH92_1,EH92,647500.1957499915,6062499.687774925,Cluster 1,0.2674416967978206,0.34707838341326486,0.07963668661544426
1,1970,EH93_1,EH93,647500.2119518482,6067499.673581073,Cluster 1,0.17075619668119207,0.1932876317739147,0.022531435092722624
1,1970,EH94_1,EH94,647500.2300924656,6072499.59413029,Cluster 2,0.2101420357626636,0.2665662968764219,0.05642426111375831
1,1970,EH95_1,EH95,647500.2412025952,6077499.671872045,Cluster 2,0.17022844133171486,0.22782263534941957,0.057594194017704714
1,1970,EH96_1,EH96,647500.2545091603,6082499.573025044,Cluster 3,0.09119175612144237,0.2167458353253017,0.12555407920385933
1,1970,EH97_1,EH97,647500.2573792844,6087499.631286464,Cluster 3,0.14898429250867695,0.1893927320522896,0.040408439543612645
1,1970,BD91_1,BD91,497500.03416951664,6257499.671954378,Cluster 1,0.11857885647832678,0.160339364953378,0.04176050847505122
1,1970,FE00_1,FE00,652500.2204548502,6202499.884181068,Cluster 1,0.1657153139155858,0.17752760190955216,0.011812287993966358
1,1970,FE10_1,FE10,657500.2140283118,6202499.844869955,Cluster 3,0.11185242259563911,0.24195454114278575,0.13010211854714665
1,1970,FE20_1,FE20,662500.2220386828,6202499.902415118,Cluster 3,0.08807050597170325,0.21290192188259627,0.12483141591089301
1,1970,FE30_1,FE30,667500.2691536737,6202499.833699634,Cluster 3,0.19625030311794223,0.32444360818332296,0.12819330506538074
1,1970,FE40_1,FE40,672500.3008507392,6202499.858164246,Cluster 3,0.16010515046207827,0.28724648654866,0.1271413360865817
1,1970,BD92_1,BD92,497500.0799421015,6262499.6820673505,Cluster 1,0.2084704618703046,0.31394749627190727,0.10547703440160267
1,1970,FE60_1,FE60,682500.2713181422,6202499.84461653,Cluster 3,0.12872813542620123,0.19685315692918953,0.0681250215029883
1,1970,FE61_1,FE61,682500.341989624,6207499.920597611,Cluster 3,0.07828498030707509,0.15697528950660178,0.07869030919952669
1,1970,FE71_1,FE71,687500.2984424902,6207499.905692995,Cluster 3,0.08977510162650003,0.18013970469561924,0.09036460306911921
1,1970,FE72_1,FE72,687500.363131253,6212499.947936701,Cluster 3,0.10537481475660493,0.2403139229771081,0.13493910822050317
1,1970,BD93_1,BD93,497500.07296910265,6267499.728574473,Cluster 1,0.06769662065949128,0.16184481116174676,0.09414819050225548
1,1970,FE80_1,FE80,692500.3264155694,6202499.858064589,Cluster 3,0.0856719672999464,0.24068944893877103,0.15501748163882462
1,1970,FE81_1,FE81,692500.373541418,6207499.882120019,Cluster 3,0.10282084577547433,0.23012461533574136,0.127303769560267
1,1970,FE82_1,FE82,692500.3463343331,6212499.956222788,Cluster 3,0.1483898264969527,0.295480100673887,0.14709027417693432
1,1970,FE83_1,FE83,692500.3720132804,6217499.974638728,Cluster 3,0.08873070051858165,0.21970366901513774,0.1309729684965561
1,1970,FE90_1,FE90,697500.3555868408,6202499.883863147,Cluster 1,0.1601771103951349,0.18644750416090047,0.026270393765765565
1,1970,FE91_1,FE91,697500.3965691917,6207499.840916168,Cluster 3,0.09782629909902633,0.20951372920057962,0.11168743010155328
1,1970,FE92_1,FE92,697500.4091896428,6212499.850916306,Cluster 3,0.14332331765757725,0.1698822194289599,0.026558901771382648
1,1970,FE93_1,FE93,697500.3909917022,6217499.9137929315,Cluster 3,0.04557295049996004,0.1495021121740845,0.10392916167412444
1,1970,FE94_1,FE94,697500.4689643438,6222499.923962992,Cluster 3,0.0772721490421374,0.16723683709212206,0.08996468804998466
1,1970,FF00_1,FF00,652500.2143912867,6152499.7862611525,Cluster 3,0.06362750000869655,0.1612612466799184,0.09763374667122185
1,1970,BD94_1,BD94,497500.0748110663,6272499.700105536,Cluster 1,0.15647581861533244,0.15818059713473426,0.0017047785194018172
1,1970,FF01_1,FF01,652500.2248090926,6157499.774261067,Cluster 3,0.08063634675819341,0.14580247723976003,0.06516613048156662
1,1970,FF02_1,FF02,652500.2492441322,6162499.809702141,Cluster 2,0.15658288605326784,0.2540877050418335,0.09750481898856564
1,1970,FF03_1,FF03,652500.2266870057,6167499.7790860785,Cluster 3,0.0766509758291204,0.1978993717494259,0.12124839592030551
1,1970,FF04_1,FF04,652500.2144126588,6172499.795813887,Cluster 3,0.11282763712243525,0.16165190112120195,0.0488242639987667
1,1970,FF05_1,FF05,652500.2143685349,6177499.748581729,Cluster 1,0.14271488740659558,0.15157471552575566,0.008859828119160085
1,1970,FF06_1,FF06,652500.2168219197,6182499.859854026,Cluster 1,0.1601171623048379,0.16908768970568303,0.008970527400845113
1,1970,FF07_1,FF07,652500.231527698,6187499.795811617,Cluster 2,0.15193245359161864,0.24616703326374456,0.09423457967212592
1,1970,FF08_1,FF08,652500.2487440347,6192499.778918769,Cluster 1,0.1402259063888556,0.18213140318571952,0.04190549679686392
1,1970,FF10_1,FF10,657500.2143405195,6152499.777359325,Cluster 3,0.1029155220142409,0.26970967805015295,0.16679415603591205
1,1970,FF11_1,FF11,657500.2348184625,6157499.726247546,Cluster 3,0.06843920729685438,0.15393135030444052,0.08549214300758615
1,1970,BD95_1,BD95,497500.02420617704,6277499.707981611,Cluster 2,0.19469896694997216,0.2260203763395639,0.03132140938959174
1,1970,FF12_1,FF12,657500.2533010718,6162499.722690075,Cluster 2,0.1985822385512216,0.246875665483849,0.04829342693262742
1,1970,FF13_1,FF13,657500.2678361252,6167499.766637617,Cluster 3,0.06100041112091374,0.17004378860261427,0.10904337748170052
1,1970,FF14_1,FF14,657500.2804860991,6172499.746787113,Cluster 3,0.06689602714628831,0.16022126366529657,0.09332523651900826
1,1970,FF15_1,FF15,657500.2224905242,6177499.772069843,Cluster 1,0.1489252709767081,0.17264863328259114,0.02372336230588304
1,1970,FF16_1,FF16,657500.2175718555,6182499.846975895,Cluster 2,0.17383804689180124,0.18946722276154096,0.01562917586973972
1,1970,FF17_1,FF17,657500.2675925975,6187499.860202954,Cluster 2,0.16485702649893205,0.20901348022791252,0.04415645372898047
1,1970,FF18_1,FF18,657500.2452246804,6192499.807152677,Cluster 3,0.06493451080745598,0.21484749440775114,0.14991298360029515
1,1970,FF19_1,FF19,657500.2697239395,6197499.803575764,Cluster 3,0.12404262796171198,0.17846309128453575,0.05442046332282377
1,1970,FF20_1,FF20,662500.2125909128,6152499.769090225,Cluster 3,0.11848415085883192,0.1642187985930082,0.04573464773417628
1,1970,FF21_1,FF21,662500.2406863412,6157499.799661659,Cluster 3,0.06916520725188204,0.2004043893332267,0.13123918208134466
1,1970,BD96_1,BD96,497500.0438990338,6282499.752103166,Cluster 1,0.10000135172472814,0.11761635664597803,0.017615004921249885
1,1970,FF22_1,FF22,662500.2548913385,6162499.766637423,Cluster 3,0.06850704934120377,0.20417501115584188,0.1356679618146381
1,1970,FF23_1,FF23,662500.2491310743,6167499.781214133,Cluster 3,0.06643439845181012,0.16619788608145236,0.09976348762964224
1,1970,FF24_1,FF24,662500.2884650016,6172499.734430286,Cluster 3,0.06921169789677105,0.1396694498228937,0.07045775192612265
1,1970,FF25_1,FF25,662500.2368262114,6177499.844051934,Cluster 3,0.12387980920697439,0.1272584675793186,0.0033786583723442176
1,1970,FF26_1,FF26,662500.2303838229,6182499.780956389,Cluster 3,0.10892151519953351,0.1494327976974329,0.040511282497899384
1,1970,FF27_1,FF27,662500.2586700729,6187499.767595499,Cluster 3,0.07429489905768043,0.13636071264600547,0.06206581358832504
1,1970,FF28_1,FF28,662500.2569147471,6192499.801572185,Cluster 2,0.12376197797184513,0.12658074830359511,0.002818770331749987
1,1970,FF29_1,FF29,662500.2231507814,6197499.882831992,Cluster 3,0.10817807565332835,0.13989602979194266,0.03171795413861431
1,1970,FF30_1,FF30,667500.2250742009,6152499.760797058,Cluster 3,0.06907673102357337,0.16234718853406016,0.09327045751048679
1,1970,FF31_1,FF31,667500.2664735457,6157499.77134995,Cluster 3,0.1479822320891968,0.2178746630544113,0.0698924309652145
1,1970,BD97_1,BD97,497500.0724178304,6287499.721172826,Cluster 3,0.09959745438844587,0.13044969989920743,0.03085224551076156
1,1970,FF32_1,FF32,667500.2781001843,6162499.71839387,Cluster 2,0.13427420275877153,0.15573230273465674,0.021458099975885214
1,1970,FF33_1,FF33,667500.2537457212,6167499.713120071,Cluster 3,0.04383466704602618,0.15729646162886804,0.11346179458284186
1,1970,FF34_1,FF34,667500.2543204613,6172499.757887186,Cluster 2,0.15927498170788457,0.19569769039223145,0.03642270868434688
1,1970,FF35_1,FF35,667500.2819172617,6177499.741394598,Cluster 1,0.15025580966065705,0.19126285762860734,0.041007047967950294
1,1970,FF36_1,FF36,667500.2673523247,6182499.7724213265,Cluster 2,0.13250911131176676,0.1562025423257201,0.023693431013953326
1,1970,FF37_1,FF37,667500.2713154595,6187499.853328593,Cluster 1,0.1568516598108792,0.18571438115771124,0.028862721346832043
1,1970,FF38_1,FF38,667500.2333278777,6192499.870393818,Cluster 2,0.13746476469642308,0.19670254077599986,0.05923777607957678
1,1970,FF39_1,FF39,667500.2764708342,6197499.828398651,Cluster 2,0.126322883894823,0.2036838561172467,0.07736097222242372
1,1970,FF40_1,FF40,672500.2677202892,6152499.75185617,Cluster 3,0.15806413546188466,0.21967204350305874,0.06160790804117408
1,1970,FF41_1,FF41,672500.2610297143,6157499.749462805,Cluster 3,0.07177709131491049,0.2348113431229872,0.16303425180807674
1,1970,BD98_1,BD98,497500.0487199059,6292499.726513864,Cluster 1,0.05405003320816601,0.19409647283518186,0.14004643962701585
1,1970,FF42_1,FF42,672500.2674698508,6162499.797357992,Cluster 3,0.03778651257668452,0.19018107409603557,0.15239456151935105
1,1970,FF43_1,FF43,672500.289242156,6167499.784242888,Cluster 3,0.05750743189459135,0.20564078559898677,0.14813335370439543
1,1970,FF44_1,FF44,672500.2569006486,6172499.818821288,Cluster 3,0.045735285098679516,0.1831336960278504,0.13739841092917088
1,1970,FF45_1,FF45,672500.298489102,6177499.7947630705,Cluster 1,0.16082455819036642,0.21717766762819352,0.05635310943782709
1,1970,FF46_1,FF46,672500.2817369283,6182499.818284865,Cluster 3,0.15221594051640278,0.17716500457226916,0.024949064055866388
1,1970,FF50_1,FF50,677500.2932886138,6152499.739124405,Cluster 3,0.16468781482678488,0.21784463093808482,0.05315681611129994
1,1970,FF51_1,FF51,677500.3033863106,6157499.735752224,Cluster 3,0.124193165105172,0.19901647892601523,0.07482331382084323
1,1970,BD99_1,BD99,497500.0340011228,6297499.6567514995,Cluster 1,0.12047452297368703,0.2115255189362445,0.09105099596255746
1,1970,FF52_1,FF52,677500.247585791,6162499.780240425,Cluster 3,0.05346680303084049,0.16730923205110623,0.11384242902026574
1,1970,FF53_1,FF53,677500.2543300018,6167499.7663993435,Cluster 3,0.10614566554185784,0.14062225593731947,0.03447659039546164
1,1970,FF54_1,FF54,677500.2538217055,6172499.802859116,Cluster 3,0.09987338712158084,0.19574180178917733,0.09586841466759649
1,1970,FF55_1,FF55,677500.2483948858,6177499.778318752,Cluster 3,0.1642213759638618,0.18317141016312286,0.018950034199261057
1,1970,FF57_1,FF57,677500.2630915587,6187499.882293927,Cluster 1,0.1744493124890993,0.20561687741170617,0.03116756492260686
1,1970,FF60_1,FF60,682500.2545312074,6152499.719203852,Cluster 3,0.12659944802821296,0.2895368187074292,0.16293737067921624
1,1970,FF61_1,FF61,682500.2832841513,6157499.724413432,Cluster 2,0.3148187892594925,0.3503975762327605,0.035578786973267995
1,1970,FF62_1,FF62,682500.2931610722,6162499.780151567,Cluster 3,0.08356728836171197,0.24618293795450927,0.16261564959279728
1,1970,FF63_1,FF63,682500.286603715,6167499.775118978,Cluster 3,0.07340255256824456,0.22466558573171866,0.15126303316347411
1,1970,AE97_1,AE97,447500.1513174165,6237499.67796077,Cluster 1,0.3422023879361998,0.368939682008583,0.026737294072383233
1,1970,FF64_1,FF64,682500.2567777862,6172499.820493967,Cluster 3,0.07309017361436637,0.21310763687832399,0.14001746326395761
1,1970,FF65_1,FF65,682500.2689476068,6177499.807606941,Cluster 2,0.16598544238046123,0.20028027090832318,0.03429482852786195
1,1970,FF66_1,FF66,682500.253306334,6182499.845007382,Cluster 3,0.09992278889040526,0.17024692638603134,0.07032413749562608
1,1970,FF67_1,FF67,682500.2749867147,6187499.824026549,Cluster 2,0.1377007311277922,0.15559399514649214,0.01789326401869995
1,1970,FF69_1,FF69,682500.286269831,6197499.823893157,Cluster 2,0.14642052806734038,0.15285943068061378,0.006438902613273401
1,1970,FF70_1,FF70,687500.2937067151,6152499.696531474,Cluster 3,0.1616587035330483,0.32146836962071706,0.15980966608766878
1,1970,FF71_1,FF71,687500.2797492278,6157499.717192857,Cluster 3,0.0734124037214035,0.2211746697643918,0.1477622660429883
1,1970,FF72_1,FF72,687500.2940864991,6162499.791177767,Cluster 3,0.12357393540661786,0.1789890319921694,0.055415096585551535
1,1970,FF73_1,FF73,687500.276108928,6167499.804490101,Cluster 3,0.10758131551132813,0.2221713685659352,0.11459005305460707
1,1970,BE03_1,BE03,452500.11633685895,6217499.746191076,Cluster 1,0.09564573236486115,0.16063301008482234,0.06498727771996118
1,1970,FF74_1,FF74,687500.2865121333,6172499.759767374,Cluster 3,0.1947289593202214,0.2232353005907954,0.028506341270573998
1,1970,FF75_1,FF75,687500.3181023151,6177499.768186162,Cluster 3,0.12500393578733168,0.23525205272473876,0.11024811693740708
1,1970,FF76_1,FF76,687500.3057092606,6182499.826981119,Cluster 3,0.21082497260027935,0.2581769836152547,0.047352011014975354
1,1970,FF77_1,FF77,687500.3145880764,6187499.827555462,Cluster 3,0.1428798802518008,0.17192987719473302,0.029049996942932227
1,1970,FF78_1,FF78,687500.2749215045,6192499.878377509,Cluster 3,0.061646574695746574,0.19286207920795184,0.13121550451220526
1,1970,FF79_1,FF79,687500.3143556966,6197499.873560948,Cluster 3,0.10120066069648961,0.20362928814067363,0.10242862744418402
1,1970,FF80_1,FF80,692500.3003915065,6152499.665078906,Cluster 3,0.06645330385242587,0.22266354858134696,0.1562102447289211
1,1970,FF81_1,FF81,692500.3087101678,6157499.713388103,Cluster 3,0.061392001479685966,0.16312089908113533,0.10172889760144938
1,1970,FF82_1,FF82,692500.3342172247,6162499.7039436465,Cluster 3,0.10755455395799987,0.17653597528494308,0.06898142132694321
1,1970,FF83_1,FF83,692500.3066476895,6167499.745143122,Cluster 1,0.1728627513490469,0.18034280855595075,0.00748005720690384
1,1970,BE04_1,BE04,452500.11632998136,6222499.685172294,Cluster 1,0.24063933379776345,0.39980243663770015,0.1591631028399367
1,1970,FF84_1,FF84,692500.2915752039,6172499.7284601815,Cluster 1,0.19542342636667137,0.20743480126460942,0.012011374897938049
1,1970,FF86_1,FF86,692500.3421648205,6182499.746437445,Cluster 3,0.13044299323006545,0.22315790940325014,0.0927149161731847
1,1970,FF87_1,FF87,692500.3401528873,6187499.778193614,Cluster 3,0.1695445578981695,0.17204985860329025,0.0025053007051207554
1,1970,FF88_1,FF88,692500.3360075087,6192499.8630453255,Cluster 2,0.15609057720996575,0.2144989766184799,0.05840839940851414
1,1970,FF89_1,FF89,692500.3322349075,6197499.889691258,Cluster 3,0.08316708392019263,0.18575531854815372,0.10258823462796109
1,1970,FF90_1,FF90,697500.3486702319,6152499.738025841,Cluster 3,0.06751951942355318,0.15947805714804147,0.0919585377244883
1,1970,FF91_1,FF91,697500.3229910781,6157499.709487912,Cluster 2,0.15249653034482952,0.18548278905378945,0.03298625870895994
1,1970,FF92_1,FF92,697500.293774317,6162499.734567302,Cluster 1,0.20057890336584552,0.26550664120965806,0.06492773784381253
1,1970,FF93_1,FF93,697500.3265644838,6167499.704813483,Cluster 1,0.1657349360919483,0.1811635048736162,0.0154285687816679
1,1970,BE05_1,BE05,452500.15106356906,6227499.661355034,Cluster 1,0.0779585261361535,0.22284979044037947,0.14489126430422597
1,1970,FF94_1,FF94,697500.3508075213,6172499.728548656,Cluster 1,0.17076516477696466,0.22026051812433725,0.049495353347372595
1,1970,FF95_1,FF95,697500.3012456638,6177499.8028586125,Cluster 1,0.1664994415871191,0.23009028314754987,0.06359084156043077
1,1970,FF96_1,FF96,697500.3061860544,6182499.82213949,Cluster 1,0.21363323296361347,0.21866908504305613,0.005035852079442654
1,1970,FF97_1,FF97,697500.3003211509,6187499.7834761925,Cluster 2,0.1682546266988327,0.19126713353074076,0.02301250683190806
1,1970,FF98_1,FF98,697500.3387565847,6192499.800885114,Cluster 2,0.13393576743722768,0.1546197535452588,0.020683986108031127
1,1970,FF99_1,FF99,697500.3563003049,6197499.871448284,Cluster 2,0.10671887470194626,0.16592573627017088,0.05920686156822462
1,1970,FG04_1,FG04,652500.2116871931,6122499.731481395,Cluster 3,0.06781170782349473,0.20289269085410408,0.13508098303060934
1,1970,FG05_1,FG05,652500.2171045082,6127499.660736048,Cluster 1,0.14788738681856498,0.15926343285310177,0.01137604603453679
1,1970,BE06_1,BE06,452500.1590520394,6232499.675403499,Cluster 1,0.38987322389159956,0.49469103307089,0.10481780917929046
1,1970,FG06_1,FG06,652500.1805834217,6132499.7467744155,Cluster 2,0.22263387074529273,0.2672780527092807,0.04464418196398795
1,1970,FG07_1,FG07,652500.1714465149,6137499.7692362005,Cluster 1,0.16439123122166086,0.21973996927057599,0.05534873804891513
1,1970,FG08_1,FG08,652500.1877744175,6142499.728074739,Cluster 3,0.06817956872114717,0.1828793398199788,0.11469977109883164
1,1970,FG09_1,FG09,652500.2237905464,6147499.734495867,Cluster 3,0.1241292822388349,0.14546194249959687,0.02133266026076197
1,1970,FG14_1,FG14,657500.2100665862,6122499.639163951,Cluster 2,0.18511694373047344,0.2421201589967863,0.05700321526631286
1,1970,FG15_1,FG15,657500.1898129255,6127499.635449556,Cluster 2,0.13768609411047966,0.17217631805324043,0.03449022394276077
1,1970,FG16_1,FG16,657500.1792098745,6132499.679580689,Cluster 2,0.1590235725567571,0.2741154366505141,0.11509186409375699
1,1970,FG17_1,FG17,657500.1763130119,6137499.771510345,Cluster 2,0.14616101786354502,0.2297619268422153,0.08360090897867029
1,1970,FG18_1,FG18,657500.1871278463,6142499.68869132,Cluster 3,0.1021056790366122,0.19528214991211776,0.09317647087550555
1,1970,BE07_1,BE07,452500.1397759422,6237499.615993101,Cluster 1,0.21044831893534205,0.33065533065915104,0.12020701172380899
1,1970,FG19_1,FG19,657500.1978004752,6147499.764823828,Cluster 3,0.08359821934126219,0.15425495019627697,0.07065673085501478
1,1970,FG24_1,FG24,662500.1893252225,6122499.713272569,Cluster 2,0.1245283175609425,0.21791244531518,0.0933841277542375
1,1970,FG25_1,FG25,662500.212405978,6127499.6770139495,Cluster 2,0.11235632562227102,0.23790691168945408,0.12555058606718306
1,1970,FG26_1,FG26,662500.2293112001,6132499.688712805,Cluster 2,0.11840195567942567,0.12793818055316333,0.009536224873737661
1,1970,FG27_1,FG27,662500.2380894625,6137499.748319519,Cluster 3,0.08021408901762393,0.2159480332237158,0.13573394420609186
1,1970,FG28_1,FG28,662500.2408897995,6142499.744536591,Cluster 3,0.10656696992590318,0.27017714895094797,0.16361017902504477
1,1970,FG29_1,FG29,662500.2357788663,6147499.677311915,Cluster 3,0.07630622799901005,0.23777700360990162,0.16147077561089157
1,1970,FG33_1,FG33,667500.2205645419,6117499.620359663,Cluster 3,0.15015827178090127,0.16756114640024752,0.017402874619346254
1,1970,BE08_1,BE08,452500.095196037,6242499.594395928,Cluster 1,0.2711696437790322,0.3842369894043413,0.11306734562530912
1,1970,FG34_1,FG34,667500.2407739353,6122499.62178409,Cluster 3,0.08515226585933613,0.18641321499222072,0.10126094913288458
1,1970,FG35_1,FG35,667500.2410699656,6127499.67131439,Cluster 2,0.09797700314990364,0.17135275893249674,0.0733757557825931
1,1970,FG36_1,FG36,667500.223709299,6132499.657654755,Cluster 3,0.06061675961361935,0.21357320221193823,0.1529564425983189
1,1970,FG37_1,FG37,667500.2459156871,6137499.694400441,Cluster 3,0.09895750352180925,0.25021107432446754,0.15125357080265828
1,1970,FG38_1,FG38,667500.246432031,6142499.6678515,Cluster 2,0.10630599556583833,0.15396504677638542,0.04765905121054709
1,1970,FG39_1,FG39,667500.2190836334,6147499.6891986625,Cluster 2,0.13382962305317764,0.22398586760170375,0.09015624454852611
1,1970,FG43_1,FG43,672500.2258820928,6117499.596572478,Cluster 3,0.18334970933720685,0.288565100814055,0.10521539147684816
1,1970,FG44_1,FG44,672500.2404861517,6122499.693047497,Cluster 3,0.11363410134102883,0.22054787718909324,0.10691377584806441
1,1970,BE09_1,BE09,452500.0878081365,6247499.609894695,Cluster 1,0.19762106371892174,0.3347844553392821,0.13716339162036034
1,1970,FG45_1,FG45,672500.2238220301,6127499.726472702,Cluster 3,0.043220290484986934,0.18719699505901197,0.14397670457402503
1,1970,FG46_1,FG46,672500.2374023632,6132499.69926705,Cluster 3,0.10147025059864981,0.25757858593495575,0.15610833533630594
1,1970,FG47_1,FG47,672500.2747216006,6137499.722619677,Cluster 3,0.07608936098569713,0.19938565159412663,0.1232962906084295
1,1970,FG48_1,FG48,672500.2746404527,6142499.682758598,Cluster 1,0.1592519685164379,0.15944592853395115,1.9396001751326164e-4
1,1970,FG49_1,FG49,672500.2308515612,6147499.690869135,Cluster 1,0.1591495319888425,0.21597321761694643,0.05682368562810394
1,1970,FG51_1,FG51,677500.2769194953,6107499.589955671,Cluster 1,0.27922582513901145,0.37271964364617527,0.09349381850716382
1,1970,FG52_1,FG52,677500.260739334,6112499.577837041,Cluster 1,0.16783538748128188,0.2794590812774485,0.11162369379616663
1,1970,FG53_1,FG53,677500.2611837294,6117499.616630811,Cluster 3,0.047485735333027065,0.17131026336354124,0.12382452803051418
1,1970,FG54_1,FG54,677500.2760694259,6122499.706284379,Cluster 3,0.07083260817777937,0.1922764470026279,0.12144383882484852
1,1970,FG55_1,FG55,677500.2485989162,6127499.621722549,Cluster 3,0.07005849922812733,0.22110984989860114,0.15105135067047382
1,1970,FG56_1,FG56,677500.2903632673,6132499.70169495,Cluster 3,0.19524462929683906,0.21438327281063949,0.01913864351380043
1,1970,FG57_1,FG57,677500.2811134357,6137499.718577848,Cluster 2,0.15908686051825263,0.24172022171116506,0.08263336119291242
1,1970,FG58_1,FG58,677500.2822108439,6142499.674861006,Cluster 2,0.11687053206157774,0.1915217417439248,0.07465120968234706
1,1970,FG59_1,FG59,677500.2869998979,6147499.681728301,Cluster 3,0.16602061143766284,0.20729484651488098,0.04127423507721814
1,1970,FG60_1,FG60,682500.2334478453,6102499.59563694,Cluster 3,0.16256279280586408,0.16879671948899846,0.006233926683134383
1,1970,FG62_1,FG62,682500.2601156291,6112499.636107586,Cluster 2,0.09834476477302832,0.2131554556646371,0.11481069089160877
1,1970,FG63_1,FG63,682500.2782719862,6117499.677322921,Cluster 2,0.14937264267334685,0.16664024047560283,0.01726759780225598
1,1970,FG64_1,FG64,682500.2997839985,6122499.658293756,Cluster 2,0.20304350841626453,0.22976896733700414,0.026725458920739603
1,1970,BE11_1,BE11,457500.10127285187,6207499.743524788,Cluster 1,0.12321810762252708,0.2577006138459805,0.1344825062234534
1,1970,FG65_1,FG65,682500.2543705795,6127499.687580657,Cluster 3,0.056876233384537345,0.18587763292536116,0.12900139954082382
1,1970,FG66_1,FG66,682500.2715598893,6132499.659124765,Cluster 3,0.12854512483101474,0.26548718537308696,0.13694206054207222
1,1970,FG68_1,FG68,682500.2850436782,6142499.643376395,Cluster 3,0.14791395540689053,0.15270101956975393,0.004787064162863397
1,1970,FG69_1,FG69,682500.2769601031,6147499.655967729,Cluster 2,0.14964501831126129,0.16322280032116546,0.013577782009904171
1,1970,FG70_1,FG70,687500.2749447277,6102499.555240454,Cluster 3,0.14499886798536935,0.15093650454914517,0.005937636563775828
1,1970,FG71_1,FG71,687500.2711367387,6107499.614428979,Cluster 3,0.09202735198915658,0.13897450731175495,0.04694715532259837
1,1970,FG72_1,FG72,687500.2596549657,6112499.613608101,Cluster 2,0.11212672749135684,0.2174502891225654,0.10532356163120855
1,1970,FG73_1,FG73,687500.2973089004,6117499.666636524,Cluster 2,0.1668204418617974,0.16809980901138785,0.0012793671495904546
1,1970,FG74_1,FG74,687500.3227844504,6122499.659540088,Cluster 2,0.19819503576995104,0.24311166635277395,0.044916630582822914
1,1970,AE98_1,AE98,447500.15313399426,6242499.6437634,Cluster 1,0.17169345391807084,0.29186135065359126,0.12016789673552042
1,1970,BE12_1,BE12,457500.1500305779,6212499.741318243,Cluster 1,0.10151896862091446,0.18362545045605053,0.08210648183513607
1,1970,FG75_1,FG75,687500.2656673533,6127499.700801892,Cluster 3,0.11182082128490038,0.19801270040875538,0.086191879123855
1,1970,FG76_1,FG76,687500.3190664198,6132499.68719706,Cluster 3,0.09297949016754097,0.235079982940593,0.14210049277305203
1,1970,FG77_1,FG77,687500.2854871633,6137499.721830154,Cluster 3,0.08879048366461334,0.15632278963726592,0.06753230597265258
1,1970,FG78_1,FG78,687500.294305089,6142499.698789443,Cluster 3,0.04772692623770544,0.1712557249556268,0.12352879871792136
1,1970,FG79_1,FG79,687500.2751403373,6147499.7265565675,Cluster 3,0.07069239564848827,0.21969599408759222,0.14900359843910393
1,1970,FG80_1,FG80,692500.2601699218,6102499.523256032,Cluster 2,0.19123588909143363,0.2765998212186548,0.08536393212722115
1,1970,FG81_1,FG81,692500.2449257197,6107499.60061101,Cluster 3,0.0694938848656015,0.17194228657533697,0.10244840170973547
1,1970,FG82_1,FG82,692500.270379107,6112499.620822028,Cluster 3,0.11582356398906228,0.18855059132284294,0.07272702733378066
1,1970,FG83_1,FG83,692500.2704610613,6117499.581073102,Cluster 2,0.15646314006628764,0.1806520894699228,0.024188949403635168
1,1970,FG84_1,FG84,692500.3017700722,6122499.5952903135,Cluster 2,0.17751605906288967,0.2764870837445428,0.09897102468165311
1,1970,BE13_1,BE13,457500.15345753945,6217499.776981724,Cluster 1,0.1283034927456493,0.1447120879680862,0.0164085952224369
1,1970,FG85_1,FG85,692500.2983532327,6127499.660655089,Cluster 3,0.1055217129834453,0.14704022439120984,0.04151851140776454
1,1970,FG86_1,FG86,692500.3263061603,6132499.668636978,Cluster 3,0.10405984029491135,0.24161232933374832,0.137552489038837
1,1970,FG87_1,FG87,692500.3198407196,6137499.6164119765,Cluster 3,0.057025489573842236,0.2038332727073826,0.14680778313354037
1,1970,FG88_1,FG88,692500.3303715999,6142499.729143381,Cluster 2,0.11963531992763657,0.18042577780953414,0.060790457881897575
1,1970,FG89_1,FG89,692500.3068019298,6147499.670310448,Cluster 3,0.05705356755151761,0.20331473749550766,0.14626116994399005
1,1970,FG92_1,FG92,697500.24892862665,6112499.542973782,Cluster 1,0.18261656045036406,0.20828851884079103,0.025671958390426963
1,1970,FG93_1,FG93,697500.2722987161,6117499.533765045,Cluster 3,0.17469365176899374,0.2539936368825489,0.07929998511355515
1,1970,FG94_1,FG94,697500.3112419588,6122499.578683486,Cluster 2,0.13026020640578911,0.20226300540260092,0.0720027989968118
1,1970,FG95_1,FG95,697500.3047563492,6127499.563608582,Cluster 3,0.10498372684597004,0.15515071303955547,0.05016698619358542
1,1970,FG96_1,FG96,697500.3091473787,6132499.602535079,Cluster 3,0.0875259980090738,0.18177050822007246,0.09424451021099865
1,1970,BE14_1,BE14,457500.1111617552,6222499.739193365,Cluster 1,0.10343829480920926,0.11253842918348804,0.009100134374278784
1,1970,FG97_1,FG97,697500.3219843409,6137499.695401272,Cluster 3,0.12323881849656754,0.14147691827158151,0.018238099775013977
1,1970,FG98_1,FG98,697500.3508036272,6142499.619688079,Cluster 3,0.14031614732855308,0.16908253432493917,0.02876638699638609
1,1970,FG99_1,FG99,697500.3149968215,6147499.706177678,Cluster 3,0.10532346188520986,0.17741097742076323,0.07208751553555337
1,1970,FH01_1,FH01,652500.1476911665,6057499.672137209,Cluster 1,0.2957667785358245,0.4225968923337049,0.1268301137978804
1,1970,FH02_1,FH02,652500.1450141938,6062499.66186962,Cluster 1,0.3322599337569608,0.336528164674041,0.004268230917080229
1,1970,FH04_1,FH04,652500.1604771961,6072499.670583969,Cluster 2,0.1856458764894206,0.2926703345761635,0.10702445808674288
1,1970,FH05_1,FH05,652500.1788386654,6077499.578235263,Cluster 3,0.15227016318889994,0.1659569955286802,0.01368683233978027
1,1970,FH06_1,FH06,652500.2371696586,6082499.645297011,Cluster 1,0.1793726679530331,0.24547447429010427,0.06610180633707116
1,1970,FH07_1,FH07,652500.2166753336,6087499.533638527,Cluster 1,0.35052131127088376,0.4815033301643817,0.13098201889349792
1,1970,BE15_1,BE15,457500.1490842873,6227499.737989361,Cluster 1,0.1291491651067009,0.25556123531597946,0.12641207020927855
1,1970,FH08_1,FH08,652500.2325856738,6092499.581303407,Cluster 1,0.3486752122003385,0.48478703253333655,0.13611182033299807
1,1970,FH11_1,FH11,657500.1262107163,6057499.645298414,Cluster 1,0.18403266116398245,0.2644437689274268,0.08041110776344437
1,1970,FH12_1,FH12,657500.1704044837,6062499.696315981,Cluster 3,0.10986623535051634,0.1336885685174174,0.02382233316690105
1,1970,FH13_1,FH13,657500.1879686262,6067499.682293598,Cluster 1,0.2878007490381755,0.29099671432053387,0.0031959652823583817
1,1970,FH14_1,FH14,657500.1772087506,6072499.60318349,Cluster 3,0.13495874318053022,0.16967426257721252,0.0347155193966823
1,1970,FH15_1,FH15,657500.1967778043,6077499.572426094,Cluster 3,0.12363534809948841,0.156446974443921,0.03281162634443259
1,1970,FH16_1,FH16,657500.1805786046,6082499.587730882,Cluster 2,0.16805126930202857,0.18230918105559304,0.014257911753564473
1,1970,FH18_1,FH18,657500.2338967368,6092499.540600677,Cluster 1,0.22883635665278051,0.30257470059115676,0.07373834393837625
1,1970,BE16_1,BE16,457500.14241573645,6232499.663280108,Cluster 1,0.14098927846231799,0.21301020650960356,0.07202092804728558
1,1970,FH21_1,FH21,662500.1301028883,6057499.666921422,Cluster 3,0.19984613616712135,0.23160017936726812,0.03175404320014677
1,1970,FH22_1,FH22,662500.1620149246,6062499.674904235,Cluster 2,0.13257325016921667,0.15010864643973976,0.017535396270523085
1,1970,FH23_1,FH23,662500.1522521604,6067499.6179124275,Cluster 3,0.13775956027382516,0.2768385378978903,0.13907897762406515
1,1970,FH24_1,FH24,662500.1594183256,6072499.609451599,Cluster 3,0.1249013863839018,0.2673606213280042,0.1424592349441024
1,1970,FH25_1,FH25,662500.1815777237,6077499.649476749,Cluster 3,0.09095885104350736,0.22774334556371448,0.13678449452020713
1,1970,FH29_1,FH29,662500.2137666696,6097499.619101521,Cluster 1,0.20633416545870362,0.31629667338181555,0.10996250792311194
1,1970,BE17_1,BE17,457500.0929771521,6237499.626338543,Cluster 3,0.13639125651724343,0.17414104749471926,0.03774979097747583
1,1970,FH32_1,FH32,667500.1352127434,6062499.596899727,Cluster 3,0.16664647327175697,0.25947937874407717,0.0928329054723202
1,1970,FH33_1,FH33,667500.1600240769,6067499.619644241,Cluster 3,0.12379455246694229,0.2614152859381304,0.1376207334711881
1,1970,FH34_1,FH34,667500.1262541488,6072499.577417303,Cluster 3,0.14066750829004457,0.2043572390458326,0.06368973075578804
1,1970,FH35_1,FH35,667500.156540169,6077499.58618157,Cluster 3,0.09967218104018293,0.20611547888349016,0.10644329784330724
1,1970,FH36_1,FH36,667500.1845546081,6082499.643502697,Cluster 3,0.18992159998185087,0.21121492633360905,0.02129332635175818
1,1970,FH42_1,FH42,672500.1655806476,6062499.575288157,Cluster 3,0.12538112949637417,0.23918471572401276,0.11380358622763859
1,1970,FH43_1,FH43,672500.1619102128,6067499.684537786,Cluster 3,0.11491949562767649,0.21266088903896513,0.09774139341128864
1,1970,FH44_1,FH44,672500.1531629068,6072499.620077815,Cluster 3,0.11803608441522459,0.2782884375113299,0.16025235309610533
1,1970,FH45_1,FH45,672500.128911406,6077499.604325416,Cluster 3,0.06309450782334602,0.22379592123068082,0.1607014134073348
1,1970,BE18_1,BE18,457500.12517345103,6242499.625902592,Cluster 1,0.22609298294711677,0.3525722015403053,0.1264792185931885
1,1970,FH46_1,FH46,672500.1513759971,6082499.63969187,Cluster 3,0.09073570122851807,0.21073894053487627,0.1200032393063582
1,1970,FH52_1,FH52,677500.1392029081,6062499.604546833,Cluster 3,0.09163611363829785,0.19529499069227882,0.10365887705398097
1,1970,FH53_1,FH53,677500.1172675767,6067499.586923023,Cluster 2,0.1574003070751765,0.24540613801782654,0.08800583094265005
1,1970,FH54_1,FH54,677500.1309098973,6072499.62068056,Cluster 3,0.11893028189881341,0.2166238859800439,0.09769360408123048
1,1970,FH55_1,FH55,677500.1823433801,6077499.594537913,Cluster 2,0.2142941295777023,0.24192785150052676,0.027633721922824456
1,1970,FH56_1,FH56,677500.1366827373,6082499.614611358,Cluster 3,0.13480992270750894,0.26460265398507216,0.12979273127756322
1,1970,FH57_1,FH57,677500.1888842597,6087499.577212903,Cluster 2,0.14425344540961393,0.18342987896631216,0.039176433556698226
1,1970,BE19_1,BE19,457500.1157411464,6247499.663183419,Cluster 1,0.16790838578781317,0.2623004857204274,0.09439209993261424
1,1970,FH58_1,FH58,677500.2041166634,6092499.588457644,Cluster 3,0.12222914393269158,0.25643796158697657,0.134208817654285
1,1970,FH62_1,FH62,682500.1400127035,6062499.575180733,Cluster 3,0.11899980004668366,0.18220432363036296,0.0632045235836793
1,1970,FH63_1,FH63,682500.1571327308,6067499.664842146,Cluster 1,0.22245356986649123,0.3098903743214055,0.08743680445491425
1,1970,FH64_1,FH64,682500.1391901771,6072499.580977525,Cluster 3,0.12051076670779744,0.1688886711364029,0.04837790442860547
1,1970,FH65_1,FH65,682500.1394981287,6077499.54859203,Cluster 1,0.4572390158358636,0.4938578620911033,0.036618846255239645
1,1970,FH66_1,FH66,682500.1558782132,6082499.567633862,Cluster 3,0.12548120217727024,0.21386003891616492,0.08837883673889468
1,1970,FH68_1,FH68,682500.2371930047,6092499.537326161,Cluster 3,0.13637765743697053,0.2138524886403717,0.07747483120340118
1,1970,BE20_1,BE20,462500.11838367645,6202499.747712504,Cluster 1,0.10045479068038017,0.16842315384224307,0.0679683631618629
1,1970,FH71_1,FH71,687500.123673068,6057499.554574321,Cluster 1,0.18086433529202495,0.20934360135681282,0.028479266064787873
1,1970,FH72_1,FH72,687500.1143025191,6062499.595132073,Cluster 2,0.15224412065863976,0.16441099482169674,0.012166874163056979
1,1970,FH73_1,FH73,687500.1168201703,6067499.576189147,Cluster 1,0.1933128904346509,0.31440493670318465,0.12109204626853373
1,1970,FH74_1,FH74,687500.1244441366,6072499.608917633,Cluster 3,0.09553481898463878,0.14488321675064705,0.04934839776600827
1,1970,FH75_1,FH75,687500.139621074,6077499.58203556,Cluster 3,0.07222973120721433,0.17489917081344758,0.10266943960623325
1,1970,FH76_1,FH76,687500.1555507714,6082499.606715107,Cluster 3,0.13116022184983958,0.1818992786752896,0.05073905682545002
1,1970,BE21_1,BE21,462500.0952010719,6207499.74191438,Cluster 2,0.11016603229915592,0.12411968247957383,0.013953650180417915
1,1970,FH79_1,FH79,687500.2046274128,6097499.544650838,Cluster 2,0.18291339507937807,0.19792366983447607,0.015010274755098002
1,1970,FH80_1,FH80,692500.0947199763,6052499.611192662,Cluster 3,0.12685402961165096,0.1842506726789533,0.05739664306730233
1,1970,FH81_1,FH81,692500.0242031823,6057499.60869983,Cluster 3,0.1343817793109593,0.16847295397283715,0.03409117466187786
1,1970,FH83_1,FH83,692500.131364359,6067499.547898819,Cluster 1,0.2714852731989853,0.2906916098396822,0.019206336640696875
1,1970,FH84_1,FH84,692500.1064229409,6072499.592479514,Cluster 2,0.12128424349849029,0.18812289225620285,0.06683864875771256
1,1970,FH85_1,FH85,692500.1382373512,6077499.580319139,Cluster 3,0.1371114578511495,0.1785284089977916,0.041416951146642095
1,1970,FH86_1,FH86,692500.160248557,6082499.508615752,Cluster 3,0.12582842012654713,0.16134010084481815,0.035511680718271016
1,1970,FH87_1,FH87,692500.1607475667,6087499.599762127,Cluster 1,0.20361898176253157,0.22490710684664433,0.021288125084112763
1,1970,FH88_1,FH88,692500.2158820927,6092499.522771814,Cluster 1,0.19701291918580335,0.29449676719249185,0.0974838480066885
1,1970,AD91_1,AD91,447500.05017916387,6257499.546271402,Cluster 1,0.19779262336132122,0.36564161092424396,0.16784898756292274
1,1970,BE22_1,BE22,462500.1342590039,6212499.772833126,Cluster 1,0.10939455729693386,0.13417997931830108,0.02478542202136723
1,1970,FH89_1,FH89,692500.2497555495,6097499.497289627,Cluster 2,0.13720737854522702,0.1540310987776878,0.016823720232460787
1,1970,FG90_1,FG90,697500.2684456746,6102499.501563041,Cluster 2,0.1499803962062976,0.2748997393121666,0.124919343105869
1,1970,FG91_1,FG91,697500.2484837822,6107499.495144536,Cluster 3,0.08724944399794114,0.1807612730259508,0.09351182902800965
1,1970,FH95_1,FH95,697500.150730151,6077499.542688702,Cluster 3,0.12252396087879794,0.21150637741892714,0.0889824165401292
1,1970,FH96_1,FH96,697500.1759652141,6082499.495040286,Cluster 1,0.17189647252492482,0.19048801697213577,0.01859154444721095
1,1970,FH98_1,FH98,697500.1920739731,6092499.557689017,Cluster 3,0.18873673607186756,0.23958082907675649,0.05084409300488893
1,1970,FH99_1,FH99,697500.2472731089,6097499.559464772,Cluster 2,0.15581284449269783,0.19178244587255724,0.03596960137985941
1,1970,GE00_1,GE00,702500.3468220314,6202499.881296357,Cluster 3,0.06595840382309978,0.16938699662792497,0.10342859280482519
1,1970,BE23_1,BE23,462500.11044103146,6217499.730235226,Cluster 2,0.10903397599458571,0.14854066751156528,0.03950669151697957
1,1970,GE01_1,GE01,702500.378710623,6207499.892304815,Cluster 3,0.10289602935315896,0.2071122898008373,0.10421626044767833
1,1970,GE02_1,GE02,702500.4334288082,6212499.848059619,Cluster 3,0.0951474710467341,0.17531212822980008,0.08016465718306598
1,1970,GE03_1,GE03,702500.4408437889,6217499.856788846,Cluster 3,0.07969629205220181,0.18565114120443038,0.10595484915222857
1,1970,GE04_1,GE04,702500.4606550329,6222499.921351904,Cluster 3,0.11017892585050898,0.11881788921359099,0.008638963363082008
1,1970,GE10_1,GE10,707500.3789717224,6202499.852386592,Cluster 3,0.0905947143532171,0.22891083353429126,0.13831611918107417
1,1970,GE11_1,GE11,707500.409073655,6207499.815850618,Cluster 3,0.15359118158124402,0.2922749002618915,0.1386837186806475
1,1970,GE12_1,GE12,707500.4404434582,6212499.835447987,Cluster 3,0.1876831001688528,0.23531362836020916,0.04763052819135635
1,1970,GE13_1,GE13,707500.4081545363,6217499.908100328,Cluster 3,0.0863116587997514,0.21474682952696328,0.1284351707272119
1,1970,GE14_1,GE14,707500.444826527,6222499.8172854865,Cluster 2,0.13531961962386035,0.19918225958615768,0.06386263996229732
1,1970,GE20_1,GE20,712500.4059752157,6202499.793334916,Cluster 3,0.1122435526022483,0.18985671720239428,0.07761316460014597
1,1970,BE24_1,BE24,462500.1496938069,6222499.724303068,Cluster 2,0.15506864316984256,0.20148166281531316,0.04641301964547059
1,1970,GE21_1,GE21,712500.431105092,6207499.830216896,Cluster 3,0.08844457395965566,0.21691393612386897,0.1284693621642133
1,1970,GE22_1,GE22,712500.4466481479,6212499.812149445,Cluster 2,0.15799708059148618,0.17609427340487752,0.01809719281339134
1,1970,GE23_1,GE23,712500.4444375301,6217499.850279269,Cluster 3,0.13591321746339283,0.16050184793350508,0.024588630470112255
1,1970,GE24_1,GE24,712500.427285722,6222499.833303753,Cluster 3,0.11293326163814105,0.16508020612621266,0.05214694448807161
1,1970,GE30_1,GE30,717500.4386215332,6202499.814452954,Cluster 3,0.13319682597925228,0.2764863858693775,0.14328955989012523
1,1970,GE31_1,GE31,717500.4664293623,6207499.823270025,Cluster 3,0.11784758466482134,0.15451360568372477,0.03666602101890343
1,1970,GE32_1,GE32,717500.4628353314,6212499.888487851,Cluster 3,0.11189516376298073,0.21121954728833373,0.099324383525353
1,1970,GE33_1,GE33,717500.4363954787,6217499.7875834415,Cluster 2,0.15006522876153416,0.17327862139845585,0.02321339263692168
1,1970,GE34_1,GE34,717500.4297171882,6222499.857289503,Cluster 2,0.14764159958806597,0.23084174222912593,0.08320014264105996
1,1970,BE25_1,BE25,462500.1281655704,6227499.756101517,Cluster 2,0.1697738392773573,0.17598446518199345,0.006210625904636141
1,1970,GE42_1,GE42,722500.4542082316,6212499.8379352,Cluster 3,0.14045431644569237,0.15628245199537122,0.01582813554967885
1,1970,GE43_1,GE43,722500.4569293238,6217499.833379672,Cluster 3,0.09458075696176707,0.19690544676512595,0.10232468980335888
1,1970,GF00_1,GF00,702500.3379804895,6152499.686444453,Cluster 3,0.15452383779052567,0.2130066752450001,0.05848283745447444
1,1970,GF01_1,GF01,702500.3385118302,6157499.704640133,Cluster 1,0.1743188972601496,0.20780938836661197,0.03349049110646238
1,1970,GF02_1,GF02,702500.3195119632,6162499.776580491,Cluster 2,0.1394533426663689,0.14620149325635212,0.0067481505899832095
1,1970,GF03_1,GF03,702500.351800605,6167499.682659319,Cluster 2,0.159474567793795,0.21038059721731253,0.05090602942351752
1,1970,GF04_1,GF04,702500.3543900581,6172499.753574929,Cluster 1,0.18082601706878562,0.2013140233495253,0.020488006280739685
1,1970,GF05_1,GF05,702500.3351455712,6177499.7668023845,Cluster 1,0.20385912071030962,0.2576129958494553,0.053753875139145674
1,1970,BE26_1,BE26,462500.1075739042,6232499.713761374,Cluster 2,0.21470404364576162,0.25391864690163146,0.03921460325586984
1,1970,GF06_1,GF06,702500.3492048995,6182499.8364209505,Cluster 3,0.1956008361928294,0.23067778961641727,0.03507695342358788
1,1970,GF07_1,GF07,702500.3364148074,6187499.84821207,Cluster 3,0.0636125398111844,0.1967419910527104,0.133129451241526
1,1970,GF08_1,GF08,702500.3569451347,6192499.805028212,Cluster 3,0.07745235294243709,0.20285630156588194,0.12540394862344484
1,1970,GF09_1,GF09,702500.3404156363,6197499.815104434,Cluster 3,0.05551403738121695,0.17639283518833185,0.1208787978071149
1,1970,GF12_1,GF12,707500.3696013235,6162499.715173889,Cluster 1,0.2233622556714185,0.2707575701470097,0.04739531447559117
1,1970,GF13_1,GF13,707500.3300529267,6167499.786107193,Cluster 1,0.18935480253293555,0.2179349663786631,0.028580163845727563
1,1970,GF14_1,GF14,707500.3864467979,6172499.694285468,Cluster 1,0.19046072030415753,0.21552021981285469,0.025059499508697153
1,1970,GF15_1,GF15,707500.3944162552,6177499.767333329,Cluster 1,0.20442404152333676,0.20808642675480346,0.003662385231466697
1,1970,GF16_1,GF16,707500.3620901112,6182499.782727323,Cluster 3,0.19716907140196574,0.22337460533030787,0.02620553392834213
1,1970,GF17_1,GF17,707500.3497072838,6187499.7433876665,Cluster 3,0.0978009535854438,0.23168664163242494,0.13388568804698114
1,1970,BE27_1,BE27,462500.0893851709,6237499.708556035,Cluster 1,0.21802738040367733,0.21963718400996052,0.0016098036062831833
1,1970,GF18_1,GF18,707500.4065654634,6192499.874692895,Cluster 3,0.10620222948828272,0.17013941915753789,0.06393718966925517
1,1970,GF19_1,GF19,707500.358158152,6197499.833901825,Cluster 3,0.06359315930393053,0.1841532190297928,0.12056005972586226
1,1970,GF23_1,GF23,712500.3560583256,6167499.683554069,Cluster 1,0.18205249724302014,0.20921873192300663,0.027166234679986495
1,1970,GF24_1,GF24,712500.3895823077,6172499.769300189,Cluster 1,0.19327693526101564,0.24366682275731427,0.050389887496298635
1,1970,GF25_1,GF25,712500.3693780791,6177499.797558002,Cluster 1,0.17936203605498716,0.20540050858282435,0.026038472527837198
1,1970,GF26_1,GF26,712500.4185002823,6182499.774381583,Cluster 3,0.11758952440093556,0.1978663254362758,0.08027680103534024
1,1970,GF27_1,GF27,712500.403282234,6187499.804788459,Cluster 3,0.10104796602369032,0.2382642878531701,0.1372163218294798
1,1970,GF28_1,GF28,712500.3893101846,6192499.780546682,Cluster 3,0.11214267850881693,0.17441896469965087,0.062276286190833946
1,1970,GF29_1,GF29,712500.4309910986,6197499.815875246,Cluster 3,0.10185602642532121,0.23831161446492766,0.13645558803960645
1,1970,GF33_1,GF33,717500.3669444381,6167499.70479759,Cluster 1,0.16316968086542555,0.23503984463575164,0.0718701637703261
1,1970,BE28_1,BE28,462500.13495159394,6242499.628613053,Cluster 1,0.11823693027867006,0.1369165449415728,0.01867961466290273
1,1970,GF34_1,GF34,717500.390443028,6172499.75522035,Cluster 3,0.13756729577320798,0.17333106313793073,0.035763767364722754
1,1970,GF35_1,GF35,717500.4071713447,6177499.751367931,Cluster 3,0.20296536573332247,0.272900714804902,0.06993534907157956
1,1970,GF36_1,GF36,717500.4089050895,6182499.80438197,Cluster 3,0.18924396828699666,0.28198634180207116,0.0927423735150745
1,1970,GF37_1,GF37,717500.398525072,6187499.802966663,Cluster 3,0.08935867418792826,0.22366453476178547,0.1343058605738572
1,1970,GF38_1,GF38,717500.4359702461,6192499.750185389,Cluster 3,0.1315537907414281,0.28207361603117315,0.15051982528974506
1,1970,GF39_1,GF39,717500.4446435908,6197499.865260167,Cluster 3,0.09130343922819477,0.2432269998436009,0.15192356061540613
1,1970,GF43_1,GF43,722500.3839188339,6167499.73768856,Cluster 1,0.3118496137837637,0.4166101855342258,0.1047605717504621
1,1970,GF44_1,GF44,722500.3996769824,6172499.762351516,Cluster 3,0.1661482041348984,0.18444413924868,0.01829593511378161
1,1970,GF45_1,GF45,722500.392806392,6177499.732873452,Cluster 3,0.17789904059461434,0.22017820554681805,0.04227916495220371
1,1970,BE29_1,BE29,462500.12296665786,6247499.697601233,Cluster 1,0.09302673482992067,0.11651144590302819,0.02348471107310751
1,1970,GF46_1,GF46,722500.4176988797,6182499.763599473,Cluster 3,0.17832449071790776,0.26654758923203165,0.08822309851412388
1,1970,GF47_1,GF47,722500.4144617681,6187499.740026254,Cluster 3,0.14385213343575173,0.30667080516616924,0.1628186717304175
1,1970,GF48_1,GF48,722500.4373197008,6192499.776501604,Cluster 3,0.1103678448278172,0.23352635682763012,0.12315851199981293
1,1970,GF49_1,GF49,722500.4265400727,6197499.758516749,Cluster 3,0.09131251108680648,0.22656108405580833,0.13524857296900183
1,1970,GF52_1,GF52,727500.4398205662,6162499.722201364,Cluster 3,0.18646466621849123,0.22497792797034744,0.03851326175185621
1,1970,GF53_1,GF53,727500.422905934,6167499.781335341,Cluster 3,0.09907959459073529,0.1985298867912411,0.0994502922005058
1,1970,GF54_1,GF54,727500.4332192165,6172499.789807921,Cluster 3,0.15900447848493898,0.21568282555647345,0.05667834707153446
1,1970,GF55_1,GF55,727500.4050477121,6177499.7442593165,Cluster 2,0.2395454868565408,0.2492872598635865,0.009741773007045679
1,1970,BE30_1,BE30,467500.1073038048,6202499.828305079,Cluster 3,0.13353915831902702,0.14014553148660325,0.006606373167576229
1,1970,GF63_1,GF63,732500.4427733541,6167499.720322601,Cluster 1,0.19333992955721377,0.20423309963923308,0.010893170082019316
1,1970,GF74_1,GF74,737500.391410232,6172499.777421679,Cluster 1,0.43843510695858734,0.549481566498853,0.11104645954026571
1,1970,GG00_1,GG00,702500.2513107894,6102499.486564997,Cluster 2,0.2953108029188097,0.3018745861653137,0.006563783246504029
1,1970,GG02_1,GG02,702500.2698174989,6112499.49328954,Cluster 2,0.24025314661733438,0.2959908741808607,0.055737727563526296
1,1970,BE31_1,BE31,467500.0896561928,6207499.754043788,Cluster 2,0.1237863645271213,0.1559406445704854,0.0321542800433641
1,1970,GG05_1,GG05,702500.2956471718,6127499.520004621,Cluster 3,0.10879251966216043,0.16703574559809028,0.05824322593592986
1,1970,GG06_1,GG06,702500.3418263504,6132499.602145045,Cluster 3,0.0538447013308815,0.16975171430368238,0.11590701297280089
1,1970,GG07_1,GG07,702500.3223454107,6137499.624233186,Cluster 2,0.13021835458123424,0.207780757266412,0.07756240268517775
1,1970,GG08_1,GG08,702500.3565356643,6142499.703241566,Cluster 3,0.09789369953100178,0.1850833961357256,0.08718969660472382
1,1970,GG09_1,GG09,702500.3203636502,6147499.722061222,Cluster 3,0.10422513936623869,0.24553847537218243,0.14131333600594376
1,1970,GG10_1,GG10,707500.2241910483,6102499.477378527,Cluster 3,0.2230722382118828,0.23543137701696454,0.012359138805081743
1,1970,GG15_1,GG15,707500.2865024854,6127499.528984483,Cluster 3,0.11419972214630361,0.14991370750460503,0.03571398535830142
1,1970,GG16_1,GG16,707500.318123319,6132499.54965108,Cluster 3,0.08527764566059383,0.1502124702551205,0.06493482459452667
1,1970,AF81_1,AF81,442500.1384771916,6157499.787446427,Cluster 1,0.11866217428325636,0.23171364826455493,0.11305147398129857
1,1970,BE32_1,BE32,467500.1185248302,6212499.827834143,Cluster 2,0.10627980175045265,0.21034367001382123,0.10406386826336858
1,1970,GG17_1,GG17,707500.3267206545,6137499.624520913,Cluster 2,0.20554800855214864,0.21634477539599156,0.010796766843842925
1,1970,GG18_1,GG18,707500.3150847398,6142499.642302799,Cluster 1,0.16291019105393192,0.2198793436455581,0.05696915259162619
1,1970,GG20_1,GG20,712500.2716980586,6102499.364975292,Cluster 1,0.1559507169748859,0.23500209128548646,0.07905137431060055
1,1970,GG25_1,GG25,712500.2981323673,6127499.478503297,Cluster 3,0.10802278646845016,0.19349853310884088,0.08547574664039072
1,1970,GG26_1,GG26,712500.3120173198,6132499.558293428,Cluster 2,0.17660013068334549,0.29912076319800746,0.12252063251466197
1,1970,GG27_1,GG27,712500.3559583894,6137499.584229157,Cluster 3,0.13874238851655726,0.1472955545642638,0.008553166047706534
1,1970,GG28_1,GG28,712500.3586284099,6142499.664407933,Cluster 3,0.09496662361959166,0.2219424864377096,0.12697586281811796
1,1970,GG30_1,GG30,717500.2710031869,6102499.364961077,Cluster 3,0.11470740303899178,0.14927885323010598,0.0345714501911142
1,1970,BE33_1,BE33,467500.1294375103,6217499.716232078,Cluster 3,0.12299771035386531,0.1242441931451337,0.0012464827912683912
1,1970,GG36_1,GG36,717500.3444608465,6132499.516067203,Cluster 3,0.15890041019626583,0.1673945341919557,0.008494123995689884
1,1970,GG37_1,GG37,717500.3570528256,6137499.610675284,Cluster 1,0.17035459717509438,0.17886705727786814,0.008512460102773761
1,1970,GG40_1,GG40,722500.2426872866,6102499.365112122,Cluster 3,0.12047067763244397,0.15395509554985964,0.033484417917415674
1,1970,GH06_1,GH06,702500.1535418842,6082499.562371342,Cluster 3,0.11823697667206437,0.16674660558629298,0.04850962891422861
1,1970,GH07_1,GH07,702500.2055944144,6087499.491482163,Cluster 1,0.18632107500773598,0.22126803707903528,0.0349469620712993
1,1970,GH08_1,GH08,702500.2079264515,6092499.47235032,Cluster 3,0.0863802021734203,0.16800822670648413,0.08162802453306384
1,1970,GH09_1,GH09,702500.2222932067,6097499.507805596,Cluster 1,0.16056847742418284,0.22541845623987697,0.06484997881569413
1,1970,BE34_1,BE34,467500.1254063341,6222499.7531053685,Cluster 3,0.12948771810588897,0.13403148775113508,0.00454376964524611
1,1970,GH17_1,GH17,707500.1620744534,6087499.459011547,Cluster 3,0.13073005878463415,0.15629033929060437,0.02556028050597023
1,1970,GH18_1,GH18,707500.2048840352,6092499.4855571035,Cluster 2,0.10549912844199012,0.13428996709645577,0.028790838654465647
1,1970,GH19_1,GH19,707500.2494126634,6097499.455617712,Cluster 1,0.14709748057818084,0.2051562500294257,0.05805876945124486
1,1970,GH29_1,GH29,712500.2161125919,6097499.396182269,Cluster 1,0.12497322269050623,0.2235526087256602,0.09857938603515398
1,1970,GH39_1,GH39,717500.2017694439,6097499.331568221,Cluster 2,0.1270193339346093,0.13710302963063137,0.010083695696022077
1,1970,GH49_1,GH49,722500.216261824,6097499.372189741,Cluster 3,0.17556206567958438,0.26495998039686947,0.08939791471728509
1,1970,GH59_1,GH59,727500.227613787,6097499.180401683,Cluster 3,0.11091331907524914,0.24849137982969724,0.13757806075444812
1,1970,HA03_1,HA03,865472.2272740616,6117457.74120337,Cluster 2,0.15905915538568136,0.1805520530854254,0.02149289769974405
1,1970,HA04_1,HA04,865042.1703744105,6122447.22532909,Cluster 3,0.11671423018033289,0.1956606371982044,0.0789464070178715
1,1970,HA05_1,HA05,864612.115336128,6127436.838485431,Cluster 2,0.16152861605378088,0.19689227973580448,0.035363663682023594
1,1970,BE35_1,BE35,467500.1052226283,6227499.715833131,Cluster 2,0.16673673983036041,0.19532218247083816,0.028585442640477743
1,1970,HA06_1,HA06,864181.8076420787,6132426.559736473,Cluster 2,0.1617193743491598,0.2340803841590951,0.07236100980993529
1,1970,HA07_1,HA07,863751.2660785005,6137416.166926846,Cluster 2,0.163682121548107,0.16499550520384637,0.0013133836557393808
1,1970,HA13_1,HA13,870461.7980367357,6117887.195561998,Cluster 2,0.1476843542476016,0.18285750204668857,0.03517314779908698
1,1970,HA14_1,HA14,870031.9513802049,6122877.127863388,Cluster 2,0.14764606260116733,0.19170317463224273,0.0440571120310754
1,1970,HA15_1,HA15,869601.845051859,6127867.055503114,Cluster 2,0.17833333982103874,0.20995200150024293,0.031618661679204185
1,1970,HA16_1,HA16,869171.5430810943,6132856.983802248,Cluster 2,0.28238180269881413,0.3166379861920476,0.03425618349323345
1,1970,HA17_1,HA17,868741.0008366904,6137846.685305342,Cluster 3,0.20163286588080714,0.20407927535537412,0.0024464094745669795
1,1970,BE36_1,BE36,467500.1322030665,6232499.715216365,Cluster 2,0.20667488750781438,0.28087795288570966,0.07420306537789528
1,1970,HA22_1,HA22,875881.8221458339,6113327.073579225,Cluster 2,0.2634980371618352,0.3107250102055819,0.047226973043746734
1,1970,HA23_1,HA23,875451.795731092,6118316.966683082,Cluster 2,0.17702095987839045,0.24617185755364415,0.0691508976752537
1,1970,HA24_1,HA24,875021.9214742357,6123307.113310843,Cluster 3,0.12349727200980859,0.20315611334065936,0.07965884133085077
1,1970,HA25_1,HA25,874591.8354984492,6128297.258993814,Cluster 3,0.11586861412589082,0.21118475129899938,0.09531613717310856
1,1970,HA26_1,HA26,874161.4745486901,6133287.398365342,Cluster 3,0.12480729209050387,0.2101818834068813,0.08537459131637742
1,1970,HA32_1,HA32,880871.8114806362,6113756.340020944,Cluster 2,0.15291519696155548,0.19400681848718793,0.04109162152563245
1,1970,HA33_1,HA33,880442.1265315809,6118746.823881969,Cluster 2,0.14155017790971536,0.19788700352047425,0.056336825610758895
1,1970,HA34_1,HA34,880012.2234439113,6123737.194118903,Cluster 3,0.14561353759091503,0.231011210541816,0.08539767295090098
1,1970,BE37_1,BE37,467500.08192916744,6237499.640875189,Cluster 2,0.29556691101498533,0.34551175371022375,0.04994484269523841
1,1970,HA35_1,HA35,879582.029386323,6128727.556359625,Cluster 3,0.1389769666766906,0.15406491796469524,0.015087951288004636
1,1970,HA36_1,HA36,879151.6814159437,6133717.810436713,Cluster 3,0.1441471680752237,0.1912783567693291,0.0471311886941054
1,1970,HA42_1,HA42,885862.3873392998,6114185.928670378,Cluster 2,0.13215496485931674,0.21301657191801104,0.0808616070586943
1,1970,HA43_1,HA43,885432.6339030144,6119176.530447572,Cluster 2,0.15593963455235668,0.15650608157473814,5.664470223814555e-4
1,1970,HA44_1,HA44,885002.6913537935,6124167.24465621,Cluster 3,0.12232615188073429,0.19045978110289496,0.06813362922216068
1,1970,HA45_1,HA45,884572.525051827,6129157.732566417,Cluster 2,0.18873342747454458,0.2423824885254871,0.053649061050942526
1,1970,HA52_1,HA52,890853.2009991016,6114615.586654353,Cluster 3,0.19141683712435287,0.22318062440549533,0.03176378728114246
1,1970,BE38_1,BE38,467500.0804897086,6242499.714440874,Cluster 2,0.14135897040405287,0.18543630062405364,0.044077330220000766
1,1970,HA53_1,HA53,890423.4322463954,6119606.432185382,Cluster 3,0.10961495465548819,0.21370293656415615,0.10408798190866796
1,1970,HA54_1,HA54,889993.4047017333,6124597.271928037,Cluster 3,0.120845025369214,0.18975734736880365,0.06891232199958965
1,1970,BE39_1,BE39,467500.1255944229,6247499.601982121,Cluster 2,0.15389729297344895,0.16822685022306308,0.014329557249614128
1,1970,BE40_1,BE40,472500.1127389596,6202499.801765352,Cluster 3,0.13530354866202005,0.14382709114343867,0.008523542481418622
1,1970,BE41_1,BE41,472500.10111836577,6207499.780096917,Cluster 2,0.11658503650698376,0.12768190984840436,0.011096873341420593
1,1970,AF82_1,AF82,442500.15165183047,6162499.8084204225,Cluster 1,0.14445797336490204,0.1831437619386118,0.038685788573709745
1,1970,BE42_1,BE42,472500.118605587,6212499.79520641,Cluster 2,0.16773469124851492,0.19886571090470134,0.03113101965618642
1,1970,BE43_1,BE43,472500.102536274,6217499.736171087,Cluster 2,0.08785304935089344,0.13795378492461552,0.05010073557372208
1,1970,BE44_1,BE44,472500.11623195955,6222499.713864509,Cluster 2,0.11753738468915437,0.16233030573229837,0.044792921043144
1,1970,BE45_1,BE45,472500.0978888087,6227499.728662689,Cluster 2,0.08978218086611002,0.14763344315497337,0.05785126228886335
1,1970,BE46_1,BE46,472500.10925229813,6232499.668840696,Cluster 2,0.20834283195553807,0.2283542534619546,0.02001142150641652
1,1970,BE47_1,BE47,472500.08938047354,6237499.6460741,Cluster 2,0.25437838361658816,0.29708970105127125,0.042711317434683094
1,1970,BE48_1,BE48,472500.1005930916,6242499.6599383075,Cluster 1,0.16070929880148133,0.1780529185122023,0.017343619710720987
1,1970,BE50_1,BE50,477500.0897044176,6202499.779935578,Cluster 1,0.13279356318249613,0.15552716735366554,0.022733604171169403
1,1970,BE51_1,BE51,477500.0837171829,6207499.820620244,Cluster 2,0.11852405240960222,0.17234797974880486,0.053823927339202646
1,1970,BE52_1,BE52,477500.0896873518,6212499.786792553,Cluster 2,0.11337270331151951,0.11471447044752325,0.0013417671360037436
1,1970,BE53_1,BE53,477500.10844758886,6217499.789725573,Cluster 1,0.10543367302280904,0.12300091665427165,0.017567243631462615
1,1970,BE54_1,BE54,477500.0775276706,6222499.718423463,Cluster 1,0.1061549102992426,0.1293573685556989,0.02320245825645631
1,1970,BE55_1,BE55,477500.12210260506,6227499.683505938,Cluster 2,0.10547334750526378,0.16143625859015592,0.05596291108489214
1,1970,BE56_1,BE56,477500.11822783895,6232499.6856043795,Cluster 2,0.1819270223948555,0.2300806945255705,0.048153672130715
1,1970,BE57_1,BE57,477500.12828789,6237499.724367468,Cluster 2,0.11854585597472952,0.1661426218424275,0.04759676586769798
1,1970,BE58_1,BE58,477500.09009941894,6242499.688796431,Cluster 2,0.1556145248856366,0.1681044138575881,0.012489888971951496
1,1970,BE59_1,BE59,477500.0664909273,6247499.689840795,Cluster 2,0.12103144003856985,0.17809219172341206,0.05706075168484222
1,1970,BE60_1,BE60,482500.1170935474,6202499.762600222,Cluster 1,0.14981508488494139,0.1855883694921577,0.03577328460721632
1,1970,BE61_1,BE61,482500.11583061574,6207499.764099555,Cluster 1,0.14903188552462543,0.17460042869390774,0.02556854316928231
1,1970,AF91_1,AF91,447500.16279772675,6157499.807246089,Cluster 1,0.13247676029490507,0.22679825345242383,0.09432149315751875
1,1970,BE62_1,BE62,482500.11054156657,6212499.802375257,Cluster 2,0.10289935021063834,0.15128827019938093,0.04838891998874259
1,1970,BE63_1,BE63,482500.1010131544,6217499.766104947,Cluster 2,0.09012123127916508,0.14968617493886935,0.05956494365970427
1,1970,BE64_1,BE64,482500.08794277866,6222499.766563116,Cluster 2,0.08669447659320394,0.1396576428680072,0.052963166274803256
1,1970,BE65_1,BE65,482500.0711159684,6227499.692425571,Cluster 2,0.07110966601195284,0.15890386465808878,0.08779419864613594
1,1970,BE66_1,BE66,482500.11322061473,6232499.654712963,Cluster 2,0.07326277115747422,0.1565011231452581,0.08323835198778388
1,1970,BE67_1,BE67,482500.0904503339,6237499.653912236,Cluster 2,0.2131102801368806,0.2692156978734872,0.0561054177366066
1,1970,BE68_1,BE68,482500.0651098611,6242499.689744695,Cluster 2,0.16302718761329743,0.1957646646153998,0.03273747700210236
1,1970,BE69_1,BE69,482500.0987530567,6247499.650626864,Cluster 1,0.09048385645413651,0.14305709290318322,0.05257323644904671
1,1970,BE70_1,BE70,487500.0865301826,6202499.750414935,Cluster 1,0.12572633675696895,0.1462528462556083,0.02052650949863935
1,1970,BE71_1,BE71,487500.08995137503,6207499.722487243,Cluster 2,0.12851235709801317,0.13914545359050068,0.010633096492487504
1,1970,AF92_1,AF92,447500.2057250942,6162499.834014087,Cluster 3,0.17671607147880272,0.21266422117508452,0.035948149696281795
1,1970,BE72_1,BE72,487500.07277842105,6212499.73131084,Cluster 2,0.13152440768101867,0.1663445056683787,0.03482009798736002
1,1970,BE73_1,BE73,487500.09745280247,6217499.776680447,Cluster 2,0.07678420339679683,0.17411504086244795,0.09733083746565112
1,1970,BE74_1,BE74,487500.10153235553,6222499.747455017,Cluster 2,0.07221348714257149,0.18202362148874518,0.10981013434617369
1,1970,BE75_1,BE75,487500.08557870064,6227499.754910266,Cluster 2,0.24142786214927583,0.27380319814691056,0.03237533599763473
1,1970,BE76_1,BE76,487500.0494996909,6232499.6877210885,Cluster 2,0.11718742931094919,0.15351403312203984,0.03632660381109065
1,1970,BE77_1,BE77,487500.0557743558,6237499.656981816,Cluster 2,0.2133590071436652,0.24165787047935886,0.028298863335693647
1,1970,BE78_1,BE78,487500.1044211837,6242499.66266886,Cluster 1,0.10825303003614498,0.13323193337991415,0.024978903343769177
1,1970,BE79_1,BE79,487500.07191723434,6247499.705124563,Cluster 1,0.13735331185494376,0.1433282013850412,0.005974889530097449
1,1970,BE80_1,BE80,492500.0769083233,6202499.743162796,Cluster 2,0.14415182529564183,0.155447816136889,0.011295990841247161
1,1970,BE81_1,BE81,492500.0851086948,6207499.806863972,Cluster 2,0.16966451294952736,0.19723317941143598,0.027568666461908614
1,1970,AF93_1,AF93,447500.1653840631,6167499.788514787,Cluster 3,0.1713637853354231,0.24018729452991983,0.06882350919449673
1,1970,BE82_1,BE82,492500.0559510994,6212499.795978415,Cluster 2,0.12665838058850395,0.1871102423725248,0.060451861784020844
1,1970,BE83_1,BE83,492500.0518686798,6217499.710370969,Cluster 2,0.14640750466155472,0.1630400488228952,0.016632544161340468
1,1970,BE84_1,BE84,492500.07326583227,6222499.77261727,Cluster 1,0.11102137433928487,0.1850490645657633,0.07402769022647844
1,1970,BE85_1,BE85,492500.0576986846,6227499.760204127,Cluster 1,0.11145141442640291,0.12525814277474917,0.013806728348346259
1,1970,BE86_1,BE86,492500.0673832763,6232499.672995943,Cluster 2,0.1118867859976982,0.11885273944003749,0.006965953442339287
1,1970,BE87_1,BE87,492500.0408101817,6237499.733683195,Cluster 2,0.11710930227702192,0.13142593550642756,0.014316633229405643
1,1970,BE88_1,BE88,492500.0396555708,6242499.719527307,Cluster 2,0.11924537875085979,0.15094288265635203,0.03169750390549224
1,1970,BE89_1,BE89,492500.0641284463,6247499.741806999,Cluster 3,0.11035518791876131,0.20327385321669392,0.0929186652979326
1,1970,BE90_1,BE90,497500.0422758438,6202499.741026654,Cluster 2,0.15692290192331398,0.15707068685492906,1.4778493161507478e-4
1,1970,BE91_1,BE91,497500.0549127382,6207499.7948163375,Cluster 3,0.13948873117046945,0.14827674977179298,0.008788018601323527
1,1970,AF94_1,AF94,447500.1697669054,6172499.780493908,Cluster 2,0.15131770730754146,0.1618369066314903,0.010519199323948847
1,1970,BE92_1,BE92,497500.0760309053,6212499.773925238,Cluster 2,0.1377425429290369,0.2067374733008485,0.06899493037181159
1,1970,BE93_1,BE93,497500.0434951054,6217499.78966552,Cluster 2,0.16780316097753448,0.19919651176859454,0.031393350791060065
1,1970,BE94_1,BE94,497500.0817259047,6222499.730638592,Cluster 1,0.12858411382206528,0.14470515565247993,0.016121041830414656
1,1970,BE95_1,BE95,497500.06645494024,6227499.708195655,Cluster 2,0.08864635482812722,0.1332755532109836,0.044629198382856394
1,1970,BE96_1,BE96,497500.0598918972,6232499.722276111,Cluster 1,0.16133928549620158,0.17556569951738965,0.014226414021188072
1,1970,BE97_1,BE97,497500.06204059086,6237499.7728568325,Cluster 2,0.12588603658440659,0.18118191362667044,0.05529587704226385
1,1970,BE98_1,BE98,497500.0728370326,6242499.748610737,Cluster 2,0.12366404893661874,0.22135131629854374,0.097687267361925
1,1970,BE99_1,BE99,497500.0305140985,6247499.6495497795,Cluster 2,0.15639689806481288,0.16452672035614607,0.008129822291333189
1,1970,BF00_1,BF00,452500.16255789786,6152499.84979633,Cluster 1,0.1306584247474853,0.2402246924712788,0.10956626772379352
1,1970,BF01_1,BF01,452500.1443555164,6157499.855121321,Cluster 2,0.1951542717740012,0.20013394317955482,0.004979671405553637
1,1970,BF02_1,BF02,452500.1523084943,6162499.7866961,Cluster 1,0.12924937838384243,0.17615180391679403,0.0469024255329516
1,1970,BF03_1,BF03,452500.1251936091,6167499.75646735,Cluster 1,0.1731544796711995,0.18455849864033325,0.011404018969133733
1,1970,BF04_1,BF04,452500.1265854016,6172499.763725036,Cluster 1,0.22702366477569194,0.3262207623547578,0.09919709757906583
1,1970,BF05_1,BF05,452500.0929818788,6177499.69784097,Cluster 1,0.17157853614899168,0.20310927083438815,0.031530734685396467
1,1970,BF06_1,BF06,452500.08902709355,6182499.669392232,Cluster 1,0.15593125803942134,0.17075966611908622,0.014828408079664873
1,1970,BF07_1,BF07,452500.1152225344,6187499.678353518,Cluster 1,0.1872848664188938,0.3171918525580395,0.1299069861391457
1,1970,BF08_1,BF08,452500.10950070026,6192499.7253870675,Cluster 1,0.45606040920754826,0.57111087114481,0.1150504619372617
1,1970,BF11_1,BF11,457500.09805196273,6157499.819878605,Cluster 1,0.12871531190301608,0.15616603893191935,0.027450727028903277
1,1970,BF12_1,BF12,457500.1359493549,6162499.887689657,Cluster 1,0.10876217287971303,0.21150924506369984,0.1027470721839868
1,1970,AF96_1,AF96,447500.12389998813,6182499.65648123,Cluster 1,0.1692973346877916,0.312284879932886,0.1429875452450944
1,1970,BF14_1,BF14,457500.1182257726,6172499.803160674,Cluster 1,0.13816476536036304,0.20396962682040679,0.06580486146004375
1,1970,BF15_1,BF15,457500.127743533,6177499.761444724,Cluster 2,0.17004083130031653,0.1729645524051197,0.002923721104803184
1,1970,BF16_1,BF16,457500.08782064816,6182499.757772771,Cluster 1,0.09364978478597008,0.15455469245808953,0.06090490767211945
1,1970,BF17_1,BF17,457500.1244502372,6187499.790891147,Cluster 1,0.25444519609037985,0.29831223930734146,0.04386704321696161
1,1970,BF18_1,BF18,457500.11167777673,6192499.750712315,Cluster 1,0.20367641214588758,0.26770259147182224,0.06402617932593466
1,1970,BF21_1,BF21,462500.1042798301,6157499.812390076,Cluster 2,0.08569347894665875,0.1599277984095727,0.07423431946291394
1,1970,AD92_1,AD92,447500.02377636905,6262499.551973275,Cluster 1,0.22164624535230135,0.27073907192413804,0.049092826571836695
1,1970,AF97_1,AF97,447500.1390822072,6187499.650967309,Cluster 1,0.2240196104958515,0.3887818892633238,0.1647622787674723
1,1970,BF24_1,BF24,462500.0968862839,6172499.788392592,Cluster 2,0.3059135186889393,0.3274775558038654,0.021564037114926105
1,1970,BF27_1,BF27,462500.11824307253,6187499.766874204,Cluster 2,0.10975271569564467,0.15416485339790262,0.04441213770225795
1,1970,BF28_1,BF28,462500.0991430791,6192499.760439191,Cluster 1,0.09477043452992821,0.16938359271594083,0.07461315818601262
1,1970,BF29_1,BF29,462500.07854237576,6197499.791339589,Cluster 1,0.1892638061733468,0.3225056031054202,0.13324179693207341
1,1970,BF31_1,BF31,467500.0528761789,6157499.8339712275,Cluster 1,0.11238687620787115,0.1564469847206293,0.04406010851275814
1,1970,BF32_1,BF32,467500.0828731935,6162499.869694816,Cluster 3,0.13661414443253,0.19375650303102945,0.05714235859849945
1,1970,BF33_1,BF33,467500.09141173307,6167499.831571815,Cluster 3,0.09663864111938442,0.1449849871917723,0.048346346072387886
1,1970,AF98_1,AF98,447500.13873657817,6192499.683587027,Cluster 1,0.26747887241805585,0.42060672290726603,0.15312785048921018
1,1970,BF34_1,BF34,467500.07979854086,6172499.830867704,Cluster 2,0.20680482789136176,0.24473851318436526,0.037933685293003505
1,1970,BF35_1,BF35,467500.1104643853,6177499.755797745,Cluster 2,0.1306455222931342,0.14406168547595477,0.013416163182820573
1,1970,BF36_1,BF36,467500.05907752085,6182499.718568934,Cluster 1,0.12419838358701113,0.14258119723749163,0.0183828136504805
1,1970,BF37_1,BF37,467500.1142561032,6187499.71774681,Cluster 2,0.09710654549116272,0.16362300988791623,0.0665164643967535
1,1970,BF38_1,BF38,467500.08834202494,6192499.754719362,Cluster 2,0.11141078023110383,0.14942414523920874,0.03801336500810491
1,1970,BF39_1,BF39,467500.1070246964,6197499.8285216,Cluster 1,0.1137149682899543,0.16587659562613413,0.052161627336179836
1,1970,BF40_1,BF40,472500.05446232,6152499.831390551,Cluster 2,0.0990320240976527,0.1248910543306519,0.025859030232999194
1,1970,BF41_1,BF41,472500.085972153,6157499.883806649,Cluster 2,0.12743719106538165,0.13077709949015098,0.0033399084247693334
1,1970,BF42_1,BF42,472500.07961185457,6162499.862346774,Cluster 2,0.11763207135411316,0.19683688387442216,0.079204812520309
1,1970,BF43_1,BF43,472500.098778225,6167499.766588567,Cluster 1,0.17612109530747203,0.18598346561747056,0.009862370309998536
1,1970,AF99_1,AF99,447500.1235891788,6197499.754315107,Cluster 1,0.21779959695680876,0.38541927591413316,0.1676196789573244
1,1970,BF44_1,BF44,472500.0822753295,6172499.819486889,Cluster 3,0.1105290489700077,0.12343341979451168,0.012904370824503977
1,1970,BF45_1,BF45,472500.0919523685,6177499.798039483,Cluster 1,0.11722494513194548,0.11749886637786391,2.739212459184348e-4
1,1970,BF46_1,BF46,472500.06605603127,6182499.813911805,Cluster 1,0.10626468983665041,0.1448956295258054,0.038630939689154986
1,1970,BF47_1,BF47,472500.0669914175,6187499.755388988,Cluster 2,0.1723026810455287,0.21514398615049354,0.04284130510496484
1,1970,BF48_1,BF48,472500.0957205096,6192499.73373965,Cluster 2,0.15315078212194297,0.17541173918394912,0.022260957062006148
1,1970,BF49_1,BF49,472500.0900039778,6197499.749339143,Cluster 3,0.12193768463526118,0.17935608766372932,0.05741840302846814
1,1970,BF50_1,BF50,477500.08187685715,6152499.846936376,Cluster 2,0.07146732665909439,0.1393526604411286,0.06788533378203421
1,1970,BF51_1,BF51,477500.02976028406,6157499.8520273,Cluster 2,0.1399186242468295,0.14702385384245326,0.007105229595623763
1,1970,BF53_1,BF53,477500.08021795313,6167499.7500125235,Cluster 2,0.10216272730983901,0.15224471874606632,0.05008199143622731
1,1970,BC10_1,BC10,457500.06312543934,6302499.745828598,Cluster 2,0.23143735176491845,0.28695068133045115,0.055513329565532704
1,1970,BF54_1,BF54,477500.057860584,6172499.75480094,Cluster 2,0.20693707793023125,0.22202033319127681,0.015083255261045564
1,1970,BF55_1,BF55,477500.0461591174,6177499.796539538,Cluster 1,0.11675187674861003,0.16313413288450523,0.04638225613589521
1,1970,BF56_1,BF56,477500.10749606375,6182499.763586155,Cluster 2,0.37540689597839777,0.39470740340722243,0.019300507428824665
1,1970,BF57_1,BF57,477500.0545601692,6187499.768187857,Cluster 2,0.10326075240805259,0.17305374164981335,0.06979298924176076
1,1970,BF58_1,BF58,477500.0757376356,6192499.809343387,Cluster 1,0.13192558774721505,0.25509069361914366,0.12316510587192861
1,1970,BF59_1,BF59,477500.10798379144,6197499.776060057,Cluster 1,0.128750871783087,0.21098740817588346,0.08223653639279646
1,1970,BF60_1,BF60,482500.0368470739,6152499.882651542,Cluster 3,0.10877422500914577,0.11231789633282678,0.003543671323681011
1,1970,BF61_1,BF61,482500.0271999943,6157499.849245702,Cluster 1,0.11667116131335865,0.11767352407753028,0.0010023627641716215
1,1970,BF62_1,BF62,482500.07425727736,6162499.852593689,Cluster 1,0.10366631321277033,0.1409199371779652,0.03725362396519487
1,1970,BF63_1,BF63,482500.0517386565,6167499.781888844,Cluster 2,0.12169368002775219,0.14385203257657903,0.022158352548826837
1,1970,BC11_1,BC11,457500.0287272008,6307499.784091797,Cluster 2,0.357217540487523,0.37237700473965213,0.015159464252129107
1,1970,BF64_1,BF64,482500.08626133483,6172499.7478915425,Cluster 2,0.15892558537688842,0.1603311319313372,0.0014055465544487722
1,1970,BF65_1,BF65,482500.0522818646,6177499.751086633,Cluster 1,0.12411415843736362,0.1524606505212082,0.02834649208384457
1,1970,BF67_1,BF67,482500.0933976552,6187499.756401075,Cluster 2,0.16471117657947265,0.17339007933249448,0.008678902753021828
1,1970,BF68_1,BF68,482500.106118653,6192499.758727317,Cluster 1,0.12211622523574993,0.21612581092510005,0.09400958568935013
1,1970,BF69_1,BF69,482500.11408775987,6197499.797900253,Cluster 1,0.1653110276394064,0.27296365316570675,0.10765262552630037
1,1970,BF70_1,BF70,487500.0613181969,6152499.826749672,Cluster 2,0.18801238788623065,0.20202954731133504,0.014017159425104397
1,1970,BF71_1,BF71,487500.03120470024,6157499.875939318,Cluster 2,0.08078469201069408,0.14772373292364152,0.06693904091294745
1,1970,BF72_1,BF72,487500.0414117519,6162499.85063891,Cluster 2,0.10489888296535793,0.14727438020971453,0.0423754972443566
1,1970,BF73_1,BF73,487500.0290273604,6167499.751005261,Cluster 1,0.14604873551327271,0.14799489556233944,0.0019461600490667252
1,1970,BC20_1,BC20,462500.0832758646,6302499.782276433,Cluster 1,0.13798108518418187,0.17488417623654456,0.036903091052362696
1,1970,BF75_1,BF75,487500.06427121063,6177499.773449097,Cluster 1,0.21864271452888628,0.3195704548137194,0.10092774028483309
1,1970,BF76_1,BF76,487500.0490462398,6182499.784371457,Cluster 1,0.1175144163401378,0.21589628226993912,0.09838186592980132
1,1970,BF77_1,BF77,487500.0746598672,6187499.7206850415,Cluster 2,0.1546953312703709,0.22190876421688985,0.06721343294651894
1,1970,BF78_1,BF78,487500.07920825994,6192499.805137645,Cluster 1,0.15318416356594244,0.15635937998965155,0.003175216423709104
1,1970,BF79_1,BF79,487500.0622795224,6197499.815116662,Cluster 1,0.12374482725002979,0.15074857803569194,0.027003750785662153
1,1970,BF80_1,BF80,492500.0457424066,6152499.90235705,Cluster 2,0.08680083651803229,0.1460702458628757,0.05926940934484341
1,1970,BF81_1,BF81,492500.0575680637,6157499.820932193,Cluster 2,0.10917878047121714,0.17066791043170312,0.061489129960485986
1,1970,BF82_1,BF82,492500.03082487086,6162499.776445566,Cluster 2,0.15155492289918926,0.1837157977267822,0.032160874827592945
1,1970,BF83_1,BF83,492500.0286680475,6167499.768765947,Cluster 2,0.14330329493777497,0.18453810098363282,0.04123480604585786
1,1970,BC21_1,BC21,462500.08463837503,6307499.738256342,Cluster 2,0.1720787274828093,0.1978576412283002,0.025778913745490906
1,1970,BF85_1,BF85,492500.0351787714,6177499.752555744,Cluster 1,0.11385575824663728,0.19322144806312433,0.07936568981648705
1,1970,BF87_1,BF87,492500.07761814806,6187499.77211941,Cluster 1,0.24748638094562436,0.2740710760216483,0.026584695076023956
1,1970,BF88_1,BF88,492500.0732463428,6192499.725767915,Cluster 2,0.15891098262594236,0.18258588013736718,0.02367489751142482
1,1970,BF89_1,BF89,492500.0313184269,6197499.716196409,Cluster 1,0.13546330572420548,0.16769521649607627,0.03223191077187079
1,1970,BF90_1,BF90,497500.06872812915,6152499.8867905075,Cluster 2,0.10415399482166413,0.18008959455079665,0.07593559972913252
1,1970,BF91_1,BF91,497500.05965140025,6157499.795699069,Cluster 2,0.11798096614825784,0.23851526559594818,0.12053429944769034
1,1970,BF92_1,BF92,497500.05900778656,6162499.852742528,Cluster 2,0.1254725339290937,0.2160560194294395,0.09058348550034581
1,1970,BF93_1,BF93,497500.0666691472,6167499.835318215,Cluster 2,0.18249294988010095,0.23017390250280037,0.04768095262269942
1,1970,BF94_1,BF94,497500.0197826457,6172499.743439123,Cluster 2,0.11478918298866345,0.15883827058551497,0.04404908759685153
1,1970,BF95_1,BF95,497500.0442688116,6177499.79959253,Cluster 2,0.11696842917798783,0.1972061500703831,0.08023772089239528
1,1970,BF97_1,BF97,497500.0556179109,6187499.799593099,Cluster 1,0.10876620560257647,0.16916346659418277,0.060397260991606305
1,1970,BF98_1,BF98,497500.0426321929,6192499.743392498,Cluster 2,0.2525583284405068,0.2645938514481909,0.012035523007684124
1,1970,BF99_1,BF99,497500.03818358126,6197499.723877846,Cluster 1,0.1719563515242075,0.1880216210743726,0.0160652695501651
1,1970,BG27_1,BG27,462500.03912906913,6137499.887313023,Cluster 1,0.13688233914267908,0.20149996544257257,0.06461762629989348
1,1970,BG28_1,BG28,462500.0656512389,6142499.951349777,Cluster 1,0.11856416512079664,0.208354910227761,0.08979074510696437
1,1970,BG29_1,BG29,462500.0848712415,6147499.9416772155,Cluster 3,0.1910959392832126,0.23503926115332952,0.0439433218701169
1,1970,BG30_1,BG30,467499.9967437505,6102499.680064469,Cluster 1,0.24315199171373605,0.37740011043028127,0.1342481187165452
1,1970,BG31_1,BG31,467499.9036355267,6107499.750328558,Cluster 1,0.2453867611263228,0.25646878684770136,0.011082025721378563
1,1970,BG32_1,BG32,467499.9121467563,6112499.746075479,Cluster 1,0.2890547907771964,0.2954273555900639,0.006372564812867465
1,1970,BG33_1,BG33,467499.8958406751,6117499.779495673,Cluster 1,0.5652663514090265,0.7012612936286013,0.13599494221957487
1,1970,BG39_1,BG39,467500.0555185451,6147499.874007825,Cluster 1,0.11380443902050337,0.1490219013112476,0.035217462290744225
1,1970,BC30_1,BC30,467500.03225555073,6302499.688678854,Cluster 1,0.07123021493290868,0.16277020567972963,0.09153999074682095
1,1970,BG41_1,BG41,472499.9268347365,6107499.810952676,Cluster 1,0.16628992858206748,0.19764682582965692,0.031356897247589444
1,1970,BG42_1,BG42,472499.9309190824,6112499.750577684,Cluster 1,0.18277361842932618,0.23154022290877602,0.04876660447944983
1,1970,BG43_1,BG43,472499.9588106177,6117499.838705269,Cluster 1,0.2728632621176314,0.41777688619303444,0.14491362407540304
1,1970,BG45_1,BG45,472500.0200716098,6127499.904365897,Cluster 1,0.38609084818751316,0.5488881308470875,0.16279728265957438
1,1970,BG49_1,BG49,472500.049228468,6147499.927300755,Cluster 1,0.11873376429393402,0.190830137412848,0.07209637311891397
1,1970,BG50_1,BG50,477499.9973141816,6102499.728152928,Cluster 1,0.1282156879463931,0.1796148517536261,0.051399163807233
1,1970,AD93_1,AD93,447499.9924736935,6267499.595406948,Cluster 1,0.1872893189529835,0.3480971727831886,0.16080785383020507
1,1970,BC31_1,BC31,467500.0700814336,6307499.683991895,Cluster 1,0.10213460302804947,0.1802728050409714,0.07813820201292193
1,1970,BG54_1,BG54,477500.0126907495,6122499.818980278,Cluster 1,0.17825748406219064,0.31664582991729495,0.13838834585510432
1,1970,BG55_1,BG55,477500.0350917317,6127499.82340314,Cluster 1,0.17945402099703658,0.19397377282144468,0.014519751824408095
1,1970,BG57_1,BG57,477500.0412068564,6137499.9440165525,Cluster 1,0.3674286457827037,0.5004389223569882,0.1330102765742845
1,1970,BG58_1,BG58,477500.0244174642,6142499.837590013,Cluster 1,0.11363430574644111,0.2510669487474987,0.13743264300105756
1,1970,BG60_1,BG60,482499.9798820725,6102499.8077321,Cluster 1,0.15109155662518886,0.1518230682456658,7.315116204769379e-4
1,1970,BG61_1,BG61,482499.98409018014,6107499.848415741,Cluster 1,0.12352469989875253,0.20966728503463192,0.08614258513587938
1,1970,BG62_1,BG62,482499.97930829576,6112499.815047499,Cluster 1,0.1682600133948788,0.20032381272953634,0.03206379933465753
1,1970,BC32_1,BC32,467500.03942602925,6312499.716500132,Cluster 1,0.14930242790235207,0.1919309654527446,0.04262853755039253
1,1970,BG63_1,BG63,482500.0298617688,6117499.818634525,Cluster 3,0.13235498361710077,0.1879795451290735,0.05562456151197273
1,1970,BG64_1,BG64,482500.00862455415,6122499.859659715,Cluster 3,0.13649013482734854,0.15211196916757347,0.015621834340224933
1,1970,BG65_1,BG65,482500.0426166273,6127499.826312609,Cluster 3,0.12135148851027201,0.14883801736304647,0.02748652885277446
1,1970,BG66_1,BG66,482500.00588300487,6132499.941644865,Cluster 1,0.1430850709721307,0.21009006064872024,0.06700498967658955
1,1970,BG67_1,BG67,482500.024270164,6137499.871273607,Cluster 2,0.16466864964367087,0.2080657647796959,0.04339711513602504
1,1970,BG68_1,BG68,482500.03539951664,6142499.837998828,Cluster 2,0.19242508075242917,0.21139198689504976,0.018966906142620588
1,1970,BG69_1,BG69,482500.039511587,6147499.841798756,Cluster 2,0.1257892186040238,0.16847005778005036,0.04268083917602655
1,1970,BG70_1,BG70,487500.0348421291,6102499.812978593,Cluster 2,0.11866970183149451,0.1586392914249171,0.039969589593422575
1,1970,BG71_1,BG71,487499.9858600595,6107499.825717422,Cluster 2,0.1177524120994396,0.14659547458894148,0.028843062489501886
1,1970,BG72_1,BG72,487500.040200374,6112499.875297073,Cluster 3,0.1269511870332902,0.1478222180585854,0.020871031025295195
1,1970,BC33_1,BC33,467500.06162332307,6317499.67391025,Cluster 1,0.14292872718731758,0.22090589039196754,0.07797716320464995
1,1970,BG73_1,BG73,487500.0064094621,6117499.850954274,Cluster 3,0.10006899908223889,0.15600093320671518,0.05593193412447629
1,1970,BG74_1,BG74,487500.0124000873,6122499.863588602,Cluster 1,0.1180531274847363,0.12666044749591746,0.008607320011181155
1,1970,BG75_1,BG75,487500.058190043,6127499.913178598,Cluster 2,0.10040538228556904,0.12303252620307271,0.022627143917503673
1,1970,BG76_1,BG76,487500.01661631186,6132499.888778622,Cluster 3,0.14723758391317704,0.2288028435863172,0.08156525967314016
1,1970,BG79_1,BG79,487500.069157074,6147499.925851864,Cluster 2,0.12159387792334643,0.16847703017145288,0.04688315224810645
1,1970,BG80_1,BG80,492500.05033699406,6102499.744442296,Cluster 3,0.1268775086193203,0.14064458768397226,0.013767079064651966
1,1970,BG81_1,BG81,492500.01211780054,6107499.849601752,Cluster 2,0.13285856816351296,0.17160783245116237,0.03874926428764941
1,1970,BG82_1,BG82,492500.061323392,6112499.880421333,Cluster 2,0.1277016118989398,0.1820050185523797,0.054303406653439884
1,1970,BC34_1,BC34,467500.01645873167,6322499.668462578,Cluster 2,0.1467256105737114,0.19502526940487813,0.04829965883116674
1,1970,BG83_1,BG83,492500.0068079907,6117499.837203838,Cluster 3,0.10810561405346923,0.16341560395380328,0.05530998990033405
1,1970,BG84_1,BG84,492500.03992750257,6122499.830883491,Cluster 2,0.11678037953736888,0.11907667811450698,0.0022962985771381034
1,1970,BG85_1,BG85,492500.03347061033,6127499.861656778,Cluster 3,0.15967550862396768,0.20650927183522325,0.04683376321125557
1,1970,BG86_1,BG86,492500.0510949549,6132499.929393534,Cluster 2,0.10665033745138294,0.13658979568700652,0.02993945823562358
1,1970,BG87_1,BG87,492500.02925978525,6137499.922894773,Cluster 2,0.10815334975135207,0.21566844301443508,0.107515093263083
1,1970,BG89_1,BG89,492500.05814519007,6147499.909344381,Cluster 2,0.13581143157828038,0.13927300158598838,0.003461570007707998
1,1970,BG90_1,BG90,497500.04236272007,6102499.824620573,Cluster 3,0.11798670290226183,0.1514866580195751,0.033499955117313254
1,1970,BG91_1,BG91,497500.0145113976,6107499.808974277,Cluster 2,0.11194989309781232,0.14226967297008777,0.03031977987227545
1,1970,BG92_1,BG92,497500.05856603594,6112499.830354991,Cluster 3,0.1552243069875228,0.15583513105081903,6.108240632962392e-4
1,1970,BC40_1,BC40,472500.05137193855,6302499.68679326,Cluster 1,0.2661583528403174,0.30829442653384803,0.04213607369353062
1,1970,BG93_1,BG93,497500.0470217283,6117499.888816063,Cluster 3,0.1304136443090071,0.16773348349142328,0.03731983918241619
1,1970,BG94_1,BG94,497500.04360713303,6122499.873015075,Cluster 2,0.1193175619253084,0.2177260348359182,0.0984084729106098
1,1970,BG95_1,BG95,497500.0483908097,6127499.894213497,Cluster 2,0.09565189582526194,0.2015301237063176,0.10587822788105565
1,1970,BG96_1,BG96,497500.0613110999,6132499.841104226,Cluster 2,0.09737058621258836,0.1663718587388678,0.06900127252627945
1,1970,BG98_1,BG98,497500.04848340026,6142499.845767268,Cluster 1,0.13205241153105898,0.14207221669348452,0.010019805162425538
1,1970,BG99_1,BG99,497500.0228864452,6147499.903496731,Cluster 2,0.08306931520921003,0.14121489125723752,0.05814557604802749
1,1970,BH57_1,BH57,477500.0575189135,6087499.717403076,Cluster 1,0.2275193761157291,0.3302025463052388,0.10268317018950973
1,1970,BH58_1,BH58,477500.0309492611,6092499.683684505,Cluster 1,0.14853492699829213,0.2718921173967591,0.12335719039846699
1,1970,BC41_1,BC41,472500.0641984955,6307499.732148187,Cluster 1,0.24517491826771423,0.28717571803383246,0.04200079976611823
1,1970,BH59_1,BH59,477500.0107989607,6097499.687274866,Cluster 2,0.12621086376343568,0.15672448567125616,0.030513621907820476
1,1970,BH66_1,BH66,482500.0001891313,6082499.794663963,Cluster 1,0.19013807783987735,0.2801690081010621,0.09003093026118475
1,1970,BH67_1,BH67,482500.0408449325,6087499.686214566,Cluster 1,0.17012407702623888,0.22751181451083569,0.0573877374845968
1,1970,BH68_1,BH68,482500.0724313329,6092499.726358123,Cluster 1,0.11506213710170804,0.16747219433177937,0.05241005723007133
1,1970,BH69_1,BH69,482500.03038015234,6097499.692768536,Cluster 3,0.15178934571374392,0.17316295307768673,0.02137360736394281
1,1970,BH76_1,BH76,487500.048187175,6082499.800443771,Cluster 1,0.2458280864433136,0.2825775311169914,0.0367494446736778
1,1970,BH77_1,BH77,487500.03415061906,6087499.77562375,Cluster 3,0.16097563953561408,0.25146629386993374,0.09049065433431966
1,1970,BH78_1,BH78,487500.0592190939,6092499.787910184,Cluster 3,0.10427988588688976,0.15131447293301378,0.047034587046124024
1,1970,BH79_1,BH79,487500.0591634151,6097499.726182375,Cluster 3,0.1543333031747108,0.1849031510610097,0.030569847886298906
1,1970,BH86_1,BH86,492500.0572634925,6082499.806664651,Cluster 1,0.17175267267845096,0.2729752874332177,0.10122261475476674
1,1970,BH87_1,BH87,492500.0521481735,6087499.763193937,Cluster 3,0.10314159848197692,0.24351333027917818,0.14037173179720125
1,1970,BH88_1,BH88,492500.0706003756,6092499.756857703,Cluster 3,0.11544149919530992,0.14894851503143566,0.03350701583612574
1,1970,BH89_1,BH89,492500.0486974856,6097499.7877438655,Cluster 1,0.18199669509392907,0.191936909918653,0.00994021482472393
1,1970,BH96_1,BH96,497500.0428692315,6082499.813263592,Cluster 1,0.15321811603324645,0.1619276897170299,0.008709573683783445
1,1970,BH97_1,BH97,497500.0466593011,6087499.76039121,Cluster 3,0.11387297871763398,0.1431935741987437,0.029320595481109726
1,1970,BH98_1,BH98,497500.05847944214,6092499.74466746,Cluster 2,0.13624756919044162,0.18683592588612857,0.050588356695686953
1,1970,BH99_1,BH99,497500.0144000943,6097499.766108859,Cluster 3,0.1205407719895625,0.26573824323912093,0.14519747124955842
1,1970,CC04_1,CC04,502500.0151027321,6322499.626328963,Cluster 1,0.33784297245541295,0.4357834348738273,0.09794046241841436
1,1970,BC43_1,BC43,472500.07431792136,6317499.709834675,Cluster 3,0.15536057403652026,0.1644260654953243,0.009065491458804031
1,1970,CC05_1,CC05,502500.0189406716,6327499.550508512,Cluster 1,0.395677416615628,0.5041256945328879,0.10844827791725992
1,1970,CC06_1,CC06,502500.0141727327,6332499.622039415,Cluster 1,0.11119832997415417,0.21324511447063957,0.1020467844964854
1,1970,CD00_1,CD00,502500.05650963914,6252499.699439128,Cluster 2,0.10052132988214908,0.14816059455945546,0.04763926467730638
1,1970,CD01_1,CD01,502500.0548085185,6257499.673018353,Cluster 1,0.07386460314262026,0.15184648129195039,0.07798187814933012
1,1970,CD02_1,CD02,502500.0449077099,6262499.682977954,Cluster 1,0.07221198733735165,0.13386660637896358,0.06165461904161193
1,1970,CD03_1,CD03,502500.0268036657,6267499.729294267,Cluster 3,0.09994999160707974,0.17659173477100415,0.07664174316392441
1,1970,CD04_1,CD04,502500.0619632011,6272499.700669883,Cluster 3,0.0927002172558543,0.13638769088072566,0.04368747362487137
1,1970,CD05_1,CD05,502500.0274329878,6277499.708317954,Cluster 1,0.1598984762725534,0.1643572874887324,0.004458811216178998
1,1970,CD06_1,CD06,502500.04595014855,6282499.752284697,Cluster 2,0.14794048825991638,0.15052725678212095,0.0025867685222045744
1,1970,CD07_1,CD07,502500.0561681533,6287499.721199877,Cluster 1,0.15977966946241492,0.18051999977264038,0.020740330310225458
1,1970,BC44_1,BC44,472500.07316175365,6322499.753427244,Cluster 1,0.15134751406190122,0.23447842817018985,0.08313091410828863
1,1970,CD08_1,CD08,502499.9969046276,6292499.726313779,Cluster 1,0.10377090313264306,0.15530074733557378,0.05152984420293072
1,1970,CD09_1,CD09,502499.9905232744,6297499.656359702,Cluster 1,0.08989225318862387,0.17379826803373075,0.08390601484510687
1,1970,CE00_1,CE00,502500.0615268304,6202499.744005174,Cluster 3,0.15167230023246558,0.17017382058197766,0.01850152034951208
1,1970,CE01_1,CE01,502500.0785219833,6207499.797640791,Cluster 2,0.2766891153554449,0.2868060412223441,0.010116925866899218
1,1970,CE02_1,CE02,502500.02528104605,6212499.776561091,Cluster 1,0.13843643060439656,0.19051609562659239,0.052079665022195826
1,1970,CE03_1,CE03,502500.0263673985,6217499.792110339,Cluster 2,0.10693278805844596,0.1269178379071263,0.01998504984868034
1,1970,CE04_1,CE04,502500.0816227665,6222499.732965122,Cluster 2,0.13548552492210522,0.18258797299016996,0.04710244806806474
1,1970,CE05_1,CE05,502500.0666420697,6227499.710331745,Cluster 2,0.2318512972062636,0.25835297212314595,0.02650167491688235
1,1970,CE06_1,CE06,502500.04362767225,6232499.724222039,Cluster 2,0.19008665348704398,0.24043454627511915,0.050347892788075166
1,1970,CE07_1,CE07,502500.07449190767,6237499.774647816,Cluster 2,0.13123926835187608,0.1590098521869835,0.027770583835107415
1,1970,BC45_1,BC45,472500.047461368,6327499.722303724,Cluster 1,0.22621600735598574,0.32037636549633475,0.09416035814034901
1,1970,CE08_1,CE08,502500.0353899611,6242499.750212144,Cluster 2,0.1727774397960225,0.18356409484146619,0.010786655045443683
1,1970,CE09_1,CE09,502500.05001462775,6247499.762263852,Cluster 2,0.11548220519475436,0.12173498576782117,0.006252780573066816
1,1970,CF02_1,CF02,502500.07869880326,6162499.857095068,Cluster 2,0.17803990452165366,0.24303934085068457,0.06499943632903091
1,1970,CF03_1,CF03,502500.0332440928,6167499.839482369,Cluster 2,0.13607127210608266,0.16482287728922193,0.028751605183139267
1,1970,CF04_1,CF04,502500.04300302034,6172499.747412451,Cluster 2,0.12374669457620313,0.13819968080060535,0.01445298622440222
1,1970,CF05_1,CF05,502500.04484904365,6177499.803412706,Cluster 2,0.1347040095799098,0.19352833830816024,0.05882432872825044
1,1970,CF06_1,CF06,502500.0389016604,6182499.78487528,Cluster 1,0.14433569706006122,0.17208623752640956,0.02775054046634834
1,1970,CF07_1,CF07,502500.0250959793,6187499.803070416,Cluster 2,0.09629185585001683,0.14145518739276114,0.04516333154274431
1,1970,CF08_1,CF08,502500.0660579465,6192499.746714847,Cluster 1,0.11123841493041912,0.18060281116060808,0.06936439623018896
1,1970,AD94_1,AD94,447499.9570043505,6272499.676545255,Cluster 1,0.22261104948288432,0.38513300942689804,0.16252195994401372
1,1970,BC50_1,BC50,477500.03517784266,6302499.666388486,Cluster 1,0.055816537092395,0.18117082501404727,0.12535428792165226
1,1970,CF09_1,CF09,502500.0365151213,6197499.727010743,Cluster 1,0.15470178429586015,0.15747306829746785,0.002771284001607699
1,1970,CB80_1,CB80,542499.6620958119,6352499.629923955,Cluster 2,0.26597608115486066,0.27307445485527054,0.007098373700409888
1,1970,CB81_1,CB81,542499.628879245,6357499.699695451,Cluster 1,0.33301816262988754,0.3655619502984636,0.032543787668576074
1,1970,CB93_1,CB93,547499.6398579371,6367499.76725467,Cluster 2,0.2738085399397985,0.29816174435106263,0.02435320441126415
1,1970,BC51_1,BC51,477500.0219923793,6307499.660629535,Cluster 1,0.14266778699267735,0.2223135121589111,0.07964572516623375
1,1970,CC14_1,CC14,507499.94254047045,6322499.647839415,Cluster 1,0.49500362674058407,0.6067287687550725,0.11172514201448847
1,1970,CC15_1,CC15,507499.9713143852,6327499.582203945,Cluster 1,0.12330305403910925,0.1988729536270545,0.07556989958794526
1,1970,CC16_1,CC16,507499.97378503287,6332499.552584106,Cluster 2,0.11936612165995579,0.15489498716120484,0.03552886550124905
1,1970,CC20_1,CC20,512499.9740781955,6302499.678350093,Cluster 1,0.13997709967595443,0.20107378075134427,0.06109668107538985
1,1970,CC23_1,CC23,512499.9200418585,6317499.662266049,Cluster 1,0.12920028812927412,0.2772639576531249,0.14806366952385078
1,1970,CC24_1,CC24,512499.9569946417,6322499.581005044,Cluster 1,0.07571444595809937,0.2064845949073294,0.13077014894923003
1,1970,BC52_1,BC52,477500.0270955203,6312499.691159323,Cluster 1,0.13717315709524988,0.14921822048972716,0.012045063394477279
1,1970,CC25_1,CC25,512499.94971320574,6327499.647067015,Cluster 1,0.06788661388061494,0.15256123709836833,0.08467462321775339
1,1970,CC26_1,CC26,512499.89918050665,6332499.526474841,Cluster 1,0.15214233185915,0.17664613109545502,0.024503799236305024
1,1970,CC30_1,CC30,517499.937743111,6302499.734448258,Cluster 1,0.09354644714277174,0.14648456917836103,0.052938122035589286
1,1970,CC31_1,CC31,517499.9573913391,6307499.68638883,Cluster 1,0.10219038284371974,0.13342981592253506,0.031239433078815312
1,1970,CC33_1,CC33,517499.9351837722,6317499.698844893,Cluster 1,0.14019205791282802,0.26681387291693015,0.12662181500410213
1,1970,CC34_1,CC34,517499.8934505895,6322499.647993909,Cluster 2,0.16877167291433215,0.1995678895369953,0.03079621662266316
1,1970,CC35_1,CC35,517499.91156198527,6327499.6336058555,Cluster 2,0.08814742717737954,0.17264270484705435,0.08449527766967481
1,1970,CC36_1,CC36,517499.868461167,6332499.543827721,Cluster 1,0.1169151360706525,0.16066252946414333,0.04374739339349083
1,1970,CC40_1,CC40,522499.9010986991,6302499.772105485,Cluster 1,0.08506633258937135,0.18454612528969963,0.09947979270032828
1,1970,BC53_1,BC53,477500.050134716,6317499.646637439,Cluster 2,0.11035992768146662,0.1545432567846062,0.04418332910313959
1,1970,CC41_1,CC41,522499.8946037454,6307499.76462174,Cluster 1,0.09662322788193219,0.12260997280372864,0.02598674492179645
1,1970,CC44_1,CC44,522499.8916093368,6322499.626510591,Cluster 1,0.11756403132053654,0.20790823210859197,0.09034420078805543
1,1970,CC45_1,CC45,522499.87422067544,6327499.653039125,Cluster 2,0.11450574644503651,0.2126224117211788,0.09811666527614228
1,1970,CC46_1,CC46,522499.83866884856,6332499.604435725,Cluster 3,0.11779275388221024,0.1878294909494662,0.07003673706725595
1,1970,CC50_1,CC50,527499.8816415456,6302499.791260103,Cluster 1,0.10877314987572553,0.11594635841998475,0.007173208544259221
1,1970,CC52_1,CC52,527499.9046872742,6312499.692205453,Cluster 2,0.12327289964563262,0.13426733279574313,0.010994433150110505
1,1970,BC54_1,BC54,477500.091967421,6322499.63835183,Cluster 1,0.13875255893118518,0.16937230037733364,0.030619741446148457
1,1970,CC53_1,CC53,527499.86315966025,6317499.697063427,Cluster 3,0.1036745786497245,0.18196079414711555,0.07828621549739105
1,1970,CC54_1,CC54,527499.8473306855,6322499.627229618,Cluster 1,0.12450496519321291,0.21733754606796782,0.0928325808747549
1,1970,CC56_1,CC56,527499.8281139306,6332499.59692409,Cluster 3,0.10917343695451567,0.19730318675579553,0.08812974980127986
1,1970,CC57_1,CC57,527499.7634533717,6337499.635998681,Cluster 2,0.1474702964559059,0.15429310921346664,0.006822812757560748
1,1970,CC60_1,CC60,532499.8968679683,6302499.791890076,Cluster 2,0.10023405682573236,0.10604811347295703,0.005814056647224675
1,1970,CC61_1,CC61,532499.8393510462,6307499.784713652,Cluster 3,0.09828968012313608,0.2060913608267561,0.10780168070362003
1,1970,CC62_1,CC62,532499.8518622435,6312499.703415073,Cluster 3,0.12867165670344966,0.14357340637314836,0.014901749669698705
1,1970,CC63_1,CC63,532499.8104598847,6317499.769646129,Cluster 1,0.23297609391966778,0.36506715377195614,0.13209105985228836
1,1970,CC64_1,CC64,532499.8388375221,6322499.6503872825,Cluster 1,0.14298505557226857,0.27758503976901455,0.134599984196746
1,1970,BC55_1,BC55,477500.0922437846,6327499.666607962,Cluster 1,0.25447404506638294,0.33414034035464263,0.07966629528825969
1,1970,CC65_1,CC65,532499.8124718731,6327499.678605539,Cluster 1,0.07888157639610278,0.1483420047043717,0.069460428308268915
1,1970,CC66_1,CC66,532499.7933676881,6332499.632118677,Cluster 1,0.07022944435936973,0.1534986983804924,0.08326925402112267
1,1970,CC67_1,CC67,532499.7801655097,6337499.62221521,Cluster 1,0.1397753917585402,0.1567037439063396,0.01692835214779939
1,1970,CC68_1,CC68,532499.7119922304,6342499.6483931905,Cluster 1,0.14795517241122452,0.180160921233501,0.032205748822276475
1,1970,CC70_1,CC70,537499.842333892,6302499.772919597,Cluster 3,0.07102834129302352,0.2022623352096008,0.13123399391657728
1,1970,CC71_1,CC71,537499.8212735428,6307499.726024116,Cluster 1,0.13837162963219293,0.14177277629817706,0.0034011466659841227
1,1970,CC72_1,CC72,537499.8517914551,6312499.716416673,Cluster 3,0.09568913952188265,0.14793777171724648,0.052248632195363826
1,1970,CC75_1,CC75,537499.7628460178,6327499.684050063,Cluster 3,0.2109362929455748,0.306136645058918,0.09520035211334321
1,1970,CC76_1,CC76,537499.7520002894,6332499.709823327,Cluster 2,0.07142904446635122,0.1495210371194788,0.07809199265312759
1,1970,CC77_1,CC77,537499.7302975287,6337499.660885921,Cluster 1,0.10908887678924795,0.16622031920278188,0.057131442413533934
1,1970,CC79_1,CC79,537499.7096245649,6347499.673264503,Cluster 1,0.2005860774126348,0.2135526627660691,0.012966585353434312
1,1970,CC80_1,CC80,542499.8563424866,6302499.84651723,Cluster 3,0.09925679084596623,0.25984526471725455,0.16058847387128833
1,1970,CC81_1,CC81,542499.811273352,6307499.769589547,Cluster 2,0.13410549856174647,0.18256178825214187,0.04845628969039539
1,1970,CC82_1,CC82,542499.7992118956,6312499.841340819,Cluster 2,0.09943006194368907,0.123462035120716,0.024031973177026933
1,1970,CC83_1,CC83,542499.7620913137,6317499.727188424,Cluster 1,0.09918737498935025,0.14286283960446716,0.04367546461511691
1,1970,CC84_1,CC84,542499.7566802504,6322499.7616613405,Cluster 1,0.1505190680104555,0.2732806117751343,0.1227615437646788
1,1970,CC85_1,CC85,542499.7239279284,6327499.721485542,Cluster 3,0.2119650812196452,0.24240845464923338,0.030443373429588194
1,1970,BC60_1,BC60,482500.0626082632,6302499.738540966,Cluster 1,0.15615932431389848,0.15703865654634497,8.793322324464892e-4
1,1970,CC86_1,CC86,542499.7227246305,6332499.718567566,Cluster 1,0.0725767804621199,0.21272899218144953,0.14015221171932962
1,1970,CC88_1,CC88,542499.6924473802,6342499.711836177,Cluster 1,0.06506976328665606,0.2052335811000307,0.14016381781337464
1,1970,CC89_1,CC89,542499.7225329417,6347499.708588393,Cluster 1,0.09480638867185708,0.1484196501132219,0.053613261441364815
1,1970,CC90_1,CC90,547499.8365771989,6302499.788772783,Cluster 2,0,0.1740920037026746,0.1740920037026746
1,1970,CC91_1,CC91,547499.8277234574,6307499.803976223,Cluster 1,0.09525134363125641,0.10463601944513748,0.009384675813881069
1,1970,CC92_1,CC92,547499.7746032869,6312499.855917229,Cluster 3,0.10680053362645144,0.1169085872947847,0.01010805366833327
1,1970,CC93_1,CC93,547499.7994806129,6317499.834643529,Cluster 3,0.0853896119074243,0.13722722900709447,0.051837617099670164
1,1970,CC94_1,CC94,547499.719378153,6322499.738043602,Cluster 1,0.11786157156743156,0.18484211368167772,0.06698054211424616
1,1970,CC95_1,CC95,547499.7132742624,6327499.790795946,Cluster 1,0.4580102795635787,0.6007046250165726,0.14269434545299392
1,1970,CC96_1,CC96,547499.7222361609,6332499.769553138,Cluster 1,0.13935594168679,0.21537050755879483,0.07601456587200484
1,1970,CC97_1,CC97,547499.6838005685,6337499.784904589,Cluster 3,0.1179803924546968,0.1998310830922834,0.0818506906375866
1,1970,CC98_1,CC98,547499.7195078448,6342499.7268970525,Cluster 2,0.0979681511895859,0.13265826911141085,0.03469011792182494
1,1970,CC99_1,CC99,547499.706504553,6347499.705425574,Cluster 1,0.12784176257666352,0.1686151919645546,0.04077342938789108
1,1970,CD10_1,CD10,507500.00067667133,6252499.692961532,Cluster 1,0.10374601372482511,0.15706546343832128,0.05331944971349617
1,1970,CD11_1,CD11,507500.0220085052,6257499.676381406,Cluster 3,0.09043285002726252,0.12974864295627941,0.03931579292901689
1,1970,CD12_1,CD12,507500.0180652209,6262499.696165513,Cluster 1,0.0941219162072704,0.10864657264200732,0.014524656434736924
1,1970,CD13_1,CD13,507500.0503155149,6267499.752397923,Cluster 1,0.07559665118506674,0.13627999838225918,0.06068334719719244
1,1970,CD14_1,CD14,507499.9959119025,6272499.733530455,Cluster 1,0.08691351801281914,0.13453851235822573,0.04762499434540658
1,1970,CD15_1,CD15,507500.0388689106,6277499.7511699125,Cluster 1,0.1235815213040723,0.16130407697271068,0.037722555668638386
1,1970,BC62_1,BC62,482500.04548227973,6312499.681136523,Cluster 2,0.17000988107129705,0.17116438194139738,0.0011545008701003279
1,1970,CD16_1,CD16,507499.995151334,6282499.693658245,Cluster 2,0.10838387622301128,0.1712024273408422,0.06281855111783093
1,1970,CD17_1,CD17,507499.98714753694,6287499.67249593,Cluster 1,0.07048039925351875,0.15012589307375673,0.07964549382023799
1,1970,CD18_1,CD18,507500.0146276354,6292499.687658906,Cluster 1,0.13877706771975729,0.16413003952449548,0.025352971804738195
1,1970,CD20_1,CD20,512500.031700168,6252499.678930431,Cluster 3,0.1377627744867145,0.16264573700628648,0.024882962519571977
1,1970,CD21_1,CD21,512500.01438471023,6257499.682042768,Cluster 2,0.12236925418308148,0.13857457888306798,0.016205324699986506
1,1970,CD22_1,CD22,512500.0164166468,6262499.721667139,Cluster 1,0.12216905777382597,0.16362548423903367,0.041456426465207696
1,1970,CD23_1,CD23,512499.9764066874,6267499.686291468,Cluster 1,0.11357871414628797,0.19335960185339107,0.07978088770710311
1,1970,CD24_1,CD24,512500.01682432264,6272499.687559193,Cluster 2,0.10073065728720682,0.15461494163866588,0.05388428435145906
1,1970,CD26_1,CD26,512500.0311430825,6282499.687715276,Cluster 2,0.1272217542934373,0.13813924543244313,0.010917491139005836
1,1970,AD95_1,AD95,447499.9167107371,6277499.684056323,Cluster 1,0.3479777354775289,0.5027062425059604,0.1547285070284315
1,1970,CD29_1,CD29,512500.0070516916,6297499.681986718,Cluster 1,0.1717156468074888,0.21157140142328734,0.039855754615798544
1,1970,CD30_1,CD30,517499.9810075786,6252499.76818393,Cluster 2,0.1083764150717347,0.16979302620102676,0.06141661112929206
1,1970,CD31_1,CD31,517499.9873017802,6257499.689823826,Cluster 1,0.1456450952942485,0.14704889071117808,0.0014037954169295874
1,1970,CD32_1,CD32,517499.9954113456,6262499.759304405,Cluster 1,0.15563323526823514,0.20037623068349528,0.04474299541526014
1,1970,CD33_1,CD33,517500.0060077057,6267499.753989291,Cluster 3,0.16420921880495717,0.1945746181901613,0.030365399385204134
1,1970,CD34_1,CD34,517499.95698225294,6272499.784906531,Cluster 1,0.21736550546292968,0.3583051870886721,0.1409396816257424
1,1970,CD36_1,CD36,517499.98719161353,6282499.733989379,Cluster 1,0.14360791382751237,0.18477730364447129,0.04116938981695892
1,1970,BC64_1,BC64,482500.09264614136,6322499.657199486,Cluster 1,0.07288394985775995,0.14895104661376268,0.07606709675600273
1,1970,CD40_1,CD40,522499.9897546972,6252499.738438926,Cluster 3,0.10654914412847527,0.20217042229994334,0.09562127817146807
1,1970,CD41_1,CD41,522499.9577492953,6257499.699618638,Cluster 2,0.1053188136486092,0.22053261694787393,0.11521380329926473
1,1970,CD42_1,CD42,522499.9726405925,6262499.6976654865,Cluster 3,0.11585867804630529,0.12418866579981878,0.008329987753513499
1,1970,CD43_1,CD43,522499.9724788307,6267499.732229277,Cluster 1,0.19194249994038734,0.31164497228147897,0.11970247234109163
1,1970,CD44_1,CD44,522499.9570123789,6272499.803285507,Cluster 1,0.13115583034979386,0.13570316378983854,0.004547333440044682
1,1970,CD45_1,CD45,522499.9265822344,6277499.799500932,Cluster 2,0.13888760477677933,0.1973206847785628,0.05843308000178346
1,1970,BC65_1,BC65,482500.0574243303,6327499.644156614,Cluster 1,0.08172802061597283,0.14094276584797746,0.05921474523200464
1,1970,CD47_1,CD47,522499.94102253095,6287499.790575308,Cluster 3,0.09827161420911956,0.12152599067669448,0.023254376467574916
1,1970,CD49_1,CD49,522499.95187649434,6297499.704918779,Cluster 2,0.09245959226340124,0.12648079081172323,0.03402119854832199
1,1970,CD50_1,CD50,527499.9511970772,6252499.700352971,Cluster 2,0.16257498638155105,0.17653196132533444,0.013956974943783396
1,1970,CD51_1,CD51,527499.9427165891,6257499.711358914,Cluster 2,0.12831719041305764,0.1424154853126372,0.014098294899579561
1,1970,CD52_1,CD52,527499.9640577937,6262499.75929551,Cluster 1,0.15392867625096915,0.19600033140027678,0.042071655149307635
1,1970,CD53_1,CD53,527499.9539858935,6267499.732432754,Cluster 1,0,0.1846650164579566,0.1846650164579566
1,1970,CD54_1,CD54,527499.9115217607,6272499.742050619,Cluster 3,0.10958085665811378,0.11444810792847156,0.004867251270357781
1,1970,BC70_1,BC70,487500.0281488765,6302499.681272506,Cluster 1,0.1423591374505836,0.2233328690671613,0.0809737316165777
1,1970,CD57_1,CD57,527499.8945820702,6287499.768916321,Cluster 2,0.08123673892366604,0.19146361703445242,0.11022687811078638
1,1970,CD58_1,CD58,527499.9036695738,6292499.81409373,Cluster 2,0.10456761231449935,0.16188788440822421,0.05732027209372487
1,1970,CD59_1,CD59,527499.9404047114,6297499.784713762,Cluster 2,0.09058562727916253,0.16685041161748862,0.07626478433832609
1,1970,CD60_1,CD60,532499.9431598982,6252499.765451516,Cluster 3,0.06693008764621904,0.14399633160101522,0.07706624395479618
1,1970,CD61_1,CD61,532499.8975667739,6257499.724542583,Cluster 2,0.14082424132900317,0.18377565265044993,0.04295141132144675
1,1970,CD62_1,CD62,532499.9264218447,6262499.721080979,Cluster 3,0.06046073331148457,0.17660068850170188,0.1161399551902173
1,1970,CD63_1,CD63,532499.9060614218,6267499.754098765,Cluster 1,0.10641602847844327,0.13315992331533097,0.026743894836887702
1,1970,CD64_1,CD64,532499.8984825077,6272499.712735584,Cluster 2,0.0896486049965678,0.13333809242843891,0.04368948743187112
1,1970,CD66_1,CD66,532499.9171695623,6282499.740681873,Cluster 2,0.09103123552475462,0.14515177205887533,0.05412053653412072
1,1970,BC71_1,BC71,487500.0237248111,6307499.714883644,Cluster 1,0.13252698049650008,0.17931418746991717,0.046787206973417095
1,1970,CD67_1,CD67,532499.8812754106,6287499.809468063,Cluster 2,0.09012149515948845,0.11359294600755543,0.023471450848066983
1,1970,CD68_1,CD68,532499.9174908885,6292499.804240393,Cluster 2,0.13534962348169904,0.15690348364129922,0.021553860159600174
1,1970,CD69_1,CD69,532499.9030293231,6297499.72402499,Cluster 2,0.08435872795908803,0.13519816110523922,0.05083943314615119
1,1970,CD70_1,CD70,537499.9224899263,6252499.710588921,Cluster 2,0.06861023052782958,0.14691543734550702,0.07830520681767744
1,1970,CD71_1,CD71,537499.9009141074,6257499.739502609,Cluster 3,0.08332461704676636,0.12213456450008867,0.03880994745332231
1,1970,CD72_1,CD72,537499.8761429818,6262499.694117894,Cluster 2,0.13167744566396752,0.15017003865288436,0.01849259298891684
1,1970,CD73_1,CD73,537499.8457173071,6267499.797017795,Cluster 3,0.09013702478229793,0.2078452610869768,0.11770823630467886
1,1970,CD74_1,CD74,537499.8735113181,6272499.714805415,Cluster 3,0.13706948785040365,0.17160927139233356,0.03453978354192991
1,1970,CD75_1,CD75,537499.8945203188,6277499.780826929,Cluster 1,0.12974936346485827,0.14158314890584334,0.011833785440985067
1,1970,CD76_1,CD76,537499.8489667726,6282499.771897683,Cluster 2,0.10079085181973367,0.15172602845209285,0.05093517663235918
1,1970,BC72_1,BC72,487500.06305016344,6312499.673261789,Cluster 1,0.08029858161626688,0.18848037054406597,0.10818178892779909
1,1970,CD77_1,CD77,537499.8579666234,6287499.800388882,Cluster 2,0.07603542170733724,0.15645802613770052,0.08042260443036328
1,1970,CD78_1,CD78,537499.8606860194,6292499.754419795,Cluster 2,0.13713486542773434,0.1484350757136534,0.011300210285919071
1,1970,CD79_1,CD79,537499.8556398308,6297499.745272113,Cluster 3,0.09010677487477199,0.15116751326291583,0.06106073838814384
1,1970,CD80_1,CD80,542499.9043316353,6252499.758197298,Cluster 2,0.11642296273280352,0.1518034222323187,0.035380459499515196
1,1970,CD81_1,CD81,542499.9081204964,6257499.755666731,Cluster 2,0.07118983718083546,0.15040273935315396,0.0792129021723185
1,1970,CD82_1,CD82,542499.8906583615,6262499.790154996,Cluster 2,0.10125764244579925,0.10976407784523277,0.00850643539943352
1,1970,CD83_1,CD83,542499.8525639324,6267499.7503311,Cluster 3,0.06709160039587614,0.19168478196434227,0.12459318156846613
1,1970,CD84_1,CD84,542499.8536315641,6272499.748089695,Cluster 3,0.10408038852119056,0.23475513412549026,0.1306747456042997
1,1970,CD85_1,CD85,542499.8318074815,6277499.782787062,Cluster 3,0.10721432994147077,0.13313290697834992,0.02591857703687915
1,1970,CD86_1,CD86,542499.848977515,6282499.74370801,Cluster 1,0.08630804344661179,0.13152263593567115,0.04521459248905936
1,1970,BC73_1,BC73,487500.0249803983,6317499.668063927,Cluster 1,0.11598412275437463,0.2402526429703862,0.12426852021601158
1,1970,CD89_1,CD89,542499.8153189467,6297499.848290001,Cluster 3,0.08778599586973745,0.13095386510542587,0.04316786923568841
1,1970,CD90_1,CD90,547499.9077536316,6252499.685534189,Cluster 3,0.09299618014536061,0.1347321788786514,0.0417359987332908
1,1970,CD91_1,CD91,547499.8745462188,6257499.772209364,Cluster 2,0.09599676410509032,0.12287908928433781,0.02688232517924749
1,1970,CD92_1,CD92,547499.8659603776,6262499.785287277,Cluster 3,0.0699776751837839,0.12492710731244203,0.05494943212865813
1,1970,CD94_1,CD94,547499.7944576344,6272499.811765392,Cluster 2,0.24131391494280136,0.2867284709510286,0.04541455600822725
1,1970,CD95_1,CD95,547499.7917206177,6277499.825801136,Cluster 3,0.0651607889611866,0.19453973859081428,0.12937894962962768
1,1970,BC74_1,BC74,487500.03132666176,6322499.698896714,Cluster 1,0.08325641045674437,0.20879968121941161,0.12554327076266725
1,1970,CD98_1,CD98,547499.8457579509,6292499.870075763,Cluster 2,0.12396652068504513,0.1573203913626683,0.03335387067762316
1,1970,CD99_1,CD99,547499.8016743321,6297499.8103351565,Cluster 2,0.09136287318561323,0.16986650654449742,0.07850363335888419
1,1970,CE10_1,CE10,507500.0262864438,6202499.752100389,Cluster 3,0.13108603008335676,0.1379414867014597,0.00685545661810294
1,1970,CE11_1,CE11,507500.0477176856,6207499.815339364,Cluster 2,0.18509904341237993,0.20247299210371913,0.01737394869133921
1,1970,CE12_1,CE12,507500.04475203936,6212499.8038825905,Cluster 2,0.30814625953486036,0.32622203085061646,0.018075771315756106
1,1970,CE13_1,CE13,507500.07958559337,6217499.717812039,Cluster 2,0.42156701361303917,0.44790414280369545,0.026337129190656283
1,1970,CE14_1,CE14,507500.0273397176,6222499.77948883,Cluster 2,0.1941872199169964,0.1990943548119315,0.004907134894935106
1,1970,CE15_1,CE15,507500.07478817966,6227499.766611712,Cluster 2,0.11076756328477118,0.16835956946183736,0.05759200617706618
1,1970,CE16_1,CE16,507500.0353278538,6232499.79013519,Cluster 2,0.17172220161017787,0.2648398733291591,0.09311767171898122
1,1970,BC75_1,BC75,487500.08176904864,6327499.654417714,Cluster 1,0.08965237884027256,0.2258749328483252,0.1362225540080526
1,1970,CE17_1,CE17,507500.0331905386,6237499.73894793,Cluster 3,0.14389850629530943,0.1766677784333974,0.032769272138087974
1,1970,CE18_1,CE18,507500.06795502856,6242499.724328115,Cluster 1,0.11943909475049512,0.17523260240165855,0.055793507651163435
1,1970,CE19_1,CE19,507500.01585132466,6247499.746037214,Cluster 1,0.10724823533813174,0.14385190886628532,0.03660367352815358
1,1970,CE20_1,CE20,512500.0778718726,6202499.765489041,Cluster 2,0.1365450458923024,0.18639739339835834,0.04985234750605594
1,1970,CE21_1,CE21,512500.0416534956,6207499.736611552,Cluster 2,0.22262040231360328,0.31473222873531603,0.09211182642171276
1,1970,CE22_1,CE22,512500.08898064535,6212499.744663644,Cluster 2,0.15279845272758633,0.2176698083806875,0.06487135565310118
1,1970,CE23_1,CE23,512500.0327829848,6217499.789083581,Cluster 2,0.32035023320720984,0.3411652452569973,0.020815012049787474
1,1970,CE24_1,CE24,512500.0599824369,6222499.759086974,Cluster 2,0.21401489368217969,0.23620706854266307,0.022192174860483388
1,1970,CE25_1,CE25,512500.045683016,6227499.765589996,Cluster 1,0.10716487628686146,0.1906948854067319,0.08353000911987045
1,1970,CE26_1,CE26,512500.05217830365,6232499.697447278,Cluster 1,0.20541545449093743,0.20742280681066963,0.002007352319732203
1,1970,CE27_1,CE27,512500.0166706834,6237499.77705867,Cluster 1,0.1361650720845228,0.18582716599994756,0.049662093915424754
1,1970,CE28_1,CE28,512500.06347564154,6242499.782156218,Cluster 2,0.10286314615584216,0.17314370039103372,0.07028055423519156
1,1970,CE29_1,CE29,512500.0068288046,6247499.712173496,Cluster 2,0.1046364504441904,0.1686395238403082,0.0640030733961178
1,1970,CE30_1,CE30,517500.0454849072,6202499.78370307,Cluster 3,0.09942521322476082,0.20226364804778224,0.10283843482302142
1,1970,CE31_1,CE31,517500.0763001169,6207499.784124023,Cluster 3,0.0913777171608234,0.1981811259222315,0.1068034087614081
1,1970,CE32_1,CE32,517500.0498415911,6212499.709770298,Cluster 2,0.22182501795101292,0.3118427970001559,0.09001777904914296
1,1970,CE33_1,CE33,517500.0895961484,6217499.78371891,Cluster 2,0.13046768301990727,0.21491737572685096,0.08444969270694369
1,1970,CE34_1,CE34,517500.07173813885,6222499.7828447055,Cluster 1,0.13517897680161367,0.15170449568290756,0.016525518881293888
1,1970,CE35_1,CE35,517500.0583055991,6227499.707374013,Cluster 1,0.1323376312570633,0.1489508690785772,0.016613237821513915
1,1970,BC81_1,BC81,492500.041047909,6307499.729905474,Cluster 1,0.11925670361736161,0.23471434037759728,0.11545763676023567
1,1970,CE37_1,CE37,517500.0419372872,6237499.777750103,Cluster 2,0.1290054934439872,0.21430440564590697,0.08529891220191976
1,1970,CE38_1,CE38,517500.0394236659,6242499.700944795,Cluster 2,0.12243473094252279,0.13266625644195987,0.01023152549943708
1,1970,CE39_1,CE39,517500.0394573879,6247499.77205085,Cluster 2,0.11693684450532628,0.22341057564928377,0.10647373114395749
1,1970,CE40_1,CE40,522500.0704425728,6202499.807062485,Cluster 2,0.15165464554326394,0.2553923898689177,0.10373774432565377
1,1970,CE41_1,CE41,522500.0442081195,6207499.734739026,Cluster 2,0.14074322915574725,0.21876901901117193,0.07802578985542469
1,1970,CE42_1,CE42,522500.0678054823,6212499.810822077,Cluster 2,0.18979126929148188,0.27742712001543696,0.08763585072395508
1,1970,CE44_1,CE44,522500.07970485423,6222499.739352608,Cluster 2,0.12531992203077771,0.13110141994402574,0.005781497913248029
1,1970,CE45_1,CE45,522500.06692997954,6227499.703048657,Cluster 1,0.17104652427467654,0.22579629448744137,0.05474977021276484
1,1970,CE46_1,CE46,522500.041145187,6232499.703433006,Cluster 1,0.18299973467421088,0.23877385255098577,0.05577411787677489
1,1970,BC82_1,BC82,492500.0364982955,6312499.667744995,Cluster 1,0.18440260737679276,0.20105094162791162,0.016648334251118863
1,1970,CE47_1,CE47,522500.0640162797,6237499.74080711,Cluster 2,0.10410948352417815,0.13500339057976665,0.030893907055588504
1,1970,CE48_1,CE48,522500.0119734386,6242499.703193641,Cluster 2,0.17691958092203455,0.18854356342591927,0.011623982503884717
1,1970,CE49_1,CE49,522500.0079419588,6247499.702520713,Cluster 3,0.08273966299244657,0.1959988241861148,0.11325916119366823
1,1970,CE50_1,CE50,527500.0450754714,6202499.723619567,Cluster 1,0.15784809876748604,0.1745711237258751,0.016723024958389066
1,1970,CE51_1,CE51,527500.0855328589,6207499.811552569,Cluster 3,0.15127965639473168,0.28264002907149743,0.13136037267676576
1,1970,CE52_1,CE52,527500.0988265752,6212499.713670329,Cluster 3,0.1920032286087838,0.2307545871342715,0.038751358525487695
1,1970,CE54_1,CE54,527500.1000764947,6222499.739837737,Cluster 2,0.12979225090102314,0.2436942649894753,0.11390201408845216
1,1970,CE55_1,CE55,527500.0880835521,6227499.752541096,Cluster 2,0.11626155399638687,0.16948163902274613,0.05322008502635926
1,1970,CE56_1,CE56,527500.0470532825,6232499.690624631,Cluster 2,0.1874574825511741,0.21334748417802457,0.025890001626850484
1,1970,BC83_1,BC83,492499.997856006,6317499.641786334,Cluster 1,0.20540856872347327,0.30643844272955273,0.10102987400607946
1,1970,CE57_1,CE57,527500.0379328128,6237499.66576125,Cluster 2,0.07682485782242701,0.15832020045516726,0.08149534263274025
1,1970,CE58_1,CE58,527499.9984027212,6242499.67752908,Cluster 2,0.07631106066535798,0.19378190852747354,0.11747084786211556
1,1970,CE59_1,CE59,527499.989976083,6247499.726301877,Cluster 2,0.08472627290315868,0.1565857396985366,0.07185946679537791
1,1970,CE60_1,CE60,532500.0469924002,6202499.756178573,Cluster 3,0.10667337044256586,0.2538269910930196,0.14715362065045373
1,1970,CE61_1,CE61,532500.0933404423,6207499.791210008,Cluster 3,0.13517339053595726,0.16722028599269861,0.03204689545674136
1,1970,CE62_1,CE62,532500.0953795096,6212499.751701555,Cluster 3,0.1731352814023515,0.21522461856749273,0.04208933716514124
1,1970,CE63_1,CE63,532500.0520095888,6217499.748924329,Cluster 2,0.1564352186527728,0.18021235372784206,0.02377713507506926
1,1970,CE64_1,CE64,532500.088076029,6222499.6724942615,Cluster 3,0.1136020433285248,0.215538006577122,0.10193596324859719
1,1970,CE65_1,CE65,532500.0770745723,6227499.744045095,Cluster 2,0.13373301819229924,0.19039201233825356,0.05665899414595432
1,1970,CE66_1,CE66,532500.0204245233,6232499.74095347,Cluster 2,0.08135260781440869,0.14634288621713024,0.06499027840272155
1,1970,BC84_1,BC84,492500.0467049848,6322499.651782474,Cluster 3,0.18613288286698276,0.2165320929200335,0.03039921005305074
1,1970,CE67_1,CE67,532500.0416984205,6237499.664132946,Cluster 3,0.1006544891740037,0.11399906256654249,0.013344573392538792
1,1970,CE68_1,CE68,532500.0148175734,6242499.735220286,Cluster 3,0.09618486978817535,0.10772812403044507,0.011543254242269721
1,1970,CE69_1,CE69,532499.9412093535,6247499.731587012,Cluster 2,0.0914211993326202,0.14598791991533838,0.05456672058271818
1,1970,CE70_1,CE70,537500.0308170322,6202499.79289711,Cluster 3,0.09560956607596299,0.11325101460726007,0.01764144853129708
1,1970,CE71_1,CE71,537500.0835327087,6207499.784787841,Cluster 3,0.08726828075411046,0.10388360967062625,0.016615328916515792
1,1970,CE72_1,CE72,537500.0755039781,6212499.702100726,Cluster 3,0.16022301116644622,0.2778945943744406,0.11767158320799437
1,1970,CE74_1,CE74,537500.0596364432,6222499.648403606,Cluster 3,0.20072780513450408,0.20833129298631411,0.007603487851810031
1,1970,CE75_1,CE75,537500.0508192427,6227499.677344484,Cluster 2,0.10971716822744777,0.11820666652075949,0.00848949829331172
1,1970,CE76_1,CE76,537500.0417347807,6232499.63214553,Cluster 2,0.13707022086515758,0.13899499711138635,0.0019247762462287765
1,1970,BC85_1,BC85,492500.0614262203,6327499.586613408,Cluster 1,0.12354938966591962,0.229971442771326,0.10642205310540638
1,1970,CE77_1,CE77,537500.0299457153,6237499.735380851,Cluster 3,0.09414398079751189,0.11174211708093038,0.017598136283418483
1,1970,CE78_1,CE78,537499.9560459278,6242499.652580182,Cluster 3,0.10425464620625456,0.18031090460822782,0.07605625840197326
1,1970,CE79_1,CE79,537499.9403775054,6247499.718706845,Cluster 3,0.07635656359616053,0.13025724003051237,0.05390067643435184
1,1970,CE80_1,CE80,542500.0765360219,6202499.722907818,Cluster 3,0.041341351036841494,0.19047096275255743,0.14912961171571593
1,1970,CE81_1,CE81,542500.0725898192,6207499.792100813,Cluster 3,0.10906296348655917,0.23114561999077865,0.12208265650421948
1,1970,CE82_1,CE82,542500.0549823554,6212499.675981395,Cluster 3,0.1370654256074092,0.24856661140162392,0.11150118579421472
1,1970,CE83_1,CE83,542500.0821386847,6217499.709024412,Cluster 3,0.18168400853634828,0.19124288640507306,0.00955887786872478
1,1970,CE84_1,CE84,542500.0312720044,6222499.667383468,Cluster 2,0.14220277705060386,0.16874058066265962,0.026537803612055766
1,1970,CE85_1,CE85,542500.0251304065,6227499.663558211,Cluster 2,0.14074405064352644,0.1601233950307154,0.019379344387188968
1,1970,CE86_1,CE86,542500.0010096645,6232499.696908841,Cluster 3,0.11111436338157642,0.1143182453276597,0.003203881946083287
1,1970,CE87_1,CE87,542499.9595191028,6237499.656109798,Cluster 3,0.09260190541099461,0.10147228867577245,0.008870383264777834
1,1970,CE88_1,CE88,542499.960902843,6242499.653049735,Cluster 3,0.05626582753180852,0.18615573576028596,0.12988990822847746
1,1970,CE89_1,CE89,542499.9426731234,6247499.687087541,Cluster 2,0.07580604241641146,0.17959146895188474,0.10378542653547328
1,1970,CE90_1,CE90,547500.0112863941,6202499.766809329,Cluster 3,0.05218866488813909,0.18974562360878153,0.13755695872064244
1,1970,CE91_1,CE91,547500.0158636335,6207499.701018751,Cluster 3,0.07570179584245072,0.23459648829317495,0.15889469245072424
1,1970,CE92_1,CE92,547500.0503056952,6212499.673195112,Cluster 3,0.14888444465604506,0.22610529842861213,0.07722085377256707
1,1970,CE93_1,CE93,547500.0516845292,6217499.682626755,Cluster 2,0.18680136725827626,0.22697059823995985,0.040169230981683596
1,1970,CE94_1,CE94,547500.0194965032,6222499.7292875815,Cluster 2,0.12604010445483554,0.2377491738745003,0.11170906941966477
1,1970,CE96_1,CE96,547499.9788540612,6232499.712970672,Cluster 2,0.076489165400968,0.1532017198917225,0.07671255449075448
1,1970,CE97_1,CE97,547499.9691090817,6237499.649938437,Cluster 2,0.08128483225756164,0.10349890730255008,0.022214075044988443
1,1970,CE98_1,CE98,547499.9234977771,6242499.624028113,Cluster 2,0.06445571366148409,0.15383188855731056,0.08937617489582647
1,1970,CE99_1,CE99,547499.9032871589,6247499.63590194,Cluster 2,0.06507133061733303,0.14550832764991245,0.08043699703257942
1,1970,CF00_1,CF00,502500.02028222225,6152499.89145135,Cluster 3,0.07167614779431675,0.19050591556606025,0.1188297677717435
1,1970,CF10_1,CF10,507500.04285710165,6152499.805047145,Cluster 3,0.07038022445106523,0.19154581053358322,0.12116558608251798
1,1970,CF13_1,CF13,507500.0706404502,6167499.781255058,Cluster 3,0.13550038889573585,0.21149580133625676,0.07599541244052091
1,1970,CF14_1,CF14,507500.0739329783,6172499.809900087,Cluster 2,0.10712766849939714,0.13067842239281507,0.02355075389341793
1,1970,CF15_1,CF15,507500.0533334287,6177499.764015607,Cluster 2,0.09924442070037476,0.14122903681617444,0.04198461611579968
1,1970,CF16_1,CF16,507500.0713544187,6182499.754977835,Cluster 2,0.06751149864719988,0.16332962988681013,0.09581813123961025
1,1970,CF17_1,CF17,507500.0651289864,6187499.782657654,Cluster 1,0.10762082052392682,0.15824968235003348,0.05062886182610665
1,1970,CF18_1,CF18,507500.03483679594,6192499.735736998,Cluster 1,0.13683647956478415,0.23818119406197205,0.1013447144971879
1,1970,CF19_1,CF19,507500.0425821252,6197499.836890889,Cluster 3,0.11263479692503993,0.14046981658696528,0.02783501966192535
1,1970,CF21_1,CF21,512500.0804062962,6157499.787179069,Cluster 2,0.11395911398897221,0.24568410774619423,0.13172499375722202
1,1970,CF23_1,CF23,512500.06907642435,6167499.771820084,Cluster 2,0.14186886945182417,0.18102503853564442,0.03915616908382025
1,1970,CF25_1,CF25,512500.0230344669,6177499.792549392,Cluster 2,0.12416319178784764,0.25697769242415364,0.132814500636306
1,1970,BC93_1,BC93,497500.0048648076,6317499.628014286,Cluster 1,0.18212438773777404,0.3335360757981935,0.15141168806041946
1,1970,CF26_1,CF26,512500.0651124667,6182499.802702072,Cluster 2,0.19118893762258676,0.23312093570098633,0.04193199807839956
1,1970,CF27_1,CF27,512500.0665558964,6187499.849542149,Cluster 2,0.21984537950863564,0.24514844405297875,0.025303064544343112
1,1970,CF28_1,CF28,512500.0276656862,6192499.82175148,Cluster 1,0.13408428354112206,0.14127177402591892,0.00718749048479686
1,1970,CF29_1,CF29,512500.0730969767,6197499.830959868,Cluster 3,0.1458835704187972,0.16644420732969728,0.02056063691090007
1,1970,CF30_1,CF30,517500.0490080542,6152499.803977083,Cluster 3,0.14070236829247965,0.15328354198300542,0.012581173690525776
1,1970,CF31_1,CF31,517500.08229393145,6157499.880785225,Cluster 2,0.11979406901368336,0.18647043225687257,0.06667636324318921
1,1970,CF32_1,CF32,517500.0598427792,6162499.883060531,Cluster 3,0.13008178967950584,0.15636328577327782,0.026281496093771978
1,1970,CF33_1,CF33,517500.0445604493,6167499.811028843,Cluster 3,0.10618792171130637,0.21249497588756908,0.10630705417626271
1,1970,CF34_1,CF34,517500.0357638052,6172499.775957468,Cluster 3,0.12189153679258546,0.22946171499241785,0.10757017819983239
1,1970,CF35_1,CF35,517500.0332116384,6177499.777824086,Cluster 3,0.09218943163829452,0.17665744849046242,0.0844680168521679
1,1970,BC94_1,BC94,497500.0354478817,6322499.62760691,Cluster 1,0.2288676573681549,0.2666204360294911,0.037752778661336195
1,1970,CF37_1,CF37,517500.04632165184,6187499.780987112,Cluster 2,0.13014140911885047,0.18614016913446751,0.055998760015617044
1,1970,CF38_1,CF38,517500.061502076,6192499.782236776,Cluster 2,0.08850746903898825,0.1291398991327442,0.04063243009375596
1,1970,CF39_1,CF39,517500.0819619571,6197499.820332571,Cluster 2,0.12633556001079363,0.14638783483506249,0.020052274824268856
1,1970,CF40_1,CF40,522500.0642822681,6152499.88918984,Cluster 3,0.07425719363800592,0.169155855563391,0.09489866192538507
1,1970,CF41_1,CF41,522500.0773326165,6157499.892575038,Cluster 3,0.11811967610470692,0.1517027172642602,0.033583041159553295
1,1970,CF42_1,CF42,522500.08171073144,6162499.821689351,Cluster 2,0.10290003977465711,0.2257384005385829,0.12283836076392579
1,1970,CF43_1,CF43,522500.0766004052,6167499.787798728,Cluster 2,0.1160511450744908,0.14814193375718093,0.032090788682690136
1,1970,CF44_1,CF44,522500.0617534066,6172499.790880593,Cluster 3,0.1098185090039922,0.16911908786225516,0.05930057885826295
1,1970,CF45_1,CF45,522500.0369213511,6177499.830912278,Cluster 3,0.0984041261145527,0.137229512452861,0.0388253863383083
1,1970,BC95_1,BC95,497500.0144291096,6327499.551978993,Cluster 1,0.13922850885366736,0.20411050134483116,0.0648819924911638
1,1970,CF47_1,CF47,522500.02009768866,6187499.799469306,Cluster 2,0.12923253765147868,0.2048605106572185,0.07562797300573981
1,1970,CF48_1,CF48,522500.02689213475,6192499.839240847,Cluster 2,0.18447191849341385,0.2743742220378228,0.08990230354440895
1,1970,CF49_1,CF49,522500.0856363534,6197499.8048974695,Cluster 3,0.1295863248444915,0.18566923097031907,0.05608290612582756
1,1970,CF50_1,CF50,527500.0886990835,6152499.883027053,Cluster 3,0.07203866736484364,0.21157356639827235,0.1395348990334287
1,1970,CF51_1,CF51,527500.0818896274,6157499.8224678775,Cluster 3,0.1017642432756232,0.23521163035224538,0.13344738707662218
1,1970,CF52_1,CF52,527500.0497756924,6162499.798923867,Cluster 3,0.13135361580416657,0.13279592690655995,0.0014423111023933732
1,1970,CF54_1,CF54,527500.0343271294,6172499.863579813,Cluster 3,0.05686872349207526,0.16623685705985256,0.1093681335677773
1,1970,CF55_1,CF55,527500.0508941073,6177499.840442368,Cluster 3,0.07646580908763483,0.144381208432101,0.06791539934446618
1,1970,BC96_1,BC96,497500.0027015511,6332499.623702109,Cluster 1,0.10917170110654534,0.17516828115409758,0.06599658004755224
1,1970,CF56_1,CF56,527500.0408488035,6182499.854226997,Cluster 2,0.13029512277278077,0.23067699502545885,0.10038187225267808
1,1970,CF57_1,CF57,527500.0672787909,6187499.794012441,Cluster 2,0.11056037777672366,0.23151369500731528,0.12095331723059162
1,1970,CF58_1,CF58,527500.0664424137,6192499.770672006,Cluster 2,0.10234998809637054,0.11813706171032712,0.01578707361395658
1,1970,CF59_1,CF59,527500.0380833544,6197499.784182167,Cluster 3,0.0897602007679056,0.14333774157481613,0.05357754080691053
1,1970,CF60_1,CF60,532500.0746473216,6152499.896262771,Cluster 3,0.07605477598234418,0.22958351550360998,0.15352873952126578
1,1970,CF61_1,CF61,532500.0476127628,6157499.892527556,Cluster 3,0.08005113448700636,0.14325613330974166,0.0632049988227353
1,1970,CF62_1,CF62,532500.0430350703,6162499.81496773,Cluster 2,0.11321002699072302,0.15611398002419982,0.0429039530334768
1,1970,CF63_1,CF63,532500.058788367,6167499.886138109,Cluster 2,0.06809088824360475,0.18023929482170514,0.11214840657810039
1,1970,CF64_1,CF64,532500.0331872304,6172499.882969435,Cluster 3,0.09267792303825122,0.17716118409986636,0.08448326106161515
1,1970,CF65_1,CF65,532500.028758022,6177499.805903052,Cluster 3,0.14683435796730596,0.17054985140826748,0.02371549344096152
1,1970,BD00_1,BD00,452500.055170292,6252499.551853021,Cluster 1,0.15117850779157263,0.3174535888327897,0.16627508104121705
1,1970,CF66_1,CF66,532500.0433655721,6182499.877498317,Cluster 2,0.13923823914635122,0.23790885252069904,0.09867061337434782
1,1970,CF67_1,CF67,532500.016379806,6187499.763386833,Cluster 3,0.08947930510240414,0.13592525523807808,0.046445950135673944
1,1970,CF68_1,CF68,532500.0701839877,6192499.798358294,Cluster 3,0.08053865159249432,0.13680322862505245,0.05626457703255813
1,1970,CF69_1,CF69,532500.0807532563,6197499.758865873,Cluster 3,0.07363697933631545,0.1727690344007797,0.09913205506446425
1,1970,CF70_1,CF70,537500.1021949608,6152499.817917419,Cluster 3,0.10693506687695853,0.18992056443332536,0.08298549755636683
1,1970,CF71_1,CF71,537500.0550795781,6157499.88048536,Cluster 3,0.10679839221751218,0.13142229306503,0.024623900847517824
1,1970,CF72_1,CF72,537500.0774855074,6162499.869807724,Cluster 2,0.1465323615218183,0.24540273864600526,0.09887037712418695
1,1970,CF73_1,CF73,537500.0419040467,6167499.89607103,Cluster 2,0.12774074819143796,0.16114934371328882,0.033408595521850853
1,1970,CF74_1,CF74,537500.0118776582,6172499.848500056,Cluster 2,0.18934386508445147,0.28298992908889314,0.09364606400444167
1,1970,CF75_1,CF75,537500.0487537576,6177499.838899511,Cluster 2,0.12163712706976282,0.14972174836708324,0.028084621297320422
1,1970,BD01_1,BD01,452500.062128352,6257499.642154956,Cluster 1,0.2188087390646655,0.22461600880995977,0.0058072697452942745
1,1970,CF76_1,CF76,537500.0264034058,6182499.866166838,Cluster 2,0.09574513704550555,0.11986353466367072,0.02411839761816517
1,1970,CF77_1,CF77,537500.0707976818,6187499.82006512,Cluster 1,0.18907993425516842,0.22466651788538983,0.03558658363022141
1,1970,CF78_1,CF78,537500.0551390985,6192499.810781486,Cluster 3,0.07914560215794732,0.24096638996733286,0.16182078780938552
1,1970,CF79_1,CF79,537500.0416532608,6197499.838831865,Cluster 3,0.07206710814289426,0.12924047184434634,0.05717336370145208
1,1970,CF80_1,CF80,542500.0592552546,6152499.8693641145,Cluster 2,0.20809036315319612,0.27293883103119765,0.06484846787800153
1,1970,CF81_1,CF81,542500.0565058092,6157499.897039448,Cluster 2,0.17427541511824976,0.25427900642107537,0.08000359130282561
1,1970,CF82_1,CF82,542500.0441988781,6162499.850954939,Cluster 3,0.07800645869830439,0.2264766043438201,0.14847014564551572
1,1970,CF83_1,CF83,542500.0207665939,6167499.842372999,Cluster 2,0.1583330942855066,0.231958574324538,0.07362548003903141
1,1970,CF84_1,CF84,542500.048573576,6172499.871880924,Cluster 3,0.09908226400257902,0.18367535714589117,0.08459309314331215
1,1970,CF85_1,CF85,542500.0024235704,6177499.826941581,Cluster 3,0.0799032183715201,0.13995984910467815,0.06005663073315805
1,1970,BD02_1,BD02,452500.0451360465,6262499.658862274,Cluster 1,0.2029231091471818,0.2685467641950791,0.0656236550478973
1,1970,CF86_1,CF86,542500.0063853149,6182499.82004259,Cluster 3,0.04987835374468453,0.17600655772744805,0.12612820398276353
1,1970,CF87_1,CF87,542500.0597483467,6187499.851160479,Cluster 3,0.0359683327686269,0.16242406810793641,0.1264557353393095
1,1970,CF88_1,CF88,542500.0377536514,6192499.807753425,Cluster 3,0.09419476177736864,0.11036448353217178,0.016169721754803135
1,1970,CF89_1,CF89,542500.064030432,6197499.802313068,Cluster 3,0.04216814875548551,0.17296740957006498,0.1307992608145795
1,1970,CF90_1,CF90,547500.0889142159,6152499.94029991,Cluster 3,0.10699445834158108,0.1612595032926802,0.05426504495109913
1,1970,CF91_1,CF91,547500.0678756869,6157499.942027305,Cluster 2,0.13703728134069715,0.15543767271908618,0.01840039137838903
1,1970,CF92_1,CF92,547500.021346869,6162499.870003907,Cluster 3,0.08886977454539254,0.19824213402845453,0.109372359483062
1,1970,CF93_1,CF93,547500.0105560533,6167499.836173768,Cluster 2,0.2279700056923732,0.27317593388649897,0.04520592819412578
1,1970,CF94_1,CF94,547500.0347869882,6172499.840513072,Cluster 2,0.11869449260210917,0.12738993424266254,0.008695441640553372
1,1970,CF95_1,CF95,547500.030537062,6177499.882314021,Cluster 3,0.038071703165328034,0.198469989399895,0.16039828623456695
1,1970,BD03_1,BD03,452500.0049122799,6267499.601946497,Cluster 1,0.23125772625179872,0.2600161470073663,0.028758420755567587
1,1970,CF96_1,CF96,547499.9985196197,6182499.850260958,Cluster 3,0.022907922793099028,0.17079347492043634,0.1478855521273373
1,1970,CF97_1,CF97,547499.999664888,6187499.856302122,Cluster 3,0.04510462348313556,0.16957888431775975,0.12447426083462418
1,1970,CF98_1,CF98,547500.0344730752,6192499.789121118,Cluster 3,0.040254649701009004,0.17076914029189966,0.13051449059089065
1,1970,CF99_1,CF99,547500.0385143282,6197499.759298731,Cluster 3,0.03242308710843336,0.18611647203118953,0.15369338492275617
1,1970,CG00_1,CG00,502500.0261580071,6102499.830919192,Cluster 2,0.11564458486483133,0.1790490118634491,0.06340442699861777
1,1970,CG01_1,CG01,502500.0726485491,6107499.815118513,Cluster 2,0.12674999264888115,0.21438197039890608,0.08763197775002493
1,1970,CG02_1,CG02,502500.04775678914,6112499.836347805,Cluster 3,0.1378648766204316,0.15208524507723045,0.01422036845679886
1,1970,CG03_1,CG03,502500.0153410255,6117499.894620556,Cluster 2,0.12241571784465924,0.19802658942098234,0.0756108715763231
1,1970,CG04_1,CG04,502500.0390334766,6122499.878665998,Cluster 2,0.10969663228557368,0.14998391674584718,0.040287284460273506
1,1970,CG05_1,CG05,502500.0550520218,6127499.899711133,Cluster 3,0.09554468245256642,0.15792653067240198,0.062381848219835556
1,1970,BD04_1,BD04,452500.0060987118,6272499.69329495,Cluster 1,0.27637606779418944,0.33379956556485213,0.05742349777066269
1,1970,CG06_1,CG06,502500.0634538295,6132499.846448853,Cluster 3,0.11708560147972884,0.14125718129736578,0.024171579817636943
1,1970,CG07_1,CG07,502500.0641750675,6137499.830142095,Cluster 3,0.07464082646656958,0.15665265957995916,0.08201183311338958
1,1970,CG08_1,CG08,502500.0572123166,6142499.850769465,Cluster 3,0.08975426348763643,0.15896139192378025,0.06920712843614382
1,1970,CG09_1,CG09,502500.0425621639,6147499.908309469,Cluster 3,0.0875328276459169,0.19799609416879688,0.11046326652287998
1,1970,CG10_1,CG10,507500.0814512452,6102499.76344352,Cluster 2,0.11799724953796722,0.1941898435134044,0.07619259397543718
1,1970,CG11_1,CG11,507500.0744522167,6107499.868036532,Cluster 3,0.12457108178642567,0.12888801762426844,0.004316935837842761
1,1970,CG12_1,CG12,507500.0445943599,6112499.787116632,Cluster 2,0.1088741122444742,0.1659498256391091,0.057075713394634894
1,1970,CG13_1,CG13,507500.0549592401,6117499.854614016,Cluster 2,0.13147084408461157,0.1338056513568557,0.002334807272244138
1,1970,CG14_1,CG14,507500.0421171495,6122499.847835636,Cluster 2,0.11027221508548746,0.15639189829752365,0.04611968321203619
1,1970,CG15_1,CG15,507500.0693758277,6127499.878149052,Cluster 3,0.09975125301844538,0.11843401030958173,0.018682757291136345
1,1970,BD05_1,BD05,452499.9853557811,6277499.71096541,Cluster 1,0.4183206842127913,0.5624386711778916,0.1441179869651003
1,1970,CG17_1,CG17,507500.0535864384,6137499.82707415,Cluster 2,0.11267621170202703,0.18439941525596634,0.07172320355393931
1,1970,CG18_1,CG18,507500.073619542,6142499.857033516,Cluster 3,0.060114551259115225,0.19500155960095156,0.13488700834183634
1,1970,CG19_1,CG19,507500.0701088966,6147499.8126028655,Cluster 3,0.10924962775915634,0.14279088173538534,0.03354125397622901
1,1970,CG20_1,CG20,512500.0319054312,6102499.844468651,Cluster 2,0.1241555264361793,0.19419354956193327,0.07003802312575397
1,1970,CG21_1,CG21,512500.0357352239,6107499.856263293,Cluster 2,0.13278245240287556,0.17464073475707917,0.04185828235420361
1,1970,CG22_1,CG22,512500.0646570594,6112499.793975682,Cluster 3,0.11100406681754257,0.13841974699509169,0.027415680177549112
1,1970,CG23_1,CG23,512500.05417142104,6117499.879970967,Cluster 2,0.10500915563591706,0.12709001014584925,0.02208085450993219
1,1970,CG24_1,CG24,512500.0684573512,6122499.891840113,Cluster 2,0.11283715218727114,0.17430843201885843,0.06147127983158729
1,1970,CG25_1,CG25,512500.04378025915,6127499.829381491,Cluster 2,0.09136918037673475,0.129166605384338,0.03779742500760325
1,1970,BD06_1,BD06,452500.00592764583,6282499.765541134,Cluster 1,0.40211809512993224,0.549856520390251,0.14773842526031877
1,1970,CG26_1,CG26,512500.0432435217,6132499.804034855,Cluster 2,0.12729179380724545,0.21500281252002587,0.08771101871278042
1,1970,CG27_1,CG27,512500.0666142674,6137499.81577886,Cluster 3,0.10112457968535273,0.2188556446489244,0.11773106496357168
1,1970,CG28_1,CG28,512500.05037127464,6142499.864413771,Cluster 3,0.06377246074789318,0.16893262368413925,0.10516016293624607
1,1970,CG29_1,CG29,512500.0580272434,6147499.838808023,Cluster 3,0.0688436227921719,0.13081600479119618,0.06197238199902427
1,1970,CG30_1,CG30,517500.0850923214,6102499.851813918,Cluster 2,0.14497977724059732,0.23275941584497326,0.08777963860437593
1,1970,CG31_1,CG31,517500.03616525023,6107499.779897026,Cluster 2,0.11217506870947101,0.14789669235157038,0.03572162364209937
1,1970,CG32_1,CG32,517500.05973960727,6112499.856739236,Cluster 2,0.11376206718617078,0.1874008652119895,0.07363879802581873
1,1970,CG33_1,CG33,517500.0925843184,6117499.859506801,Cluster 2,0.10000451674481439,0.18932244301341578,0.08931792626860138
1,1970,CG34_1,CG34,517500.0708866396,6122499.7879263675,Cluster 2,0.12093367411370234,0.16996550402194344,0.04903182990824109
1,1970,BD07_1,BD07,452500.0058695333,6287499.746381921,Cluster 1,0.3700196458524422,0.4833410580987147,0.11332141224627251
1,1970,CG37_1,CG37,517500.0558418394,6137499.796071852,Cluster 3,0.12238520615740857,0.13969850896627836,0.017313302808869793
1,1970,CG38_1,CG38,517500.06670979614,6142499.873010728,Cluster 3,0.08545607628723421,0.17470728855385062,0.0892512122666164
1,1970,CG39_1,CG39,517500.085559445,6147499.875737379,Cluster 3,0.1455039927133776,0.21250206249010484,0.06699806977672723
1,1970,CG40_1,CG40,522500.065292888,6102499.784827596,Cluster 3,0.08808105584914382,0.21193693513477246,0.12385587928562865
1,1970,CG41_1,CG41,522500.09106030304,6107499.750314869,Cluster 3,0.10879943850785374,0.13221984056446082,0.023420402056607073
1,1970,CG42_1,CG42,522500.1096343805,6112499.8643271355,Cluster 3,0.15536453298419728,0.16492295221544678,0.009558419231249504
1,1970,CG43_1,CG43,522500.0588031039,6117499.7926761545,Cluster 1,0.14701979638965013,0.15251635928368523,0.005496562894035106
1,1970,CG44_1,CG44,522500.0640044093,6122499.869828019,Cluster 3,0.08783062729801326,0.1706820023297084,0.08285137503169514
1,1970,CG45_1,CG45,522500.0623966084,6127499.872873877,Cluster 2,0.09850150628225145,0.12788375622212475,0.029382249939873303
1,1970,BD08_1,BD08,452499.9871680592,6292499.764766518,Cluster 1,0.23326194885831236,0.3135797317334011,0.08031778287508873
1,1970,CG46_1,CG46,522500.1171677176,6132499.802111141,Cluster 3,0.06031428092204981,0.1812217971547106,0.12090751623266079
1,1970,CG47_1,CG47,522500.100007084,6137499.879444241,Cluster 3,0.06806043981724014,0.17047662075238326,0.10241618093514313
1,1970,CG48_1,CG48,522500.0753009223,6142499.8826015685,Cluster 3,0.1024160647024704,0.26393290669343084,0.16151684199096045
1,1970,CG49_1,CG49,522500.10602128954,6147499.8118807655,Cluster 3,0.09163698823895725,0.16940399635143638,0.07776700811247914
1,1970,CG50_1,CG50,527500.1154138149,6102499.755272231,Cluster 3,0.11914578699705024,0.15254593737660513,0.03340015037955489
1,1970,CG51_1,CG51,527500.0883420453,6107499.766859397,Cluster 3,0.09789933682408893,0.2516952943654665,0.1537959575413776
1,1970,CG52_1,CG52,527500.1027918415,6112499.816082941,Cluster 2,0.1108860257087601,0.16294871688113707,0.05206269117237697
1,1970,CG53_1,CG53,527500.0953342962,6117499.791246452,Cluster 3,0.1281895434113576,0.19638843775975826,0.06819889434840065
1,1970,CG54_1,CG54,527500.065031351,6122499.803608584,Cluster 3,0.18937436599524046,0.2049412959050859,0.015566929909845428
1,1970,CG55_1,CG55,527500.0751332948,6127499.853540434,Cluster 2,0.1031467555290356,0.2289646293582924,0.1258178738292568
1,1970,CG56_1,CG56,527500.1258612206,6132499.829735632,Cluster 2,0.146381722278232,0.16400897729487351,0.017627255016641502
1,1970,CG57_1,CG57,527500.08933677,6137499.84266833,Cluster 3,0.13461504188052056,0.14408388541837422,0.009468843537853655
1,1970,CG58_1,CG58,527500.0920983198,6142499.893103182,Cluster 3,0.11912455961595934,0.2791031052119702,0.15997854559601082
1,1970,CG59_1,CG59,527500.0711528321,6147499.869337009,Cluster 3,0.07498763905753993,0.2266257974820915,0.15163815842455158
1,1970,CG60_1,CG60,532500.1232226893,6102499.762378928,Cluster 2,0.1747840735453847,0.20103324314090001,0.02624916959551532
1,1970,CG61_1,CG61,532500.1073029817,6107499.829724232,Cluster 3,0.11215819102859219,0.2080398139242879,0.0958816228956957
1,1970,CG62_1,CG62,532500.1180077677,6112499.823483339,Cluster 2,0.15569756293417475,0.16358669545300997,0.007889132518835218
1,1970,CG63_1,CG63,532500.0904061167,6117499.8544495115,Cluster 2,0.11461422248576901,0.19084846066734912,0.07623423818158011
1,1970,CG64_1,CG64,532500.0886268184,6122499.8117822,Cluster 3,0.1590611938428853,0.16676969244042616,0.007708498597540858
1,1970,CG65_1,CG65,532500.1113832879,6127499.806740552,Cluster 3,0.1042646122444539,0.14914524874468135,0.04488063650022746
1,1970,BD10_1,BD10,457500.0642796085,6252499.626853711,Cluster 1,0.15410647217881396,0.22850607603877351,0.07439960385995956
1,1970,CG66_1,CG66,532500.094766791,6132499.8388373265,Cluster 3,0.11198071154994366,0.12407307698438076,0.012092365434437105
1,1970,CG67_1,CG67,532500.1018768129,6137499.908515113,Cluster 3,0.06479022167688028,0.1919979527623068,0.12720773108542652
1,1970,CG68_1,CG68,532500.0697665747,6142499.904000014,Cluster 3,0.11249296260464445,0.18825823040633508,0.07576526780169063
1,1970,CG69_1,CG69,532500.0613956221,6147499.825732477,Cluster 3,0.0998523666048328,0.2607267077647662,0.16087434115993338
1,1970,CG73_1,CG73,537500.1241257496,6117499.871302983,Cluster 3,0.14901947673912427,0.15126380585467677,0.0022443291155525014
1,1970,CG74_1,CG74,537500.0867475496,6122499.893791251,Cluster 1,0.18884420353814735,0.21067789051867067,0.02183368698052332
1,1970,CG75_1,CG75,537500.1226220047,6127499.843201579,Cluster 3,0.12708469506841588,0.1415016563448207,0.014416961276404822
1,1970,CG77_1,CG77,537500.0917174451,6137499.853859212,Cluster 3,0.11818477180789118,0.24940647246380218,0.131221700655911
1,1970,BD11_1,BD11,457500.0342458584,6257499.62756949,Cluster 2,0.1349981502496727,0.1410553509353542,0.006057200685681496
1,1970,CG78_1,CG78,537500.0875472084,6142499.915597486,Cluster 3,0.12159309853444929,0.15452095712508185,0.03292785859063256
1,1970,CG79_1,CG79,537500.0911996434,6147499.90362536,Cluster 3,0.08582470822587811,0.2170712901472223,0.1312465819213442
1,1970,CG80_1,CG80,542500.137730461,6102499.88626088,Cluster 1,0.22444074424689345,0.299475868288085,0.07503512404119153
1,1970,CG83_1,CG83,542500.0850949779,6117499.84060306,Cluster 1,0.19527737836718742,0.25529102176999996,0.06001364340281254
1,1970,CG84_1,CG84,542500.1406307713,6122499.827476624,Cluster 1,0.16505487726232138,0.24888879320275673,0.08383391594043535
1,1970,CG85_1,CG85,542500.1254578183,6127499.851438005,Cluster 1,0.24530924603997534,0.2756965367490266,0.030387290709051273
1,1970,CG89_1,CG89,542500.0518607163,6147499.879240843,Cluster 3,0.11678871621487841,0.24184256890896375,0.12505385269408534
1,1970,CG90_1,CG90,547500.1127290743,6102499.8908402715,Cluster 1,0.24578762834770473,0.2667759657733286,0.020988337425623893
1,1970,BD12_1,BD12,457500.0261392312,6262499.665304576,Cluster 2,0.10998070822751299,0.1353287457867534,0.02534803755924042
1,1970,CG99_1,CG99,547500.0849558257,6147499.864848793,Cluster 1,0.16967208894976302,0.2298635984097125,0.06019150945994947
1,1970,CH06_1,CH06,502500.0846030401,6082499.8202431435,Cluster 1,0.13772803548771093,0.14760344967355032,0.009875414185839398
1,1970,CH07_1,CH07,502500.03314556536,6087499.76718363,Cluster 2,0.12757938557285423,0.13629760356401352,0.008718217991159294
1,1970,CH08_1,CH08,502500.0383282386,6092499.7513073785,Cluster 2,0.14576970436308903,0.15536280111511305,0.009593096752024022
1,1970,CH09_1,CH09,502500.03600017546,6097499.772559454,Cluster 2,0.12878688952238052,0.15964856724050358,0.030861677718123065
1,1970,CH16_1,CH16,507500.0696210863,6082499.827605381,Cluster 3,0.13078680198125917,0.21655815872368,0.08577135674242084
1,1970,CH17_1,CH17,507500.0911446664,6087499.783676402,Cluster 3,0.14174306763876102,0.14851473527676506,0.0067716676380040475
1,1970,BD13_1,BD13,457500.03933642176,6267499.628727978,Cluster 1,0.07130578659249717,0.1570766944267035,0.08577090783420632
1,1970,CH18_1,CH18,507500.02561870846,6092499.77677686,Cluster 2,0.1210702524903543,0.15232760380617094,0.03125735131581664
1,1970,CH19_1,CH19,507500.06504692393,6097499.807203647,Cluster 2,0.1732869796305148,0.1769681412461743,0.0036811616156595117
1,1970,CH26_1,CH26,512500.0775220187,6082499.835343886,Cluster 3,0.1447269866362746,0.22128964546020324,0.07656265882392865
1,1970,CH27_1,CH27,512500.0438897538,6087499.809582861,Cluster 3,0.14565014905580184,0.24998738651199917,0.10433723745619733
1,1970,CH28_1,CH28,512500.0358227975,6092499.82110677,Cluster 1,0.20832666996888424,0.24643688105197104,0.03811021108308679
1,1970,CH29_1,CH29,512500.0533982747,6097499.758615106,Cluster 2,0.13920595705774297,0.21179384563185547,0.0725878885741125
1,1970,CH34_1,CH34,517500.0764450698,6072499.728976444,Cluster 1,0.19955251998548057,0.2039984933207915,0.004445973335310938
1,1970,CH35_1,CH35,517500.094920755,6077499.767569357,Cluster 2,0.16305355609720512,0.19487418762077355,0.03182063152356843
1,1970,CH36_1,CH36,517500.0596092466,6082499.843271963,Cluster 3,0.13704877897319592,0.1875677909769535,0.05051901200375758
1,1970,CH37_1,CH37,517500.0990708113,6087499.845282487,Cluster 3,0.15315972557379218,0.22740965533562782,0.07424992976183564
1,1970,CH38_1,CH38,517500.08484500466,6092499.773080584,Cluster 2,0.14341751053629065,0.18269154767695447,0.039274037140663826
1,1970,CH39_1,CH39,517500.08040979074,6097499.738171189,Cluster 2,0.12799907821616582,0.20774146760999232,0.0797423893938265
1,1970,CH45_1,CH45,522500.10633223125,6077499.739130003,Cluster 2,0.1491983737804776,0.16162446984899453,0.01242609606851694
1,1970,CH46_1,CH46,522500.095481355,6082499.851588371,Cluster 3,0.14879881969492245,0.21995889920877426,0.07116007951385181
1,1970,CH47_1,CH47,522500.08047616767,6087499.778844974,Cluster 2,0.11629245563040354,0.200072876712582,0.08378042108217847
1,1970,CH48_1,CH48,522500.0599631547,6092499.743431038,Cluster 3,0.08484609431995031,0.16932250896879789,0.08447641464884757
1,1970,CH49_1,CH49,522500.097630216,6097499.74564588,Cluster 2,0.15461734579945252,0.20676083172260679,0.052143485923154265
1,1970,CH55_1,CH55,527500.1220357711,6077499.812824085,Cluster 3,0.14133863757345871,0.2729088066031296,0.1315701690296709
1,1970,CH56_1,CH56,527500.1371200755,6082499.748749458,Cluster 3,0.1362857486740643,0.2847344524041283,0.14844870373006402
1,1970,CH57_1,CH57,527500.06665524,6087499.8329139035,Cluster 3,0.09058139023584924,0.2048685763783636,0.11428718614251435
1,1970,CH58_1,CH58,527500.1039774861,6092499.843916504,Cluster 3,0.20435493667377685,0.24266947003990355,0.038314533366126696
1,1970,CH59_1,CH59,527500.0566075259,6097499.78055875,Cluster 3,0.1220918548939374,0.17920673883525814,0.05711488394132075
1,1970,CH65_1,CH65,532500.1587029257,6077499.766040378,Cluster 2,0.17575635055830524,0.23396727633935366,0.05821092578104842
1,1970,CH66_1,CH66,532500.1337911482,6082499.8680635905,Cluster 3,0.14668368858951883,0.21955748200581346,0.07287379341629463
1,1970,CH67_1,CH67,532500.1383813849,6087499.785338982,Cluster 3,0.11457002350655035,0.22927518929118948,0.11470516578463913
1,1970,CH68_1,CH68,532500.1055866433,6092499.851210683,Cluster 3,0.118482975584219,0.1264452204461761,0.007962244861957096
1,1970,CH69_1,CH69,532500.1006905059,6097499.843565278,Cluster 2,0.2023739967284233,0.2827199070613553,0.08034591033293201
1,1970,CH76_1,CH76,537500.1671288088,6082499.875993361,Cluster 3,0.20521008713225905,0.20689716937036387,0.00168708223810482
1,1970,CH77_1,CH77,537500.117400458,6087499.857259013,Cluster 3,0.19378752153647139,0.3308461980903584,0.13705867655388704
1,1970,BD17_1,BD17,457500.0192793853,6287499.743606095,Cluster 1,0.22205250983315322,0.31008581400999585,0.08803330417684263
1,1970,CH78_1,CH78,537500.0797039657,6092499.876351775,Cluster 3,0.14349170204421655,0.1594845659151779,0.015992863870961355
1,1970,CH79_1,CH79,537500.1184237195,6097499.822506665,Cluster 2,0.19063655463810714,0.25144171766373513,0.060805163025627995
1,1970,CH86_1,CH86,542500.1236062861,6082499.882608107,Cluster 3,0.11533378879454186,0.22525060599535063,0.10991681720080877
1,1970,CH87_1,CH87,542500.149057873,6087499.82690813,Cluster 2,0.1584473325025511,0.17471574700667697,0.01626841450412586
1,1970,CH88_1,CH88,542500.106858969,6092499.808460251,Cluster 3,0.11923721166625185,0.1772137968713936,0.05797658520514175
1,1970,CH89_1,CH89,542500.1246051298,6097499.828453947,Cluster 1,0.19810843547345192,0.23047720834658111,0.0323687728731292
1,1970,CH95_1,CH95,547500.1578898588,6077499.78884103,Cluster 3,0.1365417931062563,0.2555182264015813,0.11897643329532498
1,1970,CH96_1,CH96,547500.1469696249,6082499.888868037,Cluster 3,0.15506510230944556,0.2650070625140125,0.10994196020456695
1,1970,CH97_1,CH97,547500.118677858,6087499.915520176,Cluster 3,0.12063376629852024,0.23973788179356278,0.11910411549504255
1,1970,BD18_1,BD18,457500.0290933364,6292499.781524262,Cluster 1,0.22214157171473264,0.22844791543680354,0.006306343722070895
1,1970,CH98_1,CH98,547500.1365322527,6092499.869449572,Cluster 3,0.16514594548264788,0.18141598231677666,0.01627003683412878
1,1970,CH99_1,CH99,547500.1347144407,6097499.861230696,Cluster 2,0.16329743455569715,0.2105614645676109,0.04726403001191376
1,1970,DB00_1,DB00,552499.6775389926,6352499.672118262,Cluster 2,0.11060819842558738,0.15706588592690293,0.046457687501315556
1,1970,DB01_1,DB01,552499.6678686532,6357499.717959825,Cluster 1,0.09949612293902516,0.11434923345205011,0.014853110513024959
1,1970,DB02_1,DB02,552499.6512258302,6362499.689666688,Cluster 2,0.256521546464408,0.2830491731463759,0.026527626681967897
1,1970,DB03_1,DB03,552499.6240161804,6367499.80984399,Cluster 2,0.10513959598601737,0.1169369509829592,0.01179735499694183
1,1970,DB04_1,DB04,552499.6497318089,6372499.74527787,Cluster 2,0.39643976129495945,0.4150902578061203,0.018650496511160852
1,1970,DB05_1,DB05,552499.6646834601,6377499.717803373,Cluster 1,0.18803427793170743,0.21756922602309486,0.02953494809138743
1,1970,DC07_1,DC07,552499.6635607927,6337499.75798567,Cluster 3,0.13756236375647496,0.2558934171331749,0.11833105337669997
1,1970,DC08_1,DC08,552499.6732267597,6342499.8034165995,Cluster 3,0.1292091695246824,0.2481032599709943,0.11889409044631191
2,1990,AD90_2,AD90,447500.0709493527,6252499.57832838,Cluster 1,0.254198248387112,0.4063308263513399,0.15213257796422786
2,1990,AD92_2,AD92,447500.02377636905,6262499.551973275,Cluster 1,0.21780668458859961,0.2587999093847253,0.04099322479612569
2,1990,AD93_2,AD93,447499.9924736935,6267499.595406948,Cluster 1,0.16226182907163444,0.23835445769907657,0.07609262862744212
2,1990,AD94_2,AD94,447499.9570043505,6272499.676545255,Cluster 1,0.15816111986368558,0.26730481594445754,0.10914369608077196
2,1990,AD95_2,AD95,447499.9167107371,6277499.684056323,Cluster 1,0.18174496453260935,0.2553625704881145,0.07361760595550515
2,1990,AE93_2,AE93,447500.1701742312,6217499.746982312,Cluster 1,0.1518372849403725,0.25898279551560854,0.10714551057523605
2,1990,AE94_2,AE94,447500.1510277113,6222499.78450804,Cluster 1,0.12906249019962704,0.2449244582542135,0.11586196805458646
2,1990,AE95_2,AE95,447500.1819872547,6227499.747924402,Cluster 1,0.2782447451842187,0.4056869077578239,0.1274421625736052
2,1990,AE96_2,AE96,447500.139576756,6232499.638727918,Cluster 1,0.22328443102847753,0.35232343942984046,0.12903900840136293
2,1990,AE97_2,AE97,447500.1513174165,6237499.67796077,Cluster 2,0.17471245144054529,0.19313629999466791,0.01842384855412263
2,1990,AE98_2,AE98,447500.15313399426,6242499.6437634,Cluster 1,0.21508129829564163,0.21789846316737754,0.0028171648717359166
2,1990,AF81_2,AF81,442500.1384771916,6157499.787446427,Cluster 1,0.15778543800665046,0.26088150451166353,0.10309606650501307
2,1990,AF82_2,AF82,442500.15165183047,6162499.8084204225,Cluster 1,0.2482630958990626,0.2646961282230316,0.016433032323969032
2,1990,AF91_2,AF91,447500.16279772675,6157499.807246089,Cluster 3,0.1950353974784854,0.2139709707164721,0.018935573237986697
2,1990,AF92_2,AF92,447500.2057250942,6162499.834014087,Cluster 3,0.20065786789031387,0.21675014076594826,0.01609227287563439
2,1990,AF93_2,AF93,447500.1653840631,6167499.788514787,Cluster 3,0.18621009974284322,0.22637288717493415,0.040162787432090924
2,1990,AF94_2,AF94,447500.1697669054,6172499.780493908,Cluster 3,0.15383247704256386,0.21302102746069526,0.0591885504181314
2,1990,AF95_2,AF95,447500.15525057766,6177499.699395254,Cluster 1,0.1702529356392959,0.18163017200745446,0.011377236368158572
2,1990,AF97_2,AF97,447500.1390822072,6187499.650967309,Cluster 1,0.20508768601103078,0.33340110414423413,0.12831341813320335
2,1990,AF98_2,AF98,447500.13873657817,6192499.683587027,Cluster 1,0.193347660806665,0.32278500598400606,0.12943734517734107
2,1990,AF99_2,AF99,447500.1235891788,6197499.754315107,Cluster 1,0.27681556617124514,0.42614697036366245,0.1493314041924173
2,1990,BC20_2,BC20,462500.0832758646,6302499.782276433,Cluster 3,0.16369199593870687,0.1677420177770021,0.004050021838295226
2,1990,BC21_2,BC21,462500.08463837503,6307499.738256342,Cluster 3,0.21475867371632387,0.22339712979054946,0.008638456074225587
2,1990,BC22_2,BC22,462500.0351017802,6312499.731527806,Cluster 3,0.18947784995920003,0.2569666983654928,0.06748884840629277
2,1990,BC30_2,BC30,467500.03225555073,6302499.688678854,Cluster 1,0.12384844808948513,0.20802291642296422,0.0841744683334791
2,1990,BC31_2,BC31,467500.0700814336,6307499.683991895,Cluster 1,0.150485876132292,0.17567226574157963,0.025186389609287624
2,1990,BC32_2,BC32,467500.03942602925,6312499.716500132,Cluster 3,0.14966344249146488,0.23312956062835222,0.08346611813688734
2,1990,BC33_2,BC33,467500.06162332307,6317499.67391025,Cluster 3,0.16572184597016268,0.23060136589983393,0.06487951992967125
2,1990,BC34_2,BC34,467500.01645873167,6322499.668462578,Cluster 2,0.1600938522577784,0.1784863375875527,0.018392485329774305
2,1990,BC41_2,BC41,472500.0641984955,6307499.732148187,Cluster 2,0.13826853545956297,0.17577131079389116,0.03750277533432819
2,1990,BC42_2,BC42,472500.0511915451,6312499.702867677,Cluster 3,0.09760219450862771,0.1763445348011736,0.07874234029254588
2,1990,BC43_2,BC43,472500.07431792136,6317499.709834675,Cluster 2,0.26164133639562215,0.32471600383673016,0.06307466744110801
2,1990,BC44_2,BC44,472500.07316175365,6322499.753427244,Cluster 3,0.18867741148609793,0.20503397273901147,0.016356561252913543
2,1990,BC45_2,BC45,472500.047461368,6327499.722303724,Cluster 1,0.43646573292200846,0.4614970058908956,0.02503127296888713
2,1990,BC50_2,BC50,477500.03517784266,6302499.666388486,Cluster 1,0.11876485057807687,0.1626372245435852,0.04387237396550833
2,1990,BC51_2,BC51,477500.0219923793,6307499.660629535,Cluster 2,0.23215378004624726,0.24411477147990815,0.011960991433660889
2,1990,BC52_2,BC52,477500.0270955203,6312499.691159323,Cluster 2,0.1183799236245126,0.1972237595202393,0.07884383589572669
2,1990,BC53_2,BC53,477500.050134716,6317499.646637439,Cluster 2,0.28449560550624053,0.3258517742947764,0.041356168788535874
2,1990,BC54_2,BC54,477500.091967421,6322499.63835183,Cluster 3,0.17205531621337333,0.23749934307576476,0.06544402686239142
2,1990,BC55_2,BC55,477500.0922437846,6327499.666607962,Cluster 3,0.2174618485776264,0.22743580803772592,0.009973959460099519
2,1990,BC60_2,BC60,482500.0626082632,6302499.738540966,Cluster 1,0.13624660482901188,0.15164333965369023,0.015396734824678349
2,1990,BC62_2,BC62,482500.04548227973,6312499.681136523,Cluster 2,0.29198146668468106,0.3134566056232965,0.021475138938615468
2,1990,BC63_2,BC63,482500.06870340253,6317499.706708531,Cluster 2,0.2918423151259402,0.31380753462097444,0.021965219495034216
2,1990,BC64_2,BC64,482500.09264614136,6322499.657199486,Cluster 3,0.12978070971879155,0.17062591433502822,0.04084520461623667
2,1990,BC65_2,BC65,482500.0574243303,6327499.644156614,Cluster 1,0.15473055559292662,0.16483032388330932,0.010099768290382699
2,1990,BC70_2,BC70,487500.0281488765,6302499.681272506,Cluster 1,0.16496532086317586,0.18679750063647219,0.021832179773296323
2,1990,BC71_2,BC71,487500.0237248111,6307499.714883644,Cluster 2,0.14396684583701086,0.18578062113453234,0.04181377529752148
2,1990,BC72_2,BC72,487500.06305016344,6312499.673261789,Cluster 1,0.1255815947340098,0.16453434065956177,0.03895274592555198
2,1990,BC73_2,BC73,487500.0249803983,6317499.668063927,Cluster 1,0.15763708493537595,0.27783900476219064,0.12020191982681469
2,1990,BC74_2,BC74,487500.03132666176,6322499.698896714,Cluster 2,0.25323291150666855,0.26322582275955714,0.009992911252888592
2,1990,BC75_2,BC75,487500.08176904864,6327499.654417714,Cluster 1,0.19657095017509216,0.22765008894011113,0.03107913876501897
2,1990,BC81_2,BC81,492500.041047909,6307499.729905474,Cluster 1,0.12185843782250746,0.18857155474801632,0.06671311692550885
2,1990,BC82_2,BC82,492500.0364982955,6312499.667744995,Cluster 1,0.14473152918228,0.18201804591643203,0.037286516734152036
2,1990,BC83_2,BC83,492499.997856006,6317499.641786334,Cluster 3,0.25526495068288024,0.27484917020322647,0.019584219520346224
2,1990,BC84_2,BC84,492500.0467049848,6322499.651782474,Cluster 3,0.21771913639442883,0.27510283168596583,0.057383695291537
2,1990,BC85_2,BC85,492500.0614262203,6327499.586613408,Cluster 1,0.21813017918580724,0.22033487031175994,0.0022046911259527013
2,1990,BC93_2,BC93,497500.0048648076,6317499.628014286,Cluster 1,0.14719325601966193,0.25096191252051564,0.1037686565008537
2,1990,BC94_2,BC94,497500.0354478817,6322499.62760691,Cluster 3,0.21490637002807858,0.3111328778529369,0.09622650782485834
2,1990,BC95_2,BC95,497500.0144291096,6327499.551978993,Cluster 3,0.17632824256614896,0.2015389639367941,0.025210721370645145
2,1990,BC96_2,BC96,497500.0027015511,6332499.623702109,Cluster 3,0.18012186736509903,0.19801116550365877,0.017889298138559745
2,1990,BD00_2,BD00,452500.055170292,6252499.551853021,Cluster 1,0.12795189640059496,0.24361145359664121,0.11565955719604626
2,1990,BD02_2,BD02,452500.0451360465,6262499.658862274,Cluster 1,0.15333034369738502,0.17110761709923897,0.01777727340185395
2,1990,BD03_2,BD03,452500.0049122799,6267499.601946497,Cluster 1,0.12960143185299425,0.1962664573386355,0.06666502548564127
2,1990,BD04_2,BD04,452500.0060987118,6272499.69329495,Cluster 1,0.14885641660152354,0.21139439704937263,0.06253798044784908
2,1990,BD05_2,BD05,452499.9853557811,6277499.71096541,Cluster 1,0.15175774579981283,0.22992558683211034,0.07816784103229751
2,1990,BD06_2,BD06,452500.00592764583,6282499.765541134,Cluster 1,0.20620909057365575,0.3391595567672142,0.13295046619355846
2,1990,BD07_2,BD07,452500.0058695333,6287499.746381921,Cluster 1,0.31813300804179373,0.4412425155116766,0.12310950746988286
2,1990,BD08_2,BD08,452499.9871680592,6292499.764766518,Cluster 1,0.2404754551317223,0.33840093181534686,0.09792547668362456
2,1990,BD10_2,BD10,457500.0642796085,6252499.626853711,Cluster 1,0.1393239622463034,0.14466964290441262,0.005345680658109225
2,1990,BD11_2,BD11,457500.0342458584,6257499.62756949,Cluster 3,0.15232889272839922,0.17990898146633494,0.027580088737935715
2,1990,BD12_2,BD12,457500.0261392312,6262499.665304576,Cluster 2,0.13234283149329065,0.18335490965969398,0.051012078166403324
2,1990,BD13_2,BD13,457500.03933642176,6267499.628727978,Cluster 3,0.14790855064116415,0.18510186054047953,0.03719330989931538
2,1990,BD17_2,BD17,457500.0192793853,6287499.743606095,Cluster 1,0.29900609891936397,0.3399897220843536,0.0409836231649896
2,1990,BD18_2,BD18,457500.0290933364,6292499.781524262,Cluster 1,0.15929351409552836,0.3064021723208458,0.14710865822531746
2,1990,BD19_2,BD19,457500.063487968,6297499.744964002,Cluster 1,0.15478560019400403,0.24881200753551075,0.09402640734150672
2,1990,BD21_2,BD21,462500.04652625887,6257499.613366459,Cluster 3,0.1777774946882066,0.2070828339900967,0.029305339301890082
2,1990,BD22_2,BD22,462500.04672205047,6262499.682150681,Cluster 2,0.14130690810869975,0.1650364658482555,0.023729557739555734
2,1990,BD23_2,BD23,462500.05127489346,6267499.676611281,Cluster 1,0.137735741057224,0.1765680454499733,0.03883230439274929
2,1990,BD26_2,BD26,462500.0396707308,6282499.770858137,Cluster 1,0.2452930546053354,0.3832967090535461,0.13800365444821072
2,1990,BD27_2,BD27,462500.0084153306,6287499.80222181,Cluster 2,0.13933817846526275,0.1518521606080167,0.012513982142753954
2,1990,BD28_2,BD28,462500.04522956035,6292499.758577253,Cluster 2,0.19368944938640462,0.21251971993707128,0.01883027055066666
2,1990,BD30_2,BD30,467500.09666782786,6252499.638327593,Cluster 2,0.10584906673535165,0.1726257855942218,0.06677671885887014
2,1990,BD31_2,BD31,467500.0543298067,6257499.600372754,Cluster 2,0.1627106416256415,0.1783475223677948,0.015636880742153303
2,1990,BD32_2,BD32,467500.0623294639,6262499.710226541,Cluster 3,0.11465092685844541,0.17305239028413788,0.05840146342569247
2,1990,BD33_2,BD33,467500.0568793725,6267499.634422292,Cluster 1,0.1204326414142774,0.1423071981619383,0.021874556747660895
2,1990,BD35_2,BD35,467500.0749060298,6277499.704398919,Cluster 1,0.1484772853570289,0.20204577600792362,0.05356849065089472
2,1990,BD36_2,BD36,467500.0370856172,6282499.739297631,Cluster 1,0.13954813735215116,0.17215190816577813,0.032603770813626975
2,1990,BD37_2,BD37,467500.0506595336,6287499.810571126,Cluster 1,0.11408105553619644,0.200879705955585,0.08679865041938856
2,1990,BD38_2,BD38,467500.0539126969,6292499.807359152,Cluster 1,0.1567715198371947,0.25632051334971934,0.09954899351252464
2,1990,BD39_2,BD39,467500.0473273079,6297499.729633846,Cluster 3,0.18117064466221855,0.19395314636795408,0.012782501705735527
2,1990,BD40_2,BD40,472500.0931846446,6252499.686959085,Cluster 2,0.12292006688085334,0.1932651059022761,0.07034503902142276
2,1990,BD41_2,BD41,472500.0753691514,6257499.700065501,Cluster 2,0.11822877433659996,0.1467861777489557,0.028557403412355728
2,1990,BD42_2,BD42,472500.0892348051,6262499.638397401,Cluster 3,0.13745744784827824,0.2702986822697463,0.13284123442146806
2,1990,BD43_2,BD43,472500.0750117887,6267499.724942416,Cluster 3,0.15060325863295843,0.15694488527012657,0.006341626637168141
2,1990,BD44_2,BD44,472500.09313145553,6272499.736661749,Cluster 1,0.1712826796066856,0.19448380982744662,0.023201130220761007
2,1990,BD45_2,BD45,472500.082515051,6277499.673930096,Cluster 3,0.13013449503301439,0.1921909307054888,0.0620564356724744
2,1990,BD46_2,BD46,472500.0450996152,6282499.759338391,Cluster 1,0.14052681975276432,0.22841274123301225,0.08788592148024793
2,1990,BD47_2,BD47,472500.0410912281,6287499.769842108,Cluster 1,0.1742461382904842,0.2876516290858203,0.11340549079533613
2,1990,BD48_2,BD48,472500.0707461879,6292499.705413405,Cluster 1,0.2342636984953751,0.3322775042947937,0.0980138057994186
2,1990,BD49_2,BD49,472500.07474827545,6297499.789050161,Cluster 1,0.12295018878902714,0.1887683006883618,0.06581811189933467
2,1990,BD50_2,BD50,477500.11881933274,6252499.615843311,Cluster 2,0.12154832514669182,0.20032517550418777,0.078776850357495945
2,1990,BD51_2,BD51,477500.0634254692,6257499.690373675,Cluster 3,0.10523499024999922,0.1541383302542633,0.04890334000426408
2,1990,BD55_2,BD55,477500.05691394093,6277499.685499792,Cluster 1,0.14416916026818125,0.2623058284620299,0.11813666819384863
2,1990,BD56_2,BD56,477500.0801616678,6282499.719876353,Cluster 1,0.1361413546143893,0.26113604154846065,0.12499468693407134
2,1990,BD57_2,BD57,477500.05835724296,6287499.679689139,Cluster 1,0.18080180353538228,0.26091271848365943,0.08011091494827716
2,1990,BD58_2,BD58,477500.0542861005,6292499.787203539,Cluster 3,0.12483989776881273,0.14348022079462605,0.018640323025813324
2,1990,BD59_2,BD59,477500.06639862224,6297499.708461465,Cluster 1,0.1477185007137288,0.21023190502653477,0.06251340431280597
2,1990,BD60_2,BD60,482500.0684686676,6252499.64834874,Cluster 3,0.09877709960769236,0.15011990968966515,0.05134281008197279
2,1990,BD61_2,BD61,482500.09796961857,6257499.682375004,Cluster 3,0.1223759662602437,0.220051430625851,0.0976754643656073
2,1990,BD64_2,BD64,482500.05279373936,6272499.67016245,Cluster 1,0.1200498622914442,0.18963172787332125,0.06958186558187705
2,1990,BD66_2,BD66,482500.0376611929,6282499.732977217,Cluster 1,0.12133084459182142,0.14959155956981107,0.028260714977989654
2,1990,BD67_2,BD67,482500.0596615541,6287499.763232267,Cluster 1,0.13440967861037031,0.1407756279239075,0.006365949313537178
2,1990,BD68_2,BD68,482500.0198024417,6292499.718820099,Cluster 3,0.12379412941652167,0.13148704423591528,0.0076929148193936175
2,1990,BD69_2,BD69,482500.0410989809,6297499.710512316,Cluster 1,0.14762879552446112,0.19382361103330223,0.04619481550884111
2,1990,BD70_2,BD70,487500.0817826781,6252499.672654292,Cluster 3,0.10178810083589485,0.17157403115406963,0.06978593031817479
2,1990,BD71_2,BD71,487500.07274000347,6257499.676720983,Cluster 3,0.10752727777146412,0.13822602627573558,0.030698748504271456
2,1990,BD72_2,BD72,487500.1065785421,6262499.717117674,Cluster 3,0.13480920221448972,0.19027794516024424,0.05546874294575452
2,1990,BD73_2,BD73,487500.0600253826,6267499.6828794535,Cluster 3,0.21861398267447515,0.3096700280977922,0.09105604542331705
2,1990,BD74_2,BD74,487500.05668077216,6272499.684921809,Cluster 1,0.14075598072219317,0.19284489147684108,0.052088910754647916
2,1990,BD75_2,BD75,487500.09656343656,6277499.723220508,Cluster 1,0.13466881712803463,0.2004633772311612,0.06579456010312656
2,1990,BD76_2,BD76,487500.056836057,6282499.686808519,Cluster 1,0.15007758236321408,0.1629003487203751,0.012822766357161008
2,1990,BD77_2,BD77,487500.0606638972,6287499.686602905,Cluster 3,0.13387156657989033,0.21538070531608364,0.08150913873619331
2,1990,BD78_2,BD78,487500.04695056047,6292499.722763024,Cluster 1,0.14272690944448846,0.15773878705336053,0.01501187760887207
2,1990,BD80_2,BD80,492500.052342845,6252499.689303762,Cluster 3,0.10953761435330385,0.15695104135684337,0.047413427003539524
2,1990,BD81_2,BD81,492500.0663517555,6257499.67318747,Cluster 3,0.10897747160276024,0.2033330763407584,0.09435560473799816
2,1990,BD82_2,BD82,492500.0446139241,6262499.693544938,Cluster 3,0.17928643277131895,0.2770803090800278,0.09779387630870884
2,1990,BD83_2,BD83,492500.0486383725,6267499.638934148,Cluster 3,0.1546484451671699,0.25974749987974755,0.10509905471257763
2,1990,BD85_2,BD85,492500.0734845984,6277499.750050906,Cluster 2,0.11998023139813364,0.15781059445502846,0.037830363056894814
2,1990,BD86_2,BD86,492500.0328117953,6282499.693222406,Cluster 1,0.13948313815001304,0.16300113816031322,0.02351800001030019
2,1990,BD87_2,BD87,492500.0796249006,6287499.672523582,Cluster 1,0.15285924993974903,0.17898337902512512,0.02612412908537609
2,1990,BD88_2,BD88,492500.0303709486,6292499.688262614,Cluster 3,0.16874697253261192,0.1745600904140456,0.005813117881433683
2,1990,BD89_2,BD89,492500.00758350815,6297499.740193662,Cluster 1,0.1272864296343972,0.18637597344033421,0.059089543805937006
2,1990,BD90_2,BD90,497500.0588251114,6252499.698183741,Cluster 2,0.11813162634847105,0.12387942402922797,0.005747797680756922
2,1990,BD91_2,BD91,497500.03416951664,6257499.671954378,Cluster 3,0.13309925552924207,0.14223902141072844,0.009139765881486378
2,1990,BD92_2,BD92,497500.0799421015,6262499.6820673505,Cluster 1,0.16206359371697318,0.1738901267096201,0.01182653299264691
2,1990,BD93_2,BD93,497500.07296910265,6267499.728574473,Cluster 2,0.12972076177432293,0.1739599397095244,0.04423917793520146
2,1990,BD94_2,BD94,497500.0748110663,6272499.700105536,Cluster 2,0.3015051330623204,0.3261989740370696,0.024693840974749193
2,1990,BD95_2,BD95,497500.02420617704,6277499.707981611,Cluster 2,0.16582403348346397,0.1749042876208913,0.00908025413742733
2,1990,BD97_2,BD97,497500.0724178304,6287499.721172826,Cluster 2,0.14505652789086654,0.20065873812184362,0.055602210230977084
2,1990,BD98_2,BD98,497500.0487199059,6292499.726513864,Cluster 1,0.15012707321753851,0.24731635204223573,0.09718927882469722
2,1990,BE03_2,BE03,452500.11633685895,6217499.746191076,Cluster 3,0.14591165074013424,0.1742831673411147,0.028371516600980473
2,1990,BE04_2,BE04,452500.11632998136,6222499.685172294,Cluster 1,0.17756768826341876,0.19962687514348515,0.02205918688006639
2,1990,BE05_2,BE05,452500.15106356906,6227499.661355034,Cluster 1,0.16114677228899688,0.22724206428995317,0.06609529200095629
2,1990,BE06_2,BE06,452500.1590520394,6232499.675403499,Cluster 3,0.19734517973627302,0.2095883379494645,0.012243158213191468
2,1990,BE07_2,BE07,452500.1397759422,6237499.615993101,Cluster 3,0.19881398871445244,0.2263046747640528,0.027490686049600366
2,1990,BE08_2,BE08,452500.095196037,6242499.594395928,Cluster 1,0.22911963667519156,0.2365346754447162,0.007415038769524651
2,1990,BE09_2,BE09,452500.0878081365,6247499.609894695,Cluster 1,0.10772730750180869,0.16904965462147006,0.06132234711966138
2,1990,BE11_2,BE11,457500.10127285187,6207499.743524788,Cluster 1,0.18914759178188453,0.2557421374328037,0.06659454565091918
2,1990,BE12_2,BE12,457500.1500305779,6212499.741318243,Cluster 3,0.1629884576584269,0.17595945724602308,0.012970999587596177
2,1990,BE13_2,BE13,457500.15345753945,6217499.776981724,Cluster 3,0.14095241159885066,0.15005844478653713,0.009106033187686463
2,1990,BE14_2,BE14,457500.1111617552,6222499.739193365,Cluster 3,0.11247653534604835,0.1544535996143978,0.04197706426834946
2,1990,BE15_2,BE15,457500.1490842873,6227499.737989361,Cluster 2,0.12906182800670812,0.13641645649351944,0.007354628486811315
2,1990,BE16_2,BE16,457500.14241573645,6232499.663280108,Cluster 3,0.1478697469311819,0.178607770141328,0.030738023210146098
2,1990,BE17_2,BE17,457500.0929771521,6237499.626338543,Cluster 3,0.13043040603869016,0.20899706987219557,0.07856666383350541
2,1990,BE18_2,BE18,457500.12517345103,6242499.625902592,Cluster 1,0.23145047682176184,0.2568311189790021,0.025380642157240285
2,1990,BE19_2,BE19,457500.1157411464,6247499.663183419,Cluster 2,0.147052357769357,0.1653684765115206,0.0183161187421636
2,1990,BE20_2,BE20,462500.11838367645,6202499.747712504,Cluster 1,0.13415552685456866,0.1532658599424075,0.019110333087838827
2,1990,BE21_2,BE21,462500.0952010719,6207499.74191438,Cluster 2,0.12802957100349424,0.14166376339643508,0.013634192392940836
2,1990,BE22_2,BE22,462500.1342590039,6212499.772833126,Cluster 2,0.13029464258480614,0.14129285400659272,0.010998211421786586
2,1990,BE23_2,BE23,462500.11044103146,6217499.730235226,Cluster 2,0.12279793141843343,0.15733367086856556,0.034535739450132136
2,1990,BE24_2,BE24,462500.1496938069,6222499.724303068,Cluster 3,0.13739261782982198,0.18317799480057678,0.0457853769707548
2,1990,BE25_2,BE25,462500.1281655704,6227499.756101517,Cluster 2,0.18077082110074283,0.22869690038653168,0.04792607928578885
2,1990,BE26_2,BE26,462500.1075739042,6232499.713761374,Cluster 2,0.21659731374719762,0.27164112575266447,0.05504381200546685
2,1990,BE27_2,BE27,462500.0893851709,6237499.708556035,Cluster 2,0.21331283582442095,0.2544794347082305,0.041166598883809524
2,1990,BE30_2,BE30,467500.1073038048,6202499.828305079,Cluster 2,0.12278153043726306,0.1502739940768159,0.02749246363955285
2,1990,BE31_2,BE31,467500.0896561928,6207499.754043788,Cluster 2,0.142498500400567,0.16199996739500486,0.01950146699443786
2,1990,BE32_2,BE32,467500.1185248302,6212499.827834143,Cluster 2,0.1304564333377614,0.16878461074459533,0.03832817740683392
2,1990,BE33_2,BE33,467500.1294375103,6217499.716232078,Cluster 2,0.10682971850830954,0.1580094040947373,0.051179685586427756
2,1990,BE34_2,BE34,467500.1254063341,6222499.7531053685,Cluster 3,0.14507773405704882,0.17864661965701423,0.0335688855999654
2,1990,BE35_2,BE35,467500.1052226283,6227499.715833131,Cluster 2,0.153670226394226,0.17698092796357612,0.023310701569350112
2,1990,BE36_2,BE36,467500.1322030665,6232499.715216365,Cluster 2,0.20994887915970206,0.22303844762288058,0.01308956846317852
2,1990,BE37_2,BE37,467500.08192916744,6237499.640875189,Cluster 3,0.19812440028683662,0.22287226919528236,0.02474786890844574
2,1990,BE38_2,BE38,467500.0804897086,6242499.714440874,Cluster 2,0.1585179495569935,0.20280658783331382,0.04428863827632032
2,1990,BE39_2,BE39,467500.1255944229,6247499.601982121,Cluster 2,0.2321194571100768,0.2522025896922384,0.0200831325821616
2,1990,BE40_2,BE40,472500.1127389596,6202499.801765352,Cluster 2,0.13171901783050466,0.22215639214692182,0.09043737431641716
2,1990,BE41_2,BE41,472500.10111836577,6207499.780096917,Cluster 2,0.13811545919803622,0.1602782339127606,0.022162774714724387
2,1990,BE42_2,BE42,472500.118605587,6212499.79520641,Cluster 2,0.1308145139805748,0.18419394715828416,0.05337943317770935
2,1990,BE43_2,BE43,472500.102536274,6217499.736171087,Cluster 2,0.1290056335901901,0.2267241163381723,0.0977184827479822
2,1990,BE44_2,BE44,472500.11623195955,6222499.713864509,Cluster 2,0.13502083216912894,0.1655688475352333,0.030548015366104353
2,1990,BE45_2,BE45,472500.0978888087,6227499.728662689,Cluster 2,0.11866302944226469,0.17410740595487811,0.05544437651261343
2,1990,BE46_2,BE46,472500.10925229813,6232499.668840696,Cluster 2,0.16297563877009139,0.19430505061438513,0.03132941184429375
2,1990,BE47_2,BE47,472500.08938047354,6237499.6460741,Cluster 3,0.17416528225612443,0.17736809841870238,0.0032028161625779483
2,1990,BE48_2,BE48,472500.1005930916,6242499.6599383075,Cluster 2,0.1613934399431281,0.1892494925350431,0.02785605259191501
2,1990,BE49_2,BE49,472500.0806548547,6247499.599506401,Cluster 2,0.11985063206806049,0.19165688234162603,0.07180625027356555
2,1990,BE50_2,BE50,477500.0897044176,6202499.779935578,Cluster 2,0.1335854407598375,0.14400632754912032,0.010420886789282824
2,1990,BE51_2,BE51,477500.0837171829,6207499.820620244,Cluster 2,0.11066652152960718,0.16248905062033353,0.05182252909072635
2,1990,BE52_2,BE52,477500.0896873518,6212499.786792553,Cluster 2,0.11478980465087245,0.18700189445569787,0.07221208980482542
2,1990,BE53_2,BE53,477500.10844758886,6217499.789725573,Cluster 2,0.12139363745747772,0.16225544411090656,0.04086180665342884
2,1990,BE54_2,BE54,477500.0775276706,6222499.718423463,Cluster 2,0.14140670713958284,0.14817873655266434,0.006772029413081498
2,1990,BE55_2,BE55,477500.12210260506,6227499.683505938,Cluster 2,0.11942036778150109,0.18304611875800236,0.06362575097650128
2,1990,BE56_2,BE56,477500.11822783895,6232499.6856043795,Cluster 2,0.12691944595027635,0.18745389601284831,0.060534450062571965
2,1990,BE57_2,BE57,477500.12828789,6237499.724367468,Cluster 2,0.12786830628556725,0.20217570737281718,0.07430740108724992
2,1990,BE58_2,BE58,477500.09009941894,6242499.688796431,Cluster 3,0.10439214521283834,0.19787614194088618,0.09348399672804784
2,1990,BE59_2,BE59,477500.0664909273,6247499.689840795,Cluster 2,0.1651885326160524,0.17205152988956723,0.0068629972735148315
2,1990,BE60_2,BE60,482500.1170935474,6202499.762600222,Cluster 2,0.14876083137842414,0.19264314923708697,0.04388231785866284
2,1990,BE61_2,BE61,482500.11583061574,6207499.764099555,Cluster 2,0.13447787691503832,0.19491792376168393,0.06044004684664561
2,1990,BE62_2,BE62,482500.11054156657,6212499.802375257,Cluster 2,0.13881439232110782,0.14959468684973617,0.010780294528628359
2,1990,BE63_2,BE63,482500.1010131544,6217499.766104947,Cluster 3,0.1320594527244605,0.16233860187503474,0.030279149150574225
2,1990,BE64_2,BE64,482500.08794277866,6222499.766563116,Cluster 2,0.11519826457882619,0.19360402310938576,0.07840575853055957
2,1990,BE65_2,BE65,482500.0711159684,6227499.692425571,Cluster 2,0.12961985805469958,0.13543897479437342,0.005819116739673835
2,1990,BE66_2,BE66,482500.11322061473,6232499.654712963,Cluster 2,0.11984582009726948,0.14733175510751187,0.027485935010242393
2,1990,BE67_2,BE67,482500.0904503339,6237499.653912236,Cluster 2,0.15249645801509856,0.2305492923624613,0.07805283434736274
2,1990,BE68_2,BE68,482500.0651098611,6242499.689744695,Cluster 2,0.1265649610264419,0.1540442671340635,0.027479306107621587
2,1990,BE69_2,BE69,482500.0987530567,6247499.650626864,Cluster 3,0.10607910171608441,0.20379820150728917,0.09771909979120476
2,1990,BE70_2,BE70,487500.0865301826,6202499.750414935,Cluster 2,0.12207467655684485,0.1802544571375924,0.058179780580747534
2,1990,BE71_2,BE71,487500.08995137503,6207499.722487243,Cluster 2,0.122801105378789,0.21580169592983148,0.09300059055104248
2,1990,BE73_2,BE73,487500.09745280247,6217499.776680447,Cluster 3,0.1533737760203186,0.16199422660952686,0.008620450589208267
2,1990,BE74_2,BE74,487500.10153235553,6222499.747455017,Cluster 2,0.16315740620315278,0.1635679682742349,4.105620710821156e-4
2,1990,BE75_2,BE75,487500.08557870064,6227499.754910266,Cluster 2,0.18111422239037425,0.19220518395783723,0.011090961567462976
2,1990,BE76_2,BE76,487500.0494996909,6232499.6877210885,Cluster 2,0.10916139402953916,0.14903323391673304,0.03987183988719388
2,1990,BE77_2,BE77,487500.0557743558,6237499.656981816,Cluster 3,0.12108255135487583,0.16097456112088154,0.03989200976600571
2,1990,BE78_2,BE78,487500.1044211837,6242499.66266886,Cluster 2,0.1347247853251623,0.1381157433257643,0.00339095800060199
2,1990,BE79_2,BE79,487500.07191723434,6247499.705124563,Cluster 2,0.10628058499151642,0.16479527553560838,0.05851469054409196
2,1990,BE80_2,BE80,492500.0769083233,6202499.743162796,Cluster 3,0.1337513662636495,0.23909967401502438,0.10534830775137488
2,1990,BE81_2,BE81,492500.0851086948,6207499.806863972,Cluster 2,0.11718285678302733,0.1732043059572418,0.05602144917421446
2,1990,BE82_2,BE82,492500.0559510994,6212499.795978415,Cluster 3,0.16969685610189786,0.21043820946316097,0.04074135336126311
2,1990,BE83_2,BE83,492500.0518686798,6217499.710370969,Cluster 3,0.14688303173792483,0.16620448698951298,0.019321455251588154
2,1990,BE84_2,BE84,492500.07326583227,6222499.77261727,Cluster 3,0.13944371642844228,0.14898250408097374,0.009538787652531466
2,1990,BE85_2,BE85,492500.0576986846,6227499.760204127,Cluster 2,0.23237880527502075,0.26360211918195836,0.03122331390693761
2,1990,BE86_2,BE86,492500.0673832763,6232499.672995943,Cluster 2,0.12290018505307473,0.14359460622120637,0.020694421168131638
2,1990,BE87_2,BE87,492500.0408101817,6237499.733683195,Cluster 3,0.10977238162113596,0.17666867943305464,0.06689629781191868
2,1990,BE88_2,BE88,492500.0396555708,6242499.719527307,Cluster 3,0.1242146499865851,0.2340634617691169,0.10984881178253181
2,1990,BE89_2,BE89,492500.0641284463,6247499.741806999,Cluster 2,0.1476654199589953,0.19404404821874877,0.046378628259753474
2,1990,BE90_2,BE90,497500.0422758438,6202499.741026654,Cluster 2,0.16195268580845443,0.24325329241599308,0.08130060660753866
2,1990,BE91_2,BE91,497500.0549127382,6207499.7948163375,Cluster 2,0.13691054433492594,0.2159286586672337,0.07901811433230777
2,1990,BE92_2,BE92,497500.0760309053,6212499.773925238,Cluster 3,0.19520769586169395,0.23046944068215586,0.035261744820461904
2,1990,BE93_2,BE93,497500.0434951054,6217499.78966552,Cluster 2,0.10955739599043968,0.18623473007553365,0.07667733408509397
2,1990,BE94_2,BE94,497500.0817259047,6222499.730638592,Cluster 3,0.1311581231901055,0.19393204000360972,0.06277391681350422
2,1990,BE95_2,BE95,497500.06645494024,6227499.708195655,Cluster 2,0.12094635491152589,0.15686419009303557,0.03591783518150968
2,1990,BE96_2,BE96,497500.0598918972,6232499.722276111,Cluster 2,0.13353666226065847,0.14117489789913124,0.007638235638472768
2,1990,BE97_2,BE97,497500.06204059086,6237499.7728568325,Cluster 2,0.13295794206661357,0.14539371152180602,0.012435769455192452
2,1990,BE98_2,BE98,497500.0728370326,6242499.748610737,Cluster 3,0.1465917095553666,0.19895326142951728,0.052361551874150675
2,1990,BE99_2,BE99,497500.0305140985,6247499.6495497795,Cluster 3,0.16405090064834066,0.2656676841445915,0.10161678349625086
2,1990,BF00_2,BF00,452500.16255789786,6152499.84979633,Cluster 1,0.1558667438312187,0.21855373478275028,0.06268699095153157
2,1990,BF01_2,BF01,452500.1443555164,6157499.855121321,Cluster 2,0.19159531482127745,0.20042823464764606,0.008832919826368607
2,1990,BF02_2,BF02,452500.1523084943,6162499.7866961,Cluster 3,0.1869698805069345,0.25343190639196655,0.06646202588503206
2,1990,BF03_2,BF03,452500.1251936091,6167499.75646735,Cluster 3,0.1760642175334746,0.27584465192771496,0.09978043439424036
2,1990,BF04_2,BF04,452500.1265854016,6172499.763725036,Cluster 3,0.19351570483981106,0.26633612051045197,0.0728204156706409
2,1990,BF05_2,BF05,452500.0929818788,6177499.69784097,Cluster 3,0.17654121016648178,0.29490455214068473,0.11836334197420295
2,1990,BF06_2,BF06,452500.08902709355,6182499.669392232,Cluster 3,0.1597538529431927,0.20340313666581025,0.04364928372261756
2,1990,BF07_2,BF07,452500.1152225344,6187499.678353518,Cluster 1,0.21319559996216628,0.33105675787349487,0.11786115791132859
2,1990,BF08_2,BF08,452500.10950070026,6192499.7253870675,Cluster 1,0.2915561020480813,0.40981737641954996,0.11826127437146866
2,1990,BF11_2,BF11,457500.09805196273,6157499.819878605,Cluster 3,0.16981502418310196,0.22303816420063521,0.053223140017533255
2,1990,BF12_2,BF12,457500.1359493549,6162499.887689657,Cluster 1,0.1447617808146175,0.1804363123845358,0.035674531569918316
2,1990,BF13_2,BF13,457500.1204013506,6167499.77104144,Cluster 2,0.127870336547822,0.1550619329741429,0.02719159642632088
2,1990,BF14_2,BF14,457500.1182257726,6172499.803160674,Cluster 2,0.16255673102831586,0.16704968886887028,0.0044929578405544235
2,1990,BF15_2,BF15,457500.127743533,6177499.761444724,Cluster 2,0.12680383516996194,0.17395040026339334,0.0471465650934314
2,1990,BF16_2,BF16,457500.08782064816,6182499.757772771,Cluster 3,0.13034341739563735,0.15081496378517298,0.020471546389535633
2,1990,BF17_2,BF17,457500.1244502372,6187499.790891147,Cluster 2,0.15722466692933806,0.18978948423844047,0.032564817309102406
2,1990,BF18_2,BF18,457500.11167777673,6192499.750712315,Cluster 1,0.13431279823131415,0.2034349154682555,0.06912211723694137
2,1990,BF20_2,BF20,462500.0972690694,6152499.858269893,Cluster 3,0.13864379447495098,0.20340286506742525,0.06475907059247427
2,1990,BF21_2,BF21,462500.1042798301,6157499.812390076,Cluster 3,0.12662561244295617,0.18153702622985443,0.05491141378689826
2,1990,BF22_2,BF22,462500.1063889781,6162499.804014538,Cluster 3,0.15941128066455726,0.1774306747874527,0.018019394122895438
2,1990,BF23_2,BF23,462500.1040823032,6167499.833119934,Cluster 2,0.11349942273343028,0.16795382295465872,0.05445440022122844
2,1990,BF24_2,BF24,462500.0968862839,6172499.788392592,Cluster 2,0.1172807717847946,0.152136793005488,0.034856021220693395
2,1990,BF25_2,BF25,462500.0862437773,6177499.78109757,Cluster 2,0.12777194155549726,0.14956514281710154,0.021793201261604278
2,1990,BF26_2,BF26,462500.0726415611,6182499.811211206,Cluster 2,0.1577019564930285,0.1938010315836049,0.03609907509057639
2,1990,BF27_2,BF27,462500.11824307253,6187499.766874204,Cluster 2,0.1443789915656465,0.22121825290020633,0.07683926133455984
2,1990,BF28_2,BF28,462500.0991430791,6192499.760439191,Cluster 3,0.13932024123299847,0.171624134946203,0.03230389371320452
2,1990,BF29_2,BF29,462500.07854237576,6197499.791339589,Cluster 1,0.25072682385227835,0.39387240722642125,0.1431455833741429
2,1990,BF31_2,BF31,467500.0528761789,6157499.8339712275,Cluster 3,0.1134370303399877,0.15576883961187474,0.04233180927188704
2,1990,BF32_2,BF32,467500.0828731935,6162499.869694816,Cluster 3,0.12046682102531221,0.2489998487249472,0.12853302769963498
2,1990,BF33_2,BF33,467500.09141173307,6167499.831571815,Cluster 3,0.10924684083187741,0.2029913428340495,0.09374450200217208
2,1990,BF34_2,BF34,467500.07979854086,6172499.830867704,Cluster 3,0.10782907171152485,0.1456360983903179,0.03780702667879306
2,1990,BF35_2,BF35,467500.1104643853,6177499.755797745,Cluster 2,0.12040695443753206,0.14861266229310804,0.02820570785557598
2,1990,BF36_2,BF36,467500.05907752085,6182499.718568934,Cluster 2,0.11385132446957077,0.15154183857653905,0.037690514106968276
2,1990,BF37_2,BF37,467500.1142561032,6187499.71774681,Cluster 2,0.13822591651023985,0.2159493543588007,0.07772343784856084
2,1990,BF38_2,BF38,467500.08834202494,6192499.754719362,Cluster 3,0.12142635300182106,0.21614612716220863,0.09471977416038757
2,1990,BF40_2,BF40,472500.05446232,6152499.831390551,Cluster 2,0.17402184240489021,0.21006541104513626,0.03604356864024605
2,1990,BF41_2,BF41,472500.085972153,6157499.883806649,Cluster 2,0.12182439386168455,0.17854379560364525,0.056719401741960704
2,1990,BF43_2,BF43,472500.098778225,6167499.766588567,Cluster 2,0.14525310039620254,0.22029496445657482,0.07504186406037228
2,1990,BF46_2,BF46,472500.06605603127,6182499.813911805,Cluster 2,0.111338005055481,0.1769960688505438,0.06565806379506281
2,1990,BF47_2,BF47,472500.0669914175,6187499.755388988,Cluster 2,0.10524382403955586,0.17614514590080882,0.07090132186125296
2,1990,BF48_2,BF48,472500.0957205096,6192499.73373965,Cluster 2,0.11877155850044169,0.1401505096903051,0.02137895118986341
2,1990,BF49_2,BF49,472500.0900039778,6197499.749339143,Cluster 3,0.11170188594601532,0.18946676495904524,0.07776487901302992
2,1990,BF50_2,BF50,477500.08187685715,6152499.846936376,Cluster 2,0.12681987446671078,0.1292825394225154,0.002462664955804633
2,1990,BF51_2,BF51,477500.02976028406,6157499.8520273,Cluster 3,0.12202800823782439,0.14112401783771952,0.01909600959989513
2,1990,BF52_2,BF52,477500.049981805,6162499.782522364,Cluster 2,0.1100364145458807,0.16326553408657535,0.05322911954069465
2,1990,BF53_2,BF53,477500.08021795313,6167499.7500125235,Cluster 2,0.12461799218029188,0.14781325237730997,0.02319526019701809
2,1990,BF55_2,BF55,477500.0461591174,6177499.796539538,Cluster 1,0.1808662907657089,0.18512543109302512,0.004259140327316224
2,1990,BF56_2,BF56,477500.10749606375,6182499.763586155,Cluster 2,0.1271948366470728,0.14411312548612487,0.01691828883905208
2,1990,BF57_2,BF57,477500.0545601692,6187499.768187857,Cluster 2,0.10289891255097695,0.19900800743449187,0.09610909488351492
2,1990,BF58_2,BF58,477500.0757376356,6192499.809343387,Cluster 2,0.11575571758958605,0.1682867361515967,0.052531018562010645
2,1990,BF59_2,BF59,477500.10798379144,6197499.776060057,Cluster 1,0.20147567612579576,0.2075202919821685,0.006044615856372754
2,1990,BF60_2,BF60,482500.0368470739,6152499.882651542,Cluster 3,0.11284871735324987,0.16756158773971144,0.05471287038646157
2,1990,BF61_2,BF61,482500.0271999943,6157499.849245702,Cluster 3,0.11873063667879984,0.1434533249027552,0.02472268822395536
2,1990,BF62_2,BF62,482500.07425727736,6162499.852593689,Cluster 2,0.11753505380626464,0.17616988220253996,0.05863482839627532
2,1990,BF63_2,BF63,482500.0517386565,6167499.781888844,Cluster 2,0.11943643886666466,0.20761017996013603,0.08817374109347137
2,1990,BF64_2,BF64,482500.08626133483,6172499.7478915425,Cluster 2,0.13934081964595,0.2037016057031763,0.06436078605722631
2,1990,BF65_2,BF65,482500.0522818646,6177499.751086633,Cluster 2,0.12464723831693132,0.14547879032126773,0.02083155200433641
2,1990,BF66_2,BF66,482500.0756826632,6182499.790944238,Cluster 3,0.11959329876573888,0.1349254057552475,0.015332106989508626
2,1990,BF67_2,BF67,482500.0933976552,6187499.756401075,Cluster 2,0.12052463759951661,0.2248256313351988,0.1043009937356822
2,1990,BF68_2,BF68,482500.106118653,6192499.758727317,Cluster 2,0.16048247936526586,0.24762978101724098,0.08714730165197512
2,1990,BF69_2,BF69,482500.11408775987,6197499.797900253,Cluster 1,0.22702507278588951,0.25613190543177494,0.029106832645885428
2,1990,BF70_2,BF70,487500.0613181969,6152499.826749672,Cluster 2,0.1168338445244599,0.17505531927076803,0.058221474746308136
2,1990,BF71_2,BF71,487500.03120470024,6157499.875939318,Cluster 2,0.11810844003576901,0.16609205276782352,0.04798361273205451
2,1990,BF72_2,BF72,487500.0414117519,6162499.85063891,Cluster 3,0.12103199066602906,0.17800533398042595,0.05697334331439689
2,1990,BF73_2,BF73,487500.0290273604,6167499.751005261,Cluster 2,0.12555297773764845,0.1657240170638221,0.040171039326173635
2,1990,BF74_2,BF74,487500.0577833784,6172499.799416764,Cluster 2,0.12179142298170423,0.13558363869617718,0.01379221571447295
2,1990,BF76_2,BF76,487500.0490462398,6182499.784371457,Cluster 3,0.14746023723960414,0.1616950106243446,0.014234773384740468
2,1990,BF77_2,BF77,487500.0746598672,6187499.7206850415,Cluster 2,0.1996049367890745,0.25741884464380377,0.05781390785472926
2,1990,BF78_2,BF78,487500.07920825994,6192499.805137645,Cluster 2,0.12491135113456837,0.22023263076281746,0.09532127962824909
2,1990,BF79_2,BF79,487500.0622795224,6197499.815116662,Cluster 2,0.11653202071448754,0.18793987854320712,0.07140785782871958
2,1990,BF80_2,BF80,492500.0457424066,6152499.90235705,Cluster 2,0.12080221066773286,0.14473234613901695,0.023930135471284086
2,1990,BF81_2,BF81,492500.0575680637,6157499.820932193,Cluster 3,0.1520450901073258,0.15732418068622514,0.005279090578899331
2,1990,BF82_2,BF82,492500.03082487086,6162499.776445566,Cluster 2,0.18924411635244312,0.19301408343162874,0.0037699670791856155
2,1990,BF83_2,BF83,492500.0286680475,6167499.768765947,Cluster 3,0.17571746849176534,0.21094982855546893,0.03523236006370359
2,1990,BF84_2,BF84,492500.0511084942,6172499.797871274,Cluster 2,0.12920989186898046,0.15055433906648136,0.021344447197500893
2,1990,BF85_2,BF85,492500.0351787714,6177499.752555744,Cluster 3,0.11764884883135147,0.13850378363581337,0.02085493480446189
2,1990,BF86_2,BF86,492500.04401167773,6182499.743979233,Cluster 3,0.10651917820520922,0.15764430024693715,0.051125122041727936
2,1990,BF87_2,BF87,492500.07761814806,6187499.77211941,Cluster 2,0.16251008521593804,0.2182708000605164,0.05576071484457837
2,1990,BF88_2,BF88,492500.0732463428,6192499.725767915,Cluster 2,0.1404956368500447,0.23290299588100988,0.09240735903096517
2,1990,BF89_2,BF89,492500.0313184269,6197499.716196409,Cluster 2,0.163309261374778,0.2680382085024393,0.10472894712766131
2,1990,BF90_2,BF90,497500.06872812915,6152499.8867905075,Cluster 3,0.13160200315779239,0.2096365473939875,0.0780345442361951
2,1990,BF91_2,BF91,497500.05965140025,6157499.795699069,Cluster 3,0.16800469848044253,0.17072705579849595,0.0027223573180534255
2,1990,BF92_2,BF92,497500.05900778656,6162499.852742528,Cluster 3,0.15540260825153837,0.18204567529980062,0.026643067048262248
2,1990,BF93_2,BF93,497500.0666691472,6167499.835318215,Cluster 3,0.15754714024542654,0.18975507479016376,0.03220793454473722
2,1990,BF94_2,BF94,497500.0197826457,6172499.743439123,Cluster 2,0.11889069596487707,0.21668024197262853,0.09778954600775146
2,1990,BF95_2,BF95,497500.0442688116,6177499.79959253,Cluster 2,0.13146609972060755,0.18688186527995396,0.05541576555934641
2,1990,BF96_2,BF96,497500.077070528,6182499.781207959,Cluster 3,0.14569373692276963,0.14886610319026766,0.0031723662674980335
2,1990,BF97_2,BF97,497500.0556179109,6187499.799593099,Cluster 3,0.16761408514906118,0.19279342456575665,0.02517933941669548
2,1990,BF98_2,BF98,497500.0426321929,6192499.743392498,Cluster 2,0.12636064559154775,0.15304239372389017,0.02668174813234242
2,1990,BF99_2,BF99,497500.03818358126,6197499.723877846,Cluster 3,0.11964983763685812,0.14885911691225548,0.029209279275397362
2,1990,BG27_2,BG27,462500.03912906913,6137499.887313023,Cluster 1,0.1632924202401061,0.20452386779897397,0.04123144755886787
2,1990,BG28_2,BG28,462500.0656512389,6142499.951349777,Cluster 1,0.17867671728779805,0.19121398869990017,0.012537271412102119
2,1990,BG29_2,BG29,462500.0848712415,6147499.9416772155,Cluster 3,0.1919319681622233,0.1979808407605828,0.0060488725983595115
2,1990,BG30_2,BG30,467499.9967437505,6102499.680064469,Cluster 1,0.2836640479174627,0.35873667650497854,0.07507262858751584
2,1990,BG31_2,BG31,467499.9036355267,6107499.750328558,Cluster 3,0.2784002998141615,0.3133236478918529,0.03492334807769143
2,1990,BG32_2,BG32,467499.9121467563,6112499.746075479,Cluster 1,0.286436276425344,0.32770254280763844,0.041266266382294414
2,1990,BG33_2,BG33,467499.8958406751,6117499.779495673,Cluster 1,0.5715294196038697,0.7106972221997954,0.13916780259592565
2,1990,BG39_2,BG39,467500.0555185451,6147499.874007825,Cluster 2,0.19257330436164094,0.2100116705765573,0.017438366214916373
2,1990,BG41_2,BG41,472499.9268347365,6107499.810952676,Cluster 3,0.17826853549266106,0.19242715633933213,0.014158620846671077
2,1990,BG42_2,BG42,472499.9309190824,6112499.750577684,Cluster 1,0.18632483761978832,0.26165012538740634,0.07532528776761802
2,1990,BG43_2,BG43,472499.9588106177,6117499.838705269,Cluster 1,0.3728927386889624,0.5196705926836898,0.14677785399472737
2,1990,BG45_2,BG45,472500.0200716098,6127499.904365897,Cluster 1,0.32079702720870423,0.4571032568674964,0.1363062296587922
2,1990,BG49_2,BG49,472500.049228468,6147499.927300755,Cluster 3,0.1448114377829153,0.1606396277044951,0.015828189921579805
2,1990,BG50_2,BG50,477499.9973141816,6102499.728152928,Cluster 1,0.17959990668413084,0.18419359440586336,0.00459368772173252
2,1990,BG55_2,BG55,477500.0350917317,6127499.82340314,Cluster 3,0.1670710832696778,0.22575399878582697,0.05868291551614918
2,1990,BG57_2,BG57,477500.0412068564,6137499.9440165525,Cluster 1,0.252403895344708,0.4001388950759554,0.14773499973124743
2,1990,BG58_2,BG58,477500.0244174642,6142499.837590013,Cluster 3,0.21543491399965325,0.21551799457765372,8.30805780004662e-5
2,1990,BG59_2,BG59,477500.0804408138,6147499.879212277,Cluster 2,0.14206610736024633,0.14656362801545228,0.00449752065520595
2,1990,BG60_2,BG60,482499.9798820725,6102499.8077321,Cluster 2,0.15801297035093984,0.15967844513284135,0.0016654747819015159
2,1990,BG61_2,BG61,482499.98409018014,6107499.848415741,Cluster 1,0.17760471201265934,0.2692446812263678,0.09163996921370846
2,1990,BG62_2,BG62,482499.97930829576,6112499.815047499,Cluster 1,0.165274596226983,0.22772016619498378,0.06244556996800077
2,1990,BG63_2,BG63,482500.0298617688,6117499.818634525,Cluster 3,0.19285513798448628,0.19408834955222556,0.001233211567739284
2,1990,BG64_2,BG64,482500.00862455415,6122499.859659715,Cluster 3,0.13260460820510964,0.17600033954496552,0.043395731339855886
2,1990,BG65_2,BG65,482500.0426166273,6127499.826312609,Cluster 3,0.11549046244644133,0.21407491799246667,0.09858445554602534
2,1990,BG66_2,BG66,482500.00588300487,6132499.941644865,Cluster 1,0.184328386254023,0.18487394901394183,5.455627599188217e-4
2,1990,BG67_2,BG67,482500.024270164,6137499.871273607,Cluster 1,0.14290137079905826,0.1519021756402549,0.009000804841196641
2,1990,BG68_2,BG68,482500.03539951664,6142499.837998828,Cluster 2,0.12675656215096912,0.12763322169726965,8.766595463005344e-4
2,1990,BG69_2,BG69,482500.039511587,6147499.841798756,Cluster 2,0.13239308301141342,0.1946618519854431,0.06226876897402969
2,1990,BG70_2,BG70,487500.0348421291,6102499.812978593,Cluster 2,0.14903968186344116,0.1517800520696932,0.002740370206252035
2,1990,BG71_2,BG71,487499.9858600595,6107499.825717422,Cluster 2,0.15338875518130782,0.21813445344605537,0.06474569826474755
2,1990,BG72_2,BG72,487500.040200374,6112499.875297073,Cluster 2,0.14724476443893142,0.18160666872105302,0.0343619042821216
2,1990,BG73_2,BG73,487500.0064094621,6117499.850954274,Cluster 3,0.10960774515977213,0.21572566058357096,0.10611791542379882
2,1990,BG74_2,BG74,487500.0124000873,6122499.863588602,Cluster 3,0.13559210110847789,0.1487551227381969,0.013163021629719024
2,1990,BG75_2,BG75,487500.058190043,6127499.913178598,Cluster 3,0.10729393417328431,0.16514075740546444,0.05784682323218013
2,1990,BG76_2,BG76,487500.01661631186,6132499.888778622,Cluster 3,0.14765929278346668,0.1924925788630936,0.044833286079626916
2,1990,BG77_2,BG77,487500.0151634949,6137499.901289857,Cluster 3,0.14563569885816624,0.14749448971566273,0.0018587908574964895
2,1990,BG78_2,BG78,487500.05353123834,6142499.839403261,Cluster 2,0.13632512275607858,0.1775132379209025,0.04118811516482393
2,1990,BG79_2,BG79,487500.069157074,6147499.925851864,Cluster 3,0.11252184350494157,0.18055329942098428,0.0680314559160427
2,1990,BG80_2,BG80,492500.05033699406,6102499.744442296,Cluster 2,0.17030501520486788,0.2619027338587531,0.09159771865388525
2,1990,BG81_2,BG81,492500.01211780054,6107499.849601752,Cluster 2,0.18013572155754393,0.2729999138390659,0.09286419228152198
2,1990,BG82_2,BG82,492500.061323392,6112499.880421333,Cluster 2,0.17954978248965328,0.189872876349874,0.010323093860220706
2,1990,BG83_2,BG83,492500.0068079907,6117499.837203838,Cluster 2,0.13238914758279824,0.15264242183659832,0.02025327425380008
2,1990,BG84_2,BG84,492500.03992750257,6122499.830883491,Cluster 2,0.12072830676141064,0.14857523930644936,0.027846932545038727
2,1990,BG85_2,BG85,492500.03347061033,6127499.861656778,Cluster 3,0.14956538361275334,0.2271023542550611,0.07753697064230775
2,1990,BG86_2,BG86,492500.0510949549,6132499.929393534,Cluster 3,0.1285230083496656,0.15143968578865602,0.022916677438990424
2,1990,BG87_2,BG87,492500.02925978525,6137499.922894773,Cluster 3,0.12949352683337612,0.17291026855440977,0.04341674172103366
2,1990,BG88_2,BG88,492500.0314784392,6142499.842027559,Cluster 2,0.44657538773056027,0.4681785338747606,0.021603146144200336
2,1990,BG89_2,BG89,492500.05814519007,6147499.909344381,Cluster 2,0.1586254480053029,0.22120684916385605,0.06258140115855315
2,1990,BG90_2,BG90,497500.04236272007,6102499.824620573,Cluster 3,0.12797204279512936,0.17629876307568298,0.048326720280553626
2,1990,BG91_2,BG91,497500.0145113976,6107499.808974277,Cluster 2,0.12685319258547795,0.20086879540653801,0.07401560282106007
2,1990,BG92_2,BG92,497500.05856603594,6112499.830354991,Cluster 3,0.14088519087641624,0.1738899893869297,0.03300479851051347
2,1990,BG93_2,BG93,497500.0470217283,6117499.888816063,Cluster 3,0.14960548204710558,0.16501052565720556,0.015405043610099978
2,1990,BG94_2,BG94,497500.04360713303,6122499.873015075,Cluster 2,0.1228356869790961,0.2180630084028375,0.09522732142374139
2,1990,BG95_2,BG95,497500.0483908097,6127499.894213497,Cluster 3,0.13894066641180267,0.24591974081312545,0.10697907440132279
2,1990,BG96_2,BG96,497500.0613110999,6132499.841104226,Cluster 2,0.12264936700739984,0.16340295433549146,0.04075358732809162
2,1990,BG97_2,BG97,497500.0191423166,6137499.936274155,Cluster 2,0.1135874429540403,0.1708555855714059,0.0572681426173656
2,1990,BG98_2,BG98,497500.04848340026,6142499.845767268,Cluster 3,0.11723014405988079,0.13567191562493922,0.018441771565058426
2,1990,BG99_2,BG99,497500.0228864452,6147499.903496731,Cluster 2,0.11330534748196387,0.16473558428291712,0.05143023680095325
2,1990,BH57_2,BH57,477500.0575189135,6087499.717403076,Cluster 1,0.3737636564996251,0.48130515301106397,0.10754149651143885
2,1990,BH58_2,BH58,477500.0309492611,6092499.683684505,Cluster 1,0.3619314934869263,0.505924809755749,0.14399331626882272
2,1990,BH59_2,BH59,477500.0107989607,6097499.687274866,Cluster 2,0.2829295135173292,0.30609048467902633,0.02316097116169713
2,1990,BH66_2,BH66,482500.0001891313,6082499.794663963,Cluster 1,0.35106629910435866,0.4634469495954561,0.11238065049109747
2,1990,BH67_2,BH67,482500.0408449325,6087499.686214566,Cluster 1,0.2149904138946864,0.2881713154517612,0.07318090155707482
2,1990,BH68_2,BH68,482500.0724313329,6092499.726358123,Cluster 3,0.17234306123934667,0.17333457353031043,9.91512290963753e-4
2,1990,BH69_2,BH69,482500.03038015234,6097499.692768536,Cluster 3,0.15068433053902897,0.22006761016761459,0.06938327962858562
2,1990,BH76_2,BH76,487500.048187175,6082499.800443771,Cluster 1,0.47904814678051183,0.5705962404551281,0.0915480936746163
2,1990,BH77_2,BH77,487500.03415061906,6087499.77562375,Cluster 3,0.17634425755959046,0.2874487761647114,0.11110451860512091
2,1990,BH78_2,BH78,487500.0592190939,6092499.787910184,Cluster 3,0.14188724003379088,0.19692746326774907,0.055040223233958185
2,1990,BH79_2,BH79,487500.0591634151,6097499.726182375,Cluster 3,0.13584565203160195,0.24188880203410157,0.10604315000249961
2,1990,BH86_2,BH86,492500.0572634925,6082499.806664651,Cluster 3,0.19189842544202373,0.24013383145328307,0.048235406011259335
2,1990,BH87_2,BH87,492500.0521481735,6087499.763193937,Cluster 3,0.14526656143046127,0.28415739240156584,0.13889083097110458
2,1990,BH88_2,BH88,492500.0706003756,6092499.756857703,Cluster 2,0.14683890564004917,0.19357935830683928,0.04674045266679011
2,1990,BH89_2,BH89,492500.0486974856,6097499.7877438655,Cluster 3,0.15078494063448314,0.2712971309507894,0.12051219031630625
2,1990,BH96_2,BH96,497500.0428692315,6082499.813263592,Cluster 2,0.21337890683954736,0.24605629726897585,0.03267739042942849
2,1990,BH97_2,BH97,497500.0466593011,6087499.76039121,Cluster 2,0.17786143713192026,0.25795161654822146,0.0800901794163012
2,1990,BH98_2,BH98,497500.05847944214,6092499.74466746,Cluster 3,0.12077562137591207,0.18906930071918768,0.06829367934327561
2,1990,BH99_2,BH99,497500.0144000943,6097499.766108859,Cluster 3,0.17941506121753184,0.3184908837656429,0.13907582254811104
2,1990,CC04_2,CC04,502500.0151027321,6322499.626328963,Cluster 3,0.2631921605819466,0.33876379013716057,0.07557162955521396
2,1990,CC05_2,CC05,502500.0189406716,6327499.550508512,Cluster 3,0.26143229680169783,0.2762165609679936,0.014784264166295746
2,1990,CC06_2,CC06,502500.0141727327,6332499.622039415,Cluster 3,0.17797879601743372,0.23331233507077576,0.05533353905334204
2,1990,CD00_2,CD00,502500.05650963914,6252499.699439128,Cluster 2,0.1342679096474769,0.22865708084045697,0.09438917119298007
2,1990,CD01_2,CD01,502500.0548085185,6257499.673018353,Cluster 2,0.14315751854467418,0.2205792352044594,0.07742171665978523
2,1990,CD02_2,CD02,502500.0449077099,6262499.682977954,Cluster 2,0.13626187781491264,0.1917281641650773,0.05546628635016465
2,1990,CD03_2,CD03,502500.0268036657,6267499.729294267,Cluster 3,0.12354016773370524,0.23433479844353364,0.1107946307098284
2,1990,CD04_2,CD04,502500.0619632011,6272499.700669883,Cluster 3,0.10382363813408488,0.2127187959016875,0.10889515776760261
2,1990,CD05_2,CD05,502500.0274329878,6277499.708317954,Cluster 2,0.13610887808550362,0.15850653870438045,0.022397660618876825
2,1990,CD06_2,CD06,502500.04595014855,6282499.752284697,Cluster 2,0.18822468198520323,0.2108498488050419,0.02262516681983867
2,1990,CD07_2,CD07,502500.0561681533,6287499.721199877,Cluster 2,0.1624435447531387,0.1732677661694341,0.010824221416295382
2,1990,CD08_2,CD08,502499.9969046276,6292499.726313779,Cluster 1,0.1233515458351064,0.20395598053295005,0.08060443469784366
2,1990,CD09_2,CD09,502499.9905232744,6297499.656359702,Cluster 1,0.13975448307083516,0.19969931405401642,0.05994483098318126
2,1990,CE00_2,CE00,502500.0615268304,6202499.744005174,Cluster 2,0.1634964053202777,0.2511197622980929,0.0876233569778152
2,1990,CE01_2,CE01,502500.0785219833,6207499.797640791,Cluster 2,0.1472282050658459,0.192864005953091,0.04563580088724509
2,1990,CE02_2,CE02,502500.02528104605,6212499.776561091,Cluster 3,0.16150800736156926,0.24853446594282627,0.08702645858125702
2,1990,CE03_2,CE03,502500.0263673985,6217499.792110339,Cluster 2,0.11038290100560884,0.19980422283512222,0.08942132182951339
2,1990,CE04_2,CE04,502500.0816227665,6222499.732965122,Cluster 2,0.1271904634336502,0.21584777249856066,0.08865730906491046
2,1990,CE05_2,CE05,502500.0666420697,6227499.710331745,Cluster 2,0.10389806827808928,0.163495563207209,0.059597494929119726
2,1990,CE06_2,CE06,502500.04362767225,6232499.724222039,Cluster 2,0.11889643869952114,0.13488752586362865,0.015991087164107506
2,1990,CE07_2,CE07,502500.07449190767,6237499.774647816,Cluster 2,0.1196094288404104,0.2108853605544314,0.09127593171402101
2,1990,CE09_2,CE09,502500.05001462775,6247499.762263852,Cluster 2,0.10624650044169812,0.1877892192205144,0.08154271877881628
2,1990,CF01_2,CF01,502500.0534417037,6157499.800205615,Cluster 2,0.1339309736811352,0.1952881538795626,0.0613571801984274
2,1990,CF02_2,CF02,502500.07869880326,6162499.857095068,Cluster 3,0.16597188995491385,0.17955258125824183,0.01358069130332798
2,1990,CF03_2,CF03,502500.0332440928,6167499.839482369,Cluster 2,0.18629647589246176,0.19039588050708584,0.004099404614624075
2,1990,CF04_2,CF04,502500.04300302034,6172499.747412451,Cluster 2,0.1298338453187272,0.19011735459216203,0.06028350927343484
2,1990,CF05_2,CF05,502500.04484904365,6177499.803412706,Cluster 2,0.1236377868551148,0.1929841214427077,0.06934633458759291
2,1990,CF06_2,CF06,502500.0389016604,6182499.78487528,Cluster 2,0.14081741144676227,0.143061215062981,0.0022438036162187314
2,1990,CF07_2,CF07,502500.0250959793,6187499.803070416,Cluster 2,0.12672862842858829,0.20244710791344475,0.07571847948485647
2,1990,CF08_2,CF08,502500.0660579465,6192499.746714847,Cluster 2,0.12324500188564173,0.17650225194463728,0.05325725005899555
2,1990,CF09_2,CF09,502500.0365151213,6197499.727010743,Cluster 2,0.11159856823928643,0.19226898272191814,0.08067041448263171
2,1990,CB80_2,CB80,542499.6620958119,6352499.629923955,Cluster 2,0.14581100244984838,0.1522863457211985,0.006475343271350131
2,1990,CB81_2,CB81,542499.628879245,6357499.699695451,Cluster 2,0.17359806572148068,0.19940496867686752,0.025806902955386846
2,1990,CB90_2,CB90,547499.7045161797,6352499.721157329,Cluster 2,0.12132865542989747,0.17913169978822896,0.05780304435833149
2,1990,CB91_2,CB91,547499.6539340164,6357499.662049337,Cluster 2,0.13092772311046452,0.1398982258030644,0.008970502692599885
2,1990,CB92_2,CB92,547499.671851043,6362499.752101463,Cluster 2,0.13070608234018333,0.1773512324785544,0.04664515013837106
2,1990,CB93_2,CB93,547499.6398579371,6367499.76725467,Cluster 2,0.11435716538287545,0.2089624406763322,0.09460527529345676
2,1990,CC14_2,CC14,507499.94254047045,6322499.647839415,Cluster 3,0.26175385319830236,0.2690884301722184,0.0073345769739160405
2,1990,CC15_2,CC15,507499.9713143852,6327499.582203945,Cluster 1,0.1522376087125898,0.15266814481938867,4.3053610679888443e-4
2,1990,CC16_2,CC16,507499.97378503287,6332499.552584106,Cluster 3,0.18484670911290738,0.19529947414227466,0.010452765029367289
2,1990,CC20_2,CC20,512499.9740781955,6302499.678350093,Cluster 2,0.1232254684034889,0.16935703685860024,0.046131568455111335
2,1990,CC21_2,CC21,512499.9587580677,6307499.711003006,Cluster 1,0.16990856594919132,0.19877455025799523,0.02886598430880391
2,1990,CC23_2,CC23,512499.9200418585,6317499.662266049,Cluster 1,0.15675867058730053,0.23489907393394366,0.07814040334664313
2,1990,CC24_2,CC24,512499.9569946417,6322499.581005044,Cluster 1,0.10305054984446495,0.17833024705263933,0.07527969720817439
2,1990,CC25_2,CC25,512499.94971320574,6327499.647067015,Cluster 3,0.14463547953310893,0.15718274016826758,0.012547260635158652
2,1990,CC26_2,CC26,512499.89918050665,6332499.526474841,Cluster 1,0.16794947913852643,0.20241016699584774,0.034460687857321315
2,1990,CC30_2,CC30,517499.937743111,6302499.734448258,Cluster 3,0.09840399401829839,0.16668810329712624,0.06828410927882786
2,1990,CC31_2,CC31,517499.9573913391,6307499.68638883,Cluster 1,0.14286318203555076,0.14899757257610863,0.006134390540557866
2,1990,CC32_2,CC32,517499.9160470478,6312499.67435963,Cluster 2,0.16862889464564065,0.18693147149476508,0.018302576849124425
2,1990,CC33_2,CC33,517499.9351837722,6317499.698844893,Cluster 1,0.12542625721129094,0.20694961501515177,0.08152335780386083
2,1990,CC34_2,CC34,517499.8934505895,6322499.647993909,Cluster 3,0.13702292462526666,0.1971784515333221,0.06015552690805545
2,1990,CC35_2,CC35,517499.91156198527,6327499.6336058555,Cluster 3,0.14556398447859886,0.24303656716952715,0.09747258269092829
2,1990,CC36_2,CC36,517499.868461167,6332499.543827721,Cluster 3,0.17140268072584625,0.23956085019922976,0.06815816947338352
2,1990,CC40_2,CC40,522499.9010986991,6302499.772105485,Cluster 3,0.12787349707971818,0.1471686543255486,0.01929515724583042
2,1990,CC41_2,CC41,522499.8946037454,6307499.76462174,Cluster 2,0.13885147246924637,0.14416309622026638,0.0053116237510200115
2,1990,CC42_2,CC42,522499.93192246224,6312499.682440375,Cluster 2,0.1402515503758766,0.15493958361017793,0.014688033234301318
2,1990,CC43_2,CC43,522499.8904843816,6317499.636193218,Cluster 1,0.12524410500432753,0.16063216845725328,0.03538806345292575
2,1990,CC44_2,CC44,522499.8916093368,6322499.626510591,Cluster 3,0.13635721558882274,0.17563954036725016,0.03928232477842741
2,1990,CC45_2,CC45,522499.87422067544,6327499.653039125,Cluster 2,0.15423529329172553,0.1986120978891064,0.04437680459738086
2,1990,CC46_2,CC46,522499.83866884856,6332499.604435725,Cluster 3,0.15317024362081025,0.2810153009971418,0.12784505737633153
2,1990,CC50_2,CC50,527499.8816415456,6302499.791260103,Cluster 2,0.13219244886720513,0.16363884690110678,0.031446398033901646
2,1990,CC51_2,CC51,527499.9107610129,6307499.723595708,Cluster 3,0.13579068088193808,0.15676611192444373,0.020975431042505654
2,1990,CC52_2,CC52,527499.9046872742,6312499.692205453,Cluster 3,0.10738072925358087,0.14525180492868156,0.03787107567510069
2,1990,CC53_2,CC53,527499.86315966025,6317499.697063427,Cluster 3,0.12252030418611537,0.24889109189716407,0.1263707877110487
2,1990,CC54_2,CC54,527499.8473306855,6322499.627229618,Cluster 3,0.17309918572026664,0.21231829707760183,0.03921911135733519
2,1990,CC55_2,CC55,527499.795382189,6327499.593590726,Cluster 3,0.1104288334637852,0.21870478629971882,0.10827595283593362
2,1990,CC56_2,CC56,527499.8281139306,6332499.59692409,Cluster 2,0.15945852766922486,0.19947792695151637,0.04001939928229151
2,1990,CC57_2,CC57,527499.7634533717,6337499.635998681,Cluster 1,0.17609496440756528,0.2602530041099218,0.08415803970235652
2,1990,CC60_2,CC60,532499.8968679683,6302499.791890076,Cluster 2,0.13536513977087403,0.14788485417956754,0.01251971440869351
2,1990,CC61_2,CC61,532499.8393510462,6307499.784713652,Cluster 3,0.09174590451835135,0.21583541496385844,0.12408951044550709
2,1990,CC62_2,CC62,532499.8518622435,6312499.703415073,Cluster 3,0.11856089922859656,0.1901704420364286,0.07160954280783205
2,1990,CC63_2,CC63,532499.8104598847,6317499.769646129,Cluster 1,0.18796896510017955,0.21841496170500888,0.03044599660482933
2,1990,CC64_2,CC64,532499.8388375221,6322499.6503872825,Cluster 3,0.15988228385240258,0.21231940110437728,0.052437117251974696
2,1990,CC65_2,CC65,532499.8124718731,6327499.678605539,Cluster 3,0.10335491208820165,0.21126542771467122,0.10791051562646957
2,1990,CC66_2,CC66,532499.7933676881,6332499.632118677,Cluster 3,0.12379143056595816,0.18059445230530682,0.05680302173934866
2,1990,CC67_2,CC67,532499.7801655097,6337499.62221521,Cluster 3,0.18967608208789763,0.24417819467559287,0.054502112587695245
2,1990,CC68_2,CC68,532499.7119922304,6342499.6483931905,Cluster 2,0.16081020945663752,0.18113975163907747,0.020329542182439958
2,1990,CC70_2,CC70,537499.842333892,6302499.772919597,Cluster 2,0.12030940571880643,0.14532192859678023,0.0250125228779738
2,1990,CC71_2,CC71,537499.8212735428,6307499.726024116,Cluster 2,0.11573260352790676,0.14845600902057982,0.03272340549267305
2,1990,CC72_2,CC72,537499.8517914551,6312499.716416673,Cluster 1,0.15169326576304712,0.17209531517785553,0.020402049414808415
2,1990,CC75_2,CC75,537499.7628460178,6327499.684050063,Cluster 3,0.19123517069119275,0.29413978987619227,0.10290461918499952
2,1990,CC76_2,CC76,537499.7520002894,6332499.709823327,Cluster 3,0.1254322574502711,0.1461103636414904,0.02067810619121932
2,1990,CC77_2,CC77,537499.7302975287,6337499.660885921,Cluster 3,0.17947749343014513,0.2638753915073577,0.0843978980772126
2,1990,CC78_2,CC78,537499.6962343298,6342499.648525652,Cluster 2,0.12862100799612441,0.1624809088461098,0.033859900849985386
2,1990,CC80_2,CC80,542499.8563424866,6302499.84651723,Cluster 3,0.11543194636279937,0.25640387648029406,0.1409719301174947
2,1990,CC81_2,CC81,542499.811273352,6307499.769589547,Cluster 2,0.14044814555441174,0.1799309231039329,0.039482777549521175
2,1990,CC82_2,CC82,542499.7992118956,6312499.841340819,Cluster 2,0.1094017406784631,0.18854464828405793,0.07914290760559482
2,1990,CC83_2,CC83,542499.7620913137,6317499.727188424,Cluster 2,0.1086644430075983,0.1572015968809637,0.04853715387336539
2,1990,CC84_2,CC84,542499.7566802504,6322499.7616613405,Cluster 1,0.16279213368777445,0.2007061977307026,0.03791406404292816
2,1990,CC85_2,CC85,542499.7239279284,6327499.721485542,Cluster 3,0.1897323158116685,0.27629869864621864,0.08656638283455015
2,1990,CC86_2,CC86,542499.7227246305,6332499.718567566,Cluster 3,0.1330800045264172,0.19908505583545286,0.06600505130903567
2,1990,CC87_2,CC87,542499.6930338388,6337499.640942774,Cluster 1,0.1425470897343971,0.14455737467382257,0.002010284939425483
2,1990,CC88_2,CC88,542499.6924473802,6342499.711836177,Cluster 1,0.11487906846599355,0.19035559490132478,0.07547652643533123
2,1990,CC89_2,CC89,542499.7225329417,6347499.708588393,Cluster 2,0.1061258981353233,0.1494003460529545,0.04327444791763119
2,1990,CC90_2,CC90,547499.8365771989,6302499.788772783,Cluster 2,0.10433335413629162,0.18001131220188588,0.07567795806559426
2,1990,CC91_2,CC91,547499.8277234574,6307499.803976223,Cluster 3,0.10857642715545036,0.1462329378962595,0.037656510740809127
2,1990,CC92_2,CC92,547499.7746032869,6312499.855917229,Cluster 3,0.09430226589325039,0.1897000467207711,0.0953977808275207
2,1990,CC93_2,CC93,547499.7994806129,6317499.834643529,Cluster 3,0.13162728196689846,0.13643481339651256,0.004807531429614098
2,1990,CC94_2,CC94,547499.719378153,6322499.738043602,Cluster 3,0.1301550756788999,0.1944335818285902,0.0642785061496903
2,1990,CC95_2,CC95,547499.7132742624,6327499.790795946,Cluster 1,0.17695502523940276,0.20770083218055885,0.030745806941156084
2,1990,CC96_2,CC96,547499.7222361609,6332499.769553138,Cluster 3,0.12378127118949199,0.19164398267797922,0.06786271148848723
2,1990,CC97_2,CC97,547499.6838005685,6337499.784904589,Cluster 3,0.12424645761232225,0.15885600369621572,0.03460954608389347
2,1990,CC98_2,CC98,547499.7195078448,6342499.7268970525,Cluster 2,0.16635223609424435,0.18749914171258933,0.02114690561834498
2,1990,CC99_2,CC99,547499.706504553,6347499.705425574,Cluster 2,0.13157062088487126,0.14216649326907066,0.0105958723841994
2,1990,CD10_2,CD10,507500.00067667133,6252499.692961532,Cluster 2,0.11402645699773546,0.2030893771344767,0.08906292013674123
2,1990,CD11_2,CD11,507500.0220085052,6257499.676381406,Cluster 2,0.12312550898233603,0.1251524596795073,0.0020269506971712786
2,1990,CD13_2,CD13,507500.0503155149,6267499.752397923,Cluster 3,0.10392206039899363,0.1936148663811017,0.08969280598210808
2,1990,CD14_2,CD14,507499.9959119025,6272499.733530455,Cluster 1,0.19680214428964218,0.23467310974263647,0.03787096545299429
2,1990,CD15_2,CD15,507500.0388689106,6277499.7511699125,Cluster 1,0.21673572059907803,0.23388344435551836,0.01714772375644033
2,1990,CD16_2,CD16,507499.995151334,6282499.693658245,Cluster 3,0.11630033420051439,0.2277683552849863,0.1114680210844719
2,1990,CD17_2,CD17,507499.98714753694,6287499.67249593,Cluster 3,0.10647175315939407,0.1781633898011138,0.07169163664171972
2,1990,CD18_2,CD18,507500.0146276354,6292499.687658906,Cluster 2,0.14464735446039298,0.16569955362607713,0.021052199165684155
2,1990,CD21_2,CD21,512500.01438471023,6257499.682042768,Cluster 3,0.11249977055537119,0.2382794355607972,0.125779665005426
2,1990,CD22_2,CD22,512500.0164166468,6262499.721667139,Cluster 2,0.14287423627133736,0.2222489362862824,0.07937470001494504
2,1990,CD23_2,CD23,512499.9764066874,6267499.686291468,Cluster 3,0.10725013723271432,0.16759341556851332,0.060343278335799
2,1990,CD24_2,CD24,512500.01682432264,6272499.687559193,Cluster 3,0.10162515618696887,0.20945009004558068,0.10782493385861182
2,1990,CD26_2,CD26,512500.0311430825,6282499.687715276,Cluster 3,0.19141561232786883,0.19994545276421116,0.008529840436342334
2,1990,CD28_2,CD28,512499.9968010931,6292499.721756237,Cluster 1,0.12109574963368942,0.2272380165997952,0.10614226696610578
2,1990,CD29_2,CD29,512500.0070516916,6297499.681986718,Cluster 3,0.14632198687568798,0.17179431638711343,0.025472329511425446
2,1990,CD31_2,CD31,517499.9873017802,6257499.689823826,Cluster 3,0.096875726358091,0.22369945731357394,0.12682373095548294
2,1990,CD32_2,CD32,517499.9954113456,6262499.759304405,Cluster 3,0.1011925528066185,0.22053445951065664,0.11934190670403814
2,1990,CD33_2,CD33,517500.0060077057,6267499.753989291,Cluster 3,0.13692084548662722,0.1775336452381965,0.040612799751569284
2,1990,CD34_2,CD34,517499.95698225294,6272499.784906531,Cluster 3,0.14845855641181546,0.25647056019689496,0.1080120037850795
2,1990,CD36_2,CD36,517499.98719161353,6282499.733989379,Cluster 1,0.23270149237510263,0.33792328405173694,0.10522179167663431
2,1990,CD37_2,CD37,517500.0039983928,6287499.763160197,Cluster 2,0.1424443379212616,0.16951678095783276,0.027072443036571164
2,1990,CD38_2,CD38,517499.96096102183,6292499.717152444,Cluster 2,0.11868487651724907,0.1529669791986958,0.03428210268144674
2,1990,CD39_2,CD39,517499.9796768343,6297499.707759489,Cluster 3,0.15247169292136134,0.15958479314089832,0.007113100219536983
2,1990,CD40_2,CD40,522499.9897546972,6252499.738438926,Cluster 3,0.15186801448411574,0.24272830658101918,0.09086029209690344
2,1990,CD41_2,CD41,522499.9577492953,6257499.699618638,Cluster 3,0.13538384293766612,0.2601944214298789,0.1248105784922128
2,1990,CD42_2,CD42,522499.9726405925,6262499.6976654865,Cluster 3,0.09675274116250088,0.23317047315878558,0.1364177319962847
2,1990,CD43_2,CD43,522499.9724788307,6267499.732229277,Cluster 3,0.17579427164321154,0.1807448746670538,0.004950603023842259
2,1990,CD44_2,CD44,522499.9570123789,6272499.803285507,Cluster 2,0.1098125705907841,0.15728016442384052,0.04746759383305642
2,1990,CD45_2,CD45,522499.9265822344,6277499.799500932,Cluster 2,0.15862101550498756,0.21015779846563873,0.05153678296065117
2,1990,CD46_2,CD46,522499.9422009157,6282499.72117526,Cluster 2,0.14588110553785175,0.17799814509664103,0.03211703955878928
2,1990,CD47_2,CD47,522499.94102253095,6287499.790575308,Cluster 2,0.11338742552157616,0.14815560380345735,0.034768178281881196
2,1990,CD48_2,CD48,522499.9239833698,6292499.785056509,Cluster 3,0.11837748987005528,0.1355329264883489,0.017155436618293607
2,1990,CD49_2,CD49,522499.95187649434,6297499.704918779,Cluster 2,0.12136995620596693,0.1361056785171412,0.014735722311174274
2,1990,CD50_2,CD50,527499.9511970772,6252499.700352971,Cluster 3,0.13127381531687524,0.2625055176045237,0.13123170228764844
2,1990,CD51_2,CD51,527499.9427165891,6257499.711358914,Cluster 3,0.11628537883548747,0.2050819227421208,0.08879654390663334
2,1990,CD52_2,CD52,527499.9640577937,6262499.75929551,Cluster 3,0.10937222709687969,0.19673221028328908,0.08735998318640939
2,1990,CD53_2,CD53,527499.9539858935,6267499.732432754,Cluster 2,0.14808568558013913,0.1630667512447327,0.014981065664593562
2,1990,CD54_2,CD54,527499.9115217607,6272499.742050619,Cluster 3,0.09989071089587644,0.17583062598170882,0.07593991508583238
2,1990,CD55_2,CD55,527499.8977407311,6277499.788523502,Cluster 3,0.10701068635410352,0.1460378632300734,0.03902717687596988
2,1990,CD56_2,CD56,527499.9128910928,6282499.76051782,Cluster 3,0.10132214022067798,0.14904440481576856,0.047722264595090574
2,1990,CD57_2,CD57,527499.8945820702,6287499.768916321,Cluster 3,0.11494150591628569,0.14602131297814236,0.031079807061856674
2,1990,CD58_2,CD58,527499.9036695738,6292499.81409373,Cluster 2,0.15195278791674122,0.15861860422065702,0.0066658163039158
2,1990,CD59_2,CD59,527499.9404047114,6297499.784713762,Cluster 2,0.13438620146308025,0.20975815021286154,0.07537194874978129
2,1990,CD60_2,CD60,532499.9431598982,6252499.765451516,Cluster 3,0.08976451897640073,0.18368459206484306,0.09392007308844233
2,1990,CD61_2,CD61,532499.8975667739,6257499.724542583,Cluster 2,0.12622932141533622,0.14029224908896198,0.014062927673625769
2,1990,CD62_2,CD62,532499.9264218447,6262499.721080979,Cluster 3,0.09058438847755032,0.19375205745794696,0.10316766898039664
2,1990,CD63_2,CD63,532499.9060614218,6267499.754098765,Cluster 3,0.16068599909515002,0.2213602389444727,0.060674239849322686
2,1990,CD64_2,CD64,532499.8984825077,6272499.712735584,Cluster 2,0.11008839064528389,0.1692425900361101,0.05915419939082622
2,1990,CD65_2,CD65,532499.9014897305,6277499.819579325,Cluster 2,0.1140663427539818,0.1378518030216905,0.02378546026770871
2,1990,CD66_2,CD66,532499.9171695623,6282499.740681873,Cluster 2,0.13407322157405455,0.13418442309269166,1.112015186371107e-4
2,1990,CD67_2,CD67,532499.8812754106,6287499.809468063,Cluster 3,0.10775598530774118,0.2525779270813828,0.14482194177364166
2,1990,CD68_2,CD68,532499.9174908885,6292499.804240393,Cluster 3,0.10729952629127876,0.1371727828818889,0.02987325659061013
2,1990,CD69_2,CD69,532499.9030293231,6297499.72402499,Cluster 2,0.12024283758587515,0.1364953303624165,0.016252492776541366
2,1990,CD70_2,CD70,537499.9224899263,6252499.710588921,Cluster 2,0.12899217531624746,0.16764582397247724,0.03865364865622978
2,1990,CD71_2,CD71,537499.9009141074,6257499.739502609,Cluster 3,0.11282524877049287,0.15893240428692124,0.04610715551642837
2,1990,CD72_2,CD72,537499.8761429818,6262499.694117894,Cluster 2,0.12432310111214748,0.15793476149250113,0.03361166038035365
2,1990,CD73_2,CD73,537499.8457173071,6267499.797017795,Cluster 3,0.11332162900086608,0.19270831974939287,0.07938669074852679
2,1990,CD74_2,CD74,537499.8735113181,6272499.714805415,Cluster 3,0.12853551786356124,0.21473242782479404,0.0861969099612328
2,1990,CD75_2,CD75,537499.8945203188,6277499.780826929,Cluster 3,0.10309866122194757,0.14520936882004315,0.042110707598095584
2,1990,CD76_2,CD76,537499.8489667726,6282499.771897683,Cluster 3,0.10420444032508706,0.19011870516986856,0.0859142648447815
2,1990,CD77_2,CD77,537499.8579666234,6287499.800388882,Cluster 2,0.15838755323753517,0.17339361817840526,0.01500606494087009
2,1990,CD78_2,CD78,537499.8606860194,6292499.754419795,Cluster 2,0.1199323686067096,0.19465065042384538,0.07471828181713579
2,1990,CD80_2,CD80,542499.9043316353,6252499.758197298,Cluster 2,0.10567975341283294,0.20233396024555908,0.09665420683272614
2,1990,CD81_2,CD81,542499.9081204964,6257499.755666731,Cluster 3,0.1142102773897527,0.24234063182143278,0.12813035443168008
2,1990,CD82_2,CD82,542499.8906583615,6262499.790154996,Cluster 3,0.08795841601473334,0.16268443805327812,0.07472602203854478
2,1990,CD83_2,CD83,542499.8525639324,6267499.7503311,Cluster 3,0.14515850579556733,0.18149995172535874,0.03634144592979141
2,1990,CD84_2,CD84,542499.8536315641,6272499.748089695,Cluster 3,0.11623266138658349,0.20274973682414488,0.08651707543756139
2,1990,CD85_2,CD85,542499.8318074815,6277499.782787062,Cluster 2,0.12143383638819652,0.19680924356944382,0.0753754071812473
2,1990,CD86_2,CD86,542499.848977515,6282499.74370801,Cluster 3,0.12326953872410895,0.13425097362462,0.010981434900511039
2,1990,CD87_2,CD87,542499.8409872162,6287499.852821364,Cluster 3,0.12484195174394562,0.14380378731453972,0.018961835570594096
2,1990,CD88_2,CD88,542499.8718291062,6292499.776795781,Cluster 2,0.12672380880825904,0.1675146661473969,0.04079085733913787
2,1990,CD89_2,CD89,542499.8153189467,6297499.848290001,Cluster 2,0.17942499039581455,0.2264264891553869,0.04700149875957235
2,1990,CD90_2,CD90,547499.9077536316,6252499.685534189,Cluster 3,0.12622791458941165,0.1977851926111662,0.07155727802175454
2,1990,CD91_2,CD91,547499.8745462188,6257499.772209364,Cluster 3,0.1266894784564672,0.25614002383935414,0.12945054538288694
2,1990,CD92_2,CD92,547499.8659603776,6262499.785287277,Cluster 3,0.10166008934132578,0.2336439110836738,0.13198382174234802
2,1990,CD93_2,CD93,547499.8197961848,6267499.724049108,Cluster 2,0.16532469491301333,0.18365655827050495,0.018331863357491623
2,1990,CD94_2,CD94,547499.7944576344,6272499.811765392,Cluster 3,0.17773582339131935,0.18279608126553681,0.005060257874217461
2,1990,CD95_2,CD95,547499.7917206177,6277499.825801136,Cluster 3,0.12040511567960348,0.22932259896627882,0.10891748328667535
2,1990,CD96_2,CD96,547499.8108651892,6282499.766127534,Cluster 3,0.1110815714517406,0.25185571688622815,0.14077414543448757
2,1990,CD97_2,CD97,547499.8486541302,6287499.855329811,Cluster 2,0.11671522319589271,0.1441603462494022,0.027445123053509476
2,1990,CD98_2,CD98,547499.8457579509,6292499.870075763,Cluster 3,0.1673053039761819,0.24018746911597566,0.07288216513979376
2,1990,CD99_2,CD99,547499.8016743321,6297499.8103351565,Cluster 3,0.1901147941128578,0.20538903385010496,0.015274239737247147
2,1990,CE10_2,CE10,507500.0262864438,6202499.752100389,Cluster 2,0.1287444504280282,0.16969854961955677,0.040954099191528565
2,1990,CE11_2,CE11,507500.0477176856,6207499.815339364,Cluster 3,0.1553800479976396,0.1991509197153195,0.043770871717679904
2,1990,CE12_2,CE12,507500.04475203936,6212499.8038825905,Cluster 1,0.25712649804792576,0.26478332236692403,0.007656824318998279
2,1990,CE13_2,CE13,507500.07958559337,6217499.717812039,Cluster 2,0.16965625195120068,0.20271818145028236,0.03306192949908168
2,1990,CE14_2,CE14,507500.0273397176,6222499.77948883,Cluster 2,0.13249137363807284,0.20446125723123615,0.07196988359316331
2,1990,CE15_2,CE15,507500.07478817966,6227499.766611712,Cluster 3,0.13323823126135975,0.17121465808975123,0.037976426828391474
2,1990,CE16_2,CE16,507500.0353278538,6232499.79013519,Cluster 2,0.19215961664816644,0.22444061520780942,0.032280998559642976
2,1990,CE17_2,CE17,507500.0331905386,6237499.73894793,Cluster 3,0.16658365038000073,0.1937417563090734,0.027158105929072668
2,1990,CE18_2,CE18,507500.06795502856,6242499.724328115,Cluster 2,0.15119498520204816,0.187992286794945,0.03679730159289685
2,1990,CE19_2,CE19,507500.01585132466,6247499.746037214,Cluster 2,0.12529994180838053,0.19367083776447316,0.06837089595609264
2,1990,CE20_2,CE20,512500.0778718726,6202499.765489041,Cluster 3,0.12927096579085134,0.2252642948009492,0.09599332901009786
2,1990,CE21_2,CE21,512500.0416534956,6207499.736611552,Cluster 3,0.17135336748501828,0.2516863890145917,0.08033302152957345
2,1990,CE22_2,CE22,512500.08898064535,6212499.744663644,Cluster 3,0.19596502459579745,0.2359646893175681,0.039999664721770634
2,1990,CE23_2,CE23,512500.0327829848,6217499.789083581,Cluster 2,0.14442517339233515,0.15144926901935848,0.00702409562702333
2,1990,CE24_2,CE24,512500.0599824369,6222499.759086974,Cluster 3,0.11386842472469598,0.1796855080390515,0.06581708331435553
2,1990,CE25_2,CE25,512500.045683016,6227499.765589996,Cluster 2,0.15802615165169828,0.23238585495288774,0.07435970330118946
2,1990,CE26_2,CE26,512500.05217830365,6232499.697447278,Cluster 2,0.19441062009784188,0.26586849322692935,0.07145787312908747
2,1990,CE27_2,CE27,512500.0166706834,6237499.77705867,Cluster 2,0.18183837904192807,0.26312247856993237,0.0812840995280043
2,1990,CE29_2,CE29,512500.0068288046,6247499.712173496,Cluster 2,0.20544905146755552,0.27083104363532506,0.06538199216776955
2,1990,CE30_2,CE30,517500.0454849072,6202499.78370307,Cluster 3,0.12835709689880243,0.17319473495609825,0.04483763805729582
2,1990,CE31_2,CE31,517500.0763001169,6207499.784124023,Cluster 3,0.11588709996262066,0.20729930891873977,0.09141220895611911
2,1990,CE32_2,CE32,517500.0498415911,6212499.709770298,Cluster 2,0.15359434782565193,0.2570148232588702,0.10342047543321828
2,1990,CE33_2,CE33,517500.0895961484,6217499.78371891,Cluster 2,0.1489082878962885,0.19788477584108133,0.04897648794479284
2,1990,CE34_2,CE34,517500.07173813885,6222499.7828447055,Cluster 2,0.15431817335029693,0.17852959583810735,0.024211422487810413
2,1990,CE35_2,CE35,517500.0583055991,6227499.707374013,Cluster 2,0.16194250551943212,0.2043268400397983,0.04238433452036619
2,1990,CE36_2,CE36,517500.0481509513,6232499.779884519,Cluster 2,0.24441807318902042,0.3014174996026864,0.056999426413665955
2,1990,CE37_2,CE37,517500.0419372872,6237499.777750103,Cluster 2,0.1564885510152681,0.2610451548831242,0.10455660386785609
2,1990,CE38_2,CE38,517500.0394236659,6242499.700944795,Cluster 3,0.14044228990243907,0.1954481593682949,0.05500586946585584
2,1990,CE39_2,CE39,517500.0394573879,6247499.77205085,Cluster 2,0.12176458907202192,0.23154446671757525,0.10977987764555333
2,1990,CE40_2,CE40,522500.0704425728,6202499.807062485,Cluster 2,0.17442257880867998,0.2862359857250071,0.1118134069163271
2,1990,CE41_2,CE41,522500.0442081195,6207499.734739026,Cluster 2,0.1470051444708525,0.17373235812318524,0.026727213652332743
2,1990,CE42_2,CE42,522500.0678054823,6212499.810822077,Cluster 3,0.19481357291103335,0.1962694878894324,0.0014559149783990588
2,1990,CE45_2,CE45,522500.06692997954,6227499.703048657,Cluster 2,0.2004180467339231,0.21593971027252304,0.015521663538599934
2,1990,CE46_2,CE46,522500.041145187,6232499.703433006,Cluster 2,0.15600899927058454,0.15725098355895775,0.0012419842883732157
2,1990,CE47_2,CE47,522500.0640162797,6237499.74080711,Cluster 2,0.12426568982545594,0.1792320777608326,0.05496638793537667
2,1990,CE48_2,CE48,522500.0119734386,6242499.703193641,Cluster 3,0.10866033996258895,0.14566562176251546,0.037005281799926515
2,1990,CE49_2,CE49,522500.0079419588,6247499.702520713,Cluster 3,0.10831470836682235,0.2041975439513755,0.09588283558455314
2,1990,CE50_2,CE50,527500.0450754714,6202499.723619567,Cluster 2,0.14898302790772366,0.1699945384758544,0.021011510568130748
2,1990,CE51_2,CE51,527500.0855328589,6207499.811552569,Cluster 3,0.19088824344082528,0.2656478886330884,0.07475964519226314
2,1990,CE52_2,CE52,527500.0988265752,6212499.713670329,Cluster 3,0.19537451729653965,0.2863769154811172,0.09100239818457756
2,1990,CE53_2,CE53,527500.082575689,6217499.763839749,Cluster 2,0.17704588411710007,0.23809229178215074,0.06104640766505068
2,1990,CE54_2,CE54,527500.1000764947,6222499.739837737,Cluster 3,0.1357048925830362,0.2399405407679638,0.10423564818492762
2,1990,CE55_2,CE55,527500.0880835521,6227499.752541096,Cluster 3,0.13119858915097066,0.17344798742683348,0.042249398275862826
2,1990,CE56_2,CE56,527500.0470532825,6232499.690624631,Cluster 3,0.11175732149158188,0.15763903292814105,0.04588171143655917
2,1990,CE57_2,CE57,527500.0379328128,6237499.66576125,Cluster 2,0.15379018402102795,0.17721355699294367,0.023423372971915712
2,1990,CE58_2,CE58,527499.9984027212,6242499.67752908,Cluster 2,0.10594485940629408,0.18387548812572527,0.07793062871943118
2,1990,CE59_2,CE59,527499.989976083,6247499.726301877,Cluster 2,0.16165230029927005,0.22167094583520047,0.06001864553593042
2,1990,CE60_2,CE60,532500.0469924002,6202499.756178573,Cluster 3,0.13251094068751343,0.19818857999334002,0.0656776393058266
2,1990,CE61_2,CE61,532500.0933404423,6207499.791210008,Cluster 3,0.14238522196069864,0.22575116016647295,0.08336593820577431
2,1990,CE62_2,CE62,532500.0953795096,6212499.751701555,Cluster 3,0.17679867429686655,0.25419752695442505,0.0773988526575585
2,1990,CE63_2,CE63,532500.0520095888,6217499.748924329,Cluster 3,0.1472382302951448,0.24719383986148935,0.09995560956634456
2,1990,CE64_2,CE64,532500.088076029,6222499.6724942615,Cluster 3,0.18266100200910784,0.31819175166906494,0.1355307496599571
2,1990,CE65_2,CE65,532500.0770745723,6227499.744045095,Cluster 3,0.13081738298044088,0.22356252884259217,0.0927451458621513
2,1990,CE66_2,CE66,532500.0204245233,6232499.74095347,Cluster 2,0.12525130516554628,0.18425902808658984,0.05900772292104356
2,1990,CE67_2,CE67,532500.0416984205,6237499.664132946,Cluster 3,0.11473613052927875,0.14975913172003869,0.035023001190759934
2,1990,CE68_2,CE68,532500.0148175734,6242499.735220286,Cluster 2,0.1293571612495357,0.1379343882587868,0.008577227009251093
2,1990,CE69_2,CE69,532499.9412093535,6247499.731587012,Cluster 3,0.0888153456865068,0.19173120643914018,0.10291586075263338
2,1990,CE70_2,CE70,537500.0308170322,6202499.79289711,Cluster 3,0.11935747511787513,0.15717203535008115,0.037814560232206015
2,1990,CE71_2,CE71,537500.0835327087,6207499.784787841,Cluster 2,0.12212693594813528,0.24619362764133954,0.12406669169320425
2,1990,CE72_2,CE72,537500.0755039781,6212499.702100726,Cluster 3,0.18890215270095823,0.274380343898913,0.0854781911979548
2,1990,CE73_2,CE73,537500.067701568,6217499.65664748,Cluster 2,0.1971080949336006,0.22383436066621698,0.026726265732616383
2,1990,CE74_2,CE74,537500.0596364432,6222499.648403606,Cluster 3,0.20111572099038194,0.28757167569104997,0.08645595470066803
2,1990,CE75_2,CE75,537500.0508192427,6227499.677344484,Cluster 3,0.13248589564050775,0.25123347960166,0.11874758396115223
2,1990,CE76_2,CE76,537500.0417347807,6232499.63214553,Cluster 2,0.1566740573135123,0.1993677093895259,0.04269365207601358
2,1990,CE77_2,CE77,537500.0299457153,6237499.735380851,Cluster 3,0.10361516537065153,0.18045785004648404,0.07684268467583251
2,1990,CE78_2,CE78,537499.9560459278,6242499.652580182,Cluster 3,0.14295977327598006,0.2807947585356488,0.13783498525966872
2,1990,CE79_2,CE79,537499.9403775054,6247499.718706845,Cluster 2,0.19643887299242616,0.26849731267262694,0.07205843968020079
2,1990,CE80_2,CE80,542500.0765360219,6202499.722907818,Cluster 3,0.09994427386501034,0.18629688928252092,0.08635261541751058
2,1990,CE81_2,CE81,542500.0725898192,6207499.792100813,Cluster 3,0.1791377474178898,0.19042174885549096,0.011284001437601165
2,1990,CE82_2,CE82,542500.0549823554,6212499.675981395,Cluster 3,0.20862454210518935,0.33345862505438895,0.12483408294919959
2,1990,CE83_2,CE83,542500.0821386847,6217499.709024412,Cluster 3,0.192720759110964,0.2521041703533987,0.05938341124243471
2,1990,CE84_2,CE84,542500.0312720044,6222499.667383468,Cluster 3,0.14225783158925898,0.25138828299426463,0.10913045140500566
2,1990,CE85_2,CE85,542500.0251304065,6227499.663558211,Cluster 3,0.13968881317792015,0.2333096170148431,0.09362080383692295
2,1990,CE86_2,CE86,542500.0010096645,6232499.696908841,Cluster 3,0.17366857409750006,0.17874298131203828,0.0050744072145382235
2,1990,CE87_2,CE87,542499.9595191028,6237499.656109798,Cluster 2,0.14062574919504464,0.14700699731275546,0.006381248117710819
2,1990,CE88_2,CE88,542499.960902843,6242499.653049735,Cluster 3,0.1285956428572522,0.27601188232526414,0.14741623946801194
2,1990,CE89_2,CE89,542499.9426731234,6247499.687087541,Cluster 3,0.12652961558512954,0.23577247209654306,0.10924285651141352
2,1990,CE90_2,CE90,547500.0112863941,6202499.766809329,Cluster 3,0.12796960996707551,0.14599333215168753,0.018023722184612012
2,1990,CE91_2,CE91,547500.0158636335,6207499.701018751,Cluster 3,0.10369908666062604,0.19657071115867672,0.09287162449805068
2,1990,CE92_2,CE92,547500.0503056952,6212499.673195112,Cluster 3,0.14863858654056547,0.23413624205753464,0.08549765551696917
2,1990,CE93_2,CE93,547500.0516845292,6217499.682626755,Cluster 3,0.1405927766583484,0.25888261331880996,0.11828983666046156
2,1990,CE94_2,CE94,547500.0194965032,6222499.7292875815,Cluster 3,0.09375455962630205,0.18903655488979776,0.0952819952634957
2,1990,CE95_2,CE95,547500.0165332087,6227499.702541236,Cluster 3,0.1284799356789084,0.14118751768448762,0.012707582005579227
2,1990,CE96_2,CE96,547499.9788540612,6232499.712970672,Cluster 3,0.12587106279299765,0.15005974628737714,0.024188683494379498
2,1990,CE97_2,CE97,547499.9691090817,6237499.649938437,Cluster 2,0.15886689211392874,0.26628543730481974,0.107418545190891
2,1990,CE98_2,CE98,547499.9234977771,6242499.624028113,Cluster 2,0.10085582212995499,0.1606161625079416,0.05976034037798662
2,1990,CE99_2,CE99,547499.9032871589,6247499.63590194,Cluster 3,0.13212043434360596,0.26392617389114903,0.13180573954754307
2,1990,CF10_2,CF10,507500.04285710165,6152499.805047145,Cluster 3,0.13989797352747732,0.22144155708294755,0.08154358355547023
2,1990,CF11_2,CF11,507500.05492596835,6157499.834451183,Cluster 2,0.1315384215621635,0.14421899664317692,0.012680575081013418
2,1990,CF12_2,CF12,507500.04327710776,6162499.789395868,Cluster 2,0.16582264773557537,0.21944601293031074,0.05362336519473537
2,1990,CF13_2,CF13,507500.0706404502,6167499.781255058,Cluster 3,0.15980086645018085,0.24502464877166982,0.08522378232148897
2,1990,CF14_2,CF14,507500.0739329783,6172499.809900087,Cluster 3,0.15115180214923546,0.1576691428978064,0.006517340748570938
2,1990,CF15_2,CF15,507500.0533334287,6177499.764015607,Cluster 3,0.14696972293075997,0.18712398366783572,0.04015426073707576
2,1990,CF16_2,CF16,507500.0713544187,6182499.754977835,Cluster 2,0.1307450089352234,0.16325737073478855,0.032512361799565154
2,1990,CF17_2,CF17,507500.0651289864,6187499.782657654,Cluster 2,0.13337484204271072,0.21000998876431265,0.07663514672160193
2,1990,CF18_2,CF18,507500.03483679594,6192499.735736998,Cluster 2,0.17326237933496827,0.21736438575022304,0.044102006415254774
2,1990,CF19_2,CF19,507500.0425821252,6197499.836890889,Cluster 3,0.1534433343393502,0.15529526190218024,0.0018519275628300358
2,1990,CF20_2,CF20,512500.0890358579,6152499.85022648,Cluster 3,0.13216236743988466,0.17216629155611882,0.04000392411623416
2,1990,CF21_2,CF21,512500.0804062962,6157499.787179069,Cluster 3,0.11573587578790641,0.19639788424176474,0.08066200845385833
2,1990,CF22_2,CF22,512500.03149114567,6162499.872222402,Cluster 3,0.12410052550931659,0.14229616865594197,0.018195643146625376
2,1990,CF23_2,CF23,512500.06907642435,6167499.771820084,Cluster 3,0.19647345354119858,0.21151939498482808,0.015045941443629501
2,1990,CF24_2,CF24,512500.06605251407,6172499.819464415,Cluster 3,0.15291270624351824,0.15346406270551233,5.513564619940847e-4
2,1990,CF25_2,CF25,512500.0230344669,6177499.792549392,Cluster 2,0.14206374406441777,0.18093454152460636,0.038870797460188594
2,1990,CF26_2,CF26,512500.0651124667,6182499.802702072,Cluster 2,0.09541061023486239,0.18670424288005108,0.0912936326451887
2,1990,CF27_2,CF27,512500.0665558964,6187499.849542149,Cluster 2,0.12111658131593217,0.17087642877645606,0.04975984746052389
2,1990,CF28_2,CF28,512500.0276656862,6192499.82175148,Cluster 2,0.11319093051051081,0.1598980439838773,0.04670711347336649
2,1990,CF29_2,CF29,512500.0730969767,6197499.830959868,Cluster 3,0.12145896070251892,0.24915358640977353,0.1276946257072546
2,1990,CF30_2,CF30,517500.0490080542,6152499.803977083,Cluster 3,0.1259484211832864,0.20529990821051386,0.07935148702722747
2,1990,CF31_2,CF31,517500.08229393145,6157499.880785225,Cluster 3,0.12827305584892695,0.221746833423655,0.09347377757472805
2,1990,CF32_2,CF32,517500.0598427792,6162499.883060531,Cluster 3,0.16124782100940976,0.3031416561694035,0.1418938351599937
2,1990,CF33_2,CF33,517500.0445604493,6167499.811028843,Cluster 3,0.16146432463608887,0.286270515333871,0.12480619069778212
2,1990,CF34_2,CF34,517500.0357638052,6172499.775957468,Cluster 3,0.147706001653211,0.2304964651244316,0.0827904634712206
2,1990,CF35_2,CF35,517500.0332116384,6177499.777824086,Cluster 2,0.17283655605236448,0.18697030543986465,0.014133749387500172
2,1990,CF36_2,CF36,517500.0366625694,6182499.816606281,Cluster 3,0.1394241250277066,0.19123752639632016,0.051813401368613565
2,1990,CF37_2,CF37,517500.04632165184,6187499.780987112,Cluster 2,0.10349604144836472,0.22784136909013175,0.12434532764176703
2,1990,CF38_2,CF38,517500.061502076,6192499.782236776,Cluster 3,0.1390399214258514,0.1666496745688977,0.02760975314304631
2,1990,CF39_2,CF39,517500.0819619571,6197499.820332571,Cluster 3,0.12458681162063699,0.18917670191776947,0.06458989029713248
2,1990,CF40_2,CF40,522500.0642822681,6152499.88918984,Cluster 3,0.11008842180622658,0.23011061137543493,0.12002218956920835
2,1990,CF41_2,CF41,522500.0773326165,6157499.892575038,Cluster 3,0.15565380070900386,0.2217576586493862,0.06610385794038234
2,1990,CF42_2,CF42,522500.08171073144,6162499.821689351,Cluster 3,0.121596375320783,0.12567565566155448,0.004079280340771471
2,1990,CF43_2,CF43,522500.0766004052,6167499.787798728,Cluster 3,0.11424623702028315,0.17004556526091474,0.05579932824063159
2,1990,CF44_2,CF44,522500.0617534066,6172499.790880593,Cluster 3,0.1098430787557291,0.22841314537461704,0.11857006661888794
2,1990,CF45_2,CF45,522500.0369213511,6177499.830912278,Cluster 3,0.1314074501720537,0.1515560385401791,0.020148588368125386
2,1990,CF47_2,CF47,522500.02009768866,6187499.799469306,Cluster 3,0.1184756739015043,0.1460229125541123,0.027547238652607983
2,1990,CF48_2,CF48,522500.02689213475,6192499.839240847,Cluster 2,0.14342176400825193,0.2502840765906864,0.10686231258243448
2,1990,CF49_2,CF49,522500.0856363534,6197499.8048974695,Cluster 3,0.15617021540828163,0.23145304845252904,0.0752828330442474
2,1990,CF50_2,CF50,527500.0886990835,6152499.883027053,Cluster 3,0.16613290142633946,0.31578151552704276,0.1496486141007033
2,1990,CF51_2,CF51,527500.0818896274,6157499.8224678775,Cluster 3,0.1350883983326096,0.28131151387769054,0.14622311554508094
2,1990,CF52_2,CF52,527500.0497756924,6162499.798923867,Cluster 3,0.14733135566578517,0.21891930222144024,0.07158794655565506
2,1990,CF53_2,CF53,527500.0550309606,6167499.812767024,Cluster 3,0.1430715508207024,0.1874790863229581,0.04440753550225571
2,1990,CF54_2,CF54,527500.0343271294,6172499.863579813,Cluster 3,0.1476248065931093,0.2888735407925357,0.14124873419942638
2,1990,CF55_2,CF55,527500.0508941073,6177499.840442368,Cluster 3,0.14616421432078774,0.2816676015244823,0.13550338720369454
2,1990,CF56_2,CF56,527500.0408488035,6182499.854226997,Cluster 3,0.09865090475195405,0.1768729384410251,0.07822203368907106
2,1990,CF57_2,CF57,527500.0672787909,6187499.794012441,Cluster 2,0.10105687086922849,0.15136106218333964,0.05030419131411115
2,1990,CF58_2,CF58,527500.0664424137,6192499.770672006,Cluster 2,0.10334535551005114,0.15450285870901684,0.0511575031989657
2,1990,CF59_2,CF59,527500.0380833544,6197499.784182167,Cluster 3,0.15380525745754237,0.15682980574012823,0.0030245482825858594
2,1990,CF60_2,CF60,532500.0746473216,6152499.896262771,Cluster 3,0.13267634514434914,0.2570051513245696,0.12432880618022044
2,1990,CF61_2,CF61,532500.0476127628,6157499.892527556,Cluster 3,0.11225674108410413,0.2424073771662397,0.13015063608213556
2,1990,CF62_2,CF62,532500.0430350703,6162499.81496773,Cluster 3,0.11822609899235965,0.23206339521900732,0.11383729622664766
2,1990,CF63_2,CF63,532500.058788367,6167499.886138109,Cluster 3,0.1097719184055502,0.22076299225125182,0.11099107384570162
2,1990,CF64_2,CF64,532500.0331872304,6172499.882969435,Cluster 3,0.16060833711831837,0.29053794986463055,0.12992961274631218
2,1990,CF65_2,CF65,532500.028758022,6177499.805903052,Cluster 3,0.1402679823933527,0.23711092075614765,0.09684293836279495
2,1990,CF66_2,CF66,532500.0433655721,6182499.877498317,Cluster 3,0.09761423781924378,0.1701225169212799,0.07250827910203611
2,1990,CF67_2,CF67,532500.016379806,6187499.763386833,Cluster 2,0.16055726157548122,0.16880199669697407,0.008244735121492847
2,1990,CF68_2,CF68,532500.0701839877,6192499.798358294,Cluster 3,0.1511569671214249,0.18289986750546372,0.03174290038403882
2,1990,CF69_2,CF69,532500.0807532563,6197499.758865873,Cluster 3,0.1287426413147619,0.23050210946274302,0.10175946814798112
2,1990,CF70_2,CF70,537500.1021949608,6152499.817917419,Cluster 3,0.12574882672033894,0.26158024968965077,0.13583142296931183
2,1990,CF71_2,CF71,537500.0550795781,6157499.88048536,Cluster 3,0.14649735345328854,0.154732680692044,0.008235327238755447
2,1990,CF72_2,CF72,537500.0774855074,6162499.869807724,Cluster 3,0.12270471632333937,0.19041068970803154,0.06770597338469217
2,1990,CF73_2,CF73,537500.0419040467,6167499.89607103,Cluster 3,0.10455254350786855,0.20024836023360873,0.09569581672574018
2,1990,CF74_2,CF74,537500.0118776582,6172499.848500056,Cluster 3,0.17195561850472146,0.20165001655400924,0.02969439804928778
2,1990,CF75_2,CF75,537500.0487537576,6177499.838899511,Cluster 3,0.14585673054489678,0.16363352952747778,0.017776798982581
2,1990,CF76_2,CF76,537500.0264034058,6182499.866166838,Cluster 2,0.10767185612591826,0.1753448133629901,0.06767295723707184
2,1990,CF77_2,CF77,537500.0707976818,6187499.82006512,Cluster 2,0.10236797453749752,0.15545019933858964,0.05308222480109212
2,1990,CF78_2,CF78,537500.0551390985,6192499.810781486,Cluster 3,0.11656892101353765,0.23082905490533556,0.11426013389179791
2,1990,CF79_2,CF79,537500.0416532608,6197499.838831865,Cluster 3,0.12360238890878657,0.13160251591239125,0.008000127003604682
2,1990,CF80_2,CF80,542500.0592552546,6152499.8693641145,Cluster 2,0.14270076815539265,0.181842044182426,0.03914127602703335
2,1990,CF81_2,CF81,542500.0565058092,6157499.897039448,Cluster 3,0.10786952642497806,0.2012712224951091,0.09340169607013103
2,1990,CF82_2,CF82,542500.0441988781,6162499.850954939,Cluster 3,0.16660443228653524,0.32053206985286725,0.15392763756633202
2,1990,CF83_2,CF83,542500.0207665939,6167499.842372999,Cluster 3,0.12291586248064612,0.23560206623217336,0.11268620375152724
2,1990,CF84_2,CF84,542500.048573576,6172499.871880924,Cluster 2,0.16700576654178914,0.19375542198293907,0.026749655441149933
2,1990,CF85_2,CF85,542500.0024235704,6177499.826941581,Cluster 2,0.11551153964081896,0.17128367760669988,0.055772137965880916
2,1990,CF86_2,CF86,542500.0063853149,6182499.82004259,Cluster 3,0.17942816808502557,0.1999922013017898,0.020564033216764227
2,1990,CF87_2,CF87,542500.0597483467,6187499.851160479,Cluster 3,0.08562217210148226,0.16579602433055796,0.08017385222907569
2,1990,CF88_2,CF88,542500.0377536514,6192499.807753425,Cluster 2,0.13771690010131402,0.18955181793844675,0.05183491783713273
2,1990,CF89_2,CF89,542500.064030432,6197499.802313068,Cluster 3,0.11225475623144614,0.1667578613302243,0.05450310509877816
2,1990,CF90_2,CF90,547500.0889142159,6152499.94029991,Cluster 3,0.16013912954580042,0.18793480112915167,0.02779567158335125
2,1990,CF91_2,CF91,547500.0678756869,6157499.942027305,Cluster 3,0.12493382208163006,0.19605240175618943,0.07111857967455937
2,1990,CF92_2,CF92,547500.021346869,6162499.870003907,Cluster 3,0.11850115310396955,0.15990185758039988,0.04140070447643032
2,1990,CF93_2,CF93,547500.0105560533,6167499.836173768,Cluster 3,0.11517032169190122,0.2424500271572627,0.12727970546536146
2,1990,CF94_2,CF94,547500.0347869882,6172499.840513072,Cluster 2,0.15803086995013627,0.24218137873281922,0.08415050878268296
2,1990,CF95_2,CF95,547500.030537062,6177499.882314021,Cluster 3,0.08930950882267821,0.16582812499413024,0.07651861617145203
2,1990,CF96_2,CF96,547499.9985196197,6182499.850260958,Cluster 2,0.1094365552877965,0.19987418427558173,0.09043762898778523
2,1990,CF97_2,CF97,547499.999664888,6187499.856302122,Cluster 2,0.12041901366493153,0.1947061599967861,0.07428714633185456
2,1990,CF98_2,CF98,547500.0344730752,6192499.789121118,Cluster 3,0.10237100267483983,0.1989641606090163,0.09659315793417649
2,1990,CF99_2,CF99,547500.0385143282,6197499.759298731,Cluster 3,0.11067928062591499,0.140558636688658,0.029879356062743015
2,1990,CG00_2,CG00,502500.0261580071,6102499.830919192,Cluster 2,0.2235287060179649,0.29899510671745716,0.07546640069949226
2,1990,CG01_2,CG01,502500.0726485491,6107499.815118513,Cluster 2,0.17029067560453742,0.250575596389435,0.08028492078489757
2,1990,CG02_2,CG02,502500.04775678914,6112499.836347805,Cluster 2,0.20771811904037832,0.3224868150039619,0.1147686959635836
2,1990,CG03_2,CG03,502500.0153410255,6117499.894620556,Cluster 2,0.14359492586191627,0.2500098906777762,0.10641496481585991
2,1990,CG04_2,CG04,502500.0390334766,6122499.878665998,Cluster 2,0.24770518849523007,0.30865927773656193,0.06095408924133186
2,1990,CG05_2,CG05,502500.0550520218,6127499.899711133,Cluster 3,0.1321387187382006,0.22171102453094346,0.08957230579274286
2,1990,CG06_2,CG06,502500.0634538295,6132499.846448853,Cluster 2,0.13037730554218754,0.18487014197334162,0.054492836431154074
2,1990,CG07_2,CG07,502500.0641750675,6137499.830142095,Cluster 3,0.1040039230323683,0.2043777314473112,0.1003738084149429
2,1990,CG08_2,CG08,502500.0572123166,6142499.850769465,Cluster 2,0.19926122270440141,0.2622804419431263,0.06301921923872486
2,1990,CG09_2,CG09,502500.0425621639,6147499.908309469,Cluster 3,0.12693406958026332,0.22123337295787524,0.09429930337761191
2,1990,CG10_2,CG10,507500.0814512452,6102499.76344352,Cluster 2,0.16967382650202384,0.2452952022726265,0.07562137577060266
2,1990,CG11_2,CG11,507500.0744522167,6107499.868036532,Cluster 2,0.1889809360525546,0.2725917094675254,0.08361077341497083
2,1990,CG12_2,CG12,507500.0445943599,6112499.787116632,Cluster 2,0.18599653742005207,0.28153902686446464,0.09554248944441257
2,1990,CG13_2,CG13,507500.0549592401,6117499.854614016,Cluster 2,0.139295086194986,0.17783612356320844,0.038541037368222425
2,1990,CG14_2,CG14,507500.0421171495,6122499.847835636,Cluster 2,0.17456866387798986,0.2595943845310825,0.08502572065309266
2,1990,CG15_2,CG15,507500.0693758277,6127499.878149052,Cluster 2,0.12492822370077095,0.17722659329436116,0.052298369593590216
2,1990,CG16_2,CG16,507500.07326439786,6132499.834140972,Cluster 2,0.1481189111861627,0.23487249121909667,0.08675358003293399
2,1990,CG17_2,CG17,507500.0535864384,6137499.82707415,Cluster 3,0.13403877562224215,0.19345765507993415,0.059418879457692
2,1990,CG18_2,CG18,507500.073619542,6142499.857033516,Cluster 2,0.384773512297669,0.43316398125593386,0.048390468958264876
2,1990,CG19_2,CG19,507500.0701088966,6147499.8126028655,Cluster 2,0.15177257936220775,0.20852959874393812,0.05675701938173036
2,1990,CG20_2,CG20,512500.0319054312,6102499.844468651,Cluster 2,0.21216631721238882,0.2795096119075172,0.0673432946951284
2,1990,CG21_2,CG21,512500.0357352239,6107499.856263293,Cluster 2,0.14911019645629942,0.23113729678117872,0.08202710032487931
2,1990,CG23_2,CG23,512500.05417142104,6117499.879970967,Cluster 2,0.1393800317248159,0.1724718137707057,0.033091782045889806
2,1990,CG24_2,CG24,512500.0684573512,6122499.891840113,Cluster 2,0.1658557336054496,0.267825064419354,0.10196933081390439
2,1990,CG25_2,CG25,512500.04378025915,6127499.829381491,Cluster 2,0.12132110800188341,0.20263438219340663,0.08131327419152322
2,1990,CG26_2,CG26,512500.0432435217,6132499.804034855,Cluster 2,0.12171555768169023,0.21362787308732084,0.0919123154056306
2,1990,CG27_2,CG27,512500.0666142674,6137499.81577886,Cluster 2,0.24328580518387943,0.3072558033607728,0.06396999817689336
2,1990,CG28_2,CG28,512500.05037127464,6142499.864413771,Cluster 2,0.3253690628033717,0.3871300223657258,0.06176095956235411
2,1990,CG29_2,CG29,512500.0580272434,6147499.838808023,Cluster 2,0.15877959049386092,0.21372111013750256,0.054941519643641634
2,1990,CG30_2,CG30,517500.0850923214,6102499.851813918,Cluster 3,0.1566131518618516,0.16945561932837006,0.012842467466518459
2,1990,CG31_2,CG31,517500.03616525023,6107499.779897026,Cluster 2,0.12977814708130525,0.20999822079815986,0.0802200737168546
2,1990,CG32_2,CG32,517500.05973960727,6112499.856739236,Cluster 2,0.17148079284028667,0.22029613166882456,0.04881533882853789
2,1990,CG33_2,CG33,517500.0925843184,6117499.859506801,Cluster 2,0.15820851152399895,0.2714550473430686,0.11324653581906963
2,1990,CG34_2,CG34,517500.0708866396,6122499.7879263675,Cluster 3,0.1546615917481668,0.1611764718955672,0.006514880147400398
2,1990,CG35_2,CG35,517500.0572525619,6127499.864792685,Cluster 2,0.1267916494848544,0.16031115709979335,0.03351950761493894
2,1990,CG36_2,CG36,517500.0523168775,6132499.867515854,Cluster 2,0.14963401612545657,0.2035228526721554,0.05388883654669882
2,1990,CG37_2,CG37,517500.0558418394,6137499.796071852,Cluster 2,0.14194518446928128,0.19454318085715488,0.0525979963878736
2,1990,CG39_2,CG39,517500.085559445,6147499.875737379,Cluster 3,0.12343534870836083,0.262602297558804,0.13916694885044317
2,1990,CG40_2,CG40,522500.065292888,6102499.784827596,Cluster 3,0.13886443217121883,0.28532756049363905,0.14646312832242023
2,1990,CG41_2,CG41,522500.09106030304,6107499.750314869,Cluster 2,0.12950623995184682,0.18774235727636104,0.058236117324514225
2,1990,CG42_2,CG42,522500.1096343805,6112499.8643271355,Cluster 3,0.1299520397527518,0.17759373831541314,0.047641698562661344
2,1990,CG43_2,CG43,522500.0588031039,6117499.7926761545,Cluster 3,0.08939796840753228,0.203037534945724,0.11363956653819171
2,1990,CG44_2,CG44,522500.0640044093,6122499.869828019,Cluster 3,0.16251767481163637,0.30556377324302997,0.1430460984313936
2,1990,CG45_2,CG45,522500.0623966084,6127499.872873877,Cluster 2,0.12642230787373854,0.15249925933773095,0.026076951463992415
2,1990,CG46_2,CG46,522500.1171677176,6132499.802111141,Cluster 2,0.1521709203735155,0.20063248161328756,0.04846156123977205
2,1990,CG47_2,CG47,522500.100007084,6137499.879444241,Cluster 3,0.09271644433817391,0.22216524734089227,0.12944880300271835
2,1990,CG48_2,CG48,522500.0753009223,6142499.8826015685,Cluster 3,0.10471693268937482,0.24023488190158268,0.13551794921220786
2,1990,CG49_2,CG49,522500.10602128954,6147499.8118807655,Cluster 3,0.12356111977548574,0.19982219910760854,0.0762610793321228
2,1990,CG50_2,CG50,527500.1154138149,6102499.755272231,Cluster 3,0.12275954188858973,0.24563569436477137,0.12287615247618164
2,1990,CG51_2,CG51,527500.0883420453,6107499.766859397,Cluster 3,0.1511757326692983,0.30081777391157816,0.14964204124227987
2,1990,CG52_2,CG52,527500.1027918415,6112499.816082941,Cluster 3,0.12058697439143003,0.2535338594056814,0.1329468850142514
2,1990,CG53_2,CG53,527500.0953342962,6117499.791246452,Cluster 3,0.12831549623087443,0.25159033909446926,0.12327484286359483
2,1990,CG54_2,CG54,527500.065031351,6122499.803608584,Cluster 3,0.17180547548735453,0.3230886515029531,0.15128317601559854
2,1990,CG55_2,CG55,527500.0751332948,6127499.853540434,Cluster 2,0.14572978453006316,0.15449981016268127,0.008770025632618111
2,1990,CG56_2,CG56,527500.1258612206,6132499.829735632,Cluster 3,0.11362590237268114,0.17787617893805469,0.06425027656537355
2,1990,CG57_2,CG57,527500.08933677,6137499.84266833,Cluster 3,0.09836288560523274,0.20937889384854358,0.11101600824331084
2,1990,CG58_2,CG58,527500.0920983198,6142499.893103182,Cluster 3,0.12536958919812888,0.2615298316956241,0.13616024249749523
2,1990,CG59_2,CG59,527500.0711528321,6147499.869337009,Cluster 3,0.12357029525279338,0.2622558542979788,0.13868555904518542
2,1990,CG60_2,CG60,532500.1232226893,6102499.762378928,Cluster 3,0.12522741705586884,0.17496588325036386,0.04973846619449501
2,1990,CG61_2,CG61,532500.1073029817,6107499.829724232,Cluster 3,0.11246696959991466,0.22877160529298493,0.11630463569307027
2,1990,CG62_2,CG62,532500.1180077677,6112499.823483339,Cluster 2,0.18127054301897272,0.23032121493336757,0.049050671914394856
2,1990,CG63_2,CG63,532500.0904061167,6117499.8544495115,Cluster 3,0.11375494684806038,0.1630503363324621,0.04929538948440172
2,1990,CG64_2,CG64,532500.0886268184,6122499.8117822,Cluster 3,0.17128809304840145,0.20062432240154987,0.02933622935314842
2,1990,CG65_2,CG65,532500.1113832879,6127499.806740552,Cluster 3,0.1373967193535921,0.1638573823516,0.026460662998007894
2,1990,CG66_2,CG66,532500.094766791,6132499.8388373265,Cluster 3,0.09303689069188122,0.1948366567195211,0.10179976602763989
2,1990,CG67_2,CG67,532500.1018768129,6137499.908515113,Cluster 3,0.12564287675174363,0.15066102270814102,0.025018145956397397
2,1990,CG68_2,CG68,532500.0697665747,6142499.904000014,Cluster 3,0.1172849500381021,0.2297711675173449,0.11248621747924278
2,1990,CG69_2,CG69,532500.0613956221,6147499.825732477,Cluster 3,0.1092901571532528,0.22761349535502912,0.11832333820177632
2,1990,CG73_2,CG73,537500.1241257496,6117499.871302983,Cluster 3,0.10994648780316821,0.19605297307688765,0.08610648527371945
2,1990,CG74_2,CG74,537500.0867475496,6122499.893791251,Cluster 1,0.15751729123230693,0.18776192362336896,0.030244632391062037
2,1990,CG75_2,CG75,537500.1226220047,6127499.843201579,Cluster 3,0.11808926677864887,0.1644585904510946,0.04636932367244573
2,1990,CG76_2,CG76,537500.1032477431,6132499.829719651,Cluster 2,0.15136610125657785,0.16396790139042677,0.012601800133848928
2,1990,CG77_2,CG77,537500.0917174451,6137499.853859212,Cluster 3,0.12535947529270688,0.2072168537469321,0.08185737845422522
2,1990,CG78_2,CG78,537500.0875472084,6142499.915597486,Cluster 3,0.12509453200196535,0.23689402583701777,0.11179949383505242
2,1990,CG79_2,CG79,537500.0911996434,6147499.90362536,Cluster 3,0.12573714453298018,0.23671984027462478,0.1109826957416446
2,1990,CG80_2,CG80,542500.137730461,6102499.88626088,Cluster 3,0.19666240315712336,0.20227391523726954,0.00561151208014618
2,1990,CG83_2,CG83,542500.0850949779,6117499.84060306,Cluster 3,0.1649529276112688,0.19007906333646238,0.025126135725193566
2,1990,CG84_2,CG84,542500.1406307713,6122499.827476624,Cluster 3,0.15100220440857118,0.22221646901240436,0.07121426460383318
2,1990,CG85_2,CG85,542500.1254578183,6127499.851438005,Cluster 3,0.14611792450470193,0.23143381770821947,0.08531589320351754
2,1990,CG89_2,CG89,542500.0518607163,6147499.879240843,Cluster 3,0.1419393107534808,0.2569387863659153,0.11499947561243448
2,1990,CG90_2,CG90,547500.1127290743,6102499.8908402715,Cluster 3,0.13970835301825488,0.23033900808054625,0.09063065506229137
2,1990,CG99_2,CG99,547500.0849558257,6147499.864848793,Cluster 1,0.18813625957846575,0.26786754029120247,0.07973128071273672
2,1990,CH06_2,CH06,502500.0846030401,6082499.8202431435,Cluster 2,0.1838262078034722,0.18507985753556466,0.0012536497320924656
2,1990,CH07_2,CH07,502500.03314556536,6087499.76718363,Cluster 2,0.165031259769141,0.17403810670719477,0.009006846938053786
2,1990,CH08_2,CH08,502500.0383282386,6092499.7513073785,Cluster 3,0.14515885930789568,0.1668854351499273,0.02172657584203161
2,1990,CH09_2,CH09,502500.03600017546,6097499.772559454,Cluster 2,0.16592081597253175,0.24358426696650004,0.07766345099396829
2,1990,CH16_2,CH16,507500.0696210863,6082499.827605381,Cluster 2,0.18700723498050378,0.20233956889557003,0.015332333915066249
2,1990,CH17_2,CH17,507500.0911446664,6087499.783676402,Cluster 2,0.2279407664365655,0.2982119468166217,0.07027118038005623
2,1990,CH18_2,CH18,507500.02561870846,6092499.77677686,Cluster 2,0.187536225781281,0.21081472886961944,0.023278503088338426
2,1990,CH19_2,CH19,507500.06504692393,6097499.807203647,Cluster 2,0.18064559733065608,0.24110924330743277,0.0604636459767767
2,1990,CH25_2,CH25,512500.0730388515,6077499.78695672,Cluster 2,0.3681106005807177,0.3985111197192506,0.030400519138532867
2,1990,CH26_2,CH26,512500.0775220187,6082499.835343886,Cluster 2,0.17163480433111458,0.23511825462838604,0.06348345029727145
2,1990,CH27_2,CH27,512500.0438897538,6087499.809582861,Cluster 2,0.17136868592944282,0.18695509772175922,0.015586411792316401
2,1990,CH28_2,CH28,512500.0358227975,6092499.82110677,Cluster 2,0.18752211927635123,0.21646647069075317,0.028944351414401936
2,1990,CH29_2,CH29,512500.0533982747,6097499.758615106,Cluster 2,0.209631525964822,0.2932939316737311,0.08366240570890907
2,1990,CH34_2,CH34,517500.0764450698,6072499.728976444,Cluster 3,0.1607414437124784,0.23369507660758632,0.07295363289510792
2,1990,CH35_2,CH35,517500.094920755,6077499.767569357,Cluster 3,0.1701570363291454,0.25383413853994874,0.08367710221080335
2,1990,CH36_2,CH36,517500.0596092466,6082499.843271963,Cluster 2,0.16952062497828574,0.21103739135886043,0.04151676638057469
2,1990,CH37_2,CH37,517500.0990708113,6087499.845282487,Cluster 2,0.19470130313267717,0.19768737349621096,0.0029860703635337937
2,1990,CH38_2,CH38,517500.08484500466,6092499.773080584,Cluster 3,0.14757893017292542,0.17564192629403227,0.028062996121106853
2,1990,CH39_2,CH39,517500.08040979074,6097499.738171189,Cluster 2,0.18274852332489036,0.24032244685395382,0.05757392352906346
2,1990,CH45_2,CH45,522500.10633223125,6077499.739130003,Cluster 3,0.1371648419540787,0.2581002737107442,0.12093543175666549
2,1990,CH46_2,CH46,522500.095481355,6082499.851588371,Cluster 3,0.15481576095169944,0.21453595760082844,0.059720196649129004
2,1990,CH47_2,CH47,522500.08047616767,6087499.778844974,Cluster 2,0.16752346715243266,0.22086179301981784,0.05333832586738518
2,1990,CH48_2,CH48,522500.0599631547,6092499.743431038,Cluster 3,0.1174505471959955,0.2348519857037957,0.1174014385078002
2,1990,CH49_2,CH49,522500.097630216,6097499.74564588,Cluster 3,0.1283816870529967,0.2500977984533969,0.1217161114004002
2,1990,CH55_2,CH55,527500.1220357711,6077499.812824085,Cluster 3,0.1329039843507889,0.18275220659525226,0.049848222244463364
2,1990,CH56_2,CH56,527500.1371200755,6082499.748749458,Cluster 3,0.134275496405467,0.25801442249044587,0.12373892608497888
2,1990,CH57_2,CH57,527500.06665524,6087499.8329139035,Cluster 3,0.15342265853979706,0.3046656197617205,0.15124296122192346
2,1990,CH58_2,CH58,527500.1039774861,6092499.843916504,Cluster 3,0.15315195846061572,0.2931427378426334,0.13999077938201768
2,1990,CH59_2,CH59,527500.0566075259,6097499.78055875,Cluster 3,0.14973913232983987,0.282934958358258,0.13319582602841812
2,1990,CH65_2,CH65,532500.1587029257,6077499.766040378,Cluster 2,0.19837560323936915,0.25449905168015585,0.056123448440786705
2,1990,CH66_2,CH66,532500.1337911482,6082499.8680635905,Cluster 2,0.17785831983277897,0.2014680212793418,0.023609701446562825
2,1990,CH67_2,CH67,532500.1383813849,6087499.785338982,Cluster 2,0.14503870832778762,0.1907542868651692,0.04571557853738159
2,1990,CH68_2,CH68,532500.1055866433,6092499.851210683,Cluster 2,0.13559650899127945,0.1446029648308357,0.009006455839556254
2,1990,CH69_2,CH69,532500.1006905059,6097499.843565278,Cluster 3,0.12308327923102877,0.2110608345998507,0.08797755536882193
2,1990,CH76_2,CH76,537500.1671288088,6082499.875993361,Cluster 1,0.2845332007518946,0.3044655160329531,0.019932315281058488
2,1990,CH77_2,CH77,537500.117400458,6087499.857259013,Cluster 3,0.13952427464475795,0.2627174512607468,0.12319317661598886
2,1990,CH78_2,CH78,537500.0797039657,6092499.876351775,Cluster 2,0.15666260119864495,0.2646144019871937,0.10795180078854877
2,1990,CH79_2,CH79,537500.1184237195,6097499.822506665,Cluster 3,0.13228326270453847,0.27209019934852013,0.13980693664398167
2,1990,CH86_2,CH86,542500.1236062861,6082499.882608107,Cluster 1,0.21535536979513556,0.21835159896126705,0.0029962291661314866
2,1990,CH87_2,CH87,542500.149057873,6087499.82690813,Cluster 3,0.15276238570942527,0.2106128765815891,0.05785049087216382
2,1990,CH88_2,CH88,542500.106858969,6092499.808460251,Cluster 3,0.11079922255703219,0.17977793193451133,0.06897870937747914
2,1990,CH89_2,CH89,542500.1246051298,6097499.828453947,Cluster 3,0.1506562702816341,0.2708383954468011,0.12018212516516699
2,1990,CH95_2,CH95,547500.1578898588,6077499.78884103,Cluster 2,0.2732400404093941,0.27971642814303305,0.006476387733638955
2,1990,CH96_2,CH96,547500.1469696249,6082499.888868037,Cluster 1,0.2404761292014058,0.2685024594608613,0.02802633025945553
2,1990,CH97_2,CH97,547500.118677858,6087499.915520176,Cluster 3,0.13487019125091484,0.27572667138121754,0.1408564801303027
2,1990,CH98_2,CH98,547500.1365322527,6092499.869449572,Cluster 3,0.11653884162507533,0.22673650088904254,0.11019765926396721
2,1990,CH99_2,CH99,547500.1347144407,6097499.861230696,Cluster 3,0.16222749653225738,0.232234168011956,0.07000667147969863
2,1990,DB00_2,DB00,552499.6775389926,6352499.672118262,Cluster 2,0.1541659509730889,0.23555718488643704,0.08139123391334813
2,1990,DB01_2,DB01,552499.6678686532,6357499.717959825,Cluster 2,0.10981035170839547,0.1712618262342368,0.061451474525841335
2,1990,DB02_2,DB02,552499.6512258302,6362499.689666688,Cluster 1,0.16063180855815776,0.170619544972072,0.009987736413914233
2,1990,DB03_2,DB03,552499.6240161804,6367499.80984399,Cluster 2,0.12964156232526047,0.17056406744907748,0.04092250512381701
2,1990,DB04_2,DB04,552499.6497318089,6372499.74527787,Cluster 3,0.10995537307223212,0.18501559921710573,0.0750602261448736
2,1990,DB05_2,DB05,552499.6646834601,6377499.717803373,Cluster 3,0.1502959417378471,0.19798807676831165,0.047692135030464544
2,1990,DC07_2,DC07,552499.6635607927,6337499.75798567,Cluster 3,0.1429727175445129,0.2166332522919332,0.07366053474742029
2,1990,DC08_2,DC08,552499.6732267597,6342499.8034165995,Cluster 1,0.14972984281696355,0.15618714256601612,0.00645729974905257
2,1990,DC09_2,DC09,552499.6781305044,6347499.774804628,Cluster 3,0.1365878976309504,0.14354281102091845,0.006954913389968065
2,1990,DB10_2,DB10,557499.6567160406,6352499.705819401,Cluster 3,0.11523707234845262,0.12399956559607371,0.0087624932476210865
2,1990,DB11_2,DB11,557499.6898730142,6357499.755865983,Cluster 1,0.17983881269094343,0.18212374944064783,0.002284936749704397
2,1990,DB12_2,DB12,557499.6980993691,6362499.731798036,Cluster 2,0.17809671661675142,0.198196735297468,0.02010001868071659
2,1990,DB13_2,DB13,557499.6790873646,6367499.744899912,Cluster 3,0.10221502234549515,0.2150870047450847,0.11287198239958954
2,1990,DB14_2,DB14,557499.6920318474,6372499.795985679,Cluster 2,0.1212747860363503,0.14115583981799287,0.01988105378164258
2,1990,DB15_2,DB15,557499.6776623846,6377499.772861233,Cluster 3,0.1191435895960733,0.1625804516810215,0.04343686208494821
2,1990,DB16_2,DB16,557499.6934591797,6382499.787658613,Cluster 1,0.13477910515794442,0.165440803537031,0.030661698379086583
2,1990,DB20_2,DB20,562499.6596629414,6352499.822055593,Cluster 3,0.10212392817492101,0.15358094255004684,0.05145701437512583
2,1990,DB21_2,DB21,562499.6778171846,6357499.774650563,Cluster 1,0.1425876196356225,0.14641134154126734,0.003823721905644839
2,1990,DB22_2,DB22,562499.6515363256,6362499.764446196,Cluster 3,0.14867875817612666,0.16691544999996494,0.018236691823838275
2,1990,DB23_2,DB23,562499.6400820935,6367499.792328508,Cluster 2,0.14234802590665568,0.1902144576232709,0.047866431716615226
2,1990,DB24_2,DB24,562499.6441820732,6372499.746949654,Cluster 3,0.12142584950690356,0.15574097124219743,0.03431512173529387
2,1990,DB25_2,DB25,562499.6611575983,6377499.739594084,Cluster 2,0.11952597424523198,0.20442492285832137,0.08489894861308939
2,1990,DB26_2,DB26,562499.6900292314,6382499.770230629,Cluster 2,0.13221877516837305,0.19304844564704737,0.060829670478674325
2,1990,DB30_2,DB30,567499.6474141439,6352499.797047383,Cluster 3,0.10730552461763515,0.15165633059551775,0.0443508059778826
2,1990,DB31_2,DB31,567499.6497347835,6357499.773935058,Cluster 2,0.10534184257186102,0.20649906614125724,0.10115722356939622
2,1990,DB32_2,DB32,567499.649767541,6362499.788996397,Cluster 2,0.132687865981023,0.15243661483337856,0.019748748852355558
2,1990,DB33_2,DB33,567499.6483663965,6367499.730884405,Cluster 2,0.11643230720743208,0.16087754160741205,0.044445234399979966
2,1990,DB34_2,DB34,567499.6427126657,6372499.710880268,Cluster 3,0.12215610612283143,0.23144861514228515,0.10929250901945373
2,1990,DB35_2,DB35,567499.6318198992,6377499.728951592,Cluster 3,0.11985329944306931,0.1544787434590229,0.03462544401595359
2,1990,DB36_2,DB36,567499.676348217,6382499.674741831,Cluster 3,0.14504755373601785,0.17197668130939317,0.026929127573375317
2,1990,DB40_2,DB40,572499.6344654928,6352499.8530826,Cluster 3,0.12102186635704691,0.21907236440788946,0.09805049805084255
2,1990,DB41_2,DB41,572499.6216895938,6357499.864695008,Cluster 2,0.11348055747581863,0.17614727156862647,0.06266671409280784
2,1990,DB42_2,DB42,572499.5906535387,6362499.80320541,Cluster 3,0.1277718500919456,0.1780504439547594,0.0502785938628138
2,1990,DB43_2,DB43,572499.5984189146,6367499.780956781,Cluster 2,0.09966187895071235,0.17298429555462339,0.07332241660391103
2,1990,DB44_2,DB44,572499.5838254265,6372499.796851205,Cluster 2,0.12092891183336026,0.15083678249686439,0.02990787066350413
2,1990,DB45_2,DB45,572499.6077339851,6377499.740606079,Cluster 2,0.10955749375804248,0.14408279179214276,0.034525298034100274
2,1990,DB46_2,DB46,572499.6071544627,6382499.722435604,Cluster 3,0.13824365354327786,0.19938405891291988,0.06114040536964202
2,1990,DB50_2,DB50,577499.5802886165,6352499.877413118,Cluster 3,0.09805931456736781,0.21187463327631587,0.11381531870894805
2,1990,DB51_2,DB51,577499.5553473757,6357499.82287266,Cluster 3,0.10223830582330903,0.16711084478431695,0.06487253896100792
2,1990,DB52_2,DB52,577499.5523310879,6362499.807698655,Cluster 3,0.10889129154997122,0.14404977678985434,0.03515848523988312
2,1990,DB53_2,DB53,577499.5700187528,6367499.831857608,Cluster 2,0.158388184588223,0.19165304841170275,0.033264863823479734
2,1990,DB54_2,DB54,577499.5493575014,6372499.782863706,Cluster 3,0.1635615513437296,0.2283873395697863,0.0648257882260567
2,1990,DB55_2,DB55,577499.5492296974,6377499.66181914,Cluster 3,0.12887450038816195,0.2426405219094741,0.11376602152131216
2,1990,DB56_2,DB56,577499.5641771164,6382499.691316109,Cluster 2,0.15752200539607117,0.19493871120457065,0.037416705808499484
2,1990,DB57_2,DB57,577499.537492288,6387499.64755162,Cluster 2,0.17561671977224916,0.24624393020528482,0.07062721043303566
2,1990,DB60_2,DB60,582499.5631405126,6352499.870773819,Cluster 2,0.12809465550815505,0.1406074207864018,0.01251276527824674
2,1990,DB61_2,DB61,582499.5248312382,6357499.871828571,Cluster 2,0.12248334506252866,0.12413025517336146,0.0016469101108328027
2,1990,DB62_2,DB62,582499.4927491389,6362499.801014301,Cluster 2,0.11125694909341224,0.1928462517701549,0.08158930267674266
2,1990,DB63_2,DB63,582499.5234498292,6367499.770816479,Cluster 3,0.1056089315961284,0.20648239185937114,0.10087346026324275
2,1990,DB64_2,DB64,582499.4955886239,6372499.778775646,Cluster 3,0.14710866964866737,0.25674922055913013,0.10964055091046276
2,1990,DB65_2,DB65,582499.4702860015,6377499.714756137,Cluster 3,0.16785553389031782,0.18361426086798985,0.015758726977672027
2,1990,DB66_2,DB66,582499.5038627629,6382499.691246823,Cluster 2,0.17437820341867996,0.23477206178818938,0.06039385836950942
2,1990,DB67_2,DB67,582499.4776775325,6387499.594470724,Cluster 3,0.18682338565544954,0.20339700744911215,0.01657362179366262
2,1990,DB68_2,DB68,582499.4481154357,6392499.536917151,Cluster 1,0.1594637095787928,0.19215815651380466,0.03269444693501186
2,1990,DB70_2,DB70,587499.5384229121,6352499.942973814,Cluster 2,0.12125278553712246,0.1802951133226514,0.05904232778552895
2,1990,DB72_2,DB72,587499.4900431393,6362499.784009084,Cluster 3,0.11662247284343195,0.19773125990690038,0.08110878706346843
2,1990,DB73_2,DB73,587499.4724052523,6367499.8200299665,Cluster 3,0.12760823268880694,0.22008605353568633,0.09247782084687939
2,1990,DB74_2,DB74,587499.4405852477,6372499.784163884,Cluster 2,0.15459605472137986,0.16460366084004407,0.01000760611866422
2,1990,DB75_2,DB75,587499.4508390957,6377499.788968703,Cluster 1,0.18474283907169226,0.23625417369837554,0.05151133462668328
2,1990,DB77_2,DB77,587499.4197526195,6387499.582648063,Cluster 2,0.15575930647537364,0.19890872524573738,0.04314941877036374
2,1990,DB78_2,DB78,587499.3735523641,6392499.482754864,Cluster 3,0.1785377515602164,0.2148456931574242,0.036307941597207793
2,1990,DB79_2,DB79,587499.3020525747,6397499.533405255,Cluster 3,0.18102468588858311,0.19064993787808976,0.009625251989506645
2,1990,DB80_2,DB80,592499.4685152426,6352499.8696485795,Cluster 2,0.13418873179992857,0.20999409821115833,0.07580536641122976
2,1990,DB81_2,DB81,592499.4687914647,6357499.903263027,Cluster 2,0.14221857528376425,0.2001359518919068,0.05791737660814256
2,1990,DB82_2,DB82,592499.4395459738,6362499.8651057985,Cluster 2,0.14509048142221237,0.2108429095033221,0.06575242808110973
2,1990,DB83_2,DB83,592499.43704912,6367499.867802329,Cluster 3,0.14419054566194547,0.24458173684194306,0.10039119117999759
2,1990,DB89_2,DB89,592499.276854376,6397499.389086184,Cluster 3,0.2119437742196044,0.21274053713459307,7.967629149886746e-4
2,1990,DC00_2,DC00,552499.7981343176,6302499.822003722,Cluster 3,0.1614652959776764,0.3107978075870598,0.14933251160938343
2,1990,DC01_2,DC01,552499.82723216,6307499.828336293,Cluster 3,0.11567148071509276,0.22185235218914476,0.106180871474052
2,1990,DC02_2,DC02,552499.7944827778,6312499.871378481,Cluster 2,0.11864364444812103,0.18806563309597774,0.0694219886478567
2,1990,DC03_2,DC03,552499.7615257066,6317499.840557125,Cluster 2,0.17484651950596258,0.215878555733189,0.041032036227226426
2,1990,DC04_2,DC04,552499.7262227507,6322499.847153073,Cluster 3,0.1425554777817731,0.21889486977756747,0.07633939199579437
2,1990,DC05_2,DC05,552499.6892463007,6327499.779825433,Cluster 3,0.18276793591545346,0.22412865059581327,0.04136071468035982
2,1990,DC06_2,DC06,552499.7089843368,6332499.750624621,Cluster 3,0.12954244031556633,0.24018111471034603,0.1106386743947797
2,1990,DC10_2,DC10,557499.8206087413,6302499.8354761265,Cluster 3,0.10697907496952724,0.13945130174474174,0.0324722267752145
2,1990,DC11_2,DC11,557499.7664055785,6307499.841569215,Cluster 3,0.11284817748324719,0.18076704928243154,0.06791887179918435
2,1990,DC12_2,DC12,557499.7547180243,6312499.886004784,Cluster 2,0.09325620888733438,0.16481178657666443,0.07155557768933005
2,1990,DC13_2,DC13,557499.7253695964,6317499.856604637,Cluster 3,0.11460682403157407,0.22249774102291517,0.1078909169913411
2,1990,DC14_2,DC14,557499.73675981,6322499.865488209,Cluster 3,0.14271798456944101,0.24804798878089349,0.10533000421145247
2,1990,DC15_2,DC15,557499.7273178204,6327499.9117859565,Cluster 3,0.15118862896203455,0.22505739199484068,0.07386876303280612
2,1990,DC16_2,DC16,557499.6978451451,6332499.884155993,Cluster 3,0.10769906623797604,0.1758082433215721,0.06810917708359607
2,1990,DC17_2,DC17,557499.7080623058,6337499.783408084,Cluster 3,0.09165796850047009,0.17615551035632193,0.08449754185585184
2,1990,DC18_2,DC18,557499.693518839,6342499.831295908,Cluster 3,0.10540682126399953,0.15103644298682367,0.04562962172282414
2,1990,DC19_2,DC19,557499.6565704292,6347499.805162802,Cluster 3,0.1392669630896022,0.15195045775052873,0.012683494660926525
2,1990,DC20_2,DC20,562499.7978840575,6302499.938668321,Cluster 2,0.14068661099917018,0.1585273125815731,0.017840701582402918
2,1990,DC21_2,DC21,562499.7828758188,6307499.956366545,Cluster 2,0.11823908077339641,0.16605110688350444,0.04781202611010803
2,1990,DC22_2,DC22,562499.7944753097,6312499.901183143,Cluster 2,0.10862043727030675,0.17350679509283096,0.06488635782252421
2,1990,DC23_2,DC23,562499.7692934149,6317499.883481737,Cluster 3,0.0965489802073621,0.18645563386149433,0.08990665365413222
2,1990,DC24_2,DC24,562499.7065775642,6322499.903231546,Cluster 1,0.15170693931818058,0.23956206389494922,0.08785512457676864
2,1990,DC25_2,DC25,562499.7284663095,6327499.850920295,Cluster 1,0.15176441466662538,0.18759638469401607,0.03583197002739069
2,1990,DC26_2,DC26,562499.7110273131,6332499.835998577,Cluster 3,0.15070629616571407,0.2219462803770335,0.07123998421131944
2,1990,DC27_2,DC27,562499.653506505,6337499.858435164,Cluster 3,0.09179605877423959,0.15750722808401607,0.06571116930977648
2,1990,DC28_2,DC28,562499.677609729,6342499.808717862,Cluster 3,0.11161383365722018,0.13082199099281053,0.01920815733559035
2,1990,DC29_2,DC29,562499.6598339697,6347499.796296316,Cluster 3,0.10202349755349235,0.17296131134057277,0.07093781378708042
2,1990,DC30_2,DC30,567499.8116184272,6302499.909548791,Cluster 3,0.11136087938228192,0.13323295088638212,0.0218720715041002
2,1990,DC31_2,DC31,567499.7755507686,6307499.948179211,Cluster 2,0.10710311213359539,0.18710425319992735,0.08000114106633197
2,1990,DC32_2,DC32,567499.8096190846,6312499.914980982,Cluster 2,0.10825079283117749,0.14923789240639432,0.04098709957521683
2,1990,DC33_2,DC33,567499.7285674406,6317499.918270218,Cluster 3,0.12273636197774128,0.14422885271229852,0.021492490734557237
2,1990,DC34_2,DC34,567499.7138947316,6322499.9609747855,Cluster 1,0.12075115999178584,0.1662304425163037,0.045479282524517856
2,1990,DC35_2,DC35,567499.7056084871,6327499.930768742,Cluster 3,0.10289356909941041,0.19303674227277212,0.09014317317336171
2,1990,DC36_2,DC36,567499.7009201018,6332499.938928539,Cluster 3,0.08752101518253139,0.19900036834791313,0.11147935316538174
2,1990,DC37_2,DC37,567499.6402083595,6337499.873123914,Cluster 3,0.13433805778268965,0.25891317600103836,0.12457511821834871
2,1990,DC38_2,DC38,567499.6416704057,6342499.846609377,Cluster 3,0.09178564362603368,0.17247538949926672,0.08068974587323303
2,1990,DC39_2,DC39,567499.6437902323,6347499.858365299,Cluster 3,0.10554179440574965,0.1883317778017128,0.08278998339596316
2,1990,DC40_2,DC40,572499.8148650045,6302499.969526697,Cluster 3,0.1855064795559619,0.3166040628226332,0.1310975832666713
2,1990,DC41_2,DC41,572499.821296516,6307499.929013042,Cluster 3,0.16904273130835304,0.23943503825542628,0.07039230694707324
2,1990,DC42_2,DC42,572499.8176624437,6312499.927039073,Cluster 3,0.11300051173310874,0.2236677409054851,0.11066722917237637
2,1990,DC43_2,DC43,572499.74222273,6317499.962513002,Cluster 3,0.12305802553477917,0.1462191274906481,0.023161101955868943
2,1990,DC44_2,DC44,572499.7175155998,6322499.926215099,Cluster 2,0.18787640914934234,0.1953683128417108,0.007491903692368462
2,1990,DC45_2,DC45,572499.6797881541,6327499.928359153,Cluster 2,0.11777806820758902,0.167399880411815,0.049621812204225985
2,1990,DC46_2,DC46,572499.6885857979,6332499.969974242,Cluster 3,0.10915067467049058,0.22718776917303443,0.11803709450254385
2,1990,DC47_2,DC47,572499.623733883,6337499.937596269,Cluster 3,0.11555331651999454,0.1531053059083027,0.03755198938830817
2,1990,DC48_2,DC48,572499.603288505,6342499.944623605,Cluster 2,0.15314237073840536,0.1646859412690355,0.011543570530630126
2,1990,DC49_2,DC49,572499.6280012622,6347499.879714389,Cluster 3,0.15581030469166096,0.21432148782528196,0.058511183133621
2,1990,DC50_2,DC50,577499.8267759397,6302500.006971771,Cluster 3,0.13203392932018274,0.2081086889207582,0.07607475960057547
2,1990,DC51_2,DC51,577499.8137447787,6307500.007805302,Cluster 3,0.14862550906094174,0.15314520306606572,0.004519694005123975
2,1990,DC52_2,DC52,577499.834045176,6312500.04834203,Cluster 3,0.1559928942862298,0.2546949222221997,0.09870202793596988
2,1990,DC53_2,DC53,577499.7670313121,6317500.014979401,Cluster 3,0.1362787995210971,0.21302262978259953,0.07674383026150244
2,1990,DC54_2,DC54,577499.7312211716,6322500.021252586,Cluster 3,0.1233150501807761,0.21780556604574294,0.09449051586496685
2,1990,DC55_2,DC55,577499.7274828481,6327499.95582334,Cluster 2,0.1008171165327473,0.21723106178586415,0.11641394525311685
2,1990,DC56_2,DC56,577499.6899038834,6332500.0401362395,Cluster 3,0.13082672227224562,0.23046383655899577,0.09963711428675015
2,1990,DC57_2,DC57,577499.6237474973,6337499.940236413,Cluster 3,0.14803206481368464,0.28956048651291244,0.1415284216992278
2,1990,DC58_2,DC58,577499.5821444269,6342499.991146208,Cluster 3,0.13148345644358717,0.23640529116620504,0.10492183472261787
2,1990,DC59_2,DC59,577499.5701581707,6347499.85890772,Cluster 2,0.11725780611162004,0.1622568500688528,0.044999043957232754
2,1990,DC64_2,DC64,582499.7765719168,6322500.023200316,Cluster 3,0.13715251842861387,0.2583625844646854,0.12121006603607154
2,1990,DC65_2,DC65,582499.6844180265,6327500.009486454,Cluster 3,0.14251835877038618,0.2551141145831338,0.11259575581274764
2,1990,DC66_2,DC66,582499.6641215326,6332500.036631212,Cluster 3,0.14392200682989037,0.2815481000613754,0.137626093231485
2,1990,DC67_2,DC67,582499.5955405355,6337499.9908788875,Cluster 2,0.10579951613962703,0.15150217787626982,0.045702661736642794
2,1990,DC68_2,DC68,582499.5962293316,6342499.98591674,Cluster 2,0.1129439003687816,0.1714621040246543,0.05851820365587271
2,1990,DC69_2,DC69,582499.5463454451,6347499.907984794,Cluster 3,0.13269233073245937,0.15408883254538794,0.02139650181292857
2,1990,DC77_2,DC77,587499.6195055665,6337499.979054764,Cluster 3,0.13107487904223594,0.24060642831808582,0.10953154927584988
2,1990,DC78_2,DC78,587499.5403913431,6342500.0374559825,Cluster 3,0.11266434637713224,0.26038754709912254,0.1477232007219903
2,1990,DC79_2,DC79,587499.5162126686,6347499.914135292,Cluster 2,0.15593563202949265,0.22845784853730614,0.07252221650781349
2,1990,DC88_2,DC88,592499.5554882973,6342500.036549577,Cluster 3,0.14304422978918058,0.250921754186554,0.10787752439737341
2,1990,DC89_2,DC89,592499.4952561076,6347499.988268283,Cluster 3,0.11684769644246061,0.1987344592520898,0.08188676280962918
2,1990,DD00_2,DD00,552499.8856748668,6252499.714341889,Cluster 3,0.11162649462646673,0.13851814583268468,0.026891651206217948
2,1990,DD01_2,DD01,552499.8788040339,6257499.789576381,Cluster 3,0.1564869243996445,0.3008701168890183,0.1443831924893738
2,1990,DD02_2,DD02,552499.8180619746,6262499.790504193,Cluster 3,0.18265789464478008,0.22042851771986802,0.03777062307508794
2,1990,DD03_2,DD03,552499.8245235039,6267499.829924205,Cluster 3,0.1200019654516401,0.25031402561792476,0.13031206016628466
2,1990,DD04_2,DD04,552499.8372124677,6272499.79574306,Cluster 3,0.1677891956576345,0.16815969105014622,3.7049539251171604e-4
2,1990,DD05_2,DD05,552499.7926802624,6277499.7984718,Cluster 3,0.11146665357523387,0.22172415254446295,0.11025749896922908
2,1990,DD06_2,DD06,552499.8129379287,6282499.83961058,Cluster 3,0.11671347333650922,0.2015211969745605,0.08480772363805128
2,1990,DD07_2,DD07,552499.8372333928,6287499.807062139,Cluster 3,0.13163180822446396,0.1625874944773177,0.030955686252853748
2,1990,DD08_2,DD08,552499.8023283664,6292499.811338297,Cluster 3,0.14765021589459745,0.2721364328815161,0.12448621698691867
2,1990,DD09_2,DD09,552499.8297948928,6297499.853941188,Cluster 3,0.21920131410658553,0.2707882354391285,0.05158692133254297
2,1990,DD10_2,DD10,557499.856180533,6252499.733037651,Cluster 3,0.09473079500719118,0.17921554972045958,0.0844847547132684
2,1990,DD11_2,DD11,557499.8762522964,6257499.80687196,Cluster 3,0.10255515336374893,0.23882323630536448,0.13626808294161555
2,1990,DD12_2,DD12,557499.8255147779,6262499.806363893,Cluster 3,0.1327488473210178,0.19842751018956,0.06567866286854221
2,1990,DD13_2,DD13,557499.8249050891,6267499.844455846,Cluster 2,0.10616967111698822,0.12875389992098957,0.02258422880400135
2,1990,DD14_2,DD14,557499.8135712934,6272499.808981645,Cluster 3,0.12383989493940913,0.1805551121249388,0.05671521718552967
2,1990,DD15_2,DD15,557499.7892618318,6277499.811214283,Cluster 3,0.10510600833926495,0.16159760415534768,0.056491595816082735
2,1990,DD16_2,DD16,557499.812499,6282499.851962599,Cluster 3,0.10599485799712552,0.1590367197672422,0.05304186177011669
2,1990,DD17_2,DD17,557499.8226555676,6287499.819056403,Cluster 3,0.10773565025157308,0.15757241821388374,0.04983676796231065
2,1990,DD18_2,DD18,557499.815944289,6292499.935076535,Cluster 3,0.18545365210266873,0.333150598404217,0.14769694630154828
2,1990,DD19_2,DD19,557499.7962017705,6297499.866076322,Cluster 3,0.14309842380549653,0.2401114830784897,0.09701305927299317
2,1990,DD20_2,DD20,562499.8979436193,6252499.742285932,Cluster 2,0.1160793453639208,0.16147174876304124,0.04539240339912044
2,1990,DD21_2,DD21,562499.8222470335,6257499.8229469415,Cluster 3,0.1306945981792707,0.2675765174368971,0.13688191925762638
2,1990,DD22_2,DD22,562499.8437607648,6262499.831936724,Cluster 2,0.14278865022338638,0.1826796584483241,0.03989100822493771
2,1990,DD23_2,DD23,562499.8366991177,6267499.878709972,Cluster 2,0.1316514609599997,0.14574748060005588,0.01409601964005619
2,1990,DD24_2,DD24,562499.8019624483,6272499.851935544,Cluster 3,0.10209444961142844,0.21364756040327412,0.11155311079184568
2,1990,DD25_2,DD25,562499.7984971092,6277499.863793937,Cluster 3,0.17805523457157016,0.21792203948451014,0.03986680491293998
2,1990,DD26_2,DD26,562499.825335824,6282499.914256911,Cluster 3,0.11633261027961452,0.2025487943643565,0.08621618408474198
2,1990,DD27_2,DD27,562499.8219761638,6287499.891081318,Cluster 2,0.11519764423036626,0.13554808931674397,0.02035044508637772
2,1990,DD28_2,DD28,562499.7860176418,6292499.905539777,Cluster 3,0.1015407019644507,0.22063683669021492,0.11909613472576422
2,1990,DD29_2,DD29,562499.8388001381,6297499.959425464,Cluster 3,0.09638573309517873,0.185252824650295,0.08886709155511627
2,1990,DD30_2,DD30,567499.9045343413,6252499.740139163,Cluster 3,0.09006591020744015,0.19212109272718184,0.10205518251974169
2,1990,DD31_2,DD31,567499.8570273767,6257499.839340627,Cluster 3,0.1536389014231717,0.2647525447233765,0.11111364330020482
2,1990,DD32_2,DD32,567499.828239428,6262499.866039669,Cluster 3,0.09411087479440733,0.14484859490618116,0.050737720111773826
2,1990,DD33_2,DD33,567499.8172067807,6267499.820205018,Cluster 2,0.11173253463293696,0.1323811473027942,0.02064861266985725
2,1990,DD34_2,DD34,567499.8194050347,6272499.924406495,Cluster 2,0.1203640468064194,0.14187695681682563,0.021512910010406228
2,1990,DD35_2,DD35,567499.839200209,6277499.844712948,Cluster 3,0.12254570183732087,0.16136796311379772,0.03882226127647685
2,1990,DD36_2,DD36,567499.8090130293,6282499.914013644,Cluster 3,0.11721061322166489,0.18905408977831673,0.07184347655665184
2,1990,DD37_2,DD37,567499.854039139,6287499.911641263,Cluster 3,0.11086733793691675,0.24043592638787073,0.12956858845095398
2,1990,DD38_2,DD38,567499.8490636005,6292499.946900631,Cluster 3,0.11131683191715477,0.23717686029102844,0.12586002837387367
2,1990,DD39_2,DD39,567499.7951241602,6297499.908455915,Cluster 3,0.11234006167878786,0.1743304707112115,0.06199040903242363
2,1990,DD40_2,DD40,572499.8910228461,6252499.837507532,Cluster 3,0.09767958573684116,0.21998685374281432,0.12230726800597316
2,1990,DD41_2,DD41,572499.874319164,6257499.853998432,Cluster 3,0.13088327744191183,0.2689771696244944,0.13809389218258258
2,1990,DD42_2,DD42,572499.8594056569,6262499.798046281,Cluster 3,0.11345147824970954,0.24216923247045608,0.12871775422074655
2,1990,DD43_2,DD43,572499.8414943474,6267499.892215765,Cluster 3,0.1026520517569911,0.23763970654224276,0.13498765478525165
2,1990,DD44_2,DD44,572499.8234187007,6272499.913879938,Cluster 3,0.13242313745086368,0.15150638643500633,0.019083248984142653
2,1990,DD45_2,DD45,572499.8655449218,6277499.864061472,Cluster 3,0.10237001171148291,0.21102264048375263,0.10865262877226972
2,1990,DD46_2,DD46,572499.840314927,6282499.96321855,Cluster 3,0.13324150743538982,0.23946138581132292,0.10621987837593311
2,1990,DD47_2,DD47,572499.8119906547,6287499.989774233,Cluster 3,0.16846279879376164,0.29945576116207523,0.1309929623683136
2,1990,DD48_2,DD48,572499.8407176494,6292499.944752331,Cluster 3,0.11758562867845236,0.2345939356485941,0.11700830697014174
2,1990,DD49_2,DD49,572499.8623283049,6297499.938366378,Cluster 3,0.12859791537664642,0.2552489519283345,0.1266510365516881
2,1990,DD50_2,DD50,577499.9397466873,6252499.812573781,Cluster 3,0.09669342480914683,0.1848769355272267,0.08818351071807987
2,1990,DD51_2,DD51,577499.8911025693,6257499.866573606,Cluster 3,0.11838660421511693,0.2498107262576868,0.13142412204256987
2,1990,DD52_2,DD52,577499.8890167333,6262499.849300526,Cluster 3,0.1294720564383403,0.23635866962326887,0.10688661318492856
2,1990,DD53_2,DD53,577499.8687690438,6267499.87089236,Cluster 3,0.11324263819098465,0.22112418544444057,0.10788154725345592
2,1990,DD54_2,DD54,577499.8907825949,6272499.932445059,Cluster 3,0.11478583558664138,0.19764775923639535,0.08286192364975398
2,1990,DD55_2,DD55,577499.8332206182,6277499.920372668,Cluster 3,0.10828709058058153,0.13986262272758593,0.0315755321470044
2,1990,DD56_2,DD56,577499.8770683125,6282499.949325528,Cluster 3,0.11010423130354538,0.15237412010629464,0.04226988880274926
2,1990,DD57_2,DD57,577499.8373202452,6287500.015885937,Cluster 3,0.16829348042978812,0.2122222448770133,0.04392876444722518
2,1990,DD58_2,DD58,577499.8375017444,6292500.010978917,Cluster 3,0.14251885265136124,0.15702265853816957,0.01450380588680833
2,1990,DD59_2,DD59,577499.8764129576,6297499.934571228,Cluster 3,0.1331141641408321,0.23103876639711446,0.09792460225628236
2,1990,DD60_2,DD60,582499.940339671,6252499.885439505,Cluster 2,0.11442374098349838,0.1362185800716624,0.021794839088164028
2,1990,DD61_2,DD61,582499.9243567707,6257499.87675696,Cluster 3,0.10871122004514867,0.15793550564932649,0.04922428560417781
2,1990,DD62_2,DD62,582499.9358377454,6262499.908196272,Cluster 2,0.12950814809350716,0.1822723918708725,0.05276424377736533
2,1990,DD63_2,DD63,582499.9142568866,6267499.867230073,Cluster 3,0.09077312326560827,0.18492394576274404,0.09415082249713577
2,1990,DD64_2,DD64,582499.9156895869,6272499.97761661,Cluster 3,0.12895153606047258,0.18843649168107263,0.05948495562060005
2,1990,DD65_2,DD65,582499.8841101133,6277499.904232946,Cluster 3,0.12640653385412084,0.2328139839441575,0.10640745009003666
2,1990,DD66_2,DD66,582499.8732595991,6282499.982137032,Cluster 2,0.1415910401741826,0.14446820869166122,0.002877168517478629
2,1990,DD70_2,DD70,587499.9756611895,6252499.834294763,Cluster 3,0.160289862482835,0.27521878664329935,0.11492892416046435
2,1990,DD71_2,DD71,587499.9294289971,6257499.883005279,Cluster 2,0.14873909204896868,0.18060976194409953,0.03187066989513085
2,1990,DD72_2,DD72,587499.9576007758,6262499.861898324,Cluster 3,0.11518740765382623,0.13278679603598512,0.01759938838215888
2,1990,DD80_2,DD80,592499.9965185599,6252499.880145047,Cluster 3,0.1456643613711395,0.25846563899851954,0.11280127762738004
2,1990,DD81_2,DD81,592499.9849260056,6257499.886210558,Cluster 2,0.19603620607211844,0.2095946585024328,0.013558452430314366
2,1990,DD82_2,DD82,592499.9668241483,6262499.932545572,Cluster 2,0.11834985245681079,0.12954674326829047,0.011196890811479676
2,1990,DD90_2,DD90,597499.9603299614,6252499.909862781,Cluster 3,0.11684746894862846,0.25215209121326476,0.1353046222646363
2,1990,DD91_2,DD91,597499.9845591482,6257499.88334208,Cluster 3,0.11869162236381757,0.22369387465318402,0.10500225228936645
2,1990,DD92_2,DD92,597499.985225495,6262499.8971402,Cluster 2,0.1566870702844655,0.16249468626576727,0.005807615981301778
2,1990,DE00_2,DE00,552500.0397736444,6202499.815031244,Cluster 3,0.12863532577434467,0.14987549920194515,0.021240173427600484
2,1990,DE01_2,DE01,552500.0522177635,6207499.735317095,Cluster 3,0.12104285520416629,0.19554927787276236,0.07450642266859607
2,1990,DE02_2,DE02,552500.0156842017,6212499.692870375,Cluster 3,0.1312838280022111,0.2696797454884754,0.13839591748626429
2,1990,DE03_2,DE03,552499.9918704326,6217499.688423337,Cluster 3,0.14074272309901728,0.2544802016306896,0.11373747853167229
2,1990,DE04_2,DE04,552500.0421838384,6222499.722709725,Cluster 2,0.12195906742505468,0.1582027687094876,0.036243701284432925
2,1990,DE05_2,DE05,552499.9808522139,6227499.682127924,Cluster 2,0.16774325216813865,0.1799778409505633,0.012234588782424644
2,1990,DE06_2,DE06,552499.9921946748,6232499.680225857,Cluster 3,0.09708925853372871,0.2015561627064685,0.1044669041727398
2,1990,DE07_2,DE07,552499.9514282229,6237499.715456871,Cluster 3,0.11893498590968588,0.24015996542357834,0.12122497951389247
2,1990,DE08_2,DE08,552499.9212557683,6242499.677255443,Cluster 3,0.1128525110769804,0.18145449457319868,0.06860198349621828
2,1990,DE09_2,DE09,552499.8995816319,6247499.676892661,Cluster 3,0.10442933362292164,0.2236235999046654,0.11919426628174376
2,1990,DE10_2,DE10,557499.9926700045,6202499.753927617,Cluster 2,0.1475137838617028,0.16479715179916052,0.017283367937457716
2,1990,DE11_2,DE11,557500.0121679712,6207499.781346942,Cluster 3,0.16479104202500885,0.3142528612274612,0.14946181920245236
2,1990,DE12_2,DE12,557500.0298874964,6212499.735544217,Cluster 3,0.16356840825409502,0.30662341234014107,0.14305500408604604
2,1990,DE13_2,DE13,557499.9814049272,6217499.726953041,Cluster 3,0.12350148084492737,0.22661645120692134,0.10311497036199396
2,1990,DE14_2,DE14,557499.9919643814,6222499.645914316,Cluster 3,0.12326681429688092,0.257208051782658,0.13394123748577708
2,1990,DE15_2,DE15,557499.9955708939,6227499.714159249,Cluster 3,0.12253645723341605,0.2072274927345668,0.08469103550115076
2,1990,DE16_2,DE16,557499.9944713496,6232499.709069772,Cluster 3,0.16002123365269472,0.2956232019953438,0.1356019683426491
2,1990,DE17_2,DE17,557499.9260181622,6237499.629782909,Cluster 3,0.13289266511763634,0.2393495113905838,0.10645684627294746
2,1990,DE18_2,DE18,557499.9103897591,6242499.700531681,Cluster 3,0.1500163402966625,0.21414586576296726,0.06412952546630477
2,1990,DE19_2,DE19,557499.8878559844,6247499.697860005,Cluster 3,0.13355593473822971,0.26580593374279926,0.13224999900456955
2,1990,DE20_2,DE20,562500.0084597974,6202499.807410175,Cluster 3,0.13447213202544644,0.13644752710150324,0.0019753950760567907
2,1990,DE21_2,DE21,562499.9761553103,6207499.728242607,Cluster 3,0.11450804954872212,0.17158544436973755,0.057077394821015426
2,1990,DE22_2,DE22,562499.9864572511,6212499.688075669,Cluster 3,0.10421128517973152,0.2213293297831244,0.11711804460339287
2,1990,DE23_2,DE23,562499.9761974189,6217499.685978896,Cluster 3,0.11736390463634305,0.21233212233698048,0.09496821770063743
2,1990,DE24_2,DE24,562500.0067694888,6222499.722828891,Cluster 3,0.11809731215491638,0.25128962214961514,0.13319230999469878
2,1990,DE25_2,DE25,562499.9547079823,6227499.685494073,Cluster 3,0.0884280975133457,0.19978955890921427,0.11136146139586857
2,1990,DE26_2,DE26,562499.9418520522,6232499.687049095,Cluster 3,0.09606289905756607,0.20700044809032053,0.11093754903275446
2,1990,DE27_2,DE27,562499.9672399207,6237499.727467009,Cluster 3,0.1446873938849032,0.22846619395346768,0.08377880006856447
2,1990,DE28_2,DE28,562499.9078480179,6242499.69361065,Cluster 3,0.09998142372868073,0.1959289677651653,0.09594754403648457
2,1990,DE29_2,DE29,562499.8850704462,6247499.698559415,Cluster 2,0.13908766404894402,0.1581750757787456,0.01908741172980158
2,1990,DE30_2,DE30,567499.9818457006,6202499.750937081,Cluster 3,0.11162719689074453,0.16722345563695254,0.05559625874620801
2,1990,DE31_2,DE31,567499.95756106,6207499.79836426,Cluster 3,0.10651971728037386,0.13774225966371845,0.031222542383344584
2,1990,DE32_2,DE32,567499.9610612297,6212499.773586951,Cluster 3,0.1553583465965296,0.18200308376277538,0.02664473716624577
2,1990,DE33_2,DE33,567499.991388455,6217499.67657536,Cluster 3,0.20013235184447462,0.20857805005705715,0.008445698212582536
2,1990,DE34_2,DE34,567499.981947577,6222499.728908503,Cluster 3,0.16912162353877072,0.3094298516456492,0.14030822810687846
2,1990,DE35_2,DE35,567499.9354850466,6227499.707971843,Cluster 3,0.15355428110484703,0.20204617521370458,0.04849189410885754
2,1990,DE36_2,DE36,567499.9734866512,6232499.726984239,Cluster 3,0.11906409472594306,0.25841648656985655,0.1393523918439135
2,1990,DE37_2,DE37,567499.910766697,6237499.671688164,Cluster 3,0.11986617343336933,0.23767276535331308,0.11780659191994375
2,1990,DE38_2,DE38,567499.9288161611,6242499.767579349,Cluster 3,0.10284303813377435,0.21166320701445,0.10882016888067564
2,1990,DE39_2,DE39,567499.9064195943,6247499.790080435,Cluster 2,0.12040681046912442,0.1387406524678656,0.018333841998741177
2,1990,DE40_2,DE40,572499.9259428019,6202499.806681671,Cluster 3,0.09280615327606277,0.15545595467220277,0.06264980139614
2,1990,DE41_2,DE41,572499.9762135199,6207499.768940775,Cluster 3,0.12041589719139556,0.14253154792943215,0.02211565073803659
2,1990,DE42_2,DE42,572499.9735447941,6212499.769307227,Cluster 3,0.11846611450949832,0.16616410274627477,0.047697988236776456
2,1990,DE43_2,DE43,572499.9812662832,6217499.697508556,Cluster 3,0.1808075400935781,0.21713198048477586,0.036324440391197754
2,1990,DE44_2,DE44,572499.9325161695,6222499.7750477465,Cluster 3,0.2401248683912943,0.29724983317571324,0.05712496478441895
2,1990,DE45_2,DE45,572499.9563057558,6227499.670118789,Cluster 2,0.194932509346759,0.2256157800314769,0.030683270684717906
2,1990,DE46_2,DE46,572499.9838101824,6232499.715519001,Cluster 2,0.15701108235451175,0.1632073353651647,0.006196253010652963
2,1990,DE47_2,DE47,572499.9559022341,6237499.687581973,Cluster 2,0.13407152968330097,0.18087943483897317,0.04680790515567221
2,1990,DE48_2,DE48,572499.9317868989,6242499.698620851,Cluster 3,0.09354249865453186,0.16900455964313563,0.07546206098860377
2,1990,DE49_2,DE49,572499.9104865338,6247499.748605974,Cluster 3,0.11078209555900415,0.23282249473937172,0.12204039918036758
2,1990,DE50_2,DE50,577499.9212493428,6202499.864100323,Cluster 2,0.12210740747561591,0.1397101327965784,0.017602725320962492
2,1990,DE51_2,DE51,577499.9222648653,6207499.748870433,Cluster 3,0.1231310511514154,0.26508639016757696,0.14195533901616156
2,1990,DE52_2,DE52,577499.9764963645,6212499.785257158,Cluster 3,0.11167850798280315,0.22785808295272802,0.11617957496992487
2,1990,DE53_2,DE53,577499.9623265731,6217499.7484121,Cluster 3,0.13549267548120372,0.2490560090643067,0.11356333358310297
2,1990,DE55_2,DE55,577499.9679888003,6227499.7932537105,Cluster 2,0.16684675670524204,0.21051001756498786,0.04366326085974581
2,1990,DE56_2,DE56,577499.9877266791,6232499.7635885775,Cluster 3,0.17957646725245321,0.18836334995985005,0.008786882707396831
2,1990,DE57_2,DE57,577499.9334297109,6237499.771854244,Cluster 3,0.09258471631881987,0.18009492492645596,0.08751020860763609
2,1990,DE58_2,DE58,577499.9280268631,6242499.820266743,Cluster 3,0.12578793187163997,0.16464241962056078,0.03885448774892081
2,1990,DE59_2,DE59,577499.9105668445,6247499.796377554,Cluster 2,0.1373331554696929,0.1615661317122126,0.024232976242519688
2,1990,DE66_2,DE66,582499.9419179015,6232499.758382413,Cluster 2,0.19151934079152322,0.2366223016796088,0.045102960888085575
2,1990,DE67_2,DE67,582499.9858796117,6237499.815066368,Cluster 3,0.1352916145835938,0.18503215955354502,0.04974054496995123
2,1990,DE68_2,DE68,582499.940157057,6242499.798316628,Cluster 3,0.1523260035060984,0.2956340664337628,0.14330806292766438
2,1990,DE69_2,DE69,582499.925380716,6247499.821784631,Cluster 2,0.16486938933353595,0.17709848795308825,0.012229098619552292
2,1990,DE75_2,DE75,587499.9822943644,6227499.740914788,Cluster 3,0.12128689288718306,0.1479997588866122,0.026712865999429153
2,1990,DE78_2,DE78,587499.9809427367,6242499.8550773095,Cluster 3,0.11477212705826148,0.15666927937703923,0.04189715231877775
2,1990,DE79_2,DE79,587499.9718824326,6247499.824550713,Cluster 3,0.1366964225859849,0.2691216924148001,0.1324252698288152
2,1990,DE84_2,DE84,592499.9550939988,6222499.799698218,Cluster 3,0.12620237852988958,0.21211628101026642,0.08591390248037684
2,1990,DE85_2,DE85,592500.0141816582,6227499.78733749,Cluster 3,0.17692223171955698,0.19563318132346114,0.018710949603904153
2,1990,DE86_2,DE86,592500.0119548003,6232499.814113551,Cluster 3,0.13411776683169246,0.20292477567235898,0.06880700884066651
2,1990,DE87_2,DE87,592500.011741156,6237499.7700439,Cluster 3,0.13262042258211854,0.2753100294006427,0.14268960681852416
2,1990,DE88_2,DE88,592500.0074987623,6242499.877671048,Cluster 3,0.1303196222302221,0.24864420977099258,0.11832458754077049
2,1990,DE89_2,DE89,592500.0052482311,6247499.803093614,Cluster 3,0.1411156079304062,0.28271020032924726,0.14159459239884106
2,1990,DE90_2,DE90,597499.937235394,6202499.867768866,Cluster 3,0.11634449964051756,0.17929965350172802,0.06295515386121046
2,1990,DE94_2,DE94,597499.973766844,6222499.817559282,Cluster 3,0.13054988496324743,0.1731955436002494,0.04264565863700198
2,1990,DE96_2,DE96,597499.9776650518,6232499.7592064515,Cluster 3,0.16383839765466487,0.30691487518997823,0.14307647753531336
2,1990,DE97_2,DE97,597500.0164649216,6237499.792208735,Cluster 3,0.14427111505265547,0.2928976922070403,0.14862657715438485
2,1990,DE98_2,DE98,597499.9749128878,6242499.864260202,Cluster 3,0.1265396971948945,0.24171003107796762,0.11517033388307313
2,1990,DE99_2,DE99,597499.9781003586,6247499.86686593,Cluster 3,0.12257892124591002,0.14031780851781997,0.017738887271909948
2,1990,DF00_2,DF00,552500.0821818158,6152499.918017617,Cluster 2,0.31006129903703494,0.31480278631319714,0.004741487276162193
2,1990,DF01_2,DF01,552500.0434295452,6157499.903279973,Cluster 2,0.16860880781584184,0.26626659004781816,0.09765778223197633
2,1990,DF02_2,DF02,552500.0249240466,6162499.926827057,Cluster 3,0.15293968540675631,0.19933225331403587,0.04639256790727955
2,1990,DF04_2,DF04,552500.0484365653,6172499.866101065,Cluster 3,0.1376935546013687,0.18507346170263528,0.04737990710126658
2,1990,DF05_2,DF05,552500.0248900052,6177499.8923083795,Cluster 2,0.13038828024363944,0.16343711986946066,0.033048839625821225
2,1990,DF06_2,DF06,552500.0201864875,6182499.845409598,Cluster 2,0.12522370401487656,0.13902022113257131,0.013796517117694751
2,1990,DF07_2,DF07,552500.0322634379,6187499.836667846,Cluster 2,0.2440045714383767,0.24745213623787607,0.0034475647994993697
2,1990,DF08_2,DF08,552499.9978258526,6192499.865300811,Cluster 3,0.1493065508885366,0.2858901439924657,0.13658359310392912
2,1990,DF09_2,DF09,552500.0427085381,6197499.8215051675,Cluster 3,0.10141050800727189,0.18993153963376416,0.08852103162649227
2,1990,DF10_2,DF10,557500.0539540383,6152499.913491488,Cluster 2,0.16676642708627665,0.20929888779228104,0.04253246070600439
2,1990,DF14_2,DF14,557500.0426793615,6172499.947726307,Cluster 2,0.14261583804519531,0.19726750842045734,0.05465167037526203
2,1990,DF15_2,DF15,557500.0018913269,6177499.856621167,Cluster 3,0.1170486126502975,0.14419134928869787,0.02714273663840036
2,1990,DF16_2,DF16,557500.0236227086,6182499.915863126,Cluster 3,0.09849044653154818,0.20075127784311325,0.10226083131156508
2,1990,DF17_2,DF17,557499.9860512931,6187499.789903091,Cluster 3,0.1093863746581067,0.18103004693513094,0.07164367227702424
2,1990,DF18_2,DF18,557500.0093904075,6192499.814239048,Cluster 3,0.12137104231613006,0.2574591429244665,0.13608810060833643
2,1990,DF19_2,DF19,557500.0331405934,6197499.765436237,Cluster 2,0.1172717332042389,0.16926186891638387,0.05199013571214496
2,1990,DF20_2,DF20,562500.08334866,6152499.927340711,Cluster 3,0.10213434579025908,0.2220520195215119,0.11991767373125282
2,1990,DF24_2,DF24,562500.0367152442,6172499.862543065,Cluster 2,0.17058421440869231,0.24270005831834132,0.07211584390964901
2,1990,DF25_2,DF25,562499.9763535939,6177499.886270679,Cluster 3,0.1263727682034273,0.1932118438109048,0.06683907560747751
2,1990,DF26_2,DF26,562499.9653456258,6182499.837874897,Cluster 3,0.13391311997767574,0.13725137901530363,0.003338259037627883
2,1990,DF27_2,DF27,562500.0011427227,6187499.828616493,Cluster 3,0.14839669219246684,0.15162835130490793,0.003231659112441082
2,1990,DF28_2,DF28,562499.9576474453,6192499.856666409,Cluster 3,0.12401849016500385,0.24625205505133693,0.12223356488633308
2,1990,DF29_2,DF29,562499.9609393289,6197499.812510072,Cluster 3,0.11209708687891509,0.1376192508539312,0.02552216397501611
2,1990,DF30_2,DF30,567500.0600414778,6152499.957596392,Cluster 3,0.07777318849625768,0.17631281125254428,0.0985396227562866
2,1990,DF31_2,DF31,567500.0347013446,6157499.951350236,Cluster 3,0.13848393751881796,0.25814030413742267,0.11965636661860471
2,1990,DF37_2,DF37,567499.9700276025,6187499.839556279,Cluster 3,0.1519024040673689,0.24740784390249837,0.09550543983512946
2,1990,DF38_2,DF38,567499.9855262494,6192499.88279332,Cluster 3,0.17799721591209172,0.3134433404252479,0.13544612451315619
2,1990,DF39_2,DF39,567499.9689031657,6197499.852938899,Cluster 2,0.12476344959526768,0.1473699432974421,0.02260649370217442
2,1990,DF40_2,DF40,572500.0649841583,6152499.8935916675,Cluster 3,0.10129503264489068,0.1807038844689469,0.07940885182405621
2,1990,DF41_2,DF41,572500.0874127243,6157499.909943095,Cluster 3,0.1297685654541003,0.2655979725514225,0.1358294070973222
2,1990,DF48_2,DF48,572499.9843263607,6192499.890549853,Cluster 3,0.15021786242524132,0.2816354517366054,0.1314175893113641
2,1990,DF49_2,DF49,572499.9503513994,6197499.773365588,Cluster 2,0.11827471314325445,0.13649860333210545,0.018223890188850997
2,1990,DF50_2,DF50,577500.1106004395,6152499.957711743,Cluster 2,0.36114472522539814,0.3761327102527217,0.01498798502732357
2,1990,DF51_2,DF51,577500.0572356211,6157499.892787818,Cluster 3,0.13806458582632372,0.19035705162920527,0.05229246580288155
2,1990,DF52_2,DF52,577500.0677353318,6162499.979763222,Cluster 1,0.20584809028017872,0.2752027324501863,0.06935464217000756
2,1990,DF59_2,DF59,577499.9181351293,6197499.795993284,Cluster 3,0.13274848112180263,0.23175968089816731,0.09901119977636469
2,1990,DF60_2,DF60,582500.0903572468,6152499.924879827,Cluster 2,0.16831661876751797,0.20808384347345427,0.0397672247059363
2,1990,DF61_2,DF61,582500.0863001315,6157499.901682529,Cluster 3,0.11130839213876244,0.17828622785107792,0.06697783571231548
2,1990,DF62_2,DF62,582500.0688732299,6162499.91803773,Cluster 3,0.1248097706636675,0.21945302503876613,0.09464325437509863
2,1990,DF70_2,DF70,587500.0815321453,6152499.907091927,Cluster 3,0.10813869928499718,0.16690407310904445,0.05876537382404727
2,1990,DF71_2,DF71,587500.064427627,6157499.934001944,Cluster 3,0.10147225333978176,0.20348045321879418,0.10200819987901243
2,1990,DF72_2,DF72,587500.0831289394,6162499.89047789,Cluster 3,0.1214895170590583,0.1824844980380134,0.06099498097895509
2,1990,DF80_2,DF80,592500.1000892023,6152499.904054666,Cluster 3,0.14602507969738895,0.22369217433615227,0.07766709463876331
2,1990,DF81_2,DF81,592500.1360954175,6157499.880622524,Cluster 1,0.18302022947513047,0.20816698706054215,0.025146757585411683
2,1990,DF96_2,DF96,597500.0114531335,6182499.907238431,Cluster 3,0.11763818288264732,0.1576155185985175,0.03997733571587017
2,1990,DF97_2,DF97,597499.9710038947,6187499.863307686,Cluster 3,0.132720466169762,0.1852770401646019,0.0525565739948399
2,1990,DF98_2,DF98,597499.9873134624,6192499.861592982,Cluster 1,0.15156904956406841,0.1670196753641335,0.015450625800065093
2,1990,DG00_2,DG00,552500.1089325006,6102499.820040352,Cluster 2,0.20168104676850562,0.21408273311522197,0.012401686346716345
2,1990,DG07_2,DG07,552500.0776589774,6137499.8553233305,Cluster 3,0.15725627997131655,0.19137628271392731,0.03412000274261076
2,1990,DG08_2,DG08,552500.0980597695,6142499.949654789,Cluster 3,0.14568313614237732,0.22737167846688763,0.08168854232451031
2,1990,DG09_2,DG09,552500.0800114883,6147499.859026643,Cluster 3,0.17254465014642248,0.17784567182225977,0.005301021675837292
2,1990,DG14_2,DG14,557500.0859443847,6122499.842967669,Cluster 1,0.18930496930634652,0.23262653797711572,0.043321568670769195
2,1990,DG15_2,DG15,557500.1128352805,6127499.926189727,Cluster 2,0.18211750894018883,0.20191412151727867,0.01979661257708984
2,1990,DG16_2,DG16,557500.0859944862,6132499.9357982185,Cluster 3,0.15035270708574325,0.16716466899462182,0.01681196190887857
2,1990,DG17_2,DG17,557500.0682798454,6137499.872589368,Cluster 3,0.12217802733497535,0.2669284535824606,0.14475042624748524
2,1990,DG18_2,DG18,557500.0560698126,6142499.959101104,Cluster 1,0.19295467217169204,0.19665593666806905,0.0037012644963770047
2,1990,DG19_2,DG19,557500.051534985,6147499.972744273,Cluster 1,0.17959839078667664,0.2014759582899638,0.021877567503287176
2,1990,DG22_2,DG22,562500.0912223725,6112499.9040538985,Cluster 1,0.20797977776540824,0.23684555517920136,0.02886577741379312
2,1990,DG23_2,DG23,562500.0828425015,6117499.910760884,Cluster 3,0.1815908896129176,0.22596614139251636,0.04437525177959875
2,1990,DG24_2,DG24,562500.1336018639,6122499.845666463,Cluster 2,0.22381580092475814,0.2654776223228288,0.04166182139807065
2,1990,DG25_2,DG25,562500.112409009,6127499.929512105,Cluster 2,0.16818565562057974,0.2203193280477656,0.05213367242718586
2,1990,DG26_2,DG26,562500.085315404,6132499.940609023,Cluster 2,0.13277926807130921,0.20460556012873943,0.07182629205743021
2,1990,DG27_2,DG27,562500.1149576314,6137499.879825633,Cluster 3,0.0979663256855921,0.20437297571314023,0.10640665002754812
2,1990,DG28_2,DG28,562500.0706574302,6142499.967904787,Cluster 3,0.09924959705484614,0.22895826552181645,0.12970866846697032
2,1990,DG29_2,DG29,562500.0814846822,6147499.984051399,Cluster 2,0.1542368529880313,0.182910082630462,0.028673229642430687
2,1990,DG34_2,DG34,567500.1228144517,6122499.919391854,Cluster 3,0.1129088604664818,0.21387830452856157,0.10096944406207978
2,1990,DG35_2,DG35,567500.1194090074,6127499.9028383605,Cluster 2,0.15830935514107425,0.21632722857074257,0.058017873429668326
2,1990,DG36_2,DG36,567500.0926647738,6132499.924840984,Cluster 2,0.1265246558425824,0.15883250094670032,0.03230784510411791
2,1990,DG37_2,DG37,567500.1069042278,6137499.875061364,Cluster 3,0.11187435941695845,0.20109719200962392,0.08922283259266547
2,1990,DG38_2,DG38,567500.0944806039,6142499.975064417,Cluster 3,0.14214442995679458,0.1639981651922233,0.021853735235428717
2,1990,DG39_2,DG39,567500.0597612784,6147499.890981247,Cluster 2,0.1624571000536902,0.2031123607530197,0.04065526069932948
2,1990,DG41_2,DG41,572500.1270477285,6107499.844195573,Cluster 3,0.10215303490802087,0.21453231438633763,0.11237927947831676
2,1990,DG42_2,DG42,572500.1240832573,6112499.841285639,Cluster 3,0.15751554639193768,0.21997046946379945,0.06245492307186176
2,1990,DG43_2,DG43,572500.0844316228,6117499.87702596,Cluster 3,0.10728909541587686,0.17978884237020826,0.0724997469543314
2,1990,DG44_2,DG44,572500.1345045101,6122499.95346573,Cluster 3,0.09805392110089053,0.18553536877409285,0.08748144767320232
2,1990,DG45_2,DG45,572500.0844221165,6127499.956186771,Cluster 3,0.10745212107256588,0.21031019142632734,0.10285807035376146
2,1990,DG46_2,DG46,572500.123968225,6132499.888275696,Cluster 3,0.13573601972622032,0.14736722171431157,0.011631201988091255
2,1990,DG47_2,DG47,572500.1215920995,6137499.970183186,Cluster 3,0.12924523295302526,0.26562896724054447,0.1363837342875192
2,1990,DG48_2,DG48,572500.0801946897,6142499.979324352,Cluster 3,0.11273306152015994,0.243949591366106,0.13121652984594606
2,1990,DG49_2,DG49,572500.0622560608,6147499.916709808,Cluster 3,0.09106201184559341,0.18349438510349173,0.09243237325789831
2,1990,DG51_2,DG51,577500.0918429886,6107499.86185285,Cluster 3,0.12419778177228077,0.26783222763387665,0.14363444586159588
2,1990,DG52_2,DG52,577500.0899779424,6112499.887439063,Cluster 3,0.13617438784243682,0.15131461349438835,0.015140225651951528
2,1990,DG53_2,DG53,577500.1013102453,6117499.841510532,Cluster 3,0.15900354320877214,0.1642937625074174,0.00529021929864526
2,1990,DG54_2,DG54,577500.1209952927,6122499.946588742,Cluster 3,0.1835440448574356,0.1850852235406659,0.001541178683230282
2,1990,DG55_2,DG55,577500.0903837337,6127499.86770983,Cluster 2,0.18424054114565697,0.18939778158076107,0.005157240435104099
2,1990,DG56_2,DG56,577500.129765069,6132499.940893321,Cluster 3,0.12091499846620445,0.19149400135050956,0.07057900288430512
2,1990,DG57_2,DG57,577500.1151194031,6137499.9413368525,Cluster 3,0.12918885270343913,0.20484486861805157,0.07565601591461243
2,1990,DG58_2,DG58,577500.1070374141,6142499.981399613,Cluster 3,0.13379824467344753,0.26534202624322184,0.1315437815697743
2,1990,DG59_2,DG59,577500.1065061892,6147499.949774658,Cluster 2,0.169719089284739,0.2112974584552423,0.04157836917050331
2,1990,DG60_2,DG60,582500.1033814047,6102499.898955876,Cluster 3,0.14436185362112183,0.25810758179536997,0.11374572817424813
2,1990,DG61_2,DG61,582500.1087734731,6107499.811257644,Cluster 3,0.1821229949004228,0.3236108754742529,0.14148788057383008
2,1990,DG62_2,DG62,582500.1086388057,6112499.874676149,Cluster 3,0.2033202224296208,0.3535941532381742,0.15027393080855342
2,1990,DG63_2,DG63,582500.106121318,6117499.866638746,Cluster 3,0.11553575993376618,0.23168568428621555,0.11614992435244938
2,1990,DG64_2,DG64,582500.0981873247,6122499.898389105,Cluster 3,0.12410877044026318,0.17569977197344316,0.051591001533179984
2,1990,DG65_2,DG65,582500.1494407246,6127499.859806266,Cluster 2,0.1948667500070321,0.23038490213869456,0.035518152131662456
2,1990,DG66_2,DG66,582500.1276752406,6132499.971046642,Cluster 2,0.2002669767226738,0.2123551754133082,0.012088198690634405
2,1990,DG67_2,DG67,582500.1017190362,6137499.899436134,Cluster 3,0.16107614001337292,0.18396786211247554,0.022891722099102618
2,1990,DG68_2,DG68,582500.127661447,6142499.979957241,Cluster 3,0.1467962609518189,0.21984952884359182,0.07305326789177291
2,1990,DG69_2,DG69,582500.0820257012,6147499.987659226,Cluster 3,0.10603332779160331,0.24438883844298326,0.13835551065137996
2,1990,DG70_2,DG70,587500.1040743836,6102499.842870175,Cluster 3,0.19259271316568347,0.2350737647128963,0.04248105154721282
2,1990,DG71_2,DG71,587500.1277292037,6107499.8022988215,Cluster 3,0.17953381212136316,0.32325025921769607,0.1437164470963329
2,1990,DG72_2,DG72,587500.1300347799,6112499.912887864,Cluster 3,0.1631098758116868,0.2939438211221587,0.13083394531047193
2,1990,DG73_2,DG73,587500.1165678317,6117499.840793578,Cluster 3,0.12001817414568956,0.24580873667660183,0.12579056253091225
2,1990,DG74_2,DG74,587500.1433676686,6122499.921054047,Cluster 3,0.11539400026599056,0.2094536542125665,0.09405965394657595
2,1990,DG75_2,DG75,587500.1501098787,6127499.929842266,Cluster 3,0.17320992258240817,0.1983185136295342,0.02510859104712604
2,1990,DG76_2,DG76,587500.1358212815,6132499.8671259945,Cluster 3,0.1952503120509696,0.20487916172259624,0.009628849671626638
2,1990,DG77_2,DG77,587500.0951186153,6137499.955423165,Cluster 3,0.20393199610391624,0.24760805503347313,0.043676058929556894
2,1990,DG78_2,DG78,587500.0947161396,6142499.973410007,Cluster 3,0.23041462723297051,0.2517143600263771,0.02129973279340658
2,1990,DG79_2,DG79,587500.133423215,6147499.921055779,Cluster 3,0.1180880678400695,0.21139986929962218,0.09331180145955267
2,1990,DG80_2,DG80,592500.1215643627,6102499.818749571,Cluster 3,0.14084477760092295,0.20171020754408248,0.06086542994315952
2,1990,DG81_2,DG81,592500.1642016799,6107499.834659493,Cluster 3,0.13593785673788777,0.1988105715672492,0.06287271482936144
2,1990,DG82_2,DG82,592500.1719790371,6112499.890489254,Cluster 3,0.1303285306379998,0.25699179869866334,0.12666326806066355
2,1990,DG83_2,DG83,592500.1462224028,6117499.874937038,Cluster 3,0.10506826424105631,0.21868986793540057,0.11362160369434426
2,1990,DG84_2,DG84,592500.1472162764,6122499.900566232,Cluster 3,0.11115642964286664,0.19478181505547323,0.0836253854126066
2,1990,DG85_2,DG85,592500.1125679152,6127499.854749453,Cluster 2,0.216678690256215,0.2540537072823525,0.03737501702613749
2,1990,DG86_2,DG86,592500.165847554,6132499.851379236,Cluster 3,0.15532673222328916,0.17650202092114003,0.021175288697850875
2,1990,DG87_2,DG87,592500.1155330035,6137499.886446235,Cluster 3,0.15176762931256493,0.2167766031527017,0.06500897384013676
2,1990,DG88_2,DG88,592500.1507311421,6142499.963900514,Cluster 3,0.15368487534961947,0.1930083106152819,0.039323435265662426
2,1990,DG89_2,DG89,592500.1459106059,6147499.969781486,Cluster 1,0.22567512768875755,0.3164005936453893,0.09072546595663175
2,1990,DG90_2,DG90,597500.1713315928,6102499.826306785,Cluster 3,0.15789792732526317,0.22867771635478415,0.07077978902952098
2,1990,DG91_2,DG91,597500.1723162967,6107499.795391971,Cluster 3,0.13822724804548106,0.21381433232548766,0.0755870842800066
2,1990,DG92_2,DG92,597500.1866216981,6112499.805806173,Cluster 3,0.12703314699071344,0.21909576848627657,0.09206262149556313
2,1990,DG93_2,DG93,597500.1493824713,6117499.856123005,Cluster 3,0.10278174750389522,0.18459603036024586,0.08181428285635063
2,1990,DG94_2,DG94,597500.1256288488,6122499.836436391,Cluster 3,0.09795781419123621,0.20788529020564914,0.10992747601441293
2,1990,DG95_2,DG95,597500.1752226814,6127499.859382003,Cluster 3,0.13552567752851147,0.16821452168316894,0.032688844154657476
2,1990,DG96_2,DG96,597500.1698570813,6132499.922134469,Cluster 3,0.13643389754609997,0.27120066945332655,0.13476677190722658
2,1990,DG97_2,DG97,597500.1743571849,6137499.9147871975,Cluster 3,0.140803388618063,0.22281872322289878,0.08201533460483579
2,1990,DG98_2,DG98,597500.1217638251,6142499.947179923,Cluster 3,0.15222589658115382,0.17448617726232055,0.022260280681166728
2,1990,DG99_2,DG99,597500.1399889182,6147499.910806376,Cluster 1,0.22860552589104133,0.317010871732215,0.08840534584117365
2,1990,DH06_2,DH06,552500.1885183516,6082499.894090945,Cluster 3,0.15320884574085433,0.23263371657594067,0.07942487083508634
2,1990,DH07_2,DH07,552500.1080240731,6087499.900931246,Cluster 3,0.13142542921017972,0.25958782428791033,0.1281623950777306
2,1990,DH08_2,DH08,552500.1224177002,6092499.835871966,Cluster 3,0.16210084402643093,0.23921338814762044,0.07711254412118951
2,1990,DH09_2,DH09,552500.1002956021,6097499.919942602,Cluster 2,0.17075972702089634,0.18989194232288642,0.01913221530199008
2,1990,DH16_2,DH16,557500.1353999713,6082499.896520629,Cluster 3,0.20137859293263227,0.25867483441333394,0.05729624148070167
2,1990,DH17_2,DH17,557500.1315025091,6087499.894301601,Cluster 3,0.15345425391543885,0.28968299521427865,0.1362287412988398
2,1990,DH18_2,DH18,557500.14150952,6092499.930770529,Cluster 3,0.11607884740868657,0.2338488926395554,0.11777004523086884
2,1990,DH19_2,DH19,557500.1021907555,6097499.893807441,Cluster 3,0.12405647912229828,0.24454604967780152,0.12048957055550324
2,1990,DH26_2,DH26,562500.1313600574,6082499.897424985,Cluster 1,0.16453472905814429,0.1958779930090427,0.031343263950898426
2,1990,DH27_2,DH27,562500.1404915752,6087499.894655372,Cluster 2,0.1502894225097235,0.1577222932576541,0.007432870747930614
2,1990,DH28_2,DH28,562500.1479966408,6092499.930620275,Cluster 3,0.13168682780062022,0.17855092431200903,0.046864096511388814
2,1990,DH36_2,DH36,567500.1276941404,6082499.895786983,Cluster 1,0.18126585580450127,0.21886337480771806,0.037597519003216784
2,1990,DH37_2,DH37,567500.1504468835,6087499.901725202,Cluster 2,0.29682176749634515,0.32895547538586606,0.03213370788952091
2,1990,DH67_2,DH67,582500.150456362,6087499.846226105,Cluster 1,0.18916748314796533,0.26204373579519635,0.07287625264723102
2,1990,DH75_2,DH75,587500.1331639127,6077499.873700988,Cluster 1,0.22723462507466052,0.2712917645548128,0.044057139480152274
2,1990,DH76_2,DH76,587500.1690374067,6082499.854533708,Cluster 1,0.15232943840122587,0.20792369386944937,0.0555942554682235
2,1990,DH85_2,DH85,592500.1356770925,6077499.908513531,Cluster 1,0.1703799534457376,0.23370413803694032,0.06332418459120273
2,1990,DH86_2,DH86,592500.1422768618,6082499.831678937,Cluster 1,0.20736965174869326,0.2628774423877705,0.05550779063907724
2,1990,DH98_2,DH98,597500.1549924235,6092499.78831973,Cluster 1,0.24310725253033422,0.3494862189083897,0.1063789663780555
2,1990,DH99_2,DH99,597500.1873019559,6097499.787314182,Cluster 3,0.21750021925549062,0.2610072522640373,0.04350703300854669
2,1990,ED00_2,ED00,602500.0074655657,6252499.92582771,Cluster 3,0.08895209548040992,0.19305151832348866,0.10409942284307874
2,1990,ED01_2,ED01,602500.0069320137,6257499.875294123,Cluster 3,0.13442880362859996,0.28410489347804613,0.14967608984944616
2,1990,ED02_2,ED02,602499.9632342183,6262499.97639951,Cluster 3,0.15858751215474792,0.21758609299137824,0.058998580836630315
2,1990,ED03_2,ED03,602500.0034894047,6267500.009511617,Cluster 3,0.1583646723705429,0.20722149296914527,0.04885682059860236
2,1990,EE08_2,EE08,602500.0238220977,6242499.8172161,Cluster 3,0.12605044454818487,0.15794270842856462,0.031892263880379745
2,1990,EE09_2,EE09,602500.0332308657,6247499.906951615,Cluster 3,0.09284057453647579,0.16885025964633615,0.07600968510986036
2,1990,EB03_2,EB03,617499.4041724587,6347499.787013219,Cluster 1,0.16818945904375548,0.268343112856655,0.10015365381289953
2,1990,EB04_2,EB04,617499.3770303854,6352499.760663346,Cluster 1,0.1525436937647775,0.2178597639545976,0.06531607018982011
2,1990,EB06_2,EB06,622499.452476495,6342499.958876019,Cluster 1,0.17425538120665368,0.28854810286005983,0.11429272165340615
2,1990,EB07_2,EB07,622499.340247113,6347499.802468584,Cluster 3,0.20770838640291078,0.21120288104582677,0.003494494642915985
2,1990,EB08_2,EB08,622499.3295501823,6352499.804013868,Cluster 3,0.1579641990366002,0.23531841958820823,0.07735422055160804
2,1990,EB10_2,EB10,627499.3598611797,6352499.809865731,Cluster 3,0.14518495646627685,0.22039169687021884,0.07520674040394199
2,1990,ED10_2,ED10,607500.0314739328,6252499.92479157,Cluster 3,0.11917973723730452,0.1449247930368084,0.025745055799503896
2,1990,ED12_2,ED12,607499.9846502618,6262499.948752708,Cluster 2,0.20346235723654663,0.20666804403445466,0.0032056867979080306
2,1990,ED13_2,ED13,607500.0289460056,6267499.969510026,Cluster 2,0.16450253411559015,0.18898866710116405,0.024486132985573894
2,1990,ED20_2,ED20,612500.049310843,6252499.9062306555,Cluster 3,0.08081461624544042,0.17897772484412441,0.09816310859868399
2,1990,ED21_2,ED21,612499.9999244057,6257499.948716197,Cluster 2,0.12642578866979653,0.15842462703861637,0.03199883836881984
2,1990,ED22_2,ED22,612500.0638923836,6262499.925191073,Cluster 3,0.15469771354222153,0.22588477968740664,0.07118706614518511
2,1990,ED23_2,ED23,612500.0489246127,6267500.053278171,Cluster 3,0.15243704861466428,0.2941757367822635,0.14173868816759921
2,1990,ED30_2,ED30,617500.0131436305,6252499.979232868,Cluster 3,0.1186333869304746,0.2416952591271697,0.1230618721966951
2,1990,ED31_2,ED31,617500.0689346831,6257499.919604393,Cluster 2,0.1407106707146799,0.14663800801961935,0.0059273373049394396
2,1990,EE05_2,EE05,602500.0291128291,6227499.796893536,Cluster 3,0.1601067410881132,0.19434918977527885,0.03424244868716564
2,1990,EE06_2,EE06,602500.0177116019,6232499.873435614,Cluster 2,0.15026578031712545,0.16761511871073584,0.017349338393610386
2,1990,EE07_2,EE07,602500.0370459903,6237499.880717993,Cluster 3,0.18198759679142912,0.3072538293060845,0.1252662325146554
2,1990,EE15_2,EE15,607500.0429033731,6227499.870408693,Cluster 3,0.10144816530491862,0.17694203009894072,0.07549386479402209
2,1990,EE16_2,EE16,607500.0326255038,6232499.819688625,Cluster 3,0.12288474763732751,0.24739580839287093,0.12451106075554341
2,1990,EE17_2,EE17,607500.0336967214,6237499.811088578,Cluster 3,0.1757971860754942,0.32538959973832876,0.14959241366283457
2,1990,EE18_2,EE18,607500.0446534248,6242499.84457169,Cluster 3,0.08899828687213793,0.1813783085599909,0.09238002168785298
2,1990,EE19_2,EE19,607500.0022517216,6247499.918539914,Cluster 3,0.08947952759081597,0.1594625951857014,0.06998306759488544
2,1990,EE27_2,EE27,612500.0178630335,6237499.805356083,Cluster 3,0.13784362098532602,0.2884573298230827,0.15061370883775668
2,1990,EE28_2,EE28,612500.0568845634,6242499.83450955,Cluster 3,0.10845011755263208,0.22847919305897174,0.12002907550633966
2,1990,EE29_2,EE29,612500.0256645977,6247499.904153242,Cluster 3,0.10535949636391403,0.1258536353285613,0.020494138964647274
2,1990,EE39_2,EE39,617500.0586333661,6247499.861813668,Cluster 3,0.11727658269036928,0.23116032086339647,0.11388373817302719
2,1990,EF00_2,EF00,602500.1568967437,6152499.938279047,Cluster 1,0.1731748977303079,0.22381474744469504,0.05063984971438715
2,1990,EF01_2,EF01,602500.110434067,6157499.949953882,Cluster 3,0.1373222101624326,0.2280141729021348,0.0906919627397022
2,1990,EF02_2,EF02,602500.11502745,6162499.892898545,Cluster 3,0.1751957607537057,0.26497174191270056,0.08977598115899488
2,1990,EF06_2,EF06,602500.0299051435,6182499.853612516,Cluster 3,0.10873582710787125,0.21304869578276503,0.10431286867489378
2,1990,EF07_2,EF07,602500.0078381761,6187499.891590624,Cluster 2,0.14605626131569163,0.17865151327286138,0.03259525195716975
2,1990,EF08_2,EF08,602499.9662049786,6192499.859152391,Cluster 3,0.19672519445842607,0.20510209780675046,0.008376903348324388
2,1990,EF09_2,EF09,602499.963655327,6197499.869020305,Cluster 3,0.20071842150426042,0.2294937865721436,0.02877536506788317
2,1990,EF10_2,EF10,607500.16663707,6152499.862016589,Cluster 3,0.11796289578346564,0.20094514247316758,0.08298224668970194
2,1990,EF11_2,EF11,607500.176405482,6157499.852075477,Cluster 3,0.1643532156462522,0.17232510755218786,0.007971891905935669
2,1990,EF45_2,EF45,622500.1133564778,6177499.906438245,Cluster 2,0.15577778351860075,0.18124250367498426,0.025464720156383513
2,1990,EF54_2,EF54,627500.173708827,6172499.894058021,Cluster 3,0.1839365631410341,0.19407843426398871,0.010141871122954615
2,1990,EF63_2,EF63,632500.2244002955,6167499.81615931,Cluster 2,0.34793635506386517,0.3604736301983491,0.012537275134483938
2,1990,EF64_2,EF64,632500.1982281193,6172499.854965836,Cluster 3,0.17862754818181242,0.2146362020346017,0.036008653852789285
2,1990,EF65_2,EF65,632500.1855857152,6177499.827314664,Cluster 3,0.12495430139432478,0.25793948368705,0.1329851822927252
2,1990,EF69_2,EF69,632500.1501958598,6197499.82822393,Cluster 1,0.18028615915715948,0.2177679508127139,0.03748179165555443
2,1990,EF70_2,EF70,637500.234482398,6152499.829759564,Cluster 3,0.15857364346306516,0.18855047014584758,0.029976826682782426
2,1990,EF71_2,EF71,637500.2314522653,6157499.769810148,Cluster 3,0.13325831459571286,0.250176506725883,0.11691819213017013
2,1990,EF72_2,EF72,637500.2274973425,6162499.754893564,Cluster 3,0.12941159066330424,0.14616762204675746,0.016756031383453218
2,1990,EF73_2,EF73,637500.2209097057,6167499.784967061,Cluster 3,0.16408678048723915,0.18404170561271907,0.019954925125479916
2,1990,EF74_2,EF74,637500.2099802837,6172499.859987579,Cluster 3,0.08924526124445564,0.1763711360817964,0.08712587483734074
2,1990,EF75_2,EF75,637500.1965109793,6177499.868648433,Cluster 3,0.22508232510465695,0.2598491476848379,0.03476682258018096
2,1990,EF80_2,EF80,642500.2088201805,6152499.8108049715,Cluster 1,0.16623767686177268,0.17549612882661345,0.009258451964840764
2,1990,EF81_2,EF81,642500.2076575521,6157499.794391641,Cluster 3,0.2157739626124261,0.26807567244487124,0.05230170983244514
2,1990,EF82_2,EF82,642500.2525552853,6162499.825148337,Cluster 3,0.16663428925335716,0.25499802872451593,0.08836373947115878
2,1990,EF83_2,EF83,642500.2193219239,6167499.787668911,Cluster 3,0.15378565211704656,0.1627041006216513,0.008918448504604742
2,1990,EF84_2,EF84,642500.2285859047,6172499.797269886,Cluster 2,0.19254338448406608,0.22444541715624272,0.031902032672176645
2,1990,EF85_2,EF85,642500.21561393,6177499.851854328,Cluster 3,0.15671194494644813,0.18430061567981526,0.027588670733367127
2,1990,EF90_2,EF90,647500.1968096502,6152499.796485673,Cluster 3,0.1255569750468574,0.2696231490621274,0.14406617401527003
2,1990,EF91_2,EF91,647500.2025785598,6157499.7218825305,Cluster 3,0.1756091521219738,0.30291185937128495,0.12730270724931114
2,1990,EF92_2,EF92,647500.2346433615,6162499.805848634,Cluster 3,0.1952169266168584,0.32491912026642494,0.12970219364956653
2,1990,EF93_2,EF93,647500.2356114537,6167499.82370214,Cluster 3,0.2061022097104257,0.33784358452712265,0.13174137481669695
2,1990,EF94_2,EF94,647500.2037785846,6172499.7753932625,Cluster 3,0.17062509788828747,0.3264484048545778,0.15582330696629035
2,1990,EF95_2,EF95,647500.2592736807,6177499.776383813,Cluster 2,0.18764310876866794,0.2022818112261158,0.01463870245744786
2,1990,EF96_2,EF96,647500.2117523269,6182499.820248794,Cluster 2,0.1878729920049435,0.18918862990637283,0.0013156379014293285
2,1990,EG00_2,EG00,602500.2075383858,6102499.752554977,Cluster 3,0.1866802947905065,0.2331911177167549,0.04651082292624842
2,1990,EG01_2,EG01,602500.1653777973,6107499.795298992,Cluster 3,0.13881278048185977,0.19980335359107335,0.060990573109213575
2,1990,EG02_2,EG02,602500.1872741627,6112499.769644517,Cluster 3,0.11281626342701132,0.1938417782623249,0.08102551483531359
2,1990,EG03_2,EG03,602500.1419317244,6117499.7838923335,Cluster 3,0.14580414911108325,0.15332028550323543,0.0075161363921521784
2,1990,EG04_2,EG04,602500.155513311,6122499.8409451125,Cluster 3,0.11813946711603712,0.2468469176812894,0.1287074505652523
2,1990,EG05_2,EG05,602500.1656467885,6127499.828034153,Cluster 3,0.1058966405601448,0.17320069496606755,0.06730405440592274
2,1990,EG06_2,EG06,602500.1685459674,6132499.856394926,Cluster 3,0.147427674875828,0.21172655673510207,0.06429888185927407
2,1990,EG07_2,EG07,602500.1629894912,6137499.92599472,Cluster 3,0.19678003726576895,0.19999337193081906,0.0032133346650501105
2,1990,EG08_2,EG08,602500.1503424796,6142499.925529002,Cluster 3,0.10007930548323071,0.19530039408746888,0.09522108860423817
2,1990,EG09_2,EG09,602500.129395011,6147499.854962473,Cluster 1,0.2029467852913815,0.2508389705813977,0.04789218529001621
2,1990,EG10_2,EG10,607500.1768091201,6102499.818051623,Cluster 3,0.1732641935863611,0.23250686496648798,0.05924267138012687
2,1990,EG11_2,EG11,607500.1588724807,6107499.833944355,Cluster 3,0.12735220094133654,0.19174359324785117,0.06439139230651464
2,1990,EG12_2,EG12,607500.1894330485,6112499.781570623,Cluster 3,0.12614739974902725,0.20952326406641358,0.08337586431738633
2,1990,EG13_2,EG13,607500.2007176884,6117499.770624214,Cluster 3,0.09731796976191585,0.20491794294157673,0.10759997317966087
2,1990,EG14_2,EG14,607500.191500505,6122499.801071322,Cluster 3,0.09957907895893972,0.22402058731845237,0.12444150835951265
2,1990,EG15_2,EG15,607500.1605547919,6127499.872877927,Cluster 3,0.09265487442704802,0.21966037645351802,0.12700550202646999
2,1990,EG16_2,EG16,607500.1727981393,6132499.876283166,Cluster 2,0.20228826081215143,0.24245357304289222,0.040165312230740796
2,1990,EG17_2,EG17,607500.1607226082,6137499.920979434,Cluster 3,0.13858303323741636,0.23011196285269425,0.091528929615277893
2,1990,EG18_2,EG18,607500.1891095479,6142499.897205671,Cluster 3,0.1277532293834771,0.17443967700329618,0.04668644761981908
2,1990,EG19_2,EG19,607500.1905837624,6147499.914653578,Cluster 3,0.10504738099673062,0.22770290851050257,0.12265552751377194
2,1990,EG21_2,EG21,612500.2348921587,6107499.801269529,Cluster 2,0.1653237794135935,0.1919294168565586,0.026605637442965097
2,1990,EG22_2,EG22,612500.2114052242,6112499.729918555,Cluster 3,0.09404102234195669,0.1971143572429671,0.10307333490101042
2,1990,EG23_2,EG23,612500.2139353334,6117499.81291228,Cluster 3,0.11420443295571248,0.17458194837166052,0.060377515415948046
2,1990,EG24_2,EG24,612500.1830770366,6122499.826076767,Cluster 3,0.0886811628091333,0.1858407316752575,0.0971595688661242
2,1990,EG25_2,EG25,612500.1782985982,6127499.882253152,Cluster 3,0.16047940742575467,0.24590929092455063,0.08542988349879596
2,1990,EG26_2,EG26,612500.200980525,6132499.870141038,Cluster 3,0.12207915047953541,0.24213072726266266,0.12005157678312725
2,1990,EG30_2,EG30,617500.2479844969,6102499.703469929,Cluster 3,0.1772682194137449,0.2514409554714319,0.07417273605768701
2,1990,EG40_2,EG40,622500.2477358868,6102499.741840948,Cluster 3,0.19782066375756754,0.20156794158344432,0.003747277825876777
2,1990,EG41_2,EG41,622500.2452251216,6107499.731631616,Cluster 2,0.18140861953356943,0.2537875342494893,0.07237891471591987
2,1990,EG42_2,EG42,622500.1778913485,6112499.7629739335,Cluster 3,0.1422037537810719,0.22051030792504378,0.07830655414397189
2,1990,EG76_2,EG76,637500.1687954454,6132499.737980937,Cluster 3,0.13600602721836066,0.23387849296203217,0.0978724657436715
2,1990,EG77_2,EG77,637500.2055718829,6137499.833220863,Cluster 1,0.2190139036611168,0.2351770320355577,0.016163128374440894
2,1990,EG84_2,EG84,642500.1821270094,6122499.752851817,Cluster 3,0.14398179452850715,0.26142315648517994,0.11744136195667279
2,1990,EG85_2,EG85,642500.1759146599,6127499.685259293,Cluster 3,0.15584443670674175,0.28422451910980473,0.12838008240306298
2,1990,EG86_2,EG86,642500.1595471228,6132499.774305279,Cluster 3,0.18619024820687624,0.205061558487765,0.01887131028088876
2,1990,EG87_2,EG87,642500.2018560335,6137499.799481912,Cluster 1,0.16633028546353595,0.2032179618311752,0.03688767636763923
2,1990,EG88_2,EG88,642500.1743270823,6142499.756653693,Cluster 3,0.20920434521565553,0.21655259616370473,0.007348250948049195
2,1990,EG89_2,EG89,642500.1983442176,6147499.761124632,Cluster 1,0.17485940863138622,0.221974539974825,0.04711513134343878
2,1990,EG94_2,EG94,647500.1901655146,6122499.657195898,Cluster 3,0.20536334412357476,0.3166013462378444,0.11123800211426965
2,1990,EG95_2,EG95,647500.2152539153,6127499.751259625,Cluster 3,0.13597996356689254,0.22695449746664326,0.09097453389975071
2,1990,EG96_2,EG96,647500.1581773825,6132499.777421652,Cluster 3,0.10187434564158182,0.24332346027870205,0.14144911463712023
2,1990,EG97_2,EG97,647500.2075852172,6137499.741983493,Cluster 2,0.19542997812947116,0.19598972205527876,5.597439258075987e-4
2,1990,EG98_2,EG98,647500.1677108221,6142499.749803021,Cluster 3,0.18699303596834752,0.22116453054391624,0.03417149457556873
2,1990,EG99_2,EG99,647500.2267514672,6147499.807189792,Cluster 3,0.11640009671019051,0.2646358060996128,0.14823570938942227
2,1990,EH08_2,EH08,602500.1620083671,6092499.788471238,Cluster 1,0.22325240251844672,0.23916844884347427,0.01591604632502755
2,1990,EH09_2,EH09,602500.1847436636,6097499.749779848,Cluster 3,0.12301359319149513,0.20201236536225387,0.07899877217075874
2,1990,EH13_2,EH13,607500.2490966875,6067499.876797193,Cluster 3,0.21604026849656202,0.3140436782044342,0.09800340970787216
2,1990,EH14_2,EH14,607500.1881287517,6072499.820997513,Cluster 3,0.21729104569424548,0.3448503514218568,0.12755930572761134
2,1990,EH15_2,EH15,607500.1822916985,6077499.808419616,Cluster 3,0.1868811577381323,0.2846478373526241,0.09776667961449181
2,1990,EH16_2,EH16,607500.1659957448,6082499.837500439,Cluster 3,0.243263314738662,0.25949758087354136,0.016234266134879355
2,1990,EH17_2,EH17,607500.2047700058,6087499.798479977,Cluster 3,0.21000548183117868,0.25248830757497975,0.04248282574380108
2,1990,EH23_2,EH23,612500.2034834018,6067499.887341654,Cluster 3,0.2134230719643309,0.3414078553467455,0.1279847833824146
2,1990,EH24_2,EH24,612500.212235677,6072499.811950394,Cluster 3,0.21399430911709558,0.3486351915267896,0.13464088240969405
2,1990,EH25_2,EH25,612500.1963975141,6077499.778303541,Cluster 3,0.2044993246118024,0.34008444691189754,0.13558512230009515
2,1990,EH26_2,EH26,612500.2189002938,6082499.787972259,Cluster 3,0.1592693934193979,0.2950598961576444,0.1357905027382465
2,1990,EH27_2,EH27,612500.2170047599,6087499.728058776,Cluster 3,0.11392997061016587,0.19128196380273846,0.07735199319257259
2,1990,EH28_2,EH28,612500.1867045197,6092499.709788004,Cluster 3,0.19794215710982718,0.20412213756403821,0.0061799804542110315
2,1990,EH37_2,EH37,617500.189780661,6087499.7680580225,Cluster 2,0.2812819787201964,0.2850321958037281,0.0037502170835316817
2,1990,EH38_2,EH38,617500.2326236423,6092499.741423128,Cluster 1,0.2529856645172879,0.25431454939698445,0.001328884879696568
2,1990,EH39_2,EH39,617500.2301707517,6097499.75643296,Cluster 3,0.15628770056123753,0.29430209794456347,0.13801439738332594
2,1990,EH49_2,EH49,622500.2536596373,6097499.68413302,Cluster 2,0.2193831427118177,0.23227148177742965,0.012888339065611959
2,1990,EH54_2,EH54,627500.2315571259,6072499.726827907,Cluster 1,0.20513120623715408,0.21043581482718748,0.0053046085900333995
2,1990,EH64_2,EH64,632500.2489600373,6072499.714002534,Cluster 3,0.11142650027796133,0.19255870594896007,0.08113220567099874
2,1990,EH66_2,EH66,632500.2653655324,6082499.7089617625,Cluster 3,0.17739291096239113,0.2522587787039704,0.07486586774157927
2,1990,EH67_2,EH67,632500.240557838,6087499.660661096,Cluster 3,0.13505718720688772,0.2243460733847845,0.08928888617789676
2,1990,EH73_2,EH73,637500.2350246185,6067499.714042777,Cluster 3,0.14365322804037184,0.22538184845657902,0.08172862041620718
2,1990,EH74_2,EH74,637500.223421336,6072499.668808251,Cluster 3,0.1478702088545452,0.16768664792313806,0.019816439068592873
2,1990,EH75_2,EH75,637500.2391012611,6077499.669303549,Cluster 3,0.17748197685365558,0.29326000036232025,0.11577802350866467
2,1990,EH76_2,EH76,637500.2196151961,6082499.602278083,Cluster 3,0.11607690070472584,0.17557224562494764,0.05949534492022179
2,1990,EH77_2,EH77,637500.2241880391,6087499.580903596,Cluster 3,0.09569127963304756,0.21374696243858687,0.11805568280553931
2,1990,EH78_2,EH78,637500.2511288846,6092499.605141959,Cluster 3,0.17246288104879642,0.23263549086822774,0.060172609819431316
2,1990,EH83_2,EH83,642500.2303255753,6067499.715175096,Cluster 3,0.16299163304262898,0.20764206965832116,0.04465043661569218
2,1990,EH84_2,EH84,642500.2311327682,6072499.703858004,Cluster 2,0.15456270696597052,0.19221816802935865,0.03765546106338813
2,1990,EH85_2,EH85,642500.2474008938,6077499.627137704,Cluster 3,0.0974137219330862,0.22927647592480163,0.13186275399171543
2,1990,EH86_2,EH86,642500.2097630593,6082499.594188381,Cluster 3,0.1019495644515404,0.21003768172918771,0.10808811727764732
2,1990,EH87_2,EH87,642500.2449209422,6087499.609035659,Cluster 3,0.11448653077904891,0.1793231807471935,0.06483664996814459
2,1990,EH88_2,EH88,642500.2264585433,6092499.556320992,Cluster 3,0.1318622925615554,0.23158488957749362,0.09972259701593822
2,1990,EH92_2,EH92,647500.1957499915,6062499.687774925,Cluster 3,0.1961688060141306,0.2263816600298325,0.030212854015701923
2,1990,EH93_2,EH93,647500.2119518482,6067499.673581073,Cluster 3,0.1697895470155923,0.20160654042795526,0.031816993412362965
2,1990,EH94_2,EH94,647500.2300924656,6072499.59413029,Cluster 3,0.19624997548855852,0.19853720031526081,0.0022872248267022943
2,1990,EH95_2,EH95,647500.2412025952,6077499.671872045,Cluster 3,0.12106821519442662,0.18460427358962087,0.06353605839519424
2,1990,EH96_2,EH96,647500.2545091603,6082499.573025044,Cluster 3,0.12779044001086834,0.25838526246071575,0.1305948224498474
2,1990,EH97_2,EH97,647500.2573792844,6087499.631286464,Cluster 3,0.11338950104132815,0.2455650742194452,0.13217557317811707
2,1990,FE00_2,FE00,652500.2204548502,6202499.884181068,Cluster 2,0.22137014813289196,0.31060622159843493,0.08923607346554296
2,1990,FE10_2,FE10,657500.2140283118,6202499.844869955,Cluster 3,0.1150224670896047,0.21395076966878834,0.09892830257918364
2,1990,FE20_2,FE20,662500.2220386828,6202499.902415118,Cluster 3,0.13348519194370176,0.25901737572252825,0.1255321837788265
2,1990,FE30_2,FE30,667500.2691536737,6202499.833699634,Cluster 3,0.22548730899551905,0.3545821430661706,0.12909483407065153
2,1990,FE40_2,FE40,672500.3008507392,6202499.858164246,Cluster 3,0.13023566057561684,0.2750049680725476,0.14476930749693076
2,1990,FE60_2,FE60,682500.2713181422,6202499.84461653,Cluster 3,0.18971928683790382,0.32713816022222736,0.13741887338432354
2,1990,FE61_2,FE61,682500.341989624,6207499.920597611,Cluster 3,0.15930250677354793,0.30044525768144476,0.14114275090789682
2,1990,FE71_2,FE71,687500.2984424902,6207499.905692995,Cluster 3,0.11052412493798519,0.22049798193062342,0.10997385699263823
2,1990,FE72_2,FE72,687500.363131253,6212499.947936701,Cluster 3,0.13632139715042718,0.23758200199310867,0.10126060484268148
2,1990,FE80_2,FE80,692500.3264155694,6202499.858064589,Cluster 3,0.13515282688400232,0.2818953649521293,0.14674253806812698
2,1990,FE81_2,FE81,692500.373541418,6207499.882120019,Cluster 3,0.13534416050795425,0.24906829826385277,0.11372413775589851
2,1990,FE82_2,FE82,692500.3463343331,6212499.956222788,Cluster 3,0.13779932021640345,0.27668297282430465,0.1388836526079012
2,1990,FE83_2,FE83,692500.3720132804,6217499.974638728,Cluster 3,0.11347938552362412,0.23623176575546448,0.12275238023184036
2,1990,FE90_2,FE90,697500.3555868408,6202499.883863147,Cluster 3,0.14854505740417678,0.2453674904297036,0.09682243302552682
2,1990,FE91_2,FE91,697500.3965691917,6207499.840916168,Cluster 3,0.14385211191994632,0.28633215217436936,0.14248004025442304
2,1990,FE92_2,FE92,697500.4091896428,6212499.850916306,Cluster 3,0.12553071673445534,0.20809143740487338,0.08256072067041803
2,1990,FE93_2,FE93,697500.3909917022,6217499.9137929315,Cluster 3,0.15645539192567004,0.18398816526273234,0.027532773337062305
2,1990,FE94_2,FE94,697500.4689643438,6222499.923962992,Cluster 3,0.11814921689585936,0.2131248414297137,0.09497562453385433
2,1990,FF00_2,FF00,652500.2143912867,6152499.7862611525,Cluster 3,0.13096564172442565,0.15418851882814247,0.023222877103716816
2,1990,FF01_2,FF01,652500.2248090926,6157499.774261067,Cluster 3,0.12132476608075385,0.1704400757353717,0.049115309654617856
2,1990,FF02_2,FF02,652500.2492441322,6162499.809702141,Cluster 3,0.13566765412671314,0.292707333587367,0.15703967946065386
2,1990,FF03_2,FF03,652500.2266870057,6167499.7790860785,Cluster 3,0.11883358241250475,0.2488808311037608,0.13004724869125606
2,1990,FF04_2,FF04,652500.2144126588,6172499.795813887,Cluster 3,0.11305273845689506,0.19123357474408834,0.07818083628719327
2,1990,FF05_2,FF05,652500.2143685349,6177499.748581729,Cluster 2,0.17542688844542317,0.18547755306274677,0.010050664617323596
2,1990,FF06_2,FF06,652500.2168219197,6182499.859854026,Cluster 2,0.13468244149438185,0.19973799480111576,0.0650555533067339
2,1990,FF07_2,FF07,652500.231527698,6187499.795811617,Cluster 3,0.11884641549295476,0.14690633643695014,0.028059920943995384
2,1990,FF08_2,FF08,652500.2487440347,6192499.778918769,Cluster 2,0.2081968934423635,0.2949377026375707,0.08674080919520719
2,1990,FF10_2,FF10,657500.2143405195,6152499.777359325,Cluster 3,0.19200762326198886,0.3350746252952107,0.14306700203322184
2,1990,FF12_2,FF12,657500.2533010718,6162499.722690075,Cluster 3,0.15381642626771083,0.3051396293255627,0.15132320305785188
2,1990,FF13_2,FF13,657500.2678361252,6167499.766637617,Cluster 3,0.14347117750965765,0.17684170583243877,0.03337052832278112
2,1990,FF14_2,FF14,657500.2804860991,6172499.746787113,Cluster 3,0.085294880224198,0.22038302408816995,0.13508814386397194
2,1990,FF15_2,FF15,657500.2224905242,6177499.772069843,Cluster 2,0.18709263979173835,0.22531682222245356,0.03822418243071521
2,1990,FF16_2,FF16,657500.2175718555,6182499.846975895,Cluster 1,0.18691701137086242,0.19201010301025392,0.005093091639391506
2,1990,FF17_2,FF17,657500.2675925975,6187499.860202954,Cluster 3,0.08933881404285335,0.18910194668042624,0.09976313263757289
2,1990,FF18_2,FF18,657500.2452246804,6192499.807152677,Cluster 3,0.10759236265351138,0.24396603027722513,0.13637366762371375
2,1990,FF19_2,FF19,657500.2697239395,6197499.803575764,Cluster 3,0.14538036949787966,0.1971230205075708,0.05174265100969114
2,1990,FF21_2,FF21,662500.2406863412,6157499.799661659,Cluster 3,0.15011086910158075,0.22814014321179213,0.07802927411021138
2,1990,FF22_2,FF22,662500.2548913385,6162499.766637423,Cluster 3,0.1590487665990812,0.30916471222223874,0.15011594562315753
2,1990,FF23_2,FF23,662500.2491310743,6167499.781214133,Cluster 3,0.12081697463159019,0.19621237011649434,0.07539539548490415
2,1990,FF24_2,FF24,662500.2884650016,6172499.734430286,Cluster 3,0.10574093371689333,0.1724120317420223,0.06667109802512897
2,1990,FF25_2,FF25,662500.2368262114,6177499.844051934,Cluster 3,0.13697717129647308,0.17520824856991193,0.03823107727343886
2,1990,FF26_2,FF26,662500.2303838229,6182499.780956389,Cluster 3,0.15570533636725248,0.16978612356482808,0.014080787197575606
2,1990,FF27_2,FF27,662500.2586700729,6187499.767595499,Cluster 3,0.0878603699960337,0.19726963411648796,0.10940926412045426
2,1990,FF29_2,FF29,662500.2231507814,6197499.882831992,Cluster 3,0.1300921090238652,0.17262980892903193,0.04253769990516673
2,1990,FF30_2,FF30,667500.2250742009,6152499.760797058,Cluster 3,0.11918571164453814,0.24726759772203943,0.1280818860775013
2,1990,FF31_2,FF31,667500.2664735457,6157499.77134995,Cluster 3,0.11040459044627646,0.2117672035537586,0.10136261310748215
2,1990,FF32_2,FF32,667500.2781001843,6162499.71839387,Cluster 3,0.10092068734654161,0.1985940532603736,0.097673365913832
2,1990,FF33_2,FF33,667500.2537457212,6167499.713120071,Cluster 3,0.18412851630582036,0.18884244262915453,0.004713926323334172
2,1990,FF34_2,FF34,667500.2543204613,6172499.757887186,Cluster 2,0.1422116789219223,0.18151497479702206,0.03930329587509976
2,1990,FF35_2,FF35,667500.2819172617,6177499.741394598,Cluster 3,0.1390549229717971,0.21335296764633285,0.07429804467453574
2,1990,FF36_2,FF36,667500.2673523247,6182499.7724213265,Cluster 3,0.13011255361058136,0.17293896665910355,0.042826413048522194
2,1990,FF37_2,FF37,667500.2713154595,6187499.853328593,Cluster 2,0.3720336655696012,0.3897848122418311,0.01775114667222988
2,1990,FF38_2,FF38,667500.2333278777,6192499.870393818,Cluster 3,0.09953511667269174,0.17842604454450245,0.0788909278718107
2,1990,FF39_2,FF39,667500.2764708342,6197499.828398651,Cluster 3,0.12430887435562597,0.26754221664626215,0.14323334229063617
2,1990,FF40_2,FF40,672500.2677202892,6152499.75185617,Cluster 3,0.14197017495845116,0.27379438990880345,0.1318242149503523
2,1990,FF41_2,FF41,672500.2610297143,6157499.749462805,Cluster 3,0.11785644156432239,0.19672755283975463,0.07887111127543224
2,1990,FF42_2,FF42,672500.2674698508,6162499.797357992,Cluster 3,0.15017600563472203,0.1679153784134727,0.01773937277875068
2,1990,FF43_2,FF43,672500.289242156,6167499.784242888,Cluster 3,0.15783400085911145,0.19715022218041814,0.03931622132130669
2,1990,FF44_2,FF44,672500.2569006486,6172499.818821288,Cluster 2,0.18812743049510977,0.19013324647541266,0.0020058159803028885
2,1990,FF45_2,FF45,672500.298489102,6177499.7947630705,Cluster 3,0.19031892708231515,0.2199667512106689,0.029647824128353734
2,1990,FF46_2,FF46,672500.2817369283,6182499.818284865,Cluster 3,0.15964404080420216,0.17526459308092956,0.0156205522767274
2,1990,FF50_2,FF50,677500.2932886138,6152499.739124405,Cluster 3,0.12579566797687647,0.2218037484850655,0.09600808050818904
2,1990,FF51_2,FF51,677500.3033863106,6157499.735752224,Cluster 3,0.18045367407147522,0.19386764550998542,0.013413971438510197
2,1990,FF52_2,FF52,677500.247585791,6162499.780240425,Cluster 3,0.12652833727568014,0.1664370367768543,0.03990869950117418
2,1990,FF53_2,FF53,677500.2543300018,6167499.7663993435,Cluster 3,0.12981574204334778,0.1962724460743419,0.06645670403099413
2,1990,FF54_2,FF54,677500.2538217055,6172499.802859116,Cluster 3,0.1848106947064069,0.3198448818010305,0.1350341870946236
2,1990,FF55_2,FF55,677500.2483948858,6177499.778318752,Cluster 3,0.17052336368006854,0.19318291238792631,0.022659548707857774
2,1990,FF56_2,FF56,677500.2940670673,6182499.80652333,Cluster 1,0.2203237592586183,0.24441956503017284,0.02409580577155454
2,1990,FF57_2,FF57,677500.2630915587,6187499.882293927,Cluster 3,0.1703392506149831,0.21784342982857838,0.04750417921359529
2,1990,FF60_2,FF60,682500.2545312074,6152499.719203852,Cluster 3,0.18667803530217508,0.26457492611878103,0.07789689081660595
2,1990,FF61_2,FF61,682500.2832841513,6157499.724413432,Cluster 3,0.17016353825427133,0.2538887006140589,0.08372516235978755
2,1990,FF62_2,FF62,682500.2931610722,6162499.780151567,Cluster 3,0.13952254460984476,0.27867631328526576,0.139153768675421
2,1990,FF63_2,FF63,682500.286603715,6167499.775118978,Cluster 3,0.12384789611813142,0.20427634153334634,0.08042844541521492
2,1990,FF64_2,FF64,682500.2567777862,6172499.820493967,Cluster 3,0.17348553904386507,0.2447968019477053,0.07131126290384024
2,1990,FF65_2,FF65,682500.2689476068,6177499.807606941,Cluster 2,0.16408828826096283,0.18465964847361102,0.020571360212648188
2,1990,FF66_2,FF66,682500.253306334,6182499.845007382,Cluster 3,0.11023633051168027,0.22827289510177054,0.11803656459009026
2,1990,FF67_2,FF67,682500.2749867147,6187499.824026549,Cluster 3,0.1482659311292435,0.29569469347003374,0.14742876234079025
2,1990,FF69_2,FF69,682500.286269831,6197499.823893157,Cluster 3,0.16337118125288094,0.30274603913085724,0.1393748578779763
2,1990,FF70_2,FF70,687500.2937067151,6152499.696531474,Cluster 3,0.12113636372523975,0.2625192195287811,0.14138285580354135
2,1990,FF71_2,FF71,687500.2797492278,6157499.717192857,Cluster 3,0.11335076989855586,0.213237073660133,0.09988630376157714
2,1990,FF72_2,FF72,687500.2940864991,6162499.791177767,Cluster 3,0.1115145583386596,0.21293224466697488,0.10141768632831528
2,1990,FF73_2,FF73,687500.276108928,6167499.804490101,Cluster 3,0.1465120030177603,0.2595241236594193,0.113012120641659
2,1990,FF74_2,FF74,687500.2865121333,6172499.759767374,Cluster 3,0.1331258668487259,0.2588577376203199,0.12573187077159398
2,1990,FF75_2,FF75,687500.3181023151,6177499.768186162,Cluster 3,0.2188042726482576,0.23162740965527878,0.012823137007021174
2,1990,FF76_2,FF76,687500.3057092606,6182499.826981119,Cluster 3,0.1864031825034675,0.2689772760648261,0.08257409356135859
2,1990,FF77_2,FF77,687500.3145880764,6187499.827555462,Cluster 3,0.11781015951080084,0.18382735700957706,0.06601719749877621
2,1990,FF78_2,FF78,687500.2749215045,6192499.878377509,Cluster 3,0.14816128108747137,0.2923027715979018,0.14414149051043043
2,1990,FF79_2,FF79,687500.3143556966,6197499.873560948,Cluster 3,0.21234726463880846,0.3422027084354671,0.12985544379665862
2,1990,FF80_2,FF80,692500.3003915065,6152499.665078906,Cluster 3,0.15693602496956124,0.3092040209925187,0.15226799602295746
2,1990,FF81_2,FF81,692500.3087101678,6157499.713388103,Cluster 3,0.10579117387047188,0.24600980810045697,0.1402186342299851
2,1990,FF82_2,FF82,692500.3342172247,6162499.7039436465,Cluster 1,0.2161160202160825,0.25705092902146087,0.04093490880537837
2,1990,FF83_2,FF83,692500.3066476895,6167499.745143122,Cluster 3,0.1650738687661401,0.22379353810046004,0.058719669334319935
2,1990,FF84_2,FF84,692500.2915752039,6172499.7284601815,Cluster 3,0.15111893008024094,0.2737877899420129,0.12266885986177198
2,1990,FF86_2,FF86,692500.3421648205,6182499.746437445,Cluster 3,0.21143127065124828,0.3354629601248707,0.12403168947362242
2,1990,FF87_2,FF87,692500.3401528873,6187499.778193614,Cluster 3,0.1310908582933201,0.26155045290454976,0.13045959461122966
2,1990,FF88_2,FF88,692500.3360075087,6192499.8630453255,Cluster 3,0.1767679733035459,0.21747116769674346,0.040703194393197556
2,1990,FF89_2,FF89,692500.3322349075,6197499.889691258,Cluster 3,0.16495806727319165,0.21516161359324285,0.050203546320051196
2,1990,FF90_2,FF90,697500.3486702319,6152499.738025841,Cluster 3,0.12756473127385054,0.27449315033893085,0.1469284190650803
2,1990,FF91_2,FF91,697500.3229910781,6157499.709487912,Cluster 3,0.1604250238758381,0.16130028354204423,8.752596662061352e-4
2,1990,FF92_2,FF92,697500.293774317,6162499.734567302,Cluster 1,0.21319749652901407,0.25141792182522604,0.038220425296211974
2,1990,FF93_2,FF93,697500.3265644838,6167499.704813483,Cluster 3,0.1886581239944181,0.21009310613563592,0.021434982141217834
2,1990,FF94_2,FF94,697500.3508075213,6172499.728548656,Cluster 1,0.24909442390987677,0.2809517315505416,0.03185730764066483
2,1990,FF95_2,FF95,697500.3012456638,6177499.8028586125,Cluster 3,0.1280042502396195,0.25189930398045524,0.12389505374083573
2,1990,FF96_2,FF96,697500.3061860544,6182499.82213949,Cluster 3,0.24407771929090316,0.24825176564580614,0.004174046354902983
2,1990,FF97_2,FF97,697500.3003211509,6187499.7834761925,Cluster 3,0.11237782074989362,0.2085202080395108,0.09614238728961717
2,1990,FF98_2,FF98,697500.3387565847,6192499.800885114,Cluster 3,0.11008428506650851,0.22160626609765904,0.11152198103115053
2,1990,FF99_2,FF99,697500.3563003049,6197499.871448284,Cluster 3,0.09393851780836493,0.19992750428498685,0.10598898647662192
2,1990,FG04_2,FG04,652500.2116871931,6122499.731481395,Cluster 3,0.11634133466565977,0.1844320325793603,0.06809069791370054
2,1990,FG06_2,FG06,652500.1805834217,6132499.7467744155,Cluster 2,0.19116219332416506,0.19919466349781514,0.00803247017365008
2,1990,FG07_2,FG07,652500.1714465149,6137499.7692362005,Cluster 2,0.16800133924775396,0.1778833603531317,0.009882021105377753
2,1990,FG08_2,FG08,652500.1877744175,6142499.728074739,Cluster 3,0.1310059838579302,0.25774769301099876,0.12674170915306857
2,1990,FG09_2,FG09,652500.2237905464,6147499.734495867,Cluster 3,0.17905219512190734,0.19509905980471984,0.016046864682812495
2,1990,FG14_2,FG14,657500.2100665862,6122499.639163951,Cluster 3,0.12144879355258362,0.22396839225110693,0.10251959869852331
2,1990,FG18_2,FG18,657500.1871278463,6142499.68869132,Cluster 3,0.1705999386758294,0.25667985938553,0.08607992070970061
2,1990,FG19_2,FG19,657500.1978004752,6147499.764823828,Cluster 3,0.12492546480230181,0.2575655665659438,0.132640101763642
2,1990,FG24_2,FG24,662500.1893252225,6122499.713272569,Cluster 2,0.1653912261308066,0.17515252137180412,0.00976129524099753
2,1990,FG26_2,FG26,662500.2293112001,6132499.688712805,Cluster 2,0.19639188376539538,0.22473208079941992,0.028340197034024545
2,1990,FG27_2,FG27,662500.2380894625,6137499.748319519,Cluster 3,0.14590879413634647,0.23331641285654797,0.0874076187202015
2,1990,FG28_2,FG28,662500.2408897995,6142499.744536591,Cluster 3,0.16329933557053744,0.30618238789984953,0.1428830523293121
2,1990,FG29_2,FG29,662500.2357788663,6147499.677311915,Cluster 3,0.141725297786656,0.28764630460081136,0.14592100681415537
2,1990,FG33_2,FG33,667500.2205645419,6117499.620359663,Cluster 1,0.21926088916063052,0.22341629199205576,0.004155402831425237
2,1990,FG34_2,FG34,667500.2407739353,6122499.62178409,Cluster 3,0.19819630072235558,0.2032812832430385,0.005084982520682929
2,1990,FG35_2,FG35,667500.2410699656,6127499.67131439,Cluster 2,0.18685254042275876,0.23756078486292095,0.0507082444401622
2,1990,FG37_2,FG37,667500.2459156871,6137499.694400441,Cluster 3,0.14669162229299607,0.2902924061106015,0.1436007838176054
2,1990,FG38_2,FG38,667500.246432031,6142499.6678515,Cluster 3,0.11060606431597583,0.2619334911890705,0.15132742687309467
2,1990,FG39_2,FG39,667500.2190836334,6147499.6891986625,Cluster 3,0.1521822555368485,0.17396242710474855,0.021780171567900047
2,1990,FG43_2,FG43,672500.2258820928,6117499.596572478,Cluster 3,0.2267388647856981,0.3544405682835858,0.12770170349788768
2,1990,FG44_2,FG44,672500.2404861517,6122499.693047497,Cluster 3,0.19631026700614532,0.2627898351732633,0.066479568167118
2,1990,FG45_2,FG45,672500.2238220301,6127499.726472702,Cluster 3,0.13056863421364195,0.28583954680368434,0.1552709125900424
2,1990,FG47_2,FG47,672500.2747216006,6137499.722619677,Cluster 3,0.13335141813926588,0.2511736073436584,0.11782218920439252
2,1990,FG48_2,FG48,672500.2746404527,6142499.682758598,Cluster 3,0.16285486900809154,0.1822819361007966,0.019427067092705058
2,1990,FG49_2,FG49,672500.2308515612,6147499.690869135,Cluster 1,0.18691179878087263,0.21201678489363068,0.02510498611275805
2,1990,FG51_2,FG51,677500.2769194953,6107499.589955671,Cluster 3,0.17711922485886927,0.18707713192320008,0.009957907064330807
2,1990,FG52_2,FG52,677500.260739334,6112499.577837041,Cluster 1,0.1834218021252371,0.22849035392064088,0.04506855179540378
2,1990,FG53_2,FG53,677500.2611837294,6117499.616630811,Cluster 3,0.16033520197016574,0.3008298744841806,0.14049467251401485
2,1990,FG54_2,FG54,677500.2760694259,6122499.706284379,Cluster 3,0.12595422934816253,0.26453534254643096,0.13858111319826844
2,1990,FG55_2,FG55,677500.2485989162,6127499.621722549,Cluster 3,0.14701091064319097,0.1977662845572097,0.05075537391401874
2,1990,FG56_2,FG56,677500.2903632673,6132499.70169495,Cluster 3,0.14694482479382737,0.28005291471687443,0.13310808992304707
2,1990,FG57_2,FG57,677500.2811134357,6137499.718577848,Cluster 3,0.12651150745773423,0.20860493740883027,0.08209342995109603
2,1990,FG58_2,FG58,677500.2822108439,6142499.674861006,Cluster 3,0.10620459795848564,0.2134216189269458,0.10721702096846017
2,1990,FG59_2,FG59,677500.2869998979,6147499.681728301,Cluster 3,0.1996336181097491,0.21601215623542241,0.016378538125673303
2,1990,FG60_2,FG60,682500.2334478453,6102499.59563694,Cluster 3,0.15766003570514997,0.20443297955000478,0.04677294384485481
2,1990,FG61_2,FG61,682500.2429297345,6107499.64593825,Cluster 1,0.18395576649375314,0.21542345319562414,0.031467686701871
2,1990,FG62_2,FG62,682500.2601156291,6112499.636107586,Cluster 3,0.10145564579678666,0.1798614645677787,0.07840581877099205
2,1990,FG63_2,FG63,682500.2782719862,6117499.677322921,Cluster 3,0.12814696003588052,0.23727924250410012,0.1091322824682196
2,1990,FG64_2,FG64,682500.2997839985,6122499.658293756,Cluster 3,0.1334212699781137,0.17444670977921453,0.04102543980110082
2,1990,FG65_2,FG65,682500.2543705795,6127499.687580657,Cluster 3,0.11201447933698956,0.19870105784158876,0.0866865785045992
2,1990,FG66_2,FG66,682500.2715598893,6132499.659124765,Cluster 3,0.14056600522606214,0.2665856819067481,0.12601967668068595
2,1990,FG67_2,FG67,682500.2809808651,6137499.681488141,Cluster 2,0.1612288607978887,0.16167195997303088,4.430991751421809e-4
2,1990,FG68_2,FG68,682500.2850436782,6142499.643376395,Cluster 3,0.09812410877951752,0.2169491425361869,0.11882503375666939
2,1990,FG69_2,FG69,682500.2769601031,6147499.655967729,Cluster 3,0.12557917917888128,0.2642070444926082,0.1386278653137269
2,1990,FG70_2,FG70,687500.2749447277,6102499.555240454,Cluster 3,0.1079349052962761,0.24866135860598845,0.14072645330971234
2,1990,FG71_2,FG71,687500.2711367387,6107499.614428979,Cluster 2,0.4673398472904546,0.47580717028695535,0.00846732299650077
2,1990,FG72_2,FG72,687500.2596549657,6112499.613608101,Cluster 3,0.13875868780309086,0.20475795440986264,0.06599926660677177
2,1990,FG73_2,FG73,687500.2973089004,6117499.666636524,Cluster 2,0.2220040618916084,0.2396401154399568,0.017636053548348407
2,1990,FG74_2,FG74,687500.3227844504,6122499.659540088,Cluster 3,0.12592179675139026,0.2369424294629553,0.11102063271156504
2,1990,FG75_2,FG75,687500.2656673533,6127499.700801892,Cluster 3,0.1393522584665081,0.2659495701004274,0.12659731163391932
2,1990,FG76_2,FG76,687500.3190664198,6132499.68719706,Cluster 3,0.1375681274793235,0.2797081174120852,0.14213998993276167
2,1990,FG77_2,FG77,687500.2854871633,6137499.721830154,Cluster 3,0.10013532873048868,0.19591044367428467,0.095775114943796
2,1990,FG78_2,FG78,687500.294305089,6142499.698789443,Cluster 2,0.15277451736420514,0.1642496901924723,0.011475172828267155
2,1990,FG79_2,FG79,687500.2751403373,6147499.7265565675,Cluster 3,0.11484468526284664,0.21716800550797338,0.10232332024512675
2,1990,FG80_2,FG80,692500.2601699218,6102499.523256032,Cluster 3,0.10586563919734203,0.22246436551872717,0.11659872632138514
2,1990,FG81_2,FG81,692500.2449257197,6107499.60061101,Cluster 2,0.5071042174907829,0.5119803570811754,0.004876139590392459
2,1990,FG82_2,FG82,692500.270379107,6112499.620822028,Cluster 3,0.20433901885350855,0.23388321434325068,0.02954419548974213
2,1990,FG83_2,FG83,692500.2704610613,6117499.581073102,Cluster 1,0.2630245040963519,0.27886292454731826,0.01583842045096634
2,1990,FG84_2,FG84,692500.3017700722,6122499.5952903135,Cluster 3,0.12825663022844755,0.1827583183091391,0.05450168808069156
2,1990,FG85_2,FG85,692500.2983532327,6127499.660655089,Cluster 3,0.13491005443024592,0.25366945605854163,0.11875940162829571
2,1990,FG86_2,FG86,692500.3263061603,6132499.668636978,Cluster 3,0.1653882494901591,0.3220415609800583,0.15665331148989922
2,1990,FG87_2,FG87,692500.3198407196,6137499.6164119765,Cluster 3,0.09911463242286637,0.1989755282661884,0.09986089584332201
2,1990,FG88_2,FG88,692500.3303715999,6142499.729143381,Cluster 2,0.16104011594189396,0.1787190370363354,0.01767892109444144
2,1990,FG89_2,FG89,692500.3068019298,6147499.670310448,Cluster 3,0.11255906361839549,0.21178542514896087,0.09922636153056538
2,1990,FG92_2,FG92,697500.24892862665,6112499.542973782,Cluster 3,0.18168397881623974,0.30150059873201673,0.119816619915777
2,1990,FG93_2,FG93,697500.2722987161,6117499.533765045,Cluster 3,0.14587967443725156,0.2589662767757744,0.11308660233852283
2,1990,FG94_2,FG94,697500.3112419588,6122499.578683486,Cluster 2,0.4687735882390314,0.4764723272727237,0.007698739033692281
2,1990,FG95_2,FG95,697500.3047563492,6127499.563608582,Cluster 3,0.19919026968881445,0.21488107822733973,0.01569080853852528
2,1990,FG97_2,FG97,697500.3219843409,6137499.695401272,Cluster 3,0.12284983122075736,0.27243759068206075,0.14958775946130337
2,1990,FG98_2,FG98,697500.3508036272,6142499.619688079,Cluster 2,0.16526021187328224,0.1683942694292998,0.003134057556017561
2,1990,FG99_2,FG99,697500.3149968215,6147499.706177678,Cluster 3,0.1289576334169808,0.22765279082699963,0.09869515741001883
2,1990,FH01_2,FH01,652500.1476911665,6057499.672137209,Cluster 1,0.2469880877950537,0.2606336576796477,0.013645569884593978
2,1990,FH02_2,FH02,652500.1450141938,6062499.66186962,Cluster 1,0.1879494798566314,0.20400291081126118,0.01605343095462977
2,1990,FH03_2,FH03,652500.1915353996,6067499.6998956185,Cluster 2,0.2279292713702359,0.24815926683185224,0.020229995461616357
2,1990,FH04_2,FH04,652500.1604771961,6072499.670583969,Cluster 3,0.16291635076081112,0.22842572431681962,0.0655093735560085
2,1990,FH05_2,FH05,652500.1788386654,6077499.578235263,Cluster 3,0.1374426906955489,0.21636394403181214,0.07892125333626324
2,1990,FH06_2,FH06,652500.2371696586,6082499.645297011,Cluster 3,0.13762585458795176,0.21890253015905778,0.08127667557110602
2,1990,FH07_2,FH07,652500.2166753336,6087499.533638527,Cluster 3,0.2262100315771692,0.2629363609428093,0.036726329365640104
2,1990,FH08_2,FH08,652500.2325856738,6092499.581303407,Cluster 1,0.22700083425062506,0.2932449995128785,0.06624416526225346
2,1990,FH11_2,FH11,657500.1262107163,6057499.645298414,Cluster 3,0.173479486789633,0.24592763591759634,0.07244814912796335
2,1990,FH12_2,FH12,657500.1704044837,6062499.696315981,Cluster 3,0.13342262321394333,0.1958465555101585,0.06242393229621518
2,1990,FH13_2,FH13,657500.1879686262,6067499.682293598,Cluster 3,0.1670802672282566,0.18500314261282613,0.01792287538456952
2,1990,FH14_2,FH14,657500.1772087506,6072499.60318349,Cluster 3,0.14135572564869414,0.21856220836728174,0.0772064827185876
2,1990,FH15_2,FH15,657500.1967778043,6077499.572426094,Cluster 3,0.1252828932478687,0.218528459565869,0.0932455663180003
2,1990,FH16_2,FH16,657500.1805786046,6082499.587730882,Cluster 3,0.15535500053436527,0.237689247623987,0.08233424708962173
2,1990,FH18_2,FH18,657500.2338967368,6092499.540600677,Cluster 1,0.22113158560616558,0.2774702846027706,0.05633869899660504
2,1990,FH21_2,FH21,662500.1301028883,6057499.666921422,Cluster 3,0.19387348283852848,0.27034620818448774,0.07647272534595925
2,1990,FH22_2,FH22,662500.1620149246,6062499.674904235,Cluster 3,0.14903562277629498,0.18820931673530877,0.039173693959013794
2,1990,FH23_2,FH23,662500.1522521604,6067499.6179124275,Cluster 3,0.18071443328211578,0.32759514505406556,0.14688071177194978
2,1990,FH24_2,FH24,662500.1594183256,6072499.609451599,Cluster 3,0.1947728085586614,0.3168682662183246,0.1220954576596632
2,1990,FH25_2,FH25,662500.1815777237,6077499.649476749,Cluster 3,0.13062741555526,0.2390007056034464,0.10837329004818641
2,1990,FH29_2,FH29,662500.2137666696,6097499.619101521,Cluster 3,0.20515296444880213,0.2084863569513559,0.003333392502553767
2,1990,FH32_2,FH32,667500.1352127434,6062499.596899727,Cluster 3,0.15352837705581004,0.272052178655888,0.11852380160007794
2,1990,FH33_2,FH33,667500.1600240769,6067499.619644241,Cluster 3,0.19272682516375353,0.32944966146610294,0.1367228363023494
2,1990,FH34_2,FH34,667500.1262541488,6072499.577417303,Cluster 3,0.1685990849665047,0.2606298808970884,0.09203079593058369
2,1990,FH35_2,FH35,667500.156540169,6077499.58618157,Cluster 3,0.1625016539506167,0.21020477717618452,0.04770312322556783
2,1990,FH36_2,FH36,667500.1845546081,6082499.643502697,Cluster 3,0.1832777824133423,0.24098365004759106,0.05770586763424876
2,1990,FH42_2,FH42,672500.1655806476,6062499.575288157,Cluster 3,0.16649660808838038,0.26911631998940344,0.10261971190102306
2,1990,FH43_2,FH43,672500.1619102128,6067499.684537786,Cluster 3,0.17750306865735213,0.2810678358341213,0.10356476717676918
2,1990,FH44_2,FH44,672500.1531629068,6072499.620077815,Cluster 3,0.15245727723519834,0.27361860942106503,0.1211613321858667
2,1990,FH45_2,FH45,672500.128911406,6077499.604325416,Cluster 3,0.15645664367649612,0.1750994238974505,0.01864278022095439
2,1990,FH46_2,FH46,672500.1513759971,6082499.63969187,Cluster 3,0.17098815194752043,0.22144951600816443,0.050461364060644
2,1990,FH52_2,FH52,677500.1392029081,6062499.604546833,Cluster 3,0.12585231306311792,0.25415277968087796,0.12830046661776004
2,1990,FH53_2,FH53,677500.1172675767,6067499.586923023,Cluster 3,0.14731504926922562,0.1938801975225308,0.04656514825330518
2,1990,FH54_2,FH54,677500.1309098973,6072499.62068056,Cluster 3,0.15810023290264805,0.2928449481010347,0.13474471519838663
2,1990,FH55_2,FH55,677500.1823433801,6077499.594537913,Cluster 3,0.1331482809826092,0.23523677738256435,0.10208849639995515
2,1990,FH56_2,FH56,677500.1366827373,6082499.614611358,Cluster 3,0.18512924383926585,0.19974776896913096,0.014618525129865112
2,1990,FH57_2,FH57,677500.1888842597,6087499.577212903,Cluster 1,0.16204648200278698,0.20834436127496325,0.04629787927217627
2,1990,FH58_2,FH58,677500.2041166634,6092499.588457644,Cluster 3,0.13513947714950253,0.2621357967109484,0.12699631956144586
2,1990,FH62_2,FH62,682500.1400127035,6062499.575180733,Cluster 3,0.14767036647522808,0.2753166531880184,0.12764628671279032
2,1990,FH63_2,FH63,682500.1571327308,6067499.664842146,Cluster 3,0.17299049222199778,0.28247025739645887,0.10947976517446109
2,1990,FH64_2,FH64,682500.1391901771,6072499.580977525,Cluster 3,0.1556800206501339,0.3007476046226267,0.14506758397249278
2,1990,FH65_2,FH65,682500.1394981287,6077499.54859203,Cluster 3,0.1340103879139623,0.2551348898392177,0.12112450192525542
2,1990,FH67_2,FH67,682500.1906726429,6087499.526819346,Cluster 3,0.11224355901057183,0.19316190316944826,0.08091834415887643
2,1990,FH71_2,FH71,687500.123673068,6057499.554574321,Cluster 3,0.15456361957332673,0.2283332064199905,0.07376958684666376
2,1990,FH72_2,FH72,687500.1143025191,6062499.595132073,Cluster 3,0.1805464599738835,0.18630858819107085,0.005762128217187357
2,1990,FH73_2,FH73,687500.1168201703,6067499.576189147,Cluster 1,0.19664412511515264,0.27182076307082503,0.07517663795567239
2,1990,FH74_2,FH74,687500.1244441366,6072499.608917633,Cluster 3,0.12242213067052675,0.2619130372737528,0.13949090660322605
2,1990,FH75_2,FH75,687500.139621074,6077499.58203556,Cluster 3,0.11071219990479142,0.24035143160645417,0.12963923170166275
2,1990,FH76_2,FH76,687500.1555507714,6082499.606715107,Cluster 3,0.115611976297775,0.22951602624199594,0.11390404994422093
2,1990,FH77_2,FH77,687500.1746923942,6087499.571672356,Cluster 3,0.1228790856019971,0.2242359929049887,0.10135690730299159
2,1990,FH79_2,FH79,687500.2046274128,6097499.544650838,Cluster 3,0.15581381238434677,0.23190107858919637,0.0760872662048496
2,1990,FH80_2,FH80,692500.0947199763,6052499.611192662,Cluster 3,0.15236210979961767,0.20959796723231416,0.05723585743269649
2,1990,FH81_2,FH81,692500.0242031823,6057499.60869983,Cluster 3,0.1448963334200974,0.23692795862689697,0.09203162520679958
2,1990,FH83_2,FH83,692500.131364359,6067499.547898819,Cluster 3,0.11845515978894619,0.21559622581140525,0.09714106602245906
2,1990,FH84_2,FH84,692500.1064229409,6072499.592479514,Cluster 3,0.10960692538227856,0.18708088908128243,0.07747396369900386
2,1990,FH85_2,FH85,692500.1382373512,6077499.580319139,Cluster 3,0.12084528476215942,0.27211740771853554,0.15127212295637613
2,1990,FH86_2,FH86,692500.160248557,6082499.508615752,Cluster 3,0.11165629113046918,0.25336863300482715,0.14171234187435797
2,1990,FH87_2,FH87,692500.1607475667,6087499.599762127,Cluster 3,0.17582473258370931,0.24187019032244703,0.06604545773873771
2,1990,FH88_2,FH88,692500.2158820927,6092499.522771814,Cluster 3,0.1867127529709985,0.2323180939435265,0.045605340972528
2,1990,FH89_2,FH89,692500.2497555495,6097499.497289627,Cluster 3,0.12720792432649203,0.27989698589571427,0.15268906156922224
2,1990,FG90_2,FG90,697500.2684456746,6102499.501563041,Cluster 3,0.1436607539963825,0.14697479773892455,0.0033140437425420444
2,1990,FG91_2,FG91,697500.2484837822,6107499.495144536,Cluster 3,0.10320042352078566,0.24622641423355257,0.1430259907127669
2,1990,FH95_2,FH95,697500.150730151,6077499.542688702,Cluster 3,0.11114337614509809,0.236890650446469,0.12574727430137092
2,1990,FH96_2,FH96,697500.1759652141,6082499.495040286,Cluster 3,0.15004593210387537,0.17622097598946268,0.026175043885587307
2,1990,FH97_2,FH97,697500.1691353285,6087499.499120258,Cluster 1,0.207663002493142,0.21375935355300438,0.006096351059862365
2,1990,FH98_2,FH98,697500.1920739731,6092499.557689017,Cluster 3,0.19391033843883862,0.2070866192746906,0.013176280835851983
2,1990,FH99_2,FH99,697500.2472731089,6097499.559464772,Cluster 3,0.10439928254512787,0.23120127773757285,0.12680199519244498
2,1990,GE00_2,GE00,702500.3468220314,6202499.881296357,Cluster 3,0.1205872622442915,0.252114753672718,0.1315274914284265
2,1990,GE01_2,GE01,702500.378710623,6207499.892304815,Cluster 3,0.22873244480319505,0.37109337224122985,0.1423609274380348
2,1990,GE02_2,GE02,702500.4334288082,6212499.848059619,Cluster 3,0.16134694135159905,0.31234229702800276,0.1509953556764037
2,1990,GE03_2,GE03,702500.4408437889,6217499.856788846,Cluster 3,0.14319424596217814,0.28040706546682415,0.137212819504646
2,1990,GE04_2,GE04,702500.4606550329,6222499.921351904,Cluster 3,0.11098700602315263,0.23947519830554853,0.12848819228239589
2,1990,GE10_2,GE10,707500.3789717224,6202499.852386592,Cluster 3,0.17443164941107403,0.3152387823508604,0.14080713293978636
2,1990,GE11_2,GE11,707500.409073655,6207499.815850618,Cluster 3,0.1993595229361732,0.3342202754724229,0.13486075253624968
2,1990,GE12_2,GE12,707500.4404434582,6212499.835447987,Cluster 3,0.18766046164940756,0.2971245794082749,0.10946411775886736
2,1990,GE13_2,GE13,707500.4081545363,6217499.908100328,Cluster 3,0.15893155545057133,0.3034407925556893,0.14450923710511795
2,1990,GE14_2,GE14,707500.444826527,6222499.8172854865,Cluster 3,0.10849216160760362,0.20146224512100658,0.09297008351340295
2,1990,GE20_2,GE20,712500.4059752157,6202499.793334916,Cluster 3,0.14884174176739146,0.269663465017503,0.12082172325011153
2,1990,GE21_2,GE21,712500.431105092,6207499.830216896,Cluster 3,0.15108359980366212,0.2760937635180172,0.12501016371435505
2,1990,GE22_2,GE22,712500.4466481479,6212499.812149445,Cluster 3,0.11892108152698054,0.2601968529581731,0.14127577143119252
2,1990,GE23_2,GE23,712500.4444375301,6217499.850279269,Cluster 3,0.1515932436618696,0.29804798971477814,0.14645474605290854
2,1990,GE24_2,GE24,712500.427285722,6222499.833303753,Cluster 3,0.12766947188576988,0.2327612045578919,0.10509173267212202
2,1990,GE30_2,GE30,717500.4386215332,6202499.814452954,Cluster 3,0.15883848754972013,0.31378083194403444,0.1549423443943143
2,1990,GE31_2,GE31,717500.4664293623,6207499.823270025,Cluster 3,0.1576741840251634,0.22036805964607983,0.06269387562091644
2,1990,GE32_2,GE32,717500.4628353314,6212499.888487851,Cluster 3,0.18989847534081553,0.3394887271160595,0.14959025177524396
2,1990,GE33_2,GE33,717500.4363954787,6217499.7875834415,Cluster 3,0.16927036699215003,0.3120845378874215,0.14281417089527149
2,1990,GE34_2,GE34,717500.4297171882,6222499.857289503,Cluster 3,0.11990967766279362,0.20336269396117831,0.0834530162983847
2,1990,GE42_2,GE42,722500.4542082316,6212499.8379352,Cluster 3,0.1590625309911929,0.19426007492885414,0.035197543937661224
2,1990,GE43_2,GE43,722500.4569293238,6217499.833379672,Cluster 3,0.16331962345931134,0.305285947392688,0.14196632393337666
2,1990,GF00_2,GF00,702500.3379804895,6152499.686444453,Cluster 3,0.1499097133019159,0.2870368898632452,0.1371271765613293
2,1990,GF01_2,GF01,702500.3385118302,6157499.704640133,Cluster 3,0.17359563307240436,0.2086901967922592,0.03509456371985484
2,1990,GF02_2,GF02,702500.3195119632,6162499.776580491,Cluster 3,0.14100263362020862,0.2252949467524102,0.08429231313220159
2,1990,GF03_2,GF03,702500.351800605,6167499.682659319,Cluster 3,0.13832881731998842,0.20144400010851685,0.06311518278852843
2,1990,GF04_2,GF04,702500.3543900581,6172499.753574929,Cluster 3,0.1954317108713414,0.22013590118774673,0.024704190316405333
2,1990,GF05_2,GF05,702500.3351455712,6177499.7668023845,Cluster 3,0.12969477249193676,0.22465962455068023,0.09496485205874347
2,1990,GF06_2,GF06,702500.3492048995,6182499.8364209505,Cluster 3,0.14681962546959304,0.2805104776659777,0.13369085219638466
2,1990,GF07_2,GF07,702500.3364148074,6187499.84821207,Cluster 3,0.11526312027721522,0.2361929263765642,0.12092980609934897
2,1990,GF08_2,GF08,702500.3569451347,6192499.805028212,Cluster 3,0.14510782718425846,0.27516989967786315,0.13006207249360469
2,1990,GF09_2,GF09,702500.3404156363,6197499.815104434,Cluster 3,0.11377189548652365,0.25050618721014933,0.13673429172362567
2,1990,GF12_2,GF12,707500.3696013235,6162499.715173889,Cluster 3,0.15710170022519476,0.19867328515959182,0.041571584934397054
2,1990,GF13_2,GF13,707500.3300529267,6167499.786107193,Cluster 3,0.17916014614968936,0.22615268684590611,0.04699254069621675
2,1990,GF14_2,GF14,707500.3864467979,6172499.694285468,Cluster 3,0.17213333700199038,0.23134124404414266,0.059207907042152286
2,1990,GF15_2,GF15,707500.3944162552,6177499.767333329,Cluster 3,0.15816730614374494,0.25906877792465455,0.10090147178090961
2,1990,GF16_2,GF16,707500.3620901112,6182499.782727323,Cluster 3,0.17526782334281907,0.2563178020043523,0.08104997866153321
2,1990,GF17_2,GF17,707500.3497072838,6187499.7433876665,Cluster 3,0.16479344216911407,0.3121431558446985,0.14734971367558442
2,1990,GF18_2,GF18,707500.4065654634,6192499.874692895,Cluster 3,0.1749545592529024,0.3264869870502838,0.15153242779738138
2,1990,GF19_2,GF19,707500.358158152,6197499.833901825,Cluster 3,0.13848780568220026,0.27778454861422086,0.1392967429320206
2,1990,GF23_2,GF23,712500.3560583256,6167499.683554069,Cluster 3,0.19413007823891731,0.2591787144792313,0.06504863624031398
2,1990,GF24_2,GF24,712500.3895823077,6172499.769300189,Cluster 3,0.19338420555745597,0.25250744246004087,0.05912323690258489
2,1990,GF25_2,GF25,712500.3693780791,6177499.797558002,Cluster 3,0.16262536656700727,0.28220840871322384,0.11958304214621657
2,1990,GF26_2,GF26,712500.4185002823,6182499.774381583,Cluster 3,0.1731261808407225,0.30698749360204475,0.13386131276132224
2,1990,GF27_2,GF27,712500.403282234,6187499.804788459,Cluster 3,0.16473912339826832,0.2959279674673488,0.13118884406908046
2,1990,GF28_2,GF28,712500.3893101846,6192499.780546682,Cluster 3,0.1507082662200452,0.27574388458685567,0.12503561836681046
2,1990,GF29_2,GF29,712500.4309910986,6197499.815875246,Cluster 3,0.16895188187154236,0.3046117769051885,0.13565989503364612
2,1990,GF33_2,GF33,717500.3669444381,6167499.70479759,Cluster 1,0.222643295310433,0.24351561557652893,0.020872320266095923
2,1990,GF34_2,GF34,717500.390443028,6172499.75522035,Cluster 3,0.16020656173228479,0.23304028562799203,0.07283372389570725
2,1990,GF35_2,GF35,717500.4071713447,6177499.751367931,Cluster 3,0.24076457861053327,0.2880179489977787,0.04725337038724545
2,1990,GF36_2,GF36,717500.4089050895,6182499.80438197,Cluster 3,0.1831593207304285,0.29493939771587474,0.11178007698544623
2,1990,GF37_2,GF37,717500.398525072,6187499.802966663,Cluster 3,0.15983244810064565,0.2830983622233771,0.12326591412273144
2,1990,GF38_2,GF38,717500.4359702461,6192499.750185389,Cluster 3,0.17058458839225343,0.2733464054334475,0.10276181704119408
2,1990,GF39_2,GF39,717500.4446435908,6197499.865260167,Cluster 3,0.14597797345607114,0.25388835969028944,0.10791038623421831
2,1990,GF43_2,GF43,722500.3839188339,6167499.73768856,Cluster 1,0.2407715972718445,0.255161150306017,0.014389553034172498
2,1990,GF44_2,GF44,722500.3996769824,6172499.762351516,Cluster 3,0.1779722401933368,0.2125800974799547,0.034607857286617916
2,1990,GF45_2,GF45,722500.392806392,6177499.732873452,Cluster 3,0.260632393282022,0.2860481646676739,0.02541577138565193
2,1990,GF46_2,GF46,722500.4176988797,6182499.763599473,Cluster 3,0.19424879856519545,0.3246030564059748,0.13035425784077936
2,1990,GF47_2,GF47,722500.4144617681,6187499.740026254,Cluster 3,0.1562763310454196,0.26480583326161455,0.10852950221619495
2,1990,GF48_2,GF48,722500.4373197008,6192499.776501604,Cluster 3,0.1548834429565866,0.26991233524017283,0.11502889228358623
2,1990,GF49_2,GF49,722500.4265400727,6197499.758516749,Cluster 3,0.13445199854629908,0.22963621107725085,0.09518421253095177
2,1990,GF52_2,GF52,727500.4398205662,6162499.722201364,Cluster 3,0.17488036099302826,0.2797975392277132,0.10491717823468497
2,1990,GF53_2,GF53,727500.422905934,6167499.781335341,Cluster 3,0.1508279294144269,0.24843544540404763,0.09760751598962072
2,1990,GF54_2,GF54,727500.4332192165,6172499.789807921,Cluster 3,0.20842571769374246,0.2724216230945183,0.06399590540077582
2,1990,GF55_2,GF55,727500.4050477121,6177499.7442593165,Cluster 3,0.21704500509703162,0.22500557277692612,0.007960567679894504
2,1990,GF63_2,GF63,732500.4427733541,6167499.720322601,Cluster 1,0.17443340102746502,0.21335209287057894,0.03891869184311392
2,1990,GF74_2,GF74,737500.391410232,6172499.777421679,Cluster 1,0.3386713489652219,0.4333953646922953,0.0947240157270734
2,1990,GG00_2,GG00,702500.2513107894,6102499.486564997,Cluster 3,0.12412430522408541,0.20120511640140443,0.07708081117731902
2,1990,GG02_2,GG02,702500.2698174989,6112499.49328954,Cluster 3,0.16006542514600633,0.19874646391574172,0.03868103876973539
2,1990,GG05_2,GG05,702500.2956471718,6127499.520004621,Cluster 3,0.1332494393421636,0.2164855628840235,0.08323612354185991
2,1990,GG06_2,GG06,702500.3418263504,6132499.602145045,Cluster 3,0.09683429350819062,0.20724490305662932,0.1104106095484387
2,1990,GG07_2,GG07,702500.3223454107,6137499.624233186,Cluster 3,0.10976535521001142,0.22457050542993434,0.11480515021992292
2,1990,GG08_2,GG08,702500.3565356643,6142499.703241566,Cluster 3,0.1412585678339736,0.2915822397531284,0.15032367191915483
2,1990,GG09_2,GG09,702500.3203636502,6147499.722061222,Cluster 3,0.14598000584850396,0.2921633401072052,0.14618333425870123
2,1990,GG10_2,GG10,707500.2241910483,6102499.477378527,Cluster 3,0.15751910455776796,0.27562225743159685,0.11810315287382889
2,1990,GG15_2,GG15,707500.2865024854,6127499.528984483,Cluster 3,0.11647011824770394,0.2408358349742654,0.12436571672656145
2,1990,GG16_2,GG16,707500.318123319,6132499.54965108,Cluster 2,0.1386682583176468,0.1573610538552757,0.018692795537628926
2,1990,GG17_2,GG17,707500.3267206545,6137499.624520913,Cluster 3,0.12230695513661112,0.17622738270848992,0.0539204275718788
2,1990,GG18_2,GG18,707500.3150847398,6142499.642302799,Cluster 3,0.12160974188842874,0.27238312997842146,0.15077338808999272
2,1990,GG20_2,GG20,712500.2716980586,6102499.364975292,Cluster 3,0.18820433315902926,0.21870464550193153,0.030500312342902264
2,1990,GG25_2,GG25,712500.2981323673,6127499.478503297,Cluster 3,0.12143896373936999,0.2703028050417719,0.1488638413024019
2,1990,GG26_2,GG26,712500.3120173198,6132499.558293428,Cluster 3,0.12058802801018889,0.17561060943316992,0.055022581422981026
2,1990,GG27_2,GG27,712500.3559583894,6137499.584229157,Cluster 3,0.10913593442143621,0.21832076416657187,0.10918482974513566
2,1990,GG28_2,GG28,712500.3586284099,6142499.664407933,Cluster 3,0.1517713631588007,0.30737347959062067,0.15560211643181998
2,1990,GG30_2,GG30,717500.2710031869,6102499.364961077,Cluster 3,0.10862459572303021,0.22231800050625755,0.11369340478322734
2,1990,GG36_2,GG36,717500.3444608465,6132499.516067203,Cluster 3,0.1500441628860476,0.15308062362667668,0.0030364607406290767
2,1990,GG37_2,GG37,717500.3570528256,6137499.610675284,Cluster 3,0.14502961737055559,0.2164344877528951,0.0714048703823395
2,1990,GG40_2,GG40,722500.2426872866,6102499.365112122,Cluster 3,0.10940516585387446,0.19876441414095772,0.08935924828708326
2,1990,GH06_2,GH06,702500.1535418842,6082499.562371342,Cluster 3,0.11505867603945176,0.21651893578218714,0.10146025974273538
2,1990,GH07_2,GH07,702500.2055944144,6087499.491482163,Cluster 3,0.2137272448868347,0.2175264889790439,0.003799244092209192
2,1990,GH08_2,GH08,702500.2079264515,6092499.47235032,Cluster 3,0.11700051939562009,0.2255215800052639,0.10852106060964381
2,1990,GH09_2,GH09,702500.2222932067,6097499.507805596,Cluster 1,0.19757718502837046,0.22760466089269843,0.030027475864327968
2,1990,GH17_2,GH17,707500.1620744534,6087499.459011547,Cluster 3,0.1502499614615805,0.18622435615421215,0.03597439469263164
2,1990,GH18_2,GH18,707500.2048840352,6092499.4855571035,Cluster 3,0.11647474283320104,0.16891758009102442,0.05244283725782338
2,1990,GH19_2,GH19,707500.2494126634,6097499.455617712,Cluster 3,0.1995771789915146,0.21712813860055644,0.01755095960904185
2,1990,GH29_2,GH29,712500.2161125919,6097499.396182269,Cluster 1,0.23786075676540405,0.24158143560459813,0.0037206788391940804
2,1990,GH39_2,GH39,717500.2017694439,6097499.331568221,Cluster 3,0.10835242561818716,0.189680050708736,0.08132762509054885
2,1990,GH49_2,GH49,722500.216261824,6097499.372189741,Cluster 3,0.16310662491474515,0.316861450328048,0.15375482541330288
2,1990,GH59_2,GH59,727500.227613787,6097499.180401683,Cluster 3,0.14415546723482256,0.28209461105075356,0.137939143815931
2,1990,HA03_2,HA03,865472.2272740616,6117457.74120337,Cluster 3,0.16638024311760202,0.2089672868352225,0.04258704371762048
2,1990,HA04_2,HA04,865042.1703744105,6122447.22532909,Cluster 3,0.17042792537025864,0.22078319351486053,0.050355268144601895
2,1990,HA05_2,HA05,864612.115336128,6127436.838485431,Cluster 3,0.14228171410539914,0.22869945820250417,0.08641774409710504
2,1990,HA06_2,HA06,864181.8076420787,6132426.559736473,Cluster 3,0.16296625818882626,0.20018970534898395,0.037223447160157686
2,1990,HA07_2,HA07,863751.2660785005,6137416.166926846,Cluster 3,0.20590172860698028,0.20852581447854343,0.002624085871563153
2,1990,HA13_2,HA13,870461.7980367357,6117887.195561998,Cluster 3,0.12051616045251252,0.23458801752810687,0.11407185707559435
2,1990,HA14_2,HA14,870031.9513802049,6122877.127863388,Cluster 2,0.18076970362794578,0.24240524000528071,0.06163553637733493
2,1990,HA15_2,HA15,869601.845051859,6127867.055503114,Cluster 2,0.22339393476988853,0.26437195795092,0.04097802318103147
2,1990,HA16_2,HA16,869171.5430810943,6132856.983802248,Cluster 3,0.1745521558970351,0.17602545244557247,0.0014732965485373672
2,1990,HA17_2,HA17,868741.0008366904,6137846.685305342,Cluster 3,0.16337664676003608,0.21821826626156401,0.05484161950152794
2,1990,HA22_2,HA22,875881.8221458339,6113327.073579225,Cluster 2,0.17653474402201563,0.20578467723157381,0.029249933209558182
2,1990,HA23_2,HA23,875451.795731092,6118316.966683082,Cluster 3,0.13379491285766634,0.18112616448627125,0.04733125162860491
2,1990,HA24_2,HA24,875021.9214742357,6123307.113310843,Cluster 3,0.16468698515895966,0.23993397592103555,0.07524699076207589
2,1990,HA25_2,HA25,874591.8354984492,6128297.258993814,Cluster 3,0.15915326822030745,0.24806975676008616,0.08891648853977871
2,1990,HA26_2,HA26,874161.4745486901,6133287.398365342,Cluster 3,0.1736374415239798,0.2510874466979063,0.07745000517392647
2,1990,HA32_2,HA32,880871.8114806362,6113756.340020944,Cluster 3,0.15205434463092335,0.19758249748392373,0.04552815285300038
2,1990,HA33_2,HA33,880442.1265315809,6118746.823881969,Cluster 2,0.17419592645640325,0.2622233915276783,0.08802746507127507
2,1990,HA34_2,HA34,880012.2234439113,6123737.194118903,Cluster 3,0.18757449742114127,0.285927075981252,0.09835257856011073
2,1990,HA35_2,HA35,879582.029386323,6128727.556359625,Cluster 3,0.14710805923649173,0.19712599093243235,0.050017931695940626
2,1990,HA36_2,HA36,879151.6814159437,6133717.810436713,Cluster 3,0.17264652872297515,0.23583908156841837,0.06319255284544323
2,1990,HA42_2,HA42,885862.3873392998,6114185.928670378,Cluster 2,0.19620368914792394,0.22109565139669943,0.02489196224877549
2,1990,HA43_2,HA43,885432.6339030144,6119176.530447572,Cluster 3,0.17485090035576117,0.19917707023570239,0.024326169879941212
2,1990,HA44_2,HA44,885002.6913537935,6124167.24465621,Cluster 3,0.16886151759404103,0.30914786989350235,0.14028635229946132
2,1990,HA45_2,HA45,884572.525051827,6129157.732566417,Cluster 3,0.1617054275186674,0.20850945045582228,0.04680402293715488
2,1990,HA52_2,HA52,890853.2009991016,6114615.586654353,Cluster 3,0.16622373571171536,0.26685400541774734,0.10063026970603198
2,1990,HA53_2,HA53,890423.4322463954,6119606.432185382,Cluster 3,0.16604661108792884,0.232037353268396,0.06599074218046716
2,1990,HA54_2,HA54,889993.4047017333,6124597.271928037,Cluster 3,0.16970213108106508,0.2979560934920502,0.12825396241098513
3,2010,AD90_3,AD90,447500.0709493527,6252499.57832838,Cluster 1,0.21337485252634342,0.2515015316318243,0.0381266791054809
3,2010,AD91_3,AD91,447500.05017916387,6257499.546271402,Cluster 3,0.1701984284816398,0.1921840272180396,0.021985598736399797
3,2010,AD92_3,AD92,447500.02377636905,6262499.551973275,Cluster 1,0.2319277967672814,0.250178714867306,0.018250918100024577
3,2010,AD93_3,AD93,447499.9924736935,6267499.595406948,Cluster 1,0.20724519094509145,0.293021506016596,0.08577631507150454
3,2010,AD94_3,AD94,447499.9570043505,6272499.676545255,Cluster 1,0.2152129418175211,0.24080650748212917,0.025593565664608076
3,2010,AD95_3,AD95,447499.9167107371,6277499.684056323,Cluster 1,0.2154271756230927,0.26023760503638155,0.04481042941328886
3,2010,AE93_3,AE93,447500.1701742312,6217499.746982312,Cluster 1,0.19367662275275735,0.2327423873364503,0.03906576458369296
3,2010,AE94_3,AE94,447500.1510277113,6222499.78450804,Cluster 1,0.1826536711984992,0.19399516704989803,0.01134149585139882
3,2010,AE95_3,AE95,447500.1819872547,6227499.747924402,Cluster 3,0.23774376409035658,0.24538844249140546,0.007644678401048877
3,2010,AE96_3,AE96,447500.139576756,6232499.638727918,Cluster 1,0.19657470753152087,0.2552580577157701,0.05868335018424922
3,2010,AE97_3,AE97,447500.1513174165,6237499.67796077,Cluster 3,0.1762372760310535,0.20637204901616246,0.03013477298510897
3,2010,AE98_3,AE98,447500.15313399426,6242499.6437634,Cluster 3,0.21543994970318978,0.23044168994528907,0.015001740242099298
3,2010,AF81_3,AF81,442500.1384771916,6157499.787446427,Cluster 1,0.2062070173852661,0.21583812615072573,0.00963110876545964
3,2010,AF82_3,AF82,442500.15165183047,6162499.8084204225,Cluster 2,0.2203991018673634,0.3036171674899508,0.08321806562258743
3,2010,AF91_3,AF91,447500.16279772675,6157499.807246089,Cluster 2,0.19113192286405759,0.2194909598428267,0.028359036978769125
3,2010,AF92_3,AF92,447500.2057250942,6162499.834014087,Cluster 1,0.2523185671563642,0.256367128564522,0.004048561408157791
3,2010,AF93_3,AF93,447500.1653840631,6167499.788514787,Cluster 3,0.24744195323724963,0.25283915735865914,0.00539720412140951
3,2010,AF94_3,AF94,447500.1697669054,6172499.780493908,Cluster 3,0.21052340672294467,0.22371757603270678,0.01319416930976211
3,2010,AF95_3,AF95,447500.15525057766,6177499.699395254,Cluster 2,0.23557036168306164,0.2770724239308702,0.041502062247808585
3,2010,AF96_3,AF96,447500.12389998813,6182499.65648123,Cluster 1,0.2358174760164621,0.2539256796428271,0.018108203626364977
3,2010,AF97_3,AF97,447500.1390822072,6187499.650967309,Cluster 1,0.1884223064974463,0.21186317272160363,0.023440866224157336
3,2010,AF98_3,AF98,447500.13873657817,6192499.683587027,Cluster 1,0.18177178756951354,0.24091983921365775,0.05914805164414422
3,2010,AF99_3,AF99,447500.1235891788,6197499.754315107,Cluster 1,0.21055430674859357,0.23953409229431552,0.028979785545721948
3,2010,BC10_3,BC10,457500.06312543934,6302499.745828598,Cluster 2,0.24402353723083317,0.2553646453873992,0.011341108156566054
3,2010,BC11_3,BC11,457500.0287272008,6307499.784091797,Cluster 1,0.32431843814502564,0.3446212946644324,0.020302856519406776
3,2010,BC20_3,BC20,462500.0832758646,6302499.782276433,Cluster 3,0.1818341682710026,0.2414903930272202,0.059656224756217596
3,2010,BC21_3,BC21,462500.08463837503,6307499.738256342,Cluster 3,0.205910814133842,0.24339996700852667,0.037489152874684684
3,2010,BC22_3,BC22,462500.0351017802,6312499.731527806,Cluster 1,0.19886813378991194,0.22508091401600938,0.026212780226097437
3,2010,BC30_3,BC30,467500.03225555073,6302499.688678854,Cluster 2,0.15004008865455642,0.22185214707930062,0.0718120584247442
3,2010,BC31_3,BC31,467500.0700814336,6307499.683991895,Cluster 3,0.14908049516564637,0.16451831595407673,0.015437820788430368
3,2010,BC32_3,BC32,467500.03942602925,6312499.716500132,Cluster 2,0.18363748513443715,0.2027374210881937,0.01909993595375656
3,2010,BC33_3,BC33,467500.06162332307,6317499.67391025,Cluster 2,0.24669258888652967,0.2593425990138064,0.012650010127276734
3,2010,BC34_3,BC34,467500.01645873167,6322499.668462578,Cluster 2,0.17758385325903478,0.25967258760475204,0.08208873434571726
3,2010,BC40_3,BC40,472500.05137193855,6302499.68679326,Cluster 2,0.17037609761679345,0.23524290940688822,0.06486681179009476
3,2010,BC41_3,BC41,472500.0641984955,6307499.732148187,Cluster 2,0.1817887679705074,0.2549830008347054,0.07319423286419799
3,2010,BC42_3,BC42,472500.0511915451,6312499.702867677,Cluster 2,0.16470202784451954,0.2385493242023283,0.07384729635780876
3,2010,BC43_3,BC43,472500.07431792136,6317499.709834675,Cluster 2,0.19168482477898824,0.19801004241782605,0.00632521763883781
3,2010,BC44_3,BC44,472500.07316175365,6322499.753427244,Cluster 3,0.22814210391883008,0.23559544365982107,0.007453339740990994
3,2010,BC45_3,BC45,472500.047461368,6327499.722303724,Cluster 1,0.624824883842911,0.654443188748641,0.02961830490573003
3,2010,BC50_3,BC50,477500.03517784266,6302499.666388486,Cluster 1,0.1723191037524685,0.17959877595357399,0.00727967220110548
3,2010,BC51_3,BC51,477500.0219923793,6307499.660629535,Cluster 1,0.18560235814006243,0.1858169028929874,2.1454475292498332e-4
3,2010,BC52_3,BC52,477500.0270955203,6312499.691159323,Cluster 2,0.15367375726643406,0.20423164173023364,0.05055788446379958
3,2010,BC53_3,BC53,477500.050134716,6317499.646637439,Cluster 2,0.1349584110726952,0.22235808179900401,0.0873996707263088
3,2010,BC54_3,BC54,477500.091967421,6322499.63835183,Cluster 3,0.17469422683166164,0.19508590055451283,0.020391673722851195
3,2010,BC55_3,BC55,477500.0922437846,6327499.666607962,Cluster 1,0.23464262676501374,0.2720003415042834,0.03735771473926969
3,2010,BC60_3,BC60,482500.0626082632,6302499.738540966,Cluster 2,0.14525215063739214,0.23603376182956654,0.0907816111921744
3,2010,BC62_3,BC62,482500.04548227973,6312499.681136523,Cluster 2,0.22071905162878794,0.23103222249185512,0.010313170863067184
3,2010,BC63_3,BC63,482500.06870340253,6317499.706708531,Cluster 1,0.17396964180708738,0.17994000981574404,0.005970368008656662
3,2010,BC64_3,BC64,482500.09264614136,6322499.657199486,Cluster 3,0.12817036482974417,0.18672591130988417,0.05855554648014
3,2010,BC65_3,BC65,482500.0574243303,6327499.644156614,Cluster 2,0.17183580061524287,0.19322142028280423,0.021385619667561362
3,2010,BC70_3,BC70,487500.0281488765,6302499.681272506,Cluster 1,0.16370584849965925,0.1823451725891849,0.01863932408952565
3,2010,BC71_3,BC71,487500.0237248111,6307499.714883644,Cluster 2,0.22596675952768142,0.24651241474831698,0.02054565522063556
3,2010,BC72_3,BC72,487500.06305016344,6312499.673261789,Cluster 3,0.1687892844643631,0.16963785410919827,8.485696448351787e-4
3,2010,BC73_3,BC73,487500.0249803983,6317499.668063927,Cluster 1,0.17101830001848592,0.1899580530823851,0.018939753063899167
3,2010,BC74_3,BC74,487500.03132666176,6322499.698896714,Cluster 3,0.15177166087974334,0.17290660514384484,0.021134944264101507
3,2010,BC75_3,BC75,487500.08176904864,6327499.654417714,Cluster 3,0.20918700543548485,0.234590858708477,0.02540385327299216
3,2010,BC81_3,BC81,492500.041047909,6307499.729905474,Cluster 1,0.211122107097496,0.21735628676329805,0.006234179665802059
3,2010,BC82_3,BC82,492500.0364982955,6312499.667744995,Cluster 3,0.20254898867960092,0.20965413630049703,0.007105147620896118
3,2010,BC83_3,BC83,492499.997856006,6317499.641786334,Cluster 1,0.2675973188566527,0.34771643794624324,0.08011911908959052
3,2010,BC84_3,BC84,492500.0467049848,6322499.651782474,Cluster 3,0.18245829983781378,0.250153577035531,0.0676952771977172
3,2010,BC85_3,BC85,492500.0614262203,6327499.586613408,Cluster 3,0.1925431913730175,0.25434947116702433,0.061806279794006824
3,2010,BC93_3,BC93,497500.0048648076,6317499.628014286,Cluster 2,0.17786684539375838,0.18493656005431908,0.007069714660560694
3,2010,BC94_3,BC94,497500.0354478817,6322499.62760691,Cluster 3,0.21713010498412633,0.2941322294707504,0.07700212448662408
3,2010,BC95_3,BC95,497500.0144291096,6327499.551978993,Cluster 3,0.18577302979574686,0.21093169315290106,0.025158663357154193
3,2010,BC96_3,BC96,497500.0027015511,6332499.623702109,Cluster 3,0.18714659094481556,0.20922259083151498,0.02207599988669942
3,2010,BD00_3,BD00,452500.055170292,6252499.551853021,Cluster 3,0.17230251967583984,0.19828067355039308,0.02597815387455324
3,2010,BD01_3,BD01,452500.062128352,6257499.642154956,Cluster 2,0.13292695168664956,0.19451118637593015,0.06158423468928059
3,2010,BD02_3,BD02,452500.0451360465,6262499.658862274,Cluster 2,0.16175498085193263,0.20085175980866432,0.03909677895673169
3,2010,BD03_3,BD03,452500.0049122799,6267499.601946497,Cluster 2,0.19277101392753898,0.200150227161681,0.007379213234142007
3,2010,BD04_3,BD04,452500.0060987118,6272499.69329495,Cluster 1,0.16855100356313368,0.21232243155416158,0.0437714279910279
3,2010,BD05_3,BD05,452499.9853557811,6277499.71096541,Cluster 1,0.19655155925989085,0.23550813359197198,0.038956574332081134
3,2010,BD06_3,BD06,452500.00592764583,6282499.765541134,Cluster 1,0.2609376586024493,0.3336917960225582,0.07275413742010894
3,2010,BD07_3,BD07,452500.0058695333,6287499.746381921,Cluster 1,0.33203857627282524,0.4472838704169158,0.11524529414409057
3,2010,BD08_3,BD08,452499.9871680592,6292499.764766518,Cluster 1,0.27847369365376845,0.37342984784446115,0.0949561541906927
3,2010,BD10_3,BD10,457500.0642796085,6252499.626853711,Cluster 2,0.13353886953258276,0.15968887320236388,0.026150003669781124
3,2010,BD11_3,BD11,457500.0342458584,6257499.62756949,Cluster 3,0.1797646533622532,0.19489675243348276,0.01513209907122956
3,2010,BD12_3,BD12,457500.0261392312,6262499.665304576,Cluster 3,0.15486971585993206,0.18712046327980253,0.03225074741987047
3,2010,BD13_3,BD13,457500.03933642176,6267499.628727978,Cluster 3,0.1450351171521343,0.22578279915846342,0.08074768200632912
3,2010,BD17_3,BD17,457500.0192793853,6287499.743606095,Cluster 1,0.289783354131349,0.2953157817913254,0.005532427659976413
3,2010,BD18_3,BD18,457500.0290933364,6292499.781524262,Cluster 1,0.17988060200627043,0.21483654000117303,0.0349559379949026
3,2010,BD19_3,BD19,457500.063487968,6297499.744964002,Cluster 3,0.19463637967016423,0.2047793662876968,0.010142986617532573
3,2010,BD20_3,BD20,462500.0521724849,6252499.692892568,Cluster 2,0.13582880749463955,0.15368263148246472,0.017853823987825174
3,2010,BD21_3,BD21,462500.04652625887,6257499.613366459,Cluster 2,0.21014739528858345,0.23732674560258804,0.02717935031400459
3,2010,BD22_3,BD22,462500.04672205047,6262499.682150681,Cluster 3,0.17781482701884677,0.2035362343443707,0.025721407325523943
3,2010,BD23_3,BD23,462500.05127489346,6267499.676611281,Cluster 2,0.17931318571396762,0.2475514706584719,0.06823828494450429
3,2010,BD26_3,BD26,462500.0396707308,6282499.770858137,Cluster 3,0.17430662300307656,0.1932472829026163,0.018940659899539747
3,2010,BD27_3,BD27,462500.0084153306,6287499.80222181,Cluster 2,0.14026682955930042,0.15133793146435623,0.011071101905055808
3,2010,BD28_3,BD28,462500.04522956035,6292499.758577253,Cluster 2,0.1390155468707055,0.23286804059451927,0.09385249372381377
3,2010,BD29_3,BD29,462500.0292985126,6297499.752303558,Cluster 2,0.13709149479267502,0.1568934720199206,0.019801977227245582
3,2010,BD30_3,BD30,467500.09666782786,6252499.638327593,Cluster 2,0.14189616641875866,0.16776354747928632,0.02586738106052766
3,2010,BD31_3,BD31,467500.0543298067,6257499.600372754,Cluster 2,0.1810150971137935,0.1882761144103437,0.0072610172965502096
3,2010,BD32_3,BD32,467500.0623294639,6262499.710226541,Cluster 2,0.13506958557522827,0.1461136219541659,0.011044036378937638
3,2010,BD33_3,BD33,467500.0568793725,6267499.634422292,Cluster 1,0.1897224584287578,0.19021646549828164,4.940070695238497e-4
3,2010,BD35_3,BD35,467500.0749060298,6277499.704398919,Cluster 1,0.17252525605678343,0.18496747365521068,0.012442217598427258
3,2010,BD36_3,BD36,467500.0370856172,6282499.739297631,Cluster 3,0.1429796318158593,0.18633522518224538,0.043355593366386086
3,2010,BD37_3,BD37,467500.0506595336,6287499.810571126,Cluster 3,0.13320419760871918,0.19807964194040398,0.0648754443316848
3,2010,BD38_3,BD38,467500.0539126969,6292499.807359152,Cluster 1,0.20801333731685767,0.22842325009224565,0.02040991277538798
3,2010,BD39_3,BD39,467500.0473273079,6297499.729633846,Cluster 1,0.18898562400942903,0.1947440857703208,0.005758461760891759
3,2010,BD40_3,BD40,472500.0931846446,6252499.686959085,Cluster 2,0.15311923905649852,0.24369613090158593,0.09057689184508741
3,2010,BD41_3,BD41,472500.0753691514,6257499.700065501,Cluster 2,0.1484808095798946,0.14879181463510457,3.1100505520997856e-4
3,2010,BD42_3,BD42,472500.0892348051,6262499.638397401,Cluster 3,0.1315725137777873,0.20857719165000824,0.07700467787222093
3,2010,BD43_3,BD43,472500.0750117887,6267499.724942416,Cluster 2,0.1732679781142182,0.19160120097207212,0.01833322285785391
3,2010,BD44_3,BD44,472500.09313145553,6272499.736661749,Cluster 1,0.17977395551799666,0.18891943215848606,0.009145476640489397
3,2010,BD45_3,BD45,472500.082515051,6277499.673930096,Cluster 3,0.14023331210337045,0.16693801250840126,0.026704700405030812
3,2010,BD46_3,BD46,472500.0450996152,6282499.759338391,Cluster 1,0.1899365739315711,0.20424765335330167,0.014311079421730571
3,2010,BD47_3,BD47,472500.0410912281,6287499.769842108,Cluster 1,0.20964493291911276,0.2950225016419741,0.08537756872286131
3,2010,BD48_3,BD48,472500.0707461879,6292499.705413405,Cluster 1,0.1979694017923517,0.27960681662762576,0.08163741483527406
3,2010,BD49_3,BD49,472500.07474827545,6297499.789050161,Cluster 1,0.17472644568979642,0.19219685519927607,0.017470409509479645
3,2010,BD50_3,BD50,477500.11881933274,6252499.615843311,Cluster 2,0.14429117987822837,0.1714462204688479,0.027155040590619517
3,2010,BD51_3,BD51,477500.0634254692,6257499.690373675,Cluster 3,0.13993863479504523,0.16981173224263324,0.02987309744758801
3,2010,BD55_3,BD55,477500.05691394093,6277499.685499792,Cluster 1,0.18646366183221244,0.22959989391829216,0.04313623208607972
3,2010,BD56_3,BD56,477500.0801616678,6282499.719876353,Cluster 1,0.19886423234655382,0.2606674152378412,0.06180318289128739
3,2010,BD57_3,BD57,477500.05835724296,6287499.679689139,Cluster 1,0.19778057095414428,0.27344924661913944,0.07566867566499516
3,2010,BD58_3,BD58,477500.0542861005,6292499.787203539,Cluster 2,0.1448262205889183,0.16819769084394642,0.023371470255028115
3,2010,BD59_3,BD59,477500.06639862224,6297499.708461465,Cluster 3,0.174946880445453,0.18265979134058155,0.007712910895128544
3,2010,BD60_3,BD60,482500.0684686676,6252499.64834874,Cluster 2,0.15732962270081274,0.19229005761009954,0.0349604349092868
3,2010,BD61_3,BD61,482500.09796961857,6257499.682375004,Cluster 3,0.14848873880101715,0.20818744708152043,0.059698708280503276
3,2010,BD64_3,BD64,482500.05279373936,6272499.67016245,Cluster 2,0.14498221684899879,0.210995425482374,0.0660132086333752
3,2010,BD66_3,BD66,482500.0376611929,6282499.732977217,Cluster 2,0.19727299670690843,0.19979886242611072,0.002525865719202297
3,2010,BD67_3,BD67,482500.0596615541,6287499.763232267,Cluster 2,0.1367411888870694,0.20774120313691713,0.07100001424984773
3,2010,BD68_3,BD68,482500.0198024417,6292499.718820099,Cluster 2,0.1525586565173419,0.26135520334681217,0.10879654682947026
3,2010,BD69_3,BD69,482500.0410989809,6297499.710512316,Cluster 2,0.1574156265437861,0.20410953933642687,0.04669391279264076
3,2010,BD70_3,BD70,487500.0817826781,6252499.672654292,Cluster 3,0.1328134778803019,0.17938099636587085,0.04656751848556895
3,2010,BD71_3,BD71,487500.07274000347,6257499.676720983,Cluster 3,0.12236265159771653,0.19157977111525726,0.06921711951754073
3,2010,BD72_3,BD72,487500.1065785421,6262499.717117674,Cluster 3,0.1505818507795299,0.19785123935504748,0.047269388575517574
3,2010,BD73_3,BD73,487500.0600253826,6267499.6828794535,Cluster 3,0.21475479166607814,0.24955646824122196,0.034801676575143825
3,2010,BD74_3,BD74,487500.05668077216,6272499.684921809,Cluster 3,0.14206963589601374,0.14445466117864703,0.0023850252826332907
3,2010,BD75_3,BD75,487500.09656343656,6277499.723220508,Cluster 3,0.13846245569215965,0.233310132448765,0.09484767675660535
3,2010,BD76_3,BD76,487500.056836057,6282499.686808519,Cluster 3,0.19003757616545355,0.20556017633691573,0.015522600171462175
3,2010,BD77_3,BD77,487500.0606638972,6287499.686602905,Cluster 2,0.1390674850706908,0.19205999046141253,0.05299250539072173
3,2010,BD78_3,BD78,487500.04695056047,6292499.722763024,Cluster 3,0.14475862501003728,0.15012021338244919,0.005361588372411907
3,2010,BD79_3,BD79,487500.0155984107,6297499.6839520885,Cluster 2,0.20787052697510947,0.21582079299896967,0.007950266023860203
3,2010,BD80_3,BD80,492500.052342845,6252499.689303762,Cluster 3,0.13378271185406823,0.16301795182346515,0.02923523996939692
3,2010,BD81_3,BD81,492500.0663517555,6257499.67318747,Cluster 3,0.15154838545911548,0.2862710254842545,0.134722640025139
3,2010,BD82_3,BD82,492500.0446139241,6262499.693544938,Cluster 3,0.1813488655655778,0.2831401167842353,0.10179125121865748
3,2010,BD83_3,BD83,492500.0486383725,6267499.638934148,Cluster 3,0.18083229665167286,0.2054584299921146,0.024626133340441753
3,2010,BD84_3,BD84,492500.0788364224,6272499.731946048,Cluster 2,0.15168385113156904,0.15496950897990908,0.0032856578483400345
3,2010,BD85_3,BD85,492500.0734845984,6277499.750050906,Cluster 2,0.14176621911757065,0.1985790146757963,0.05681279555822566
3,2010,BD86_3,BD86,492500.0328117953,6282499.693222406,Cluster 1,0.17627378446460215,0.1839020802875039,0.007628295822901754
3,2010,BD87_3,BD87,492500.0796249006,6287499.672523582,Cluster 3,0.15023614022961482,0.15633606170674844,0.0060999214771336185
3,2010,BD88_3,BD88,492500.0303709486,6292499.688262614,Cluster 2,0.17948002572120667,0.197995439280185,0.018515413558978344
3,2010,BD89_3,BD89,492500.00758350815,6297499.740193662,Cluster 2,0.262977287828656,0.27127468049203535,0.008297392663379366
3,2010,BD90_3,BD90,497500.0588251114,6252499.698183741,Cluster 3,0.14008448422057276,0.14385337366547832,0.0037688894449055543
3,2010,BD91_3,BD91,497500.03416951664,6257499.671954378,Cluster 3,0.13690362640470774,0.1692889535865637,0.032385327181855966
3,2010,BD92_3,BD92,497500.0799421015,6262499.6820673505,Cluster 3,0.16109745181141144,0.24733644207239194,0.0862389902609805
3,2010,BD93_3,BD93,497500.07296910265,6267499.728574473,Cluster 3,0.12514238968831223,0.16139147706688953,0.036249087378577294
3,2010,BD94_3,BD94,497500.0748110663,6272499.700105536,Cluster 2,0.17371500464414497,0.21538309661507823,0.04166809197093327
3,2010,BD95_3,BD95,497500.02420617704,6277499.707981611,Cluster 2,0.14461633072429453,0.22210885805582892,0.07749252733153439
3,2010,BD96_3,BD96,497500.0438990338,6282499.752103166,Cluster 2,0.1500331492154891,0.17408109625344587,0.024047947037956763
3,2010,BD97_3,BD97,497500.0724178304,6287499.721172826,Cluster 2,0.1479409330957998,0.19709470737339438,0.04915377427759457
3,2010,BD98_3,BD98,497500.0487199059,6292499.726513864,Cluster 1,0.21966638032803273,0.24609719376440853,0.026430813436375794
3,2010,BD99_3,BD99,497500.0340011228,6297499.6567514995,Cluster 2,0.17311261602420888,0.2399785496414877,0.06686593361727883
3,2010,BE03_3,BE03,452500.11633685895,6217499.746191076,Cluster 3,0.16094805612410892,0.20726417750385392,0.046316121379745
3,2010,BE04_3,BE04,452500.11632998136,6222499.685172294,Cluster 1,0.18582441182628406,0.20943788404732594,0.023613472221041876
3,2010,BE05_3,BE05,452500.15106356906,6227499.661355034,Cluster 3,0.17321346568087923,0.25317541294000445,0.07996194725912523
3,2010,BE06_3,BE06,452500.1590520394,6232499.675403499,Cluster 3,0.14353967134440904,0.2205284313849822,0.07698876004057317
3,2010,BE07_3,BE07,452500.1397759422,6237499.615993101,Cluster 3,0.1602948983333964,0.2123727896444203,0.05207789131102389
3,2010,BE08_3,BE08,452500.095196037,6242499.594395928,Cluster 1,0.20354014760888897,0.20402928052674335,4.891329178543791e-4
3,2010,BE09_3,BE09,452500.0878081365,6247499.609894695,Cluster 2,0.18159999326000725,0.18997314678695834,0.008373153526951088
3,2010,BE11_3,BE11,457500.10127285187,6207499.743524788,Cluster 1,0.16865629448721947,0.23128020597775403,0.06262391149053456
3,2010,BE12_3,BE12,457500.1500305779,6212499.741318243,Cluster 3,0.1594186763297293,0.17052485408604662,0.01110617775631731
3,2010,BE13_3,BE13,457500.15345753945,6217499.776981724,Cluster 3,0.11682159938307936,0.2001816412686727,0.08336004188559333
3,2010,BE14_3,BE14,457500.1111617552,6222499.739193365,Cluster 3,0.14204356176615418,0.16140971555828384,0.019366153792129664
3,2010,BE15_3,BE15,457500.1490842873,6227499.737989361,Cluster 2,0.14203162515388484,0.17805429233835682,0.036022667184471974
3,2010,BE16_3,BE16,457500.14241573645,6232499.663280108,Cluster 2,0.15302144852365415,0.20420573487445282,0.05118428635079866
3,2010,BE17_3,BE17,457500.0929771521,6237499.626338543,Cluster 3,0.13515836975322074,0.16331790269455312,0.028159532941332388
3,2010,BE18_3,BE18,457500.12517345103,6242499.625902592,Cluster 3,0.16684250954230104,0.22372825890421283,0.05688574936191179
3,2010,BE19_3,BE19,457500.1157411464,6247499.663183419,Cluster 2,0.15729207749671706,0.21735281473269266,0.0600607372359756
3,2010,BE20_3,BE20,462500.11838367645,6202499.747712504,Cluster 3,0.15811505888278063,0.18529533655582464,0.027180277673044012
3,2010,BE21_3,BE21,462500.0952010719,6207499.74191438,Cluster 3,0.1292723305551438,0.16238803353781822,0.03311570298267441
3,2010,BE22_3,BE22,462500.1342590039,6212499.772833126,Cluster 3,0.1379833468426954,0.14353528003454152,0.005551933191846131
3,2010,BE23_3,BE23,462500.11044103146,6217499.730235226,Cluster 2,0.1358081147616769,0.1695066482827763,0.033698533521099416
3,2010,BE24_3,BE24,462500.1496938069,6222499.724303068,Cluster 3,0.14096860399422712,0.1994443571611834,0.058475753166956274
3,2010,BE25_3,BE25,462500.1281655704,6227499.756101517,Cluster 3,0.2053642162037291,0.23136829143915028,0.02600407523542117
3,2010,BE26_3,BE26,462500.1075739042,6232499.713761374,Cluster 3,0.183388257040272,0.20390548867528674,0.020517231635014732
3,2010,BE27_3,BE27,462500.0893851709,6237499.708556035,Cluster 2,0.21468302722085245,0.22004942657323975,0.005366399352387308
3,2010,BE28_3,BE28,462500.13495159394,6242499.628613053,Cluster 3,0.15545432097729775,0.1877483619501072,0.03229404097280944
3,2010,BE29_3,BE29,462500.12296665786,6247499.697601233,Cluster 3,0.1414703152641777,0.15659304074757166,0.015122725483393967
3,2010,BE30_3,BE30,467500.1073038048,6202499.828305079,Cluster 3,0.13543305869251832,0.19053654413724846,0.05510348544473015
3,2010,BE31_3,BE31,467500.0896561928,6207499.754043788,Cluster 3,0.17721062963827441,0.1839894908500152,0.006778861211740789
3,2010,BE32_3,BE32,467500.1185248302,6212499.827834143,Cluster 2,0.15769358635228792,0.22790858749142584,0.07021500113913792
3,2010,BE33_3,BE33,467500.1294375103,6217499.716232078,Cluster 2,0.157150334869346,0.22154621932530788,0.0643958844559619
3,2010,BE34_3,BE34,467500.1254063341,6222499.7531053685,Cluster 3,0.1613859941795135,0.16328369898770748,0.001897704808193984
3,2010,BE35_3,BE35,467500.1052226283,6227499.715833131,Cluster 3,0.14791038908973167,0.18465876070510284,0.03674837161537117
3,2010,BE36_3,BE36,467500.1322030665,6232499.715216365,Cluster 3,0.2090414815559702,0.2283196651489346,0.019278183592964404
3,2010,BE37_3,BE37,467500.08192916744,6237499.640875189,Cluster 3,0.18433575898254917,0.2385188307823563,0.054183071799807137
3,2010,BE38_3,BE38,467500.0804897086,6242499.714440874,Cluster 3,0.15142082682276467,0.2320903639812067,0.08066953715844202
3,2010,BE39_3,BE39,467500.1255944229,6247499.601982121,Cluster 3,0.13410691506209113,0.17851716502626264,0.044410249964171505
3,2010,BE40_3,BE40,472500.1127389596,6202499.801765352,Cluster 2,0.1333347031867454,0.18648178975060037,0.05314708656385497
3,2010,BE41_3,BE41,472500.10111836577,6207499.780096917,Cluster 2,0.17029224210760077,0.23362931227030131,0.06333707016270054
3,2010,BE42_3,BE42,472500.118605587,6212499.79520641,Cluster 2,0.14408298422552773,0.15262112450399298,0.00853814027846525
3,2010,BE43_3,BE43,472500.102536274,6217499.736171087,Cluster 2,0.14081960993351866,0.22288441902574854,0.08206480909222988
3,2010,BE44_3,BE44,472500.11623195955,6222499.713864509,Cluster 2,0.132427439711427,0.1780076481485078,0.0455802084370808
3,2010,BE45_3,BE45,472500.0978888087,6227499.728662689,Cluster 2,0.14581062540484654,0.16810688854629585,0.022296263141449307
3,2010,BE46_3,BE46,472500.10925229813,6232499.668840696,Cluster 2,0.19742715031942906,0.25378517621869073,0.05635802589926167
3,2010,BE47_3,BE47,472500.08938047354,6237499.6460741,Cluster 2,0.16695455082441904,0.181261040738508,0.014306489914088949
3,2010,BE48_3,BE48,472500.1005930916,6242499.6599383075,Cluster 3,0.16050652406302326,0.19365785095594015,0.03315132689291689
3,2010,BE49_3,BE49,472500.0806548547,6247499.599506401,Cluster 2,0.14152649387920505,0.19208732931083328,0.05056083543162823
3,2010,BE50_3,BE50,477500.0897044176,6202499.779935578,Cluster 3,0.15457862713215398,0.15947375226117264,0.004895125129018657
3,2010,BE51_3,BE51,477500.0837171829,6207499.820620244,Cluster 2,0.14691137498829002,0.2185735002062769,0.07166212521798687
3,2010,BE52_3,BE52,477500.0896873518,6212499.786792553,Cluster 2,0.1499587548981654,0.22635930236845517,0.07640054747028976
3,2010,BE53_3,BE53,477500.10844758886,6217499.789725573,Cluster 2,0.14759255812103905,0.17624793769864655,0.028655379577607498
3,2010,BE54_3,BE54,477500.0775276706,6222499.718423463,Cluster 2,0.13616375110994763,0.16407258640479946,0.02790883529485183
3,2010,BE55_3,BE55,477500.12210260506,6227499.683505938,Cluster 2,0.16058171415860467,0.20456884865933264,0.04398713450072797
3,2010,BE56_3,BE56,477500.11822783895,6232499.6856043795,Cluster 2,0.1611304412739658,0.2478615833107476,0.08673114203678178
3,2010,BE57_3,BE57,477500.12828789,6237499.724367468,Cluster 2,0.13961404247780065,0.19394568843476687,0.05433164595696621
3,2010,BE58_3,BE58,477500.09009941894,6242499.688796431,Cluster 3,0.1583974872128248,0.16970105267648916,0.011303565463664372
3,2010,BE59_3,BE59,477500.0664909273,6247499.689840795,Cluster 3,0.18789342695660013,0.20570407862158338,0.017810651664983246
3,2010,BE60_3,BE60,482500.1170935474,6202499.762600222,Cluster 2,0.16625822405455087,0.17832793616024606,0.012069712105695185
3,2010,BE61_3,BE61,482500.11583061574,6207499.764099555,Cluster 2,0.15665850627660668,0.22530374517857255,0.06864523890196586
3,2010,BE62_3,BE62,482500.11054156657,6212499.802375257,Cluster 2,0.15782201023675213,0.25072457864601055,0.09290256840925842
3,2010,BE63_3,BE63,482500.1010131544,6217499.766104947,Cluster 2,0.15318980724339926,0.22312122647142124,0.06993141922802198
3,2010,BE64_3,BE64,482500.08794277866,6222499.766563116,Cluster 2,0.14186104437752525,0.22334829339606485,0.0814872490185396
3,2010,BE65_3,BE65,482500.0711159684,6227499.692425571,Cluster 3,0.15015311717682292,0.1890453300239551,0.03889221284713218
3,2010,BE66_3,BE66,482500.11322061473,6232499.654712963,Cluster 3,0.15013606839506394,0.16541844570952532,0.015282377314461387
3,2010,BE67_3,BE67,482500.0904503339,6237499.653912236,Cluster 2,0.14439826809447906,0.2262826103955479,0.08188434230106884
3,2010,BE68_3,BE68,482500.0651098611,6242499.689744695,Cluster 3,0.12672166245765182,0.18338426288786752,0.056662600430215704
3,2010,BE69_3,BE69,482500.0987530567,6247499.650626864,Cluster 3,0.12385635348888263,0.16865026499356778,0.04479391150468515
3,2010,BE70_3,BE70,487500.0865301826,6202499.750414935,Cluster 2,0.144903775833432,0.23001638398074503,0.08511260814731303
3,2010,BE71_3,BE71,487500.08995137503,6207499.722487243,Cluster 2,0.1740589162649814,0.2392195455686514,0.06516062930367
3,2010,BE72_3,BE72,487500.07277842105,6212499.73131084,Cluster 2,0.179223749736012,0.28724282143693525,0.10801907170092326
3,2010,BE73_3,BE73,487500.09745280247,6217499.776680447,Cluster 2,0.1697581942519594,0.2788999246786881,0.10914173042672873
3,2010,BE74_3,BE74,487500.10153235553,6222499.747455017,Cluster 2,0.1444838960326754,0.20492160804984313,0.060437712017167744
3,2010,BE75_3,BE75,487500.08557870064,6227499.754910266,Cluster 2,0.166132664721067,0.16701692758528147,8.842628642144745e-4
3,2010,BE76_3,BE76,487500.0494996909,6232499.6877210885,Cluster 3,0.12672870765454275,0.18189807638911018,0.05516936873456743
3,2010,BE77_3,BE77,487500.0557743558,6237499.656981816,Cluster 3,0.12522089249640267,0.21636859662734806,0.09114770413094539
3,2010,BE78_3,BE78,487500.1044211837,6242499.66266886,Cluster 3,0.14087405368995018,0.16340791725050965,0.022533863560559475
3,2010,BE79_3,BE79,487500.07191723434,6247499.705124563,Cluster 2,0.1423611528045709,0.23086756111014134,0.08850640830557044
3,2010,BE80_3,BE80,492500.0769083233,6202499.743162796,Cluster 3,0.16668028669371232,0.22230392873223995,0.055623642038527626
3,2010,BE81_3,BE81,492500.0851086948,6207499.806863972,Cluster 2,0.14811202827720096,0.22276663226407253,0.07465460398687157
3,2010,BE82_3,BE82,492500.0559510994,6212499.795978415,Cluster 2,0.2047349222643926,0.2760847063458637,0.07134978408147108
3,2010,BE83_3,BE83,492500.0518686798,6217499.710370969,Cluster 2,0.13941516928232608,0.22379734508243,0.0843821758001039
3,2010,BE84_3,BE84,492500.07326583227,6222499.77261727,Cluster 3,0.15381257014018973,0.16426303376430357,0.010450463624113837
3,2010,BE85_3,BE85,492500.0576986846,6227499.760204127,Cluster 3,0.1335571338329181,0.16475490238420454,0.031197768551286448
3,2010,BE86_3,BE86,492500.0673832763,6232499.672995943,Cluster 3,0.15129117128890016,0.22167696884840046,0.07038579755950031
3,2010,BE87_3,BE87,492500.0408101817,6237499.733683195,Cluster 3,0.1359184528408724,0.20696483410305422,0.07104638126218182
3,2010,BE88_3,BE88,492500.0396555708,6242499.719527307,Cluster 3,0.1507795488043874,0.25656566816472803,0.10578611936034063
3,2010,BE89_3,BE89,492500.0641284463,6247499.741806999,Cluster 3,0.16818982763160573,0.24138415820374132,0.07319433057213559
3,2010,BE90_3,BE90,497500.0422758438,6202499.741026654,Cluster 3,0.18201925759979734,0.2440385176373294,0.062019260037532054
3,2010,BE91_3,BE91,497500.0549127382,6207499.7948163375,Cluster 3,0.1725241117673822,0.19492754680405486,0.022403435036672664
3,2010,BE92_3,BE92,497500.0760309053,6212499.773925238,Cluster 2,0.26250458001198895,0.2869805317577288,0.024475951745739855
3,2010,BE93_3,BE93,497500.0434951054,6217499.78966552,Cluster 3,0.1473165471882153,0.18945671811675452,0.04214017092853922
3,2010,BE94_3,BE94,497500.0817259047,6222499.730638592,Cluster 3,0.1929797136930471,0.2123374043773382,0.019357690684291107
3,2010,BE95_3,BE95,497500.06645494024,6227499.708195655,Cluster 3,0.14011055893694474,0.18830691781144643,0.04819635887450169
3,2010,BE96_3,BE96,497500.0598918972,6232499.722276111,Cluster 3,0.14828856841726537,0.17733749824206374,0.02904892982479837
3,2010,BE97_3,BE97,497500.06204059086,6237499.7728568325,Cluster 2,0.1747128517027883,0.18566119725364474,0.010948345550856442
3,2010,BE98_3,BE98,497500.0728370326,6242499.748610737,Cluster 3,0.1668426689217559,0.21688971689060807,0.050047047968852176
3,2010,BE99_3,BE99,497500.0305140985,6247499.6495497795,Cluster 3,0.22713894994069367,0.23751541930677308,0.010376469366079416
3,2010,BF00_3,BF00,452500.16255789786,6152499.84979633,Cluster 2,0.21583487787471553,0.21800007809104244,0.002165200216326907
3,2010,BF01_3,BF01,452500.1443555164,6157499.855121321,Cluster 2,0.19017805215815267,0.2031207706694792,0.012942718511326529
3,2010,BF02_3,BF02,452500.1523084943,6162499.7866961,Cluster 3,0.18130505521103554,0.2551661283225259,0.07386107311149034
3,2010,BF03_3,BF03,452500.1251936091,6167499.75646735,Cluster 3,0.1940747904092704,0.24486560876364938,0.050790818354378986
3,2010,BF04_3,BF04,452500.1265854016,6172499.763725036,Cluster 3,0.2439447211200932,0.2945668397169027,0.050622118596809484
3,2010,BF05_3,BF05,452500.0929818788,6177499.69784097,Cluster 3,0.22122324231306653,0.24405609874445128,0.022832856431384746
3,2010,BF06_3,BF06,452500.08902709355,6182499.669392232,Cluster 3,0.1737785462397268,0.20950225561996416,0.03572370938023736
3,2010,BF07_3,BF07,452500.1152225344,6187499.678353518,Cluster 3,0.23468747746586224,0.2613566601547314,0.02666918268886917
3,2010,BF08_3,BF08,452500.10950070026,6192499.7253870675,Cluster 1,0.3246278946275031,0.41142588622237886,0.08679799159487578
3,2010,BF11_3,BF11,457500.09805196273,6157499.819878605,Cluster 3,0.16327517207589617,0.2217139901229186,0.05843881804702242
3,2010,BF12_3,BF12,457500.1359493549,6162499.887689657,Cluster 3,0.18114244254650405,0.18194216368355406,7.997211370500135e-4
3,2010,BF13_3,BF13,457500.1204013506,6167499.77104144,Cluster 3,0.1317009184154286,0.16260199720521415,0.03090107878978554
3,2010,BF14_3,BF14,457500.1182257726,6172499.803160674,Cluster 3,0.15352711296523958,0.1583305278878561,0.004803414922616517
3,2010,BF15_3,BF15,457500.127743533,6177499.761444724,Cluster 3,0.14397912381663433,0.14698804543435084,0.0030089216177165146
3,2010,BF16_3,BF16,457500.08782064816,6182499.757772771,Cluster 3,0.13000283379604194,0.16646788207477556,0.03646504827873362
3,2010,BF17_3,BF17,457500.1244502372,6187499.790891147,Cluster 2,0.1449486920997438,0.1685010435862285,0.023552351486484713
3,2010,BF18_3,BF18,457500.11167777673,6192499.750712315,Cluster 2,0.17536316789789783,0.19208049392707235,0.01671732602917453
3,2010,BF20_3,BF20,462500.0972690694,6152499.858269893,Cluster 3,0.14205586971288992,0.22354700008003747,0.08149113036714756
3,2010,BF21_3,BF21,462500.1042798301,6157499.812390076,Cluster 3,0.13533791326889952,0.1635108394075852,0.02817292613868569
3,2010,BF22_3,BF22,462500.1063889781,6162499.804014538,Cluster 3,0.1417933247541226,0.18373302146526016,0.041939696711137564
3,2010,BF23_3,BF23,462500.1040823032,6167499.833119934,Cluster 3,0.12432276717251735,0.18787843459903053,0.06355566742651318
3,2010,BF24_3,BF24,462500.0968862839,6172499.788392592,Cluster 3,0.15059529890585083,0.19028842796735485,0.03969312906150402
3,2010,BF25_3,BF25,462500.0862437773,6177499.78109757,Cluster 3,0.13425335760973608,0.19347746832761845,0.05922411071788236
3,2010,BF26_3,BF26,462500.0726415611,6182499.811211206,Cluster 3,0.13741927094918088,0.17573667307129545,0.03831740212211457
3,2010,BF27_3,BF27,462500.11824307253,6187499.766874204,Cluster 3,0.1393061213019428,0.16081168031928966,0.021505559017346854
3,2010,BF28_3,BF28,462500.0991430791,6192499.760439191,Cluster 3,0.16240158475289246,0.1894850874858599,0.027083502732967446
3,2010,BF29_3,BF29,462500.07854237576,6197499.791339589,Cluster 3,0.2488535052817862,0.2589884663662859,0.01013496108449971
3,2010,BF30_3,BF30,467500.0649177869,6152499.835244867,Cluster 3,0.14255583117306955,0.20030022830248811,0.05774439712941856
3,2010,BF31_3,BF31,467500.0528761789,6157499.8339712275,Cluster 3,0.1419154724047357,0.15090952978226194,0.008994057377526232
3,2010,BF32_3,BF32,467500.0828731935,6162499.869694816,Cluster 3,0.16242399051847461,0.2779249627155447,0.11550097219707006
3,2010,BF33_3,BF33,467500.09141173307,6167499.831571815,Cluster 3,0.13788451726781906,0.23313725847486555,0.09525274120704649
3,2010,BF34_3,BF34,467500.07979854086,6172499.830867704,Cluster 3,0.15799531898137884,0.16643249317968878,0.008437174198309944
3,2010,BF35_3,BF35,467500.1104643853,6177499.755797745,Cluster 3,0.15265559884112367,0.2132519150782437,0.06059631623712003
3,2010,BF36_3,BF36,467500.05907752085,6182499.718568934,Cluster 3,0.1272300887812739,0.19613577882222233,0.06890569004094843
3,2010,BF37_3,BF37,467500.1142561032,6187499.71774681,Cluster 3,0.1295919415587363,0.18638433459761336,0.056792393038877065
3,2010,BF38_3,BF38,467500.08834202494,6192499.754719362,Cluster 3,0.15324909526624594,0.21971719134061723,0.06646809607437129
3,2010,BF39_3,BF39,467500.1070246964,6197499.8285216,Cluster 3,0.22461992442091072,0.2839858507870267,0.059365926366115984
3,2010,BF40_3,BF40,472500.05446232,6152499.831390551,Cluster 3,0.12012129999493654,0.18024029394922816,0.06011899395429163
3,2010,BF41_3,BF41,472500.085972153,6157499.883806649,Cluster 3,0.12762006293067127,0.1550952913248279,0.027475228394156642
3,2010,BF42_3,BF42,472500.07961185457,6162499.862346774,Cluster 3,0.1755489288125577,0.1827661028914952,0.007217174078937488
3,2010,BF43_3,BF43,472500.098778225,6167499.766588567,Cluster 3,0.1607435898298966,0.1928172390772116,0.03207364924731501
3,2010,BF44_3,BF44,472500.0822753295,6172499.819486889,Cluster 3,0.17314745967960318,0.17426514527127376,0.0011176855916705808
3,2010,BF45_3,BF45,472500.0919523685,6177499.798039483,Cluster 3,0.14221743444735435,0.17366622984186852,0.03144879539451417
3,2010,BF46_3,BF46,472500.06605603127,6182499.813911805,Cluster 2,0.14605657184442306,0.20845062792615782,0.06239405608173476
3,2010,BF47_3,BF47,472500.0669914175,6187499.755388988,Cluster 3,0.13745773911625025,0.1605024293090752,0.023044690192824957
3,2010,BF48_3,BF48,472500.0957205096,6192499.73373965,Cluster 2,0.13897675782541385,0.21971636480686974,0.08073960698145588
3,2010,BF49_3,BF49,472500.0900039778,6197499.749339143,Cluster 3,0.1702945978570129,0.2746556483037813,0.10436105044676841
3,2010,BF50_3,BF50,477500.08187685715,6152499.846936376,Cluster 2,0.1380819495533891,0.19141893397092014,0.05333698441753104
3,2010,BF51_3,BF51,477500.02976028406,6157499.8520273,Cluster 2,0.1477491445018422,0.1821834561014904,0.03443431159964819
3,2010,BF52_3,BF52,477500.049981805,6162499.782522364,Cluster 2,0.1372306175005824,0.1736068058203745,0.036376188319792085
3,2010,BF53_3,BF53,477500.08021795313,6167499.7500125235,Cluster 2,0.16477565658351498,0.1762603901798558,0.011484733596340835
3,2010,BF54_3,BF54,477500.057860584,6172499.75480094,Cluster 3,0.16762630702777725,0.19732133413694877,0.029695027109171518
3,2010,BF55_3,BF55,477500.0461591174,6177499.796539538,Cluster 2,0.14950247811815337,0.23499450366745261,0.08549202554929924
3,2010,BF56_3,BF56,477500.10749606375,6182499.763586155,Cluster 2,0.141081755385112,0.15935226977359981,0.018270514388487813
3,2010,BF57_3,BF57,477500.0545601692,6187499.768187857,Cluster 2,0.15406759006010104,0.2207901443554507,0.06672255429534965
3,2010,BF58_3,BF58,477500.0757376356,6192499.809343387,Cluster 2,0.1426659243783528,0.2223800100533908,0.07971408567503802
3,2010,BF59_3,BF59,477500.10798379144,6197499.776060057,Cluster 3,0.21293229719345483,0.23421682260008164,0.021284525406626814
3,2010,BF60_3,BF60,482500.0368470739,6152499.882651542,Cluster 3,0.1557830063375938,0.1674859619998962,0.011702955662302422
3,2010,BF61_3,BF61,482500.0271999943,6157499.849245702,Cluster 2,0.14630751440332637,0.15537693789700352,0.009069423493677148
3,2010,BF62_3,BF62,482500.07425727736,6162499.852593689,Cluster 2,0.15182543956517297,0.2257643233749784,0.07393888380980543
3,2010,BF63_3,BF63,482500.0517386565,6167499.781888844,Cluster 2,0.15086507900642857,0.2025113621415101,0.051646283135081544
3,2010,BF64_3,BF64,482500.08626133483,6172499.7478915425,Cluster 2,0.1718393220210914,0.21274318117995455,0.04090385915886316
3,2010,BF65_3,BF65,482500.0522818646,6177499.751086633,Cluster 3,0.14628511719077794,0.1529952565489875,0.006710139358209549
3,2010,BF66_3,BF66,482500.0756826632,6182499.790944238,Cluster 2,0.14139003536535139,0.16233113138648445,0.02094109602113306
3,2010,BF67_3,BF67,482500.0933976552,6187499.756401075,Cluster 2,0.17018508310763675,0.19561786096983666,0.025432777862199912
3,2010,BF68_3,BF68,482500.106118653,6192499.758727317,Cluster 2,0.21916461479114446,0.24810715233774552,0.02894253754660106
3,2010,BF69_3,BF69,482500.11408775987,6197499.797900253,Cluster 2,0.24525116708221442,0.2516158704054887,0.0063647033232742956
3,2010,BF70_3,BF70,487500.0613181969,6152499.826749672,Cluster 2,0.13674628552055468,0.18961356817240205,0.05286728265184737
3,2010,BF71_3,BF71,487500.03120470024,6157499.875939318,Cluster 2,0.1427573771348476,0.1863004587345996,0.04354308159975201
3,2010,BF72_3,BF72,487500.0414117519,6162499.85063891,Cluster 2,0.1412081384733749,0.1855236333968596,0.04431549492348469
3,2010,BF73_3,BF73,487500.0290273604,6167499.751005261,Cluster 3,0.16254280131899423,0.18951476425061178,0.02697196293161755
3,2010,BF74_3,BF74,487500.0577833784,6172499.799416764,Cluster 2,0.16621808463423526,0.23800060210426158,0.07178251747002631
3,2010,BF75_3,BF75,487500.06427121063,6177499.773449097,Cluster 2,0.14735718813041707,0.17654521837336717,0.029188030242950108
3,2010,BF76_3,BF76,487500.0490462398,6182499.784371457,Cluster 2,0.15177584456199572,0.24910740876600893,0.0973315642040132
3,2010,BF77_3,BF77,487500.0746598672,6187499.7206850415,Cluster 3,0.22123543389489408,0.23569879196843227,0.014463358073538185
3,2010,BF78_3,BF78,487500.07920825994,6192499.805137645,Cluster 2,0.1456626641181409,0.22506416508659124,0.07940150096845033
3,2010,BF79_3,BF79,487500.0622795224,6197499.815116662,Cluster 3,0.17017265811935992,0.17156744372566132,0.0013947856063014075
3,2010,BF80_3,BF80,492500.0457424066,6152499.90235705,Cluster 2,0.14201677595684029,0.19593372656300717,0.053916950606166886
3,2010,BF81_3,BF81,492500.0575680637,6157499.820932193,Cluster 2,0.18006718026972748,0.2355465725717644,0.05547939230203691
3,2010,BF82_3,BF82,492500.03082487086,6162499.776445566,Cluster 2,0.21149790343486244,0.22818299113988524,0.016685087705022805
3,2010,BF83_3,BF83,492500.0286680475,6167499.768765947,Cluster 2,0.2488472427989784,0.2555769436114521,0.0067297008124737046
3,2010,BF84_3,BF84,492500.0511084942,6172499.797871274,Cluster 2,0.13925781880657848,0.18809552030266527,0.048837701496086794
3,2010,BF85_3,BF85,492500.0351787714,6177499.752555744,Cluster 2,0.15559162535424062,0.1636478145501721,0.008056189195931485
3,2010,BF86_3,BF86,492500.04401167773,6182499.743979233,Cluster 2,0.14896474001277885,0.2316805744694056,0.08271583445662675
3,2010,BF87_3,BF87,492500.07761814806,6187499.77211941,Cluster 2,0.1998557993494373,0.20231407546013852,0.0024582761107012074
3,2010,BF88_3,BF88,492500.0732463428,6192499.725767915,Cluster 2,0.1721409408306036,0.2360381195063783,0.06389717867577469
3,2010,BF89_3,BF89,492500.0313184269,6197499.716196409,Cluster 2,0.1909782799806934,0.20924520865549484,0.018266928674801453
3,2010,BF90_3,BF90,497500.06872812915,6152499.8867905075,Cluster 2,0.16477522634318115,0.22893883212563843,0.06416360578245728
3,2010,BF91_3,BF91,497500.05965140025,6157499.795699069,Cluster 2,0.1778813844482182,0.2440748061175128,0.06619342166929462
3,2010,BF92_3,BF92,497500.05900778656,6162499.852742528,Cluster 3,0.1927215175259108,0.19280223919273332,8.072166682251969e-5
3,2010,BF93_3,BF93,497500.0666691472,6167499.835318215,Cluster 2,0.1908245481101667,0.23687897114190534,0.04605442303173865
3,2010,BF94_3,BF94,497500.0197826457,6172499.743439123,Cluster 2,0.16361458666103076,0.18518881078727328,0.02157422412624252
3,2010,BF95_3,BF95,497500.0442688116,6177499.79959253,Cluster 3,0.1698371385227515,0.18999830857870592,0.020161170055954414
3,2010,BF96_3,BF96,497500.077070528,6182499.781207959,Cluster 3,0.17165626797406014,0.17708560591182232,0.00542933793776218
3,2010,BF97_3,BF97,497500.0556179109,6187499.799593099,Cluster 2,0.18486184350669507,0.2162059818237366,0.031344138317041526
3,2010,BF98_3,BF98,497500.0426321929,6192499.743392498,Cluster 2,0.1628092561801569,0.22206111013087318,0.05925185395071628
3,2010,BF99_3,BF99,497500.03818358126,6197499.723877846,Cluster 2,0.14860361079872822,0.18069509883052567,0.032091488031797455
3,2010,BG27_3,BG27,462500.03912906913,6137499.887313023,Cluster 1,0.22119323564692064,0.23984911777469348,0.018655882127772833
3,2010,BG28_3,BG28,462500.0656512389,6142499.951349777,Cluster 1,0.21258470211073102,0.26747586532683887,0.05489116321610785
3,2010,BG29_3,BG29,462500.0848712415,6147499.9416772155,Cluster 3,0.15789545988761816,0.2636618262645857,0.10576636637696751
3,2010,BG30_3,BG30,467499.9967437505,6102499.680064469,Cluster 1,0.25219574118446964,0.3007332912374887,0.048537550053019074
3,2010,BG31_3,BG31,467499.9036355267,6107499.750328558,Cluster 1,0.261416990445994,0.2901156819886694,0.028698691542675403
3,2010,BG32_3,BG32,467499.9121467563,6112499.746075479,Cluster 1,0.26736341099834793,0.3154379466224946,0.04807453562414665
3,2010,BG33_3,BG33,467499.8958406751,6117499.779495673,Cluster 1,0.5230948362121649,0.6435873431126831,0.12049250690051816
3,2010,BG39_3,BG39,467500.0555185451,6147499.874007825,Cluster 3,0.1547946128472748,0.24375303230982348,0.08895841946254868
3,2010,BG41_3,BG41,472499.9268347365,6107499.810952676,Cluster 2,0.20133499633799723,0.21003361526377387,0.008698618925776641
3,2010,BG42_3,BG42,472499.9309190824,6112499.750577684,Cluster 1,0.2066362097170717,0.2607096174047596,0.054073407687687924
3,2010,BG43_3,BG43,472499.9588106177,6117499.838705269,Cluster 1,0.24376731864639786,0.3420566957773082,0.09828937713091032
3,2010,BG45_3,BG45,472500.0200716098,6127499.904365897,Cluster 1,0.29153426691399265,0.32951878045313665,0.037984513539144005
3,2010,BG49_3,BG49,472500.049228468,6147499.927300755,Cluster 3,0.1388315198447558,0.22384710118798823,0.08501558134323242
3,2010,BG50_3,BG50,477499.9973141816,6102499.728152928,Cluster 2,0.192521469144556,0.1939086342044666,0.0013871650599106
3,2010,BG54_3,BG54,477500.0126907495,6122499.818980278,Cluster 1,0.36678380451572196,0.4576479446954704,0.09086414017974842
3,2010,BG55_3,BG55,477500.0350917317,6127499.82340314,Cluster 1,0.20409942807012546,0.20580154928412017,0.0017021212139947117
3,2010,BG57_3,BG57,477500.0412068564,6137499.9440165525,Cluster 1,0.24428956632169344,0.3236625535582847,0.07937298723659128
3,2010,BG58_3,BG58,477500.0244174642,6142499.837590013,Cluster 3,0.2303720666869162,0.23431756065655535,0.003945493969639141
3,2010,BG59_3,BG59,477500.0804408138,6147499.879212277,Cluster 2,0.14449411037171878,0.17278787087073338,0.02829376049901461
3,2010,BG60_3,BG60,482499.9798820725,6102499.8077321,Cluster 2,0.1521385291004282,0.17905105591065762,0.02691252681022943
3,2010,BG61_3,BG61,482499.98409018014,6107499.848415741,Cluster 1,0.18281760735755379,0.18796589494117252,0.005148287583618738
3,2010,BG62_3,BG62,482499.97930829576,6112499.815047499,Cluster 1,0.2356055667545752,0.2615224411820613,0.02591687442748611
3,2010,BG63_3,BG63,482500.0298617688,6117499.818634525,Cluster 3,0.1504664775848732,0.1858741301406449,0.03540765255577172
3,2010,BG64_3,BG64,482500.00862455415,6122499.859659715,Cluster 2,0.1457150660130567,0.22425530502283542,0.07854023900977872
3,2010,BG65_3,BG65,482500.0426166273,6127499.826312609,Cluster 3,0.14997430673100548,0.20826889314679187,0.05829458641578639
3,2010,BG66_3,BG66,482500.00588300487,6132499.941644865,Cluster 1,0.18261155201112106,0.2390473264213346,0.05643577441021355
3,2010,BG67_3,BG67,482500.024270164,6137499.871273607,Cluster 3,0.17028298908921113,0.17230846939600153,0.002025480306790395
3,2010,BG68_3,BG68,482500.03539951664,6142499.837998828,Cluster 2,0.13613979074613347,0.19280230824115738,0.056662517495023906
3,2010,BG69_3,BG69,482500.039511587,6147499.841798756,Cluster 2,0.15430214356094163,0.16534603668063724,0.011043893119695614
3,2010,BG70_3,BG70,487500.0348421291,6102499.812978593,Cluster 2,0.155948953992666,0.20217104635128597,0.04622209235861996
3,2010,BG71_3,BG71,487499.9858600595,6107499.825717422,Cluster 2,0.15801138798439127,0.18088176175219162,0.02287037376780035
3,2010,BG72_3,BG72,487500.040200374,6112499.875297073,Cluster 3,0.16370049984860416,0.16448426317866272,7.837633300585567e-4
3,2010,BG73_3,BG73,487500.0064094621,6117499.850954274,Cluster 3,0.13780080454969723,0.2231169517015901,0.08531614715189287
3,2010,BG74_3,BG74,487500.0124000873,6122499.863588602,Cluster 2,0.1541743996692101,0.2325070443696986,0.07833264470048851
3,2010,BG75_3,BG75,487500.058190043,6127499.913178598,Cluster 2,0.1432150889396902,0.17930860550007305,0.03609351656038284
3,2010,BG76_3,BG76,487500.01661631186,6132499.888778622,Cluster 3,0.15579866131661316,0.251949644749001,0.09615098343238784
3,2010,BG77_3,BG77,487500.0151634949,6137499.901289857,Cluster 2,0.16468325094987044,0.24490440525785173,0.0802211543079813
3,2010,BG78_3,BG78,487500.05353123834,6142499.839403261,Cluster 3,0.1491061892002179,0.16316418454676115,0.014057995346543256
3,2010,BG79_3,BG79,487500.069157074,6147499.925851864,Cluster 2,0.14618417840858858,0.17094998803514116,0.024765809626552587
3,2010,BG80_3,BG80,492500.05033699406,6102499.744442296,Cluster 3,0.15692880762409503,0.18645186333258584,0.029523055708490814
3,2010,BG81_3,BG81,492500.01211780054,6107499.849601752,Cluster 2,0.1764496836548458,0.2142946182470133,0.03784493459216748
3,2010,BG82_3,BG82,492500.061323392,6112499.880421333,Cluster 3,0.18653157437157353,0.23317637178599937,0.04664479741442584
3,2010,BG83_3,BG83,492500.0068079907,6117499.837203838,Cluster 3,0.1518041917494778,0.22425956302921635,0.07245537127973856
3,2010,BG84_3,BG84,492500.03992750257,6122499.830883491,Cluster 2,0.13980365892070118,0.18345995309769975,0.04365629417699857
3,2010,BG85_3,BG85,492500.03347061033,6127499.861656778,Cluster 3,0.15731346528529902,0.20288301728678,0.04556955200148097
3,2010,BG86_3,BG86,492500.0510949549,6132499.929393534,Cluster 2,0.150233763152994,0.1985869640792265,0.04835320092623249
3,2010,BG87_3,BG87,492500.02925978525,6137499.922894773,Cluster 2,0.14483095405163884,0.20459287368784732,0.05976191963620847
3,2010,BG88_3,BG88,492500.0314784392,6142499.842027559,Cluster 2,0.1406476901904894,0.17698966493169213,0.03634197474120274
3,2010,BG89_3,BG89,492500.05814519007,6147499.909344381,Cluster 2,0.13843969605898102,0.20208719868449326,0.06364750262551225
3,2010,BG90_3,BG90,497500.04236272007,6102499.824620573,Cluster 2,0.16714291375645107,0.19422969589837544,0.027086782141924365
3,2010,BG91_3,BG91,497500.0145113976,6107499.808974277,Cluster 3,0.16032450886535413,0.18878010139727253,0.0284555925319184
3,2010,BG92_3,BG92,497500.05856603594,6112499.830354991,Cluster 3,0.1824134074473305,0.24343111265077455,0.061017705203444045
3,2010,BG93_3,BG93,497500.0470217283,6117499.888816063,Cluster 3,0.20412850037843355,0.2684455056105731,0.06431700523213957
3,2010,BG94_3,BG94,497500.04360713303,6122499.873015075,Cluster 3,0.15671912736530083,0.1933458004617478,0.03662667309644696
3,2010,BG95_3,BG95,497500.0483908097,6127499.894213497,Cluster 3,0.1749658063413971,0.2200367869629707,0.04507098062157358
3,2010,BG96_3,BG96,497500.0613110999,6132499.841104226,Cluster 2,0.16171179157148907,0.23943841057474444,0.077726619003255365
3,2010,BG97_3,BG97,497500.0191423166,6137499.936274155,Cluster 2,0.1404389676858398,0.2092984409540589,0.06885947326821909
3,2010,BG98_3,BG98,497500.04848340026,6142499.845767268,Cluster 2,0.14530841557318377,0.1907699155289685,0.04546149995578472
3,2010,BG99_3,BG99,497500.0228864452,6147499.903496731,Cluster 2,0.15378369615984652,0.2441132092310016,0.09032951307115508
3,2010,BH57_3,BH57,477500.0575189135,6087499.717403076,Cluster 1,0.3085882770426742,0.4050566222968068,0.09646834525413256
3,2010,BH58_3,BH58,477500.0309492611,6092499.683684505,Cluster 1,0.1930577278436449,0.2480193544487574,0.0549616266051125
3,2010,BH59_3,BH59,477500.0107989607,6097499.687274866,Cluster 2,0.18002550836989534,0.199906777898994,0.01988126952909866
3,2010,BH66_3,BH66,482500.0001891313,6082499.794663963,Cluster 1,0.2804300742063423,0.3382400209585538,0.057809946752211516
3,2010,BH67_3,BH67,482500.0408449325,6087499.686214566,Cluster 1,0.2266162532435964,0.28192464750829277,0.05530839426469636
3,2010,BH68_3,BH68,482500.0724313329,6092499.726358123,Cluster 3,0.1727570388981219,0.18165133099121683,0.008894292093094919
3,2010,BH69_3,BH69,482500.03038015234,6097499.692768536,Cluster 3,0.16259390035857776,0.17836915474004342,0.015775254381465653
3,2010,BH76_3,BH76,487500.048187175,6082499.800443771,Cluster 1,0.3234657025241133,0.37317022534994987,0.049704522825836595
3,2010,BH77_3,BH77,487500.03415061906,6087499.77562375,Cluster 3,0.16175031047530616,0.21072774386767826,0.048977433392372094
3,2010,BH78_3,BH78,487500.0592190939,6092499.787910184,Cluster 2,0.14393951791645015,0.1899573728652506,0.04601785494880045
3,2010,BH79_3,BH79,487500.0591634151,6097499.726182375,Cluster 3,0.1819398160169926,0.20955159217035796,0.027611776153365353
3,2010,BH86_3,BH86,492500.0572634925,6082499.806664651,Cluster 1,0.26381817169084215,0.2802814490095561,0.016463277318713943
3,2010,BH87_3,BH87,492500.0521481735,6087499.763193937,Cluster 3,0.15210072687265386,0.25358584837947357,0.10148512150681971
3,2010,BH88_3,BH88,492500.0706003756,6092499.756857703,Cluster 2,0.16722250131069463,0.18219124335595221,0.014968742045257583
3,2010,BH89_3,BH89,492500.0486974856,6097499.7877438655,Cluster 3,0.14659739502339167,0.21752282703810227,0.0709254320147106
3,2010,BH96_3,BH96,497500.0428692315,6082499.813263592,Cluster 2,0.21593383158109844,0.2752583787308555,0.05932454714975707
3,2010,BH97_3,BH97,497500.0466593011,6087499.76039121,Cluster 2,0.16741993111893627,0.18392915862762985,0.016509227508693575
3,2010,BH98_3,BH98,497500.05847944214,6092499.74466746,Cluster 2,0.17238109034614504,0.17339096806427565,0.001009877718130603
3,2010,BH99_3,BH99,497500.0144000943,6097499.766108859,Cluster 3,0.20545985492061095,0.2584433525812235,0.05298349766061253
3,2010,CC04_3,CC04,502500.0151027321,6322499.626328963,Cluster 3,0.24736342433953065,0.3092784849253831,0.06191506058585247
3,2010,CC05_3,CC05,502500.0189406716,6327499.550508512,Cluster 1,0.2696889176543318,0.2805352074700356,0.010846289815703791
3,2010,CC06_3,CC06,502500.0141727327,6332499.622039415,Cluster 3,0.20321698291212592,0.2433520927171508,0.04013510980502488
3,2010,CD00_3,CD00,502500.05650963914,6252499.699439128,Cluster 2,0.14219612209864493,0.18251935790708085,0.040323235808435914
3,2010,CD01_3,CD01,502500.0548085185,6257499.673018353,Cluster 2,0.14030011268505896,0.15474935451275815,0.014449241827699189
3,2010,CD02_3,CD02,502500.0449077099,6262499.682977954,Cluster 3,0.1582027563946024,0.17128568023620652,0.013082923841604116
3,2010,CD03_3,CD03,502500.0268036657,6267499.729294267,Cluster 3,0.1600173697379355,0.28703893604706365,0.12702156630912814
3,2010,CD04_3,CD04,502500.0619632011,6272499.700669883,Cluster 3,0.13178708236311185,0.19544983691460058,0.06366275455148873
3,2010,CD05_3,CD05,502500.0274329878,6277499.708317954,Cluster 3,0.12339428023532592,0.16792258646617794,0.04452830623085202
3,2010,CD06_3,CD06,502500.04595014855,6282499.752284697,Cluster 2,0.15318397821675384,0.19973173998383736,0.04654776176708353
3,2010,CD07_3,CD07,502500.0561681533,6287499.721199877,Cluster 2,0.16332370193307685,0.16565517977388625,0.002331477840809393
3,2010,CD08_3,CD08,502499.9969046276,6292499.726313779,Cluster 1,0.1867716715295921,0.18921383385908944,0.002442162329497344
3,2010,CD09_3,CD09,502499.9905232744,6297499.656359702,Cluster 3,0.15914903734163854,0.17912563900595085,0.01997660166431231
3,2010,CE00_3,CE00,502500.0615268304,6202499.744005174,Cluster 3,0.17809501226216398,0.25123414885577605,0.07313913659361207
3,2010,CE01_3,CE01,502500.0785219833,6207499.797640791,Cluster 3,0.1744813338449496,0.23775010452034775,0.06326877067539816
3,2010,CE02_3,CE02,502500.02528104605,6212499.776561091,Cluster 3,0.17649703009797102,0.27545502740000494,0.09895799730203392
3,2010,CE03_3,CE03,502500.0263673985,6217499.792110339,Cluster 2,0.14222381783925458,0.17077161885902412,0.02854780101976953
3,2010,CE04_3,CE04,502500.0816227665,6222499.732965122,Cluster 2,0.17448058377375097,0.19130332295802133,0.016822739184270352
3,2010,CE05_3,CE05,502500.0666420697,6227499.710331745,Cluster 2,0.14434898284524875,0.16497156444640315,0.020622581601154405
3,2010,CE06_3,CE06,502500.04362767225,6232499.724222039,Cluster 2,0.1388388548087082,0.18978817431825581,0.05094931950954762
3,2010,CE07_3,CE07,502500.07449190767,6237499.774647816,Cluster 2,0.150231589604367,0.20595044789581604,0.05571885829144904
3,2010,CE08_3,CE08,502500.0353899611,6242499.750212144,Cluster 3,0.20717040024808478,0.22535895273106946,0.018188552482984677
3,2010,CE09_3,CE09,502500.05001462775,6247499.762263852,Cluster 2,0.13869716714336974,0.16545113952488025,0.026753972381510505
3,2010,CF01_3,CF01,502500.0534417037,6157499.800205615,Cluster 2,0.16864337408727959,0.26497117435630685,0.09632780026902726
3,2010,CF02_3,CF02,502500.07869880326,6162499.857095068,Cluster 2,0.19458319145171085,0.19726423272839844,0.0026810412766875846
3,2010,CF03_3,CF03,502500.0332440928,6167499.839482369,Cluster 2,0.2175365291315952,0.21923757803181868,0.0017010489002234619
3,2010,CF04_3,CF04,502500.04300302034,6172499.747412451,Cluster 3,0.16848296500643045,0.21886675193684907,0.05038378693041862
3,2010,CF05_3,CF05,502500.04484904365,6177499.803412706,Cluster 2,0.15001576791277216,0.21419669643272657,0.06418092851995441
3,2010,CF06_3,CF06,502500.0389016604,6182499.78487528,Cluster 3,0.1566120998847774,0.1617783674819507,0.005166267597173313
3,2010,CF07_3,CF07,502500.0250959793,6187499.803070416,Cluster 2,0.16084231622889103,0.16978903263723943,0.008946716408348404
3,2010,CF08_3,CF08,502500.0660579465,6192499.746714847,Cluster 3,0.14810141907568627,0.21289927910446907,0.0647978600287828
3,2010,CF09_3,CF09,502500.0365151213,6197499.727010743,Cluster 3,0.13759738148111034,0.16402137389134935,0.026423992410239017
3,2010,CB80_3,CB80,542499.6620958119,6352499.629923955,Cluster 3,0.12677690485310897,0.16154703021600547,0.034770125362896503
3,2010,CB81_3,CB81,542499.628879245,6357499.699695451,Cluster 3,0.14332423795605195,0.20308790151945655,0.059763663563404595
3,2010,CB90_3,CB90,547499.7045161797,6352499.721157329,Cluster 2,0.1395013482645341,0.14431332748159897,0.004811979217064888
3,2010,CB91_3,CB91,547499.6539340164,6357499.662049337,Cluster 2,0.15839414892826467,0.2090123052315108,0.05061815630324612
3,2010,CB92_3,CB92,547499.671851043,6362499.752101463,Cluster 2,0.14063802279239715,0.20252184410383625,0.0618838213114391
3,2010,CB93_3,CB93,547499.6398579371,6367499.76725467,Cluster 2,0.14778512715747272,0.15936999903094223,0.011584871873469516
3,2010,CC14_3,CC14,507499.94254047045,6322499.647839415,Cluster 1,0.28439358890645144,0.3456116687141084,0.06121807980765698
3,2010,CC15_3,CC15,507499.9713143852,6327499.582203945,Cluster 2,0.16393375496248871,0.18828264074950046,0.024348885787011748
3,2010,CC16_3,CC16,507499.97378503287,6332499.552584106,Cluster 2,0.18963011810077102,0.21955303612885171,0.029922918028080697
3,2010,CC20_3,CC20,512499.9740781955,6302499.678350093,Cluster 3,0.17115579097416078,0.20872964963888788,0.037573858664727094
3,2010,CC21_3,CC21,512499.9587580677,6307499.711003006,Cluster 3,0.20074092553092013,0.21064530961678926,0.009904384085869133
3,2010,CC23_3,CC23,512499.9200418585,6317499.662266049,Cluster 1,0.21048240968365803,0.24331192730828471,0.032829517624626686
3,2010,CC24_3,CC24,512499.9569946417,6322499.581005044,Cluster 3,0.1596262034809006,0.1762131050109898,0.01658690153008921
3,2010,CC25_3,CC25,512499.94971320574,6327499.647067015,Cluster 2,0.13000711197482967,0.19051406095147974,0.06050694897665007
3,2010,CC26_3,CC26,512499.89918050665,6332499.526474841,Cluster 2,0.236832009570261,0.24763855089298062,0.010806541322719632
3,2010,CC30_3,CC30,517499.937743111,6302499.734448258,Cluster 3,0.1434769799962443,0.23164620965917945,0.08816922966293514
3,2010,CC31_3,CC31,517499.9573913391,6307499.68638883,Cluster 3,0.1686503846728096,0.2474220028616463,0.07877161818883671
3,2010,CC32_3,CC32,517499.9160470478,6312499.67435963,Cluster 3,0.14486928878339497,0.16140550006433824,0.016536211280943264
3,2010,CC33_3,CC33,517499.9351837722,6317499.698844893,Cluster 1,0.17913993394483108,0.2178896787925748,0.03874974484774371
3,2010,CC34_3,CC34,517499.8934505895,6322499.647993909,Cluster 2,0.14652686522438926,0.1988461476710623,0.05231928244667303
3,2010,CC35_3,CC35,517499.91156198527,6327499.6336058555,Cluster 2,0.14879144295254365,0.14911924198948187,3.2779903693822e-4
3,2010,CC36_3,CC36,517499.868461167,6332499.543827721,Cluster 3,0.19322000038764311,0.20096426777457058,0.007744267386927461
3,2010,CC40_3,CC40,522499.9010986991,6302499.772105485,Cluster 3,0.14015738765075844,0.15301789343615946,0.012860505785401016
3,2010,CC41_3,CC41,522499.8946037454,6307499.76462174,Cluster 3,0.13872673938757904,0.16453145664526453,0.02580471725768549
3,2010,CC42_3,CC42,522499.93192246224,6312499.682440375,Cluster 2,0.14132305002737758,0.18187083049128444,0.04054778046390686
3,2010,CC43_3,CC43,522499.8904843816,6317499.636193218,Cluster 1,0.17072893854943166,0.17689670931964213,0.006167770770210468
3,2010,CC44_3,CC44,522499.8916093368,6322499.626510591,Cluster 2,0.15283836822104377,0.15967744039671036,0.006839072175666594
3,2010,CC45_3,CC45,522499.87422067544,6327499.653039125,Cluster 2,0.17363743218850952,0.21610792339921062,0.042470491210701095
3,2010,CC46_3,CC46,522499.83866884856,6332499.604435725,Cluster 3,0.1534873856149207,0.23603951116958288,0.08255212555466218
3,2010,CC50_3,CC50,527499.8816415456,6302499.791260103,Cluster 3,0.14051125980900755,0.15468637865045795,0.014175118841450396
3,2010,CC51_3,CC51,527499.9107610129,6307499.723595708,Cluster 3,0.15253944409722675,0.17287466891558478,0.020335224818358033
3,2010,CC52_3,CC52,527499.9046872742,6312499.692205453,Cluster 2,0.14490380542125136,0.15895959194773485,0.014055786526483482
3,2010,CC53_3,CC53,527499.86315966025,6317499.697063427,Cluster 2,0.1450201410382685,0.14720437640099882,0.0021842353627303246
3,2010,CC54_3,CC54,527499.8473306855,6322499.627229618,Cluster 3,0.19129338960028613,0.19397622798383593,0.002682838383549796
3,2010,CC55_3,CC55,527499.795382189,6327499.593590726,Cluster 2,0.14094012912347298,0.1497593508172629,0.00881922169378993
3,2010,CC56_3,CC56,527499.8281139306,6332499.59692409,Cluster 3,0.18536006651333703,0.1920231805149969,0.0066631140016598644
3,2010,CC57_3,CC57,527499.7634533717,6337499.635998681,Cluster 2,0.21372701819810708,0.24287104060432482,0.029144022406217746
3,2010,CC60_3,CC60,532499.8968679683,6302499.791890076,Cluster 3,0.11364254447151143,0.2086984906982612,0.09505594622674979
3,2010,CC61_3,CC61,532499.8393510462,6307499.784713652,Cluster 3,0.16444977704635305,0.2876012026133399,0.12315142556698683
3,2010,CC62_3,CC62,532499.8518622435,6312499.703415073,Cluster 3,0.128033738067293,0.21658895701974024,0.08855521895244722
3,2010,CC63_3,CC63,532499.8104598847,6317499.769646129,Cluster 3,0.17883705904101652,0.1953422952915528,0.016505236250536293
3,2010,CC64_3,CC64,532499.8388375221,6322499.6503872825,Cluster 1,0.16809240862482297,0.21575885292648728,0.04766644430166431
3,2010,CC65_3,CC65,532499.8124718731,6327499.678605539,Cluster 3,0.16488230078074315,0.16977295231060602,0.004890651529862872
3,2010,CC66_3,CC66,532499.7933676881,6332499.632118677,Cluster 2,0.15861108571976326,0.16711296444833262,0.008501878728569362
3,2010,CC67_3,CC67,532499.7801655097,6337499.62221521,Cluster 3,0.22155826664925357,0.23572229571002035,0.014164029060766775
3,2010,CC68_3,CC68,532499.7119922304,6342499.6483931905,Cluster 2,0.20870289914421375,0.2602738188236768,0.051570919679463034
3,2010,CC70_3,CC70,537499.842333892,6302499.772919597,Cluster 3,0.1402464927087199,0.22087487259461583,0.08062837988589594
3,2010,CC71_3,CC71,537499.8212735428,6307499.726024116,Cluster 3,0.17561260777578203,0.3166636963701192,0.14105108859433718
3,2010,CC72_3,CC72,537499.8517914551,6312499.716416673,Cluster 3,0.1307775471778673,0.25554129194580233,0.12476374476793503
3,2010,CC75_3,CC75,537499.7628460178,6327499.684050063,Cluster 3,0.15875461276921035,0.2643422486668991,0.10558763589768874
3,2010,CC76_3,CC76,537499.7520002894,6332499.709823327,Cluster 2,0.13770903320421873,0.15336556768367696,0.015656534479458223
3,2010,CC77_3,CC77,537499.7302975287,6337499.660885921,Cluster 3,0.186406321113394,0.22479076232642675,0.03838444121303275
3,2010,CC78_3,CC78,537499.6962343298,6342499.648525652,Cluster 2,0.16114465691036298,0.2405964700788391,0.07945181316847613
3,2010,CC79_3,CC79,537499.7096245649,6347499.673264503,Cluster 2,0.17993540094886817,0.19661328040553155,0.01667787945666338
3,2010,CC80_3,CC80,542499.8563424866,6302499.84651723,Cluster 3,0.15890472610584927,0.3013312675978151,0.14242654149196582
3,2010,CC81_3,CC81,542499.811273352,6307499.769589547,Cluster 3,0.11064583788971172,0.17750817310387532,0.0668623352141636
3,2010,CC82_3,CC82,542499.7992118956,6312499.841340819,Cluster 3,0.1285490861793997,0.1481798517018843,0.019630765522484606
3,2010,CC83_3,CC83,542499.7620913137,6317499.727188424,Cluster 2,0.1343953513038436,0.15586110268809722,0.021465751384253606
3,2010,CC84_3,CC84,542499.7566802504,6322499.7616613405,Cluster 2,0.20290672127821632,0.20511097721980712,0.0022042559415907936
3,2010,CC85_3,CC85,542499.7239279284,6327499.721485542,Cluster 3,0.1822647547578631,0.20357032539370856,0.021305570635845456
3,2010,CC86_3,CC86,542499.7227246305,6332499.718567566,Cluster 3,0.17038555929735516,0.21396397927723598,0.04357841997988082
3,2010,CC87_3,CC87,542499.6930338388,6337499.640942774,Cluster 3,0.1718367146161143,0.19552860141035455,0.023691886794240252
3,2010,CC88_3,CC88,542499.6924473802,6342499.711836177,Cluster 1,0.1955278764594672,0.21183912531162205,0.016311248852154847
3,2010,CC89_3,CC89,542499.7225329417,6347499.708588393,Cluster 2,0.12961111852563462,0.15559715587341424,0.025986037347779628
3,2010,CC90_3,CC90,547499.8365771989,6302499.788772783,Cluster 3,0.14022675180181898,0.24912660050229657,0.10889984870047759
3,2010,CC91_3,CC91,547499.8277234574,6307499.803976223,Cluster 3,0.18995914370421046,0.3268089697621772,0.13684982605796675
3,2010,CC92_3,CC92,547499.7746032869,6312499.855917229,Cluster 3,0.11490058205889465,0.18894207811720123,0.07404149605830658
3,2010,CC93_3,CC93,547499.7994806129,6317499.834643529,Cluster 3,0.13158434720809192,0.1625621992991238,0.030977852091031877
3,2010,CC94_3,CC94,547499.719378153,6322499.738043602,Cluster 1,0.1760069535249486,0.1865246343511324,0.01051768082618379
3,2010,CC95_3,CC95,547499.7132742624,6327499.790795946,Cluster 1,0.19171562878947973,0.21744475753302356,0.025729128743543828
3,2010,CC96_3,CC96,547499.7222361609,6332499.769553138,Cluster 3,0.12628889975232208,0.23364761680691434,0.10735871705459227
3,2010,CC97_3,CC97,547499.6838005685,6337499.784904589,Cluster 3,0.1292289644536313,0.20144786866037587,0.07221890420674457
3,2010,CC98_3,CC98,547499.7195078448,6342499.7268970525,Cluster 3,0.14419647209594466,0.20731526712245013,0.06311879502650547
3,2010,CC99_3,CC99,547499.706504553,6347499.705425574,Cluster 3,0.18513429167796347,0.18686523981800118,0.0017309481400377136
3,2010,CD10_3,CD10,507500.00067667133,6252499.692961532,Cluster 3,0.14760432260530687,0.16622498227574958,0.018620659670442713
3,2010,CD11_3,CD11,507500.0220085052,6257499.676381406,Cluster 3,0.13755287911877825,0.16361569859725975,0.02606281947848149
3,2010,CD12_3,CD12,507500.0180652209,6262499.696165513,Cluster 3,0.12218028010326593,0.17446356867302987,0.05228328856976394
3,2010,CD13_3,CD13,507500.0503155149,6267499.752397923,Cluster 3,0.15116757890563212,0.17025667013942922,0.019089091233797095
3,2010,CD14_3,CD14,507499.9959119025,6272499.733530455,Cluster 3,0.16633697991489407,0.20024016894281685,0.033903189027922775
3,2010,CD15_3,CD15,507500.0388689106,6277499.7511699125,Cluster 3,0.1548840637639028,0.1749259632611603,0.020041899497257515
3,2010,CD16_3,CD16,507499.995151334,6282499.693658245,Cluster 2,0.15816081662696596,0.23935671626261176,0.0811958996356458
3,2010,CD17_3,CD17,507499.98714753694,6287499.67249593,Cluster 3,0.13455939558229651,0.2112576477485671,0.07669825216627058
3,2010,CD18_3,CD18,507500.0146276354,6292499.687658906,Cluster 2,0.16046594805651335,0.1929965717616765,0.03253062370516316
3,2010,CD20_3,CD20,512500.031700168,6252499.678930431,Cluster 3,0.14560519737372732,0.23838708331982522,0.0927818859460979
3,2010,CD21_3,CD21,512500.01438471023,6257499.682042768,Cluster 3,0.1689548932892772,0.21501809440237227,0.04606320111309506
3,2010,CD22_3,CD22,512500.0164166468,6262499.721667139,Cluster 2,0.17219579972071372,0.19081965403607415,0.018623854315360427
3,2010,CD23_3,CD23,512499.9764066874,6267499.686291468,Cluster 3,0.1729670248069309,0.2418269288622374,0.06885990405530648
3,2010,CD24_3,CD24,512500.01682432264,6272499.687559193,Cluster 3,0.14082332928314037,0.16952207295178479,0.028698743668644416
3,2010,CD26_3,CD26,512500.0311430825,6282499.687715276,Cluster 3,0.1606261600111719,0.16803107536003284,0.007404915348860952
3,2010,CD28_3,CD28,512499.9968010931,6292499.721756237,Cluster 3,0.14541411444172808,0.19041193201589943,0.044997817574171345
3,2010,CD29_3,CD29,512500.0070516916,6297499.681986718,Cluster 2,0.1795947293350114,0.18256726104800122,0.0029725317129898343
3,2010,CD30_3,CD30,517499.9810075786,6252499.76818393,Cluster 3,0.15792316674875734,0.20012489867025302,0.04220173192149568
3,2010,CD31_3,CD31,517499.9873017802,6257499.689823826,Cluster 3,0.1292447252590883,0.16040160587743912,0.031156880618350813
3,2010,CD32_3,CD32,517499.9954113456,6262499.759304405,Cluster 3,0.12309756894034302,0.20715619420832368,0.08405862526798066
3,2010,CD33_3,CD33,517500.0060077057,6267499.753989291,Cluster 3,0.13692617099508722,0.23290574433675582,0.0959795733416686
3,2010,CD34_3,CD34,517499.95698225294,6272499.784906531,Cluster 3,0.13505234873709468,0.19959300516517836,0.06454065642808368
3,2010,CD36_3,CD36,517499.98719161353,6282499.733989379,Cluster 3,0.15134562496863926,0.18709788866168456,0.035752263693045294
3,2010,CD37_3,CD37,517500.0039983928,6287499.763160197,Cluster 2,0.13008642214767535,0.15433467697816114,0.024248254830485788
3,2010,CD38_3,CD38,517499.96096102183,6292499.717152444,Cluster 2,0.13386984330516336,0.1568799079054124,0.02301006460024904
3,2010,CD39_3,CD39,517499.9796768343,6297499.707759489,Cluster 3,0.13439328750788215,0.2059666246108211,0.07157333710293895
3,2010,CD40_3,CD40,522499.9897546972,6252499.738438926,Cluster 3,0.18584137845957915,0.253769448356176,0.06792806989659683
3,2010,CD41_3,CD41,522499.9577492953,6257499.699618638,Cluster 3,0.14820972951299544,0.2392891228519623,0.09107939333896686
3,2010,CD42_3,CD42,522499.9726405925,6262499.6976654865,Cluster 2,0.1515429799153167,0.15456950286112026,0.0030265229458035503
3,2010,CD43_3,CD43,522499.9724788307,6267499.732229277,Cluster 3,0.18237809119543968,0.29233547938717824,0.10995738819173856
3,2010,CD44_3,CD44,522499.9570123789,6272499.803285507,Cluster 2,0.13338492645894653,0.14467792199936083,0.011292995540414297
3,2010,CD45_3,CD45,522499.9265822344,6277499.799500932,Cluster 2,0.15889380150000362,0.18776968586805973,0.028875884368056104
3,2010,CD46_3,CD46,522499.9422009157,6282499.72117526,Cluster 2,0.13892209467727443,0.16273035865682264,0.023808263979548216
3,2010,CD47_3,CD47,522499.94102253095,6287499.790575308,Cluster 3,0.1326731812972533,0.1710402441048577,0.03836706280760441
3,2010,CD48_3,CD48,522499.9239833698,6292499.785056509,Cluster 2,0.14814345189518655,0.1639255640811753,0.015782112185988767
3,2010,CD49_3,CD49,522499.95187649434,6297499.704918779,Cluster 2,0.13319786544128306,0.1564612522467637,0.023263386805480624
3,2010,CD50_3,CD50,527499.9511970772,6252499.700352971,Cluster 3,0.15668743774567256,0.2655294681718855,0.10884203042621293
3,2010,CD51_3,CD51,527499.9427165891,6257499.711358914,Cluster 3,0.1636429205045916,0.2399280812712386,0.07628516076664701
3,2010,CD52_3,CD52,527499.9640577937,6262499.75929551,Cluster 3,0.12668637955990417,0.21183219687837554,0.08514581731847137
3,2010,CD53_3,CD53,527499.9539858935,6267499.732432754,Cluster 3,0.1299328804080608,0.1713586505904933,0.041425770182432486
3,2010,CD54_3,CD54,527499.9115217607,6272499.742050619,Cluster 3,0.12239326254345555,0.23365934441385136,0.11126608187039581
3,2010,CD55_3,CD55,527499.8977407311,6277499.788523502,Cluster 3,0.1498147727456141,0.16906241659793572,0.01924764385232161
3,2010,CD56_3,CD56,527499.9128910928,6282499.76051782,Cluster 3,0.14957066770082894,0.19193198783473128,0.04236132013390234
3,2010,CD57_3,CD57,527499.8945820702,6287499.768916321,Cluster 3,0.1302225658288705,0.15008157729487298,0.01985901146600247
3,2010,CD58_3,CD58,527499.9036695738,6292499.81409373,Cluster 2,0.1446002257439481,0.23353144410344884,0.08893121835950074
3,2010,CD59_3,CD59,527499.9404047114,6297499.784713762,Cluster 2,0.14178466115010205,0.16155651113834327,0.01977184998824122
3,2010,CD60_3,CD60,532499.9431598982,6252499.765451516,Cluster 3,0.15358530944687498,0.27747934600765134,0.12389403656077635
3,2010,CD61_3,CD61,532499.8975667739,6257499.724542583,Cluster 3,0.12380402222010863,0.23166481400359426,0.10786079178348564
3,2010,CD62_3,CD62,532499.9264218447,6262499.721080979,Cluster 3,0.13727567107442154,0.2021719378750722,0.06489626680065066
3,2010,CD63_3,CD63,532499.9060614218,6267499.754098765,Cluster 3,0.13637535307103935,0.2153585443382931,0.07898319126725376
3,2010,CD64_3,CD64,532499.8984825077,6272499.712735584,Cluster 2,0.13883695755388936,0.1633965604712876,0.024559602917398227
3,2010,CD65_3,CD65,532499.9014897305,6277499.819579325,Cluster 2,0.14092026033526162,0.15562632379888505,0.014706063463623437
3,2010,CD66_3,CD66,532499.9171695623,6282499.740681873,Cluster 3,0.12435724414815237,0.20687567947942015,0.08251843533126778
3,2010,CD67_3,CD67,532499.8812754106,6287499.809468063,Cluster 3,0.11656012328261672,0.18683622644407002,0.0702761031614533
3,2010,CD68_3,CD68,532499.9174908885,6292499.804240393,Cluster 2,0.1510865835363576,0.20760209164927074,0.05651550811291314
3,2010,CD69_3,CD69,532499.9030293231,6297499.72402499,Cluster 3,0.1355304207134224,0.16377861075403394,0.028248190040611548
3,2010,CD70_3,CD70,537499.9224899263,6252499.710588921,Cluster 3,0.14277831276248212,0.2304494247847815,0.08767111202229938
3,2010,CD71_3,CD71,537499.9009141074,6257499.739502609,Cluster 3,0.21181087679648905,0.3606691716066274,0.14885829481013838
3,2010,CD72_3,CD72,537499.8761429818,6262499.694117894,Cluster 3,0.12784306454071717,0.2520072714146372,0.12416420687392002
3,2010,CD73_3,CD73,537499.8457173071,6267499.797017795,Cluster 3,0.1483264221201751,0.2254728423107337,0.07714642019055859
3,2010,CD74_3,CD74,537499.8735113181,6272499.714805415,Cluster 3,0.13632230602066345,0.20433934916643007,0.06801704314576662
3,2010,CD75_3,CD75,537499.8945203188,6277499.780826929,Cluster 3,0.12869350844563987,0.15301177361107282,0.02431826516543295
3,2010,CD76_3,CD76,537499.8489667726,6282499.771897683,Cluster 3,0.14033953083259484,0.15085373629316157,0.010514205460566722
3,2010,CD77_3,CD77,537499.8579666234,6287499.800388882,Cluster 2,0.14651138604899253,0.1704397950129071,0.02392840896391457
3,2010,CD78_3,CD78,537499.8606860194,6292499.754419795,Cluster 2,0.15642757024896695,0.16850681700287568,0.012079246753908729
3,2010,CD79_3,CD79,537499.8556398308,6297499.745272113,Cluster 3,0.12422629121504958,0.14953663523547217,0.025310344020422593
3,2010,CD80_3,CD80,542499.9043316353,6252499.758197298,Cluster 3,0.1401590734067096,0.21539899252639189,0.07523991911968228
3,2010,CD81_3,CD81,542499.9081204964,6257499.755666731,Cluster 3,0.1764176804797145,0.3146745606312739,0.1382568801515594
3,2010,CD82_3,CD82,542499.8906583615,6262499.790154996,Cluster 3,0.15294117714697564,0.16116146508251133,0.008220287935535697
3,2010,CD83_3,CD83,542499.8525639324,6267499.7503311,Cluster 3,0.129962855555339,0.21124663418294637,0.08128377862760736
3,2010,CD84_3,CD84,542499.8536315641,6272499.748089695,Cluster 3,0.15016384451474432,0.25694598078929315,0.10678213627454883
3,2010,CD85_3,CD85,542499.8318074815,6277499.782787062,Cluster 3,0.14946635705265343,0.15085163207319993,0.0013852750205465003
3,2010,CD86_3,CD86,542499.848977515,6282499.74370801,Cluster 2,0.13739008782697654,0.15592192757966555,0.018531839752689017
3,2010,CD87_3,CD87,542499.8409872162,6287499.852821364,Cluster 2,0.1491059575123979,0.2226082424233453,0.07350228491094737
3,2010,CD88_3,CD88,542499.8718291062,6292499.776795781,Cluster 3,0.13720676989859976,0.1616813985498634,0.024474628651263652
3,2010,CD89_3,CD89,542499.8153189467,6297499.848290001,Cluster 3,0.10941676741714336,0.18549006711856963,0.07607329970142628
3,2010,CD90_3,CD90,547499.9077536316,6252499.685534189,Cluster 3,0.13306138098549217,0.2124191701812354,0.07935778919574324
3,2010,CD91_3,CD91,547499.8745462188,6257499.772209364,Cluster 3,0.17179483230404455,0.31499459459101975,0.1431997622869752
3,2010,CD92_3,CD92,547499.8659603776,6262499.785287277,Cluster 3,0.12018295279422725,0.2226318602111182,0.10244890741689094
3,2010,CD93_3,CD93,547499.8197961848,6267499.724049108,Cluster 3,0.11579404419267059,0.2097585410566893,0.09396449686401873
3,2010,CD94_3,CD94,547499.7944576344,6272499.811765392,Cluster 3,0.13126700158057625,0.16453613020296276,0.03326912862238651
3,2010,CD95_3,CD95,547499.7917206177,6277499.825801136,Cluster 3,0.17132206063425479,0.30645157346096336,0.13512951282670857
3,2010,CD96_3,CD96,547499.8108651892,6282499.766127534,Cluster 3,0.11787469912595969,0.17613682781724166,0.05826212869128197
3,2010,CD97_3,CD97,547499.8486541302,6287499.855329811,Cluster 2,0.1345666416596094,0.16843969432376976,0.03387305266416035
3,2010,CD98_3,CD98,547499.8457579509,6292499.870075763,Cluster 3,0.19649472406462676,0.23796085504979778,0.04146613098517102
3,2010,CD99_3,CD99,547499.8016743321,6297499.8103351565,Cluster 3,0.17637163999714608,0.24349916947961997,0.06712752948247389
3,2010,CE10_3,CE10,507500.0262864438,6202499.752100389,Cluster 3,0.16302116457844068,0.19852196301441533,0.035500798435974645
3,2010,CE11_3,CE11,507500.0477176856,6207499.815339364,Cluster 3,0.17404854883849763,0.2704337771532346,0.09638522831473695
3,2010,CE12_3,CE12,507500.04475203936,6212499.8038825905,Cluster 3,0.1412768702747712,0.21849573201929645,0.07721886174452525
3,2010,CE13_3,CE13,507500.07958559337,6217499.717812039,Cluster 3,0.1382755031667106,0.23488917821808972,0.0966136750513791
3,2010,CE14_3,CE14,507500.0273397176,6222499.77948883,Cluster 3,0.15092016207041906,0.16869916519870964,0.017779003128290588
3,2010,CE15_3,CE15,507500.07478817966,6227499.766611712,Cluster 2,0.131000556231251,0.18815789589237825,0.05715733966112724
3,2010,CE16_3,CE16,507500.0353278538,6232499.79013519,Cluster 2,0.17886959500401894,0.2019452350317793,0.023075640027760358
3,2010,CE17_3,CE17,507500.0331905386,6237499.73894793,Cluster 3,0.2026187609905691,0.20573857009608135,0.003119809105512239
3,2010,CE18_3,CE18,507500.06795502856,6242499.724328115,Cluster 3,0.16028066578410075,0.222378690074491,0.06209802429039024
3,2010,CE19_3,CE19,507500.01585132466,6247499.746037214,Cluster 2,0.14725475013199285,0.18826991923232966,0.04101516910033681
3,2010,CE20_3,CE20,512500.0778718726,6202499.765489041,Cluster 2,0.17317564757420256,0.1882273533556961,0.015051705781493535
3,2010,CE21_3,CE21,512500.0416534956,6207499.736611552,Cluster 3,0.1824738175611088,0.2639325347526878,0.08145871719157899
3,2010,CE22_3,CE22,512500.08898064535,6212499.744663644,Cluster 3,0.18615663800463797,0.24835275135123605,0.06219611334659808
3,2010,CE23_3,CE23,512500.0327829848,6217499.789083581,Cluster 3,0.1521297627142741,0.1776617494373199,0.025531986723045796
3,2010,CE24_3,CE24,512500.0599824369,6222499.759086974,Cluster 3,0.1375434890124483,0.16711650848941276,0.029573019476964446
3,2010,CE25_3,CE25,512500.045683016,6227499.765589996,Cluster 2,0.1277670903872138,0.1713720240714136,0.04360493368419982
3,2010,CE26_3,CE26,512500.05217830365,6232499.697447278,Cluster 2,0.18115957702682856,0.21595921112462996,0.0347996340978014
3,2010,CE27_3,CE27,512500.0166706834,6237499.77705867,Cluster 3,0.15483792978900413,0.18353470955637385,0.02869677976736973
3,2010,CE28_3,CE28,512500.06347564154,6242499.782156218,Cluster 3,0.14371888058746515,0.21055875602578883,0.06683987543832368
3,2010,CE29_3,CE29,512500.0068288046,6247499.712173496,Cluster 2,0.1585083461004885,0.184802859740258,0.026294513639769507
3,2010,CE30_3,CE30,517500.0454849072,6202499.78370307,Cluster 3,0.15266414365412725,0.22149092589230776,0.0688267822381805
3,2010,CE31_3,CE31,517500.0763001169,6207499.784124023,Cluster 3,0.13790463192810937,0.16583027456685612,0.02792564263874675
3,2010,CE32_3,CE32,517500.0498415911,6212499.709770298,Cluster 3,0.16981648194198984,0.18770442264634452,0.017887940704354677
3,2010,CE33_3,CE33,517500.0895961484,6217499.78371891,Cluster 3,0.16875667074958403,0.17263219479633235,0.0038755240467483187
3,2010,CE34_3,CE34,517500.07173813885,6222499.7828447055,Cluster 2,0.1389193571838592,0.1829539172877902,0.044034560103931
3,2010,CE35_3,CE35,517500.0583055991,6227499.707374013,Cluster 3,0.17566705353786016,0.21405603122459682,0.03838897768673666
3,2010,CE36_3,CE36,517500.0481509513,6232499.779884519,Cluster 2,0.22912094990743948,0.23835827607168603,0.009237326164246551
3,2010,CE37_3,CE37,517500.0419372872,6237499.777750103,Cluster 2,0.15685639831250342,0.1760002077209143,0.019143809408410872
3,2010,CE38_3,CE38,517500.0394236659,6242499.700944795,Cluster 3,0.1495924003319353,0.22920893821412514,0.07961653788218984
3,2010,CE39_3,CE39,517500.0394573879,6247499.77205085,Cluster 2,0.16326141692999172,0.16518795937524786,0.0019265424452561408
3,2010,CE40_3,CE40,522500.0704425728,6202499.807062485,Cluster 3,0.19535396430744503,0.2478326152549516,0.05247865094750656
3,2010,CE41_3,CE41,522500.0442081195,6207499.734739026,Cluster 2,0.14728910050312705,0.18579215163466148,0.03850305113153443
3,2010,CE42_3,CE42,522500.0678054823,6212499.810822077,Cluster 3,0.20277845242555115,0.20948162291224443,0.006703170486693277
3,2010,CE43_3,CE43,522500.08030082856,6217499.7010696195,Cluster 2,0.21409467058851767,0.2307469192534993,0.016652248664981634
3,2010,CE44_3,CE44,522500.07970485423,6222499.739352608,Cluster 3,0.15209238496978705,0.20801030735668707,0.05591792238690002
3,2010,CE45_3,CE45,522500.06692997954,6227499.703048657,Cluster 3,0.154726947250499,0.2363956097286436,0.08166866247814461
3,2010,CE46_3,CE46,522500.041145187,6232499.703433006,Cluster 2,0.1383874356735347,0.17529905211853375,0.036911616444999046
3,2010,CE47_3,CE47,522500.0640162797,6237499.74080711,Cluster 2,0.13568604423376618,0.16341021243766565,0.027724168203899474
3,2010,CE48_3,CE48,522500.0119734386,6242499.703193641,Cluster 3,0.13007248896889426,0.19351738213446212,0.06344489316556787
3,2010,CE49_3,CE49,522500.0079419588,6247499.702520713,Cluster 3,0.14231985082328005,0.25618490954360995,0.1138650587203299
3,2010,CE50_3,CE50,527500.0450754714,6202499.723619567,Cluster 3,0.16674116140225811,0.1943314054617785,0.027590244059520375
3,2010,CE51_3,CE51,527500.0855328589,6207499.811552569,Cluster 3,0.20415407003449096,0.26202578262256854,0.05787171258807758
3,2010,CE52_3,CE52,527500.0988265752,6212499.713670329,Cluster 3,0.2070702913908288,0.27362336810369153,0.06655307671286273
3,2010,CE53_3,CE53,527500.082575689,6217499.763839749,Cluster 2,0.21370887501271707,0.22924089629152586,0.015532021278808789
3,2010,CE54_3,CE54,527500.1000764947,6222499.739837737,Cluster 2,0.18023480939306383,0.21545216863211414,0.03521735923905031
3,2010,CE55_3,CE55,527500.0880835521,6227499.752541096,Cluster 3,0.14547038793211248,0.1718957655891543,0.02642537765704181
3,2010,CE56_3,CE56,527500.0470532825,6232499.690624631,Cluster 3,0.16291732572890485,0.16590029590265293,0.002982970173748073
3,2010,CE57_3,CE57,527500.0379328128,6237499.66576125,Cluster 2,0.15828512751438498,0.18689053850296883,0.02860541098858385
3,2010,CE58_3,CE58,527499.9984027212,6242499.67752908,Cluster 2,0.1293329205895378,0.15002732887569664,0.020694408286158844
3,2010,CE59_3,CE59,527499.989976083,6247499.726301877,Cluster 2,0.12499172012631919,0.17428295923657666,0.04929123911025747
3,2010,CE60_3,CE60,532500.0469924002,6202499.756178573,Cluster 3,0.127876269403597,0.21660999036939027,0.08873372096579327
3,2010,CE61_3,CE61,532500.0933404423,6207499.791210008,Cluster 3,0.15313802528633927,0.26802756396656735,0.11488953868022808
3,2010,CE62_3,CE62,532500.0953795096,6212499.751701555,Cluster 3,0.19632406914476483,0.31714024020488274,0.12081617106011791
3,2010,CE63_3,CE63,532500.0520095888,6217499.748924329,Cluster 3,0.16493455029465998,0.2264970530017447,0.061562502707084715
3,2010,CE64_3,CE64,532500.088076029,6222499.6724942615,Cluster 3,0.16865721909584802,0.28527586136034416,0.11661864226449614
3,2010,CE65_3,CE65,532500.0770745723,6227499.744045095,Cluster 3,0.154183449993678,0.2483684704484716,0.0941850204547936
3,2010,CE66_3,CE66,532500.0204245233,6232499.74095347,Cluster 2,0.15273573790231765,0.15916051914735382,0.006424781245036176
3,2010,CE67_3,CE67,532500.0416984205,6237499.664132946,Cluster 3,0.1452939048220545,0.16719900441936708,0.02190509959731257
3,2010,CE68_3,CE68,532500.0148175734,6242499.735220286,Cluster 2,0.1615412809858687,0.19624538700060806,0.03470410601473936
3,2010,CE69_3,CE69,532499.9412093535,6247499.731587012,Cluster 3,0.14563883302997596,0.16105731699582249,0.015418483965846524
3,2010,CE70_3,CE70,537500.0308170322,6202499.79289711,Cluster 3,0.1414802651571278,0.20903022482253888,0.06754995966541108
3,2010,CE71_3,CE71,537500.0835327087,6207499.784787841,Cluster 2,0.1492587670179598,0.15301596816169263,0.0037572011437328467
3,2010,CE72_3,CE72,537500.0755039781,6212499.702100726,Cluster 3,0.18653764965957803,0.27768289818372266,0.09114524852414463
3,2010,CE73_3,CE73,537500.067701568,6217499.65664748,Cluster 3,0.18362561144423994,0.23405296010387672,0.05042734865963677
3,2010,CE74_3,CE74,537500.0596364432,6222499.648403606,Cluster 3,0.1864915381627152,0.2941783776803271,0.10768683951761193
3,2010,CE75_3,CE75,537500.0508192427,6227499.677344484,Cluster 3,0.15139318961056467,0.2769438764564913,0.12555068684592666
3,2010,CE76_3,CE76,537500.0417347807,6232499.63214553,Cluster 2,0.14314804999322292,0.2089200506525138,0.06577200065929087
3,2010,CE77_3,CE77,537500.0299457153,6237499.735380851,Cluster 2,0.14676479221377794,0.1691348899026497,0.022370097688871743
3,2010,CE78_3,CE78,537499.9560459278,6242499.652580182,Cluster 3,0.16898458576256556,0.2022450429687856,0.033260457206220034
3,2010,CE79_3,CE79,537499.9403775054,6247499.718706845,Cluster 3,0.14289649728045054,0.1848950543125578,0.04199855703210725
3,2010,CE80_3,CE80,542500.0765360219,6202499.722907818,Cluster 3,0.15153391594662197,0.2785672600026543,0.12703334405603234
3,2010,CE81_3,CE81,542500.0725898192,6207499.792100813,Cluster 3,0.1926923216097405,0.3231875818121532,0.13049526020241267
3,2010,CE82_3,CE82,542500.0549823554,6212499.675981395,Cluster 3,0.21350258059985003,0.3454263553241606,0.13192377472431058
3,2010,CE83_3,CE83,542500.0821386847,6217499.709024412,Cluster 3,0.19078148625546998,0.25001193749656914,0.05923045124109916
3,2010,CE84_3,CE84,542500.0312720044,6222499.667383468,Cluster 3,0.16275942832053894,0.1970109233066291,0.03425149498609015
3,2010,CE85_3,CE85,542500.0251304065,6227499.663558211,Cluster 3,0.1466141737004011,0.2365793597695415,0.08996518606914039
3,2010,CE86_3,CE86,542500.0010096645,6232499.696908841,Cluster 3,0.14667219258220562,0.2645719402728023,0.11789974769059666
3,2010,CE87_3,CE87,542499.9595191028,6237499.656109798,Cluster 3,0.15530001334274365,0.16545002428614913,0.01015001094340548
3,2010,CE88_3,CE88,542499.960902843,6242499.653049735,Cluster 2,0.15350021102269643,0.1659306362722851,0.012430425249588678
3,2010,CE89_3,CE89,542499.9426731234,6247499.687087541,Cluster 3,0.16212704150754131,0.19549153886205806,0.03336449735451674
3,2010,CE90_3,CE90,547500.0112863941,6202499.766809329,Cluster 3,0.12960182611801016,0.19986131046661362,0.07025948434860346
3,2010,CE91_3,CE91,547500.0158636335,6207499.701018751,Cluster 3,0.14993662823198387,0.15845363021089043,0.008517001978906563
3,2010,CE92_3,CE92,547500.0503056952,6212499.673195112,Cluster 3,0.15256989394894893,0.2140882828613567,0.06151838891240777
3,2010,CE93_3,CE93,547500.0516845292,6217499.682626755,Cluster 3,0.1934615157697324,0.19803497481154636,0.004573459041813971
3,2010,CE94_3,CE94,547500.0194965032,6222499.7292875815,Cluster 2,0.160838761715651,0.20836753422173768,0.04752877250608667
3,2010,CE95_3,CE95,547500.0165332087,6227499.702541236,Cluster 2,0.16300820967964091,0.24756522504809433,0.08455701536845342
3,2010,CE96_3,CE96,547499.9788540612,6232499.712970672,Cluster 3,0.14323290383341436,0.2636987876217445,0.12046588378833012
3,2010,CE97_3,CE97,547499.9691090817,6237499.649938437,Cluster 3,0.1298344357171912,0.19549247350854682,0.06565803779135562
3,2010,CE98_3,CE98,547499.9234977771,6242499.624028113,Cluster 2,0.14582577423830612,0.17433564537101737,0.02850987113271125
3,2010,CE99_3,CE99,547499.9032871589,6247499.63590194,Cluster 3,0.13549633995382707,0.1951880344898321,0.059691694536005035
3,2010,CF00_3,CF00,502500.02028222225,6152499.89145135,Cluster 3,0.12836496466664926,0.19058380312423803,0.06221883845758877
3,2010,CF10_3,CF10,507500.04285710165,6152499.805047145,Cluster 3,0.1708015027833172,0.2256110840114041,0.05480958122808688
3,2010,CF11_3,CF11,507500.05492596835,6157499.834451183,Cluster 2,0.15274305074662245,0.20340397796596155,0.0506609272193391
3,2010,CF12_3,CF12,507500.04327710776,6162499.789395868,Cluster 2,0.18091628056457829,0.19198244871402942,0.011066168149451133
3,2010,CF13_3,CF13,507500.0706404502,6167499.781255058,Cluster 3,0.17578116864950813,0.23768594373284946,0.06190477508334133
3,2010,CF14_3,CF14,507500.0739329783,6172499.809900087,Cluster 2,0.15514776493119223,0.19533807043164716,0.04019030550045494
3,2010,CF15_3,CF15,507500.0533334287,6177499.764015607,Cluster 2,0.16079250071167986,0.22902745246695658,0.06823495175527672
3,2010,CF16_3,CF16,507500.0713544187,6182499.754977835,Cluster 3,0.15249038959884054,0.16358064633767808,0.01109025673883754
3,2010,CF17_3,CF17,507500.0651289864,6187499.782657654,Cluster 2,0.1391836959593038,0.22607595786463627,0.08689226190533247
3,2010,CF18_3,CF18,507500.03483679594,6192499.735736998,Cluster 3,0.15423331232377044,0.1881575824859098,0.033924270162139364
3,2010,CF19_3,CF19,507500.0425821252,6197499.836890889,Cluster 2,0.15306547731870773,0.19998930134947127,0.046923824030763533
3,2010,CF20_3,CF20,512500.0890358579,6152499.85022648,Cluster 2,0.1466202202133791,0.2218265974252878,0.0752063772119087
3,2010,CF21_3,CF21,512500.0804062962,6157499.787179069,Cluster 2,0.13436008799560614,0.19338441750398572,0.059024329508379575
3,2010,CF22_3,CF22,512500.03149114567,6162499.872222402,Cluster 2,0.1407530992444271,0.21201724384422177,0.07126414459979466
3,2010,CF23_3,CF23,512500.06907642435,6167499.771820084,Cluster 3,0.17932482495693272,0.21370761557614154,0.03438279061920882
3,2010,CF24_3,CF24,512500.06605251407,6172499.819464415,Cluster 3,0.1759001630511447,0.19933294560881004,0.023432782557665344
3,2010,CF25_3,CF25,512500.0230344669,6177499.792549392,Cluster 3,0.191953234027862,0.215874184496021,0.023920950468159008
3,2010,CF26_3,CF26,512500.0651124667,6182499.802702072,Cluster 3,0.1416691433279858,0.1737303217907292,0.032061178462743395
3,2010,CF27_3,CF27,512500.0665558964,6187499.849542149,Cluster 2,0.16333488241629804,0.17801414225358703,0.014679259837288988
3,2010,CF28_3,CF28,512500.0276656862,6192499.82175148,Cluster 2,0.14367498515419386,0.18316804342221102,0.03949305826801716
3,2010,CF29_3,CF29,512500.0730969767,6197499.830959868,Cluster 3,0.14165165342873712,0.2398053748583384,0.09815372142960127
3,2010,CF30_3,CF30,517500.0490080542,6152499.803977083,Cluster 3,0.1686732277731026,0.16980902788964958,0.0011358001165469866
3,2010,CF31_3,CF31,517500.08229393145,6157499.880785225,Cluster 3,0.13850210751116127,0.1928974686841417,0.05439536117298044
3,2010,CF32_3,CF32,517500.0598427792,6162499.883060531,Cluster 3,0.16153194124567793,0.25992555281362345,0.09839361156794552
3,2010,CF33_3,CF33,517500.0445604493,6167499.811028843,Cluster 3,0.17361908118623356,0.2722373554979685,0.09861827431173495
3,2010,CF34_3,CF34,517500.0357638052,6172499.775957468,Cluster 3,0.17903956453912528,0.26575303590582305,0.08671347136669777
3,2010,CF35_3,CF35,517500.0332116384,6177499.777824086,Cluster 3,0.1736012649922294,0.20751328294829732,0.033912017956067936
3,2010,CF36_3,CF36,517500.0366625694,6182499.816606281,Cluster 3,0.15074671663044945,0.16443639251650358,0.013689675886054131
3,2010,CF37_3,CF37,517500.04632165184,6187499.780987112,Cluster 2,0.14732027159920896,0.18295997881967876,0.0356397072204698
3,2010,CF38_3,CF38,517500.061502076,6192499.782236776,Cluster 2,0.14057691683455656,0.1634686466551004,0.022891729820543855
3,2010,CF39_3,CF39,517500.0819619571,6197499.820332571,Cluster 3,0.1495766431746145,0.2127797884878099,0.0632031453131954
3,2010,CF40_3,CF40,522500.0642822681,6152499.88918984,Cluster 3,0.15101926029456403,0.2717161628231535,0.12069690252858944
3,2010,CF41_3,CF41,522500.0773326165,6157499.892575038,Cluster 3,0.14394801789224562,0.2529987907127046,0.10905077282045897
3,2010,CF42_3,CF42,522500.08171073144,6162499.821689351,Cluster 3,0.14632788093340526,0.15293496938531922,0.006607088451913962
3,2010,CF43_3,CF43,522500.0766004052,6167499.787798728,Cluster 3,0.16974426584649288,0.18735077560354804,0.01760650975705516
3,2010,CF44_3,CF44,522500.0617534066,6172499.790880593,Cluster 3,0.14769699798282868,0.2311448507257991,0.08344785274297042
3,2010,CF45_3,CF45,522500.0369213511,6177499.830912278,Cluster 3,0.134929832011073,0.21740657622188755,0.08247674421081455
3,2010,CF46_3,CF46,522500.0651419528,6182499.796901118,Cluster 3,0.13421619116702013,0.15172470228105,0.017508511114029873
3,2010,CF47_3,CF47,522500.02009768866,6187499.799469306,Cluster 3,0.1461920645340079,0.21077400857702067,0.06458194404301276
3,2010,CF48_3,CF48,522500.02689213475,6192499.839240847,Cluster 2,0.16434869833192192,0.16913124912065977,0.004782550788737849
3,2010,CF49_3,CF49,522500.0856363534,6197499.8048974695,Cluster 3,0.19211040567542353,0.2891896369869657,0.09707923131154217
3,2010,CF50_3,CF50,527500.0886990835,6152499.883027053,Cluster 3,0.17079386824561263,0.27761612062875796,0.10682225238314533
3,2010,CF51_3,CF51,527500.0818896274,6157499.8224678775,Cluster 3,0.1623906001747408,0.29065125959057875,0.12826065941583795
3,2010,CF52_3,CF52,527500.0497756924,6162499.798923867,Cluster 3,0.16113369756792933,0.20743717984575308,0.04630348227782374
3,2010,CF53_3,CF53,527500.0550309606,6167499.812767024,Cluster 3,0.1363500938285269,0.19459377310337295,0.058243679274846055
3,2010,CF54_3,CF54,527500.0343271294,6172499.863579813,Cluster 3,0.14396978569845686,0.2438712928490196,0.09990150715056273
3,2010,CF55_3,CF55,527500.0508941073,6177499.840442368,Cluster 3,0.14971205459661774,0.263436738556195,0.11372468395957724
3,2010,CF56_3,CF56,527500.0408488035,6182499.854226997,Cluster 3,0.1270118493055426,0.19817677576372228,0.07116492645817968
3,2010,CF57_3,CF57,527500.0672787909,6187499.794012441,Cluster 3,0.1282299658116339,0.20116677660060897,0.07293681078897507
3,2010,CF58_3,CF58,527500.0664424137,6192499.770672006,Cluster 3,0.12004185812670942,0.2003180829893156,0.08027622486260619
3,2010,CF59_3,CF59,527500.0380833544,6197499.784182167,Cluster 2,0.16312261304734493,0.17216414247634007,0.009041529428995138
3,2010,CF60_3,CF60,532500.0746473216,6152499.896262771,Cluster 3,0.1813609233378511,0.25995579657147133,0.07859487323362024
3,2010,CF61_3,CF61,532500.0476127628,6157499.892527556,Cluster 3,0.141125169560806,0.21160143096491874,0.07047626140411273
3,2010,CF62_3,CF62,532500.0430350703,6162499.81496773,Cluster 3,0.15315364900295664,0.23264951329529038,0.07949586429233374
3,2010,CF63_3,CF63,532500.058788367,6167499.886138109,Cluster 3,0.14125716710536151,0.21197212223564893,0.07071495513028742
3,2010,CF64_3,CF64,532500.0331872304,6172499.882969435,Cluster 3,0.1867283310409078,0.2938978982320838,0.10716956719117599
3,2010,CF65_3,CF65,532500.028758022,6177499.805903052,Cluster 3,0.16741334448014172,0.23376724054626133,0.0663538960661196
3,2010,CF66_3,CF66,532500.0433655721,6182499.877498317,Cluster 3,0.15412946997983923,0.17100227215090594,0.01687280217106671
3,2010,CF67_3,CF67,532500.016379806,6187499.763386833,Cluster 3,0.12168386018226307,0.23966788661231983,0.11798402643005676
3,2010,CF68_3,CF68,532500.0701839877,6192499.798358294,Cluster 3,0.14100927529511126,0.17830349412967814,0.03729421883456688
3,2010,CF69_3,CF69,532500.0807532563,6197499.758865873,Cluster 3,0.17654715428248213,0.21589534905736424,0.039348194774882106
3,2010,CF70_3,CF70,537500.1021949608,6152499.817917419,Cluster 3,0.17439294344587694,0.2700877040636488,0.09569476061777185
3,2010,CF71_3,CF71,537500.0550795781,6157499.88048536,Cluster 3,0.1543913943059827,0.21228077175975918,0.05788937745377648
3,2010,CF72_3,CF72,537500.0774855074,6162499.869807724,Cluster 3,0.15677311540832414,0.21570464418873445,0.0589315287804103
3,2010,CF73_3,CF73,537500.0419040467,6167499.89607103,Cluster 3,0.14699698465037841,0.24760984038890957,0.10061285573853115
3,2010,CF74_3,CF74,537500.0118776582,6172499.848500056,Cluster 3,0.16358877289763674,0.2706125060679052,0.10702373317026848
3,2010,CF75_3,CF75,537500.0487537576,6177499.838899511,Cluster 3,0.14441881092643966,0.23012118542573626,0.0857023744992966
3,2010,CF76_3,CF76,537500.0264034058,6182499.866166838,Cluster 3,0.15112218248566445,0.16045676218778673,0.009334579702122286
3,2010,CF77_3,CF77,537500.0707976818,6187499.82006512,Cluster 2,0.1519665686941821,0.16922160952678564,0.01725504083260354
3,2010,CF78_3,CF78,537500.0551390985,6192499.810781486,Cluster 3,0.12377504977756638,0.2286365181507907,0.10486146837322431
3,2010,CF79_3,CF79,537500.0416532608,6197499.838831865,Cluster 3,0.15370652486156938,0.18054434464148839,0.026837819779919003
3,2010,CF80_3,CF80,542500.0592552546,6152499.8693641145,Cluster 3,0.17689275536528493,0.23169909389661983,0.0548063385313349
3,2010,CF81_3,CF81,542500.0565058092,6157499.897039448,Cluster 3,0.20492484773446581,0.2053309005145682,4.0605278010238943e-4
3,2010,CF82_3,CF82,542500.0441988781,6162499.850954939,Cluster 3,0.1502189990761894,0.24007859312454363,0.08985959404835422
3,2010,CF83_3,CF83,542500.0207665939,6167499.842372999,Cluster 3,0.1536513104225088,0.2598287438310313,0.10617743340852248
3,2010,CF84_3,CF84,542500.048573576,6172499.871880924,Cluster 3,0.1469714444904146,0.23943295207695814,0.09246150758654353
3,2010,CF85_3,CF85,542500.0024235704,6177499.826941581,Cluster 2,0.16102862527269537,0.18004058700288514,0.019011961730189764
3,2010,CF86_3,CF86,542500.0063853149,6182499.82004259,Cluster 3,0.16388296889018752,0.23578881959912984,0.07190585070894231
3,2010,CF87_3,CF87,542500.0597483467,6187499.851160479,Cluster 3,0.12756994674628114,0.16248326867434118,0.03491332192806004
3,2010,CF88_3,CF88,542500.0377536514,6192499.807753425,Cluster 2,0.15556805788362382,0.15990475982696753,0.004336701943343707
3,2010,CF89_3,CF89,542500.064030432,6197499.802313068,Cluster 3,0.1392383859135482,0.2281141951218701,0.08887580920832189
3,2010,CF90_3,CF90,547500.0889142159,6152499.94029991,Cluster 3,0.1918730484150508,0.24195810181915645,0.050085053404105656
3,2010,CF91_3,CF91,547500.0678756869,6157499.942027305,Cluster 3,0.17581468955445032,0.2713060586591731,0.0954913691047228
3,2010,CF92_3,CF92,547500.021346869,6162499.870003907,Cluster 3,0.16934389939022987,0.2875395184170879,0.11819561902685805
3,2010,CF93_3,CF93,547500.0105560533,6167499.836173768,Cluster 3,0.1401858690720569,0.26127892112294143,0.12109305205088453
3,2010,CF94_3,CF94,547500.0347869882,6172499.840513072,Cluster 2,0.18503593407064486,0.1947866727847038,0.009750738714058932
3,2010,CF95_3,CF95,547500.030537062,6177499.882314021,Cluster 3,0.12986179172886303,0.2273616757613984,0.09749988403253537
3,2010,CF96_3,CF96,547499.9985196197,6182499.850260958,Cluster 3,0.13827825863398238,0.1956811544476411,0.057402895813658705
3,2010,CF97_3,CF97,547499.999664888,6187499.856302122,Cluster 3,0.12385813417300011,0.1848194679672905,0.060961333794290404
3,2010,CF98_3,CF98,547500.0344730752,6192499.789121118,Cluster 3,0.14723867025584245,0.25317305734210954,0.1059343870862671
3,2010,CF99_3,CF99,547500.0385143282,6197499.759298731,Cluster 3,0.1255392337948189,0.20226780768551608,0.07672857389069718
3,2010,CG00_3,CG00,502500.0261580071,6102499.830919192,Cluster 2,0.17420592340392643,0.26129550961389975,0.08708958620997331
3,2010,CG01_3,CG01,502500.0726485491,6107499.815118513,Cluster 2,0.16295025715390193,0.2555816738839835,0.09263141673008157
3,2010,CG02_3,CG02,502500.04775678914,6112499.836347805,Cluster 2,0.14408921072470993,0.20558161986587672,0.0614924091411668
3,2010,CG03_3,CG03,502500.0153410255,6117499.894620556,Cluster 3,0.15298634877130485,0.17031638608690028,0.01733003731559543
3,2010,CG04_3,CG04,502500.0390334766,6122499.878665998,Cluster 2,0.15800812577507803,0.17477570335786405,0.01676757758278602
3,2010,CG05_3,CG05,502500.0550520218,6127499.899711133,Cluster 3,0.1709943665365859,0.2984395814291789,0.12744521489259303
3,2010,CG06_3,CG06,502500.0634538295,6132499.846448853,Cluster 3,0.1542384817285023,0.19231459668568066,0.03807611495717836
3,2010,CG07_3,CG07,502500.0641750675,6137499.830142095,Cluster 3,0.14010754007916112,0.17742343225817314,0.03731589217901202
3,2010,CG08_3,CG08,502500.0572123166,6142499.850769465,Cluster 3,0.15317888841695543,0.1578384802323551,0.004659591815399683
3,2010,CG09_3,CG09,502500.0425621639,6147499.908309469,Cluster 3,0.14708465912179783,0.21868015885867045,0.07159549973687263
3,2010,CG10_3,CG10,507500.0814512452,6102499.76344352,Cluster 2,0.160844247177742,0.24008313011771124,0.07923888293996922
3,2010,CG11_3,CG11,507500.0744522167,6107499.868036532,Cluster 2,0.16097624619104858,0.22517863340733002,0.06420238721628144
3,2010,CG12_3,CG12,507500.0445943599,6112499.787116632,Cluster 2,0.15698758106475275,0.17304115963545735,0.016053578570704607
3,2010,CG13_3,CG13,507500.0549592401,6117499.854614016,Cluster 3,0.15173536915135089,0.15667675070596468,0.004941381554613794
3,2010,CG14_3,CG14,507500.0421171495,6122499.847835636,Cluster 2,0.1442248681266314,0.18502888955389235,0.040804021427260945
3,2010,CG15_3,CG15,507500.0693758277,6127499.878149052,Cluster 3,0.14448928202479222,0.2539752145999604,0.1094859325751682
3,2010,CG16_3,CG16,507500.07326439786,6132499.834140972,Cluster 2,0.13322361936930432,0.18489725981005736,0.05167364044075304
3,2010,CG17_3,CG17,507500.0535864384,6137499.82707415,Cluster 2,0.1632147274081839,0.1813845462317633,0.018169818823579403
3,2010,CG18_3,CG18,507500.073619542,6142499.857033516,Cluster 2,0.13945034789055774,0.18899306307881655,0.04954271518825881
3,2010,CG19_3,CG19,507500.0701088966,6147499.8126028655,Cluster 3,0.1631435069643604,0.22119710188249445,0.058053594918134055
3,2010,CG20_3,CG20,512500.0319054312,6102499.844468651,Cluster 2,0.15621467656783208,0.2330161521843531,0.07680147561652101
3,2010,CG21_3,CG21,512500.0357352239,6107499.856263293,Cluster 2,0.1676305492346136,0.26268119517857713,0.09505064594396354
3,2010,CG22_3,CG22,512500.0646570594,6112499.793975682,Cluster 3,0.15803665413008944,0.1586299800543601,5.933259242706657e-4
3,2010,CG23_3,CG23,512500.05417142104,6117499.879970967,Cluster 3,0.14770493937031248,0.20099749279038856,0.05329255342007608
3,2010,CG24_3,CG24,512500.0684573512,6122499.891840113,Cluster 3,0.14770403839508098,0.17492237789390647,0.02721833949882549
3,2010,CG25_3,CG25,512500.04378025915,6127499.829381491,Cluster 3,0.15331417355588886,0.16846157297927264,0.015147399423383778
3,2010,CG26_3,CG26,512500.0432435217,6132499.804034855,Cluster 3,0.15369513275406288,0.15549231807592642,0.0017971853218635425
3,2010,CG27_3,CG27,512500.0666142674,6137499.81577886,Cluster 3,0.17958350194247327,0.18230135742848314,0.0027178554860098625
3,2010,CG28_3,CG28,512500.05037127464,6142499.864413771,Cluster 2,0.1585403300451684,0.16091531642838833,0.0023749863832199236
3,2010,CG29_3,CG29,512500.0580272434,6147499.838808023,Cluster 3,0.19926512159130755,0.2638235244361854,0.06455840284487785
3,2010,CG30_3,CG30,517500.0850923214,6102499.851813918,Cluster 2,0.20152422601660833,0.20664575046382605,0.0051215244472177235
3,2010,CG31_3,CG31,517500.03616525023,6107499.779897026,Cluster 2,0.15145735786071657,0.1753501187560981,0.023892760895381532
3,2010,CG32_3,CG32,517500.05973960727,6112499.856739236,Cluster 2,0.13440354634392138,0.1970398640247982,0.06263631768087682
3,2010,CG33_3,CG33,517500.0925843184,6117499.859506801,Cluster 3,0.14421401150055693,0.23537754769913366,0.09116353619857673
3,2010,CG34_3,CG34,517500.0708866396,6122499.7879263675,Cluster 3,0.1568128210239565,0.2634522224773502,0.10663940145339368
3,2010,CG35_3,CG35,517500.0572525619,6127499.864792685,Cluster 2,0.13829130942137272,0.178916503300489,0.040625193879116284
3,2010,CG36_3,CG36,517500.0523168775,6132499.867515854,Cluster 3,0.12061135891501726,0.20314029096571087,0.08252893205069362
3,2010,CG37_3,CG37,517500.0558418394,6137499.796071852,Cluster 3,0.12760014081846058,0.17813447285528178,0.0505343320368212
3,2010,CG38_3,CG38,517500.06670979614,6142499.873010728,Cluster 3,0.18451994262673366,0.23606086629177245,0.05154092366503879
3,2010,CG39_3,CG39,517500.085559445,6147499.875737379,Cluster 3,0.15534606001096649,0.27196734555078966,0.11662128553982318
3,2010,CG40_3,CG40,522500.065292888,6102499.784827596,Cluster 3,0.17177313008374095,0.25143407646511184,0.07966094638137089
3,2010,CG41_3,CG41,522500.09106030304,6107499.750314869,Cluster 3,0.14263319339223468,0.17205778969832136,0.02942459630608668
3,2010,CG42_3,CG42,522500.1096343805,6112499.8643271355,Cluster 3,0.12493261002689462,0.19724881070719255,0.07231620068029793
3,2010,CG43_3,CG43,522500.0588031039,6117499.7926761545,Cluster 3,0.13352507786037587,0.22578260801290714,0.09225753015253127
3,2010,CG44_3,CG44,522500.0640044093,6122499.869828019,Cluster 3,0.1579674732233678,0.2792276066159254,0.12126013339255759
3,2010,CG45_3,CG45,522500.0623966084,6127499.872873877,Cluster 3,0.14934052781430193,0.1637473515246596,0.014406823710357675
3,2010,CG46_3,CG46,522500.1171677176,6132499.802111141,Cluster 3,0.14135980771740708,0.2610443243595064,0.11968451664209934
3,2010,CG47_3,CG47,522500.100007084,6137499.879444241,Cluster 3,0.12756911458129064,0.23245484415283996,0.10488572957154932
3,2010,CG48_3,CG48,522500.0753009223,6142499.8826015685,Cluster 3,0.13379410735536545,0.23960860010469665,0.10581449274933119
3,2010,CG49_3,CG49,522500.10602128954,6147499.8118807655,Cluster 3,0.1551716653047635,0.23369785990133285,0.07852619459656934
3,2010,CG50_3,CG50,527500.1154138149,6102499.755272231,Cluster 3,0.16913002543872263,0.25762903605166326,0.08849901061294063
3,2010,CG51_3,CG51,527500.0883420453,6107499.766859397,Cluster 3,0.16025252922985866,0.2509434842842562,0.09069095505439756
3,2010,CG52_3,CG52,527500.1027918415,6112499.816082941,Cluster 3,0.14618559378164672,0.21689036811980197,0.07070477433815525
3,2010,CG53_3,CG53,527500.0953342962,6117499.791246452,Cluster 3,0.1429594423064885,0.24034837111759755,0.09738892881110905
3,2010,CG54_3,CG54,527500.065031351,6122499.803608584,Cluster 3,0.20861163160599372,0.3478552281996432,0.1392435965936495
3,2010,CG55_3,CG55,527500.0751332948,6127499.853540434,Cluster 3,0.13923030953381282,0.23532063570066195,0.09609032616684912
3,2010,CG56_3,CG56,527500.1258612206,6132499.829735632,Cluster 3,0.13671567850456903,0.17946037064544257,0.042744692140873536
3,2010,CG57_3,CG57,527500.08933677,6137499.84266833,Cluster 3,0.14215366879313346,0.1797805008508333,0.037626832057699844
3,2010,CG58_3,CG58,527500.0920983198,6142499.893103182,Cluster 3,0.17084231280911732,0.20783036836160837,0.036988055552491045
3,2010,CG59_3,CG59,527500.0711528321,6147499.869337009,Cluster 3,0.16048721844226518,0.262540126923788,0.10205290848152279
3,2010,CG60_3,CG60,532500.1232226893,6102499.762378928,Cluster 3,0.1940105459524941,0.20709679795725439,0.013086252004760296
3,2010,CG61_3,CG61,532500.1073029817,6107499.829724232,Cluster 3,0.19347422262258837,0.21043502182032423,0.016960799197735854
3,2010,CG62_3,CG62,532500.1180077677,6112499.823483339,Cluster 3,0.1813780633193634,0.2764614602504856,0.09508339693112222
3,2010,CG63_3,CG63,532500.0904061167,6117499.8544495115,Cluster 3,0.14322918362902193,0.18744345594664547,0.04421427231762354
3,2010,CG64_3,CG64,532500.0886268184,6122499.8117822,Cluster 3,0.1837599438436746,0.2844518638141859,0.1006919199705113
3,2010,CG65_3,CG65,532500.1113832879,6127499.806740552,Cluster 3,0.16433897530401317,0.2885689414817723,0.12422996617775914
3,2010,CG66_3,CG66,532500.094766791,6132499.8388373265,Cluster 3,0.13212207155003491,0.20149385244932816,0.06937178089929324
3,2010,CG67_3,CG67,532500.1018768129,6137499.908515113,Cluster 3,0.15340454054523237,0.19858590297249953,0.04518136242726717
3,2010,CG68_3,CG68,532500.0697665747,6142499.904000014,Cluster 2,0.1756448127064729,0.20543567551120231,0.029790862804729423
3,2010,CG69_3,CG69,532500.0613956221,6147499.825732477,Cluster 3,0.1783123494519363,0.24283931174622164,0.06452696229428534
3,2010,CG73_3,CG73,537500.1241257496,6117499.871302983,Cluster 3,0.15241090185705417,0.25045439252777607,0.0980434906707219
3,2010,CG74_3,CG74,537500.0867475496,6122499.893791251,Cluster 3,0.12450551675737144,0.22219223802686336,0.09768672126949192
3,2010,CG75_3,CG75,537500.1226220047,6127499.843201579,Cluster 3,0.12629791079686561,0.22643771634986304,0.10013980555299742
3,2010,CG76_3,CG76,537500.1032477431,6132499.829719651,Cluster 3,0.14230599848461792,0.18371419007244638,0.04140819158782846
3,2010,CG77_3,CG77,537500.0917174451,6137499.853859212,Cluster 3,0.1817652911778307,0.2506910726067737,0.06892578142894301
3,2010,CG78_3,CG78,537500.0875472084,6142499.915597486,Cluster 3,0.1421943555118703,0.2251756674884452,0.0829813119765749
3,2010,CG79_3,CG79,537500.0911996434,6147499.90362536,Cluster 3,0.15013578543859252,0.19650779861842618,0.046372013179833665
3,2010,CG80_3,CG80,542500.137730461,6102499.88626088,Cluster 1,0.23862115970619802,0.25585237757414103,0.017231217867943016
3,2010,CG83_3,CG83,542500.0850949779,6117499.84060306,Cluster 3,0.16648933591922213,0.2368927974233251,0.07040346150410298
3,2010,CG84_3,CG84,542500.1406307713,6122499.827476624,Cluster 3,0.13527161912869942,0.23950592295033282,0.1042343038216334
3,2010,CG85_3,CG85,542500.1254578183,6127499.851438005,Cluster 3,0.15513433277840025,0.22977785483560245,0.0746435220572022
3,2010,CG89_3,CG89,542500.0518607163,6147499.879240843,Cluster 3,0.20554347615223512,0.2188215582348712,0.013278082082636089
3,2010,CG90_3,CG90,547500.1127290743,6102499.8908402715,Cluster 3,0.1982703504056794,0.2407268157946395,0.04245646538896011
3,2010,CG99_3,CG99,547500.0849558257,6147499.864848793,Cluster 3,0.19767233782018617,0.23129895849546098,0.033626620675274804
3,2010,CH06_3,CH06,502500.0846030401,6082499.8202431435,Cluster 3,0.1924256139216055,0.19954663567130052,0.007121021749695006
3,2010,CH07_3,CH07,502500.03314556536,6087499.76718363,Cluster 2,0.16300398517330406,0.19726801212383374,0.034264026950529686
3,2010,CH08_3,CH08,502500.0383282386,6092499.7513073785,Cluster 2,0.1624320121363183,0.21409617682274557,0.05166416468642726
3,2010,CH09_3,CH09,502500.03600017546,6097499.772559454,Cluster 2,0.15727458373036812,0.21066127792841563,0.05338669419804751
3,2010,CH16_3,CH16,507500.0696210863,6082499.827605381,Cluster 2,0.1717309012375564,0.2168197026884971,0.045088801450940685
3,2010,CH17_3,CH17,507500.0911446664,6087499.783676402,Cluster 2,0.16595158213761005,0.21925134013277334,0.05329975799516329
3,2010,CH18_3,CH18,507500.02561870846,6092499.77677686,Cluster 2,0.16249407047236597,0.20137518086490377,0.038881110392537804
3,2010,CH19_3,CH19,507500.06504692393,6097499.807203647,Cluster 2,0.15120666369717242,0.1904314971128576,0.03922483341568517
3,2010,CH25_3,CH25,512500.0730388515,6077499.78695672,Cluster 2,0.3513700717694738,0.3871980993019194,0.03582802753244557
3,2010,CH26_3,CH26,512500.0775220187,6082499.835343886,Cluster 3,0.21419387246294944,0.22359080337107118,0.009396930908121742
3,2010,CH27_3,CH27,512500.0438897538,6087499.809582861,Cluster 2,0.18084578827536177,0.2579517673556135,0.07710597908025171
3,2010,CH28_3,CH28,512500.0358227975,6092499.82110677,Cluster 2,0.1560397553615072,0.2275103782926936,0.07147062293118642
3,2010,CH29_3,CH29,512500.0533982747,6097499.758615106,Cluster 2,0.17262186442656502,0.24516182193057312,0.0725399575040081
3,2010,CH34_3,CH34,517500.0764450698,6072499.728976444,Cluster 2,0.2363091967604019,0.26695983059602824,0.03065063383562633
3,2010,CH35_3,CH35,517500.094920755,6077499.767569357,Cluster 3,0.2174623302511744,0.2701332953128866,0.052670965061712205
3,2010,CH36_3,CH36,517500.0596092466,6082499.843271963,Cluster 2,0.16463731965775102,0.22721166925423544,0.06257434959648442
3,2010,CH37_3,CH37,517500.0990708113,6087499.845282487,Cluster 3,0.1740346535681997,0.2452999771997436,0.07126532363154392
3,2010,CH38_3,CH38,517500.08484500466,6092499.773080584,Cluster 1,0.20168821392553066,0.23671701836972645,0.03502880444419579
3,2010,CH39_3,CH39,517500.08040979074,6097499.738171189,Cluster 2,0.16841859834212405,0.23734058220311935,0.0689219838609953
3,2010,CH45_3,CH45,522500.10633223125,6077499.739130003,Cluster 3,0.1870311374911249,0.2924345563853956,0.10540341889427071
3,2010,CH46_3,CH46,522500.095481355,6082499.851588371,Cluster 3,0.21005104908367248,0.2544783447271757,0.0444272956435032
3,2010,CH47_3,CH47,522500.08047616767,6087499.778844974,Cluster 2,0.17576265524666448,0.20255188423959367,0.02678922899292918
3,2010,CH48_3,CH48,522500.0599631547,6092499.743431038,Cluster 3,0.1539663983127162,0.25608706057860836,0.10212066226589217
3,2010,CH49_3,CH49,522500.097630216,6097499.74564588,Cluster 3,0.1730632817960826,0.18603972127821997,0.012976439482137364
3,2010,CH55_3,CH55,527500.1220357711,6077499.812824085,Cluster 3,0.20933444834830572,0.23957064977507592,0.030236201426770193
3,2010,CH56_3,CH56,527500.1371200755,6082499.748749458,Cluster 3,0.1639322423297315,0.26182775367963984,0.09789551134990834
3,2010,CH57_3,CH57,527500.06665524,6087499.8329139035,Cluster 3,0.1615967447574484,0.2833032216812208,0.1217064769237724
3,2010,CH58_3,CH58,527500.1039774861,6092499.843916504,Cluster 3,0.16430178533607823,0.23929481227064744,0.07499302693456922
3,2010,CH59_3,CH59,527500.0566075259,6097499.78055875,Cluster 3,0.16421530283791522,0.24207015876516533,0.07785485592725011
3,2010,CH65_3,CH65,532500.1587029257,6077499.766040378,Cluster 2,0.35275219311727446,0.39274166396739085,0.03998947085011639
3,2010,CH66_3,CH66,532500.1337911482,6082499.8680635905,Cluster 3,0.19834780490952247,0.20544175331261608,0.007093948403093603
3,2010,CH67_3,CH67,532500.1383813849,6087499.785338982,Cluster 2,0.19605522523418575,0.21311901278560982,0.01706378755142407
3,2010,CH68_3,CH68,532500.1055866433,6092499.851210683,Cluster 3,0.1512458398941356,0.23491417523049904,0.08366833533636345
3,2010,CH69_3,CH69,532500.1006905059,6097499.843565278,Cluster 3,0.16246514191813466,0.2468191363490955,0.08435399443096084
3,2010,CH76_3,CH76,537500.1671288088,6082499.875993361,Cluster 3,0.26957537299873224,0.27214881528283014,0.0025734422840978932
3,2010,CH77_3,CH77,537500.117400458,6087499.857259013,Cluster 3,0.18110602011924182,0.30336754062934895,0.12226152051010714
3,2010,CH78_3,CH78,537500.0797039657,6092499.876351775,Cluster 3,0.14495819435399898,0.20931147357663152,0.06435327922263254
3,2010,CH79_3,CH79,537500.1184237195,6097499.822506665,Cluster 3,0.17883834878677887,0.2600018507080188,0.08116350192123992
3,2010,CH86_3,CH86,542500.1236062861,6082499.882608107,Cluster 3,0.19428993660673635,0.2692647574563549,0.07497482084961857
3,2010,CH87_3,CH87,542500.149057873,6087499.82690813,Cluster 3,0.18218683628413096,0.2606656269285634,0.07847879064443242
3,2010,CH88_3,CH88,542500.106858969,6092499.808460251,Cluster 3,0.1554417981337192,0.21296718129081008,0.05752538315709088
3,2010,CH89_3,CH89,542500.1246051298,6097499.828453947,Cluster 2,0.26412695773006556,0.2660570937292248,0.0019301359991592548
3,2010,CH95_3,CH95,547500.1578898588,6077499.78884103,Cluster 3,0.19014024309124478,0.24727786456545037,0.05713762147420559
3,2010,CH96_3,CH96,547500.1469696249,6082499.888868037,Cluster 3,0.19221232892374832,0.2532983681527842,0.06108603922903591
3,2010,CH97_3,CH97,547500.118677858,6087499.915520176,Cluster 3,0.1791541656573812,0.28080211585670334,0.10164795019932213
3,2010,CH98_3,CH98,547500.1365322527,6092499.869449572,Cluster 3,0.15547019122521563,0.25632586303013066,0.10085567180491503
3,2010,CH99_3,CH99,547500.1347144407,6097499.861230696,Cluster 3,0.24049340562286867,0.27776338087103475,0.03726997524816608
3,2010,DB00_3,DB00,552499.6775389926,6352499.672118262,Cluster 2,0.12405393204907797,0.19091611849668952,0.06686218644761155
3,2010,DB01_3,DB01,552499.6678686532,6357499.717959825,Cluster 2,0.1250582139734329,0.19348631690297793,0.06842810292954504
3,2010,DB02_3,DB02,552499.6512258302,6362499.689666688,Cluster 1,0.24296700804553742,0.24408790715957515,0.0011208991140377322
3,2010,DB03_3,DB03,552499.6240161804,6367499.80984399,Cluster 2,0.13391928823840749,0.15138908069601462,0.01746979245760713
3,2010,DB04_3,DB04,552499.6497318089,6372499.74527787,Cluster 3,0.1402061545841015,0.18071695836905924,0.04051080378495775
3,2010,DB05_3,DB05,552499.6646834601,6377499.717803373,Cluster 3,0.16503966270502804,0.22913772404013016,0.06409806133510212
3,2010,DC07_3,DC07,552499.6635607927,6337499.75798567,Cluster 3,0.1803465429582174,0.20559613053804704,0.025249587579829647
3,2010,DC08_3,DC08,552499.6732267597,6342499.8034165995,Cluster 3,0.12530265440325045,0.19466558255529381,0.06936292815204337
3,2010,DC09_3,DC09,552499.6781305044,6347499.774804628,Cluster 3,0.12286674086216758,0.214446724321169,0.09157998345900144
3,2010,DB10_3,DB10,557499.6567160406,6352499.705819401,Cluster 2,0.15104866391321026,0.18269472792252361,0.03164606400931336
3,2010,DB11_3,DB11,557499.6898730142,6357499.755865983,Cluster 3,0.1514393303995173,0.16536616753990602,0.013926837140388726
3,2010,DB12_3,DB12,557499.6980993691,6362499.731798036,Cluster 2,0.14676391803857816,0.19141615443941545,0.04465223640083729
3,2010,DB13_3,DB13,557499.6790873646,6367499.744899912,Cluster 3,0.11684336054513905,0.2074298241349448,0.09058646358980574
3,2010,DB14_3,DB14,557499.6920318474,6372499.795985679,Cluster 3,0.1345542366673447,0.15762524024999858,0.023071003582653876
3,2010,DB15_3,DB15,557499.6776623846,6377499.772861233,Cluster 3,0.1192552265241619,0.20475327367880183,0.08549804715463993
3,2010,DB16_3,DB16,557499.6934591797,6382499.787658613,Cluster 3,0.13278450077616005,0.20336002273634773,0.07057552196018768
3,2010,DB20_3,DB20,562499.6596629414,6352499.822055593,Cluster 2,0.1290066163683479,0.14983566612302185,0.02082904975467395
3,2010,DB21_3,DB21,562499.6778171846,6357499.774650563,Cluster 2,0.12369026900302878,0.15311003600709178,0.029419767004063
3,2010,DB22_3,DB22,562499.6515363256,6362499.764446196,Cluster 3,0.1272952285028171,0.19257453357008378,0.06527930506726667
3,2010,DB23_3,DB23,562499.6400820935,6367499.792328508,Cluster 3,0.1405568503369071,0.16401686345527058,0.023460013118363487
3,2010,DB24_3,DB24,562499.6441820732,6372499.746949654,Cluster 3,0.12535577278694485,0.15800614970674978,0.032650376919804935
3,2010,DB25_3,DB25,562499.6611575983,6377499.739594084,Cluster 2,0.12458062137551787,0.17445844872540373,0.049877827349885856
3,2010,DB26_3,DB26,562499.6900292314,6382499.770230629,Cluster 3,0.15302851745534432,0.22250544369573771,0.0694769262403934
3,2010,DB30_3,DB30,567499.6474141439,6352499.797047383,Cluster 2,0.1352210632052959,0.15718808101336965,0.021967017808073752
3,2010,DB31_3,DB31,567499.6497347835,6357499.773935058,Cluster 3,0.13448636310612513,0.19687708444868404,0.06239072134255891
3,2010,DB32_3,DB32,567499.649767541,6362499.788996397,Cluster 3,0.10954611149288178,0.219154732313508,0.10960862082062621
3,2010,DB33_3,DB33,567499.6483663965,6367499.730884405,Cluster 3,0.11092857208535817,0.2023079748523041,0.09137940276694592
3,2010,DB34_3,DB34,567499.6427126657,6372499.710880268,Cluster 3,0.13192203755213988,0.2192245663522032,0.08730252880006331
3,2010,DB35_3,DB35,567499.6318198992,6377499.728951592,Cluster 3,0.14019690241047983,0.14245658908392245,0.002259686673442618
3,2010,DB36_3,DB36,567499.676348217,6382499.674741831,Cluster 3,0.15116713876824212,0.2881125280406963,0.1369453892724542
3,2010,DB40_3,DB40,572499.6344654928,6352499.8530826,Cluster 2,0.19004247848477468,0.19068267388594826,6.401954011735767e-4
3,2010,DB41_3,DB41,572499.6216895938,6357499.864695008,Cluster 3,0.14330467939055558,0.14363457366292912,3.2989427237353763e-4
3,2010,DB42_3,DB42,572499.5906535387,6362499.80320541,Cluster 3,0.13061873303632268,0.2331021424782582,0.10248340944193551
3,2010,DB43_3,DB43,572499.5984189146,6367499.780956781,Cluster 3,0.11055014304335573,0.22430153172198217,0.11375138867862644
3,2010,DB44_3,DB44,572499.5838254265,6372499.796851205,Cluster 3,0.11983515604343156,0.2442299993360449,0.12439484329261333
3,2010,DB45_3,DB45,572499.6077339851,6377499.740606079,Cluster 3,0.12639637445481192,0.24290254906944547,0.11650617461463356
3,2010,DB46_3,DB46,572499.6071544627,6382499.722435604,Cluster 3,0.16649711006894008,0.30182344749083345,0.13532633742189337
3,2010,DB50_3,DB50,577499.5802886165,6352499.877413118,Cluster 2,0.16583212382402612,0.16805996775050824,0.0022278439264821204
3,2010,DB51_3,DB51,577499.5553473757,6357499.82287266,Cluster 2,0.13690187595708025,0.14336189249872366,0.00646001654164341
3,2010,DB52_3,DB52,577499.5523310879,6362499.807698655,Cluster 3,0.11988765989921794,0.17210756955249268,0.052219909653274735
3,2010,DB53_3,DB53,577499.5700187528,6367499.831857608,Cluster 3,0.14353979792439384,0.1926117456527907,0.049071947728396875
3,2010,DB54_3,DB54,577499.5493575014,6372499.782863706,Cluster 3,0.1636177092690696,0.2510402381267323,0.08742252885766272
3,2010,DB55_3,DB55,577499.5492296974,6377499.66181914,Cluster 3,0.17512951468482904,0.2949846834468314,0.11985516876200233
3,2010,DB56_3,DB56,577499.5641771164,6382499.691316109,Cluster 3,0.14279012398146324,0.24239373096697195,0.09960360698550871
3,2010,DB57_3,DB57,577499.537492288,6387499.64755162,Cluster 3,0.16319653490389077,0.27126912728496644,0.10807259238107567
3,2010,DB60_3,DB60,582499.5631405126,6352499.870773819,Cluster 2,0.1380144661716184,0.19026173284300837,0.052247266671389986
3,2010,DB61_3,DB61,582499.5248312382,6357499.871828571,Cluster 3,0.14897530852333696,0.1546456125894257,0.005670304066088733
3,2010,DB62_3,DB62,582499.4927491389,6362499.801014301,Cluster 3,0.1290858395375622,0.14674322315937102,0.017657383621808825
3,2010,DB63_3,DB63,582499.5234498292,6367499.770816479,Cluster 3,0.1414307721861678,0.17242272605130568,0.030991953865137867
3,2010,DB64_3,DB64,582499.4955886239,6372499.778775646,Cluster 3,0.17393578237436433,0.232596708116443,0.05866092574207868
3,2010,DB65_3,DB65,582499.4702860015,6377499.714756137,Cluster 3,0.1738902570114107,0.24457448886709923,0.07068423185568853
3,2010,DB66_3,DB66,582499.5038627629,6382499.691246823,Cluster 3,0.17070687004195267,0.233579728254025,0.06287285821207234
3,2010,DB67_3,DB67,582499.4776775325,6387499.594470724,Cluster 3,0.18198483540017532,0.2944825587035131,0.11249772330333777
3,2010,DB68_3,DB68,582499.4481154357,6392499.536917151,Cluster 1,0.21039443350338108,0.2372002296612232,0.02680579615784212
3,2010,DB70_3,DB70,587499.5384229121,6352499.942973814,Cluster 2,0.1361348944117176,0.15505650310389166,0.018921608692174047
3,2010,DB71_3,DB71,587499.4899705768,6357499.898755164,Cluster 3,0.13783947679016637,0.1600647077930876,0.02222523100292123
3,2010,DB72_3,DB72,587499.4900431393,6362499.784009084,Cluster 3,0.13871796416351428,0.16688130742699614,0.028163343263481855
3,2010,DB73_3,DB73,587499.4724052523,6367499.8200299665,Cluster 3,0.13732785982026485,0.17745895886768662,0.040131099047421764
3,2010,DB74_3,DB74,587499.4405852477,6372499.784163884,Cluster 3,0.15519614183479347,0.20364261752211635,0.04844647568732288
3,2010,DB75_3,DB75,587499.4508390957,6377499.788968703,Cluster 3,0.17646542286128028,0.19491090970801617,0.018445486846735887
3,2010,DB77_3,DB77,587499.4197526195,6387499.582648063,Cluster 3,0.16282466132473178,0.21507064168921797,0.05224598036448619
3,2010,DB78_3,DB78,587499.3735523641,6392499.482754864,Cluster 3,0.17600359957707473,0.24604042459886755,0.07003682502179281
3,2010,DB79_3,DB79,587499.3020525747,6397499.533405255,Cluster 1,0.21076168826689523,0.2210494611944965,0.010287772927601274
3,2010,DB80_3,DB80,592499.4685152426,6352499.8696485795,Cluster 2,0.15769545332796384,0.1710813875163468,0.013385934188382964
3,2010,DB81_3,DB81,592499.4687914647,6357499.903263027,Cluster 2,0.15746169940552923,0.1840735381004549,0.02661183869492567
3,2010,DB82_3,DB82,592499.4395459738,6362499.8651057985,Cluster 2,0.1722852018665109,0.20093421902411057,0.028649017157599682
3,2010,DB83_3,DB83,592499.43704912,6367499.867802329,Cluster 3,0.16241847149678657,0.2315707782101766,0.06915230671339004
3,2010,DB89_3,DB89,592499.276854376,6397499.389086184,Cluster 3,0.18026647159347592,0.19267944196312375,0.012412970369647836
3,2010,DC00_3,DC00,552499.7981343176,6302499.822003722,Cluster 3,0.22657791371674724,0.3648952930818813,0.13831737936513405
3,2010,DC01_3,DC01,552499.82723216,6307499.828336293,Cluster 3,0.20074094874671725,0.33613046599505975,0.1353895172483425
3,2010,DC02_3,DC02,552499.7944827778,6312499.871378481,Cluster 3,0.1399036877614053,0.257597875156626,0.11769418739522072
3,2010,DC03_3,DC03,552499.7615257066,6317499.840557125,Cluster 3,0.13487535133380427,0.23175190337657353,0.09687655204276927
3,2010,DC04_3,DC04,552499.7262227507,6322499.847153073,Cluster 3,0.14644740401901643,0.2606255931128364,0.11417818909381997
3,2010,DC05_3,DC05,552499.6892463007,6327499.779825433,Cluster 3,0.17086781033108517,0.1964811887548903,0.025613378423805122
3,2010,DC06_3,DC06,552499.7089843368,6332499.750624621,Cluster 2,0.142608884201872,0.16268835488744057,0.020079470685568562
3,2010,DC10_3,DC10,557499.8206087413,6302499.8354761265,Cluster 3,0.10438695775146767,0.1986504678439286,0.09426351009246092
3,2010,DC11_3,DC11,557499.7664055785,6307499.841569215,Cluster 3,0.1431156088103581,0.26009953097501776,0.11698392216465966
3,2010,DC12_3,DC12,557499.7547180243,6312499.886004784,Cluster 3,0.11053441183727952,0.17958433164456683,0.06904991980728731
3,2010,DC13_3,DC13,557499.7253695964,6317499.856604637,Cluster 3,0.14698708628962157,0.2889027087234508,0.14191562243382924
3,2010,DC14_3,DC14,557499.73675981,6322499.865488209,Cluster 3,0.18114181739398214,0.29910664409503834,0.11796482670105621
3,2010,DC15_3,DC15,557499.7273178204,6327499.9117859565,Cluster 3,0.16211685201346068,0.2653538051118612,0.1032369530984005
3,2010,DC16_3,DC16,557499.6978451451,6332499.884155993,Cluster 3,0.12024294375671182,0.1759346237365546,0.055691679979842784
3,2010,DC17_3,DC17,557499.7080623058,6337499.783408084,Cluster 3,0.13527492893802054,0.1515148102144145,0.016239881276393975
3,2010,DC18_3,DC18,557499.693518839,6342499.831295908,Cluster 3,0.1323708252698496,0.163185246632252,0.030814421362402394
3,2010,DC19_3,DC19,557499.6565704292,6347499.805162802,Cluster 3,0.13296707169822192,0.19320413476699994,0.06023706306877802
3,2010,DC20_3,DC20,562499.7978840575,6302499.938668321,Cluster 3,0.12836132499496475,0.14105715393192855,0.012695828936963804
3,2010,DC21_3,DC21,562499.7828758188,6307499.956366545,Cluster 3,0.10722200592972955,0.19897176039500958,0.09174975446528003
3,2010,DC22_3,DC22,562499.7944753097,6312499.901183143,Cluster 2,0.12433689564694589,0.1745517015877567,0.05021480594081082
3,2010,DC23_3,DC23,562499.7692934149,6317499.883481737,Cluster 3,0.12932771244519795,0.19051407961014258,0.06118636716494463
3,2010,DC24_3,DC24,562499.7065775642,6322499.903231546,Cluster 3,0.14244215332774582,0.25305644939130034,0.11061429606355452
3,2010,DC25_3,DC25,562499.7284663095,6327499.850920295,Cluster 3,0.1991566101716501,0.22144350235692725,0.022286892185277157
3,2010,DC26_3,DC26,562499.7110273131,6332499.835998577,Cluster 3,0.16346799117390667,0.25939298241116227,0.09592499123725559
3,2010,DC27_3,DC27,562499.653506505,6337499.858435164,Cluster 3,0.11920741316570639,0.16189510885426572,0.04268769568855933
3,2010,DC28_3,DC28,562499.677609729,6342499.808717862,Cluster 3,0.12764197574325212,0.14273077784378801,0.015088802100535897
3,2010,DC29_3,DC29,562499.6598339697,6347499.796296316,Cluster 3,0.1190817078396882,0.14814472228500247,0.02906301444531427
3,2010,DC30_3,DC30,567499.8116184272,6302499.909548791,Cluster 3,0.11632063514662007,0.17558892310449123,0.05926828795787116
3,2010,DC31_3,DC31,567499.7755507686,6307499.948179211,Cluster 3,0.11536120946774456,0.17986836530505285,0.06450715583730829
3,2010,DC32_3,DC32,567499.8096190846,6312499.914980982,Cluster 2,0.13865466155507908,0.14134256402595052,0.002687902470871445
3,2010,DC33_3,DC33,567499.7285674406,6317499.918270218,Cluster 2,0.14276234777588992,0.14415983432440604,0.0013974865485161247
3,2010,DC34_3,DC34,567499.7138947316,6322499.9609747855,Cluster 3,0.1487198998171304,0.1963381677111496,0.047618267894019184
3,2010,DC35_3,DC35,567499.7056084871,6327499.930768742,Cluster 3,0.12425786657123356,0.17638316825832137,0.052125301687087816
3,2010,DC36_3,DC36,567499.7009201018,6332499.938928539,Cluster 3,0.10418263264129933,0.19930101520291557,0.09511838256161624
3,2010,DC37_3,DC37,567499.6402083595,6337499.873123914,Cluster 3,0.13448918561848694,0.19005338494087462,0.05556419932238768
3,2010,DC38_3,DC38,567499.6416704057,6342499.846609377,Cluster 2,0.13174100364793997,0.1371489785025927,0.0054079748546527195
3,2010,DC39_3,DC39,567499.6437902323,6347499.858365299,Cluster 3,0.12767461690585472,0.1604406068715609,0.03276598996570618
3,2010,DC40_3,DC40,572499.8148650045,6302499.969526697,Cluster 3,0.19533997031649886,0.32314974768408644,0.12780977736758758
3,2010,DC41_3,DC41,572499.821296516,6307499.929013042,Cluster 3,0.24283062962569218,0.3242489636654506,0.0814183340397584
3,2010,DC42_3,DC42,572499.8176624437,6312499.927039073,Cluster 3,0.15105485205365313,0.281496352786023,0.13044150073236985
3,2010,DC43_3,DC43,572499.74222273,6317499.962513002,Cluster 3,0.13742400144665692,0.15045628356835133,0.01303228212169441
3,2010,DC44_3,DC44,572499.7175155998,6322499.926215099,Cluster 2,0.12710515045843934,0.1639173966443645,0.03681224618592516
3,2010,DC45_3,DC45,572499.6797881541,6327499.928359153,Cluster 2,0.13996933445330592,0.15027276054064811,0.010303426087342193
3,2010,DC46_3,DC46,572499.6885857979,6332499.969974242,Cluster 2,0.13865610213173044,0.15738591312005837,0.018729810988327933
3,2010,DC47_3,DC47,572499.623733883,6337499.937596269,Cluster 3,0.14210021049136443,0.15455522426890908,0.012455013777544655
3,2010,DC48_3,DC48,572499.603288505,6342499.944623605,Cluster 3,0.1296190767552219,0.2006382780066133,0.07101920125139138
3,2010,DC49_3,DC49,572499.6280012622,6347499.879714389,Cluster 3,0.14777732803210794,0.23228396236256932,0.08450663433046138
3,2010,DC50_3,DC50,577499.8267759397,6302500.006971771,Cluster 3,0.1472915108544321,0.2546798668286025,0.1073883559741704
3,2010,DC51_3,DC51,577499.8137447787,6307500.007805302,Cluster 3,0.1875352205897642,0.2378006308058846,0.05026541021612038
3,2010,DC52_3,DC52,577499.834045176,6312500.04834203,Cluster 3,0.17071576167683894,0.1979129689090687,0.027197207232229764
3,2010,DC53_3,DC53,577499.7670313121,6317500.014979401,Cluster 3,0.14640539577925865,0.18612673232677118,0.03972133654751253
3,2010,DC54_3,DC54,577499.7312211716,6322500.021252586,Cluster 3,0.1400048317147141,0.18936947271778853,0.049364641003074444
3,2010,DC55_3,DC55,577499.7274828481,6327499.95582334,Cluster 2,0.14996301471879547,0.16509056448608928,0.015127549767293802
3,2010,DC56_3,DC56,577499.6899038834,6332500.0401362395,Cluster 3,0.13012541516135778,0.16493160326524675,0.03480618810388897
3,2010,DC57_3,DC57,577499.6237474973,6337499.940236413,Cluster 3,0.14476153729318184,0.23436317997172962,0.08960164267854778
3,2010,DC58_3,DC58,577499.5821444269,6342499.991146208,Cluster 3,0.15255270703555618,0.23940991658538732,0.08685720954983114
3,2010,DC59_3,DC59,577499.5701581707,6347499.85890772,Cluster 3,0.11444657032373823,0.18185464180578287,0.06740807148204464
3,2010,DC64_3,DC64,582499.7765719168,6322500.023200316,Cluster 3,0.14461019856951138,0.2602680508276066,0.11565785225809525
3,2010,DC65_3,DC65,582499.6844180265,6327500.009486454,Cluster 3,0.15965903777772494,0.21721635914049814,0.057557321362773195
3,2010,DC66_3,DC66,582499.6641215326,6332500.036631212,Cluster 3,0.12106429717650725,0.2342952652451534,0.11323096806864615
3,2010,DC67_3,DC67,582499.5955405355,6337499.9908788875,Cluster 2,0.12725204079358357,0.14619362692675872,0.018941586133175148
3,2010,DC68_3,DC68,582499.5962293316,6342499.98591674,Cluster 3,0.13793402874396046,0.1409955044141079,0.0030614756701474455
3,2010,DC69_3,DC69,582499.5463454451,6347499.907984794,Cluster 3,0.11473502109499474,0.16807182762537184,0.053336806530377104
3,2010,DC77_3,DC77,587499.6195055665,6337499.979054764,Cluster 3,0.15407787160429554,0.17205392440547004,0.017976052801174508
3,2010,DC78_3,DC78,587499.5403913431,6342500.0374559825,Cluster 3,0.13238499577267351,0.15138697724655842,0.019001981473884905
3,2010,DC79_3,DC79,587499.5162126686,6347499.914135292,Cluster 2,0.18477799839652814,0.20713040528439713,0.022352406887868992
3,2010,DC88_3,DC88,592499.5554882973,6342500.036549577,Cluster 3,0.15931116424790445,0.2631525677027072,0.10384140345480272
3,2010,DC89_3,DC89,592499.4952561076,6347499.988268283,Cluster 3,0.14913426739019714,0.21699005912950073,0.06785579173930359
3,2010,DD00_3,DD00,552499.8856748668,6252499.714341889,Cluster 3,0.13766811123702258,0.15188275819485964,0.014214646957837057
3,2010,DD01_3,DD01,552499.8788040339,6257499.789576381,Cluster 3,0.1400399068312699,0.2671955419415241,0.1271556351102542
3,2010,DD02_3,DD02,552499.8180619746,6262499.790504193,Cluster 3,0.1367126440438216,0.27017407462081,0.1334614305769884
3,2010,DD03_3,DD03,552499.8245235039,6267499.829924205,Cluster 3,0.13610542699123276,0.20975725454634575,0.07365182755511299
3,2010,DD04_3,DD04,552499.8372124677,6272499.79574306,Cluster 3,0.1506548101479898,0.18418861605098868,0.0335338059029989
3,2010,DD05_3,DD05,552499.7926802624,6277499.7984718,Cluster 3,0.1250610571851191,0.21011932674518524,0.08505826956006615
3,2010,DD06_3,DD06,552499.8129379287,6282499.83961058,Cluster 3,0.15120841390436157,0.19344074994906868,0.04223233604470711
3,2010,DD07_3,DD07,552499.8372333928,6287499.807062139,Cluster 3,0.12965916247839096,0.15340419620906567,0.023745033730674714
3,2010,DD08_3,DD08,552499.8023283664,6292499.811338297,Cluster 3,0.14958665562011764,0.23484546097171632,0.08525880535159869
3,2010,DD09_3,DD09,552499.8297948928,6297499.853941188,Cluster 3,0.2055048838220417,0.2986309234625077,0.09312603964046598
3,2010,DD10_3,DD10,557499.856180533,6252499.733037651,Cluster 3,0.14578101762838552,0.22694961465938382,0.0811685970309983
3,2010,DD11_3,DD11,557499.8762522964,6257499.80687196,Cluster 3,0.12569588568300627,0.2345540460557321,0.10885816037272583
3,2010,DD12_3,DD12,557499.8255147779,6262499.806363893,Cluster 3,0.14455559393245537,0.20151073258041724,0.05695513864796187
3,2010,DD13_3,DD13,557499.8249050891,6267499.844455846,Cluster 3,0.14216674465243787,0.15319379856186033,0.011027053909422463
3,2010,DD14_3,DD14,557499.8135712934,6272499.808981645,Cluster 3,0.13323107988643995,0.18380102826567102,0.05056994837923107
3,2010,DD15_3,DD15,557499.7892618318,6277499.811214283,Cluster 3,0.13431014282107095,0.17333408173371556,0.03902393891264461
3,2010,DD16_3,DD16,557499.812499,6282499.851962599,Cluster 3,0.12151627214347001,0.23048713163842102,0.10897085949495101
3,2010,DD17_3,DD17,557499.8226555676,6287499.819056403,Cluster 3,0.11896435704543112,0.20208232662318962,0.0831179695777585
3,2010,DD18_3,DD18,557499.815944289,6292499.935076535,Cluster 3,0.16539414509759362,0.29002260318729917,0.12462845808970555
3,2010,DD19_3,DD19,557499.7962017705,6297499.866076322,Cluster 3,0.16727668131044637,0.22513807996819607,0.057861398657749696
3,2010,DD20_3,DD20,562499.8979436193,6252499.742285932,Cluster 3,0.12435250505555158,0.17792197999936832,0.05356947494381674
3,2010,DD21_3,DD21,562499.8222470335,6257499.8229469415,Cluster 3,0.20565317989162205,0.3116546686958993,0.10600148880427726
3,2010,DD22_3,DD22,562499.8437607648,6262499.831936724,Cluster 3,0.15683031201070957,0.15700573770522552,1.7542569451595158e-4
3,2010,DD23_3,DD23,562499.8366991177,6267499.878709972,Cluster 2,0.13425324684994777,0.14679277915313171,0.012539532303183942
3,2010,DD24_3,DD24,562499.8019624483,6272499.851935544,Cluster 3,0.10909010092028255,0.19674313091203846,0.087653029991755907
3,2010,DD25_3,DD25,562499.7984971092,6277499.863793937,Cluster 3,0.18074893046252233,0.22027179063111413,0.0395228601685918
3,2010,DD26_3,DD26,562499.825335824,6282499.914256911,Cluster 3,0.14484615326248348,0.2473804289416174,0.10253427567913392
3,2010,DD27_3,DD27,562499.8219761638,6287499.891081318,Cluster 3,0.13816487537253516,0.202287184226898,0.06412230885436285
3,2010,DD28_3,DD28,562499.7860176418,6292499.905539777,Cluster 3,0.11820725681251713,0.19574313785390662,0.07753588104138949
3,2010,DD29_3,DD29,562499.8388001381,6297499.959425464,Cluster 3,0.12411363019944947,0.23822639691194533,0.11411276671249586
3,2010,DD30_3,DD30,567499.9045343413,6252499.740139163,Cluster 3,0.13105954403423592,0.16279261783962545,0.03173307380538953
3,2010,DD31_3,DD31,567499.8570273767,6257499.839340627,Cluster 3,0.16085437236858066,0.2727025060201041,0.11184813365152343
3,2010,DD32_3,DD32,567499.828239428,6262499.866039669,Cluster 3,0.15156165441003425,0.1556425463412403,0.00408089193120606
3,2010,DD33_3,DD33,567499.8172067807,6267499.820205018,Cluster 3,0.12720242551798908,0.15501871667070038,0.02781629115271131
3,2010,DD34_3,DD34,567499.8194050347,6272499.924406495,Cluster 3,0.14493902308897022,0.15001634407182823,0.0050773209828580135
3,2010,DD35_3,DD35,567499.839200209,6277499.844712948,Cluster 3,0.1295325611633077,0.2658904480603821,0.1363578868970744
3,2010,DD36_3,DD36,567499.8090130293,6282499.914013644,Cluster 3,0.15737564879927643,0.2699474342114719,0.11257178541219545
3,2010,DD37_3,DD37,567499.854039139,6287499.911641263,Cluster 3,0.14752160721792132,0.2652999611745203,0.117778353956599
3,2010,DD38_3,DD38,567499.8490636005,6292499.946900631,Cluster 3,0.13965659259867183,0.24430048050928127,0.10464388791060944
3,2010,DD39_3,DD39,567499.7951241602,6297499.908455915,Cluster 3,0.159860722278746,0.22144095667638986,0.061580234397643846
3,2010,DD40_3,DD40,572499.8910228461,6252499.837507532,Cluster 3,0.12566910522207114,0.19810404138399232,0.07243493616192118
3,2010,DD41_3,DD41,572499.874319164,6257499.853998432,Cluster 3,0.11889660513281704,0.2262950478445387,0.10739844271172165
3,2010,DD42_3,DD42,572499.8594056569,6262499.798046281,Cluster 3,0.1298265352771991,0.17489606430153018,0.04506952902433109
3,2010,DD43_3,DD43,572499.8414943474,6267499.892215765,Cluster 3,0.10729946416896348,0.18770727446052776,0.08040781029156428
3,2010,DD44_3,DD44,572499.8234187007,6272499.913879938,Cluster 3,0.14052525035139474,0.14601654714671003,0.0054912967953152925
3,2010,DD45_3,DD45,572499.8655449218,6277499.864061472,Cluster 3,0.12318757565090625,0.25798143720389816,0.1347938615529919
3,2010,DD46_3,DD46,572499.840314927,6282499.96321855,Cluster 3,0.13665083148866802,0.2401638467702621,0.10351301528159407
3,2010,DD47_3,DD47,572499.8119906547,6287499.989774233,Cluster 3,0.16651297868822598,0.2951538551090473,0.1286408764208213
3,2010,DD48_3,DD48,572499.8407176494,6292499.944752331,Cluster 3,0.13744997136405676,0.22474124936233758,0.08729127799828082
3,2010,DD49_3,DD49,572499.8623283049,6297499.938366378,Cluster 3,0.14439347158953345,0.24050617287170153,0.09611270128216809
3,2010,DD50_3,DD50,577499.9397466873,6252499.812573781,Cluster 3,0.14258162853675188,0.15781764456775932,0.015236016031007438
3,2010,DD51_3,DD51,577499.8911025693,6257499.866573606,Cluster 3,0.14009683286182828,0.19971463491768968,0.059617802055861396
3,2010,DD52_3,DD52,577499.8890167333,6262499.849300526,Cluster 3,0.15739546969116106,0.17565476104100858,0.018259291349847523
3,2010,DD53_3,DD53,577499.8687690438,6267499.87089236,Cluster 3,0.13801304655315386,0.19223118587453666,0.05421813932138281
3,2010,DD54_3,DD54,577499.8907825949,6272499.932445059,Cluster 3,0.13507286894883297,0.17726321854091806,0.04219034959208509
3,2010,DD55_3,DD55,577499.8332206182,6277499.920372668,Cluster 3,0.13436553643305635,0.17743698430224134,0.04307144786918499
3,2010,DD56_3,DD56,577499.8770683125,6282499.949325528,Cluster 3,0.11662032259303283,0.19168794281455698,0.07506762022152415
3,2010,DD57_3,DD57,577499.8373202452,6287500.015885937,Cluster 3,0.16060420403062814,0.2623016254201461,0.10169742138951798
3,2010,DD58_3,DD58,577499.8375017444,6292500.010978917,Cluster 3,0.13453340991653515,0.2180206839581649,0.08348727404162976
3,2010,DD59_3,DD59,577499.8764129576,6297499.934571228,Cluster 3,0.151503313040212,0.23118659263590033,0.07968327959568833
3,2010,DD60_3,DD60,582499.940339671,6252499.885439505,Cluster 2,0.14878461637194307,0.16641292355040216,0.01762830717845909
3,2010,DD61_3,DD61,582499.9243567707,6257499.87675696,Cluster 3,0.12285046218762766,0.1984129521578563,0.07556248997022863
3,2010,DD62_3,DD62,582499.9358377454,6262499.908196272,Cluster 2,0.14668123405314726,0.16454541324210725,0.017864179188959994
3,2010,DD63_3,DD63,582499.9142568866,6267499.867230073,Cluster 2,0.14032182733372187,0.15225660325756066,0.011934775923838792
3,2010,DD64_3,DD64,582499.9156895869,6272499.97761661,Cluster 3,0.17702946891287086,0.17950115000035488,0.0024716810874840234
3,2010,DD65_3,DD65,582499.8841101133,6277499.904232946,Cluster 3,0.15949301704641458,0.2644843969658509,0.10499137991943633
3,2010,DD66_3,DD66,582499.8732595991,6282499.982137032,Cluster 3,0.15876548161498427,0.16937701945773798,0.010611537842753704
3,2010,DD70_3,DD70,587499.9756611895,6252499.834294763,Cluster 3,0.16017718682475182,0.25818741669320133,0.09801022986844951
3,2010,DD71_3,DD71,587499.9294289971,6257499.883005279,Cluster 2,0.14270988039572954,0.2012636885674977,0.05855380817176817
3,2010,DD72_3,DD72,587499.9576007758,6262499.861898324,Cluster 2,0.1382404094437614,0.1652242622425529,0.026983852798791508
3,2010,DD80_3,DD80,592499.9965185599,6252499.880145047,Cluster 3,0.14384275005961142,0.24391885530851615,0.10007610524890473
3,2010,DD81_3,DD81,592499.9849260056,6257499.886210558,Cluster 2,0.22790493862515537,0.25053810146808186,0.02263316284292649
3,2010,DD82_3,DD82,592499.9668241483,6262499.932545572,Cluster 3,0.1282798920819045,0.18924225465004324,0.06096236256813875
3,2010,DD90_3,DD90,597499.9603299614,6252499.909862781,Cluster 3,0.10370207341842012,0.21548153616508844,0.11177946274666832
3,2010,DD91_3,DD91,597499.9845591482,6257499.88334208,Cluster 2,0.1576305605094562,0.17069555535130104,0.01306499484184484
3,2010,DD92_3,DD92,597499.985225495,6262499.8971402,Cluster 2,0.16692980308761646,0.22834519655103797,0.06141539346342151
3,2010,DE00_3,DE00,552500.0397736444,6202499.815031244,Cluster 3,0.15443313890597704,0.18370847200172744,0.029275333095750394
3,2010,DE01_3,DE01,552500.0522177635,6207499.735317095,Cluster 3,0.12642035239433938,0.19537965410470617,0.0689593017103668
3,2010,DE02_3,DE02,552500.0156842017,6212499.692870375,Cluster 3,0.14521729131199357,0.19666858783317884,0.05145129652118527
3,2010,DE03_3,DE03,552499.9918704326,6217499.688423337,Cluster 3,0.18477922309438904,0.2080204958826709,0.023241272788281864
3,2010,DE04_3,DE04,552500.0421838384,6222499.722709725,Cluster 2,0.17181996842795916,0.2550000904687785,0.08318012204081932
3,2010,DE05_3,DE05,552499.9808522139,6227499.682127924,Cluster 2,0.17145236628728028,0.21159062367790982,0.04013825739062954
3,2010,DE06_3,DE06,552499.9921946748,6232499.680225857,Cluster 3,0.14030140320805942,0.22273962469593078,0.08243822148787136
3,2010,DE07_3,DE07,552499.9514282229,6237499.715456871,Cluster 3,0.150467359755166,0.25907742893677344,0.10861006918160743
3,2010,DE08_3,DE08,552499.9212557683,6242499.677255443,Cluster 2,0.16187820364877464,0.172490975597326,0.01061277194855137
3,2010,DE09_3,DE09,552499.8995816319,6247499.676892661,Cluster 3,0.1331720991001808,0.2282137986709804,0.09504169957079961
3,2010,DE10_3,DE10,557499.9926700045,6202499.753927617,Cluster 3,0.14070048559390094,0.1763817614796554,0.035681275885754454
3,2010,DE11_3,DE11,557500.0121679712,6207499.781346942,Cluster 3,0.14398278887771437,0.26534078444283604,0.12135799556512167
3,2010,DE12_3,DE12,557500.0298874964,6212499.735544217,Cluster 3,0.15851328395765912,0.25271481789113515,0.09420153393347602
3,2010,DE13_3,DE13,557499.9814049272,6217499.726953041,Cluster 3,0.12622687913830033,0.18646121153453277,0.06023433239623244
3,2010,DE14_3,DE14,557499.9919643814,6222499.645914316,Cluster 3,0.12851872419200794,0.21672580599015864,0.0882070817981507
3,2010,DE15_3,DE15,557499.9955708939,6227499.714159249,Cluster 3,0.13985097871817903,0.17450804138218753,0.0346570626640085
3,2010,DE16_3,DE16,557499.9944713496,6232499.709069772,Cluster 3,0.15616053170208916,0.27250132171036484,0.11634079000827569
3,2010,DE17_3,DE17,557499.9260181622,6237499.629782909,Cluster 2,0.21409766152216728,0.22736204052185743,0.013264378999690157
3,2010,DE18_3,DE18,557499.9103897591,6242499.700531681,Cluster 3,0.18228269932948396,0.23425308213284768,0.05197038280336372
3,2010,DE19_3,DE19,557499.8878559844,6247499.697860005,Cluster 3,0.14040573429731387,0.2418982583855854,0.10149252408827153
3,2010,DE20_3,DE20,562500.0084597974,6202499.807410175,Cluster 3,0.13400197931643812,0.17332898576440545,0.03932700644796733
3,2010,DE21_3,DE21,562499.9761553103,6207499.728242607,Cluster 3,0.14746338547568186,0.17415127976462239,0.026687894288940528
3,2010,DE22_3,DE22,562499.9864572511,6212499.688075669,Cluster 3,0.15603420858114003,0.20828330095978054,0.052249092378640505
3,2010,DE23_3,DE23,562499.9761974189,6217499.685978896,Cluster 3,0.14812013522068532,0.22287814304532924,0.07475800782464392
3,2010,DE24_3,DE24,562500.0067694888,6222499.722828891,Cluster 3,0.12853114100761778,0.2391143809013583,0.11058323989374053
3,2010,DE25_3,DE25,562499.9547079823,6227499.685494073,Cluster 3,0.1374638365762629,0.2648965649126132,0.1274327283363503
3,2010,DE26_3,DE26,562499.9418520522,6232499.687049095,Cluster 3,0.14460323496517544,0.26699086530315075,0.12238763033797531
3,2010,DE27_3,DE27,562499.9672399207,6237499.727467009,Cluster 2,0.1645534894913887,0.23787805281247804,0.07332456332108933
3,2010,DE28_3,DE28,562499.9078480179,6242499.69361065,Cluster 2,0.15260959418502656,0.21688202867977888,0.06427243449475231
3,2010,DE29_3,DE29,562499.8850704462,6247499.698559415,Cluster 3,0.1378259333403833,0.19281768057170684,0.05499174723132355
3,2010,DE30_3,DE30,567499.9818457006,6202499.750937081,Cluster 3,0.12790598175161316,0.21198001331346597,0.08407403156185281
3,2010,DE31_3,DE31,567499.95756106,6207499.79836426,Cluster 2,0.15475123937609914,0.1693616219276525,0.014610382551553364
3,2010,DE32_3,DE32,567499.9610612297,6212499.773586951,Cluster 3,0.15845645696119903,0.20735440083647158,0.04889794387527255
3,2010,DE33_3,DE33,567499.991388455,6217499.67657536,Cluster 3,0.19756363871291052,0.23212039362172418,0.03455675490881366
3,2010,DE34_3,DE34,567499.981947577,6222499.728908503,Cluster 3,0.20050434983077198,0.3220798698400208,0.12157552000924882
3,2010,DE35_3,DE35,567499.9354850466,6227499.707971843,Cluster 3,0.2131435192064772,0.25986653644591967,0.04672301723944247
3,2010,DE36_3,DE36,567499.9734866512,6232499.726984239,Cluster 3,0.13000112483084394,0.2446198076729374,0.11461868284209345
3,2010,DE37_3,DE37,567499.910766697,6237499.671688164,Cluster 3,0.13068936082017163,0.22571117980390404,0.09502181898373241
3,2010,DE38_3,DE38,567499.9288161611,6242499.767579349,Cluster 2,0.1408973904851598,0.18211684080434057,0.041219450319180756
3,2010,DE39_3,DE39,567499.9064195943,6247499.790080435,Cluster 2,0.18697434733922622,0.24715253087932004,0.06017818354009383
3,2010,DE40_3,DE40,572499.9259428019,6202499.806681671,Cluster 3,0.11806481509443378,0.21085379236376034,0.09278897726932656
3,2010,DE41_3,DE41,572499.9762135199,6207499.768940775,Cluster 3,0.14074216110475948,0.174066174730991,0.033324013626231525
3,2010,DE42_3,DE42,572499.9735447941,6212499.769307227,Cluster 3,0.1513904733015403,0.21992339283940077,0.06853291953786048
3,2010,DE43_3,DE43,572499.9812662832,6217499.697508556,Cluster 3,0.20440959353279037,0.2579671854584946,0.05355759192570425
3,2010,DE44_3,DE44,572499.9325161695,6222499.7750477465,Cluster 3,0.21034344268967559,0.3046590392481303,0.09431559655845473
3,2010,DE45_3,DE45,572499.9563057558,6227499.670118789,Cluster 3,0.25873029236948436,0.2595589723748803,8.28680005395932e-4
3,2010,DE46_3,DE46,572499.9838101824,6232499.715519001,Cluster 3,0.15527526194116878,0.2218568562919904,0.06658159435082162
3,2010,DE47_3,DE47,572499.9559022341,6237499.687581973,Cluster 3,0.15745572951736755,0.1699286661813394,0.01247293666397184
3,2010,DE48_3,DE48,572499.9317868989,6242499.698620851,Cluster 2,0.15015185707094594,0.1632169318151924,0.013065074744246452
3,2010,DE49_3,DE49,572499.9104865338,6247499.748605974,Cluster 3,0.15411765266667546,0.1615457344422508,0.007428081775575329
3,2010,DE50_3,DE50,577499.9212493428,6202499.864100323,Cluster 2,0.17891587086326383,0.25908809744650696,0.08017222658324313
3,2010,DE51_3,DE51,577499.9222648653,6207499.748870433,Cluster 3,0.1717460442204595,0.2098271867955643,0.03808114257510481
3,2010,DE52_3,DE52,577499.9764963645,6212499.785257158,Cluster 3,0.14226474787358723,0.2011235475490625,0.058858799675475276
3,2010,DE53_3,DE53,577499.9623265731,6217499.7484121,Cluster 3,0.15174961158871275,0.23913598463078564,0.08738637304207289
3,2010,DE55_3,DE55,577499.9679888003,6227499.7932537105,Cluster 2,0.20742545253308986,0.24494707525132597,0.037521622718236114
3,2010,DE56_3,DE56,577499.9877266791,6232499.7635885775,Cluster 3,0.24199392220126628,0.29663387719690426,0.05463995499563798
3,2010,DE57_3,DE57,577499.9334297109,6237499.771854244,Cluster 3,0.15207156603286456,0.16739658201643623,0.015325015983571666
3,2010,DE58_3,DE58,577499.9280268631,6242499.820266743,Cluster 2,0.13720767146676482,0.1559113909652987,0.01870371949853389
3,2010,DE59_3,DE59,577499.9105668445,6247499.796377554,Cluster 2,0.1477257098690315,0.15811132825753532,0.010385618388503826
3,2010,DE66_3,DE66,582499.9419179015,6232499.758382413,Cluster 2,0.17702702923119806,0.19831255904472445,0.021285529813526383
3,2010,DE67_3,DE67,582499.9858796117,6237499.815066368,Cluster 3,0.15269067359496577,0.17021403827267748,0.017523364677711706
3,2010,DE68_3,DE68,582499.940157057,6242499.798316628,Cluster 3,0.14448783461050832,0.2788685240113637,0.13438068940085537
3,2010,DE69_3,DE69,582499.925380716,6247499.821784631,Cluster 3,0.11291073080033966,0.21260439556937058,0.09969366476903092
3,2010,DE75_3,DE75,587499.9822943644,6227499.740914788,Cluster 3,0.2002069063743772,0.20702667210897782,0.006819765734600608
3,2010,DE78_3,DE78,587499.9809427367,6242499.8550773095,Cluster 3,0.11487427788756963,0.1863776908235724,0.07150341293600276
3,2010,DE79_3,DE79,587499.9718824326,6247499.824550713,Cluster 3,0.139773389540747,0.25087527672737425,0.11110188718662725
3,2010,DE84_3,DE84,592499.9550939988,6222499.799698218,Cluster 3,0.1407053950250468,0.19124828736119118,0.05054289233614437
3,2010,DE85_3,DE85,592500.0141816582,6227499.78733749,Cluster 3,0.1609359599644927,0.23040289663440292,0.06946693666991022
3,2010,DE86_3,DE86,592500.0119548003,6232499.814113551,Cluster 3,0.12102762758369735,0.21375262741140955,0.09272499982771219
3,2010,DE87_3,DE87,592500.011741156,6237499.7700439,Cluster 3,0.1419229536306229,0.21711870666856162,0.07519575303793871
3,2010,DE88_3,DE88,592500.0074987623,6242499.877671048,Cluster 3,0.1337474334539582,0.263673097191546,0.12992566373758782
3,2010,DE89_3,DE89,592500.0052482311,6247499.803093614,Cluster 3,0.14902476658071498,0.2843322214693635,0.1353074548886485
3,2010,DE90_3,DE90,597499.937235394,6202499.867768866,Cluster 2,0.18371544312938423,0.205899699765072,0.022184256635687766
3,2010,DE94_3,DE94,597499.973766844,6222499.817559282,Cluster 3,0.1488623398021571,0.2538248559267624,0.1049625161246053
3,2010,DE96_3,DE96,597499.9776650518,6232499.7592064515,Cluster 3,0.14797500102603914,0.25307525733448666,0.10510025630844752
3,2010,DE97_3,DE97,597500.0164649216,6237499.792208735,Cluster 3,0.14303396301801102,0.2679383299964297,0.12490436697841867
3,2010,DE98_3,DE98,597499.9749128878,6242499.864260202,Cluster 3,0.146859750235283,0.2532792757680102,0.10641952553272718
3,2010,DE99_3,DE99,597499.9781003586,6247499.86686593,Cluster 3,0.12516941435743523,0.22379980961327325,0.09863039525583803
3,2010,DF00_3,DF00,552500.0821818158,6152499.918017617,Cluster 3,0.1499039556218912,0.21782996950986305,0.06792601388797184
3,2010,DF01_3,DF01,552500.0434295452,6157499.903279973,Cluster 3,0.16217990172838875,0.20857193746324185,0.04639203573485309
3,2010,DF02_3,DF02,552500.0249240466,6162499.926827057,Cluster 3,0.16955636119638617,0.25611480706924866,0.08655844587286249
3,2010,DF04_3,DF04,552500.0484365653,6172499.866101065,Cluster 3,0.154554219144952,0.2106558953252653,0.05610167618031331
3,2010,DF05_3,DF05,552500.0248900052,6177499.8923083795,Cluster 2,0.1718147855449055,0.2091134544006573,0.03729866885575178
3,2010,DF06_3,DF06,552500.0201864875,6182499.845409598,Cluster 3,0.14116484666226833,0.16960277560547285,0.028437928943204516
3,2010,DF07_3,DF07,552500.0322634379,6187499.836667846,Cluster 3,0.15520496246561555,0.24691741205300824,0.09171244958739269
3,2010,DF08_3,DF08,552499.9978258526,6192499.865300811,Cluster 3,0.19611716328783746,0.3313111700470038,0.13519400675916632
3,2010,DF09_3,DF09,552500.0427085381,6197499.8215051675,Cluster 3,0.13740922696399172,0.22164511830054784,0.08423589133655612
3,2010,DF10_3,DF10,557500.0539540383,6152499.913491488,Cluster 3,0.1515689407428613,0.21476728278518092,0.06319834204231961
3,2010,DF14_3,DF14,557500.0426793615,6172499.947726307,Cluster 3,0.15334185647444934,0.2219668818759262,0.06862502540147686
3,2010,DF15_3,DF15,557500.0018913269,6177499.856621167,Cluster 3,0.12801039392858768,0.22385923601555968,0.095848842086972
3,2010,DF16_3,DF16,557500.0236227086,6182499.915863126,Cluster 3,0.1436552419288789,0.2638004007488604,0.1201451588199815
3,2010,DF17_3,DF17,557499.9860512931,6187499.789903091,Cluster 3,0.13334377096948746,0.20895436576200305,0.07561059479251558
3,2010,DF18_3,DF18,557500.0093904075,6192499.814239048,Cluster 3,0.15624022427137765,0.2777599131113252,0.12151968883994754
3,2010,DF19_3,DF19,557500.0331405934,6197499.765436237,Cluster 3,0.16391902309149764,0.17906521743860204,0.015146194347104402
3,2010,DF20_3,DF20,562500.08334866,6152499.927340711,Cluster 3,0.14647943832579086,0.19071175692232414,0.04423231859653329
3,2010,DF24_3,DF24,562500.0367152442,6172499.862543065,Cluster 3,0.17825992953651298,0.1961014530493694,0.017841523512856422
3,2010,DF25_3,DF25,562499.9763535939,6177499.886270679,Cluster 3,0.14633683760721036,0.24033856587658803,0.09400172826937767
3,2010,DF26_3,DF26,562499.9653456258,6182499.837874897,Cluster 3,0.13092196457812286,0.18267316656061475,0.05175120198249189
3,2010,DF27_3,DF27,562500.0011427227,6187499.828616493,Cluster 3,0.14153723121632486,0.21831259018923704,0.07677535897291218
3,2010,DF28_3,DF28,562499.9576474453,6192499.856666409,Cluster 3,0.16236257360891568,0.29651550615408095,0.13415293254516528
3,2010,DF29_3,DF29,562499.9609393289,6197499.812510072,Cluster 3,0.12105204209318943,0.19892511403673685,0.07787307194354742
3,2010,DF30_3,DF30,567500.0600414778,6152499.957596392,Cluster 2,0.1801514356445536,0.2095139763311633,0.029362540686609706
3,2010,DF31_3,DF31,567500.0347013446,6157499.951350236,Cluster 3,0.1893728139731973,0.28143355323439645,0.09206073926119915
3,2010,DF37_3,DF37,567499.9700276025,6187499.839556279,Cluster 3,0.1945583010068569,0.3149891399222168,0.12043083891535988
3,2010,DF38_3,DF38,567499.9855262494,6192499.88279332,Cluster 3,0.17396484553990801,0.29708370390859923,0.12311885836869121
3,2010,DF39_3,DF39,567499.9689031657,6197499.852938899,Cluster 3,0.14097756979509468,0.20523692546278557,0.06425935566769089
3,2010,DF40_3,DF40,572500.0649841583,6152499.8935916675,Cluster 3,0.18624626101302855,0.19869730971242958,0.01245104869940103
3,2010,DF41_3,DF41,572500.0874127243,6157499.909943095,Cluster 3,0.21235821974750846,0.31842315664402515,0.10606493689651669
3,2010,DF48_3,DF48,572499.9843263607,6192499.890549853,Cluster 3,0.1769843057320488,0.2267850002764105,0.0498006945443617
3,2010,DF49_3,DF49,572499.9503513994,6197499.773365588,Cluster 3,0.15467252125287506,0.15817984625225343,0.003507324999378364
3,2010,DF50_3,DF50,577500.1106004395,6152499.957711743,Cluster 2,0.26627247697776824,0.31187948038642327,0.045607003408655034
3,2010,DF51_3,DF51,577500.0572356211,6157499.892787818,Cluster 3,0.14237695400189837,0.2515625948629716,0.10918564086107324
3,2010,DF52_3,DF52,577500.0677353318,6162499.979763222,Cluster 1,0.2035369087571669,0.2143741215251766,0.010837212768009696
3,2010,DF59_3,DF59,577499.9181351293,6197499.795993284,Cluster 2,0.21366444594838427,0.25535535320904384,0.041690907260659577
3,2010,DF60_3,DF60,582500.0903572468,6152499.924879827,Cluster 3,0.19370314711689932,0.1937837933066323,8.064618973299686e-5
3,2010,DF61_3,DF61,582500.0863001315,6157499.901682529,Cluster 3,0.15295071099253033,0.1759908218643177,0.023040110871787367
3,2010,DF62_3,DF62,582500.0688732299,6162499.91803773,Cluster 3,0.14032207007984596,0.2511470917072663,0.11082502162742033
3,2010,DF70_3,DF70,587500.0815321453,6152499.907091927,Cluster 3,0.1577308246480614,0.21775767852933656,0.060026853881275155
3,2010,DF71_3,DF71,587500.064427627,6157499.934001944,Cluster 3,0.13847312936246226,0.2420437106894888,0.10357058132702654
3,2010,DF72_3,DF72,587500.0831289394,6162499.89047789,Cluster 2,0.20811943296261728,0.2289355126842553,0.020816079721638014
3,2010,DF80_3,DF80,592500.1000892023,6152499.904054666,Cluster 3,0.23805443574756227,0.3030431595680261,0.0649887238204638
3,2010,DF81_3,DF81,592500.1360954175,6157499.880622524,Cluster 3,0.16491932283501093,0.2327146010081813,0.06779527817317038
3,2010,DF96_3,DF96,597500.0114531335,6182499.907238431,Cluster 3,0.15677628228053422,0.20417310340465775,0.04739682112412352
3,2010,DF97_3,DF97,597499.9710038947,6187499.863307686,Cluster 3,0.13267704402151598,0.1776820699810332,0.04500502595951722
3,2010,DF98_3,DF98,597499.9873134624,6192499.861592982,Cluster 1,0.19885686024605756,0.22592056253868875,0.027063702292631192
3,2010,DG00_3,DG00,552500.1089325006,6102499.820040352,Cluster 2,0.23178492193864775,0.2343293659946408,0.0025444440559930503
3,2010,DG07_3,DG07,552500.0776589774,6137499.8553233305,Cluster 3,0.16387545356073993,0.28139264961293836,0.11751719605219843
3,2010,DG08_3,DG08,552500.0980597695,6142499.949654789,Cluster 3,0.223688679714378,0.27550800819924093,0.051819328484862925
3,2010,DG09_3,DG09,552500.0800114883,6147499.859026643,Cluster 3,0.15842697351845172,0.24432391645912774,0.08589694294067601
3,2010,DG14_3,DG14,557500.0859443847,6122499.842967669,Cluster 3,0.18309909672056587,0.2809228615663466,0.09782376484578073
3,2010,DG15_3,DG15,557500.1128352805,6127499.926189727,Cluster 3,0.15213383795188884,0.26742145676239026,0.11528761881050142
3,2010,DG16_3,DG16,557500.0859944862,6132499.9357982185,Cluster 3,0.16872583728061574,0.2191289759087284,0.05040313862811266
3,2010,DG17_3,DG17,557500.0682798454,6137499.872589368,Cluster 3,0.17304644826987522,0.22163651238149198,0.04859006411161676
3,2010,DG18_3,DG18,557500.0560698126,6142499.959101104,Cluster 3,0.16469080809058603,0.20593871683484907,0.04124790874426304
3,2010,DG19_3,DG19,557500.051534985,6147499.972744273,Cluster 2,0.21067650750541084,0.22824444450438322,0.017567936998972383
3,2010,DG22_3,DG22,562500.0912223725,6112499.9040538985,Cluster 1,0.2665836072803608,0.277477635929475,0.010894028649114207
3,2010,DG23_3,DG23,562500.0828425015,6117499.910760884,Cluster 3,0.17683774729172042,0.29416655532654684,0.11732880803482643
3,2010,DG24_3,DG24,562500.1336018639,6122499.845666463,Cluster 3,0.16357889013161722,0.2791971611603438,0.1156182710287266
3,2010,DG25_3,DG25,562500.112409009,6127499.929512105,Cluster 3,0.1439286299944657,0.24282033016667176,0.09889170017220605
3,2010,DG26_3,DG26,562500.085315404,6132499.940609023,Cluster 3,0.14196570837509676,0.20029903989672357,0.05833333152162681
3,2010,DG27_3,DG27,562500.1149576314,6137499.879825633,Cluster 3,0.17047718078912588,0.20098899185393937,0.030511811064813488
3,2010,DG28_3,DG28,562500.0706574302,6142499.967904787,Cluster 3,0.1601732727909434,0.2283302487332976,0.0681569759423542
3,2010,DG29_3,DG29,562500.0814846822,6147499.984051399,Cluster 3,0.14948055756741532,0.2169629864044564,0.06748242883704109
3,2010,DG33_3,DG33,567500.1053109345,6117499.863251292,Cluster 3,0.15573330767306423,0.2711989309525621,0.11546562327949786
3,2010,DG34_3,DG34,567500.1228144517,6122499.919391854,Cluster 3,0.1445463849842972,0.22812256537504766,0.08357618039075046
3,2010,DG35_3,DG35,567500.1194090074,6127499.9028383605,Cluster 3,0.16620287451838828,0.19431378545433436,0.028110910935946087
3,2010,DG36_3,DG36,567500.0926647738,6132499.924840984,Cluster 3,0.14914902804667013,0.19022262605505866,0.04107359800838853
3,2010,DG37_3,DG37,567500.1069042278,6137499.875061364,Cluster 3,0.14112492350090491,0.23625016268842106,0.09512523918751614
3,2010,DG38_3,DG38,567500.0944806039,6142499.975064417,Cluster 3,0.15005965074190727,0.22790652491034322,0.07784687416843594
3,2010,DG39_3,DG39,567500.0597612784,6147499.890981247,Cluster 2,0.18997227194215996,0.19749030882212304,0.00751803687996308
3,2010,DG41_3,DG41,572500.1270477285,6107499.844195573,Cluster 3,0.16982746812350397,0.22541570692882318,0.05558823880531921
3,2010,DG42_3,DG42,572500.1240832573,6112499.841285639,Cluster 3,0.1808206219183798,0.26062157663700763,0.07980095471862783
3,2010,DG43_3,DG43,572500.0844316228,6117499.87702596,Cluster 3,0.16747625340119457,0.2919012470991262,0.12442499369793161
3,2010,DG44_3,DG44,572500.1345045101,6122499.95346573,Cluster 3,0.16286677123021145,0.23136214557999868,0.06849537434978722
3,2010,DG45_3,DG45,572500.0844221165,6127499.956186771,Cluster 3,0.1784761999247945,0.2037555266931145,0.02527932676832001
3,2010,DG46_3,DG46,572500.123968225,6132499.888275696,Cluster 3,0.16615348818312015,0.21138937307857758,0.045235884895457434
3,2010,DG47_3,DG47,572500.1215920995,6137499.970183186,Cluster 3,0.1902036789241048,0.2214414547640495,0.031237775839944693
3,2010,DG48_3,DG48,572500.0801946897,6142499.979324352,Cluster 3,0.14557683716141118,0.23014777073211692,0.08457093357070575
3,2010,DG49_3,DG49,572500.0622560608,6147499.916709808,Cluster 3,0.17073147454024198,0.19706202488694935,0.026330550346707365
3,2010,DG51_3,DG51,577500.0918429886,6107499.86185285,Cluster 3,0.19709349476751323,0.325211142174737,0.12811764740722378
3,2010,DG52_3,DG52,577500.0899779424,6112499.887439063,Cluster 3,0.15420096143232778,0.24953046228157463,0.09532950084924685
3,2010,DG53_3,DG53,577500.1013102453,6117499.841510532,Cluster 3,0.15591488319298996,0.2335116577211162,0.07759677452812624
3,2010,DG54_3,DG54,577500.1209952927,6122499.946588742,Cluster 3,0.1748000332642621,0.20523320033019263,0.030433167065930522
3,2010,DG55_3,DG55,577500.0903837337,6127499.86770983,Cluster 3,0.17076409829976597,0.243455569337626,0.07269147103786003
3,2010,DG56_3,DG56,577500.129765069,6132499.940893321,Cluster 3,0.1532496220263487,0.19387477744076573,0.040625155414417025
3,2010,DG57_3,DG57,577500.1151194031,6137499.9413368525,Cluster 3,0.16545838424454132,0.21440053226097183,0.048942148016430514
3,2010,DG58_3,DG58,577500.1070374141,6142499.981399613,Cluster 3,0.16388346392596118,0.21242117818072986,0.04853771425476869
3,2010,DG59_3,DG59,577500.1065061892,6147499.949774658,Cluster 3,0.18076741526387344,0.1944897187600006,0.013722303496127158
3,2010,DG60_3,DG60,582500.1033814047,6102499.898955876,Cluster 3,0.20066733547833826,0.26596119597176426,0.065293860493426
3,2010,DG61_3,DG61,582500.1087734731,6107499.811257644,Cluster 3,0.20682989320234596,0.3282175660776436,0.12138767287529761
3,2010,DG62_3,DG62,582500.1086388057,6112499.874676149,Cluster 3,0.22085840037954982,0.3615499609900746,0.14069156061052476
3,2010,DG63_3,DG63,582500.106121318,6117499.866638746,Cluster 3,0.15605440131561035,0.25534602806133877,0.09929162674572842
3,2010,DG64_3,DG64,582500.0981873247,6122499.898389105,Cluster 3,0.13466095299799474,0.23931515246718812,0.10465419946919338
3,2010,DG65_3,DG65,582500.1494407246,6127499.859806266,Cluster 3,0.1428509055792868,0.2204335966692195,0.07758269108993268
3,2010,DG66_3,DG66,582500.1276752406,6132499.971046642,Cluster 3,0.2014903975359506,0.24072394876189848,0.03923355122594788
3,2010,DG67_3,DG67,582500.1017190362,6137499.899436134,Cluster 3,0.18094454167861437,0.21468842627045195,0.03374388459183758
3,2010,DG68_3,DG68,582500.127661447,6142499.979957241,Cluster 3,0.19019848857425373,0.2585785401611771,0.06838005158692337
3,2010,DG69_3,DG69,582500.0820257012,6147499.987659226,Cluster 3,0.18507312523195663,0.23387299053464788,0.04879986530269126
3,2010,DG70_3,DG70,587500.1040743836,6102499.842870175,Cluster 3,0.18023305918943508,0.29819563806267135,0.11796257887323627
3,2010,DG71_3,DG71,587500.1277292037,6107499.8022988215,Cluster 3,0.1728365069355611,0.2963405124512266,0.12350400551566551
3,2010,DG72_3,DG72,587500.1300347799,6112499.912887864,Cluster 3,0.2056464427454705,0.3470940883214553,0.14144764557598477
3,2010,DG73_3,DG73,587500.1165678317,6117499.840793578,Cluster 3,0.13466616431556983,0.2307977812795686,0.09613161696399877
3,2010,DG74_3,DG74,587500.1433676686,6122499.921054047,Cluster 3,0.15656123576053824,0.22979580087994222,0.07323456511940399
3,2010,DG75_3,DG75,587500.1501098787,6127499.929842266,Cluster 3,0.1530738592028164,0.23181424271562776,0.07874038351281135
3,2010,DG76_3,DG76,587500.1358212815,6132499.8671259945,Cluster 3,0.17135466127300036,0.24496937200261248,0.07361471072961212
3,2010,DG77_3,DG77,587500.0951186153,6137499.955423165,Cluster 3,0.21622631733211722,0.27292463138346335,0.05669831405134612
3,2010,DG78_3,DG78,587500.0947161396,6142499.973410007,Cluster 3,0.2260942192038347,0.3106129956882358,0.08451877648440109
3,2010,DG79_3,DG79,587500.133423215,6147499.921055779,Cluster 3,0.17472957701306419,0.23775300920836662,0.06302343219530243
3,2010,DG80_3,DG80,592500.1215643627,6102499.818749571,Cluster 3,0.1647084471875387,0.24838971214793387,0.08368126496039519
3,2010,DG81_3,DG81,592500.1642016799,6107499.834659493,Cluster 3,0.15615838726696768,0.2817804478055019,0.1256220605385342
3,2010,DG82_3,DG82,592500.1719790371,6112499.890489254,Cluster 3,0.1646424651657339,0.2898989439544716,0.1252564787887377
3,2010,DG83_3,DG83,592500.1462224028,6117499.874937038,Cluster 3,0.1678395813634484,0.29090785898418353,0.12306827762073513
3,2010,DG84_3,DG84,592500.1472162764,6122499.900566232,Cluster 3,0.1630463038702423,0.2753456311097059,0.11229932723946359
3,2010,DG85_3,DG85,592500.1125679152,6127499.854749453,Cluster 3,0.14617692435703852,0.21216789025546043,0.0659909658984219
3,2010,DG86_3,DG86,592500.165847554,6132499.851379236,Cluster 3,0.1674702553323675,0.24289124544557905,0.07542099011321154
3,2010,DG87_3,DG87,592500.1155330035,6137499.886446235,Cluster 3,0.1849988833607033,0.2935184428689855,0.10851955950828218
3,2010,DG88_3,DG88,592500.1507311421,6142499.963900514,Cluster 3,0.20588338028398456,0.2649174635446935,0.059034083260708914
3,2010,DG89_3,DG89,592500.1459106059,6147499.969781486,Cluster 1,0.27658102793964673,0.294582218921958,0.018001190982311288
3,2010,DG90_3,DG90,597500.1713315928,6102499.826306785,Cluster 3,0.18880941167405907,0.301326697555781,0.11251728588172194
3,2010,DG91_3,DG91,597500.1723162967,6107499.795391971,Cluster 3,0.16705820548262326,0.27476858405005794,0.10771037856743468
3,2010,DG92_3,DG92,597500.1866216981,6112499.805806173,Cluster 3,0.158325898773149,0.2673181951478521,0.10899229637470309
3,2010,DG93_3,DG93,597500.1493824713,6117499.856123005,Cluster 3,0.15719176218793943,0.2288274419968208,0.07163567980888139
3,2010,DG94_3,DG94,597500.1256288488,6122499.836436391,Cluster 3,0.18142302140980524,0.30767484105350346,0.12625181964369822
3,2010,DG95_3,DG95,597500.1752226814,6127499.859382003,Cluster 3,0.16647111041804466,0.29398221322129403,0.12751110280324937
3,2010,DG96_3,DG96,597500.1698570813,6132499.922134469,Cluster 3,0.1836818401383745,0.3104324857291763,0.12675064559080182
3,2010,DG97_3,DG97,597500.1743571849,6137499.9147871975,Cluster 3,0.1575553557813883,0.26009161570022876,0.10253625991884047
3,2010,DG98_3,DG98,597500.1217638251,6142499.947179923,Cluster 3,0.13159893389309701,0.23719175729075198,0.10559282339765497
3,2010,DG99_3,DG99,597500.1399889182,6147499.910806376,Cluster 1,0.2546544365115028,0.2735508681497167,0.018896431638213862
3,2010,DH06_3,DH06,552500.1885183516,6082499.894090945,Cluster 3,0.18521029230883984,0.2632231613813569,0.07801286907251703
3,2010,DH07_3,DH07,552500.1080240731,6087499.900931246,Cluster 3,0.18387728378334334,0.27995071982026737,0.09607343603692403
3,2010,DH08_3,DH08,552500.1224177002,6092499.835871966,Cluster 3,0.21884987673778217,0.2931327123682038,0.07428283563042165
3,2010,DH09_3,DH09,552500.1002956021,6097499.919942602,Cluster 3,0.19580788661239434,0.23243701448911225,0.036629127876717904
3,2010,DH16_3,DH16,557500.1353999713,6082499.896520629,Cluster 3,0.21606154787243623,0.28520185047630003,0.0691403026038638
3,2010,DH17_3,DH17,557500.1315025091,6087499.894301601,Cluster 3,0.18009219989154254,0.28103589662630524,0.1009436967347627
3,2010,DH18_3,DH18,557500.14150952,6092499.930770529,Cluster 3,0.16949641396119247,0.28290257492615933,0.11340616096496686
3,2010,DH19_3,DH19,557500.1021907555,6097499.893807441,Cluster 3,0.1643377127401038,0.23105151917190958,0.06671380643180577
3,2010,DH26_3,DH26,562500.1313600574,6082499.897424985,Cluster 3,0.1860602096957276,0.22516648572601747,0.03910627603028988
3,2010,DH27_3,DH27,562500.1404915752,6087499.894655372,Cluster 3,0.1571500897257963,0.22701872211383328,0.06986863238803698
3,2010,DH28_3,DH28,562500.1479966408,6092499.930620275,Cluster 3,0.17083408992779783,0.24836266201028032,0.07752857208248248
3,2010,DH36_3,DH36,567500.1276941404,6082499.895786983,Cluster 1,0.22970435389134639,0.23374268601559814,0.004038332124251753
3,2010,DH37_3,DH37,567500.1504468835,6087499.901725202,Cluster 3,0.20679009412523114,0.21443957480686965,0.00764948068163851
3,2010,DH67_3,DH67,582500.150456362,6087499.846226105,Cluster 3,0.2358285570146959,0.29549932843475646,0.05967077142006055
3,2010,DH75_3,DH75,587500.1331639127,6077499.873700988,Cluster 1,0.24072781932627194,0.27816043947833974,0.0374326201520678
3,2010,DH76_3,DH76,587500.1690374067,6082499.854533708,Cluster 3,0.20909969590514563,0.21952882605651491,0.010429130151369287
3,2010,DH85_3,DH85,592500.1356770925,6077499.908513531,Cluster 3,0.19676633889613096,0.21934567593020549,0.022579337034074526
3,2010,DH86_3,DH86,592500.1422768618,6082499.831678937,Cluster 3,0.24626226081659666,0.2586200611279555,0.01235780031135883
3,2010,DH98_3,DH98,597500.1549924235,6092499.78831973,Cluster 1,0.28181973773284663,0.295035653606365,0.013215915873518391
3,2010,DH99_3,DH99,597500.1873019559,6097499.787314182,Cluster 3,0.19845761650959406,0.2911001865197291,0.09264257001013501
3,2010,ED00_3,ED00,602500.0074655657,6252499.92582771,Cluster 3,0.10353401792489915,0.21334466024417145,0.1098106423192723
3,2010,ED01_3,ED01,602500.0069320137,6257499.875294123,Cluster 3,0.1421397480557769,0.17932663695721482,0.037186888901437926
3,2010,ED02_3,ED02,602499.9632342183,6262499.97639951,Cluster 3,0.180550029852785,0.20418890614116733,0.02363887628838232
3,2010,ED03_3,ED03,602500.0034894047,6267500.009511617,Cluster 2,0.19294620877603771,0.24169675875345573,0.04875054997741801
3,2010,EE08_3,EE08,602500.0238220977,6242499.8172161,Cluster 3,0.15788974533601893,0.16439019677628114,0.006500451440262206
3,2010,EE09_3,EE09,602500.0332308657,6247499.906951615,Cluster 3,0.12921828467603155,0.20016253371542153,0.07094424903938998
3,2010,EB03_3,EB03,617499.4041724587,6347499.787013219,Cluster 3,0.20060539312180667,0.2502244697809244,0.04961907665911772
3,2010,EB04_3,EB04,617499.3770303854,6352499.760663346,Cluster 3,0.1550928832043194,0.2508477069744448,0.0957548237701254
3,2010,EB06_3,EB06,622499.452476495,6342499.958876019,Cluster 1,0.2348081409073504,0.2859973893068652,0.0511892483995148
3,2010,EB07_3,EB07,622499.340247113,6347499.802468584,Cluster 3,0.19187558088623966,0.2570536313441592,0.06517805045791955
3,2010,EB08_3,EB08,622499.3295501823,6352499.804013868,Cluster 3,0.16504677139645493,0.2551428890986376,0.09009611770218265
3,2010,EB10_3,EB10,627499.3598611797,6352499.809865731,Cluster 3,0.1562949086693284,0.2130979153329273,0.05680300666359889
3,2010,ED10_3,ED10,607500.0314739328,6252499.92479157,Cluster 2,0.1414784550694273,0.19449638455712379,0.053017929487696486
3,2010,ED11_3,ED11,607500.0045607301,6257499.97145039,Cluster 2,0.12563013005194706,0.20364739662252732,0.07801726657058025
3,2010,ED12_3,ED12,607499.9846502618,6262499.948752708,Cluster 3,0.1947450766976492,0.21309835909048455,0.018353282392835346
3,2010,ED13_3,ED13,607500.0289460056,6267499.969510026,Cluster 3,0.1665697156930621,0.19106102780261175,0.024491312109549662
3,2010,ED20_3,ED20,612500.049310843,6252499.9062306555,Cluster 3,0.10622043508866909,0.21372702679244143,0.10750659170377234
3,2010,ED21_3,ED21,612499.9999244057,6257499.948716197,Cluster 2,0.12890553307031274,0.18568914661270222,0.05678361354238948
3,2010,ED22_3,ED22,612500.0638923836,6262499.925191073,Cluster 3,0.16563770514475573,0.22953693365793845,0.06389922851318272
3,2010,ED23_3,ED23,612500.0489246127,6267500.053278171,Cluster 3,0.14264052118394022,0.22577433331876226,0.08313381213482204
3,2010,ED30_3,ED30,617500.0131436305,6252499.979232868,Cluster 3,0.1422960020927551,0.20378335147859677,0.06148734938584169
3,2010,ED31_3,ED31,617500.0689346831,6257499.919604393,Cluster 2,0.1970858959003409,0.22329851890194366,0.026212623001602764
3,2010,EE05_3,EE05,602500.0291128291,6227499.796893536,Cluster 3,0.13898765310989272,0.22375046445042415,0.08476281134053143
3,2010,EE06_3,EE06,602500.0177116019,6232499.873435614,Cluster 3,0.14724292287750912,0.21325093564584185,0.06600801276833274
3,2010,EE07_3,EE07,602500.0370459903,6237499.880717993,Cluster 3,0.20581673715891827,0.298522763691321,0.09270602653240276
3,2010,EE15_3,EE15,607500.0429033731,6227499.870408693,Cluster 3,0.12302280898689769,0.19781486435592158,0.07479205536902389
3,2010,EE16_3,EE16,607500.0326255038,6232499.819688625,Cluster 3,0.13579134483005348,0.25969688916571865,0.12390554433566517
3,2010,EE17_3,EE17,607500.0336967214,6237499.811088578,Cluster 3,0.17021904803812427,0.3136330349641636,0.14341398692603935
3,2010,EE18_3,EE18,607500.0446534248,6242499.84457169,Cluster 3,0.11152518201864141,0.16666511395428024,0.05513993193563883
3,2010,EE19_3,EE19,607500.0022517216,6247499.918539914,Cluster 2,0.1616756138695275,0.24942220230081702,0.08774658843128952
3,2010,EE27_3,EE27,612500.0178630335,6237499.805356083,Cluster 3,0.13373259092249767,0.22490010162023452,0.09116751069773685
3,2010,EE28_3,EE28,612500.0568845634,6242499.83450955,Cluster 3,0.12128046482566246,0.24041512502425957,0.11913466019859711
3,2010,EE29_3,EE29,612500.0256645977,6247499.904153242,Cluster 2,0.1369144441199506,0.19809449702758722,0.06118005290763662
3,2010,EE39_3,EE39,617500.0586333661,6247499.861813668,Cluster 3,0.14082694431289375,0.24393217804860687,0.10310523373571312
3,2010,EF00_3,EF00,602500.1568967437,6152499.938279047,Cluster 1,0.2291304883016566,0.25391270405830896,0.024782215756652348
3,2010,EF01_3,EF01,602500.110434067,6157499.949953882,Cluster 3,0.15934517694451245,0.22576597118019148,0.06642079423567904
3,2010,EF02_3,EF02,602500.11502745,6162499.892898545,Cluster 3,0.17469691573787305,0.2755557704516402,0.10085885471376715
3,2010,EF06_3,EF06,602500.0299051435,6182499.853612516,Cluster 2,0.1749793937703698,0.1971089391433933,0.0221295453730235
3,2010,EF07_3,EF07,602500.0078381761,6187499.891590624,Cluster 2,0.20250615004857989,0.21161996688924503,0.009113816840665145
3,2010,EF08_3,EF08,602499.9662049786,6192499.859152391,Cluster 1,0.2051679504377165,0.23663861465612981,0.031470664218413325
3,2010,EF09_3,EF09,602499.963655327,6197499.869020305,Cluster 3,0.21589237460820998,0.23182727251810265,0.015934897909892665
3,2010,EF10_3,EF10,607500.16663707,6152499.862016589,Cluster 3,0.1451971058294099,0.177725358875561,0.03252825304615112
3,2010,EF11_3,EF11,607500.176405482,6157499.852075477,Cluster 2,0.20003496391931358,0.2032591990229868,0.0032242351036732286
3,2010,EF45_3,EF45,622500.1133564778,6177499.906438245,Cluster 3,0.16257545149784405,0.18557105109350447,0.022995599595660415
3,2010,EF54_3,EF54,627500.173708827,6172499.894058021,Cluster 2,0.18366494610336018,0.1884332254842461,0.00476827938088592
3,2010,EF55_3,EF55,627500.1632006445,6177499.839703479,Cluster 3,0.1429367657487166,0.19806198887829637,0.055125223129579765
3,2010,EF63_3,EF63,632500.2244002955,6167499.81615931,Cluster 3,0.1887156055911404,0.2100309174306901,0.02131531183954971
3,2010,EF64_3,EF64,632500.1982281193,6172499.854965836,Cluster 3,0.1647635333360654,0.2510939188441455,0.08633038550808012
3,2010,EF65_3,EF65,632500.1855857152,6177499.827314664,Cluster 3,0.14982603150287946,0.29553384219392076,0.1457078106910413
3,2010,EF69_3,EF69,632500.1501958598,6197499.82822393,Cluster 1,0.22563457305844012,0.2510616484382533,0.025427075379813174
3,2010,EF70_3,EF70,637500.234482398,6152499.829759564,Cluster 1,0.2395687923354937,0.24108752671672237,0.0015187343812286813
3,2010,EF71_3,EF71,637500.2314522653,6157499.769810148,Cluster 3,0.18428100228327293,0.25555516101907505,0.07127415873580212
3,2010,EF72_3,EF72,637500.2274973425,6162499.754893564,Cluster 3,0.16926471007949703,0.20961251133487585,0.04034780125537882
3,2010,EF73_3,EF73,637500.2209097057,6167499.784967061,Cluster 3,0.21306895037968482,0.2147400054059964,0.0016710550263115687
3,2010,EF74_3,EF74,637500.2099802837,6172499.859987579,Cluster 3,0.11689296861352265,0.21291009188627671,0.09601712327275407
3,2010,EF75_3,EF75,637500.1965109793,6177499.868648433,Cluster 3,0.22523467609640843,0.2711871027571122,0.04595242666070379
3,2010,EF80_3,EF80,642500.2088201805,6152499.8108049715,Cluster 3,0.2007228179953169,0.22290497521335254,0.022182157218035625
3,2010,EF81_3,EF81,642500.2076575521,6157499.794391641,Cluster 3,0.25736993246220763,0.2860472063917237,0.02867727392951608
3,2010,EF82_3,EF82,642500.2525552853,6162499.825148337,Cluster 3,0.18727401234484126,0.24273158077276655,0.05545756842792529
3,2010,EF83_3,EF83,642500.2193219239,6167499.787668911,Cluster 2,0.2095206407144386,0.25112120368433827,0.04160056296989967
3,2010,EF84_3,EF84,642500.2285859047,6172499.797269886,Cluster 3,0.22635328560761064,0.25567585388794145,0.029322568280330807
3,2010,EF85_3,EF85,642500.21561393,6177499.851854328,Cluster 3,0.15868610238227884,0.23221893405134755,0.07353283166906871
3,2010,EF90_3,EF90,647500.1968096502,6152499.796485673,Cluster 3,0.2009581756564509,0.2154650885230904,0.014506912866639493
3,2010,EF91_3,EF91,647500.2025785598,6157499.7218825305,Cluster 3,0.21361839507503452,0.29283820008470546,0.07921980500967093
3,2010,EF92_3,EF92,647500.2346433615,6162499.805848634,Cluster 3,0.13429284227461477,0.25443285385292563,0.12014001157831086
3,2010,EF93_3,EF93,647500.2356114537,6167499.82370214,Cluster 3,0.23784976288409532,0.3720642108276791,0.13421444794358378
3,2010,EF94_3,EF94,647500.2037785846,6172499.7753932625,Cluster 2,0.23427490675232826,0.23659527645012635,0.002320369697798086
3,2010,EF95_3,EF95,647500.2592736807,6177499.776383813,Cluster 2,0.2058211177540266,0.21554500094097015,0.00972388318694356
3,2010,EF96_3,EF96,647500.2117523269,6182499.820248794,Cluster 3,0.17030486188028102,0.2437153381874683,0.07341047630718728
3,2010,EG00_3,EG00,602500.2075383858,6102499.752554977,Cluster 3,0.2122621853907625,0.28493801827587656,0.07267583288511406
3,2010,EG01_3,EG01,602500.1653777973,6107499.795298992,Cluster 3,0.17690335156727827,0.26391867343588193,0.08701532186860367
3,2010,EG02_3,EG02,602500.1872741627,6112499.769644517,Cluster 3,0.16368791608682082,0.24336946355451525,0.07968154746769443
3,2010,EG03_3,EG03,602500.1419317244,6117499.7838923335,Cluster 3,0.16457180381944506,0.22764025712727154,0.06306845330782648
3,2010,EG04_3,EG04,602500.155513311,6122499.8409451125,Cluster 3,0.1719075344173281,0.2934349663596707,0.12152743194234261
3,2010,EG05_3,EG05,602500.1656467885,6127499.828034153,Cluster 3,0.15121679085585543,0.26979825655819384,0.1185814657023384
3,2010,EG06_3,EG06,602500.1685459674,6132499.856394926,Cluster 3,0.15899583491826888,0.23341709189913737,0.07442125698086849
3,2010,EG07_3,EG07,602500.1629894912,6137499.92599472,Cluster 3,0.15511854659420266,0.25540128274208407,0.10028273614788141
3,2010,EG08_3,EG08,602500.1503424796,6142499.925529002,Cluster 3,0.14210536311344887,0.23305837032815044,0.09095300721470156
3,2010,EG09_3,EG09,602500.129395011,6147499.854962473,Cluster 3,0.20345028279890248,0.24150564157150956,0.03805535877260707
3,2010,EG10_3,EG10,607500.1768091201,6102499.818051623,Cluster 3,0.19888733495779523,0.3239606415031777,0.12507330654538248
3,2010,EG11_3,EG11,607500.1588724807,6107499.833944355,Cluster 3,0.17296386677010656,0.2484695591031598,0.07550569233305324
3,2010,EG12_3,EG12,607500.1894330485,6112499.781570623,Cluster 3,0.16516465222626206,0.28276530326358834,0.11760065103732628
3,2010,EG13_3,EG13,607500.2007176884,6117499.770624214,Cluster 3,0.15712498499105162,0.23221479909936463,0.075089814108313
3,2010,EG14_3,EG14,607500.191500505,6122499.801071322,Cluster 3,0.15461465175406958,0.25127894211757973,0.09666429036351015
3,2010,EG15_3,EG15,607500.1605547919,6127499.872877927,Cluster 3,0.15571591198091456,0.27175364493051746,0.1160377329496029
3,2010,EG16_3,EG16,607500.1727981393,6132499.876283166,Cluster 3,0.15681071887033685,0.2695497089213264,0.11273899005098956
3,2010,EG17_3,EG17,607500.1607226082,6137499.920979434,Cluster 3,0.15005334617261998,0.24239708564362106,0.09234373947100108
3,2010,EG18_3,EG18,607500.1891095479,6142499.897205671,Cluster 3,0.16043388723868746,0.19900026700633508,0.038566379767647624
3,2010,EG19_3,EG19,607500.1905837624,6147499.914653578,Cluster 3,0.19274519959036188,0.21096385848806487,0.018218658897702994
3,2010,EG21_3,EG21,612500.2348921587,6107499.801269529,Cluster 3,0.22290036152281537,0.22776718365852305,0.004866822135707688
3,2010,EG22_3,EG22,612500.2114052242,6112499.729918555,Cluster 3,0.17575841096377073,0.22230153441206338,0.046543123448292645
3,2010,EG23_3,EG23,612500.2139353334,6117499.81291228,Cluster 3,0.15198489782428592,0.2290023588184582,0.07701746099417228
3,2010,EG24_3,EG24,612500.1830770366,6122499.826076767,Cluster 3,0.14856206256689228,0.2503667651258545,0.1018047025589622
3,2010,EG25_3,EG25,612500.1782985982,6127499.882253152,Cluster 3,0.1761324739613739,0.3034156053487885,0.12728313138741457
3,2010,EG26_3,EG26,612500.200980525,6132499.870141038,Cluster 3,0.20739915472607107,0.3439655427183767,0.13656638799230564
3,2010,EG27_3,EG27,612500.1834815647,6137499.899357621,Cluster 3,0.13548542864408702,0.2533992632937503,0.11791383464966326
3,2010,EG30_3,EG30,617500.2479844969,6102499.703469929,Cluster 3,0.2043504430940587,0.23901560587245269,0.03466516277839399
3,2010,EG40_3,EG40,622500.2477358868,6102499.741840948,Cluster 3,0.1543396704209695,0.23555612745365795,0.08121645703268845
3,2010,EG41_3,EG41,622500.2452251216,6107499.731631616,Cluster 3,0.13978428443518162,0.2293398613677386,0.08955557693255697
3,2010,EG42_3,EG42,622500.1778913485,6112499.7629739335,Cluster 3,0.16345729530401396,0.23397799966323518,0.07052070435922123
3,2010,EG76_3,EG76,637500.1687954454,6132499.737980937,Cluster 3,0.18186280901908822,0.2544923903224384,0.0726295813033502
3,2010,EG77_3,EG77,637500.2055718829,6137499.833220863,Cluster 3,0.21140596416234775,0.26491448739453316,0.05350852323218541
3,2010,EG84_3,EG84,642500.1821270094,6122499.752851817,Cluster 3,0.20466681648128396,0.3113700697626918,0.10670325328140787
3,2010,EG85_3,EG85,642500.1759146599,6127499.685259293,Cluster 3,0.18729523900750866,0.2988120053611486,0.11151676635363994
3,2010,EG86_3,EG86,642500.1595471228,6132499.774305279,Cluster 3,0.157732859554948,0.22369419408642002,0.06596133453147202
3,2010,EG87_3,EG87,642500.2018560335,6137499.799481912,Cluster 3,0.18673501862435557,0.22938161394044485,0.042646595316089275
3,2010,EG88_3,EG88,642500.1743270823,6142499.756653693,Cluster 3,0.22621320962581815,0.24516780519025283,0.018954595564434684
3,2010,EG89_3,EG89,642500.1983442176,6147499.761124632,Cluster 3,0.21596557087493243,0.23730765375116392,0.02134208287623149
3,2010,EG94_3,EG94,647500.1901655146,6122499.657195898,Cluster 3,0.23887479375064688,0.3122988638043797,0.07342407005373283
3,2010,EG95_3,EG95,647500.2152539153,6127499.751259625,Cluster 3,0.17505666241745127,0.2932322161817778,0.11817555376432654
3,2010,EG96_3,EG96,647500.1581773825,6132499.777421652,Cluster 3,0.19124118369538565,0.24428731989694963,0.05304613620156398
3,2010,EG97_3,EG97,647500.2075852172,6137499.741983493,Cluster 3,0.17387106790429807,0.18755195521886447,0.013680887314566403
3,2010,EG98_3,EG98,647500.1677108221,6142499.749803021,Cluster 3,0.1925287235006449,0.2533570905472312,0.06082836704658631
3,2010,EG99_3,EG99,647500.2267514672,6147499.807189792,Cluster 3,0.19065544451188304,0.19576755683195124,0.005112112320068196
3,2010,EH08_3,EH08,602500.1620083671,6092499.788471238,Cluster 3,0.21206360937820937,0.27268573245729805,0.06062212307908868
3,2010,EH09_3,EH09,602500.1847436636,6097499.749779848,Cluster 3,0.1804958908961472,0.25425773115307304,0.07376184025692584
3,2010,EH13_3,EH13,607500.2490966875,6067499.876797193,Cluster 3,0.2103874950560811,0.2789301831123964,0.06854268805631533
3,2010,EH14_3,EH14,607500.1881287517,6072499.820997513,Cluster 3,0.22560301786590028,0.2944243964178568,0.0688213785519565
3,2010,EH15_3,EH15,607500.1822916985,6077499.808419616,Cluster 3,0.21812361835291805,0.26860151556172557,0.05047789720880752
3,2010,EH16_3,EH16,607500.1659957448,6082499.837500439,Cluster 1,0.25625591184563107,0.2845445755153468,0.02828866366971572
3,2010,EH17_3,EH17,607500.2047700058,6087499.798479977,Cluster 3,0.2186237480523365,0.2249139125165892,0.006290164464252707
3,2010,EH23_3,EH23,612500.2034834018,6067499.887341654,Cluster 3,0.2528837105332307,0.2645378591363364,0.011654148603105652
3,2010,EH24_3,EH24,612500.212235677,6072499.811950394,Cluster 3,0.17849406971432438,0.2653571511468269,0.08686308143250251
3,2010,EH25_3,EH25,612500.1963975141,6077499.778303541,Cluster 3,0.15610477916907442,0.2517429455968433,0.09563816642776887
3,2010,EH26_3,EH26,612500.2189002938,6082499.787972259,Cluster 3,0.19408645429645707,0.2631724035503541,0.06908594925389702
3,2010,EH27_3,EH27,612500.2170047599,6087499.728058776,Cluster 3,0.1659725317406054,0.22515503674941015,0.05918250500880476
3,2010,EH28_3,EH28,612500.1867045197,6092499.709788004,Cluster 3,0.1763763676777618,0.2293347317362984,0.0529583640585366
3,2010,EH37_3,EH37,617500.189780661,6087499.7680580225,Cluster 3,0.17312807584721143,0.25392345235390057,0.08079537650668914
3,2010,EH38_3,EH38,617500.2326236423,6092499.741423128,Cluster 3,0.180497436767372,0.24802098121863603,0.06752354445126402
3,2010,EH39_3,EH39,617500.2301707517,6097499.75643296,Cluster 3,0.1723118724360724,0.29517403947584714,0.12286216703977473
3,2010,EH49_3,EH49,622500.2536596373,6097499.68413302,Cluster 3,0.2624573747472411,0.2843908888858367,0.021933514138595567
3,2010,EH54_3,EH54,627500.2315571259,6072499.726827907,Cluster 3,0.2364448265804081,0.23902259015838617,0.002577763577978065
3,2010,EH64_3,EH64,632500.2489600373,6072499.714002534,Cluster 3,0.15410258676467212,0.21572554909585337,0.06162296233118125
3,2010,EH66_3,EH66,632500.2653655324,6082499.7089617625,Cluster 1,0.24914922673855305,0.2617041478822549,0.012554921143701825
3,2010,EH67_3,EH67,632500.240557838,6087499.660661096,Cluster 2,0.23106789613525117,0.2449734109949412,0.013905514859690021
3,2010,EH73_3,EH73,637500.2350246185,6067499.714042777,Cluster 3,0.17852672018788524,0.211055798533995,0.03252907834610977
3,2010,EH74_3,EH74,637500.223421336,6072499.668808251,Cluster 2,0.19132734453549918,0.23543475955190402,0.04410741501640483
3,2010,EH75_3,EH75,637500.2391012611,6077499.669303549,Cluster 3,0.2234598048147351,0.3136211685271005,0.09016136371236538
3,2010,EH76_3,EH76,637500.2196151961,6082499.602278083,Cluster 2,0.2139114187600272,0.27359737249289356,0.059685953732866365
3,2010,EH77_3,EH77,637500.2241880391,6087499.580903596,Cluster 2,0.20852314413560688,0.24520112416673673,0.03667798003112985
3,2010,EH78_3,EH78,637500.2511288846,6092499.605141959,Cluster 2,0.2132302236630403,0.25434627456346875,0.04111605090042844
3,2010,EH83_3,EH83,642500.2303255753,6067499.715175096,Cluster 2,0.20757903912239128,0.23475270236135765,0.02717366323896636
3,2010,EH84_3,EH84,642500.2311327682,6072499.703858004,Cluster 3,0.16196214602428538,0.18077902857032532,0.018816882546039942
3,2010,EH85_3,EH85,642500.2474008938,6077499.627137704,Cluster 2,0.1882250395693555,0.22080789844983492,0.03258285888047943
3,2010,EH86_3,EH86,642500.2097630593,6082499.594188381,Cluster 3,0.17108148136211104,0.1904851538759134,0.019403672513802345
3,2010,EH87_3,EH87,642500.2449209422,6087499.609035659,Cluster 2,0.19109862852320583,0.23763731852066824,0.04653868999746241
3,2010,EH88_3,EH88,642500.2264585433,6092499.556320992,Cluster 2,0.2112831959907328,0.26292775906486776,0.05164456307413495
3,2010,EH92_3,EH92,647500.1957499915,6062499.687774925,Cluster 3,0.21873762210128456,0.3261938064689619,0.10745618436767734
3,2010,EH93_3,EH93,647500.2119518482,6067499.673581073,Cluster 3,0.192110436539838,0.2462290190495137,0.05411858250967569
3,2010,EH94_3,EH94,647500.2300924656,6072499.59413029,Cluster 3,0.1816284339778398,0.18542342145860652,0.0037949874807667316
3,2010,EH95_3,EH95,647500.2412025952,6077499.671872045,Cluster 3,0.15851795364850974,0.18799671943299126,0.029478765784481525
3,2010,EH96_3,EH96,647500.2545091603,6082499.573025044,Cluster 3,0.1868537402062394,0.2187322815055332,0.031878541299293794
3,2010,EH97_3,EH97,647500.2573792844,6087499.631286464,Cluster 3,0.154839877738096,0.22153574043276325,0.06669586269466726
3,2010,FE00_3,FE00,652500.2204548502,6202499.884181068,Cluster 3,0.21511906210323342,0.23498338737909147,0.019864325275858047
3,2010,FE10_3,FE10,657500.2140283118,6202499.844869955,Cluster 3,0.15094926393561028,0.22175375110964474,0.07080448717403445
3,2010,FE20_3,FE20,662500.2220386828,6202499.902415118,Cluster 3,0.19113114511190182,0.27645797346426493,0.0853268283523631
3,2010,FE30_3,FE30,667500.2691536737,6202499.833699634,Cluster 3,0.22548510847669892,0.35827160708704553,0.1327864986103466
3,2010,FE40_3,FE40,672500.3008507392,6202499.858164246,Cluster 3,0.15304338021688632,0.28649888731397066,0.13345550709708434
3,2010,FE60_3,FE60,682500.2713181422,6202499.84461653,Cluster 3,0.16987192781585497,0.3012972584911789,0.13142533067532391
3,2010,FE61_3,FE61,682500.341989624,6207499.920597611,Cluster 3,0.14210474134013246,0.26831188876557993,0.12620714742544747
3,2010,FE71_3,FE71,687500.2984424902,6207499.905692995,Cluster 3,0.16580106924325647,0.30623150517288517,0.1404304359296287
3,2010,FE72_3,FE72,687500.363131253,6212499.947936701,Cluster 3,0.19312256069802292,0.3375464927584883,0.1444239320604654
3,2010,FE80_3,FE80,692500.3264155694,6202499.858064589,Cluster 3,0.16996307641030772,0.31111342250372453,0.1411503460934168
3,2010,FE81_3,FE81,692500.373541418,6207499.882120019,Cluster 3,0.17357343090707447,0.32161416865047204,0.14804073774339757
3,2010,FE82_3,FE82,692500.3463343331,6212499.956222788,Cluster 3,0.22390961584483726,0.37139263366375513,0.14748301781891787
3,2010,FE83_3,FE83,692500.3720132804,6217499.974638728,Cluster 3,0.18037446486753816,0.32951868404817775,0.14914421918063958
3,2010,FE90_3,FE90,697500.3555868408,6202499.883863147,Cluster 3,0.1659495560603409,0.292743723616309,0.12679416755596812
3,2010,FE91_3,FE91,697500.3965691917,6207499.840916168,Cluster 3,0.2025508770697835,0.35050057698135567,0.14794969991157217
3,2010,FE92_3,FE92,697500.4091896428,6212499.850916306,Cluster 3,0.16538993253758946,0.27368892317589466,0.1082989906383052
3,2010,FE93_3,FE93,697500.3909917022,6217499.9137929315,Cluster 3,0.15921594014509927,0.18840457111135414,0.029188630966254875
3,2010,FE94_3,FE94,697500.4689643438,6222499.923962992,Cluster 3,0.15288289690351073,0.21839582844353103,0.0655129315400203
3,2010,FF00_3,FF00,652500.2143912867,6152499.7862611525,Cluster 3,0.15145151492681905,0.17883752390409,0.027386008977270948
3,2010,FF01_3,FF01,652500.2248090926,6157499.774261067,Cluster 3,0.13037934773658247,0.22878548673985527,0.0984061390032728
3,2010,FF02_3,FF02,652500.2492441322,6162499.809702141,Cluster 3,0.13860340592179024,0.19272646194483117,0.05412305602304093
3,2010,FF03_3,FF03,652500.2266870057,6167499.7790860785,Cluster 3,0.21189364985004414,0.22645127026489875,0.014557620414854616
3,2010,FF04_3,FF04,652500.2144126588,6172499.795813887,Cluster 3,0.16871632122431265,0.2532023632168787,0.08448604199256607
3,2010,FF05_3,FF05,652500.2143685349,6177499.748581729,Cluster 2,0.2054830066438151,0.24262137634383796,0.03713836970002285
3,2010,FF06_3,FF06,652500.2168219197,6182499.859854026,Cluster 3,0.13962328511144376,0.20321512176416026,0.0635918366527165
3,2010,FF07_3,FF07,652500.231527698,6187499.795811617,Cluster 3,0.13371094729145427,0.2083659034230098,0.07465495613155554
3,2010,FF08_3,FF08,652500.2487440347,6192499.778918769,Cluster 2,0.21033877015980132,0.22662639538769833,0.016287625227897007
3,2010,FF10_3,FF10,657500.2143405195,6152499.777359325,Cluster 3,0.15170111954590895,0.24719240826219716,0.0954912887162882
3,2010,FF11_3,FF11,657500.2348184625,6157499.726247546,Cluster 3,0.13270848242266733,0.22377860528827337,0.09107012286560603
3,2010,FF12_3,FF12,657500.2533010718,6162499.722690075,Cluster 3,0.14152445055008103,0.2650995362757636,0.12357508572568257
3,2010,FF13_3,FF13,657500.2678361252,6167499.766637617,Cluster 3,0.1596399592620574,0.2376178747890094,0.07797791552695199
3,2010,FF14_3,FF14,657500.2804860991,6172499.746787113,Cluster 3,0.13462127408317603,0.22175184387460267,0.08713056979142664
3,2010,FF15_3,FF15,657500.2224905242,6177499.772069843,Cluster 3,0.1662966804418997,0.19897492145000967,0.032678241008109954
3,2010,FF16_3,FF16,657500.2175718555,6182499.846975895,Cluster 3,0.14205924844346954,0.2034121798474327,0.06135293140396317
3,2010,FF17_3,FF17,657500.2675925975,6187499.860202954,Cluster 2,0.20502260464844257,0.21622707284526516,0.011204468196822581
3,2010,FF18_3,FF18,657500.2452246804,6192499.807152677,Cluster 3,0.14664324383184993,0.277562427267191,0.13091918343534106
3,2010,FF19_3,FF19,657500.2697239395,6197499.803575764,Cluster 3,0.20897444819937946,0.242173207493125,0.03319875929374552
3,2010,FF20_3,FF20,662500.2125909128,6152499.769090225,Cluster 3,0.14690869610779017,0.24086092792820207,0.0939522318204119
3,2010,FF21_3,FF21,662500.2406863412,6157499.799661659,Cluster 2,0.1919593520676908,0.2168144838430348,0.024855131775344014
3,2010,FF22_3,FF22,662500.2548913385,6162499.766637423,Cluster 3,0.15081189444075796,0.23754833498141317,0.08673644054065521
3,2010,FF23_3,FF23,662500.2491310743,6167499.781214133,Cluster 3,0.1722973173558067,0.21551969792616485,0.043222380570358154
3,2010,FF24_3,FF24,662500.2884650016,6172499.734430286,Cluster 3,0.15094253286921455,0.29205248799254574,0.1411099551233312
3,2010,FF25_3,FF25,662500.2368262114,6177499.844051934,Cluster 3,0.12108085357079487,0.24380485768138635,0.12272400411059148
3,2010,FF26_3,FF26,662500.2303838229,6182499.780956389,Cluster 3,0.1398637803772026,0.2809212608306327,0.14105748045343008
3,2010,FF27_3,FF27,662500.2586700729,6187499.767595499,Cluster 3,0.12077712371860877,0.22900366451403253,0.10822654079542376
3,2010,FF28_3,FF28,662500.2569147471,6192499.801572185,Cluster 2,0.17093040994141376,0.19561036880663488,0.02467995886522112
3,2010,FF29_3,FF29,662500.2231507814,6197499.882831992,Cluster 3,0.18079762762077764,0.24978654619863305,0.06898891857785541
3,2010,FF30_3,FF30,667500.2250742009,6152499.760797058,Cluster 3,0.14530675307556756,0.26230331343302493,0.11699656035745737
3,2010,FF31_3,FF31,667500.2664735457,6157499.77134995,Cluster 3,0.14027351768855348,0.21989218925277204,0.07961867156421856
3,2010,FF32_3,FF32,667500.2781001843,6162499.71839387,Cluster 2,0.1819188569828975,0.20045571612511837,0.018536859142220863
3,2010,FF33_3,FF33,667500.2537457212,6167499.713120071,Cluster 3,0.15846369416752587,0.20971208333343697,0.051248389165911096
3,2010,FF34_3,FF34,667500.2543204613,6172499.757887186,Cluster 3,0.14512413954779582,0.193845639423268,0.04872149987547217
3,2010,FF35_3,FF35,667500.2819172617,6177499.741394598,Cluster 3,0.1967977088625577,0.2520567447625359,0.055259035899978215
3,2010,FF36_3,FF36,667500.2673523247,6182499.7724213265,Cluster 3,0.12407510854297879,0.2187698170016299,0.0946947084586511
3,2010,FF37_3,FF37,667500.2713154595,6187499.853328593,Cluster 3,0.16386402510545442,0.19862475822566159,0.034760733120207166
3,2010,FF38_3,FF38,667500.2333278777,6192499.870393818,Cluster 3,0.1487359813982322,0.20135492171267416,0.052618940314441975
3,2010,FF39_3,FF39,667500.2764708342,6197499.828398651,Cluster 3,0.16212312358956094,0.29038065592766926,0.12825753233810833
3,2010,FF40_3,FF40,672500.2677202892,6152499.75185617,Cluster 3,0.15438680196021365,0.27978875725552754,0.1254019552953139
3,2010,FF41_3,FF41,672500.2610297143,6157499.749462805,Cluster 3,0.16027101102323862,0.21290631395481296,0.05263530293157434
3,2010,FF42_3,FF42,672500.2674698508,6162499.797357992,Cluster 2,0.17354838515705348,0.19883441875540495,0.025286033598351465
3,2010,FF43_3,FF43,672500.289242156,6167499.784242888,Cluster 3,0.16463677095746326,0.21389736142069754,0.04926059046323428
3,2010,FF44_3,FF44,672500.2569006486,6172499.818821288,Cluster 3,0.17210330636687118,0.20477478428213333,0.03267147791526215
3,2010,FF45_3,FF45,672500.298489102,6177499.7947630705,Cluster 3,0.17715946013926961,0.25812527610330016,0.08096581596403055
3,2010,FF46_3,FF46,672500.2817369283,6182499.818284865,Cluster 3,0.16582095364716737,0.2582856530892806,0.09246469944211322
3,2010,FF50_3,FF50,677500.2932886138,6152499.739124405,Cluster 3,0.1531955623907914,0.2707174108254637,0.11752184843467228
3,2010,FF51_3,FF51,677500.3033863106,6157499.735752224,Cluster 3,0.16383152303492626,0.24919003991209368,0.08535851687716742
3,2010,FF52_3,FF52,677500.247585791,6162499.780240425,Cluster 3,0.18657009086267662,0.20152133626214963,0.014951245399473012
3,2010,FF53_3,FF53,677500.2543300018,6167499.7663993435,Cluster 3,0.14816225164964483,0.23540128666752597,0.08723903501788113
3,2010,FF54_3,FF54,677500.2538217055,6172499.802859116,Cluster 3,0.16771501982154582,0.2962837965791735,0.12856877675762765
3,2010,FF55_3,FF55,677500.2483948858,6177499.778318752,Cluster 3,0.1486603188558301,0.23121923174145456,0.08255891288562447
3,2010,FF56_3,FF56,677500.2940670673,6182499.80652333,Cluster 3,0.2316623824015623,0.2604183303728489,0.028755947971286583
3,2010,FF57_3,FF57,677500.2630915587,6187499.882293927,Cluster 3,0.18411680202397837,0.2442360972703361,0.06011929524635773
3,2010,FF60_3,FF60,682500.2545312074,6152499.719203852,Cluster 3,0.16966362492435486,0.3039791653304597,0.13431554040610486
3,2010,FF61_3,FF61,682500.2832841513,6157499.724413432,Cluster 3,0.1807871094135987,0.31048920981899103,0.12970210040539232
3,2010,FF62_3,FF62,682500.2931610722,6162499.780151567,Cluster 3,0.18376770980619853,0.31819623246738427,0.13442852266118574
3,2010,FF63_3,FF63,682500.286603715,6167499.775118978,Cluster 3,0.14208313014197435,0.2296345772275521,0.08755144708557774
3,2010,FF64_3,FF64,682500.2567777862,6172499.820493967,Cluster 3,0.18819763251302443,0.2605800726494286,0.07238244013640419
3,2010,FF65_3,FF65,682500.2689476068,6177499.807606941,Cluster 2,0.23859305127446487,0.2825536099713022,0.04396055869683732
3,2010,FF66_3,FF66,682500.253306334,6182499.845007382,Cluster 3,0.13434832651688386,0.25022939643335734,0.11588106991647348
3,2010,FF67_3,FF67,682500.2749867147,6187499.824026549,Cluster 3,0.13205303940578525,0.25822057976753465,0.1261675403617494
3,2010,FF69_3,FF69,682500.286269831,6197499.823893157,Cluster 3,0.15330478157871613,0.28455017259541104,0.1312453910166949
3,2010,FF70_3,FF70,687500.2937067151,6152499.696531474,Cluster 3,0.1638527756633066,0.29384574806754166,0.12999297240423505
3,2010,FF71_3,FF71,687500.2797492278,6157499.717192857,Cluster 3,0.16409018419762364,0.22823234546087062,0.06414216126324698
3,2010,FF72_3,FF72,687500.2940864991,6162499.791177767,Cluster 3,0.19032683996288485,0.21800493231420395,0.0276780923513191
3,2010,FF73_3,FF73,687500.276108928,6167499.804490101,Cluster 3,0.17258615554562548,0.29162365145318186,0.11903749590755638
3,2010,FF74_3,FF74,687500.2865121333,6172499.759767374,Cluster 3,0.2095789597368605,0.28976243728025813,0.08018347754339764
3,2010,FF75_3,FF75,687500.3181023151,6177499.768186162,Cluster 3,0.1961448700015739,0.3260115984748907,0.1298667284733168
3,2010,FF76_3,FF76,687500.3057092606,6182499.826981119,Cluster 3,0.22708925634366345,0.3001160765475725,0.07302682020390905
3,2010,FF77_3,FF77,687500.3145880764,6187499.827555462,Cluster 3,0.1565614981652251,0.21417294437219597,0.05761144620697087
3,2010,FF78_3,FF78,687500.2749215045,6192499.878377509,Cluster 3,0.15666330588787905,0.29161366736508215,0.1349503614772031
3,2010,FF79_3,FF79,687500.3143556966,6197499.873560948,Cluster 3,0.18754160278899454,0.3306232072799167,0.14308160449092214
3,2010,FF80_3,FF80,692500.3003915065,6152499.665078906,Cluster 3,0.1600798501029499,0.23548905332266398,0.07540920321971409
3,2010,FF81_3,FF81,692500.3087101678,6157499.713388103,Cluster 3,0.13595274037789978,0.25586957179896547,0.11991683142106568
3,2010,FF82_3,FF82,692500.3342172247,6162499.7039436465,Cluster 3,0.18235532504057284,0.2627866479774819,0.08043132293690908
3,2010,FF83_3,FF83,692500.3066476895,6167499.745143122,Cluster 3,0.2138124527460885,0.26634991231698935,0.052537459570900835
3,2010,FF84_3,FF84,692500.2915752039,6172499.7284601815,Cluster 3,0.21552709407466414,0.3234495972816749,0.10792250320701074
3,2010,FF86_3,FF86,692500.3421648205,6182499.746437445,Cluster 3,0.20445700986419266,0.33196402346371917,0.12750701359952651
3,2010,FF87_3,FF87,692500.3401528873,6187499.778193614,Cluster 3,0.19633222781803022,0.2518180590045407,0.05548583118651046
3,2010,FF88_3,FF88,692500.3360075087,6192499.8630453255,Cluster 3,0.18891977593414333,0.29565480848860215,0.10673503255445882
3,2010,FF89_3,FF89,692500.3322349075,6197499.889691258,Cluster 3,0.18529546411904424,0.26411221904158994,0.0788167549225457
3,2010,FF90_3,FF90,697500.3486702319,6152499.738025841,Cluster 3,0.14124813231071326,0.2424126525260781,0.10116452021536484
3,2010,FF91_3,FF91,697500.3229910781,6157499.709487912,Cluster 2,0.1725026185677612,0.17466965181503824,0.002167033247277045
3,2010,FF92_3,FF92,697500.293774317,6162499.734567302,Cluster 3,0.2552340723751153,0.25854326590873067,0.003309193533615362
3,2010,FF93_3,FF93,697500.3265644838,6167499.704813483,Cluster 3,0.19391182860458522,0.27666049584447505,0.08274866723988983
3,2010,FF94_3,FF94,697500.3508075213,6172499.728548656,Cluster 3,0.25118461997353414,0.27334402094299376,0.02215940096945962
3,2010,FF95_3,FF95,697500.3012456638,6177499.8028586125,Cluster 3,0.21367790446532242,0.2242736274637286,0.010595722998406165
3,2010,FF96_3,FF96,697500.3061860544,6182499.82213949,Cluster 3,0.20917375557560314,0.27299590362459203,0.06382214804898889
3,2010,FF97_3,FF97,697500.3003211509,6187499.7834761925,Cluster 3,0.20342865305875557,0.311320511106788,0.10789185804803242
3,2010,FF98_3,FF98,697500.3387565847,6192499.800885114,Cluster 3,0.17984149194456703,0.2642007814053521,0.08435928946078505
3,2010,FF99_3,FF99,697500.3563003049,6197499.871448284,Cluster 3,0.14858305408819578,0.222462137850477,0.07387908376228122
3,2010,FG04_3,FG04,652500.2116871931,6122499.731481395,Cluster 3,0.15643613366118478,0.26763244509194023,0.11119631143075545
3,2010,FG05_3,FG05,652500.2171045082,6127499.660736048,Cluster 3,0.1968074243797466,0.199999868025377,0.0031924436456303995
3,2010,FG06_3,FG06,652500.1805834217,6132499.7467744155,Cluster 3,0.1684047495638099,0.22600097961400245,0.05759623005019254
3,2010,FG07_3,FG07,652500.1714465149,6137499.7692362005,Cluster 3,0.1431069483621805,0.2442059035651203,0.10109895520293982
3,2010,FG08_3,FG08,652500.1877744175,6142499.728074739,Cluster 3,0.16713652786195216,0.29749852039609315,0.130361992534141
3,2010,FG09_3,FG09,652500.2237905464,6147499.734495867,Cluster 3,0.14941073121363163,0.21278008664903456,0.06336935543540292
3,2010,FG14_3,FG14,657500.2100665862,6122499.639163951,Cluster 3,0.180594968838982,0.2837564642582135,0.1031614954192315
3,2010,FG15_3,FG15,657500.1898129255,6127499.635449556,Cluster 3,0.15181735376640848,0.18669395964797814,0.034876605881569656
3,2010,FG16_3,FG16,657500.1792098745,6132499.679580689,Cluster 2,0.18384082347826156,0.21075476064195275,0.0269139371636912
3,2010,FG17_3,FG17,657500.1763130119,6137499.771510345,Cluster 3,0.14672405546645473,0.23993427275701668,0.09321021729056195
3,2010,FG18_3,FG18,657500.1871278463,6142499.68869132,Cluster 3,0.18314097992596493,0.2625297765360926,0.07938879661012768
3,2010,FG19_3,FG19,657500.1978004752,6147499.764823828,Cluster 3,0.15084660546778797,0.23385925116647566,0.08301264569868769
3,2010,FG24_3,FG24,662500.1893252225,6122499.713272569,Cluster 2,0.18881146399878282,0.2164266128576021,0.027615148858819272
3,2010,FG25_3,FG25,662500.212405978,6127499.6770139495,Cluster 2,0.18651042949397575,0.21943959425990134,0.032929164765925584
3,2010,FG26_3,FG26,662500.2293112001,6132499.688712805,Cluster 3,0.15981806027906797,0.19707785097620978,0.037259790697141804
3,2010,FG27_3,FG27,662500.2380894625,6137499.748319519,Cluster 3,0.15037620260233456,0.2722785008438993,0.12190229824156476
3,2010,FG28_3,FG28,662500.2408897995,6142499.744536591,Cluster 3,0.17494560276030796,0.3151627944130346,0.1402171916527266
3,2010,FG29_3,FG29,662500.2357788663,6147499.677311915,Cluster 3,0.16832149570546442,0.2899849241860053,0.12166342848054087
3,2010,FG33_3,FG33,667500.2205645419,6117499.620359663,Cluster 3,0.18260585518407316,0.2515840171106031,0.06897816192652992
3,2010,FG34_3,FG34,667500.2407739353,6122499.62178409,Cluster 3,0.1723215363556504,0.18522880310177817,0.012907266746127771
3,2010,FG35_3,FG35,667500.2410699656,6127499.67131439,Cluster 2,0.18479885868244578,0.21057197083807588,0.025773112155630107
3,2010,FG36_3,FG36,667500.223709299,6132499.657654755,Cluster 3,0.14917082493075343,0.22070210435866255,0.07153127942790913
3,2010,FG37_3,FG37,667500.2459156871,6137499.694400441,Cluster 3,0.15746053500561616,0.2879892440390413,0.13052870903342514
3,2010,FG38_3,FG38,667500.246432031,6142499.6678515,Cluster 3,0.13784647179139423,0.1878809610793967,0.05003448928800247
3,2010,FG39_3,FG39,667500.2190836334,6147499.6891986625,Cluster 3,0.15483700793254904,0.19502307469320335,0.04018606676065431
3,2010,FG43_3,FG43,672500.2258820928,6117499.596572478,Cluster 3,0.17093232658865798,0.26025416329646883,0.08932183670781085
3,2010,FG44_3,FG44,672500.2404861517,6122499.693047497,Cluster 3,0.168930935886199,0.2598867981655601,0.09095586227936109
3,2010,FG45_3,FG45,672500.2238220301,6127499.726472702,Cluster 3,0.1496151842076304,0.2272460243932151,0.07763084018558469
3,2010,FG46_3,FG46,672500.2374023632,6132499.69926705,Cluster 3,0.16952920969185656,0.3014327228523234,0.13190351316046686
3,2010,FG47_3,FG47,672500.2747216006,6137499.722619677,Cluster 3,0.14374432242218319,0.2742901238666922,0.13054580144450903
3,2010,FG48_3,FG48,672500.2746404527,6142499.682758598,Cluster 3,0.17250660450221078,0.23901823846535203,0.06651163396314125
3,2010,FG49_3,FG49,672500.2308515612,6147499.690869135,Cluster 3,0.21695838978365667,0.2482614708996755,0.031303081116018844
3,2010,FG51_3,FG51,677500.2769194953,6107499.589955671,Cluster 3,0.21414469400140215,0.26987344030952337,0.05572874630812122
3,2010,FG52_3,FG52,677500.260739334,6112499.577837041,Cluster 3,0.184966557098677,0.29118013691964795,0.10621357982097096
3,2010,FG53_3,FG53,677500.2611837294,6117499.616630811,Cluster 3,0.16279993876324728,0.3017876072319533,0.13898766846870603
3,2010,FG54_3,FG54,677500.2760694259,6122499.706284379,Cluster 3,0.16634058418930453,0.2577362593211288,0.09139567513182428
3,2010,FG55_3,FG55,677500.2485989162,6127499.621722549,Cluster 3,0.17852848160807078,0.23135225937923506,0.05282377777116429
3,2010,FG56_3,FG56,677500.2903632673,6132499.70169495,Cluster 3,0.16615615746980258,0.30590644340874185,0.13975028593893926
3,2010,FG57_3,FG57,677500.2811134357,6137499.718577848,Cluster 3,0.14131657523621116,0.2054593252947455,0.06414275005853434
3,2010,FG58_3,FG58,677500.2822108439,6142499.674861006,Cluster 3,0.22235106578916153,0.22495219223121393,0.002601126442052404
3,2010,FG59_3,FG59,677500.2869998979,6147499.681728301,Cluster 3,0.2230725566786949,0.2717166955964231,0.048644138917728175
3,2010,FG60_3,FG60,682500.2334478453,6102499.59563694,Cluster 3,0.15692657087852685,0.25108421440579437,0.09415764352726752
3,2010,FG61_3,FG61,682500.2429297345,6107499.64593825,Cluster 2,0.18234144456349755,0.23172507247242727,0.04938362790892972
3,2010,FG62_3,FG62,682500.2601156291,6112499.636107586,Cluster 3,0.15230342756435694,0.19556267712719647,0.043259249562839525
3,2010,FG63_3,FG63,682500.2782719862,6117499.677322921,Cluster 3,0.14452786263168615,0.26525425836850064,0.12072639573681448
3,2010,FG64_3,FG64,682500.2997839985,6122499.658293756,Cluster 2,0.1870142164423824,0.20433430257626978,0.017320086133887386
3,2010,FG65_3,FG65,682500.2543705795,6127499.687580657,Cluster 3,0.17873875434681996,0.2356585279190319,0.05691977357221195
3,2010,FG66_3,FG66,682500.2715598893,6132499.659124765,Cluster 3,0.16295324230567504,0.3055127593063463,0.14255951700067127
3,2010,FG67_3,FG67,682500.2809808651,6137499.681488141,Cluster 2,0.19674504701828885,0.2429614709567328,0.04621642393844394
3,2010,FG68_3,FG68,682500.2850436782,6142499.643376395,Cluster 2,0.21814630043788646,0.23383567700991237,0.015689376572025904
3,2010,FG69_3,FG69,682500.2769601031,6147499.655967729,Cluster 2,0.18409985990467748,0.20380943265615703,0.019709572751479554
3,2010,FG70_3,FG70,687500.2749447277,6102499.555240454,Cluster 3,0.14750800810485173,0.2767532611361054,0.12924525303125364
3,2010,FG71_3,FG71,687500.2711367387,6107499.614428979,Cluster 2,0.1823389661126331,0.2074375737306937,0.025098607618060598
3,2010,FG72_3,FG72,687500.2596549657,6112499.613608101,Cluster 3,0.18750691480321124,0.24252334935907605,0.0550164345558648
3,2010,FG73_3,FG73,687500.2973089004,6117499.666636524,Cluster 2,0.22170494560343662,0.2661700830426493,0.044465137439212654
3,2010,FG74_3,FG74,687500.3227844504,6122499.659540088,Cluster 2,0.18851650417613372,0.23846638541256082,0.0499498812364271
3,2010,FG75_3,FG75,687500.2656673533,6127499.700801892,Cluster 3,0.1998039493864521,0.23467776418861871,0.034873814802166614
3,2010,FG76_3,FG76,687500.3190664198,6132499.68719706,Cluster 3,0.16216943868504388,0.25605799826254283,0.09388855957749895
3,2010,FG77_3,FG77,687500.2854871633,6137499.721830154,Cluster 3,0.14205777629267305,0.266815674014219,0.12475789772154597
3,2010,FG78_3,FG78,687500.294305089,6142499.698789443,Cluster 3,0.16344345201960508,0.1965733342780194,0.03312988225841432
3,2010,FG79_3,FG79,687500.2751403373,6147499.7265565675,Cluster 3,0.17713977746590986,0.19906634772070847,0.021926570254798605
3,2010,FG80_3,FG80,692500.2601699218,6102499.523256032,Cluster 3,0.13311144693972896,0.21621045845319348,0.08309901151346452
3,2010,FG81_3,FG81,692500.2449257197,6107499.60061101,Cluster 3,0.18666938940988034,0.2012372821574802,0.01456789274759987
3,2010,FG82_3,FG82,692500.270379107,6112499.620822028,Cluster 3,0.2115066830358629,0.22049466351888916,0.008987980483026264
3,2010,FG83_3,FG83,692500.2704610613,6117499.581073102,Cluster 2,0.21977466732292564,0.27196126823672395,0.052186600913798314
3,2010,FG84_3,FG84,692500.3017700722,6122499.5952903135,Cluster 2,0.2217308191192908,0.3121166422361383,0.09038582311684748
3,2010,FG85_3,FG85,692500.2983532327,6127499.660655089,Cluster 2,0.23272679747868993,0.2781377406172928,0.04541094313860286
3,2010,FG86_3,FG86,692500.3263061603,6132499.668636978,Cluster 3,0.17357316656833316,0.2301104790026695,0.05653731243433635
3,2010,FG87_3,FG87,692500.3198407196,6137499.6164119765,Cluster 2,0.18597638778108952,0.18613630205277462,1.5991427168510208e-4
3,2010,FG88_3,FG88,692500.3303715999,6142499.729143381,Cluster 2,0.1760625048358499,0.18759704694599144,0.011534542110141544
3,2010,FG89_3,FG89,692500.3068019298,6147499.670310448,Cluster 3,0.165953415514537,0.199894210371055,0.03394079485651802
3,2010,FG92_3,FG92,697500.24892862665,6112499.542973782,Cluster 3,0.18823381948913948,0.31541152094429886,0.1271777014551594
3,2010,FG93_3,FG93,697500.2722987161,6117499.533765045,Cluster 3,0.15985099147902565,0.20849046210280378,0.04863947062377813
3,2010,FG94_3,FG94,697500.3112419588,6122499.578683486,Cluster 3,0.12593763997349386,0.2047828602534545,0.07884522027996063
3,2010,FG95_3,FG95,697500.3047563492,6127499.563608582,Cluster 2,0.20109270336277996,0.2644779470924146,0.06338524372963467
3,2010,FG96_3,FG96,697500.3091473787,6132499.602535079,Cluster 2,0.19764091680761006,0.26880293476017064,0.07116201795256058
3,2010,FG97_3,FG97,697500.3219843409,6137499.695401272,Cluster 2,0.17857334919458268,0.248662655730985,0.07008930653640233
3,2010,FG98_3,FG98,697500.3508036272,6142499.619688079,Cluster 2,0.203174124592507,0.2513789080223804,0.04820478342987339
3,2010,FG99_3,FG99,697500.3149968215,6147499.706177678,Cluster 3,0.18750297344862774,0.21220825266928958,0.024705279220661847
3,2010,FH01_3,FH01,652500.1476911665,6057499.672137209,Cluster 3,0.22935423660464954,0.29917620156925356,0.06982196496460402
3,2010,FH02_3,FH02,652500.1450141938,6062499.66186962,Cluster 3,0.20691745014709706,0.22595475606902723,0.019037305921930175
3,2010,FH03_3,FH03,652500.1915353996,6067499.6998956185,Cluster 2,0.2033021334210824,0.24431314686813427,0.04101101344705188
3,2010,FH04_3,FH04,652500.1604771961,6072499.670583969,Cluster 3,0.19605443033704617,0.20674534959209254,0.010690919255046366
3,2010,FH05_3,FH05,652500.1788386654,6077499.578235263,Cluster 3,0.1318725329567737,0.2328686761507781,0.1009961431940044
3,2010,FH06_3,FH06,652500.2371696586,6082499.645297011,Cluster 3,0.1303456858778888,0.21441657891272936,0.08407089303484055
3,2010,FH07_3,FH07,652500.2166753336,6087499.533638527,Cluster 3,0.1892172358825292,0.2717092685004545,0.08249203261792531
3,2010,FH08_3,FH08,652500.2325856738,6092499.581303407,Cluster 3,0.23231108695285096,0.2800623928440531,0.047751305891202134
3,2010,FH11_3,FH11,657500.1262107163,6057499.645298414,Cluster 3,0.19168254450192787,0.2972157442296984,0.1055331997277705
3,2010,FH12_3,FH12,657500.1704044837,6062499.696315981,Cluster 3,0.1513784969478243,0.2367887408471113,0.085410243899287
3,2010,FH13_3,FH13,657500.1879686262,6067499.682293598,Cluster 3,0.16259704881675557,0.22793715336596984,0.06534010454921427
3,2010,FH14_3,FH14,657500.1772087506,6072499.60318349,Cluster 3,0.16886040345021383,0.2417614229664148,0.07290101951620098
3,2010,FH15_3,FH15,657500.1967778043,6077499.572426094,Cluster 3,0.15575213234335075,0.2154155268270173,0.05966339448366656
3,2010,FH16_3,FH16,657500.1805786046,6082499.587730882,Cluster 3,0.17543427234924516,0.24309200249706583,0.06765773014782067
3,2010,FH18_3,FH18,657500.2338967368,6092499.540600677,Cluster 3,0.2161743697466118,0.24128718936829746,0.025112819621685656
3,2010,FH21_3,FH21,662500.1301028883,6057499.666921422,Cluster 3,0.20440377210958888,0.28216715309071416,0.07776338098112529
3,2010,FH22_3,FH22,662500.1620149246,6062499.674904235,Cluster 3,0.17094538943809734,0.20204324994665612,0.031097860508558783
3,2010,FH23_3,FH23,662500.1522521604,6067499.6179124275,Cluster 3,0.17604454102467054,0.29141615329785014,0.1153716122731796
3,2010,FH24_3,FH24,662500.1594183256,6072499.609451599,Cluster 3,0.22245729138725964,0.3492905996975848,0.12683330831032516
3,2010,FH25_3,FH25,662500.1815777237,6077499.649476749,Cluster 3,0.15524233408860372,0.23866047291372602,0.0834181388251223
3,2010,FH29_3,FH29,662500.2137666696,6097499.619101521,Cluster 1,0.23293560695447654,0.2599413276374038,0.027005720682927253
3,2010,FH32_3,FH32,667500.1352127434,6062499.596899727,Cluster 3,0.15153221531050293,0.24571004916676054,0.09417783385625761
3,2010,FH33_3,FH33,667500.1600240769,6067499.619644241,Cluster 3,0.17420291249150507,0.29378841978626263,0.11958550729475756
3,2010,FH34_3,FH34,667500.1262541488,6072499.577417303,Cluster 3,0.19466365285506881,0.2545044077438971,0.059840754888828285
3,2010,FH35_3,FH35,667500.156540169,6077499.58618157,Cluster 3,0.2044882485051267,0.2975712049904772,0.09308295648535048
3,2010,FH36_3,FH36,667500.1845546081,6082499.643502697,Cluster 3,0.24171329003552422,0.3005439712022058,0.05883068116668155
3,2010,FH42_3,FH42,672500.1655806476,6062499.575288157,Cluster 3,0.18780907537550406,0.23261893262013927,0.04480985724463521
3,2010,FH43_3,FH43,672500.1619102128,6067499.684537786,Cluster 3,0.19412479671314145,0.2581083719050834,0.06398357519194195
3,2010,FH44_3,FH44,672500.1531629068,6072499.620077815,Cluster 3,0.1691023849954878,0.26683537056858525,0.09773298557309745
3,2010,FH45_3,FH45,672500.128911406,6077499.604325416,Cluster 3,0.18714706647860743,0.2700414192688398,0.08289435279023236
3,2010,FH46_3,FH46,672500.1513759971,6082499.63969187,Cluster 3,0.17131208545129772,0.29278992720832303,0.1214778417570253
3,2010,FH52_3,FH52,677500.1392029081,6062499.604546833,Cluster 3,0.17407171163237165,0.2779497410459837,0.10387802941361204
3,2010,FH53_3,FH53,677500.1172675767,6067499.586923023,Cluster 2,0.23086244558925278,0.2903097637237603,0.05944731813450749
3,2010,FH54_3,FH54,677500.1309098973,6072499.62068056,Cluster 3,0.1692518532689848,0.2684002956785324,0.09914844240954762
3,2010,FH55_3,FH55,677500.1823433801,6077499.594537913,Cluster 3,0.2146885301647764,0.2716237942141919,0.05693526404941551
3,2010,FH56_3,FH56,677500.1366827373,6082499.614611358,Cluster 3,0.20138784687253863,0.28022756727071246,0.07883972039817383
3,2010,FH57_3,FH57,677500.1888842597,6087499.577212903,Cluster 3,0.15805590707767017,0.26294164934794845,0.10488574227027828
3,2010,FH58_3,FH58,677500.2041166634,6092499.588457644,Cluster 3,0.16977478926551726,0.2585518183142563,0.08877702904873902
3,2010,FH62_3,FH62,682500.1400127035,6062499.575180733,Cluster 3,0.17145492524480097,0.29633661695878805,0.12488169171398708
3,2010,FH63_3,FH63,682500.1571327308,6067499.664842146,Cluster 3,0.19248717392129316,0.3061974798585688,0.11371030593727566
3,2010,FH64_3,FH64,682500.1391901771,6072499.580977525,Cluster 3,0.17689540454589672,0.2833284363327424,0.10643303178684568
3,2010,FH65_3,FH65,682500.1394981287,6077499.54859203,Cluster 2,0.22285465588576192,0.23037740486030886,0.007522748974546939
3,2010,FH66_3,FH66,682500.1558782132,6082499.567633862,Cluster 3,0.1473066486914222,0.2508136316593286,0.10350698296790636
3,2010,FH67_3,FH67,682500.1906726429,6087499.526819346,Cluster 3,0.14752281395814612,0.23073574229770413,0.08321292833955801
3,2010,FH68_3,FH68,682500.2371930047,6092499.537326161,Cluster 3,0.15799582519415548,0.22491500811172963,0.06691918291757415
3,2010,FH71_3,FH71,687500.123673068,6057499.554574321,Cluster 3,0.19983222459654912,0.2922396798016722,0.09240745520512308
3,2010,FH72_3,FH72,687500.1143025191,6062499.595132073,Cluster 3,0.1725110070785417,0.20838792063852352,0.03587691355998182
3,2010,FH73_3,FH73,687500.1168201703,6067499.576189147,Cluster 3,0.17416793861474286,0.2808331502942658,0.10666521167952295
3,2010,FH74_3,FH74,687500.1244441366,6072499.608917633,Cluster 3,0.20253683423242122,0.3126866521647242,0.11014981793230297
3,2010,FH75_3,FH75,687500.139621074,6077499.58203556,Cluster 3,0.1574745755891874,0.2288586131440105,0.07138403755482309
3,2010,FH76_3,FH76,687500.1555507714,6082499.606715107,Cluster 3,0.16613899755962866,0.23215756141482694,0.06601856385519828
3,2010,FH77_3,FH77,687500.1746923942,6087499.571672356,Cluster 3,0.15357238304188564,0.2242013404790903,0.07062895743720465
3,2010,FH79_3,FH79,687500.2046274128,6097499.544650838,Cluster 3,0.17296247155505715,0.2889317207900602,0.11596924923500304
3,2010,FH80_3,FH80,692500.0947199763,6052499.611192662,Cluster 3,0.1568965551029579,0.22515374893021664,0.06825719382725873
3,2010,FH81_3,FH81,692500.0242031823,6057499.60869983,Cluster 3,0.17487641845592833,0.23451664403410158,0.05964022557817325
3,2010,FH83_3,FH83,692500.131364359,6067499.547898819,Cluster 3,0.17001671274952027,0.25033427465558505,0.08031756190606479
3,2010,FH84_3,FH84,692500.1064229409,6072499.592479514,Cluster 3,0.16253646755208107,0.21491351603033015,0.05237704847824909
3,2010,FH85_3,FH85,692500.1382373512,6077499.580319139,Cluster 3,0.1578913668551851,0.21702228912755805,0.05913092227237296
3,2010,FH86_3,FH86,692500.160248557,6082499.508615752,Cluster 3,0.1571084379543697,0.2625874519898306,0.10547901403546087
3,2010,FH87_3,FH87,692500.1607475667,6087499.599762127,Cluster 3,0.19731333158810435,0.28025383407851484,0.08294050249041049
3,2010,FH88_3,FH88,692500.2158820927,6092499.522771814,Cluster 3,0.18840036596377288,0.27037532566252126,0.08197495969874838
3,2010,FH89_3,FH89,692500.2497555495,6097499.497289627,Cluster 3,0.15172917722381749,0.2721986548071686,0.12046947758335111
3,2010,FG90_3,FG90,697500.2684456746,6102499.501563041,Cluster 3,0.14177250784067041,0.21267768870021048,0.07090518085954006
3,2010,FG91_3,FG91,697500.2484837822,6107499.495144536,Cluster 3,0.1486030660200927,0.22554147234772728,0.07693840632763457
3,2010,FH95_3,FH95,697500.150730151,6077499.542688702,Cluster 3,0.1800724365344027,0.21524724755408473,0.035174811019682034
3,2010,FH96_3,FH96,697500.1759652141,6082499.495040286,Cluster 3,0.19178723798080766,0.22501876585539843,0.03323152787459077
3,2010,FH97_3,FH97,697500.1691353285,6087499.499120258,Cluster 3,0.21749278229025615,0.23600446357853197,0.018511681288275822
3,2010,FH98_3,FH98,697500.1920739731,6092499.557689017,Cluster 3,0.18554698634069583,0.2618545930102852,0.07630760666958936
3,2010,FH99_3,FH99,697500.2472731089,6097499.559464772,Cluster 3,0.15438711456455134,0.2800445662801351,0.12565745171558373
3,2010,GE00_3,GE00,702500.3468220314,6202499.881296357,Cluster 3,0.16690160868465775,0.28838815304562215,0.1214865443609644
3,2010,GE01_3,GE01,702500.378710623,6207499.892304815,Cluster 3,0.23363207118823107,0.38496165182222736,0.1513295806339963
3,2010,GE02_3,GE02,702500.4334288082,6212499.848059619,Cluster 3,0.1790732548622355,0.31268540881747936,0.13361215395524387
3,2010,GE03_3,GE03,702500.4408437889,6217499.856788846,Cluster 3,0.15529934721215932,0.25100468342579685,0.09570533621363753
3,2010,GE04_3,GE04,702500.4606550329,6222499.921351904,Cluster 2,0.18942525373153324,0.1900630947399353,6.378410084020569e-4
3,2010,GE10_3,GE10,707500.3789717224,6202499.852386592,Cluster 3,0.19706220441963226,0.32437511929201734,0.12731291487238508
3,2010,GE11_3,GE11,707500.409073655,6207499.815850618,Cluster 3,0.22914991893092598,0.3615505595312617,0.1324006406003357
3,2010,GE12_3,GE12,707500.4404434582,6212499.835447987,Cluster 3,0.21126118863243248,0.3240986984921307,0.1128375098596982
3,2010,GE13_3,GE13,707500.4081545363,6217499.908100328,Cluster 3,0.2017258150799367,0.34837328187769134,0.14664746679775464
3,2010,GE14_3,GE14,707500.444826527,6222499.8172854865,Cluster 3,0.14194584663681387,0.23798137507835398,0.09603552844154012
3,2010,GE20_3,GE20,712500.4059752157,6202499.793334916,Cluster 3,0.17812615277010238,0.29915026650144966,0.12102411373134728
3,2010,GE21_3,GE21,712500.431105092,6207499.830216896,Cluster 3,0.2144585539718141,0.3434644489149472,0.1290058949431331
3,2010,GE22_3,GE22,712500.4466481479,6212499.812149445,Cluster 3,0.1670610689927202,0.3007488893753301,0.13368782038260993
3,2010,GE23_3,GE23,712500.4444375301,6217499.850279269,Cluster 3,0.22314460630365787,0.37425587281633566,0.15111126651267778
3,2010,GE24_3,GE24,712500.427285722,6222499.833303753,Cluster 3,0.16533392720457385,0.2500548194077358,0.08472089220316192
3,2010,GE30_3,GE30,717500.4386215332,6202499.814452954,Cluster 3,0.19782686088550122,0.34205992070106606,0.14423305981556483
3,2010,GE31_3,GE31,717500.4664293623,6207499.823270025,Cluster 3,0.16903282599697408,0.2821037876606948,0.11307096166372074
3,2010,GE32_3,GE32,717500.4628353314,6212499.888487851,Cluster 3,0.22369105512270585,0.356468907935159,0.13277785281245316
3,2010,GE33_3,GE33,717500.4363954787,6217499.7875834415,Cluster 3,0.1906332193815308,0.3070566268177008,0.11642340743617
3,2010,GE34_3,GE34,717500.4297171882,6222499.857289503,Cluster 2,0.2146369476124568,0.26722802889451847,0.052591081282061664
3,2010,GE42_3,GE42,722500.4542082316,6212499.8379352,Cluster 3,0.17950548215111242,0.28265066566547503,0.10314518351436261
3,2010,GE43_3,GE43,722500.4569293238,6217499.833379672,Cluster 3,0.2001698668358557,0.328211259327742,0.12804139249188629
3,2010,GF00_3,GF00,702500.3379804895,6152499.686444453,Cluster 3,0.19335170820898928,0.3180845874053957,0.12473287919640641
3,2010,GF01_3,GF01,702500.3385118302,6157499.704640133,Cluster 3,0.20069645391542734,0.25669676215636766,0.05600030824094032
3,2010,GF02_3,GF02,702500.3195119632,6162499.776580491,Cluster 3,0.16174439970667182,0.22582024559434752,0.0640758458876757
3,2010,GF03_3,GF03,702500.351800605,6167499.682659319,Cluster 3,0.1617469784317842,0.28602594861589803,0.12427897018411382
3,2010,GF04_3,GF04,702500.3543900581,6172499.753574929,Cluster 3,0.21144869186381615,0.25780352939622875,0.046354837532412596
3,2010,GF05_3,GF05,702500.3351455712,6177499.7668023845,Cluster 3,0.1585874144620862,0.2506509390954212,0.09206352463333498
3,2010,GF06_3,GF06,702500.3492048995,6182499.8364209505,Cluster 3,0.1654818158866456,0.27553017336927604,0.11004835748263045
3,2010,GF07_3,GF07,702500.3364148074,6187499.84821207,Cluster 3,0.1713886676665218,0.28958376703797517,0.11819509937145337
3,2010,GF08_3,GF08,702500.3569451347,6192499.805028212,Cluster 3,0.19128831290650145,0.3110611890577384,0.11977287615123694
3,2010,GF09_3,GF09,702500.3404156363,6197499.815104434,Cluster 3,0.15991990149274446,0.28448959474798907,0.12456969325524461
3,2010,GF12_3,GF12,707500.3696013235,6162499.715173889,Cluster 2,0.2628071123044896,0.2989027211436778,0.036095608839188165
3,2010,GF13_3,GF13,707500.3300529267,6167499.786107193,Cluster 3,0.17578571082007133,0.2761877726165496,0.10040206179647826
3,2010,GF14_3,GF14,707500.3864467979,6172499.694285468,Cluster 3,0.22746439493473444,0.2749145337406504,0.04745013880591595
3,2010,GF15_3,GF15,707500.3944162552,6177499.767333329,Cluster 3,0.1580551698929761,0.2584139071550709,0.1003587372620948
3,2010,GF16_3,GF16,707500.3620901112,6182499.782727323,Cluster 3,0.18630504989547647,0.3049850776331006,0.11868002773762415
3,2010,GF17_3,GF17,707500.3497072838,6187499.7433876665,Cluster 3,0.20615801532387182,0.3392109017089207,0.1330528863850489
3,2010,GF18_3,GF18,707500.4065654634,6192499.874692895,Cluster 3,0.20883732647876233,0.32711616767527324,0.11827884119651091
3,2010,GF19_3,GF19,707500.358158152,6197499.833901825,Cluster 3,0.17715283422784245,0.2938109482396443,0.11665811401180187
3,2010,GF23_3,GF23,712500.3560583256,6167499.683554069,Cluster 3,0.18906452142980049,0.2978364765239476,0.10877195509414714
3,2010,GF24_3,GF24,712500.3895823077,6172499.769300189,Cluster 3,0.21942978190047097,0.29330676809446815,0.07387698619399719
3,2010,GF25_3,GF25,712500.3693780791,6177499.797558002,Cluster 3,0.18856458620583824,0.3137778189585561,0.12521323275271787
3,2010,GF26_3,GF26,712500.4185002823,6182499.774381583,Cluster 3,0.2105255926221907,0.32403857370343336,0.11351298108124266
3,2010,GF27_3,GF27,712500.403282234,6187499.804788459,Cluster 3,0.1997409920945736,0.327117957952207,0.1273769658576334
3,2010,GF28_3,GF28,712500.3893101846,6192499.780546682,Cluster 3,0.19322866634624725,0.30852555103544294,0.11529688468919569
3,2010,GF29_3,GF29,712500.4309910986,6197499.815875246,Cluster 3,0.18946305988943193,0.29046184302787714,0.10099878313844521
3,2010,GF33_3,GF33,717500.3669444381,6167499.70479759,Cluster 3,0.23192689714109233,0.2569726624544993,0.025045765313406965
3,2010,GF34_3,GF34,717500.390443028,6172499.75522035,Cluster 3,0.19171075976702834,0.2839172704390437,0.09220651067201535
3,2010,GF35_3,GF35,717500.4071713447,6177499.751367931,Cluster 3,0.217896012209371,0.3172789870169242,0.0993829748075532
3,2010,GF36_3,GF36,717500.4089050895,6182499.80438197,Cluster 3,0.21650368753355312,0.31747188716455,0.10096819963099687
3,2010,GF37_3,GF37,717500.398525072,6187499.802966663,Cluster 3,0.20937118722172832,0.3192090531510168,0.10983786592928846
3,2010,GF38_3,GF38,717500.4359702461,6192499.750185389,Cluster 3,0.21760167524336912,0.3506166012567277,0.1330149260133586
3,2010,GF39_3,GF39,717500.4446435908,6197499.865260167,Cluster 3,0.1970218117913375,0.3278733515473362,0.13085153975599872
3,2010,GF43_3,GF43,722500.3839188339,6167499.73768856,Cluster 3,0.24155319146418608,0.2902564950924808,0.048703303628294725
3,2010,GF44_3,GF44,722500.3996769824,6172499.762351516,Cluster 3,0.19493735152324354,0.27665797146964693,0.0817206199464034
3,2010,GF45_3,GF45,722500.392806392,6177499.732873452,Cluster 3,0.2545069257418452,0.3058035490508512,0.05129662330900603
3,2010,GF46_3,GF46,722500.4176988797,6182499.763599473,Cluster 3,0.2339422464665174,0.3399769850418038,0.10603473857528639
3,2010,GF47_3,GF47,722500.4144617681,6187499.740026254,Cluster 3,0.19941815954097827,0.293611807160578,0.09419364761959972
3,2010,GF48_3,GF48,722500.4373197008,6192499.776501604,Cluster 3,0.17946112418022916,0.27627245486753926,0.0968113306873101
3,2010,GF49_3,GF49,722500.4265400727,6197499.758516749,Cluster 3,0.17282963655366787,0.24759141656468972,0.07476178001102185
3,2010,GF52_3,GF52,727500.4398205662,6162499.722201364,Cluster 3,0.163735736195807,0.2864602659879418,0.12272452979213477
3,2010,GF53_3,GF53,727500.422905934,6167499.781335341,Cluster 3,0.16752221123462846,0.25731135092041846,0.08978913968579
3,2010,GF54_3,GF54,727500.4332192165,6172499.789807921,Cluster 3,0.25153333265659966,0.3148204771754977,0.06328714451889805
3,2010,GF55_3,GF55,727500.4050477121,6177499.7442593165,Cluster 3,0.24469724655800199,0.27803481041476935,0.033337563856767366
3,2010,GF63_3,GF63,732500.4427733541,6167499.720322601,Cluster 1,0.23169269482773241,0.26552016005557605,0.033827465227843634
3,2010,GF74_3,GF74,737500.391410232,6172499.777421679,Cluster 1,0.38292971443090723,0.4901744115312381,0.10724469710033085
3,2010,GG00_3,GG00,702500.2513107894,6102499.486564997,Cluster 3,0.1846929621708103,0.28747055655398085,0.10277759438317055
3,2010,GG02_3,GG02,702500.2698174989,6112499.49328954,Cluster 3,0.1419050046083929,0.2127404551830763,0.0708354505746834
3,2010,GG05_3,GG05,702500.2956471718,6127499.520004621,Cluster 2,0.22218406845428468,0.3034030277859555,0.08121895933167084
3,2010,GG06_3,GG06,702500.3418263504,6132499.602145045,Cluster 2,0.16699096407878294,0.23715728944361839,0.07016632536483544
3,2010,GG07_3,GG07,702500.3223454107,6137499.624233186,Cluster 2,0.19148813956735328,0.2866089663188975,0.09512082675154421
3,2010,GG08_3,GG08,702500.3565356643,6142499.703241566,Cluster 2,0.18494744120043213,0.1913955725174638,0.0064481313170316745
3,2010,GG09_3,GG09,702500.3203636502,6147499.722061222,Cluster 3,0.1408112775122169,0.26994945610586113,0.12913817859364424
3,2010,GG10_3,GG10,707500.2241910483,6102499.477378527,Cluster 3,0.2410627067487982,0.29122599369333735,0.05016328694453914
3,2010,GG15_3,GG15,707500.2865024854,6127499.528984483,Cluster 2,0.21412386865209046,0.30594245381168683,0.09181858515959637
3,2010,GG16_3,GG16,707500.318123319,6132499.54965108,Cluster 3,0.12750251595729314,0.18964021987206575,0.06213770391477261
3,2010,GG17_3,GG17,707500.3267206545,6137499.624520913,Cluster 3,0.16013628489578485,0.21689540413224984,0.05675911923646498
3,2010,GG18_3,GG18,707500.3150847398,6142499.642302799,Cluster 3,0.14605753079202524,0.23317041289825538,0.08711288210623014
3,2010,GG20_3,GG20,712500.2716980586,6102499.364975292,Cluster 3,0.1581793597379458,0.21330854684264824,0.05512918710470244
3,2010,GG25_3,GG25,712500.2981323673,6127499.478503297,Cluster 3,0.1312278251633948,0.24272433742887162,0.11149651226547683
3,2010,GG26_3,GG26,712500.3120173198,6132499.558293428,Cluster 3,0.13738850908711747,0.18697063661823735,0.049582127531119874
3,2010,GG27_3,GG27,712500.3559583894,6137499.584229157,Cluster 3,0.12297802806421128,0.2261567974444301,0.10317876938021882
3,2010,GG28_3,GG28,712500.3586284099,6142499.664407933,Cluster 3,0.14241289079048053,0.25624586609855693,0.1138329753080764
3,2010,GG30_3,GG30,717500.2710031869,6102499.364961077,Cluster 3,0.18383032481081923,0.2009801621641764,0.017149837353357178
3,2010,GG36_3,GG36,717500.3444608465,6132499.516067203,Cluster 3,0.14656236678623763,0.1871297340482407,0.04056736726200308
3,2010,GG37_3,GG37,717500.3570528256,6137499.610675284,Cluster 3,0.13408656247201073,0.24959119604441604,0.11550463357240531
3,2010,GG40_3,GG40,722500.2426872866,6102499.365112122,Cluster 3,0.17363658802768217,0.2023126358529308,0.02867604782524863
3,2010,GH06_3,GH06,702500.1535418842,6082499.562371342,Cluster 2,0.23044277616064487,0.2889518617669321,0.05850908560628723
3,2010,GH07_3,GH07,702500.2055944144,6087499.491482163,Cluster 3,0.1755060776226076,0.3019261909221969,0.12642011329958933
3,2010,GH08_3,GH08,702500.2079264515,6092499.47235032,Cluster 3,0.1669261298697098,0.2087867053363717,0.04186057546666189
3,2010,GH09_3,GH09,702500.2222932067,6097499.507805596,Cluster 3,0.2158486694942506,0.24609397322618212,0.030245303731931517
3,2010,GH17_3,GH17,707500.1620744534,6087499.459011547,Cluster 3,0.1639728832646641,0.21443662262808572,0.050463739363421606
3,2010,GH18_3,GH18,707500.2048840352,6092499.4855571035,Cluster 3,0.14748844899675898,0.20433695891494552,0.056848509918186546
3,2010,GH19_3,GH19,707500.2494126634,6097499.455617712,Cluster 3,0.22125201697945454,0.28814959550703534,0.0668975785275808
3,2010,GH29_3,GH29,712500.2161125919,6097499.396182269,Cluster 3,0.21100404949257884,0.25688374658586793,0.045879697093289096
3,2010,GH39_3,GH39,717500.2017694439,6097499.331568221,Cluster 3,0.1557189091666693,0.19249318467183493,0.03677427550516563
3,2010,GH49_3,GH49,722500.216261824,6097499.372189741,Cluster 3,0.1620516890458554,0.27376952796513465,0.11171783891927925
3,2010,GH59_3,GH59,727500.227613787,6097499.180401683,Cluster 3,0.15925979792065592,0.2612349745133061,0.10197517659265015
3,2010,HA03_3,HA03,865472.2272740616,6117457.74120337,Cluster 3,0.20617624583565813,0.24483175325576245,0.03865550742010432
3,2010,HA04_3,HA04,865042.1703744105,6122447.22532909,Cluster 3,0.21924961898615267,0.24629645994555702,0.02704684095940435
3,2010,HA05_3,HA05,864612.115336128,6127436.838485431,Cluster 3,0.1664006767312268,0.2739638986466974,0.1075632219154706
3,2010,HA06_3,HA06,864181.8076420787,6132426.559736473,Cluster 3,0.18439298642443738,0.2173312530356881,0.03293826661125071
3,2010,HA07_3,HA07,863751.2660785005,6137416.166926846,Cluster 3,0.1810510716026561,0.30243179930375363,0.12138072770109753
3,2010,HA13_3,HA13,870461.7980367357,6117887.195561998,Cluster 3,0.17650419923582172,0.21880201650165307,0.042297817265831344
3,2010,HA14_3,HA14,870031.9513802049,6122877.127863388,Cluster 3,0.18671814636251288,0.19640988408945317,0.009691737726940292
3,2010,HA15_3,HA15,869601.845051859,6127867.055503114,Cluster 2,0.20384726362063163,0.20622734687399333,0.002380083253361698
3,2010,HA16_3,HA16,869171.5430810943,6132856.983802248,Cluster 3,0.17411849557843767,0.21460916427884666,0.04049066870040899
3,2010,HA17_3,HA17,868741.0008366904,6137846.685305342,Cluster 3,0.18439902465030142,0.23685059893143137,0.052451574281129953
3,2010,HA22_3,HA22,875881.8221458339,6113327.073579225,Cluster 2,0.2105824947750071,0.22442289489452918,0.01384040011952209
3,2010,HA23_3,HA23,875451.795731092,6118316.966683082,Cluster 3,0.15641510994607996,0.2129493437049109,0.05653423375883093
3,2010,HA24_3,HA24,875021.9214742357,6123307.113310843,Cluster 3,0.1815594445969038,0.297953350689574,0.11639390609267022
3,2010,HA25_3,HA25,874591.8354984492,6128297.258993814,Cluster 3,0.17128726163524352,0.2455678951109148,0.07428063347567129
3,2010,HA26_3,HA26,874161.4745486901,6133287.398365342,Cluster 3,0.18054906484659292,0.26226525564541353,0.08171619079882061
3,2010,HA32_3,HA32,880871.8114806362,6113756.340020944,Cluster 3,0.16334456961603175,0.24201281460249707,0.07866824498646532
3,2010,HA33_3,HA33,880442.1265315809,6118746.823881969,Cluster 3,0.19595152528185547,0.19944146640813307,0.003489941126277596
3,2010,HA34_3,HA34,880012.2234439113,6123737.194118903,Cluster 3,0.2052314046424793,0.305718722828864,0.10048731818638468
3,2010,HA35_3,HA35,879582.029386323,6128727.556359625,Cluster 3,0.18913065740431317,0.20464538005271532,0.015514722648402146
3,2010,HA36_3,HA36,879151.6814159437,6133717.810436713,Cluster 2,0.22680632259579916,0.26618181750266945,0.039375494906870284
3,2010,HA42_3,HA42,885862.3873392998,6114185.928670378,Cluster 3,0.17006557563055247,0.2169426520914661,0.04687707646091363
3,2010,HA43_3,HA43,885432.6339030144,6119176.530447572,Cluster 3,0.19183290405944195,0.22399476128969376,0.032161857230251806
3,2010,HA44_3,HA44,885002.6913537935,6124167.24465621,Cluster 3,0.22229135160220248,0.2575606625615538,0.03526931095935132
3,2010,HA45_3,HA45,884572.525051827,6129157.732566417,Cluster 2,0.2016026721146011,0.2263829038612265,0.024780231746625414
3,2010,HA52_3,HA52,890853.2009991016,6114615.586654353,Cluster 3,0.18587556775370873,0.27853324294811627,0.09265767519440754
3,2010,HA53_3,HA53,890423.4322463954,6119606.432185382,Cluster 3,0.17672299891592563,0.23688433435600267,0.06016133544007704
3,2010,HA54_3,HA54,889993.4047017333,6124597.271928037,Cluster 3,0.15914838215038934,0.24207302099980715,0.08292463884941781
